"ialpha","ibeta","ifold","irep","seed1","seed2","seed3","seed4","seed5","seed6","seed7"
1,1,0,1,10407,-1581034598,-935148461,-2050855560,1773715737,-874912250,875659471
2,1,0,1,10407,-141673197,-401724418,1110608115,1835109492,1670679360,1985018575
3,1,0,1,10407,-1378910373,-1437719513,-1432172682,-2126248351,-406853840,-966133304
4,1,0,1,10407,1389086034,-989172674,961963887,-1023691886,202312224,-642116315
5,1,0,1,10407,1517733929,1808399074,807511475,-2113871522,619300597,1654356304
6,1,0,1,10407,-140976924,-1237848841,-1048338596,259289310,1472327704,1679723945
7,1,0,1,10407,1574497283,-2073087167,1485415301,781793815,1760077782,1566138356
8,1,0,1,10407,-863557564,342758933,529550253,1281120640,-580401283,-30631386
9,1,0,1,10407,-545023818,-406258666,1666390780,1419053056,-981666745,1940267594
10,1,0,1,10407,13356921,1862940239,1534594391,1699254252,2054740350,1124949273
1,2,0,1,10407,-1167464746,1669940845,596765859,-1179228408,-2014905993,-173579564
2,2,0,1,10407,778373025,630509789,1500709649,-993149854,-1456684547,-11215904
3,2,0,1,10407,478169163,-1888680535,754057686,1077873256,1033924510,-828195006
4,2,0,1,10407,-1819643161,1579347554,-1473806615,409436810,1854728229,-611269662
5,2,0,1,10407,1399133400,1572239095,445773759,83613345,1656565249,1541288727
6,2,0,1,10407,1910213425,2064567590,1758487334,-2108542277,-1116456046,1560897710
7,2,0,1,10407,-1248491754,210853366,1083473864,-2058911577,-450041079,424572884
8,2,0,1,10407,1120762559,-1854010626,1078339572,1175460893,773772284,-1125166193
9,2,0,1,10407,84637993,1597012932,109191451,-1733498224,-892737346,1186946512
10,2,0,1,10407,211297888,157937426,-662718625,1068495101,559325356,770334423
1,3,0,1,10407,-1097011470,373913066,-1660594732,-525922065,-1885084087,-1127140478
2,3,0,1,10407,29964569,1956207920,1377246409,1017129791,2045500532,782255116
3,3,0,1,10407,1966377820,665135440,-1777417682,845061176,1126139530,134943906
4,3,0,1,10407,-1962802758,-1166524499,1073362278,204303337,-283323130,-643761698
5,3,0,1,10407,1165640177,-555756827,471087239,81412336,-224424394,-1311949232
6,3,0,1,10407,-1847180837,1763469427,-977621597,-906590546,1594638323,-1205119838
7,3,0,1,10407,2043934997,1173658307,591872934,-383299844,-492270950,-103766537
8,3,0,1,10407,2115996474,-892783612,-1899326670,1520032499,-939774203,-348589800
9,3,0,1,10407,-366088768,-301895276,830358231,-1438605475,-596290992,-1155798978
10,3,0,1,10407,-1421339282,1028701472,-2042231941,-722225226,-422748351,2141808074
1,4,0,1,10407,-1807693458,-869928575,2006841812,-365604778,-1771394916,-1805881042
2,4,0,1,10407,1370858118,275045391,1135411167,183567851,1251318721,942100533
3,4,0,1,10407,-779700462,-798922351,-1521682485,-1456607631,873834593,910964528
4,4,0,1,10407,-2083416012,181001391,-781049591,-1248236651,-2019720906,-1327869156
5,4,0,1,10407,1878374398,1578691978,1751320945,1350652891,-2117494780,1969111628
6,4,0,1,10407,1021173016,68415960,-1103505930,-114862700,-2014073250,306004196
7,4,0,1,10407,10392823,1503951349,1280262825,896265891,233807600,-978594958
8,4,0,1,10407,700422878,-994610368,1956011352,-1131822276,297967629,1432927287
9,4,0,1,10407,-241483745,-1376836112,-187773233,489929328,-1361279245,-1733494597
10,4,0,1,10407,2112493016,-340417464,-42457477,-807463609,2113054359,1381690581
1,5,0,1,10407,-605507116,536059817,1033986041,1484728648,-76715603,648979476
2,5,0,1,10407,-1924403172,765006137,2110868675,-367840243,-1857339685,-164181681
3,5,0,1,10407,1723270797,-679162760,-756015785,-1698602341,465721877,2030460512
4,5,0,1,10407,994769689,1316734089,-340123389,-1698916950,2041513429,-208188958
5,5,0,1,10407,-2068053769,1836450393,-649986965,-1745007388,1145507548,2139404950
6,5,0,1,10407,-89706382,-363428916,-1394051133,-980972212,1919161600,-491390914
7,5,0,1,10407,-644859414,435882800,97133969,325970252,-1296777721,-1401916842
8,5,0,1,10407,1493369992,-275402689,-1425268103,1423979722,-727136828,138106803
9,5,0,1,10407,743637340,-1523747922,-2069031477,-1610085259,-664474847,-40301546
10,5,0,1,10407,-1491301506,-510607874,993935016,-442985419,-1025386411,1332425517
1,6,0,1,10407,-975854524,1247871064,-2083814017,-1357956217,-1316333634,-532318072
2,6,0,1,10407,283417449,-643898752,1821934232,912038780,-473204447,-1056101037
3,6,0,1,10407,-670540785,1646098260,-196229501,-2063025323,-830915825,2110693246
4,6,0,1,10407,-170798854,1736238641,-2065215531,926477259,-482434604,1801986711
5,6,0,1,10407,1870658460,1183343208,-1696580368,-150514229,140977649,1345733089
6,6,0,1,10407,1809903907,392530655,-2018265459,-834835248,-1531061236,30532921
7,6,0,1,10407,1634699195,-717402306,127780039,-1464859274,422374666,-1303443667
8,6,0,1,10407,995130668,971993679,515775737,-1166881869,-1170523158,-1688015382
9,6,0,1,10407,476115701,426897303,-1410832602,243836385,862329405,1045404763
10,6,0,1,10407,437562447,895204437,1501794056,1384497303,24887035,-1912183706
1,7,0,1,10407,-936604527,-1978744091,1048931742,-1509970024,-166884116,-586397225
2,7,0,1,10407,2099116596,589006274,-1565794116,-1436583770,1465476410,-654489523
3,7,0,1,10407,532372912,-897140780,391486967,36894811,-584950879,403211128
4,7,0,1,10407,660737310,464515951,-1820117152,1292703131,-1423662852,658492586
5,7,0,1,10407,1272196221,-1853019003,2107695625,-2056446205,-575971755,1846790092
6,7,0,1,10407,-491595762,-881108257,997929429,1646762743,1516348685,-453977712
7,7,0,1,10407,1578358714,334074035,1404531190,1679620383,-62157080,-383935222
8,7,0,1,10407,72695209,-424862029,-105046979,1810805980,1456382505,-2061938619
9,7,0,1,10407,1935082621,506381160,351035943,324569067,309581111,-850652266
10,7,0,1,10407,1210775816,-1117924454,1126159518,1528598879,-1410952477,-2008348700
1,8,0,1,10407,653262894,-1937914729,1726146005,-4883383,-1428445434,17570622
2,8,0,1,10407,2123780545,-1710168225,-1060957800,1961975819,-1048777783,710131606
3,8,0,1,10407,980415898,1210377688,-1392419606,-620593214,1700374012,-165585359
4,8,0,1,10407,-629582482,1258391862,-2096311809,-1475929951,522649289,-1360999252
5,8,0,1,10407,-410143619,-1641027283,593867854,-1707617581,-1798831615,-843537854
6,8,0,1,10407,95979977,-501695251,1582558837,-1386185825,-1302188841,641648554
7,8,0,1,10407,535467632,831364987,2031979106,190735925,1419064897,1279160561
8,8,0,1,10407,-947891290,-917115137,1788230388,1317779266,1492041782,925360816
9,8,0,1,10407,-190692308,-1530896651,1384207991,1327632852,-584968347,-332379603
10,8,0,1,10407,1964234371,158480383,349946636,-2101941720,631775267,2138493168
1,9,0,1,10407,998203851,-1070962773,-1932784831,-943330813,-260535516,844715664
2,9,0,1,10407,-639955026,774649496,742315226,1923689995,361643147,745549962
3,9,0,1,10407,725760580,598990459,377604385,-183978703,-1706726789,-1756126850
4,9,0,1,10407,1393871163,1712133707,578745658,-1747312924,-1300813214,64068251
5,9,0,1,10407,-903749832,-497560868,-1595470103,-1952803097,-796512597,-315586792
6,9,0,1,10407,-52939605,-106850918,-1179382325,-1021052582,-380586710,-768122232
7,9,0,1,10407,1163034226,1777335732,29166468,-2141356742,-1462135046,-338570569
8,9,0,1,10407,-1929004926,-148876501,1826301519,-1491459310,1097228942,-1432778257
9,9,0,1,10407,-1042226932,-261032649,179358500,2000758445,10718057,900131374
10,9,0,1,10407,839288181,579901893,2117001785,1736698532,-1639788288,561976408
1,10,0,1,10407,-198018255,-283873702,8835186,1767188817,-1206266196,-472397081
2,10,0,1,10407,1120604280,-1923896576,946647057,13338571,-1904086171,967443098
3,10,0,1,10407,-1733712602,2041046611,762322049,-1927994407,-1729525,-1278372869
4,10,0,1,10407,-722243207,-828300176,-952114251,946506721,1287881684,-1015559187
5,10,0,1,10407,162068178,-567089815,1612761887,-641008232,700002394,-1907411375
6,10,0,1,10407,363950550,1823569664,1969048371,-219350321,303418897,-171272161
7,10,0,1,10407,229748093,1868246783,-1978352108,-855914517,-1234866735,-1840996025
8,10,0,1,10407,-526323137,-1769469459,-215826994,-1383066191,-399282338,19917010
9,10,0,1,10407,727499424,199717035,-1796445985,324517302,573835015,1874935544
10,10,0,1,10407,560414180,-257811499,261031394,1885225623,-1830991461,-1433083967
1,1,1,1,10407,-485788507,640862288,365399662,951502072,1651420312,866178097
2,1,1,1,10407,-1388803613,-425023993,1982663807,324060866,-1557811282,280116725
3,1,1,1,10407,-1578519401,2102690431,1595884659,842260427,575433418,-1553996454
4,1,1,1,10407,1352054376,-1864165849,-1392726468,1722166548,-1650275021,2023607060
5,1,1,1,10407,-90909681,-1267768252,-606746351,-1664758830,-1330409189,1591069231
6,1,1,1,10407,408941209,1256592877,-1771065343,1329176449,-403969167,-484869153
7,1,1,1,10407,691977855,-1177341759,1946437959,1587569498,1827525841,1731136473
8,1,1,1,10407,-209452375,-477604974,-1327138515,-519760471,-1339449038,-1975793709
9,1,1,1,10407,1161320386,-1050154698,-1298375111,-972659482,1644416665,915849136
10,1,1,1,10407,1402048738,-27285836,-598584067,-1984112667,-60747165,-507966259
1,2,1,1,10407,1785663904,259249260,-1436771983,-974316576,885096754,-1639681591
2,2,1,1,10407,836915288,298242912,-1152592264,-725338719,-665333140,-291548835
3,2,1,1,10407,-1442244830,-230769904,-86093469,1390601835,482344673,-803374911
4,2,1,1,10407,-1711017742,-1892259506,-1530262710,-63669005,-704869073,180947100
5,2,1,1,10407,1071542433,-508374293,756631131,-48362912,33901766,491269110
6,2,1,1,10407,-1536767397,-1972088937,-634367110,1660203229,-688432249,48215418
7,2,1,1,10407,-1330035750,485686400,-46665053,-716586471,832390830,283996930
8,2,1,1,10407,-653232831,-972996645,-902237848,1384235472,-1794896096,797743576
9,2,1,1,10407,750142414,-1958390871,-424855276,2137919316,-179425090,-941374452
10,2,1,1,10407,-455853893,1340318111,2143716050,-2012938182,-1823349752,-1558150602
1,3,1,1,10407,-1792517454,1741172277,724382300,464787177,1465359778,-1902412305
2,3,1,1,10407,1061919426,-820889807,-89170023,2121097515,1831698134,-1248962345
3,3,1,1,10407,-721016284,1130167059,466781744,-1673388061,689620678,1067093344
4,3,1,1,10407,-1630464753,2050206625,-276853586,28633199,1051793818,385591345
5,3,1,1,10407,-306468463,868638503,1051901812,-1334461079,-58198699,-1722314885
6,3,1,1,10407,1893596797,-1845039404,464246708,32409606,-90950317,1757578161
7,3,1,1,10407,1444284422,1880145065,567312737,-355535212,-1528451123,-7072797
8,3,1,1,10407,1402983527,343297285,-826749625,-1831912360,2003537381,-632180352
9,3,1,1,10407,-1715188968,-1174973724,958906139,-605625277,-126676579,564667151
10,3,1,1,10407,-1477312461,-1757197003,-694675433,1003394020,1308830174,-1729768815
1,4,1,1,10407,2106246524,-1565634172,544162603,-1224985064,281004988,-11125766
2,4,1,1,10407,1416535138,1053222816,-1517936014,1472157515,452337623,1839383559
3,4,1,1,10407,647396186,-36560101,1195534170,-1250711458,-306551221,104443543
4,4,1,1,10407,-859640152,-1484880587,214000108,1497466708,1369713089,1068624431
5,4,1,1,10407,2144080809,-1012906312,1534598549,1845484656,1877261937,-1160268287
6,4,1,1,10407,-410646304,377574681,-1374854509,1348792195,1229343658,-1185654399
7,4,1,1,10407,894895838,2044256840,-218316065,1215260230,-168532394,-44467884
8,4,1,1,10407,-71708975,-981584700,-1916640370,-1851818105,1935446966,-466165000
9,4,1,1,10407,-1489087516,-902879891,1436252696,307719001,-59812871,872786880
10,4,1,1,10407,-1367656918,301191646,806454937,1027066642,-642890962,-1501731221
1,5,1,1,10407,-587156816,1653982406,637293627,1018266214,822260524,1554291428
2,5,1,1,10407,2082622773,1472906401,706679422,1812760500,936603786,633925957
3,5,1,1,10407,-1089482487,1736190473,2006699616,-2119030248,-310919221,-1054384831
4,5,1,1,10407,-1991745227,-630872465,1948813497,2077203449,1933118602,783984955
5,5,1,1,10407,1073341496,-1969810645,-1891846403,991409931,-608192305,-2047970384
6,5,1,1,10407,-154935507,1022624251,1852566987,975481918,2119880239,-669901710
7,5,1,1,10407,122094200,319881023,1679418315,991278950,84284860,-2006945906
8,5,1,1,10407,473176169,78620548,743558556,-907024623,-1562549059,991192119
9,5,1,1,10407,-1353383576,-1881634126,-1871312821,171537900,75416416,-964341390
10,5,1,1,10407,348343912,1353396442,-114972857,-115583058,-2058832978,-713848758
1,6,1,1,10407,-111550510,-352559810,-116679068,623116716,1281977603,-1782627836
2,6,1,1,10407,1038593573,1973177513,-733310292,-560336140,-581731412,568676343
3,6,1,1,10407,1108593027,1478501642,1083618541,1542310267,-627046053,664746618
4,6,1,1,10407,-948191337,1888048666,1806003675,-171272726,457122467,-889523929
5,6,1,1,10407,1560370984,-1834599235,-826644645,-631360081,-1438603563,875878370
6,6,1,1,10407,-1711743807,-2046894027,1900496064,-290187044,220579277,-1423747424
7,6,1,1,10407,340018637,1568820726,1422327913,1941336505,-584458656,-1204760698
8,6,1,1,10407,841090764,1423240677,-1277899665,-299042232,2042944155,1185091090
9,6,1,1,10407,885656031,-2038833655,845777289,1296204509,759786719,1772829317
10,6,1,1,10407,-2107173472,1317679211,167756963,569799095,-1916733104,-1495019870
1,7,1,1,10407,1197492206,-616557560,1739036841,762836108,-773798816,-1205901519
2,7,1,1,10407,-2126941782,1767506660,2137513454,-1667886948,172240528,215876638
3,7,1,1,10407,-1444796378,366732505,1495712423,631654109,-1969798169,1994180165
4,7,1,1,10407,-706396898,1796958221,1733449058,-1027077150,387446924,1641141012
5,7,1,1,10407,796882573,1414084323,-20490231,-1104334239,1963035452,-2038191658
6,7,1,1,10407,1231477150,-1260847514,2025867766,1823036678,-545268103,-364244028
7,7,1,1,10407,1881858470,-1845550331,1679971296,-999612944,-216962768,1749589028
8,7,1,1,10407,-1866258379,460419873,-2139814836,-2116559404,-561855323,-555444303
9,7,1,1,10407,-1725976869,618755503,-748473601,1624989133,-792046549,2092758346
10,7,1,1,10407,208039228,-1148423337,-612881768,1052828811,1737899857,-1984415186
1,8,1,1,10407,-785581150,214411520,312747509,2098136336,-306130444,1164472022
2,8,1,1,10407,-585901825,1979968097,-585800072,642216646,-2004531633,-745065556
3,8,1,1,10407,1860419013,-222123613,950223757,-1462856810,-99953323,1436529316
4,8,1,1,10407,-15880916,817483899,1350205822,1594696037,-2008745512,-87373559
5,8,1,1,10407,1147485167,1260534066,931955990,-549025895,-66383789,-1598560938
6,8,1,1,10407,-1612141389,-570515717,-1397478508,298024746,425349594,2057076603
7,8,1,1,10407,-910362649,1330479127,225933132,1588911369,-870035184,-15301852
8,8,1,1,10407,-28917098,1026578669,-732111035,-109034275,-679910003,704178753
9,8,1,1,10407,-1903658400,-1498518889,-1814704463,640570067,912683219,1197152535
10,8,1,1,10407,-2144409323,-882949100,568935505,-2100173826,-1083798853,-2101796869
1,9,1,1,10407,564559619,1315478397,1491764667,1851380395,972124019,2042889807
2,9,1,1,10407,-1668790015,-1718624799,1961402192,-178458804,-1386610245,1786201193
3,9,1,1,10407,-1787632310,2096414627,-486256243,-1931010503,-2122415897,161400695
4,9,1,1,10407,1900349538,-566556289,-1629451693,673785666,977201625,314378537
5,9,1,1,10407,762944191,-1624217359,-1305075535,-1860826202,-2047376576,1408953446
6,9,1,1,10407,775435250,1543243489,-169425299,-200291140,-882807610,550383184
7,9,1,1,10407,389812975,283690727,-232199316,1063955164,-125373372,-884578303
8,9,1,1,10407,-345388144,-174117640,-1538114916,2083898533,1973266366,294156610
9,9,1,1,10407,936960854,-777238085,-2023028745,-193173868,1172699358,776195538
10,9,1,1,10407,920330414,60156903,816534127,1812597886,-1944289886,658340968
1,10,1,1,10407,-153954079,1257878257,-1331647070,1792408337,-1596473973,36404027
2,10,1,1,10407,1423302648,-66250353,-933872201,-1064161098,1807958152,-1293300381
3,10,1,1,10407,-1787577775,-1887287671,-439954814,-1308175363,933989865,-864951334
4,10,1,1,10407,-1746420291,-1110952138,1456754463,-12629177,193335879,-1754366225
5,10,1,1,10407,-241643819,146541607,975797677,-1031090649,427394311,-369429780
6,10,1,1,10407,1246532147,1912524870,-1611986431,-2048255113,526982584,-524234880
7,10,1,1,10407,-166137174,719479592,437939894,2096497044,-2075460632,-651965270
8,10,1,1,10407,-1913492969,1718900541,1562098553,-1931855989,923402265,-313108636
9,10,1,1,10407,958435112,848065180,435983786,-1868487874,-258953200,-1946481426
10,10,1,1,10407,1126804966,1325210701,-691747842,-898190189,-448627490,-2106029500
1,1,2,1,10407,1710018248,-1813212817,1666423779,1531252633,40212915,-1868758871
2,1,2,1,10407,756041798,1277705319,832822206,-1722240570,-273922754,-1239393852
3,1,2,1,10407,32387811,-1074526681,1679592413,780283344,779188710,-580806580
4,1,2,1,10407,922171321,1322598967,815817395,715654442,-22399913,-2110617616
5,1,2,1,10407,712627397,1111124513,-2038013501,1192531478,271821869,2022291568
6,1,2,1,10407,-1001656071,-639698498,-1325821641,-2006052529,262741394,-654288106
7,1,2,1,10407,-1542588665,1036462380,-956182402,1636688208,1965311779,-732152082
8,1,2,1,10407,-851657844,-1194076191,1400597296,1071234583,151418193,-1384615751
9,1,2,1,10407,1885942539,-302910743,903290967,-1187741613,1731908364,-755089943
10,1,2,1,10407,-2049485906,1385004618,192119242,1002507944,-1578866542,789760108
1,2,2,1,10407,-1728193255,933371636,562283299,-1559795536,-333632652,1700957007
2,2,2,1,10407,146505251,-900929606,771253999,1789897359,-1939457394,-2089077452
3,2,2,1,10407,-374216682,271006627,206774396,1988337743,-13325507,-1275070847
4,2,2,1,10407,1843455156,875170627,9168188,1221205102,1038530961,1688619626
5,2,2,1,10407,-1330560379,901996955,-286676734,-902812230,-470663041,-1321562311
6,2,2,1,10407,499338960,-501099467,928506009,601149193,-898288489,1958160036
7,2,2,1,10407,-972511139,1307182925,1569350857,999405528,1413655084,1413831047
8,2,2,1,10407,-156265591,1018002789,-1126953293,-1795608966,710914973,1354766551
9,2,2,1,10407,-724531542,-1580079421,-1513980436,1125688253,740023157,1483157931
10,2,2,1,10407,853051415,577895926,-275311034,625350867,726571798,-764899509
1,3,2,1,10407,28590456,-1563973947,1206732442,-727298323,335818879,-13137899
2,3,2,1,10407,1169013534,-1179823334,1784370652,-1867318422,1736179452,90039589
3,3,2,1,10407,-1822666850,-268470003,-957972857,1654571197,1910931033,-1000507964
4,3,2,1,10407,-440469298,-1433784687,918136966,-475946331,708923855,-1925426319
5,3,2,1,10407,-980478566,-1099565197,706000841,1380476795,1625914177,-2017859884
6,3,2,1,10407,-219320792,1511370212,-1322473411,1882911987,724083757,1140306493
7,3,2,1,10407,19935897,1623840383,908957962,2014535903,1219861797,-885270634
8,3,2,1,10407,-418274760,-1259567928,-332600047,1687895554,-83033202,-608029264
9,3,2,1,10407,-1986931872,1748633169,912404747,-1780169196,-763098641,1091379548
10,3,2,1,10407,-2022920899,1431241762,1707394521,1312367612,-333763540,1931466909
1,4,2,1,10407,-2073008349,1410268497,-1421779875,-402095849,-1031875891,1727936233
2,4,2,1,10407,-1243894010,855846138,-1335768665,-773709605,1130398510,137326776
3,4,2,1,10407,-112083641,101874954,-58631596,1373704637,442505240,1702318563
4,4,2,1,10407,1906477327,-1207236014,-778565064,-103014133,-267782922,-427796070
5,4,2,1,10407,1407547628,-1016579299,1252758612,-1149196138,2118156922,-1290561547
6,4,2,1,10407,1637409020,-868012984,-39746006,-1441983887,284642557,-1563525471
7,4,2,1,10407,1632434767,969229581,834745246,-876653343,-310480805,-1042801000
8,4,2,1,10407,111840615,793766456,-669615744,361054011,-859757686,126335940
9,4,2,1,10407,867507208,627482043,204697174,400643808,-58056111,-320588095
10,4,2,1,10407,-1906015935,-1932125826,980593168,387350775,-13507638,1807859605
1,5,2,1,10407,504592431,-1758396343,1768791413,-1292111255,1581090058,1981214458
2,5,2,1,10407,-268403353,-1137308950,-296361680,-1887255991,1370408897,1286302787
3,5,2,1,10407,-2104888576,255985699,733550985,-956173134,-698571210,453039816
4,5,2,1,10407,-1084083022,1953429534,-1539159827,-400933289,-1853278082,-1899375673
5,5,2,1,10407,-1471880055,-1425014340,-1304495755,1857284454,70678596,-1478003165
6,5,2,1,10407,-1460266605,-1180518112,-1865603704,-304508675,-455487286,-1972224002
7,5,2,1,10407,856912997,-693100560,1114944955,-1128296987,-201449840,2127898946
8,5,2,1,10407,-727458463,-940508185,-156071929,743945999,1179097781,1131094711
9,5,2,1,10407,-336209011,1238884769,1254115377,-1025644594,-845506304,-399650559
10,5,2,1,10407,-500554287,1906914487,-1310447512,61826620,108067635,-811096611
1,6,2,1,10407,-87662025,689718851,1275901,-239635525,-2145860236,-220159549
2,6,2,1,10407,-576593867,658405233,-1032066082,1852913162,1500390805,-776955000
3,6,2,1,10407,1951105694,1403624363,-1669386207,-1835031288,566795109,-2126612269
4,6,2,1,10407,-1130677326,-1945459276,-1449124700,808126029,-1300965798,-52169469
5,6,2,1,10407,-511664011,-890654348,-646584727,201390140,-588410300,-1657044809
6,6,2,1,10407,-512996087,2079089049,314717621,-972298415,-749695355,970218389
7,6,2,1,10407,877736614,-574555777,-1615687412,-261610848,-1787651157,-1164358497
8,6,2,1,10407,-518726076,-861395939,1288197083,-1057603594,603381940,1183500440
9,6,2,1,10407,-1116958763,247785266,-1348547371,1670606417,1293199151,-1732312587
10,6,2,1,10407,-2034543468,-1093395682,433721074,-837614532,-1685618150,-1717763463
1,7,2,1,10407,-1508730444,-2028823330,-1654643286,660839265,1475538648,977213880
2,7,2,1,10407,2016867028,-564657599,829291091,742998196,1755385290,2136027593
3,7,2,1,10407,2143920281,-100007645,844956240,301487421,664651994,2029172207
4,7,2,1,10407,-1513640177,-1175994940,397328990,-1869723765,339339848,-157257871
5,7,2,1,10407,1044499115,-1369444022,86647828,-844416145,1408083389,1002977872
6,7,2,1,10407,894608853,-838277795,-754195800,1993417193,956199954,884740548
7,7,2,1,10407,-1919460118,-1534037249,-1813725117,994965782,-2026335870,358971980
8,7,2,1,10407,-358336823,-1144125837,-1368625485,-165937590,1369728904,432761419
9,7,2,1,10407,1808954831,-1593131088,-1723158107,1500333457,-1186405754,-1488427951
10,7,2,1,10407,181427638,1056089875,212706525,-1728209021,1127373976,425396949
1,8,2,1,10407,-2107326752,967881377,-26739434,-2138216512,-1324549661,667690869
2,8,2,1,10407,-1151933515,-69583116,-1148380582,-1348793470,-993201432,-777284082
3,8,2,1,10407,320370211,1588673520,-1672223184,2061313969,388720116,-887385467
4,8,2,1,10407,2096029556,-129000907,-1431254259,-1087807620,958645292,-1062856641
5,8,2,1,10407,273024243,1949799872,-279071422,-1096169900,-1288872007,14403863
6,8,2,1,10407,-657720024,-681870092,-1108790227,-1657055251,1388679943,1500510732
7,8,2,1,10407,1999553598,851314269,-190067328,-975022332,1864404568,-1551480053
8,8,2,1,10407,-994081599,-1558614251,2017934296,-250054158,2118651593,-1365083519
9,8,2,1,10407,-1613114623,-399274717,-977669839,-1662650649,211518202,-1218432401
10,8,2,1,10407,-1019167627,-1706311541,-30499912,782787187,35686044,1332585284
1,9,2,1,10407,652388310,346926288,-1746057059,-2042280632,-1050898514,-1728248410
2,9,2,1,10407,1072024446,-522338111,-1584061313,616582555,-1840269734,444388212
3,9,2,1,10407,-472849887,624859328,1343977402,70020089,521867782,-1058449748
4,9,2,1,10407,-1228806021,-2011068419,-634475698,-1007864163,-417881937,1007480941
5,9,2,1,10407,312303517,523576474,477475611,-1374482827,-1651793164,-327409440
6,9,2,1,10407,860517662,1040721698,1458677706,1503214462,559896546,1993344735
7,9,2,1,10407,2123399034,535421387,-1626693178,-1275964155,-247812844,-1247778277
8,9,2,1,10407,1442696997,838947927,572424448,1114395059,1207652243,176301109
9,9,2,1,10407,-1621904770,1875492015,258082483,766885252,514824178,-1701198982
10,9,2,1,10407,-1165543492,1377095385,-991763230,139152404,-1309556879,1667341589
1,10,2,1,10407,845429288,754704863,-1748177300,673040589,-1806510431,-1807496722
2,10,2,1,10407,-1585728973,17462049,852276371,1211233080,672122630,64804329
3,10,2,1,10407,-741596295,-350398102,279006469,-1915642057,1566306749,-1353578666
4,10,2,1,10407,-1704861604,-2076256263,1252827398,-489767968,-498474529,1261691351
5,10,2,1,10407,-908497216,1996839248,915536057,1047570723,-39831560,-400098325
6,10,2,1,10407,1899846996,-663574230,1471212149,1424523767,-650474845,-1340601972
7,10,2,1,10407,1731731729,930756407,-2010786378,1017243042,525487774,1737473259
8,10,2,1,10407,-884331034,-970756741,1237355624,-1860674477,1833568829,-1180472932
9,10,2,1,10407,-592286406,2089285057,-878345064,868722055,-1715395102,-594708545
10,10,2,1,10407,504041662,-1618383753,-1141169615,-115567002,-553215759,-1078366229
1,1,3,1,10407,2015533648,-1488116648,884808661,960864505,-682932403,1558120256
2,1,3,1,10407,1372181920,-1608016128,871334749,-1291850760,395165860,-331914117
3,1,3,1,10407,-257235666,-1742318557,554232548,492888107,342887529,1790021587
4,1,3,1,10407,891085492,-1843381168,1025325802,-167362141,-1732425457,22648895
5,1,3,1,10407,-1189685424,-72281719,-517331397,-1389865648,1585001839,-1454994356
6,1,3,1,10407,-469357935,1174062584,532957212,-225168541,262698309,-864489443
7,1,3,1,10407,1871913440,619756242,1456249837,775152443,-1509519014,1110054485
8,1,3,1,10407,-60434309,1804140258,1929587811,545421452,852981848,1300285434
9,1,3,1,10407,1571422865,-272009657,-2058885187,1979013179,-302059573,-1666577110
10,1,3,1,10407,-349231391,1057178750,1379583097,-1785726683,413845679,-1354783805
1,2,3,1,10407,-502478096,-1330726442,-981477748,-1102854781,1860911988,1306993213
2,2,3,1,10407,-380070857,-496378369,640444400,36776872,-56936569,1394211026
3,2,3,1,10407,1241130542,-1956959783,1073312351,-1438540590,-1731822630,998691923
4,2,3,1,10407,-329403117,707495051,1432438065,-236733724,-603788229,-2083924827
5,2,3,1,10407,-2062650944,695715038,946773887,1821613106,2061169942,1241935454
6,2,3,1,10407,-2012591830,-1744969135,-1977225418,-1648975965,498708007,362268588
7,2,3,1,10407,-1455977210,-425804311,760499277,881039703,116064250,1377805537
8,2,3,1,10407,-1781476348,-1834012343,-1203288777,-1649560371,1619644704,89224156
9,2,3,1,10407,230884089,-1980030553,1827240500,-1089122199,-1899113757,-1185151323
10,2,3,1,10407,-1995683500,-516627465,627370325,-1055488591,-439162451,-809305963
1,3,3,1,10407,-1947951616,-1482251235,-2025700707,-346490906,-2098902961,959544571
2,3,3,1,10407,-1613156384,-712824057,84937104,698600992,247017868,-1157160510
3,3,3,1,10407,508467463,-18023871,-245885043,-1290642302,-1050484368,730037174
4,3,3,1,10407,1514869503,-1799176936,735455397,1182157962,-1152171303,1436087967
5,3,3,1,10407,894413808,-467475841,-1171385092,2039036563,-482469892,-595408337
6,3,3,1,10407,-1235991686,-1024922752,1281624914,1571160335,-293818732,847012805
7,3,3,1,10407,1850708895,-2088575437,-426887534,406265786,-1715695549,421329818
8,3,3,1,10407,1998684939,1131377265,1146067225,-1105907327,-1164784867,-2108836713
9,3,3,1,10407,-947417288,1108548938,-1386516592,162304032,-1540046350,2078535943
10,3,3,1,10407,-1468103863,2119853815,-420729014,-1476840380,-23918235,2049789462
1,4,3,1,10407,1079945376,252685988,-1291740325,-1347169236,-1651193966,767913849
2,4,3,1,10407,1211349496,-1047596706,-1423263765,1690533176,-1839767386,-1099563353
3,4,3,1,10407,-79561647,-1419246755,-2124226881,12304169,-1704444223,1788119714
4,4,3,1,10407,1248324594,1330150463,-444612776,2098494631,1137221226,-1906842904
5,4,3,1,10407,760272355,-783366460,-1255707937,1965827326,1328232337,-1222824548
6,4,3,1,10407,645805924,893907400,-446414729,-1875058679,151083077,-1134049404
7,4,3,1,10407,689562677,1736028546,-1234781707,-865084219,1275105826,2119640738
8,4,3,1,10407,-541119644,24512349,1984212760,431799392,1928379131,-1388495790
9,4,3,1,10407,653036358,1389028706,-190466652,375244253,-938832803,-1110150567
10,4,3,1,10407,224562989,316419938,-534648510,-672057650,885341109,1452404662
1,5,3,1,10407,1315777595,486494867,-780836498,1101964249,-1792165840,-1596715122
2,5,3,1,10407,1547442923,960947197,47463161,1043837335,-1603693709,1688686287
3,5,3,1,10407,-1337825833,-1055524065,731420125,-792970077,1238329283,-1858361776
4,5,3,1,10407,-84124964,1702762174,1656049212,-2101270427,652632693,897282867
5,5,3,1,10407,689812132,-1050362223,-753341874,1105711976,-1106303019,-591417328
6,5,3,1,10407,-1163814083,-1055550961,-524131320,773912682,-179860464,-367695439
7,5,3,1,10407,194378042,-274081357,1911872536,877725506,615372096,1685019409
8,5,3,1,10407,1587193999,379075613,-1768557916,2132019773,1041950015,351033809
9,5,3,1,10407,1613505774,282757361,-401406356,-1655493573,589144111,-1187757125
10,5,3,1,10407,837265491,189926827,-255472661,1995838955,-1756227581,538374746
1,6,3,1,10407,640649636,1903567737,472101110,31079972,-902945187,244675505
2,6,3,1,10407,-959978124,2020086542,-272024770,47173661,543820022,1455099845
3,6,3,1,10407,-1441342827,-1390315178,-1244295164,349001309,-275460533,-932710572
4,6,3,1,10407,-761441590,-513216617,698856474,-240391240,-1837756426,-1050343484
5,6,3,1,10407,1698961418,-1990748885,902454958,76327332,248868550,422727322
6,6,3,1,10407,146667691,-1469636220,1022996301,-1757283971,625306613,374992519
7,6,3,1,10407,-1444849123,348140168,-1902986512,1101430650,485912605,-736545190
8,6,3,1,10407,-842929695,536820435,-1159786135,-1240412901,1054009430,409015289
9,6,3,1,10407,-964512019,-690991059,123507375,-561472293,-201622690,695159513
10,6,3,1,10407,-1755622477,-103393345,328018874,-1660796258,-1171838712,-1459234136
1,7,3,1,10407,2105639514,-1384123572,280505081,1260941659,-1868215683,1806464907
2,7,3,1,10407,-1779376462,-1374019133,654802151,-463365605,819660126,-110195454
3,7,3,1,10407,967137034,246577124,1191427397,-1369286072,-119374334,-1237006634
4,7,3,1,10407,1291866451,-312300712,1843878267,1664445492,223911007,-284283472
5,7,3,1,10407,1162078514,-934680477,-1839681175,159702329,774534008,-790561679
6,7,3,1,10407,-411218074,-1414600666,1449074404,-431760812,1098639465,727700875
7,7,3,1,10407,-482601254,-1067483352,363872695,-523998623,-764001352,1739194653
8,7,3,1,10407,1759383271,425585577,860148085,188313007,-940734785,-134799067
9,7,3,1,10407,-553879052,-415752978,-1330336244,-224302718,-217569489,1838684024
10,7,3,1,10407,2058655548,-1439782529,-1705896031,-1673006313,-165594481,-563285472
1,8,3,1,10407,-1691309720,-2129890813,-1653241903,-1347726850,-773042840,1378106393
2,8,3,1,10407,-379612141,-1310163470,-708052367,1369336403,-1584086550,227084583
3,8,3,1,10407,-209951302,-1034840016,-2087326609,902190507,-1944886844,1125361402
4,8,3,1,10407,-1604704127,620824490,-1330911900,1819426794,-1334536129,870998734
5,8,3,1,10407,642011949,670222549,352795245,1868529986,-2018900217,1877817566
6,8,3,1,10407,1585560732,998291356,-481782126,-584457078,1272471676,-1927526562
7,8,3,1,10407,-832695552,-992123340,-1044557091,-530522355,392624140,-1502165513
8,8,3,1,10407,-1901607535,-211117623,1387356391,1710851016,-1576080571,-349338548
9,8,3,1,10407,1230919387,-572597065,1111201804,-625536504,1711541104,-1218375128
10,8,3,1,10407,802783184,373630242,-1950746467,225536741,1257172951,243579960
1,9,3,1,10407,702935617,-732706757,-1930547408,1794094191,772582028,90832335
2,9,3,1,10407,1946851324,759826217,-1991407863,-1764694619,-450034508,1490714179
3,9,3,1,10407,668194121,1926643620,1119355071,-1566257886,1243744348,739730555
4,9,3,1,10407,440358036,1680369902,-745274941,-235360066,1295574789,-574202619
5,9,3,1,10407,-1532984919,-1671422179,-1714483132,737915456,2016626413,48644303
6,9,3,1,10407,2104587461,1796386242,741430417,736036876,-1533079464,-1576466160
7,9,3,1,10407,-1703899845,2135172472,-1587015493,-1254479007,1816306318,-863140493
8,9,3,1,10407,1966146042,-1711855568,343030202,987799150,-1735208514,381608765
9,9,3,1,10407,-103871084,117400260,-683125353,-1263550688,1559776025,1847580511
10,9,3,1,10407,-2064518279,1172952818,830453041,1632913962,-961050700,-1623257854
1,10,3,1,10407,82689222,-1993719649,-957755365,232817283,1586588026,2126279347
2,10,3,1,10407,-537722142,-385327335,-1383328472,1364097879,-110353787,227001102
3,10,3,1,10407,-266844882,854663917,1532745508,660142993,-2141033447,1659423019
4,10,3,1,10407,518406518,1853532022,-2034434155,848992372,-541859318,727683691
5,10,3,1,10407,1897735718,853344153,-1265054017,1724766938,-1090574816,-1012970855
6,10,3,1,10407,-1238430702,-1607345698,-658837373,-1666083441,235626091,408581165
7,10,3,1,10407,-697358881,-1747491326,-2084494359,-567654070,-433359712,-72075613
8,10,3,1,10407,-374302579,1697862231,-291236815,-1355503441,1879709154,639275579
9,10,3,1,10407,-1684639307,-821174136,756100023,928803514,16462146,1165007993
10,10,3,1,10407,-282077,-1983978654,-649651838,1757739430,643530701,1822637598
1,1,4,1,10407,2031302056,560290891,-900631083,-273125864,-420531655,-1521562953
2,1,4,1,10407,-512703790,701449739,-886958504,1057732672,-1392608905,-575866526
3,1,4,1,10407,1918731447,-1689478427,816788886,-837279306,629166925,-516483669
4,1,4,1,10407,-557198772,-1257716726,947144224,-1273815378,356506951,2107106617
5,1,4,1,10407,134491983,-2094326235,741541184,-435376516,1926238934,-167354071
6,1,4,1,10407,18738968,-20807018,-1875522825,-1527815961,-49962779,-2028143433
7,1,4,1,10407,-1500014382,277334740,-1220102567,-969254238,883372001,1880368967
8,1,4,1,10407,-1671060853,600114347,592448470,-1596831020,1229991383,-612679150
9,1,4,1,10407,595221991,-1138564133,-257737502,-670552012,-448018445,-18649725
10,1,4,1,10407,606114974,1443324108,-187650754,1856589569,1013900082,218584397
1,2,4,1,10407,2055723091,1239585469,757763196,-1957530814,-534526709,110514024
2,2,4,1,10407,668536450,-1360629140,1265521828,370803344,1424578308,-1203792966
3,2,4,1,10407,1887233989,1517451584,1699806933,-975402396,1146869226,211420375
4,2,4,1,10407,953199756,1352866011,221623363,1766467784,372678545,1219052388
5,2,4,1,10407,1881688052,1139640132,403546874,-263949711,2055648216,-561562509
6,2,4,1,10407,-1034707755,147904661,554687773,-591090776,1414670163,-465796754
7,2,4,1,10407,485872782,-602836495,-1090320895,-1278680375,-837728394,-1704052645
8,2,4,1,10407,-1171318893,1215573833,1900152049,139667449,-35571934,198620279
9,2,4,1,10407,356413203,-253389216,1161794451,1494977023,1098595093,-163569592
10,2,4,1,10407,2093108834,608383388,-223583740,-707301676,649924787,224389107
1,3,4,1,10407,1897675066,844678694,1155360291,487096110,-1809430091,-2104632541
2,3,4,1,10407,645754690,459241434,-2026187094,1574313106,-1169467157,1711311892
3,3,4,1,10407,868419002,-1965464020,224197363,-1659478076,-755952063,768777895
4,3,4,1,10407,1824718490,2078115856,308289809,-651063194,-1361784018,180363848
5,3,4,1,10407,-208548363,1108834840,-134238473,1373931101,-811452268,1926666876
6,3,4,1,10407,-1749483245,-1328164376,1593439610,1670038993,-2013852929,1873542465
7,3,4,1,10407,-108832931,181138091,838930943,867787809,970457181,74397958
8,3,4,1,10407,-973229425,-1759922938,-176667011,-206465694,1666297911,-780153449
9,3,4,1,10407,-130714083,1267279477,-1846982406,-1143074875,1977303690,-832182870
10,3,4,1,10407,-1879316333,1295581477,-1471032752,968995418,-1786474714,-150917815
1,4,4,1,10407,1272303046,413525344,1057039074,-1296309468,313606097,-1251751251
2,4,4,1,10407,1056387515,-221513317,257626520,1068857383,1269036704,-2137240425
3,4,4,1,10407,1685622227,52664664,-617388740,2139802870,100644036,-2057906137
4,4,4,1,10407,-633253523,332216695,-597470272,-1975490569,-1290014679,459055574
5,4,4,1,10407,-563603582,2111150147,-2079250992,-859837320,-1137545201,-464463319
6,4,4,1,10407,1914567273,-137632953,-178668209,1347463929,1235201123,-306459365
7,4,4,1,10407,-201630835,-5516021,-547753823,-353790105,872674463,757523585
8,4,4,1,10407,30316361,1798430777,936174432,-1459285831,231770851,-221455347
9,4,4,1,10407,-2030917696,-1061090338,842650688,-676547829,-1120385895,-1111098233
10,4,4,1,10407,-835250056,-400831462,1482089849,-602308799,1678801547,206516048
1,5,4,1,10407,-21356251,-204797790,1881020288,244571981,2125058327,-1266538534
2,5,4,1,10407,171717538,1672986400,195224797,1705756436,-1237907599,246765531
3,5,4,1,10407,934854176,257034208,-777301742,-870017104,-2055550502,620146580
4,5,4,1,10407,1518576954,1134097472,484342028,675601511,1268245603,1257316752
5,5,4,1,10407,1976192929,1486283656,1198029139,-334144268,1755450344,-1901047226
6,5,4,1,10407,-1051914290,-171599092,1264396299,1987801810,1702014583,1197673250
7,5,4,1,10407,1840795366,-267531727,-1376298509,-1725493768,-416948419,-183989493
8,5,4,1,10407,598407710,-872366678,-30820403,1889865599,-212741050,1039411576
9,5,4,1,10407,-20448515,647331278,-849450797,1916420751,-173856063,-1721256883
10,5,4,1,10407,-1261349948,333965565,-1299714685,-58568481,667707156,44615680
1,6,4,1,10407,-1356930901,-794170963,1533422286,376030978,-445764656,-745585682
2,6,4,1,10407,868789715,1656830200,1556288637,978252779,-1316904742,1161255124
3,6,4,1,10407,-1021163818,-249517291,-1739601035,1506642036,-1605652112,2072935998
4,6,4,1,10407,-1332262511,191610838,1179489607,-1924578112,653259270,499587160
5,6,4,1,10407,632699671,-1075491645,739122548,-1252528544,1242201001,442483679
6,6,4,1,10407,-990164146,1295766837,2062130138,-466257542,-560963453,610670652
7,6,4,1,10407,-2086995873,-1129252622,2147109200,-561593879,-1959434996,-1455219795
8,6,4,1,10407,871268428,1928929298,700578055,1017695606,-215482545,1389263596
9,6,4,1,10407,-863171358,-879019313,972006837,566695077,-567167922,-1932926300
10,6,4,1,10407,-1800200680,-1386443202,-178200049,1194406625,-527307195,-646895700
1,7,4,1,10407,894456649,-506197010,285361672,-1774702375,-1839048117,-673124054
2,7,4,1,10407,86515445,1789270378,-342407032,1994640462,-979990826,355315834
3,7,4,1,10407,-762309124,1272403806,464229711,-134743493,368664405,-1281328562
4,7,4,1,10407,2134865236,677254319,-1135962129,-642963915,-1338432153,1104229969
5,7,4,1,10407,583342471,65445973,174160863,-1339122470,524467444,1965884400
6,7,4,1,10407,-1418981145,589654671,1012617401,1049772686,-1682851275,-1460896733
7,7,4,1,10407,-472286450,682260701,1921833954,874251618,-2066481129,418626623
8,7,4,1,10407,385898190,243565996,820056402,-880564591,738968490,-211159823
9,7,4,1,10407,1807108917,-1771159510,1469561538,-443870441,-844137667,-680102795
10,7,4,1,10407,522531039,1467973882,846301889,-518018508,-472491460,1943587003
1,8,4,1,10407,1439318947,-80171692,-787129256,60469786,671403361,-721829834
2,8,4,1,10407,1128716290,261025989,-924511783,-720722468,720035948,1854671649
3,8,4,1,10407,1569326729,515119566,-100886979,-1792546532,-1116099951,37462133
4,8,4,1,10407,-494108002,-1468458992,-1107713367,1542286075,-922892021,-505744229
5,8,4,1,10407,2081138692,-971549271,206523043,-200885032,2059600201,-1070901648
6,8,4,1,10407,379586526,-970426483,-1980370960,-1671715126,852967436,1906302027
7,8,4,1,10407,-193281993,110465024,-802893092,-1685250948,-289651162,815778572
8,8,4,1,10407,-1069539596,-1191213770,1117555183,-1420654003,-538937754,-855375236
9,8,4,1,10407,1568684966,-993328391,973039876,-547967945,1877224662,1523684201
10,8,4,1,10407,-798522814,700569640,1306442183,-1715250843,772407387,-1502546776
1,9,4,1,10407,1918338069,1498059107,-1991749737,29013289,1861399699,319098214
2,9,4,1,10407,-670750608,-1438559701,803660718,1152684304,-501191397,1204985516
3,9,4,1,10407,1155834438,-2002880683,130004125,-1619121059,-1823218230,1407870286
4,9,4,1,10407,737305169,1820968422,-1859445629,311133690,-836319976,-1218246739
5,9,4,1,10407,1052469162,670289203,-759767287,-1937519630,-155522467,-135791373
6,9,4,1,10407,-891699771,2316022,945228525,1553125430,353307720,-2036486347
7,9,4,1,10407,1937555284,-838174973,186065481,-1137032385,-1117108327,323850332
8,9,4,1,10407,-1227210406,243596142,-1316989239,1435284158,728323549,-1655316068
9,9,4,1,10407,-826555271,-2097839643,-1099010290,-919676753,-774472093,-1113665300
10,9,4,1,10407,-351519565,-398642533,-1701490202,-2094815451,-545615251,1356169668
1,10,4,1,10407,-1331017173,641469336,-1074046541,296234330,1537661966,-1045184060
2,10,4,1,10407,583246592,-1534461853,2073273553,-2086758820,-98410760,-1359592297
3,10,4,1,10407,-297655951,-375804108,-197688545,841337977,-2051576767,-940999478
4,10,4,1,10407,-512453391,-44685998,-932578635,442216510,-1291894702,1043426748
5,10,4,1,10407,2045870961,250287903,-1547200332,160739213,2059667578,1595513349
6,10,4,1,10407,1727312267,-429910997,-1332758060,1369776890,-1634278548,1736450731
7,10,4,1,10407,-1857013615,127867431,-1145910246,790689695,708097229,67849509
8,10,4,1,10407,-1108686793,-211146418,-1492687080,1786633863,-336086236,-1066157725
9,10,4,1,10407,-264024330,-1241454431,152674980,-929400013,881505154,1773345039
10,10,4,1,10407,1895963518,-1440419928,-14572090,1158407083,-366729473,186725671
1,1,5,1,10407,1753491104,-1909590250,405515829,-484866177,-2053067098,999970250
2,1,5,1,10407,1329645245,602711199,1334209992,1016106707,885014823,1225381957
3,1,5,1,10407,-79923687,931503327,175390574,445348623,319705990,-1992402
4,1,5,1,10407,367878343,-1282481728,-431549610,-1583736251,-311648451,-359999040
5,1,5,1,10407,1996944590,386537336,1356077420,-1562366755,-1709863841,-1759539957
6,1,5,1,10407,771373196,1989261433,-17305143,1548145212,1090904255,-209076557
7,1,5,1,10407,1729383150,472275931,-1272976266,232030663,250371763,1645205849
8,1,5,1,10407,1039405252,1661076967,-1732829136,1574682435,-1769631412,-234412877
9,1,5,1,10407,-856048697,814967720,-854757117,287346552,-900895237,-2015891325
10,1,5,1,10407,-1414636623,-1053014230,737704768,1882432186,-2019064483,-1373572547
1,2,5,1,10407,915443732,-580167810,1688356419,-145306799,1564032653,-1120324138
2,2,5,1,10407,564257177,-801493921,1656758833,-179894527,-1554870703,1902822138
3,2,5,1,10407,-2089143705,-724318284,-1670504366,-586720076,841464462,-556094339
4,2,5,1,10407,547672650,-1945970758,1851526324,845110623,-405530634,-104652408
5,2,5,1,10407,-1468830181,-912008324,1812507351,867278453,654183520,-1285849029
6,2,5,1,10407,1730252850,307365299,206303414,1948928883,-361199475,1249220606
7,2,5,1,10407,2121955855,885068899,-1975212528,101565221,-1772882584,-247528938
8,2,5,1,10407,-802952103,-2039367961,-1205439811,1836010876,1945962030,573137530
9,2,5,1,10407,2129602537,-1965161823,-1333702069,-1317657667,-319069995,114452322
10,2,5,1,10407,2046597647,-143022877,-265625324,1591176495,-2119527971,-438241084
1,3,5,1,10407,457843752,753152228,-1130398935,-193741965,-1257438978,-565572744
2,3,5,1,10407,1639546120,1289011755,-127148072,604691833,-1948973369,-1891747460
3,3,5,1,10407,415237365,-491464156,166532250,1544244667,1322658506,-1882158764
4,3,5,1,10407,-460901778,-307047800,134523816,557956035,-423284853,-564883629
5,3,5,1,10407,-1945119979,-1060424421,-1584816612,2127457982,-127485677,2016773006
6,3,5,1,10407,1896712090,473950722,1891086657,-963905235,-1931690999,1033724937
7,3,5,1,10407,1211322082,-1063978339,896139898,362097334,-1442643336,-1900026594
8,3,5,1,10407,1305136422,-1200104108,-223743948,1638444289,-1798964061,1116837544
9,3,5,1,10407,-190381735,-338055488,-42988955,1710756775,1666296172,1334783256
10,3,5,1,10407,-1313733028,336592477,1320464977,-140577549,-1017071706,1066084155
1,4,5,1,10407,74053338,-411499402,819184566,1119331084,-1940635545,171851376
2,4,5,1,10407,-1771144273,-847861976,1201665335,-207748829,-1011203221,1767488090
3,4,5,1,10407,-494630984,-643512649,-1887019521,-145393638,-1463941966,-1301574961
4,4,5,1,10407,-834587074,-727815678,-2068411993,1190868504,1529818842,-1211238123
5,4,5,1,10407,-348997908,1057555561,1498867782,1561580060,204143307,-1712968512
6,4,5,1,10407,-912032929,1945551701,1309920107,-1450932411,-2108509539,1495079636
7,4,5,1,10407,2077950805,-1090277841,781942660,1866269841,1477440740,-148129713
8,4,5,1,10407,934354297,1879086248,-807151678,776714190,1122272977,-1182904271
9,4,5,1,10407,441531678,331916468,-965467740,934278512,989866099,588526782
10,4,5,1,10407,-1296571796,2102540270,882309443,-643990813,122884624,-1535288299
1,5,5,1,10407,-353002930,-369002263,1899305464,624530906,-1155161744,963783689
2,5,5,1,10407,16475246,-1391987581,-578387083,576818966,-1385626982,-1689378633
3,5,5,1,10407,-2070053672,1184480678,616263966,-1693528254,-486701766,68672083
4,5,5,1,10407,-230608097,583823113,-1815563368,-1455442613,1150613083,-116339342
5,5,5,1,10407,-254125418,-1999953473,-2067826008,-1661806394,-1056249489,1387592370
6,5,5,1,10407,890789654,-1856792961,-1289995193,-1071352259,1700868928,-1936355549
7,5,5,1,10407,-911537514,1127764098,-120169745,1977627702,-552637850,1349735144
8,5,5,1,10407,-740435849,-833014944,303695948,1655611120,-744682573,-856930526
9,5,5,1,10407,135247509,-701532423,-103954213,1748642908,204491312,-1213526746
10,5,5,1,10407,-990206314,2029582827,-1562656176,-826293900,370481479,2128902925
1,6,5,1,10407,-585596413,1666316336,1667116155,1104764031,-1420833200,-72756243
2,6,5,1,10407,706666620,50335065,1255756559,2078567185,1241397047,1353596066
3,6,5,1,10407,1411751735,941290206,-1080197018,-677127066,379073898,-1205977473
4,6,5,1,10407,-300812814,-1746714839,-832537372,105618658,-1444220380,-1220123226
5,6,5,1,10407,875888837,1653395204,1335714706,1462949557,585817229,1043727076
6,6,5,1,10407,1479355020,1337670772,-1529177047,-419315503,-67254438,422400596
7,6,5,1,10407,-711949962,-1916996275,1519216735,-264847169,2014080039,1448497608
8,6,5,1,10407,825293744,1664574905,-857537986,-911938628,-12344514,1659991664
9,6,5,1,10407,-1056519762,236746420,-667289494,2091724319,721446068,-277385685
10,6,5,1,10407,1080721188,1204406498,-1889570173,153982903,795373296,504066263
1,7,5,1,10407,-327031172,1723729733,357595894,-1138590394,1408831004,1351326613
2,7,5,1,10407,1587831037,1956994636,-1006041049,2003196474,-1111154104,-1204882201
3,7,5,1,10407,1685561988,1843321919,1881235954,849267839,-737236106,2146424178
4,7,5,1,10407,-1565792145,1555789189,-726378685,-1099821390,-719236969,1379405126
5,7,5,1,10407,-979515809,1479340895,-852797086,1559251052,1996657538,864467041
6,7,5,1,10407,-35782626,-264980902,-36606465,-1496367305,-7634443,-452853793
7,7,5,1,10407,-1675417516,-1196710815,2094835877,-2005350247,829005569,1329161392
8,7,5,1,10407,-614592422,-1439067275,-5809268,538401569,2001508895,-955912207
9,7,5,1,10407,-536225010,-948064596,648494473,1137826797,-2109261104,2065735750
10,7,5,1,10407,303361013,977254102,-389292688,-763213882,-425998928,-1032274004
1,8,5,1,10407,-1481127643,82504498,-1348470783,-1693685335,-349610247,522572360
2,8,5,1,10407,1627159314,-935223852,1076788630,-788623049,629526226,1762484411
3,8,5,1,10407,-111849225,-1215943210,-1901382831,1915544448,-1234495729,1010192773
4,8,5,1,10407,-186842821,-1640212803,-1076652124,1853828746,-287517292,-1171422967
5,8,5,1,10407,375216123,949049816,-909849498,-657023875,1695297085,1922677338
6,8,5,1,10407,2002292150,321965567,-1562223193,2073033082,-1642584209,255263076
7,8,5,1,10407,-475094718,-2101666999,278917002,-1701587333,405603674,-2110273311
8,8,5,1,10407,1239405567,2064519517,1955753526,-906509234,-1111226599,-1995163043
9,8,5,1,10407,1338299567,1632332114,1632480620,-1044513763,-212899325,1076117654
10,8,5,1,10407,-514489277,660296730,402062136,1824445583,1403745587,1207246587
1,9,5,1,10407,-1267525544,2101398968,-999551408,-1570261955,-1808428703,676480521
2,9,5,1,10407,-1010389556,-2095658049,-1784647399,1422013070,1178438004,-188412454
3,9,5,1,10407,763260818,-1569999781,-1316806243,-1644823605,1632293433,2047221767
4,9,5,1,10407,-118409211,999426408,-1006471815,845839146,-553984662,-780264761
5,9,5,1,10407,-951316327,236140854,1523116359,819913453,-413509697,-103195204
6,9,5,1,10407,490652625,-1761589985,-1864842083,-1835869627,1780085935,1246001586
7,9,5,1,10407,1870274821,160866087,-1870404660,2129599598,-669716201,806307022
8,9,5,1,10407,-1185539248,-812836205,-2120772279,243042958,900765582,1469350717
9,9,5,1,10407,-993858008,-1136733543,-1527701311,-1631646050,1130776012,-1209870308
10,9,5,1,10407,654404978,305553633,1236515208,-1164115780,-1864248289,624017919
1,10,5,1,10407,-1522878434,-1243192610,1301910894,-1759687205,-503330830,-593214558
2,10,5,1,10407,1584493593,-1202335694,2013482061,-383327857,-237219286,-1756988259
3,10,5,1,10407,-439126968,1050005460,-2139306487,-763985845,-1814213271,-148097391
4,10,5,1,10407,74782458,694675334,125671365,2038924543,1765686571,-116766481
5,10,5,1,10407,-670692815,2073818033,1191440597,-1503817926,-1425313070,-358098545
6,10,5,1,10407,-1255665498,1203187595,-2085792777,51620696,1400674317,640511221
7,10,5,1,10407,203112626,-1495959272,270366257,1756588188,24623851,339537016
8,10,5,1,10407,690528834,1065981545,-2144549822,2114146842,118144410,576281733
9,10,5,1,10407,-256128337,-1265441535,1993392787,1832888913,1465174501,-1266137318
10,10,5,1,10407,-2025680253,1336811029,-2116346111,481335788,1361758152,1843304671
1,1,0,2,10407,952041279,1304984057,2137705631,-159038252,1618262870,1446028602
2,1,0,2,10407,370847622,-231482525,-3682933,-470652013,651989256,1919890153
3,1,0,2,10407,1085650822,-1191592016,678853814,566492867,-1234524000,759365259
4,1,0,2,10407,2110650873,2072633867,-425810133,-101316509,678825041,66863520
5,1,0,2,10407,1067123019,1728892349,-1192426279,163371019,-960441122,-2011020299
6,1,0,2,10407,-2018758610,1855928225,473852790,1029483428,1998686848,992907066
7,1,0,2,10407,1885182471,-1462603580,768909786,1013371181,1844164213,-2136031519
8,1,0,2,10407,-252638149,-1357435513,237086998,689514498,1701010188,-1999239992
9,1,0,2,10407,-377623466,1931790905,-1811433661,2139113026,-751131582,-446065487
10,1,0,2,10407,-97640908,1555020402,90685486,561794552,435459643,-1648375452
1,2,0,2,10407,-269984762,-1180272180,1603751519,1264255518,-1306377374,-604917932
2,2,0,2,10407,-272868012,595783081,502223636,1430495571,1083549078,-1241021020
3,2,0,2,10407,1350108636,-261692395,527948664,-507970527,1964515418,-285600879
4,2,0,2,10407,-2122516100,1347315687,-1021808992,-1716246707,449078424,544316705
5,2,0,2,10407,1522391292,-1054808171,294730170,387342699,1322422744,-537876642
6,2,0,2,10407,228999174,1747524627,645399374,-1412360772,-942742446,-1104982813
7,2,0,2,10407,-949591228,-718427808,-227141365,-1328121818,1435423703,1777016867
8,2,0,2,10407,1083950660,-1412893190,1496361604,1092027327,1057625219,-759632013
9,2,0,2,10407,2128457549,1876075759,-814511830,1506967482,-1972335140,-1666015823
10,2,0,2,10407,1464206164,8335495,-162906837,1532528445,-1627726958,102344534
1,3,0,2,10407,1023723612,710447827,-780579397,-793188175,-1157578234,-9259864
2,3,0,2,10407,-104896229,-1644754826,-148252599,871702736,-2145673392,-279665850
3,3,0,2,10407,2006150259,751987600,-354366577,623332722,-1278406306,-1578727097
4,3,0,2,10407,1172182995,1489377008,-231956312,-1976957574,-2090112181,802845358
5,3,0,2,10407,-868961553,-1329064249,-2130157201,-1715218441,-146717143,1705182594
6,3,0,2,10407,-583236164,-279515010,-1885915522,-1080791914,-1351259290,679827602
7,3,0,2,10407,-201318387,859891211,-1437655753,719239315,-1061341982,1284609161
8,3,0,2,10407,80236837,435056274,-417425707,-1977152707,-934976389,-287062505
9,3,0,2,10407,-927897251,727467975,1291342404,1160962609,-1741070503,924187610
10,3,0,2,10407,1992809720,-863858420,100939998,2120720519,-119518153,-1363261101
1,4,0,2,10407,-1688096010,428940059,-1616915644,-1138178531,1195355727,1455909349
2,4,0,2,10407,1051728161,-545955548,864433702,-2088669770,773493910,785244672
3,4,0,2,10407,1923589298,-1189240207,-832580867,-1600195652,-1670897203,-1634850703
4,4,0,2,10407,-997762088,532605512,637802175,620789564,-1246166904,-1117987117
5,4,0,2,10407,-138417851,-1102955751,1406562487,-878299665,631925157,-1637390748
6,4,0,2,10407,205042470,65712982,1358098528,-1601287613,-188433316,432414718
7,4,0,2,10407,-727787233,-1915833742,2090889523,-1089110638,47035665,-1591490553
8,4,0,2,10407,625674457,-55776656,-325579688,-1989723796,675741477,832254448
9,4,0,2,10407,985587544,1226760640,1485184134,1346474546,-1386098279,1374107204
10,4,0,2,10407,-1201686758,-692320948,-780050874,1672058350,-302033705,1715749702
1,5,0,2,10407,-733883353,-1118348604,-348464531,-767704294,1683793864,-295532507
2,5,0,2,10407,-667993364,739704482,-1539666814,-257080632,-1040490615,1303629579
3,5,0,2,10407,133075565,-1718351990,-1426496162,1796258839,1868146441,-1681282073
4,5,0,2,10407,-1057623905,-783291687,1989104355,-1163411245,-46288326,834457941
5,5,0,2,10407,-680452927,-1230307688,-1865607922,196289547,-1486111718,596658621
6,5,0,2,10407,1618303934,2128099046,1557574431,-935448816,1700357086,-313492319
7,5,0,2,10407,856564734,2088363399,2127797688,1099744212,979076076,2112818665
8,5,0,2,10407,-1847528423,-63953616,-1816013728,-416201161,-295907010,-1526731381
9,5,0,2,10407,1111716319,-1925349185,27027676,-1726188124,1679847786,-2051663299
10,5,0,2,10407,539995016,670977216,561110101,-1889991481,-137293532,2079814115
1,6,0,2,10407,953026344,-1187226014,306691460,-1118457964,-300651829,-112761126
2,6,0,2,10407,931337333,1556345374,250958112,346916393,229367342,934402042
3,6,0,2,10407,-1158167971,315831406,-921548357,-1266945762,-108771264,1974587567
4,6,0,2,10407,1149516828,912521565,-1303856643,-1737829870,-720110646,659074184
5,6,0,2,10407,507932200,2115799439,-1307429979,268862946,1907977028,684972225
6,6,0,2,10407,1931893543,1936364656,1618146621,1999624968,1746445727,-746968050
7,6,0,2,10407,1120316709,-1110431022,-269048881,294137201,-80955444,-6080834
8,6,0,2,10407,-897515809,-310565007,988981300,722715229,-1855589862,-1517533735
9,6,0,2,10407,547190645,-945877865,-1825172935,-226203535,241840047,-582767310
10,6,0,2,10407,1140047943,-1489977655,-653758869,896864336,-363751531,1040293946
1,7,0,2,10407,1815509825,161576817,1675708867,268434725,195759951,446449285
2,7,0,2,10407,-1188106466,-432692425,2129012805,-1585901382,1921159350,-723100277
3,7,0,2,10407,-789920414,1207747778,952419027,263680217,594230288,-970773168
4,7,0,2,10407,1769861110,454040423,1747700072,-625830253,81673152,-397775555
5,7,0,2,10407,1417252734,721926459,1010095274,407229678,576629273,1282401166
6,7,0,2,10407,1343699447,-1818386211,1725626998,618490873,-1892494121,-58613286
7,7,0,2,10407,-2041793358,-2061310944,168886212,1487450571,1804373117,1114009792
8,7,0,2,10407,-719272821,-1114578584,259002421,691224345,898537724,-1299041505
9,7,0,2,10407,-2074986354,309319596,1354307027,27006233,411741508,-1067284210
10,7,0,2,10407,-383710366,1974611505,-1201344822,-362833640,1549775101,-1820607910
1,8,0,2,10407,-162281043,565834331,-2021025761,1773710489,211911436,-72210878
2,8,0,2,10407,-1978987432,1468321229,-1206165304,147097258,1635898077,-661619943
3,8,0,2,10407,-453117413,-1815025540,75484620,650007208,838984761,-1263004416
4,8,0,2,10407,-718201144,1642323193,-738936239,534228686,-1428374754,118365893
5,8,0,2,10407,2130388459,615587322,1182970424,-568835518,-1906890480,-2016977970
6,8,0,2,10407,-1542357080,-1879254909,151808468,-811585877,-861932709,1621652372
7,8,0,2,10407,-1938819418,79521301,-2126267338,1346764159,-1952851845,329840605
8,8,0,2,10407,-815076898,-96804372,-1441020981,-1965908939,1031817245,2088975153
9,8,0,2,10407,-1602701296,-1344793022,-806819291,2097876506,-247527741,1641552326
10,8,0,2,10407,908836829,2030172964,995361242,-1498823399,1794459118,1029046175
1,9,0,2,10407,-483585589,-76942837,534216410,1981626251,470493210,-2014773827
2,9,0,2,10407,576313826,1556561716,-590886481,-1319304098,1993782635,-58236351
3,9,0,2,10407,1510722319,-2135269495,-1926555529,191220180,-2031349884,2056936074
4,9,0,2,10407,-1775182522,-1338815328,-1408786611,342204425,-226771441,326530708
5,9,0,2,10407,1311971808,-2084695111,1906767348,1339829329,-1172273475,-1341031960
6,9,0,2,10407,-345399350,-758161534,466392278,-42731358,265455690,-1139904375
7,9,0,2,10407,1175126643,79763270,-71238821,-2088815808,-1390501309,-1538285916
8,9,0,2,10407,-359073064,1718090889,-433428249,-1989074475,-638676624,-1256151972
9,9,0,2,10407,-1626387161,-1160996572,-458828886,2009180377,-1745091005,-854163018
10,9,0,2,10407,454164052,43428223,1404812353,-1136333184,1733119056,2095594826
1,10,0,2,10407,-576197798,1599721553,-77555206,-1566778253,1477792928,959966466
2,10,0,2,10407,884335587,57333664,1924089442,1860796626,711666058,1316651069
3,10,0,2,10407,-957737588,1768529352,-1674148034,1894036351,330877750,772006448
4,10,0,2,10407,1846146513,-514024131,-453907623,498562023,-200846046,1702586778
5,10,0,2,10407,-2075333294,777466722,-2132840832,1138218154,1353894806,-573895355
6,10,0,2,10407,-1796577593,-2006943638,-2146173968,-778834826,-229893698,1763476470
7,10,0,2,10407,-623383086,-1442806168,1575073426,-856729969,323589022,-892083237
8,10,0,2,10407,-1728624970,2068047137,975907104,-2083763781,2093391236,2113126631
9,10,0,2,10407,-636818118,-516111460,989085590,-1688595998,-2101628785,1009044066
10,10,0,2,10407,-1005167325,1034996710,1032069740,1026317084,-1036681232,-1221406981
1,1,1,2,10407,274332447,-740663045,1192427912,-1896574791,-669429547,1365324235
2,1,1,2,10407,374256648,1395748564,1005055154,245737573,-1315171443,43407778
3,1,1,2,10407,1996311281,1184757449,1199793471,182514483,1492085891,1470266532
4,1,1,2,10407,243333975,-361235487,-1282940954,112361731,89905658,-493694247
5,1,1,2,10407,702837430,-685213848,2084712032,35617370,-1623339581,351163063
6,1,1,2,10407,-1266513850,-1467024377,-1692502674,-1700684727,-243807912,1907854585
7,1,1,2,10407,799317065,904091646,-657725931,-1701963004,-1627637335,-1792277514
8,1,1,2,10407,1525062883,-1566142677,202192311,378188732,-2098587488,-1062881644
9,1,1,2,10407,1176065314,2097695015,1381054602,-1533651954,871532102,1085526005
10,1,1,2,10407,1389749407,237517940,1273035102,1832179735,-2024638507,-998456242
1,2,1,2,10407,-1899217001,1805365305,-398484961,2063738127,300866593,176572850
2,2,1,2,10407,2013322698,-1234155545,353672474,976610762,1934829539,-363503651
3,2,1,2,10407,718233449,-587360186,1039228576,-702164174,1689949210,-416196433
4,2,1,2,10407,869957140,1267895351,171680529,-1049459302,904986960,1454171311
5,2,1,2,10407,-402226108,1243425561,-519018159,2139766635,2062785929,416328809
6,2,1,2,10407,1322855855,1329782446,-489704300,1952100786,-1940240606,1346565961
7,2,1,2,10407,405296171,-2036772210,354852493,-2077666167,-380382494,-826842588
8,2,1,2,10407,-1306799781,624306223,-1096282867,-2095431530,-1600399846,-2057612464
9,2,1,2,10407,-1035048454,1773255026,600346433,-1668152173,169797303,590879885
10,2,1,2,10407,-289830165,-2143909061,-1792552873,931526228,1747519770,1062290208
1,3,1,2,10407,-1543070507,-954367946,333385230,-1557832861,-540674901,775186567
2,3,1,2,10407,1123173804,1360324541,-1663950138,-102036995,-2032968817,1458644114
3,3,1,2,10407,1185112817,-1418417088,1561801832,-1664106349,-684850120,619889606
4,3,1,2,10407,1882907417,-641836145,-523981233,1473149245,-1003721031,1088589874
5,3,1,2,10407,1795794489,-1978723249,-1584144270,174122619,-1240078880,-2017824102
6,3,1,2,10407,1207526476,-1765436548,-837949834,-897428016,-697537039,1567266159
7,3,1,2,10407,979275357,-1251764034,1476056653,1379040340,-2027921554,-982767381
8,3,1,2,10407,-818009279,-925664888,1161013172,-2008298900,1035088994,367692632
9,3,1,2,10407,1054878717,-1722082518,955179847,1260646183,1787965112,1066750398
10,3,1,2,10407,329062325,1757837435,-2113691792,-835311594,-226621534,1001085781
1,4,1,2,10407,34650421,-199145343,-1458217362,-488185615,-805999916,4663761
2,4,1,2,10407,-1854405090,508463949,1279203243,383609993,772315388,-1984358778
3,4,1,2,10407,31275029,1042665625,-761670600,-1484952552,782790281,1617008397
4,4,1,2,10407,1712532152,-942590612,309971863,-990029429,1206473883,-1375548735
5,4,1,2,10407,-588963263,-120664378,-152094449,1731590621,-1651491010,95462484
6,4,1,2,10407,1002973209,1203596809,1644922474,-250561915,1668271808,1033247423
7,4,1,2,10407,386333916,373594792,-1834492040,1932661787,636327174,-128125809
8,4,1,2,10407,1113411340,-220160761,1290135123,1504869465,875497723,548434874
9,4,1,2,10407,-495619307,344958721,-1745822437,1376028160,427231974,-1540194393
10,4,1,2,10407,-2033748887,1692406897,281774511,506320231,-834641019,-558390553
1,5,1,2,10407,19514809,-826798296,-175086955,277674058,-1910155462,-294170004
2,5,1,2,10407,-1064185168,569484373,8191934,-768983485,1589224206,-817198287
3,5,1,2,10407,2062615822,1090170328,-240635745,-1228875336,-1611502404,734304944
4,5,1,2,10407,123271948,1550682379,1988497119,-220032152,2028024500,-197415752
5,5,1,2,10407,-120446772,1694337869,-373210655,-546251992,1163120352,-147352268
6,5,1,2,10407,-1522505819,-46735705,-539331136,1788682613,-76868322,857384078
7,5,1,2,10407,-1231601856,1946489150,1565136691,860588003,1772552740,-2061736867
8,5,1,2,10407,-949922654,264580401,644665672,-1746393853,636256369,559273507
9,5,1,2,10407,1037571276,-1367195526,-854132024,-1273232816,704534034,-983843099
10,5,1,2,10407,-1570450279,1282892993,1886211509,898687645,-81439369,85450032
1,6,1,2,10407,-1309304656,-1926068631,1257513923,-320290991,1324308383,-1560481698
2,6,1,2,10407,339878872,821424755,-866334386,1565860445,2032188204,-1015191041
3,6,1,2,10407,1411976184,770698971,-1555277660,-2043525314,1236253323,818724851
4,6,1,2,10407,-1095635696,290499671,664638235,943005327,339797033,-1651925582
5,6,1,2,10407,-1256237672,-1353669121,-1044970500,970680542,-409686456,1106596204
6,6,1,2,10407,-879124389,-1896248937,-688388985,371645297,1015963628,-1152839536
7,6,1,2,10407,1985044255,-412079719,-1751852941,-1181134458,1943805804,1149955335
8,6,1,2,10407,290098191,-771703958,1924348214,1894383230,888235075,-147570190
9,6,1,2,10407,-306342122,-2063180523,-1328304069,81925537,-510603738,1352013080
10,6,1,2,10407,-1718242497,2024632557,1377071974,1730768684,-115341254,-1155679865
1,7,1,2,10407,-859444465,339095264,-990951726,-1325382831,-973575758,1961330359
2,7,1,2,10407,667293841,-129143908,1609761848,2042638010,-239155258,872593950
3,7,1,2,10407,-753318635,28865004,339779254,1080594130,99640022,1588263005
4,7,1,2,10407,831135375,2000240476,1744846150,240525259,-1065723430,1665728998
5,7,1,2,10407,1956435730,968055998,-94516566,-95938908,-976783867,1622165324
6,7,1,2,10407,825678080,1644393960,-1988718058,2107005322,802720229,-1999892966
7,7,1,2,10407,1454231976,1054126355,-458673498,-514033481,1731141176,1938281889
8,7,1,2,10407,-1166175366,-1400526586,-836570685,-1773079523,-2039458096,-1898923730
9,7,1,2,10407,-1255310542,770911361,-2098872535,-2057467813,-610929216,-1986514146
10,7,1,2,10407,142427362,-490469377,-144174750,-509361393,1036823676,-1165017494
1,8,1,2,10407,-378089814,989136664,-747243005,1574501288,-1787839398,1573657080
2,8,1,2,10407,673400228,1554130962,870675061,1978319183,-2059960132,-1209297680
3,8,1,2,10407,-1663517962,792326515,-1627213238,673186223,59930831,299746748
4,8,1,2,10407,1011307223,1330330487,-1959224976,974496689,-426997,-298697985
5,8,1,2,10407,279594310,-39834735,78302149,132537853,958602454,-442584333
6,8,1,2,10407,362578358,-747392381,-1740365523,-1341782106,606552353,673206357
7,8,1,2,10407,-177975166,1238054926,1909678578,-1395318129,1345171992,-998291806
8,8,1,2,10407,1836587492,223506951,387569684,1345402355,764246976,522479892
9,8,1,2,10407,1667095964,-1760477967,-47289564,-46406567,1080876290,1802635943
10,8,1,2,10407,761729009,1475244843,440894422,2116923626,-1890634105,1118261540
1,9,1,2,10407,-1170065848,-1245977064,-842580599,-1100288400,-324059818,-73294063
2,9,1,2,10407,468888062,667436559,-1941727335,406334724,79622994,-981465131
3,9,1,2,10407,94509310,120996222,-1371007466,253504355,689455074,414647973
4,9,1,2,10407,1453335834,-331111303,-526508442,575672980,-853515661,215237285
5,9,1,2,10407,1526027405,2124171801,-364773056,-596896813,-258358678,925517042
6,9,1,2,10407,1393203246,667650354,-1787421077,-1197842997,-1056687337,1970064045
7,9,1,2,10407,915738019,-446713665,418353258,-436071791,1339381752,1485505070
8,9,1,2,10407,-17330291,1676388045,-1848044136,374624704,-208631321,-2112214208
9,9,1,2,10407,-1528751704,-870949868,241859129,-978623727,-356255917,-827606304
10,9,1,2,10407,1131076318,1213484141,-142811857,1110205414,-1497635332,-1126557004
1,10,1,2,10407,-1595545219,2067594692,-1296588844,876395005,-1123085033,1202046754
2,10,1,2,10407,-806206643,-1519421794,-1188400724,-1415151655,-1224112390,1888156013
3,10,1,2,10407,-655285221,-444064613,2085644609,-1339961760,160890252,-530879807
4,10,1,2,10407,650247638,1026232698,-454247581,688235330,-39155171,1773518974
5,10,1,2,10407,-1122295448,-1969518590,762490578,710037143,-1058041948,-546306858
6,10,1,2,10407,-536556828,1850700530,-839112780,-1182918633,1618871763,119472066
7,10,1,2,10407,1338988099,890907329,-242311704,2103735818,-1069236154,1747053934
8,10,1,2,10407,879741689,-944805734,299127776,-1360508254,-471236798,-1385665422
9,10,1,2,10407,-1757814581,143019527,-1480176162,963718909,-671472466,1848877537
10,10,1,2,10407,-881166410,2127170108,1807095116,-44911928,957313034,738658968
1,1,2,2,10407,-640266455,-606480398,-767091214,-1809590943,-1608571308,913889971
2,1,2,2,10407,-2084340335,-592769228,-1493460245,1041305018,1131930875,-1335163839
3,1,2,2,10407,1334793127,358640333,-637094931,-1910154552,-1773041550,187568763
4,1,2,2,10407,1545460776,1806729469,272448261,1557632552,-812633641,-1871922502
5,1,2,2,10407,-498186393,1368206049,-1054181745,1014841377,1989643512,1176342155
6,1,2,2,10407,1423932645,-1459338858,1981703738,1082783804,-359122854,-2140775193
7,1,2,2,10407,689879118,-1397661865,2022591454,-1667074312,-576097413,-1992157097
8,1,2,2,10407,645703033,-1915055426,510727462,178037769,-1718390910,-835034770
9,1,2,2,10407,-998212053,475606999,-2142850031,1183658839,-1056185563,-88425875
10,1,2,2,10407,1166836057,-1496983644,827089930,1715264710,86643394,-1284469907
1,2,2,2,10407,-1476962817,683079308,1640638583,-1147387795,-1102044494,558738365
2,2,2,2,10407,1037571914,1156969849,-382828673,139226120,-239852654,1684489798
3,2,2,2,10407,745690771,-702642528,1032034877,1999994329,-1113492325,-2025237029
4,2,2,2,10407,1012408555,890271186,-1067690748,1117661349,457547119,-850830588
5,2,2,2,10407,680941322,-1571970843,1445854203,632648994,112732615,-1666479558
6,2,2,2,10407,-1791221968,279970655,-1159477755,-936610500,930861483,1154436173
7,2,2,2,10407,1908645533,103787827,1577068422,-898629295,1160907907,-728614529
8,2,2,2,10407,2131386941,330180389,-1647255131,1333574148,1879072434,1389250913
9,2,2,2,10407,-36066587,-1596894365,1002892610,-318655249,536738560,1735314382
10,2,2,2,10407,911339073,-1058356589,-1872798557,-247238459,124478877,1203415118
1,3,2,2,10407,-1909253435,49059617,289756603,899280579,-1099254294,712201157
2,3,2,2,10407,-1651910601,-372723269,830614411,1565469120,32177524,-1192592173
3,3,2,2,10407,-366740511,-757106721,-768616464,2076282976,1296106350,683942593
4,3,2,2,10407,30018041,1099239783,797007453,-1732220299,1315636228,-661338328
5,3,2,2,10407,3368157,1115980960,1825374606,831048490,-1005369127,-437406587
6,3,2,2,10407,685392202,-347519742,2138789071,334800397,-1178221603,1348776425
7,3,2,2,10407,1926548218,-377469013,-913128810,-1263144655,281330441,-403415639
8,3,2,2,10407,-1533071835,1008903537,1858412666,1422774865,-869334545,-2118239298
9,3,2,2,10407,-462290603,-1542496239,-1631846381,-787653539,2011864649,1630068600
10,3,2,2,10407,1834986706,-425921178,1651205468,58360925,264691681,-2012245416
1,4,2,2,10407,1562988488,1805214535,1283350476,564818776,-2005255453,-1536862019
2,4,2,2,10407,862251877,-1925618295,-1807060954,1740914205,980805312,-2122632154
3,4,2,2,10407,1824828612,-25939874,-853015315,828629873,577169461,237786533
4,4,2,2,10407,-638089037,-361837302,205558940,-562984587,-1549816393,71575755
5,4,2,2,10407,-424567193,-1336244309,-661517452,1001713855,-961046662,-1350239618
6,4,2,2,10407,-436850795,-289188169,-670210306,-1465779624,-423581138,-336275594
7,4,2,2,10407,-1702434165,-1698414273,-1675655239,435342183,-759800523,-1115679996
8,4,2,2,10407,-624468135,2025390439,1298809630,64457213,533342934,-1989992340
9,4,2,2,10407,1099365328,-927737024,-256050986,-1288431602,-376793074,-834277708
10,4,2,2,10407,-1119064351,-213544511,-1384810131,-974563949,-981130506,15497376
1,5,2,2,10407,-6977594,1271323334,-972457228,976397508,-678358318,1814972766
2,5,2,2,10407,-1511612139,959054695,-430543795,-532300690,1685948755,-134132032
3,5,2,2,10407,2015174749,1301379110,-559783133,107340919,1301054270,2016590880
4,5,2,2,10407,-848264284,1599940524,1770571934,-2027618815,-321942021,355616119
5,5,2,2,10407,-1340744848,2080693710,-1225487151,854959532,1176129392,-209133880
6,5,2,2,10407,-1905677857,-1073920463,-469679162,1060742960,2013110414,-1819570564
7,5,2,2,10407,1194178771,-872518234,571917603,848283378,-1662738036,-1064675022
8,5,2,2,10407,-859547518,-691163430,592459366,-68900741,-315347645,9572950
9,5,2,2,10407,-2075008924,-51143825,-1713337927,-299777389,785349970,-252095310
10,5,2,2,10407,-1182618284,180663853,218748158,1291933854,1582706939,991381975
1,6,2,2,10407,43119831,2043696888,-883466084,-1002226213,62541799,1507367363
2,6,2,2,10407,1908928167,1292823150,-1330231531,-479540209,1736019937,-858860700
3,6,2,2,10407,-51575234,1001599247,-78503831,-2065823541,-902908667,-593743318
4,6,2,2,10407,2084086041,-1206036898,-2055507601,1721184314,-761519591,1414209730
5,6,2,2,10407,290109702,738084523,224444110,-1931083392,310783246,-678782407
6,6,2,2,10407,-755736218,705736938,-1678156656,-1467714376,-426657627,-974577397
7,6,2,2,10407,1921565911,-195456596,-1062479465,-480006516,-167773339,-249040435
8,6,2,2,10407,-1157627862,1975050144,-646452840,576428615,798656339,-1258039671
9,6,2,2,10407,-810638870,1341653063,1849410793,1923442545,1850663734,1758396893
10,6,2,2,10407,1459621412,965898199,-1678931656,1159595304,-1181014363,-384491045
1,7,2,2,10407,146006079,-914789759,-1332794868,-1501886615,1536718054,-1993387321
2,7,2,2,10407,-333925405,-155347247,199333343,1579497067,1420729358,-342439835
3,7,2,2,10407,-929077989,-1257085106,-1798565277,1832947519,-1795705989,-1898018392
4,7,2,2,10407,-1733041519,657987724,1696911103,-431442416,-908156754,-57244345
5,7,2,2,10407,-461648198,179778161,-817143225,-2063199410,1339472590,1599067998
6,7,2,2,10407,-1105771177,-2094706600,-2087838609,1260372611,1329506265,1188230757
7,7,2,2,10407,959745592,486623080,-1907419009,1284870953,313403712,1009727644
8,7,2,2,10407,1140882477,-638927944,-285094766,1762118182,825763491,-1411994053
9,7,2,2,10407,-1143824561,616739888,-871799567,836363777,1185009038,-1612684505
10,7,2,2,10407,1752881943,-1358235363,995159042,725351635,501574915,-2028302490
1,8,2,2,10407,874561082,-104488027,1104627894,145181153,1353114115,-1576075878
2,8,2,2,10407,-859635385,-1639068438,-783920943,-1022711482,-1610946386,1044427807
3,8,2,2,10407,498351566,332401335,-1764463266,1945780263,-905044789,38065648
4,8,2,2,10407,-380465029,2037751375,1099192625,1249137818,80883530,-247105657
5,8,2,2,10407,367537785,627783935,-1152410335,2102619131,-2059156771,-1436056629
6,8,2,2,10407,310050770,197036207,-1046584586,-2088448747,972423032,1068892002
7,8,2,2,10407,-370765126,2030524461,1652505383,-1683436912,940504495,1592137619
8,8,2,2,10407,-372361455,781550728,1153920650,1300843041,254976756,-1383970749
9,8,2,2,10407,1247462459,1309973960,2107241909,-587761595,-578451709,-499024753
10,8,2,2,10407,1803149511,303610413,-219856857,437722448,-1047475249,-1280906090
1,9,2,2,10407,49554568,-60612623,390811915,-1469520399,643278380,310944042
2,9,2,2,10407,813969332,1861623596,-1316702750,-1800422679,1777605332,1667554569
3,9,2,2,10407,1836912445,-2117109706,410569062,1124543445,1115326097,376745796
4,9,2,2,10407,1960954861,75645480,96192705,652029355,-634414776,2026874128
5,9,2,2,10407,485227613,-1393524861,-2008233806,-850320102,1953150643,-491651144
6,9,2,2,10407,-831978986,-705386536,-430581562,1709262737,552838152,261851508
7,9,2,2,10407,970288252,-1803564412,1186341111,243929150,1621820789,1079668119
8,9,2,2,10407,-399687051,-1507347067,-1605070749,526621997,1829387843,-942557211
9,9,2,2,10407,-758312174,1995754412,-1605636578,-1969793616,-992549533,1296169685
10,9,2,2,10407,1867980831,-80073638,982550596,1797202814,-2118660998,266254494
1,10,2,2,10407,-1025675651,-1354149632,1999154123,889481035,572450589,-1765240650
2,10,2,2,10407,286865397,-116188428,-654870006,-184708958,-2015332949,-319193033
3,10,2,2,10407,1934823021,1733296798,759361551,62513502,-1868496310,175194398
4,10,2,2,10407,599656331,-406025912,-2115124823,-1333322353,-564277742,-1516871885
5,10,2,2,10407,1878927204,-1264257069,-1425803078,1126903824,322131065,-1856511652
6,10,2,2,10407,1733351879,505669592,1305561983,392752536,-1875257932,563553604
7,10,2,2,10407,-575385769,1449805544,784037888,-1515613458,36002203,-1308904603
8,10,2,2,10407,-1467049762,795297338,-1093805888,-1843755589,1542682343,1622587962
9,10,2,2,10407,-131779530,-1687014878,2100574056,-319437316,1574169248,1249017567
10,10,2,2,10407,1870496853,-1970147962,-453555670,1639101300,-578711584,109295403
1,1,3,2,10407,1860151097,1082704215,1489939640,1777888851,-1240006538,-243875695
2,1,3,2,10407,842140372,-72423642,-1107557030,-1929068296,115434333,1615720853
3,1,3,2,10407,-1348090965,560983359,1073432901,1056370885,825154300,199491697
4,1,3,2,10407,-1828496950,-1921136374,840989171,703684419,-1718547468,-144682070
5,1,3,2,10407,-289504750,-2129173380,-283580084,1660904552,-1734779070,-1364664612
6,1,3,2,10407,1823358702,1265693529,-2105373514,965080036,242785281,1804547244
7,1,3,2,10407,55800553,-241691970,-1541010519,157888717,310738207,1377713797
8,1,3,2,10407,-1740266910,-1568591728,1577439661,384067850,1147445795,1289628905
9,1,3,2,10407,353429183,57175468,663146619,722628944,156534783,41100382
10,1,3,2,10407,1545460711,566756322,1733207212,-88892432,1124052070,-790856739
1,2,3,2,10407,-1182152501,555077799,59891432,-362663836,1725709370,-1136288062
2,2,3,2,10407,587257934,1383576392,-5123850,775196452,169904235,83894913
3,2,3,2,10407,-1013504375,-781129774,-1656106530,-395982581,2019986369,2107680884
4,2,3,2,10407,-261018735,-43664848,710559168,-160750421,-477395207,1983931896
5,2,3,2,10407,1371960920,1085387765,1641153568,-1642538771,-588569564,1417517066
6,2,3,2,10407,-1901275340,899219267,-918955744,-1547706135,-1246031465,970597018
7,2,3,2,10407,1980283402,-1885925716,1577429485,-2055971896,1964860860,-2140073330
8,2,3,2,10407,653583890,260787976,1221942379,-1271912506,-761090791,1002059728
9,2,3,2,10407,-507056430,-40309758,1184274481,189814726,2134259999,929632674
10,2,3,2,10407,1529241214,-1226813134,-728536800,1218221344,-28486817,-727939187
1,3,3,2,10407,772351142,606293698,-768997248,-1677902977,1486460849,-147731659
2,3,3,2,10407,-692306362,343749232,2084664633,127508005,800248657,1230344498
3,3,3,2,10407,-1161109691,258353305,-2127137511,828407125,713430542,1244243735
4,3,3,2,10407,-1237884563,-924009723,2035089410,-1514183444,-813820872,1531556934
5,3,3,2,10407,-1355803009,1634528241,2096740352,-95251829,1945157947,-843994133
6,3,3,2,10407,-1292571710,158166589,1186189733,-1848944935,-323042004,1336845843
7,3,3,2,10407,102539808,-946540631,-1492573817,1164463746,-1601778806,-257455598
8,3,3,2,10407,581954510,366978659,-797914668,-1760420431,-274079147,-1627647207
9,3,3,2,10407,595986659,1105400212,-7498695,-1110838952,-1890320117,1584863842
10,3,3,2,10407,-2083455168,1629255734,-100212512,1105982320,-1441397352,-297673931
1,4,3,2,10407,-1658790243,-1545402880,1393790178,-1402109570,-1549516666,2010580934
2,4,3,2,10407,-1697786549,-1845632577,2131128106,262556878,-1689138390,1660741765
3,4,3,2,10407,112219706,-524587398,1767857272,-1832802075,443660188,1446137496
4,4,3,2,10407,-1255289788,-577127704,1488387410,-927375117,-644059383,582530530
5,4,3,2,10407,-991218599,1248051680,-1491883313,1379959620,-1276920283,1547799371
6,4,3,2,10407,1825541724,-598356690,-1698413012,-17240638,-1068729884,-209246449
7,4,3,2,10407,-733530838,804007454,-1980244603,-491919717,-1951969205,-556119270
8,4,3,2,10407,-2056674512,-91219841,-253987919,-1125727360,593892132,934681647
9,4,3,2,10407,-156723139,2107334,973246558,1443067809,-1515843115,-1557534798
10,4,3,2,10407,-71869235,-1828888671,-1542776905,670794361,-488920793,-39616845
1,5,3,2,10407,1068437397,282371893,831411535,309842824,-39999564,2091706842
2,5,3,2,10407,-603602239,-360152001,1669982217,-1569285335,-1154717972,629155525
3,5,3,2,10407,1780085513,-858403830,-181275479,1623946011,199967056,1344890403
4,5,3,2,10407,-2023375948,1299919653,-1363480474,194972954,-1565506099,1037068147
5,5,3,2,10407,-187526439,1604697377,-752265995,-1476332572,-1116322278,-1589865555
6,5,3,2,10407,-1878839045,1947188562,-1862424657,-1181521251,-648429139,-209777287
7,5,3,2,10407,882066057,-1843494740,983817273,-77772239,1630305220,1185627985
8,5,3,2,10407,1561735683,56079103,-1064081728,1058760767,1304083675,367055282
9,5,3,2,10407,-1679749910,2037945339,-16596747,-1314116248,628572985,1471507577
10,5,3,2,10407,270572493,2145068041,-1709376010,-300828404,-753752349,-694015858
1,6,3,2,10407,-1296912464,2108825236,1936117650,1247357328,1062591933,1132518972
2,6,3,2,10407,-1735716267,935370898,61924787,-1980010969,1457418761,434385721
3,6,3,2,10407,1300954256,997413443,-844240756,1049961048,1564945104,2004988656
4,6,3,2,10407,800120337,-605399031,-1245919074,-938826705,-550273986,-1706712307
5,6,3,2,10407,503122994,-1270694385,1595148327,-1323800580,750929496,1081164099
6,6,3,2,10407,-1461017973,1050375528,340310515,-1746317231,166812220,2131477595
7,6,3,2,10407,-1686007128,965162805,737404421,1467522096,-1160799565,794666735
8,6,3,2,10407,1364131040,1291795395,-757938994,-460986833,1602791862,2136248158
9,6,3,2,10407,-572527949,349927629,891042165,1840888376,718403437,-2049005420
10,6,3,2,10407,538360035,-751957439,-138940731,79790132,-32173830,-438036410
1,7,3,2,10407,1870905785,1463923078,1306283925,-105787296,1537661990,-1168084607
2,7,3,2,10407,404768598,-203731996,519526229,-512441857,599494316,-2125036247
3,7,3,2,10407,-961389110,1642474812,-445048001,57066723,180100025,-1956194405
4,7,3,2,10407,-1870543096,-74743979,-960437223,2090753757,654140383,1788428896
5,7,3,2,10407,-2078848318,868048838,246816819,-1815549823,-286622857,-1228200310
6,7,3,2,10407,1924103368,-2064153339,-1338327113,1314039660,399758960,-15656287
7,7,3,2,10407,1474843281,-1944321010,750962170,-1295059726,1754321747,-29668803
8,7,3,2,10407,1092842450,-1916828177,1399648413,803600117,-889864109,-454660244
9,7,3,2,10407,-63056485,336644076,788129672,-1268599291,-1034049351,-485002373
10,7,3,2,10407,982960402,573739075,1662614333,321785548,-1055112750,1523805557
1,8,3,2,10407,-2104113077,-251125890,1249363527,1562774027,1086879189,-47363353
2,8,3,2,10407,-709813494,642402918,1248222347,465581581,991589232,1282262933
3,8,3,2,10407,-1035309938,-629967300,-1461381294,1086847755,-2106026002,1652511496
4,8,3,2,10407,-1524608478,1851099467,1645484521,-487443696,1350536159,178696201
5,8,3,2,10407,-1076624908,-1246248108,-2115341051,696313779,1060550509,-17770109
6,8,3,2,10407,749729623,1697464322,-1129423371,-1321771333,185989755,-1752769014
7,8,3,2,10407,92547492,-311032319,-1508059805,-1546976280,757605333,-1652252692
8,8,3,2,10407,1697852988,-1889887704,-2112802944,-230330726,861857549,218880724
9,8,3,2,10407,1418982481,-1057861636,-1874530610,53442849,-1392921433,2131682596
10,8,3,2,10407,663142071,-1967755606,-819650207,1057394057,-98593616,-641317648
1,9,3,2,10407,2074507307,-677220457,1654379513,-1463719335,-786554606,18479454
2,9,3,2,10407,1949269626,2027418907,324577821,1483972218,249535623,-374072376
3,9,3,2,10407,-1953836410,-810019656,-1331535804,-1166167816,924169728,-1864746365
4,9,3,2,10407,1234624490,1504936155,1473478682,362161981,-68245959,122015959
5,9,3,2,10407,-922600248,1039320586,-353084761,295737135,-611142257,1314724441
6,9,3,2,10407,1403281036,38287325,-603444584,258685695,424298122,1985905031
7,9,3,2,10407,-1238472834,-506126030,1125351182,-1492019464,876646593,-1563064257
8,9,3,2,10407,-1789968219,403571973,-964916017,731075907,-1058620078,353683787
9,9,3,2,10407,1579370639,1789040006,551917052,1933439155,885837476,333767426
10,9,3,2,10407,-540884199,-1973470216,-968598766,-1321911469,-989725455,2044147502
1,10,3,2,10407,1686154599,824311603,-945794760,-518322536,514885285,-1609762693
2,10,3,2,10407,872656175,1863987658,-706307952,2043896930,436315690,1091112309
3,10,3,2,10407,-1578454033,-2074070569,1401055800,-635739356,1962880666,-1042314649
4,10,3,2,10407,-1993291077,-706558162,404116188,-617648306,-1169237371,-802653865
5,10,3,2,10407,946124947,6744462,703328672,680648246,-1606672640,-2088484933
6,10,3,2,10407,87042575,155622383,1771659196,-1918478973,65169861,-1040855637
7,10,3,2,10407,316448658,-438715345,-1799197691,-1047673703,2136736117,121408750
8,10,3,2,10407,-1322273713,-1286561099,-1179850392,-1542799567,-363825704,2123122519
9,10,3,2,10407,1034289426,-1457904730,-169217503,1629699625,-78188478,330577258
10,10,3,2,10407,1281043199,189532004,1335523966,-1385976738,-136004154,1944265089
1,1,4,2,10407,-1812918995,-69958834,-862416135,1487788168,1488131175,-861223063
2,1,4,2,10407,-646079403,1632312586,150392982,305826957,-864695488,676371737
3,1,4,2,10407,1194520147,515460346,1180052198,1238500930,1324164550,1413905438
4,1,4,2,10407,-605363248,1141697628,-775604364,-165864425,1871620107,867915690
5,1,4,2,10407,-2070668116,359934709,-302081634,579078521,-1960590031,1138891150
6,1,4,2,10407,-1065998322,242544392,-1857438080,10990571,-1243388563,91101165
7,1,4,2,10407,-1612961466,887247863,-851125639,505091587,-850985945,162227297
8,1,4,2,10407,-1431535022,-2034232171,1081951395,2144758637,749814405,-821492852
9,1,4,2,10407,1211875558,435126061,1625520096,-501647226,-698464459,1477384186
10,1,4,2,10407,-487810067,1178119459,482770824,1184610631,-1936644786,-1414958648
1,2,4,2,10407,414832845,898641314,1962430747,-1275115110,-1736170056,-161588954
2,2,4,2,10407,312589318,1684948661,107730255,505011355,738456638,590873389
3,2,4,2,10407,-145787323,-1447919385,-522837791,-1385879879,-1072971378,251741493
4,2,4,2,10407,-291856597,-259143004,327484681,2140645435,-357516527,-1356436170
5,2,4,2,10407,-1978772185,-107396181,765904511,-1201704898,-2043265638,-990374518
6,2,4,2,10407,2115522658,399361032,-1181359551,-1992054554,-566343064,828511489
7,2,4,2,10407,2019864286,-1458914022,1475923448,1952265838,-2070938390,219119038
8,2,4,2,10407,-922500279,412564934,-1746248776,-1383347557,863897293,-138730556
9,2,4,2,10407,470594340,25531773,-2126819556,2137451667,1327803926,-1795690048
10,2,4,2,10407,-300478478,-1346265294,777989532,976440270,-1078252497,-748024208
1,3,4,2,10407,635966259,-869733492,2133541820,-526278456,1745724287,-833318832
2,3,4,2,10407,1385914063,-556299508,-1670572906,1614761410,-383526970,1725345046
3,3,4,2,10407,-271684242,1233239213,873552143,-752954115,-1893137617,1450296627
4,3,4,2,10407,1977294482,1979266499,-1874042234,484027176,-329836270,602484939
5,3,4,2,10407,-1701003031,1740767526,1057495578,-1217798800,-273154812,6811974
6,3,4,2,10407,614004266,547321478,-925518312,937409818,1441260596,2071948614
7,3,4,2,10407,2098498556,-512200205,-1740703893,-417913054,-776065865,861238527
8,3,4,2,10407,-1825523070,-455809145,-270168073,1660826555,1026912556,-1174500
9,3,4,2,10407,-1405044872,-1636770506,919067102,164275973,472728630,-1506683538
10,3,4,2,10407,2090258479,-1851606691,-495663188,834485193,-1453936636,-1510773412
1,4,4,2,10407,-656960544,1900580410,1158654860,-1060118700,-1049274609,-236656317
2,4,4,2,10407,350726334,289956464,669718222,-1829822230,1410807139,-368412394
3,4,4,2,10407,-763135709,1041714917,-587088033,-1333489234,-354614190,-1334903535
4,4,4,2,10407,1351228701,1339789506,1968041011,237990475,-496347298,-946072538
5,4,4,2,10407,-1094192147,915174982,1736280063,1762479173,1525359395,-1766809465
6,4,4,2,10407,-1146227156,1844413230,-853116999,-1173728357,1717867249,1629663162
7,4,4,2,10407,2138960292,13231094,543504930,2127113461,306784924,-677409267
8,4,4,2,10407,424822603,1240961894,1868601524,136200152,181320256,-2135496305
9,4,4,2,10407,1231391587,1891240545,2127255503,-1216472227,1425579307,354856667
10,4,4,2,10407,1500232075,-624632412,-255416568,-1622640777,390901453,-273676241
1,5,4,2,10407,1898978577,749266082,-2082929074,-717040567,-594833493,184539526
2,5,4,2,10407,583238963,1832697210,-397348586,1571160242,1423040999,-65936295
3,5,4,2,10407,868064938,169466793,1430115619,-97806272,-977639962,-507635806
4,5,4,2,10407,-177401695,1496431307,-1103366271,1835886615,-1250251965,1614487635
5,5,4,2,10407,911844834,1636393769,-769900622,1952297315,-880262423,2083664555
6,5,4,2,10407,-826700082,413452734,358091094,10832514,-1145303630,1743867156
7,5,4,2,10407,1576271014,-1031417854,487568275,-934700149,855537472,-572304827
8,5,4,2,10407,1670858109,-1355250101,-614679005,-1963363780,85954738,-1899585914
9,5,4,2,10407,1690425417,676344057,-1266000550,-1665202431,1745540152,1154907977
10,5,4,2,10407,1939547122,1874836291,-116333085,862186823,801371612,-872712621
1,6,4,2,10407,-2012231736,-2040683341,1612118305,-203390364,-53617200,3628184
2,6,4,2,10407,-279110363,10542066,-1320939406,-306624442,578220240,-999272964
3,6,4,2,10407,-364836962,319723743,1973836930,910432750,946737618,482463835
4,6,4,2,10407,807327675,420861085,-545924718,-963286001,-980787236,-1707363539
5,6,4,2,10407,-197777136,726330907,1271482027,316060011,1381105397,1602251794
6,6,4,2,10407,-1212853444,-1894951536,-158988646,-501859294,-1981157417,204662247
7,6,4,2,10407,-1927221568,1170220521,1218849505,481732424,-1253816124,921121937
8,6,4,2,10407,495212669,-496908676,-1351350305,244769099,-1047784274,640345862
9,6,4,2,10407,648094248,-1689331475,2029302229,-389486881,1633975850,1723910673
10,6,4,2,10407,41174231,-1934452422,906067520,136113500,487171232,-1603939525
1,7,4,2,10407,939881193,2023361116,1277482521,2098709978,-1999088577,-1044265046
2,7,4,2,10407,-1868806316,984565788,-1405313982,-1367306798,-620621460,626959333
3,7,4,2,10407,-862979280,-1727128773,-1434220400,678127922,2100194861,-1772566123
4,7,4,2,10407,-1633338812,650710213,807401387,-1742481309,-665773506,-583913164
5,7,4,2,10407,377658494,-1272719193,602478317,-1029891128,-1527628196,-1962551416
6,7,4,2,10407,-1160210358,-816258931,208444872,-1726061320,2101513318,1099989380
7,7,4,2,10407,1344904860,-367915952,1544165156,-1006982654,265575510,-1039016027
8,7,4,2,10407,-1707865862,-1563697467,1499596611,-96177351,457518595,1929250158
9,7,4,2,10407,165030495,1076337033,1866148369,119579110,440335041,-524298415
10,7,4,2,10407,1008367393,-1743073736,1089289628,-1193619034,85668096,70114487
1,8,4,2,10407,-621304306,-2015497786,1240174096,-91999317,-780931245,-1094925518
2,8,4,2,10407,-671505285,-213611699,-724014477,-291673759,-715578253,1077090912
3,8,4,2,10407,-1446596577,-1457892666,554349024,1245556106,-1393956066,1220470203
4,8,4,2,10407,-949297542,1198054050,1776848705,367198807,-1128376727,-1960299954
5,8,4,2,10407,190425278,450157753,1437483954,135073796,601752758,1085089561
6,8,4,2,10407,-970018233,-1027628714,329175640,-584875756,914947635,1777439150
7,8,4,2,10407,46221152,1108212701,-259997027,891566461,-1231382640,-1766735084
8,8,4,2,10407,-1428260990,-1243939027,-1070509253,1585755537,1534205946,-1524706740
9,8,4,2,10407,-1742797993,746304629,987419756,969286052,-1353979050,1098279141
10,8,4,2,10407,-1760296462,-95556825,791407259,-2076364353,-670698776,-1573983241
1,9,4,2,10407,-1533157534,1563741742,793344346,-887416496,66464092,-1624346912
2,9,4,2,10407,2012288174,-148126883,-369132733,-1677232677,455387094,1108225059
3,9,4,2,10407,528343355,-553729916,-1463563899,-920336175,1199684518,-1527785985
4,9,4,2,10407,-1188650229,-514574295,1183465573,-1849111804,1458358533,-1296960813
5,9,4,2,10407,2117208698,-782924692,-1775591048,516373122,-987393396,-1930221145
6,9,4,2,10407,-350541991,603975472,-1416914160,-1581445525,-2004019034,878046476
7,9,4,2,10407,-1242170544,-1592298670,-978781516,-1672093135,-256668822,331411157
8,9,4,2,10407,-1082142138,-270235302,-168475963,-1310725605,-630311480,-1569051231
9,9,4,2,10407,-1351014007,-451335784,-910794475,95637996,-2089914393,-1014934498
10,9,4,2,10407,-607768993,1034395219,-613834065,1300852289,1340975316,-1028156495
1,10,4,2,10407,-1063320080,815529860,-1299248088,175295609,1637085884,1157517043
2,10,4,2,10407,1795333704,1212495225,886520796,1627472355,-723302265,-716148909
3,10,4,2,10407,954892861,1963177004,-1654188514,179822595,158795467,1523790707
4,10,4,2,10407,1286440841,-1308736283,-1708330408,2056591072,-1700712430,938171070
5,10,4,2,10407,-423203336,-1919386694,-1592239926,-1434494464,-1627630928,-1766951558
6,10,4,2,10407,-1027395773,-501316810,1480694911,69390408,-92792267,-685803038
7,10,4,2,10407,1260096656,1454540660,-768145135,-1034195555,703332996,-12934615
8,10,4,2,10407,-643956021,1976376302,1381593332,-1545599096,1332091444,1355995941
9,10,4,2,10407,1079943088,-2095763477,-51974442,1019545985,-1158759638,-334247383
10,10,4,2,10407,1744993957,1455487658,2011287631,383476762,-231981153,1889551081
1,1,5,2,10407,-1661786875,-974377713,2038060914,456162287,374091664,-1192251115
2,1,5,2,10407,1662567592,445702742,-2034117576,-918834635,535456617,60296951
3,1,5,2,10407,1019648893,1715191292,635320057,-544971215,-835266785,1490947334
4,1,5,2,10407,1758328414,1923034294,-169657732,50804645,313645423,-1423048992
5,1,5,2,10407,-1289522423,-1247731498,-1344488507,-333336224,1294661430,517738552
6,1,5,2,10407,14156128,-589874680,-1788521221,-1074051960,1988215451,-1418587992
7,1,5,2,10407,822295456,-778505609,-1753578262,10657901,-1383346992,87412082
8,1,5,2,10407,125378596,1039016914,104795664,-500406482,-2101629072,-1884650205
9,1,5,2,10407,-1411493384,-2048955010,-296590633,-75253915,1650062617,1375293362
10,1,5,2,10407,-2020884098,-857187631,1283563320,1526338201,177886327,499942428
1,2,5,2,10407,2051242177,-981032100,965839116,1885827646,-1852766068,1647354144
2,2,5,2,10407,117003772,1050359866,-1300343510,-1492383684,-1755710307,898961205
3,2,5,2,10407,-2074831124,519868630,529786789,1031534379,608837597,660393857
4,2,5,2,10407,2089677466,-271576374,-1457862876,-1179264737,-50477944,177521115
5,2,5,2,10407,-1722365633,-1206250963,-1371020514,-1758339845,1933128837,387628006
6,2,5,2,10407,1183997057,975541831,-798918234,1572095761,1350348169,255854411
7,2,5,2,10407,1657930095,-1728597642,84799213,-597600686,136913194,-1696297149
8,2,5,2,10407,-2020650405,-1779746397,-1843034719,-138517193,368730856,1096274318
9,2,5,2,10407,101390624,350995346,2104875225,-1493878964,446107686,155939159
10,2,5,2,10407,-680808308,-1879799098,1714724935,1095836089,-443413634,-1858330501
1,3,5,2,10407,1641445764,-366224255,1838126853,-2047528669,1677418310,440736091
2,3,5,2,10407,-816905357,1110603612,1654284542,406178866,1740383096,73939838
3,3,5,2,10407,-657054568,1577538976,1481284181,-318878970,-495962634,-780962500
4,3,5,2,10407,-426220979,-2133516627,-852622188,-1470227286,725394793,-281248209
5,3,5,2,10407,-1641607371,-113164727,1818875360,621981194,990917921,-1538024664
6,3,5,2,10407,-13789829,-1440559547,1092072600,223889948,-87203393,-261048757
7,3,5,2,10407,-620807343,-1399787187,-995511420,950019663,-1112096463,-799885877
8,3,5,2,10407,-1849094335,908200614,634799165,-1290158383,-599676344,2063126828
9,3,5,2,10407,1255117130,1475620346,553282114,-592875252,391078235,-2022522227
10,3,5,2,10407,-101199444,-1244717774,-1074342039,-1030013607,858956936,-1504719025
1,4,5,2,10407,-807047318,-1011962075,-1209936141,5576103,116357470,-770413559
2,4,5,2,10407,-518102763,-347212871,1152665813,-211318357,1683374986,-1838261830
3,4,5,2,10407,541545738,-1744300309,690476771,-198906986,1736957431,-2008169589
4,4,5,2,10407,824022263,1245646032,-1323421744,1561671784,-1675692364,1022681414
5,4,5,2,10407,1768004176,-907170756,-1104457568,-1247848161,993490715,-2062156879
6,4,5,2,10407,726181190,690233955,-1398841384,-1900775395,152347661,2093206590
7,4,5,2,10407,1032503627,-1121866398,1547935706,-1574514194,539025436,86362158
8,4,5,2,10407,-1281511717,210834505,1945945188,-633574623,-196091667,692673007
9,4,5,2,10407,703394598,711032206,-94853833,264480235,-55505256,1706849399
10,4,5,2,10407,683131808,1578085774,-363413863,-982744634,574530518,-339664269
1,5,5,2,10407,2101292399,1831850893,627793760,936405172,-993071368,234252119
2,5,5,2,10407,29342480,-1551042616,-465975236,-1238048586,20278579,-1647845232
3,5,5,2,10407,1263138749,1572224481,-219900361,-1158619292,1254974399,44170107
4,5,5,2,10407,1294057025,459339490,1935425829,-202889030,-1379146320,-205406599
5,5,5,2,10407,735790640,-536538150,1390115739,899041028,-500382090,2004225926
6,5,5,2,10407,-1322889863,-222946983,-141281971,-1263423934,988110968,-1062567569
7,5,5,2,10407,-890538456,-897410631,-1535994295,1445233850,-2126996223,2043552398
8,5,5,2,10407,1856583081,-684800017,-1986860131,914703590,1962718206,-1700428416
9,5,5,2,10407,785503245,2052634949,481690280,1821053543,740778419,728018582
10,5,5,2,10407,238631454,-1044134686,594951471,-1539517421,-330102505,1113550583
1,6,5,2,10407,1808432482,439812578,-143149117,-505422724,-2121148673,1011097162
2,6,5,2,10407,584345540,1092853968,1865357745,-376694030,-1749283463,-783325388
3,6,5,2,10407,-1895254356,15151799,-162058337,2011828536,-1645257154,-245710369
4,6,5,2,10407,-287573629,-1722223065,559391969,683873678,-2019261528,788873347
5,6,5,2,10407,-566360184,450734451,1965134762,182917050,407934007,-1675478844
6,6,5,2,10407,1936044141,-908012949,-937191819,370993556,-286534026,-678290376
7,6,5,2,10407,1180971048,-410306072,1809489588,-1062464120,210593011,1315678901
8,6,5,2,10407,1985147746,2027216736,1536975619,-829009342,265593751,807974664
9,6,5,2,10407,-1903923087,-1161351864,-1121454139,-282075655,1562873894,1977630354
10,6,5,2,10407,1849462515,824898006,1502662053,-670280682,1214388471,1479582302
1,7,5,2,10407,-1990008764,1304960215,1505716697,1920758223,700102986,-1508224932
2,7,5,2,10407,1350316384,-230341823,114900333,1512622086,60552866,1359286939
3,7,5,2,10407,-852228232,1958118712,-740199004,825485725,565715321,-600324873
4,7,5,2,10407,1332441710,-1782075300,-509335081,-160528946,-2003895037,1532561403
5,7,5,2,10407,-1691170837,1723157335,-1223304300,1505169214,-1168119853,2127175294
6,7,5,2,10407,71282648,380427630,-451068685,-142089193,420908741,1597143131
7,7,5,2,10407,-2070332839,-1817865088,16459978,1231123062,-945559032,414895371
8,7,5,2,10407,-327348191,1695215501,1535158115,1084411559,-1930301778,1828040649
9,7,5,2,10407,1659392100,1710980338,-555602010,1018621214,1190049273,1340267796
10,7,5,2,10407,-618236304,811929374,-1161589333,1262585822,219503496,503551129
1,8,5,2,10407,1258847614,1131572762,-424389010,1363322151,-1896070230,582604080
2,8,5,2,10407,-1996599965,-76140419,1247749606,1944968894,-627534742,-1139670463
3,8,5,2,10407,-527355470,-412854634,680508798,997953552,-134630325,-1962336032
4,8,5,2,10407,-1468533478,-1763482883,-419813715,2081487882,1951471591,-1965381758
5,8,5,2,10407,-1515090350,1471693425,612431303,1353473059,-1171995225,-1894716450
6,8,5,2,10407,969512213,1891770244,-1184316266,-1914062659,-186319264,695709362
7,8,5,2,10407,692830706,-949785736,2088773969,-687691216,-1804970450,-1621452832
8,8,5,2,10407,1338261363,-1680152223,339523998,2080625171,1673218465,-1998114361
9,8,5,2,10407,213057900,542437523,-1250533482,-1787352453,-1904839970,1470303197
10,8,5,2,10407,463441241,563682625,-913663626,-715557823,36867820,1229851984
1,9,5,2,10407,-559608823,-1321824473,376387312,-1917941720,-1265784323,1592660722
2,9,5,2,10407,2109986854,2015114461,-1062967870,-1720939807,299559733,-601222330
3,9,5,2,10407,-1007522327,1653723275,-1514875522,-1520684486,-730663809,1446374786
4,9,5,2,10407,-345869172,1301645219,1699720985,-432754784,511091338,-238281624
5,9,5,2,10407,379891790,632978129,82136781,391990279,1110780810,673664457
6,9,5,2,10407,-853763876,2017326508,1361820506,249292213,-52432619,1591711168
7,9,5,2,10407,1852098473,814375190,-1146226970,-1244590568,2073783602,-517303097
8,9,5,2,10407,-1232744165,-1908785401,581247993,936502468,-676781110,-720879276
9,9,5,2,10407,1458153063,2077515434,-790028340,1585281088,-594982806,2037334771
10,9,5,2,10407,678746009,877234872,-572918398,1133226605,-533175425,-90338000
1,10,5,2,10407,-165030720,-1401071378,1328666161,1694959640,2069973560,-829382038
2,10,5,2,10407,-506065373,1155018978,194181625,1146120615,-1658021902,-308921813
3,10,5,2,10407,1062877903,724714767,98001240,-1928188092,344839550,-901979743
4,10,5,2,10407,87343368,-1699066695,795587511,-233848641,-1626924392,-1424775220
5,10,5,2,10407,-53230417,800486781,1950368566,-260159947,-1921972452,-1117244094
6,10,5,2,10407,751623134,-765611666,2134446626,1088615286,-1818153369,977719920
7,10,5,2,10407,1658177973,1379724528,1119111092,1957526466,695741980,449134188
8,10,5,2,10407,-191727284,-2062012447,-1168318605,1162454524,-1189389180,-78994579
9,10,5,2,10407,-1634855571,956964833,1895840358,2106586378,-2043777739,-1697029487
10,10,5,2,10407,-166420248,1786932397,-221547903,-1795997579,-1466824501,395206548
1,1,0,3,10407,-2008207949,-789804058,1250359555,1790645817,2116641015,-1781438955
2,1,0,3,10407,1795560805,1678284823,-1192153497,410660254,2025895498,769374051
3,1,0,3,10407,444855651,-380344211,294055110,-1278648537,544048646,-629048662
4,1,0,3,10407,80977117,-1002040669,236925447,-264419416,-1896149220,1384352268
5,1,0,3,10407,-686079621,2070189499,-1095932667,269923361,-1058255608,1529761969
6,1,0,3,10407,1446747562,-174888109,-1241771090,-1467904180,-171684560,1598352139
7,1,0,3,10407,1031179249,986315262,1624229396,-399949402,1449388133,-788679706
8,1,0,3,10407,1081782002,1035980623,-55814466,2144711263,-1409296463,2123991916
9,1,0,3,10407,-1187926073,1075425222,555159097,2067567852,-2119394959,1411865006
10,1,0,3,10407,1791183590,-521652356,995238365,-1473385922,-973862679,427545744
1,2,0,3,10407,854347164,-1219789297,1340471247,-1021622053,-449264107,-752700515
2,2,0,3,10407,-244103942,-673299337,-1834735897,179049346,1127895129,-1140850095
3,2,0,3,10407,2026436946,1214539848,-532698047,-1431211313,-513522314,-1989006047
4,2,0,3,10407,-1100194994,453135505,-657003641,1457443486,-1380473405,-1807111059
5,2,0,3,10407,880289536,1840745206,-1411452025,-459657699,1013386223,-34551038
6,2,0,3,10407,318388503,1257369798,90072398,552477791,-283375413,343812204
7,2,0,3,10407,-1334519117,-1322715483,-1763348094,-1689072642,1216179670,760750130
8,2,0,3,10407,-706179589,-1317482987,-27595871,1609809063,691668551,1673396422
9,2,0,3,10407,-1129006902,1672535273,-1164269455,-349969578,-1162646870,-1414395859
10,2,0,3,10407,-915714555,-967731494,-1456391758,692333560,859477133,579949768
1,3,0,3,10407,153062707,1823832465,1811921249,1470021025,-2052111993,1598616565
2,3,0,3,10407,-451885768,634535377,1408882149,2045393200,365138416,1827291022
3,3,0,3,10407,2129524677,-378966887,896370797,336561341,1601068934,-1828998971
4,3,0,3,10407,-1591460188,-316997076,723269287,-1211466029,-973470133,1894929166
5,3,0,3,10407,510697611,1725139204,1150840603,-2135701927,79730381,-140029896
6,3,0,3,10407,144902472,1096955888,1351698078,-847404960,-1633803897,859652750
7,3,0,3,10407,1422492783,-666679698,2099956664,-1177163256,237320715,-2111835129
8,3,0,3,10407,416230745,35021723,-821380558,195536896,-1317331179,-857761724
9,3,0,3,10407,380141465,2008772820,-78006052,-1394894052,1551379247,1549366054
10,3,0,3,10407,483578859,-230374512,-939914051,-736516822,-913187374,1226931574
1,4,0,3,10407,-914301056,-784178967,109236590,-1904134620,1038566842,423475096
2,4,0,3,10407,1375345501,1593149002,299302538,-2045186755,-132088626,-1944159248
3,4,0,3,10407,-672365923,1967496747,-282432622,1260652938,-115549072,113187072
4,4,0,3,10407,-976169904,1001364663,-759804045,-1456548068,347880100,706990028
5,4,0,3,10407,-1617854670,-1294039909,1353281453,-409713624,-565157946,641549016
6,4,0,3,10407,-1335983989,-119863805,-586184599,2014227532,-878990832,-1091750966
7,4,0,3,10407,-636029149,461390064,-1117112392,-764252139,-1710484339,2115747354
8,4,0,3,10407,-2086941773,1750027171,815633361,-1385932108,-141914444,434234863
9,4,0,3,10407,-522360436,-1080007214,1016236376,1883924832,-1625960801,-579632944
10,4,0,3,10407,-381554622,1357143702,-2075146160,95866247,-1583738503,145512390
1,5,0,3,10407,528115804,-1944860434,-121010257,-636054032,-2017150589,1747825910
2,5,0,3,10407,1337950066,559246198,-970075334,459545325,214901609,2100895563
3,5,0,3,10407,-2086696359,-164353691,1486529623,716041601,1376050690,1338638457
4,5,0,3,10407,-1629714683,-648592040,1528913389,-840365571,-2019056498,1158269817
5,5,0,3,10407,1495338066,-47380531,-727289829,-1658565402,2004992322,614665373
6,5,0,3,10407,185898868,527487302,209156555,1396571762,-694712345,1572531696
7,5,0,3,10407,-970124609,-396833539,1102247224,1677875350,1577173758,2031846588
8,5,0,3,10407,2054654038,928817647,-1793020329,372584358,-1339487591,955492408
9,5,0,3,10407,1519659734,1487226017,1433365566,590719586,65561841,-1030799013
10,5,0,3,10407,-63227902,1572473583,1077524949,-255485858,-1320175284,441461358
1,6,0,3,10407,-2081198291,574310545,-1632888811,1857738962,157602174,-1179493512
2,6,0,3,10407,-1371573244,478824800,494367522,-1707119911,607178709,193411019
3,6,0,3,10407,308538155,716801615,520385386,-136344178,-876501347,-1569857841
4,6,0,3,10407,-1107120686,-1132224850,-1442933850,1020324505,2001174422,1660905138
5,6,0,3,10407,-605048578,1868812447,1831977384,-1815785808,-468118358,-1708795394
6,6,0,3,10407,-2085870073,1505079762,132461374,-487519473,596116506,1564410297
7,6,0,3,10407,-641609113,1770215380,-1870946013,1473219944,-322451752,-309583702
8,6,0,3,10407,-1730464967,99225837,-1615923780,1501640441,-1500994308,315997532
9,6,0,3,10407,703309135,1023315867,1884885410,363158329,1411856306,561675601
10,6,0,3,10407,-1394361296,-416520701,1507589022,779184786,890131527,-32885672
1,7,0,3,10407,-142670167,-1354135888,-1114134228,1812177937,691841288,1798334747
2,7,0,3,10407,903414598,-1831777672,2143798373,1203894452,-273175191,996955641
3,7,0,3,10407,1480303930,-1193705973,2049576261,-153519984,-1124243414,-805681186
4,7,0,3,10407,1026866232,-1611532221,-1223694385,771125214,1721061969,510969117
5,7,0,3,10407,1162812779,1158837166,532114054,1025260812,1316623561,190576142
6,7,0,3,10407,-201460213,-460315421,760134961,1162815169,32842035,-1576721741
7,7,0,3,10407,774529223,-1650044065,-1913198399,88767827,-803614307,1059171574
8,7,0,3,10407,840986553,11187574,644997778,-813650652,-194946227,-1228929687
9,7,0,3,10407,1261489751,1067309025,2034930373,564672844,-574575667,-1276749704
10,7,0,3,10407,-594227735,-2020276125,1064423046,1843499968,1370360172,-1179357080
1,8,0,3,10407,1782026566,-846730712,-287021208,-592890894,116683742,2029037846
2,8,0,3,10407,-1077100911,1419280141,-626361069,-2026759711,-678072142,-1515458402
3,8,0,3,10407,959665753,1092540061,668714112,-948024223,1113095445,344735265
4,8,0,3,10407,-2035799928,1062219323,2086376380,677012991,-447488719,-637793927
5,8,0,3,10407,-226633,-2145792852,1009304304,234116254,-1988815909,1684467112
6,8,0,3,10407,2063822544,-1377594411,733025835,-489215731,-671674807,408183525
7,8,0,3,10407,543872729,-1593997365,956466236,-213757734,419363102,-938708061
8,8,0,3,10407,-1252676683,281786891,-1090950394,746390165,-1199792195,1962510783
9,8,0,3,10407,-474414413,888901355,-1387391344,152171766,119575196,-1406747312
10,8,0,3,10407,-292409382,-1703915903,-762115917,586112322,-369396463,1666565494
1,9,0,3,10407,286315832,1328455978,1386505793,-1465694851,744177523,922846195
2,9,0,3,10407,-1170779272,-695349293,-960722612,-804043762,-139087248,135365600
3,9,0,3,10407,-1884515552,-525422087,-495179110,1065031984,-278635081,-1572704681
4,9,0,3,10407,962110633,-1249272512,-2073885017,1904147773,111169199,-800114982
5,9,0,3,10407,1704552391,441743974,-1884349566,-626694979,-1742662577,-578131332
6,9,0,3,10407,816292423,932718526,-2129673130,-708889149,-742466041,1631531443
7,9,0,3,10407,899811747,-1927873968,1951412059,-220419456,207951691,1618016417
8,9,0,3,10407,1641448159,-989793282,-1498477532,-1030369536,633745735,312248300
9,9,0,3,10407,277774716,-65319485,687222264,361620317,-2023462830,-1619688597
10,9,0,3,10407,-1750470905,-85183438,-1799919283,-1685228330,2100113272,604302663
1,10,0,3,10407,-733190679,-485648489,-413579206,-1779498424,-719228269,-1871281614
2,10,0,3,10407,-1027096163,1596152527,-995297460,618335815,-2006779800,1312324789
3,10,0,3,10407,-148460839,-1348691725,-1288472391,-841875293,1447585194,-63555953
4,10,0,3,10407,1668276017,-13601875,1244785207,-1591183548,1090892605,1510103531
5,10,0,3,10407,1234539234,-308351700,708741696,599825720,-1281973563,1591570292
6,10,0,3,10407,-70928143,121863509,-737702374,1773690300,-1177479705,310951826
7,10,0,3,10407,-468834638,857857122,-1990970835,1783661316,-1896884773,-1039768837
8,10,0,3,10407,-1963172958,296506954,-344538696,-37265097,639473094,1853776086
9,10,0,3,10407,-1768689578,-1183004067,292620768,1450889859,956250286,-664458541
10,10,0,3,10407,1676200040,80942855,-2037780451,-60899286,1562815010,1179789469
1,1,1,3,10407,2076343606,-1247413708,148986779,-809312892,-187532889,-380942426
2,1,1,3,10407,124094388,-1337148597,1884956926,631691002,-1397608183,-922626579
3,1,1,3,10407,102456199,2124177740,-784674641,-1075891248,761122521,-1415663389
4,1,1,3,10407,888974745,2054444298,1085348200,-1986858863,-429619769,1248974145
5,1,1,3,10407,1933449992,944523880,-1923041957,1414345577,842422688,-1174861931
6,1,1,3,10407,-1637680603,-2017985287,1769190979,1512154463,-1465822798,376233338
7,1,1,3,10407,258675292,457621232,-1176035924,-1760259170,1155149423,925363933
8,1,1,3,10407,-1045987317,918481720,-1853933852,-491127382,-512322074,-982665051
9,1,1,3,10407,1204073948,-837379130,1628255861,1852700224,-434572216,1418098144
10,1,1,3,10407,-590026642,-133464437,670107268,-1268509659,-607133732,633039871
1,2,1,3,10407,-1264069695,-203937448,699600350,947339187,-1114554791,1038256977
2,2,1,3,10407,902968349,1277827749,-1320838712,-223772289,160661693,-1661805577
3,2,1,3,10407,-1423942931,1019418178,854471253,1730807062,-756677316,47954337
4,2,1,3,10407,-801798477,698467502,-2000828037,301010049,1102304933,-1816823851
5,2,1,3,10407,-581098294,-1898539489,1737674393,666977256,982829886,-16370239
6,2,1,3,10407,2104251034,1458333270,714250058,-606525832,180802317,832058593
7,2,1,3,10407,1081882942,-791738506,252276941,1944561149,-1352814484,919618241
8,2,1,3,10407,-454425609,1840136330,-1466135057,1564121796,199371692,1083341976
9,2,1,3,10407,260654635,-778150137,970155698,970896999,195216199,471023354
10,2,1,3,10407,-2145852537,484469253,436124225,1795293804,1651319794,1340815664
1,3,1,3,10407,-1523855373,-1422233621,-1222541040,1603900355,-701597608,1812174712
2,3,1,3,10407,-2060592554,790198868,1304921935,-1688991704,961313679,1464746338
3,3,1,3,10407,1373669020,-11926592,-1093125464,-1579278384,-1901529432,-1465091022
4,3,1,3,10407,277324914,-216763528,829765737,1989508874,2061238972,1716819060
5,3,1,3,10407,1592714022,-931369792,1778325535,-1043229632,1128780494,-1366605860
6,3,1,3,10407,-239561437,1520022907,-1721046202,1895603756,932017244,-351103637
7,3,1,3,10407,1032398437,-647782742,377883213,-1016996899,-1438177858,-624515637
8,3,1,3,10407,-1042504008,753437636,-143631837,1820968710,458396752,-481719265
9,3,1,3,10407,-209065079,-1121506871,-1309973830,1013855814,-955522450,1523731297
10,3,1,3,10407,370711480,-1985464882,1471409070,1732533440,1424474935,1427465319
1,4,1,3,10407,575447605,-898545954,2088357968,1043980754,487664105,445977261
2,4,1,3,10407,-1260981008,1714366437,945531714,895157999,415819308,2091604525
3,4,1,3,10407,389665410,-260499181,2134138657,-1179710881,36666398,-1299134467
4,4,1,3,10407,-1191013628,-64370816,405175986,33095461,757512276,-310115039
5,4,1,3,10407,-971042762,1877938681,589899471,-81030921,-441046261,436114434
6,4,1,3,10407,-547424503,839513150,1465403461,806622444,349245615,51922826
7,4,1,3,10407,2051575994,373018316,-1956382512,1506503525,-173060254,-926717441
8,4,1,3,10407,1734895965,-469998241,-713114391,-1306886023,43282039,1526820410
9,4,1,3,10407,-1769439905,-515128431,-107031899,241587305,-208577831,-768576175
10,4,1,3,10407,37460702,1188827821,934293774,1950851569,-1512494022,628338610
1,5,1,3,10407,-618921286,-317134107,148348684,-182161541,-1140292820,1117242283
2,5,1,3,10407,-771830781,-421643981,490061349,-1398069908,1870646091,1110205442
3,5,1,3,10407,-15034098,-1521175340,-288865330,-806038776,-1365657476,1998858137
4,5,1,3,10407,-1469152153,759462337,-1471002506,188387418,1821198717,122858722
5,5,1,3,10407,735331826,265025036,810640311,-18400515,1227931971,1297734795
6,5,1,3,10407,2052312547,-532153937,-2094854391,1836175695,173087161,-933402072
7,5,1,3,10407,1646544112,-1424299781,1742114128,342629610,-896854311,-287634236
8,5,1,3,10407,415925562,-1913912428,481465643,953659170,-846341481,1274708623
9,5,1,3,10407,614170127,307386548,1326649560,-1112459494,-1723950609,2095721831
10,5,1,3,10407,-500421888,-200504593,-1085860934,583602323,1790854860,-1092217323
1,6,1,3,10407,424574573,2007940360,604083387,1247064831,1605624919,1289208308
2,6,1,3,10407,-719970952,-2028594027,49722779,-495142747,-576362628,1430772945
3,6,1,3,10407,1894079107,-1925011081,1069971320,-1940786140,-180748644,-1987252882
4,6,1,3,10407,-612420495,776238564,-1433496722,-1465180785,-1797756770,-1085100915
5,6,1,3,10407,-502414826,-292620319,468856103,-60851442,636158903,1991257857
6,6,1,3,10407,1315359223,1600267383,-1199815130,-1083269660,1557213852,-893033870
7,6,1,3,10407,1045638931,1729706277,943005010,1656420140,-781650018,-1890213939
8,6,1,3,10407,-1679250584,-1718157511,-897778494,-509499699,1009656076,677549925
9,6,1,3,10407,-1425177122,-1644072483,-1691037569,411365967,875074885,55779680
10,6,1,3,10407,-1759752911,1794116830,-1544159161,-1729101193,-1013206182,-176267511
1,7,1,3,10407,1518455480,-448872030,-2021054742,1941713344,1725304068,-1140545048
2,7,1,3,10407,-892276090,-840331205,2128934077,-1894680180,14074201,748603387
3,7,1,3,10407,1075820965,-43510771,1740942266,-138440051,1748622871,782424368
4,7,1,3,10407,-754654168,535995367,-794889655,-215582363,-1402239091,-504120619
5,7,1,3,10407,-1510933907,2043163854,1976165073,94096720,895796234,794955300
6,7,1,3,10407,726633350,-1655359392,-833486955,-1087126953,-2096898532,-309237197
7,7,1,3,10407,-872733336,1468160016,176405592,-434352814,-2091661161,-1385376185
8,7,1,3,10407,-681661708,-1104949675,-376985855,1200463948,1373129480,510928615
9,7,1,3,10407,-1062348436,-1939483477,-528911900,-2039329821,336465179,-1582635688
10,7,1,3,10407,1415055753,-327238399,1967077484,-135774316,-16203510,-2045241720
1,8,1,3,10407,924858448,-261868078,1499536319,176750773,-1147226883,2094586366
2,8,1,3,10407,-443905538,879086582,-733100349,-488899205,-1497396337,2134299632
3,8,1,3,10407,-83256232,1369066428,-2121908563,1488840145,-561840895,1151956073
4,8,1,3,10407,2046539290,886715777,-212194278,734791947,-2095172097,-477006492
5,8,1,3,10407,346662437,1400431354,1603530312,-1682021561,1207484843,-492628325
6,8,1,3,10407,547926845,-2072320812,1389842281,1001774377,108463594,371626369
7,8,1,3,10407,-980767296,530639634,1936147715,-2118484546,2030356921,1569493331
8,8,1,3,10407,1503501107,1075900956,1334848101,-988487463,-39675243,-1171115814
9,8,1,3,10407,-636554782,1342551841,-119753523,184727054,805944668,250673143
10,8,1,3,10407,1729724823,-443122189,-239258606,1539283613,-1964578506,986805684
1,9,1,3,10407,1720218714,-1367157984,1150779234,716733220,-38919262,274150459
2,9,1,3,10407,-1825240342,1134377152,2127967076,-2128875008,1510688006,-1356769278
3,9,1,3,10407,678948415,1933290579,-1638408028,1446826462,-1743565326,-1823615103
4,9,1,3,10407,-493990597,1818362177,-1748170999,1087061596,-180964263,-56685246
5,9,1,3,10407,-1188335624,1203785928,-1414441508,1787360076,-1248623100,1406783865
6,9,1,3,10407,884580722,-895738310,2015597625,-492213743,-2088854676,-808830071
7,9,1,3,10407,-1597728571,1187692543,1974442207,-1632196078,-1029539731,1019941385
8,9,1,3,10407,678312159,-1867622110,-1495741465,1917050164,1501362378,1931626466
9,9,1,3,10407,-1852633667,16641936,-1521993768,1342957584,1820749607,-133874548
10,9,1,3,10407,746536380,-439528395,-1005557289,-1256969330,-1856987690,1512123694
1,10,1,3,10407,1623484578,-161398300,1087787080,1579833386,1492914805,-2015785160
2,10,1,3,10407,-773465678,1424468030,1679172024,-410193445,1128401230,957635907
3,10,1,3,10407,110422292,-300621644,-213733338,-829693875,1895664190,1340101903
4,10,1,3,10407,-500213856,-61098327,177283073,-1272633242,1742627773,-713151801
5,10,1,3,10407,1488850220,-1160908796,-608040224,-100741390,-405619720,1163134116
6,10,1,3,10407,1661274341,-1945612589,918564599,-1412035649,-2061921726,150435014
7,10,1,3,10407,-519817101,1294257599,1733703637,421718143,-114720047,1026139298
8,10,1,3,10407,-736271288,-1402054539,1643130903,270617417,85883213,-2135310195
9,10,1,3,10407,1615026476,-33262211,-1519350751,-1705582961,1271364359,-802607140
10,10,1,3,10407,1248351654,-1680637911,391384067,-1763874907,2109613510,1730032965
1,1,2,3,10407,-2019351598,1707106877,148880338,-381774626,-1689171878,289825861
2,1,2,3,10407,-539467299,1066254519,509254972,-1560338418,-1215941213,1340610157
3,1,2,3,10407,-964014517,1094083156,-403205549,-1476018345,-1002708709,-1176469129
4,1,2,3,10407,2104377954,1846485372,-1251661173,-728536607,1340809422,-605613336
5,1,2,3,10407,332005676,-1589979453,-1597249555,-1750674920,-1132802935,-451708048
6,1,2,3,10407,1563756467,1238857223,-1713003309,1316981717,2063445260,1113002662
7,1,2,3,10407,881516613,-908989850,-164116642,712602628,-1134339576,1588679095
8,1,2,3,10407,642586861,-2082569762,1846499951,16361038,-166207051,-1134754239
9,1,2,3,10407,1469456303,1581179540,-1634186979,1814833064,159603948,1091116274
10,1,2,3,10407,76352366,1446950776,1219164935,1738327030,851880739,1685483242
1,2,2,3,10407,-902310109,1634480194,1216052261,443317412,-1201248317,-766869858
2,2,2,3,10407,-879618193,-304566434,-1468559502,-2031175547,707266908,1294330501
3,2,2,3,10407,1113865273,-1193514393,1370962391,-1529130745,1897877699,1666191675
4,2,2,3,10407,1499928594,1145774243,-1152655447,1970930909,-1687239153,-2025901781
5,2,2,3,10407,1582162305,-69776363,1632720417,460203009,-1172568937,1431115440
6,2,2,3,10407,1670322122,665925577,-80245216,-876977230,-722475549,316483054
7,2,2,3,10407,746108976,-34432510,879010628,-1818376944,-1831323758,509966822
8,2,2,3,10407,643166975,-1235384542,-466702671,140490146,1800091345,-1806783029
9,2,2,3,10407,715902711,1289913338,126799003,2096627637,129277053,631883854
10,2,2,3,10407,771497462,-6193847,-866292118,-1840866199,-1323378168,-49242722
1,3,2,3,10407,-1386446373,-315648781,-1871091296,360380425,-1172714650,450167484
2,3,2,3,10407,861201644,1738776151,1598133390,1107797921,-1851040574,-680508244
3,3,2,3,10407,-892906843,-1424172479,-620053686,887595590,-1171835202,1809706314
4,3,2,3,10407,960985680,-1750697392,-1371072854,704233999,-513721520,-1659995892
5,3,2,3,10407,113094497,1877782950,1245007687,-1385728526,-799646306,-1312617606
6,3,2,3,10407,-485965489,1822847157,2105352168,2020167053,-1642056635,1755049213
7,3,2,3,10407,-2108752398,-1510921097,-454802591,-1111448254,-1815988408,1162464118
8,3,2,3,10407,774817022,-1449362926,-1930999439,1311401727,1318740358,161444237
9,3,2,3,10407,-2085144765,2015684961,-983166120,-287666102,-2081569988,-791865798
10,3,2,3,10407,-690079681,-112877710,1828829277,-480192697,-1849300111,1313342235
1,4,2,3,10407,1978739729,-1292244693,-1230048408,-1985515348,-1267238062,-1605960986
2,4,2,3,10407,-559512454,-670115850,-1478593544,-1182845105,-639725017,-312826456
3,4,2,3,10407,-1069802272,1098465642,1625625110,2013354234,-379584943,-1097344571
4,4,2,3,10407,-960661753,269202826,-1842924551,1374602481,190012583,549264850
5,4,2,3,10407,2054331256,360197376,1849698314,1118773463,1813881029,-45604254
6,4,2,3,10407,959210009,292361550,-99484842,1558135562,-341260174,-564814638
7,4,2,3,10407,-1514255852,-1165529403,1180616483,649694810,-167257741,1246960504
8,4,2,3,10407,-2091302275,1884014879,-33823910,-269194479,-196646023,-1671542516
9,4,2,3,10407,718944030,1978323126,2113386608,701935571,1480899925,737831136
10,4,2,3,10407,129248815,-1982366233,-1807757077,2034115348,-853405180,1950057347
1,5,2,3,10407,-895375924,-143550940,447024411,2461574,558765090,-1367936828
2,5,2,3,10407,457288431,1670910638,-1313160187,-1077938612,1861143839,-2001129670
3,5,2,3,10407,-1078416412,1252182802,-1265577090,-874489970,-282763176,51347235
4,5,2,3,10407,1362410737,-905762647,-2127963667,-243391423,-263220072,1571532818
5,5,2,3,10407,134593618,-366962232,956895918,-48559620,1286839422,2120654738
6,5,2,3,10407,1922966962,-1761611071,-1450674665,-202124792,1705455758,-1956244045
7,5,2,3,10407,1148282278,-1941975032,1723594044,306992643,-1237208066,-1433884930
8,5,2,3,10407,1792278808,283252129,1445200797,-1020264754,849882727,-304149452
9,5,2,3,10407,-226875247,1976059364,-634177898,-1187786705,721247315,1086963484
10,5,2,3,10407,72601228,1530618935,-276993302,-60785139,222923766,-892314619
1,6,2,3,10407,733370357,414001230,-118751398,663091773,-280683814,-513725641
2,6,2,3,10407,-1983689420,1528601403,-266390341,1915785422,-737200441,776989668
3,6,2,3,10407,-1170632815,-89472060,-371487554,-2059969847,-840241398,-1895627461
4,6,2,3,10407,-1481901433,-302887940,451334605,1874848069,847718800,812974674
5,6,2,3,10407,1347113881,236970254,-1039033307,2122591026,574047267,445771369
6,6,2,3,10407,1533109182,919209935,-2066343099,-1563840373,1994259240,-1452885060
7,6,2,3,10407,1789382079,1089554662,-1599884479,1633614957,-638268208,-1299366525
8,6,2,3,10407,581582516,1135110626,-1558315037,1138792436,2038360201,-161034252
9,6,2,3,10407,1590432383,-1515127717,1506853022,1192501648,578477489,1694824431
10,6,2,3,10407,520134645,-467217839,501383241,-209562439,236993919,-821103170
1,7,2,3,10407,1624405078,1861905997,909857817,-1046022033,-367826074,762245426
2,7,2,3,10407,334316447,-584166450,48340407,1477720637,1774371112,1683894862
3,7,2,3,10407,565131972,339939297,-2134224077,1331314575,1196340679,-1353785891
4,7,2,3,10407,-988323052,615806783,745181918,-1393838907,1993119,1059427525
5,7,2,3,10407,-1740265729,1601446674,-1644499156,-599695494,1773580126,-1161065790
6,7,2,3,10407,-881489546,-1119651750,-107164145,-311762958,-1001733702,1466817794
7,7,2,3,10407,-698427201,-468625285,843568167,-412817788,1731968874,369492148
8,7,2,3,10407,1170289596,-1971968422,-292460940,-1814877382,695195750,-2066783530
9,7,2,3,10407,-1473312616,-1501043668,-106472647,-193303273,-574635281,2125448392
10,7,2,3,10407,233213412,-1092115817,-1864440218,1354832275,-1010952370,-1776396114
1,8,2,3,10407,1032205192,-1682082859,280929211,513455572,1558217198,-1332788274
2,8,2,3,10407,-671734520,1609985610,-1003132433,-981215531,-1270022901,-142448002
3,8,2,3,10407,-1263777393,-1770736718,150447313,-1446377143,809906416,-1722846529
4,8,2,3,10407,-1877448366,-240540643,88813163,-1813973974,-1058763052,1497761161
5,8,2,3,10407,-1849138245,-1175437519,582952954,-780710130,-1985407760,-1476823729
6,8,2,3,10407,1311137314,570819325,-615706332,809017571,1497503559,133916752
7,8,2,3,10407,1312837550,912339864,-1969392761,1643019622,-929363927,1161460363
8,8,2,3,10407,1936059420,12596400,-1088648523,-135544319,1830111244,657066946
9,8,2,3,10407,2123839973,1352942204,-191415211,-1253909654,2094488449,-172882196
10,8,2,3,10407,-1715214094,-435289944,1999678038,-1902380788,-320296491,391519663
1,9,2,3,10407,618530609,-1864463436,794921651,1155524222,1733301606,1511500604
2,9,2,3,10407,-1768778134,798322793,446332118,231429971,-1939400358,1979342452
3,9,2,3,10407,1086332147,961970834,-98251851,-365692045,1525613404,567182927
4,9,2,3,10407,-321306750,694106273,-321392819,147099488,-1491973709,-819501358
5,9,2,3,10407,-264405167,-1870221671,-683590755,-468675212,1585408401,-1126031216
6,9,2,3,10407,-1568523282,616522286,1763978514,1476482409,-581226218,2032243701
7,9,2,3,10407,-1386154198,-2063773832,-216592872,-578467732,1855893915,1394520231
8,9,2,3,10407,-1217071265,1593106290,-493543216,1338098567,-1819481770,130040661
9,9,2,3,10407,2004430256,-519509872,909947627,1303715874,885939869,1481986484
10,9,2,3,10407,-168839592,2094405187,-841189936,350020475,1146527868,-1245179916
1,10,2,3,10407,-148050130,284958873,-31483123,924059845,-617215615,291949407
2,10,2,3,10407,1588254257,-635356756,143912585,-1519238034,-276784395,-1821959337
3,10,2,3,10407,338041999,-1483269996,-199662513,1938957447,-72343708,1086066090
4,10,2,3,10407,319305202,779843597,-252396686,-1853070779,706213201,-497567440
5,10,2,3,10407,1692033072,-826952985,-1288093496,18958837,953008510,-1836869324
6,10,2,3,10407,-1157457685,-496944634,1164210257,300332977,177559715,1014140404
7,10,2,3,10407,408076896,-1899750117,1240878622,-1988160524,-624495216,-1847248056
8,10,2,3,10407,201874326,-1333848860,-743196725,1752468669,592165120,1840872077
9,10,2,3,10407,1317240954,1788618195,-449565187,-1552559328,-1063666078,33464581
10,10,2,3,10407,1419131383,-1397015663,-11608496,-520316492,1274881821,194674331
1,1,3,3,10407,2057698376,-1680258066,-2022976991,1866735889,841984288,-1613235686
2,1,3,3,10407,191595542,-1848241707,-728948598,613572608,-1923987718,774231836
3,1,3,3,10407,2062381168,-688534073,1380257898,1794476192,1542870150,1048490738
4,1,3,3,10407,-1801708950,2080783989,-304020529,357505777,-1946087074,-28346298
5,1,3,3,10407,-712841715,1764371109,-655400101,2020309221,1027164583,-1142360135
6,1,3,3,10407,1174829662,-1342273198,1470501022,-1760408340,-926673093,-141762408
7,1,3,3,10407,1611699329,833762873,711203076,-171026178,-2138326054,163640100
8,1,3,3,10407,-2097743960,1601019225,708492018,-931694700,5343796,-1504864552
9,1,3,3,10407,545390709,242032442,-2005773327,-380946455,1165116871,968512590
10,1,3,3,10407,1244470237,484688812,1929405973,-178349878,2016470299,-1339792479
1,2,3,3,10407,-904534304,1453063251,-1465763286,1425937554,-643086899,629589830
2,2,3,3,10407,-1837287189,1176387198,-1921728217,-10216520,231227070,-28722147
3,2,3,3,10407,1431840222,-323655900,-62110177,-1697464915,-176785252,1739167626
4,2,3,3,10407,1198420446,-1041018491,-1539926654,1203964343,-447074293,-742419874
5,2,3,3,10407,1434078029,193928208,-393487021,-1394626485,692279018,1276401975
6,2,3,3,10407,-1554191315,-1001000246,1643471315,610875414,-375282230,1315277860
7,2,3,3,10407,1717287155,-1387408877,-609910299,-1466542518,-1571864194,1285117556
8,2,3,3,10407,583178811,1962374124,-962159972,634737923,-1477567052,-1857050458
9,2,3,3,10407,617597984,934164841,-1098128388,-337964729,-1756199843,-1548757289
10,2,3,3,10407,-1057628414,-989501839,-1770125838,1756905647,-55008974,1123024589
1,3,3,3,10407,538980403,-985636014,1166664699,-402265426,1308272966,1909204293
2,3,3,3,10407,1307989395,275009288,13641937,1970348710,70748450,431293323
3,3,3,3,10407,-561434401,557961622,-768329803,-1133302663,-493242206,1327839967
4,3,3,3,10407,865712484,325011136,-967969964,-1612206902,786976280,1361649754
5,3,3,3,10407,-631776071,-1176920143,-1574381435,-446927096,-776258121,488435659
6,3,3,3,10407,-1102019090,1679761503,949400371,-691179388,-1144366334,171281304
7,3,3,3,10407,143111905,-423825760,1752295391,1822576698,1240583308,-1387621593
8,3,3,3,10407,1639967914,-951139996,1047499172,-616515069,2111963006,770350614
9,3,3,3,10407,-1685527413,1253376489,-240861871,179932926,-1128841142,1172625176
10,3,3,3,10407,557984737,-1691906003,1033476187,503184079,673695004,-1959656374
1,4,3,3,10407,195041715,-613010680,-1633168869,-1485246969,-1569395734,1772564730
2,4,3,3,10407,-219968711,-219232322,1405587075,115704072,1288107454,672348977
3,4,3,3,10407,243149934,1373851214,-844857409,-819221274,-1692560013,-1227696332
4,4,3,3,10407,739633913,861855062,444928077,1318495068,1191589592,2043697201
5,4,3,3,10407,1080499773,622652585,-2124363044,750142551,-209533046,99902241
6,4,3,3,10407,-1227531968,694592304,1140997950,935735378,-810786746,-1688093029
7,4,3,3,10407,-836002978,302115922,1301526091,-1748997847,-604426227,-1429446239
8,4,3,3,10407,716714946,-1664593596,1754793104,1412177755,-953952856,544983837
9,4,3,3,10407,2123679220,126555982,119165920,1955099231,556901736,-940721126
10,4,3,3,10407,-1532861086,-560872410,-628204036,1186982919,996984010,70871472
1,5,3,3,10407,-33380013,-1969321991,-546654337,614548258,1966082100,-750961088
2,5,3,3,10407,703087644,-653827728,52960969,-27826623,137302127,200074331
3,5,3,3,10407,-1290401373,678231515,-933389299,98879974,-821564229,1397598713
4,5,3,3,10407,1868024956,-1856374313,1029084367,1389997970,-531632649,1229054312
5,5,3,3,10407,-2063702062,-1853319138,-1190782883,2013750252,297045670,-1665705956
6,5,3,3,10407,1043445592,-286266216,1771277238,-790658116,31804875,1976889811
7,5,3,3,10407,-2044263489,-1721366648,1918553528,2046730,-1875848388,-1616904046
8,5,3,3,10407,-1278687099,-894115393,1258628700,-1396612046,1473488090,1065727658
9,5,3,3,10407,569537190,939607525,-133094317,-1612558207,1982797117,142832300
10,5,3,3,10407,-475918853,-1051384036,531673806,-1248758113,1754255524,-86443585
1,6,3,3,10407,1769816866,-2031293809,775099065,-2112661257,-1601785118,1248612133
2,6,3,3,10407,2089249263,-876628750,2130050764,-809056740,83585253,1994133183
3,6,3,3,10407,-1686687105,-1138167717,1387248644,244430848,-135190770,1514492053
4,6,3,3,10407,-1105563263,-1243312799,-622229591,2050221987,499747746,1093689916
5,6,3,3,10407,-1852093101,-1390888384,1208915442,-69097699,-1228155723,-1101008677
6,6,3,3,10407,1847222406,2115127775,-185972899,1964059989,-800482805,-110580080
7,6,3,3,10407,-930193867,-1415152331,-1425713837,-1948024905,708646843,-1867730563
8,6,3,3,10407,-1356782847,-2114371921,1172474917,-1716182387,1208014846,-1811825121
9,6,3,3,10407,119632407,701020712,755543673,-1096314641,-1531399735,564443149
10,6,3,3,10407,101186688,-957563763,-1291993390,-756400292,63742060,-1963812166
1,7,3,3,10407,1674986075,364602809,1392926542,-1212394933,1642697732,-11954707
2,7,3,3,10407,-1531163106,2061356331,-809026580,-1488438650,-2042524079,-1769476940
3,7,3,3,10407,440358470,-1887190196,-71648232,276810588,-1255243131,488536437
4,7,3,3,10407,966489833,-430174136,-1710035759,-401739064,-903578972,1601249349
5,7,3,3,10407,-728308000,483581681,445982980,1153383682,1864824590,572603937
6,7,3,3,10407,63900288,-838813616,2054087638,-1062028894,-1816852058,-242825258
7,7,3,3,10407,1069732633,-1783561667,1144672337,-1315811543,-1277740246,-727670211
8,7,3,3,10407,1785100412,-2115652587,727078687,-278002940,-1497694662,-1879825728
9,7,3,3,10407,1799650053,1441029726,242631412,920191572,1643526297,1984042053
10,7,3,3,10407,-1776097949,1726024585,-1874371943,16940953,612477873,1940911275
1,8,3,3,10407,-943252052,372216112,1880247091,1256539709,-1553104395,-325853836
2,8,3,3,10407,635221039,-2107043998,-583783595,-1665529420,1367036600,1535427572
3,8,3,3,10407,1003592868,795136604,625661454,404456280,303814339,1453287919
4,8,3,3,10407,-965396385,-1061699336,1757837141,1125108101,-874824399,-1175976851
5,8,3,3,10407,-1865666590,1806342825,-349348477,1195178383,-71676115,-430198443
6,8,3,3,10407,605411722,-572884422,1214965677,-245426270,-1824349617,-1715948836
7,8,3,3,10407,-899051053,909062059,459221861,127044161,-1411193446,-768122596
8,8,3,3,10407,-660496572,1394817937,296754197,-964686738,706211065,224722981
9,8,3,3,10407,961345973,2064883596,265738718,-568612271,1932302712,-1276129182
10,8,3,3,10407,1318610144,-777704401,649571428,-1278190752,-2133865140,-2096097490
1,9,3,3,10407,-220498411,463927177,-552951321,1320318958,-1459556101,1054896379
2,9,3,3,10407,-406738968,1990211679,-442718724,1819044503,-535482323,711692559
3,9,3,3,10407,-786924581,1424593606,510578000,-1475642173,-901656656,-100021689
4,9,3,3,10407,-1824244683,-1874580286,2058959110,325829144,843737155,-1221008333
5,9,3,3,10407,-999315845,1473793947,1894031272,-559618617,-1346066768,1166823173
6,9,3,3,10407,-980518104,-903941052,-808071920,1708231800,1869820226,399882052
7,9,3,3,10407,-1908444135,2029827838,513986111,-1894352252,96377705,1016583690
8,9,3,3,10407,-394872589,-891372967,413183643,-151929241,1880044980,-1176475097
9,9,3,3,10407,-1046088773,1819770677,1254091526,1652975207,1861807080,-271047378
10,9,3,3,10407,405587414,-1569282716,-819022687,389586118,42641459,-1972574662
1,10,3,3,10407,-1730062064,-1691643971,-1516831998,-784882287,-441498656,-1842035
2,10,3,3,10407,1398652899,1613858729,852173294,-1950369259,-53475371,676466518
3,10,3,3,10407,1097022122,-1907904644,-767789261,-676928411,-984635274,442642177
4,10,3,3,10407,-859562858,-1984709404,-339974822,-1841612802,-443635003,-1534072872
5,10,3,3,10407,-478933577,603785654,1665609782,1026819985,-1909540292,10249804
6,10,3,3,10407,-56771764,211299045,1171336663,-1912256380,-2146259264,1563557107
7,10,3,3,10407,-144927071,-514987620,-908432664,-610677552,-647718057,-824446550
8,10,3,3,10407,-923658196,-1131317956,-1341074604,924546904,-1289771137,852846822
9,10,3,3,10407,1849420727,510245147,-30722824,580447824,-1283929271,367664156
10,10,3,3,10407,-175049216,-1549178204,-17740151,-647476800,1946739535,-1094290072
1,1,4,3,10407,1802162479,-864412791,60948059,974343573,1557319350,1103578531
2,1,4,3,10407,951123155,306893883,-2064229733,-855092154,-1148166570,1238304801
3,1,4,3,10407,1788332757,2103968675,1949852857,-1451536544,-97351168,1803486196
4,1,4,3,10407,1085629237,12924288,353275075,225212883,639203088,2087126403
5,1,4,3,10407,626525848,340809934,1813956159,-1400251525,-740055313,-297556925
6,1,4,3,10407,1868171792,2042508119,-541838466,-594110368,-1431636047,19176986
7,1,4,3,10407,-39090395,-1277930360,-109595379,-877242388,-1846869426,498491854
8,1,4,3,10407,-336226250,-179279214,537459231,640463629,185896705,-1629660883
9,1,4,3,10407,1157343012,1258384288,3374034,1326278082,1770060807,-2082791731
10,1,4,3,10407,1568958671,-829123410,-1746508617,-2119067816,703593887,430290493
1,2,4,3,10407,-785678039,1296954212,-1424025863,-1486867641,125048638,-102324309
2,2,4,3,10407,42611966,-936388722,72311046,1739431388,1384328952,1748566372
3,2,4,3,10407,2038427671,-706500570,1655803763,-1262545647,-2126040633,1331196146
4,2,4,3,10407,1434081934,-1465823033,-1760212620,137989131,-1850270464,-462258340
5,2,4,3,10407,114138464,432273292,-732688311,-1088055736,-1261059996,-1691922381
6,2,4,3,10407,306192020,1867889766,-667316639,1960894953,862785347,-5098032
7,2,4,3,10407,-1483614850,1709803523,1115942237,270016500,1597042778,-267776163
8,2,4,3,10407,1455951221,413358355,21448038,-1986425016,-1277326958,1144256294
9,2,4,3,10407,-894379383,-589847455,347455903,2035392360,1537904682,1998838050
10,2,4,3,10407,-896165390,833229197,-16822734,559247093,-1287914891,-1083610229
1,3,4,3,10407,1871518057,-1277711659,-1042112461,-1718503165,1874679051,1002425736
2,3,4,3,10407,-1601654304,-2083208091,252785826,1415656699,233675326,-1197749060
3,3,4,3,10407,454078495,402916004,-983052400,-165068688,-1523974236,-1439727200
4,3,4,3,10407,1075371087,749004040,-128281792,412484255,-1123164555,1831312529
5,3,4,3,10407,-287381906,303360440,-81336472,175781235,-135025623,-1232512574
6,3,4,3,10407,-1579898208,846017132,-1494178212,1814654127,1818820071,1495988937
7,3,4,3,10407,-1632493856,1440949661,1088304833,741849823,940955279,-1245456074
8,3,4,3,10407,220583486,368048667,569794343,-642116789,2131093980,-99329134
9,3,4,3,10407,694832680,2084875217,113728243,1738542768,1091888399,1931753760
10,3,4,3,10407,-1207116996,720147514,1512707110,766298744,-368184865,-1408301362
1,4,4,3,10407,205710760,1347867143,1387785523,-945973404,-2092375226,2061938789
2,4,4,3,10407,-232563314,221397844,554149791,1908539863,-286706677,-98830118
3,4,4,3,10407,536952495,256958097,-687590776,1095728851,131939487,-1900378568
4,4,4,3,10407,608664561,-332461361,2061583636,-2031187763,-387813070,-1701431239
5,4,4,3,10407,826550961,595316750,1232470948,-1098446583,-98566206,-1277217673
6,4,4,3,10407,1224701143,1174219610,1873249816,-1825219893,1151864055,1599549484
7,4,4,3,10407,-1625981539,-1579772542,627824557,1458847112,733889971,-2016369656
8,4,4,3,10407,1003631340,-33884772,-496983858,-104408476,1041354488,-1193787696
9,4,4,3,10407,-2037240324,-1122559336,-1968372014,1245702634,-1491682480,1658373872
10,4,4,3,10407,-174003839,-1713678496,54763488,1651075626,-1175573903,1747987625
1,5,4,3,10407,1128146592,549225217,471041712,-1913431548,-799519109,2090960892
2,5,4,3,10407,-1085891419,-543335797,839197035,1277744421,-1099935795,1917755126
3,5,4,3,10407,-1292031045,561661923,1659561250,-228050015,315536611,489368150
4,5,4,3,10407,-714337202,-1738112142,678191732,-1504189152,-225708503,-753197481
5,5,4,3,10407,1287679423,-1021593674,-78211336,1415109198,1911696597,-1367531215
6,5,4,3,10407,-1484387827,-1472977898,-1209932754,-942559880,1055930921,-418691916
7,5,4,3,10407,2043066238,-364254531,-1833482041,-316678480,-1356431387,1725674765
8,5,4,3,10407,1354552646,1421344885,709370461,597485661,-779045111,442119429
9,5,4,3,10407,845284364,1254664614,1345758588,-176766274,1834936711,1755997453
10,5,4,3,10407,605537790,-928455646,1059723097,-890344559,1417897419,1155439831
1,6,4,3,10407,-1488421977,135106424,-955095184,-1075313107,-426448463,-1413522393
2,6,4,3,10407,120493670,-1024289707,-1621571808,1943396095,-1302021045,-501158033
3,6,4,3,10407,1829392681,542602392,-1883493696,786124442,672232990,-808661736
4,6,4,3,10407,2031024660,1512180844,-875558899,2050151521,-470698153,-920437621
5,6,4,3,10407,2049236775,-1799348665,-1013529099,30116967,-1825395178,-487819414
6,6,4,3,10407,1740672135,1194890506,-417859524,-1548131130,1359384740,659422720
7,6,4,3,10407,1906954098,-2099314953,2138867886,1001852008,-107458476,-650577329
8,6,4,3,10407,-702821323,-898870604,-270026775,-1738119951,1858409236,-1177418702
9,6,4,3,10407,-1692420918,1755682522,-355076558,-290879553,1174797145,-1114284141
10,6,4,3,10407,-1404566062,-1087974177,1689377267,778754404,-1026057167,-757761666
1,7,4,3,10407,-11203441,1773052920,1825681852,-323974392,-361521747,1435884373
2,7,4,3,10407,1905700084,1112107861,587466553,-95605842,1478853953,-375411439
3,7,4,3,10407,-998507156,-247650812,104292963,613224404,-2083893920,1127650583
4,7,4,3,10407,837529096,-706215912,200952938,924031264,1789339046,1146594538
5,7,4,3,10407,-781065263,-1444726008,-527383952,-543287807,1799368514,-997958545
6,7,4,3,10407,-1811674937,-444898993,-454469913,-1863205465,-324419621,-1832290831
7,7,4,3,10407,-2145390788,-1317104741,-1875816570,1956348755,-1896814964,196976067
8,7,4,3,10407,-1398238656,761282449,-684227331,-1148927628,458806697,911674120
9,7,4,3,10407,-529331220,-1765706261,-1151044085,-549255198,-1078173216,516815893
10,7,4,3,10407,-1719068968,-1885849532,573212523,2058966290,-958155275,-1490873169
1,8,4,3,10407,-1505496336,-683189957,1611204047,-1895702768,-1804299461,-2136417263
2,8,4,3,10407,1095231565,-173116302,-523826570,-354489379,-258917016,703162704
3,8,4,3,10407,-1984801066,-1343196255,-53625917,-1809918132,-1014202187,1213291718
4,8,4,3,10407,557214151,-1945870690,-725403657,334284268,-1219060237,-919712222
5,8,4,3,10407,1815012620,1958850538,224509432,-1021821003,1565498928,-541720053
6,8,4,3,10407,2102294349,-1813385379,502810062,-566124843,-1434707293,-337099717
7,8,4,3,10407,450916665,478112379,372628435,-1353636240,418378493,13218385
8,8,4,3,10407,1773105716,-798943276,-1731489237,-1166229710,-858255042,-1867375784
9,8,4,3,10407,1052972216,-130957784,1592804747,-2123685254,2126457692,-1138538322
10,8,4,3,10407,-1486775238,1505788840,-1986057553,295315978,-214687343,-1042303020
1,9,4,3,10407,1281698172,-577359756,-5973806,-1157311790,-1245425088,-1839448310
2,9,4,3,10407,-239647766,1888485760,-1384188101,-678104636,1313869935,-355354574
3,9,4,3,10407,-1058187601,1696466155,1593897551,-1701202741,1748754277,-1314879878
4,9,4,3,10407,218834231,2124978674,243457375,1852126695,247088774,-1897493111
5,9,4,3,10407,1056022022,1080945788,1798286829,826423856,965928712,1524941595
6,9,4,3,10407,-656898832,839011042,463296618,-1862559780,762540005,-1499917045
7,9,4,3,10407,-299773806,-1331319972,1189755308,-1235430531,1027078917,1191539392
8,9,4,3,10407,571067623,-1231928321,1603759199,-381012039,1474763483,1747695207
9,9,4,3,10407,2145258907,-162011532,751985323,-1708402159,-915559191,-728905485
10,9,4,3,10407,521642391,1991077738,-100868385,-239220462,196842062,-1067146250
1,10,4,3,10407,1481371564,-1522542421,-819033402,503135652,230288711,-1340436973
2,10,4,3,10407,980187225,1215911651,848413463,587806355,-1443950055,1353989915
3,10,4,3,10407,239360171,449417282,-2115487467,758726129,852836117,2001452264
4,10,4,3,10407,1457806214,321025471,1913576322,-2054891007,-956738595,2035097296
5,10,4,3,10407,-211340870,-284130730,-722994302,1903455784,-400294584,620632591
6,10,4,3,10407,250299450,765169073,-636584568,359748993,556690571,-1522333508
7,10,4,3,10407,163203495,-1593274215,1972626390,-149084399,-1330766105,-559883339
8,10,4,3,10407,-382755836,345616648,407626619,1063160766,1953884555,1797290927
9,10,4,3,10407,1661370048,-1617530835,1557636550,-1085332461,2083429173,299081482
10,10,4,3,10407,-1654897284,-90216574,896625704,2056131877,-1199473274,-67917709
1,1,5,3,10407,69250237,1863580710,1184438985,491184649,-772783355,-578542912
2,1,5,3,10407,883060296,-944840413,-354596709,-1553459697,1661795191,-774660268
3,1,5,3,10407,1453590654,1190584064,366697474,-1081127279,371470179,-398416483
4,1,5,3,10407,476275007,1197120591,-155684885,-1858034786,1357241858,298542779
5,1,5,3,10407,162253790,-1472984676,-1193632636,-910007762,-1600538789,-1249143477
6,1,5,3,10407,-87450305,1216247453,-1265952478,-1424202861,331870660,319422808
7,1,5,3,10407,932634566,1100498414,-911604727,1848978399,1711336282,1863575451
8,1,5,3,10407,453823265,-139803394,275964258,186178487,91753407,-410149528
9,1,5,3,10407,1762158114,-103652023,-520420070,1628907730,-269028745,2086216970
10,1,5,3,10407,-1697741676,678982567,2043959595,-1585374533,-425699345,1163274561
1,2,5,3,10407,85030257,-1583848217,-1185913028,-100319973,-533373844,-155832544
2,2,5,3,10407,-1579172362,-1465903426,-891689269,104372224,-176349270,-1906432198
3,2,5,3,10407,-900644379,1461079434,526391530,-283879747,-1164359281,52644598
4,2,5,3,10407,1309965277,-1454522852,-456595132,-1176539298,1343520296,640184883
5,2,5,3,10407,1191635234,-346403210,-1529281180,-310388583,1887709379,-500975792
6,2,5,3,10407,524787475,260417323,222456167,1588953557,1176248116,1050590861
7,2,5,3,10407,1932346274,-1243135512,-693807764,1762521148,-464882462,-1009305354
8,2,5,3,10407,-703867303,594290298,-1712131220,581180601,-1031616029,1320020609
9,2,5,3,10407,1239438677,-1499640963,1682183137,900661826,1859348879,-2145741016
10,2,5,3,10407,-1207137407,817747092,-2123893057,-610564654,-1323763527,258810214
1,3,5,3,10407,780137039,1269508825,2134336720,-732253451,808954167,-250856517
2,3,5,3,10407,404267741,819137694,747378214,-830307562,-133711612,-1263120301
3,3,5,3,10407,-18741679,-749582715,73333644,-706452156,-760886975,-1642864245
4,3,5,3,10407,-287807450,2090199952,-2047242144,2144481233,-63908604,1255160196
5,3,5,3,10407,2063534803,873278050,-1294403118,1492129749,-538227433,-1990266536
6,3,5,3,10407,-879774785,760148316,169533859,-1418952699,-533687304,-322663425
7,3,5,3,10407,1442466862,1492498449,-1520648679,831840770,-2026632616,-1575428196
8,3,5,3,10407,238901413,-1872884095,-1328543177,563253352,1156419191,-1749708802
9,3,5,3,10407,2002364482,1245660808,195931454,1814686299,-1643368276,-1530173903
10,3,5,3,10407,269490498,1476627460,959231589,-411083920,1339390097,-1479942368
1,4,5,3,10407,-774538875,-1520536447,-172781108,1481293438,-286530223,1652878454
2,4,5,3,10407,-1650679249,795891377,-468278238,58109670,-1912434046,-1337850582
3,4,5,3,10407,-1239092056,-1486895637,395078025,-426250394,186057801,1483989391
4,4,5,3,10407,473830913,-1890639727,1239368113,1815402455,1544081068,-970880780
5,4,5,3,10407,1510062105,176076295,-1881435510,-429911191,1283602466,1038105057
6,4,5,3,10407,703031873,1552132636,244817117,1831798040,-2105512859,-156594032
7,4,5,3,10407,-1491949195,-431180126,-1490939891,-1182632653,372732887,1039295671
8,4,5,3,10407,2027109498,1333304659,-1308173548,-2080080200,-1712639181,-1578117334
9,4,5,3,10407,551619474,-1842501161,973788074,1564059455,1720209937,-1722498240
10,4,5,3,10407,-364832523,1901372722,-1672503862,60441688,-993616535,-28238744
1,5,5,3,10407,-677252612,99815190,-372790997,-993547977,763462495,-2030718279
2,5,5,3,10407,1544043195,-2058215666,526619400,-1221626044,-1595532659,337504636
3,5,5,3,10407,829379694,-89213669,2046739288,-1110618944,-481887033,1228170866
4,5,5,3,10407,889351552,1622127248,727186528,-560922607,1687469092,1347941854
5,5,5,3,10407,2008836106,-81424118,-1490572990,928785470,-707936567,-205745488
6,5,5,3,10407,1581475955,1430547946,1835214573,1674998526,1269573202,-1892324741
7,5,5,3,10407,120487097,1735580011,686292737,-283345887,-438104424,-2013773627
8,5,5,3,10407,-278340850,-1501417211,-1553529649,780169821,-946527626,581845141
9,5,5,3,10407,1892087296,-1084663430,-704185720,-1151319883,-1640213755,93956517
10,5,5,3,10407,1529439020,-348453411,1423328386,815127399,77731756,749148879
1,6,5,3,10407,-693015657,-757718292,-878304066,-959979121,-1319730446,2051894908
2,6,5,3,10407,1494799320,-913260383,-1887642566,1268876024,-1181815482,854263802
3,6,5,3,10407,-1579169028,-1717320705,1937753694,-1127457654,1386211434,-2038519189
4,6,5,3,10407,-585084987,1486086634,-1909493720,-1117915347,-772266492,-1832316708
5,6,5,3,10407,691280150,-990087383,-1653143575,6320716,-1298255726,1345453938
6,6,5,3,10407,-224741139,-1875729997,1858842593,1725519999,2085286642,-1290803510
7,6,5,3,10407,1338979513,348417948,-27354556,1909891164,1353104787,1514551637
8,6,5,3,10407,-1759827802,924230143,1477337501,2113198380,-1102323662,563218579
9,6,5,3,10407,597437207,1992550427,1115070730,-7484497,-7018264,1829920221
10,6,5,3,10407,1784109638,1735679657,-368626288,2017407975,1392638638,275463349
1,7,5,3,10407,1422361757,-825226900,-33214987,516203415,-1817953517,1101493755
2,7,5,3,10407,-614066057,2110736386,1396506911,404083080,-1808478156,-765559928
3,7,5,3,10407,-514850413,-2041062400,1761898834,1622971898,-1235624036,1325016067
4,7,5,3,10407,-469404583,-1142796650,-102351946,333707249,-1422793889,1211935253
5,7,5,3,10407,-1004299161,-309937669,599995504,1039933010,759351042,368785230
6,7,5,3,10407,-979437271,222795008,235613333,1383236850,1801439665,-342371222
7,7,5,3,10407,302289980,912927758,1411856301,-1983484668,1802126345,-1347812217
8,7,5,3,10407,-85373192,-25172141,-886023805,1831315385,-988555619,2066020963
9,7,5,3,10407,1196132401,252736159,1189041593,-955462825,-31143163,-1559274058
10,7,5,3,10407,1066318802,938860190,985655916,-2102621002,-913472316,-670622248
1,8,5,3,10407,-1087216108,1151754985,1457290992,-574451303,-108479575,-1927787662
2,8,5,3,10407,-1245202028,1118567604,1135189631,1620966517,1326605775,915917377
3,8,5,3,10407,-279128073,-1766819172,-1501006875,251368971,474976369,-2126911389
4,8,5,3,10407,-1622944489,-1515517485,1782484608,218379784,-589041608,-1497236073
5,8,5,3,10407,-1731434619,-1353658317,2122390059,545755572,1211851129,-450431691
6,8,5,3,10407,1898793319,-61871451,-1528779638,-439662494,245166083,-1914203947
7,8,5,3,10407,-2063275346,540237564,-2102577492,1476384210,1151984922,1433774239
8,8,5,3,10407,-1072428410,110621707,-103332815,-898584219,1367762254,1534931676
9,8,5,3,10407,-2060975859,-2137036606,-1600654656,-412607595,896581210,1771584259
10,8,5,3,10407,-1380904049,-1915987822,-1675011679,-1130089698,-1723620159,-1942767128
1,9,5,3,10407,2048125457,2141523390,-418908505,-1562773890,1999720582,-1790711769
2,9,5,3,10407,1863366281,-1186492407,-2049968185,624337021,-471639586,-1287995373
3,9,5,3,10407,-1596259317,868480041,-530885652,-1626751979,-1706104921,1462941202
4,9,5,3,10407,2136328012,-1162972093,92088876,-1606377003,-484004335,935888945
5,9,5,3,10407,690790904,2080985178,583044053,-64580632,1871144714,677287261
6,9,5,3,10407,-1034642762,-432005769,-1764613801,-234714342,-1002382517,1816405801
7,9,5,3,10407,587822291,1943576750,-1688917693,1778782377,-286616055,-1674681803
8,9,5,3,10407,533097826,2027266017,-467040209,-513392320,-1025108312,-1756572331
9,9,5,3,10407,-727526747,-224356473,-1416590967,-215852904,211392322,1679694311
10,9,5,3,10407,-741138418,229851610,-1736914203,-1644788504,-1950482455,839637025
1,10,5,3,10407,347549078,1931104727,-379024978,1165211379,-1036441341,-2145610321
2,10,5,3,10407,1571861431,-1146832413,-116458448,1816999518,1749004923,244984654
3,10,5,3,10407,-993836183,-632706490,1349582054,-1227611847,1757976839,-1017863742
4,10,5,3,10407,1363614342,1126383776,-644727439,855382708,-1471516038,1924630315
5,10,5,3,10407,-632424974,1753370274,-1460526550,1912519342,2039064758,-1996306633
6,10,5,3,10407,-379564968,-1413061277,187760350,550801579,2023605669,-281837076
7,10,5,3,10407,-645840856,457968842,1126423201,1486562948,-1892939048,1645574889
8,10,5,3,10407,534673028,1017457388,224149240,-1951892990,-797582692,-1199577131
9,10,5,3,10407,-2073419922,-2091884892,-696950134,-2092221246,411340277,-373939776
10,10,5,3,10407,-938615445,315985935,946727369,892736795,-2145324180,-1814926092
1,1,0,4,10407,1921870357,-157638604,-2013735007,-1343384876,-1149771943,-1713474875
2,1,0,4,10407,-1960660705,78382283,-1000710646,-983080269,2114663798,-1556023254
3,1,0,4,10407,1572040790,344096810,-1035127952,-1021743505,181433872,295579056
4,1,0,4,10407,373367891,1860649882,1333370956,-224267581,-234086623,-1179384566
5,1,0,4,10407,-151746023,579558596,1895387432,-1389460363,1383659645,925643259
6,1,0,4,10407,124240465,-1214264389,-791982327,-1271062247,-666747307,1437425239
7,1,0,4,10407,-750188552,-533251999,1234883052,1083640893,676054913,453102440
8,1,0,4,10407,1529881363,-234960256,1036235360,1160363459,-50443813,-1487811861
9,1,0,4,10407,918886671,2014130042,-510794743,1483806387,1690505522,-212327326
10,1,0,4,10407,-964101763,-1692202315,147858460,978993612,789954021,419484637
1,2,0,4,10407,-93811108,327791373,802619574,1441063313,-598068783,653366356
2,2,0,4,10407,-592647644,847005322,2141283276,1539597669,-1193798403,1101203246
3,2,0,4,10407,-1551890448,-1591825503,-516350388,-1580008600,-94875073,1182710554
4,2,0,4,10407,-915634678,-335113661,-1013206570,-346053283,1808153769,1710459993
5,2,0,4,10407,-656073202,337376174,1709180642,-1409376119,1214012996,-1283661937
6,2,0,4,10407,677745311,-605645958,-561866426,-1058307861,2077003435,870672145
7,2,0,4,10407,52061174,22548405,958620144,-1582327416,307028787,1463460159
8,2,0,4,10407,1471080050,-1018389742,-16845441,1727592488,-1757478866,-701770960
9,2,0,4,10407,-449305005,-563304890,-151242893,-845404349,1014279322,-319686796
10,2,0,4,10407,-1940456838,-1118614474,-443399563,-806518152,1007542391,-1142069976
1,3,0,4,10407,527394089,-796258666,1913063591,1604233512,357487095,-239097528
2,3,0,4,10407,-2130532739,1395045290,1767471713,219918227,1066846401,-1276746848
3,3,0,4,10407,2037780714,1104000812,1847903143,1740696638,1024268129,1683632984
4,3,0,4,10407,-762749856,-1826230843,1143354790,-1377201743,215737685,1189752615
5,3,0,4,10407,1991918812,422993129,-1268556422,-1748815215,-1962808061,-1184522815
6,3,0,4,10407,-946229501,-949109834,-363931217,2024536430,1948970477,1368677704
7,3,0,4,10407,1548242637,1036452156,304909161,179095737,1849505815,1519007665
8,3,0,4,10407,-1966326790,-297853784,387723552,1836768317,-91057600,1922067403
9,3,0,4,10407,124969635,-1253840466,1498218333,-946720721,-1478333048,1873668940
10,3,0,4,10407,-1906080958,-457805654,-1219330665,-1732642149,145919650,1886325408
1,4,0,4,10407,-1836095719,-427015050,-798229910,1417619275,1351669978,-1613792575
2,4,0,4,10407,-607795588,1449373378,-1361144075,516746790,912627592,-495093291
3,4,0,4,10407,2041018213,-488211789,1584502722,677084918,513526,802358061
4,4,0,4,10407,-1866126779,441070233,658705289,-28147625,-2079761866,23255116
5,4,0,4,10407,1972675423,-256079083,-1755944537,-1907312643,-1613383671,1170568405
6,4,0,4,10407,1850558981,-63483371,-2057558107,-2134436366,-1940076629,-1318725678
7,4,0,4,10407,-1702940716,1296137141,-901272949,-1519983210,-19447167,-2140078002
8,4,0,4,10407,-26903894,-160057017,-734735049,995827947,1730644994,64600678
9,4,0,4,10407,-1233141309,1910472188,-273117241,-2097091529,648784353,1855790864
10,4,0,4,10407,1634261168,-920439658,-1534551380,1926299017,-362019764,559196054
1,5,0,4,10407,1958022515,-883835774,149306044,-122809567,-1461289580,-1389726455
2,5,0,4,10407,1361119642,-1806603697,-2063583389,2090157197,1245291029,-1237172150
3,5,0,4,10407,707023205,1244584467,575443227,518728485,1098164142,-769984264
4,5,0,4,10407,953693957,226299348,-758771637,-209602075,244089226,674408815
5,5,0,4,10407,1232331462,1911504905,524592765,1054697698,1970416278,1604580972
6,5,0,4,10407,847949802,-410157829,-608351624,504808905,-709039606,-2010668296
7,5,0,4,10407,1718396088,-58482566,-443706990,1121449873,1797787037,-552674252
8,5,0,4,10407,-1212714666,1834785372,1838712474,498357865,-769715108,-1223869002
9,5,0,4,10407,238575786,-1714375368,-1544343294,614103238,556545836,-1307730198
10,5,0,4,10407,438885568,-964683040,2052539338,852586535,-1304369325,-55258154
1,6,0,4,10407,-635364625,-415041134,-1196696683,1848790977,-1789147715,1284442431
2,6,0,4,10407,1937527215,497394709,-1964547852,-824177348,447818003,1346911317
3,6,0,4,10407,-1301739839,-70971853,-617761646,-1615699951,-567454159,1933547902
4,6,0,4,10407,1617569687,392618089,-1082228619,1401646830,-1869345029,1426934109
5,6,0,4,10407,280577553,877349286,1744578921,-1943069461,1655718115,606513050
6,6,0,4,10407,1109364156,1742667722,-2016378831,285948783,-419029361,817125849
7,6,0,4,10407,-2066641961,736365427,-1530475243,-1186374485,-794658169,-1676615021
8,6,0,4,10407,-215755001,-149424772,257728919,-693334893,1556281190,-172243762
9,6,0,4,10407,519119559,-1534314723,1393893325,130319783,1353157038,661348822
10,6,0,4,10407,-1680126794,611326342,-541545457,-1927226452,-1424965020,1634488678
1,7,0,4,10407,-2097482519,-1432533648,-571507740,189009377,-1151390561,204278675
2,7,0,4,10407,-993972467,-472739592,892229958,1352051034,1975481440,723638764
3,7,0,4,10407,-2139295520,-1128208631,1255123395,2136661027,18319255,-1321173516
4,7,0,4,10407,2047062077,-1168634604,458486077,2040615543,1705801320,7496702
5,7,0,4,10407,-1272961773,1720231116,1408715960,-1063908764,-1536677717,-1439162367
6,7,0,4,10407,1916408007,1281778007,321672704,-1652894874,368950961,-1698724360
7,7,0,4,10407,683301971,-511339029,1688596122,-530495547,899049603,946876621
8,7,0,4,10407,-205021817,-40257791,-1951969692,-1508420660,-1772186277,1412359565
9,7,0,4,10407,-1132650719,-1835791528,673845354,-434773150,-875468751,-96856913
10,7,0,4,10407,-690055273,-554420325,-1254446259,-418485047,-1451997610,-698233119
1,8,0,4,10407,972404429,1821532302,1622348866,-814559046,-1220701141,1603003102
2,8,0,4,10407,-631630533,845958694,962472703,-1991459762,-1086657878,28306349
3,8,0,4,10407,-1566311848,1911402191,707410821,1289545508,635263035,838665478
4,8,0,4,10407,1775841408,-1529109793,1921385638,76310418,-1259975606,-1946576933
5,8,0,4,10407,170522057,1700758342,-1300507975,-831256261,700990396,224052366
6,8,0,4,10407,-2056409967,296051398,905087754,949534063,696442097,-1767673783
7,8,0,4,10407,-1149593454,798547933,-215186678,778592987,-1120953836,-940100340
8,8,0,4,10407,-306632269,1040608105,-2100265435,13885900,702148939,358313901
9,8,0,4,10407,1230435942,1265733998,100565795,-1391578076,-1826658481,493801367
10,8,0,4,10407,-512038136,1768462351,-2076987342,1047189876,1448700019,1481269125
1,9,0,4,10407,-287625149,1158694610,-205170125,-1542468197,-16687730,1736801353
2,9,0,4,10407,1367445025,1030514853,869631263,623911624,23797618,-1443625747
3,9,0,4,10407,1169104016,1214122207,251659047,-786285486,715014947,1782491343
4,9,0,4,10407,-1511911725,-1246263047,-338875421,1758312881,373346207,-1121437467
5,9,0,4,10407,-1298193448,2112533491,1812442111,2020231046,-1669955334,56758818
6,9,0,4,10407,1997634435,971293458,351586690,1803651471,-1391061905,133557197
7,9,0,4,10407,-814291831,498447072,-1756821045,-1301176442,1698399046,140918432
8,9,0,4,10407,949852291,2032674066,-1496584159,-1089093965,-404730214,1295552742
9,9,0,4,10407,631068904,-705394818,795131836,-139708049,913293365,1751522718
10,9,0,4,10407,693556954,-1029615000,1532814119,-1443930789,-146278114,-1808957454
1,10,0,4,10407,-445122552,-2077890714,-528870600,-39636662,740340930,-1644268094
2,10,0,4,10407,1624285490,-962334485,884278013,-2104593598,-1746738780,1163447317
3,10,0,4,10407,-2146779338,948825493,8354754,1657866017,354611694,-750931427
4,10,0,4,10407,-756537446,1553879874,403591349,-334914099,-2024003616,-37919345
5,10,0,4,10407,1967223533,-1294529897,391583234,1871379747,-1406375595,-2109962714
6,10,0,4,10407,-915356956,911095854,-1970845427,-1483944566,-587008193,-1645588878
7,10,0,4,10407,1064064342,-2062939727,-1279046003,388177066,-1482149929,1197710095
8,10,0,4,10407,517489676,810441117,1164929591,-958136472,679511687,230855476
9,10,0,4,10407,142991856,2090304361,-526034316,1935192772,1656044612,-1263465655
10,10,0,4,10407,2020909491,1644288211,-948399309,426008352,-1641989704,101672932
1,1,1,4,10407,1017303486,1957059,1356238949,-1645316281,-254069552,2098593357
2,1,1,4,10407,862673114,275496197,116221821,-1610262129,-2064202247,-2116986847
3,1,1,4,10407,644848231,-534748129,-598273642,752081071,-429186119,-1721406724
4,1,1,4,10407,966777165,-899554498,-221290661,1766563135,1964884214,677242230
5,1,1,4,10407,798949993,-995112602,1017157257,356574430,1613998792,312309344
6,1,1,4,10407,-993851736,-426014856,-988996082,1087176575,373470405,1591894808
7,1,1,4,10407,-1472340340,467371448,-1178066670,2147143243,-1547189444,-314662525
8,1,1,4,10407,303065624,1734165315,67258116,1980407912,431658882,310724746
9,1,1,4,10407,-914245112,1081729380,-1629151824,1145169868,57711210,-1236806959
10,1,1,4,10407,-332831891,-350559540,-1652437493,562461538,1208363599,704066548
1,2,1,4,10407,2049933509,1005943048,-1408952791,337237494,1851148985,1258438953
2,2,1,4,10407,-1382817672,-391434404,-2020240094,1351156284,2085683432,-392179881
3,2,1,4,10407,-1169415164,1548744691,-548269769,-651555062,1179209654,1678443316
4,2,1,4,10407,1115421983,551179255,27699467,120233671,1070655882,-466711594
5,2,1,4,10407,-305926362,1470707169,107072766,1618839598,593875192,-615211738
6,2,1,4,10407,1885281169,-278411201,1366239458,-1895762186,2115472522,951695304
7,2,1,4,10407,-1375388414,570706050,1820560876,-1953768012,1162123393,-1094435736
8,2,1,4,10407,493490538,-889921582,1641452466,1291265974,-2071735695,-1071303581
9,2,1,4,10407,1025036828,-1562999580,-686199110,-252555784,-846267732,11283755
10,2,1,4,10407,-526057375,-1897390264,-1550749749,470432743,1061687886,-1640809918
1,3,1,4,10407,1453067414,-2036248924,-1965115024,1779552945,1114330681,-521432877
2,3,1,4,10407,-1535629660,-1705494973,-1660552678,1294416694,2049573820,1867056926
3,3,1,4,10407,118592008,-393694633,635539336,203565291,-1689982405,432476992
4,3,1,4,10407,641027891,864715529,-2088068666,-840412779,-1142307325,1958442773
5,3,1,4,10407,-1594909249,-853241130,-84870643,-1847745551,-1844699344,1807402674
6,3,1,4,10407,-197100768,-1944166818,2117986403,-611368007,-990986480,-2141623485
7,3,1,4,10407,-364318860,-707335131,244533705,1366341451,-1709782888,1463027441
8,3,1,4,10407,-1378241104,-1313592145,206377555,1316219950,1139002138,-1803616660
9,3,1,4,10407,1482801541,-1643755833,-2051570319,-1087990750,293600170,970330793
10,3,1,4,10407,-1438734424,-944421794,-2145678974,-471329243,-1693849561,1760925310
1,4,1,4,10407,1272591794,1235186670,1099306655,-1923591367,-1961529705,-1769278330
2,4,1,4,10407,-1139123252,521276822,506309740,-993430961,-1126993920,1225999327
3,4,1,4,10407,1795661415,-1226231510,2082907010,-446028347,304732235,-1306336088
4,4,1,4,10407,1190595206,1114982565,2120599457,2082052273,457455810,757793506
5,4,1,4,10407,-1200442150,-2008761845,-1264368846,1982749840,715985636,-671809680
6,4,1,4,10407,-2135026922,84608749,552866327,-483654135,-2123327362,-1942032688
7,4,1,4,10407,-1658591523,1272965165,-2034877376,-275631704,559678292,-1866430981
8,4,1,4,10407,-1490584554,-49625240,1936213210,-257412433,1388407324,1660761457
9,4,1,4,10407,-15226722,1094016955,1604699028,478007217,1171018415,-660057801
10,4,1,4,10407,-151191974,-1013530651,2068632781,-104590393,532012044,-565762367
1,5,1,4,10407,1423801933,-1760572021,-1525749140,-1837469693,141654562,1863276100
2,5,1,4,10407,1318127743,-1585970390,108694164,-334036088,-1773386850,1276305209
3,5,1,4,10407,560067287,-1907789014,-601288536,-2127669940,313429025,1481146518
4,5,1,4,10407,-500821695,1722864352,-583965317,-1681457370,-1018934521,-1414851912
5,5,1,4,10407,-719333607,207935627,1520203229,-1041957170,-1523086544,1896805787
6,5,1,4,10407,1552655513,-2003240921,428365230,-713473763,-906736798,892614223
7,5,1,4,10407,160324400,1709264197,-691760759,-1860168356,1692402488,1304626620
8,5,1,4,10407,-376200621,119921202,1876318438,515938343,345788169,828365823
9,5,1,4,10407,1536068042,1806085298,-684945821,-1944673253,1512635345,-495458305
10,5,1,4,10407,-1338297226,-1578708385,-723186917,471657115,214300181,409944567
1,6,1,4,10407,269539974,520273243,-1171187809,2066660277,-1775975458,806373768
2,6,1,4,10407,-984195262,-1085769202,1215704675,-1589389581,1681809718,-1806180603
3,6,1,4,10407,981903967,1773610756,-395840527,-435147749,1122624168,1303371228
4,6,1,4,10407,-1233633507,-2087903626,-255798321,967661419,1773114426,-856562463
5,6,1,4,10407,-1602322910,-341410653,-1566155415,-308232076,959729016,1822275280
6,6,1,4,10407,522563620,1322982522,-1223352942,1888277654,323038841,-1937743804
7,6,1,4,10407,-1269339164,1993255452,-1457575010,1616505071,1952416044,-1594114499
8,6,1,4,10407,-371001852,473266721,-1995136850,1466039229,1643825894,771127467
9,6,1,4,10407,435761716,-1565022676,1636159386,1498277293,-1571046181,304517904
10,6,1,4,10407,308206359,854906540,-1499684859,880631368,-1494012270,630477641
1,7,1,4,10407,1965919861,692330862,1849139603,39157700,1810400912,1878989548
2,7,1,4,10407,-1208548868,-236670057,856113737,937772278,-1745151672,-305453858
3,7,1,4,10407,985260131,784654569,175994009,-1095906205,709683334,1357742407
4,7,1,4,10407,-1963080161,-2081418387,-1722989750,-374876396,988507665,-1474215059
5,7,1,4,10407,-1083587002,-759981846,-124306163,-1809216240,1188218999,791376478
6,7,1,4,10407,-1525730911,771154786,1803577711,-2094949679,404573701,1431828322
7,7,1,4,10407,745246673,-208016666,1913301999,1372740437,364236646,-2126361736
8,7,1,4,10407,1925701046,-1472865948,-1211724880,2079113370,-1974345999,349959102
9,7,1,4,10407,-1831295389,324722681,297301252,-684330043,324667154,-691838124
10,7,1,4,10407,2118773371,316743699,1790975316,443607237,400824503,-1101218613
1,8,1,4,10407,333908782,447459879,1073827659,117020642,899726626,-266181607
2,8,1,4,10407,1985228127,-1399148375,-54003726,-662464370,-778088134,-1652958797
3,8,1,4,10407,-6091296,-2103500313,-1992860093,254096326,-589149615,-294883831
4,8,1,4,10407,2007087824,1433348162,-1953868966,-1476989790,1370099170,583544141
5,8,1,4,10407,-388505083,-1834824178,-387189004,-1301182132,-673021158,-1787159906
6,8,1,4,10407,-1879185637,-1798298596,-897257882,2137946873,-1016467425,2041299729
7,8,1,4,10407,1686452515,-651612637,-1256713945,1616177724,-1827349912,313659737
8,8,1,4,10407,1161422269,-1080079448,556790294,-149142649,-2085953219,826696367
9,8,1,4,10407,-70738571,-1218904120,-930001482,691633948,-1930321115,887190736
10,8,1,4,10407,428824015,-407465632,1850751245,-1246952080,1993613576,-1506748397
1,9,1,4,10407,-6542541,224400768,1913123708,-1867239862,2076125600,112260611
2,9,1,4,10407,1939660975,1871801807,-1855339399,1210977767,1103590784,-298742760
3,9,1,4,10407,-816009485,-1470447465,-349439714,-439712357,-1703391058,1300169205
4,9,1,4,10407,962343292,353772607,196656921,418817895,556799420,673475628
5,9,1,4,10407,-1435568193,806272830,1211489239,-1332970090,-1263408445,2100337760
6,9,1,4,10407,965342162,-1365169848,-1266201513,-703013714,-520073464,1020223456
7,9,1,4,10407,-185544495,-1449242829,1090182346,48213886,-1913160838,-710246451
8,9,1,4,10407,1383015371,-129629066,447595608,-582764998,-111110403,-1725768717
9,9,1,4,10407,1681853826,-501389239,1705733360,1075787342,610939725,2115865917
10,9,1,4,10407,-996020130,-128750714,810201827,-1213472643,-1139504288,-1114010405
1,10,1,4,10407,-1426880036,-1014540492,-1986394903,-1833458223,989145352,-1542324383
2,10,1,4,10407,656826837,-487667084,1415121330,750137449,1811267147,-396995030
3,10,1,4,10407,1027591674,-1549184166,-1592602283,1016415792,1333025242,457596555
4,10,1,4,10407,284175107,706300707,-2071278376,631838947,2641647,-279313272
5,10,1,4,10407,1201001844,-737494201,1088222633,-354860220,-830285596,482475201
6,10,1,4,10407,1170395415,-14971936,-2097880777,-1815492537,-908578925,-1427796544
7,10,1,4,10407,-1302428224,-771698299,477387266,-1050440862,-2084259407,-1629495816
8,10,1,4,10407,-1831621269,-946587470,-1306316931,-1867089828,-858965616,56710238
9,10,1,4,10407,-344581205,114019547,-1516314397,-2121434289,1550740227,-22187288
10,10,1,4,10407,-883165995,-848234386,-595185344,-716663894,232163608,-1857394846
1,1,2,4,10407,380695728,-1580740977,-2121087680,-343227691,946171226,-1483344257
2,1,2,4,10407,-1431866844,468731562,-1232062768,-1204995117,591594753,124533115
3,1,2,4,10407,-378496768,-488034657,173635546,-999089383,652675923,573396251
4,1,2,4,10407,-737047146,-72118355,-109894690,471824695,757116227,-2053590973
5,1,2,4,10407,-703897226,-482251631,-1719952976,-1756004534,789833246,-946582933
6,1,2,4,10407,1383608167,-916852071,-54978212,1649004986,454219214,113798595
7,1,2,4,10407,181027160,1875332937,166128043,1285234706,1620715354,867408499
8,1,2,4,10407,1417302399,1824750656,-1394332077,-1094135053,1808470629,-747681704
9,1,2,4,10407,1349184767,876722823,-1814637860,529952264,-583644279,43962994
10,1,2,4,10407,2028294553,-1802151287,-1690812661,1856887398,1634206047,-1035339143
1,2,2,4,10407,-2112314119,-1755019217,-2123870757,-1854633366,654017747,93513374
2,2,2,4,10407,954333535,2131932089,532009719,1101146702,343434520,-1276844651
3,2,2,4,10407,-164663894,-1176624137,-2147150412,1431639375,2013078340,-371096885
4,2,2,4,10407,-96951343,779458833,-2134743793,-1171052790,-1003717671,-1125026994
5,2,2,4,10407,-315809953,297489580,321837687,313929458,-1803870098,-1529918289
6,2,2,4,10407,2071429374,-2032422930,1745029688,1011660613,531756124,1710247392
7,2,2,4,10407,1757370545,-238643013,-694612811,441843998,-1203412422,-1135347922
8,2,2,4,10407,-1142603338,1178348092,-1619466468,-245216984,1115208228,186911811
9,2,2,4,10407,1214472425,1649136533,823543608,742207515,-24485222,852436208
10,2,2,4,10407,1580271772,665896691,-132532153,1111676555,595917132,586791937
1,3,2,4,10407,1445717291,-910146897,1733955814,649694786,387135390,-353528148
2,3,2,4,10407,-754154309,-858486518,-173434617,217713702,-400424144,389563252
3,3,2,4,10407,2071817770,-1535661772,1449214763,-304899177,1613930557,1307901950
4,3,2,4,10407,-1477470,-474111166,39186180,164214427,-1972126810,-1638012704
5,3,2,4,10407,-520177393,-1664338289,1426889793,1119726464,398395663,190802488
6,3,2,4,10407,-1730444725,1094347858,896083247,-584109049,-734999205,-1922416612
7,3,2,4,10407,1732864619,-2078073110,-757378263,886489947,1983147460,1205374665
8,3,2,4,10407,-1005692500,-1847930575,1419410810,-45606582,-429937761,10531396
9,3,2,4,10407,1206288344,-495423573,404066024,868711002,-1634181531,-541316796
10,3,2,4,10407,1935294039,1780668568,1966623906,615291160,1135442783,-551721943
1,4,2,4,10407,1651059682,-1264086314,-1060948577,-823412843,-1081790812,-1951769105
2,4,2,4,10407,-1655769214,-154748305,-333471688,-1580761767,1154617690,1562990852
3,4,2,4,10407,1214548300,-1193730001,-358276669,485720100,-1883067958,-581567443
4,4,2,4,10407,-522825414,-394207457,-923098990,-1319860609,1834636105,1829333390
5,4,2,4,10407,457184999,-1878176043,1318651732,-1159136327,-1396264912,-513331378
6,4,2,4,10407,453264288,2126840199,1058019709,1626792624,222808887,1077915959
7,4,2,4,10407,1329844069,321669483,1716141781,1701756465,-905208774,-1801151223
8,4,2,4,10407,-333240078,1204145152,1717976282,-300224213,235730197,430663963
9,4,2,4,10407,1456967555,-569797416,1060432501,-1058653368,989690665,-510004247
10,4,2,4,10407,893228963,-283411236,1529510787,-1553938795,1901050944,1302235569
1,5,2,4,10407,-1897174746,-822431368,-1440092866,830922362,235163575,1929956629
2,5,2,4,10407,-1240872533,-3184584,-913079764,-1216964175,-1472724493,-1728638354
3,5,2,4,10407,-776315963,-676565769,-956490491,-2126005962,40933362,1572499919
4,5,2,4,10407,-1568898086,-1401662862,1330912457,-1180286818,-1903004998,1580255880
5,5,2,4,10407,-606984155,-1028809229,-1650583018,-196992494,-1776138110,-1486000979
6,5,2,4,10407,418981309,-785920801,278298445,-315702002,2064059245,-1650607343
7,5,2,4,10407,-1630094411,-1241991839,443212673,397650285,911123657,420582812
8,5,2,4,10407,1759486606,-2004394368,-332167427,-380564552,-71060885,-1416368600
9,5,2,4,10407,-2007010321,1301204358,1561091335,1899648724,1442078589,-930507281
10,5,2,4,10407,5219810,1849029838,-1228460989,-2042175735,1858604515,-892508468
1,6,2,4,10407,2086672616,665261822,-699511631,735750134,787085410,1143877841
2,6,2,4,10407,-1640480831,-749326446,92727578,-845520759,1588895701,2115131742
3,6,2,4,10407,-1833042343,-1585720924,-1399620783,1294343541,863538983,-1235281724
4,6,2,4,10407,1302991318,1706963461,1456945370,-19453234,682041494,574144962
5,6,2,4,10407,-343982350,653145956,-1688637232,971823723,-471134046,244314736
6,6,2,4,10407,-2010765178,178667825,-441088112,-1849266363,310653491,924540186
7,6,2,4,10407,1241879039,-1226747191,-1140108013,-1670519688,-384962826,471888112
8,6,2,4,10407,-1113834494,905322348,179525418,-584605404,989250394,-44177217
9,6,2,4,10407,660618689,-164002720,-986259229,1692612514,1625022877,1446065222
10,6,2,4,10407,1773294823,-1201060924,527321916,1214871662,-2368318,-405811445
1,7,2,4,10407,-2119041328,1503015243,-1321674602,-1673362203,391781070,2077980760
2,7,2,4,10407,2005429556,-215016243,-1928995741,646248112,1419833704,-2135258390
3,7,2,4,10407,-1863472850,996866027,1371045727,-370046440,-320300453,-110852422
4,7,2,4,10407,-503448703,-1297978853,-1417113800,-1008413854,2039406798,-779966620
5,7,2,4,10407,2133917019,1900550246,770230953,-1196949248,1537016091,1564056154
6,7,2,4,10407,621351791,1929158943,-558079839,-1868900368,642964852,-237774828
7,7,2,4,10407,282888436,1869373394,-1970111942,912703106,1325355281,1573017750
8,7,2,4,10407,850686107,-852132187,-2145578172,-822569398,-1559825496,-1960804249
9,7,2,4,10407,513124823,-1023657474,-1219913685,-1765733989,1346949642,1285739140
10,7,2,4,10407,584764821,1465149314,-64816302,-1097923520,438615679,-1253712244
1,8,2,4,10407,2071885950,-65124860,-343863974,296941423,1204035912,445463841
2,8,2,4,10407,-714640474,219769062,-905203008,-1721520460,1451489969,1683688015
3,8,2,4,10407,1880494171,844324037,393998076,-797197515,-6509225,785873039
4,8,2,4,10407,1615978520,-1066878322,369631870,-2118413975,733523756,-709152714
5,8,2,4,10407,-1887314570,780640685,991881673,1321017102,437496194,-740841039
6,8,2,4,10407,-745913915,1639230379,1149694013,1030715863,-601780015,-1305399632
7,8,2,4,10407,-142762496,-2035434174,-764347222,333990672,1391516519,-1858296907
8,8,2,4,10407,477953726,755439466,2135106039,1819452277,1155196159,-1193016189
9,8,2,4,10407,-538063771,-666841758,-1697902058,1909239934,-1801271016,-1434543004
10,8,2,4,10407,962644217,1457920410,1190632513,1284840342,-2072319695,1569298712
1,9,2,4,10407,-136499674,17898040,-1663709499,-871283542,-1391265519,1598459167
2,9,2,4,10407,968292302,184027911,388214570,414787988,1358540175,850569365
3,9,2,4,10407,-1443060628,-668036451,-1090959992,885339894,-2123952866,1787862704
4,9,2,4,10407,-434012108,1786309440,1997558149,-1345172008,128184401,835415935
5,9,2,4,10407,670181838,-409766403,2018339949,109103297,-1091391841,1770147462
6,9,2,4,10407,1535022340,-1550640591,1580796235,322839724,-857253341,486562738
7,9,2,4,10407,626455199,1473247375,2044247257,198333728,597206744,626278549
8,9,2,4,10407,-1741865101,1790389647,-534568632,1573678510,1722071484,-473087193
9,9,2,4,10407,-1039474276,-309497890,-1679718403,1164877427,-161660385,2133623219
10,9,2,4,10407,182294904,1001854343,247327963,-1078579150,-1629639304,-1975093167
1,10,2,4,10407,-1398260461,-1110606879,1499318355,-1590944474,1585090653,1745947374
2,10,2,4,10407,1268094411,549550556,-596540781,-909044801,530503273,-219840478
3,10,2,4,10407,372029232,1950026313,-2143362712,2020062777,991424056,-2123298025
4,10,2,4,10407,-2086012179,475367060,592324819,-293285131,-1753934752,-377054524
5,10,2,4,10407,-1325733757,-956838320,-191665149,-1347485273,-317944148,-55731841
6,10,2,4,10407,667135471,-209875875,432990736,223563714,-71799809,-1975575156
7,10,2,4,10407,1497031244,-958247670,510713382,-612170739,-205220590,1285617073
8,10,2,4,10407,2052499162,-787090488,-1382442712,1753363758,-554388048,1337944192
9,10,2,4,10407,-1820223357,-555169989,-748665984,-1041581830,203761195,1230570045
10,10,2,4,10407,-132663213,-993602144,-1666686180,997054248,281047912,-948183665
1,1,3,4,10407,-812827998,-1269887823,1713305451,1696887345,-1331064663,-297158757
2,1,3,4,10407,50294901,-1000598326,-1613601578,-237810857,1920155211,-1666700168
3,1,3,4,10407,1396260291,351333536,1602989245,-892652667,1599424735,-924663159
4,1,3,4,10407,-979320669,-14590894,1944167398,1181254681,-1623889014,-2132279339
5,1,3,4,10407,-1939419103,-405484502,1570434468,-1869653893,-1319027647,367555141
6,1,3,4,10407,1918450958,299425286,2058331740,1799482136,-1790455731,720879000
7,1,3,4,10407,-1566145864,1884339262,1730983375,439154667,993060069,-188364378
8,1,3,4,10407,998769816,-448133211,-2071924452,557559584,1394160477,-1714533195
9,1,3,4,10407,1049103075,-2087541487,592886902,-707407650,-421369677,48932122
10,1,3,4,10407,1625509231,3964692,966820271,361737999,-66516226,708871729
1,2,3,4,10407,168112659,2109337109,-365365277,1720097150,-1992770655,-1287461647
2,2,3,4,10407,-1283402023,-1971830157,-145373036,31612726,900288261,-1289585411
3,2,3,4,10407,239457865,-803130081,-848390969,-824279020,-457278976,1650523218
4,2,3,4,10407,-146147266,-1138632237,-658386962,-1233373270,-637471723,1104773258
5,2,3,4,10407,2105526484,-1929127181,-473799793,1163948506,2125254452,1337498103
6,2,3,4,10407,510608932,-1072218250,106410360,-1640074206,2068933572,1951031679
7,2,3,4,10407,-607308501,1274583978,-274380163,-845402412,357432146,364929496
8,2,3,4,10407,1901380346,-54723005,-1571844038,-1349065289,-1677835905,2045937838
9,2,3,4,10407,533133615,-101326600,-1684315779,818960881,-269823786,-1697233747
10,2,3,4,10407,603682648,1319405725,-893319772,-1396144742,1505672342,644869877
1,3,3,4,10407,574781635,-2054422710,-1117041525,2085133197,-102009698,969672081
2,3,3,4,10407,-1713046242,142324605,1048962923,-171865130,-417232126,-472974343
3,3,3,4,10407,-1032121020,-2030880717,-1763941320,-226927271,1804074308,-1521472225
4,3,3,4,10407,1431385512,-1646923132,1527754665,986927638,369300801,-558971095
5,3,3,4,10407,2031022401,1750415021,1482796462,-1835816161,471636224,49764550
6,3,3,4,10407,-442174770,-1218512938,1519638814,1474958249,653495453,887361237
7,3,3,4,10407,-1613724130,-554087945,-71269531,-1785959676,208506468,1445974820
8,3,3,4,10407,672237848,-1529823281,324859665,1773768222,1782867308,2105939182
9,3,3,4,10407,1107381900,-159616205,-1184149307,47001779,2030324430,1330630802
10,3,3,4,10407,265160045,1002866932,337933075,-989376163,326534186,-255700194
1,4,3,4,10407,1936714440,-997397206,-1950279173,-514385583,645369967,494941636
2,4,3,4,10407,-1036958231,134704890,-1285912676,1309528507,-996297349,1568345884
3,4,3,4,10407,-593330463,-1306524854,-1453094332,-1268001407,-2026440401,1963784837
4,4,3,4,10407,-1297576322,-425970333,1089577311,649394047,181602262,902609463
5,4,3,4,10407,-786730730,-154557885,757163345,447672831,169636122,-90543515
6,4,3,4,10407,-1189441309,192895534,-1538975683,-1753751098,867418692,-558215477
7,4,3,4,10407,-1787192128,1220237054,-2103896004,1529807567,948063608,-832439421
8,4,3,4,10407,932653896,-1833823136,-58016672,-696634850,1695029662,-1274369115
9,4,3,4,10407,824850777,-1933021581,-1997303112,-1864749941,-1521960626,588273335
10,4,3,4,10407,-1506733265,822023507,-1185341507,-977583819,-682689421,111745181
1,5,3,4,10407,-126748280,1593392395,42983489,59240520,1153685850,1023648644
2,5,3,4,10407,-95236684,1884975691,110110161,2037186589,48715546,-1720943418
3,5,3,4,10407,-1427177556,1415059840,-1521650422,-1334726503,627585160,1969248674
4,5,3,4,10407,1476542225,-2147066715,165475269,-1245868630,-1231998411,-271690770
5,5,3,4,10407,102463840,-967991788,-1527140407,-1428673702,249758749,-344123637
6,5,3,4,10407,1243872896,879734920,562985991,518725510,-1299190034,-891268905
7,5,3,4,10407,-235549971,1905015542,654901908,130066926,-859352574,2113722340
8,5,3,4,10407,-2143252182,693889447,-493685198,1220164900,1963635587,-1780742802
9,5,3,4,10407,515019944,1457617555,-1082102656,-1262577617,-1128447329,-1534909670
10,5,3,4,10407,1044474093,-536021841,-289366104,-135902930,-1280641804,961686849
1,6,3,4,10407,-905357441,2045158192,-26066168,731120474,2108798471,-1793387669
2,6,3,4,10407,1980023359,276320043,-1522270306,-1077147868,-841383175,-285558031
3,6,3,4,10407,-2023862566,2091838654,-305491189,-1694466923,-1454164813,220337103
4,6,3,4,10407,-662626738,-751568677,-639730578,1418783614,628744039,174493621
5,6,3,4,10407,-127826270,1168897716,-1322056673,-1401456093,887601373,1127386967
6,6,3,4,10407,-1873310657,245153029,86722117,-399212411,1208246792,1518718705
7,6,3,4,10407,-528751116,-1843204928,2111539966,1035179131,-1123994184,2053253483
8,6,3,4,10407,2102426213,687177922,1396027191,-1365876821,591186733,-828906744
9,6,3,4,10407,249292876,1575439733,-1401084891,-1674718959,-742502229,582830836
10,6,3,4,10407,-1216505128,1221346458,1437736143,1580257152,1974807330,-715205811
1,7,3,4,10407,-595305002,931401125,-1367177552,744753951,-2021624259,-674225236
2,7,3,4,10407,90957638,1816556568,1019229612,-2118844976,-1072657663,-1638511209
3,7,3,4,10407,699697779,-1494517204,1779256073,1759480147,-628434331,-1154728741
4,7,3,4,10407,563802090,1660713349,1105988067,-1659897563,-1086547418,-807379717
5,7,3,4,10407,705746002,648815451,685885805,2000985958,1061883428,-1787886900
6,7,3,4,10407,1834079553,1408507834,-581930625,2084430794,2040857085,424607251
7,7,3,4,10407,-782247126,-354480425,-1308928682,704021746,92648908,1847671675
8,7,3,4,10407,187149534,-1035284665,1121311979,-1558364996,-975055998,-431789282
9,7,3,4,10407,-987688256,869368925,1483030196,-1033042102,-1327296002,-1059816561
10,7,3,4,10407,922762337,513080389,808130550,-1573521116,1202848183,804800526
1,8,3,4,10407,-534484263,1298404870,-1679027521,-981583475,-1435577437,2024130896
2,8,3,4,10407,1633384288,-1882524836,-1909429875,1515215359,-572977544,-255339735
3,8,3,4,10407,531228573,-1692811405,610593179,-275963227,-816941705,1178909220
4,8,3,4,10407,307541212,515181678,-240411798,-1352566287,1252718912,-661951218
5,8,3,4,10407,-120825966,944385558,-597494130,509975607,-1390942878,-953962559
6,8,3,4,10407,1690686653,-1682654804,-1246094780,-334548659,-1404779969,-1294314881
7,8,3,4,10407,-880345931,231131275,-1760050272,763310611,-448296423,-1257927219
8,8,3,4,10407,600520666,-1053579470,-1359973412,2025974462,-184507603,-1813492257
9,8,3,4,10407,-253607303,1030243413,100201321,-1307083632,354593965,-1504826836
10,8,3,4,10407,-1244410755,-1760295304,-716088381,-213369519,1407876730,2075766324
1,9,3,4,10407,1226014864,-1276628571,1882592818,771083704,679438631,1254669171
2,9,3,4,10407,607635272,1376255721,-991786367,1624464699,-851098112,-1659148331
3,9,3,4,10407,742220048,-73106390,-897375220,1120966414,453595977,1846890917
4,9,3,4,10407,-133141821,-1948516431,-1105949785,1326843321,-1044953712,-142501126
5,9,3,4,10407,-1985314521,885998764,-1567610472,1784401870,2016258999,2139796125
6,9,3,4,10407,705020866,-455889887,901894475,-1752802924,1001451794,140781336
7,9,3,4,10407,35968797,-698877575,1545865762,1229388835,-1243107316,-227293176
8,9,3,4,10407,-385788200,-665853508,1190580543,-1267400658,2074666916,-1681303836
9,9,3,4,10407,1151902465,1315410895,2017021215,1791305363,1403581184,790599256
10,9,3,4,10407,-228064740,1667156818,-932281458,-1231057428,-1548847372,274002063
1,10,3,4,10407,1801472470,-1492087739,-902751817,-931793011,1725861626,-1716436210
2,10,3,4,10407,1244713864,-284589993,1765772958,1210492346,93184715,-96476649
3,10,3,4,10407,2065924643,-490054870,475077018,1678247791,606942165,-240191294
4,10,3,4,10407,-1498649997,-1426136284,1101318,44509241,1625121687,1928826729
5,10,3,4,10407,2073032288,1833722397,1958515495,816601068,1534401983,-306748084
6,10,3,4,10407,1951442039,-2023334789,447876859,1714205443,1721687688,-452210958
7,10,3,4,10407,-1393336791,1306453288,-1107929069,-1540081275,-788176162,-1802630078
8,10,3,4,10407,-1316628770,1552694473,-31009118,125271982,-1085274221,667739994
9,10,3,4,10407,-2048307822,1219728160,-1637838550,1464488784,-1204813852,1037388308
10,10,3,4,10407,-935784825,-2112285663,-1376518788,-789318729,1718638165,1569055978
1,1,4,4,10407,-219979415,1963435083,504005846,-433793186,-1899608261,323914398
2,1,4,4,10407,-1327140617,-2007472842,1144338053,-1440687043,1893852453,1857744672
3,1,4,4,10407,-733562330,2005490390,661943821,-2103779338,2134217567,-1345269456
4,1,4,4,10407,-1094051480,-231513054,-664283362,-1715223138,-146426350,320315574
5,1,4,4,10407,1275893723,-1937967034,1859127449,-346570787,1024994374,1561160882
6,1,4,4,10407,2127835094,-1117867288,847999287,-1538649666,-514720846,1068361228
7,1,4,4,10407,-650613672,1381674743,820615353,-538725978,316307582,-187384622
8,1,4,4,10407,-452725846,-722877313,-1707267235,-543263928,-435662853,509518456
9,1,4,4,10407,195651630,1740273605,2014632841,-395924390,-1584788988,-1545325957
10,1,4,4,10407,512390651,-652606753,-703188815,88597316,708329296,-1014494846
1,2,4,4,10407,2131371692,1398699112,-1101382654,-1640393641,-2073527223,1833815768
2,2,4,4,10407,-970729186,1179321816,-1128763024,-453387218,-443519224,1565881832
3,2,4,4,10407,569410549,1101863017,1607225417,-1818497013,-1859548340,1039248689
4,2,4,4,10407,-793133400,-639220676,2052071963,1802116818,-1759667819,-1782032639
5,2,4,4,10407,-658334741,581862815,-193455351,1585534587,-1894743969,209155108
6,2,4,4,10407,517629216,-1968098904,-1900854527,-1017442321,-1895829629,71215481
7,2,4,4,10407,465879845,58963979,1823424834,1233138624,-1875639636,1986062916
8,2,4,4,10407,-1577629149,-1000559249,1416814078,735930910,-1026301264,43890674
9,2,4,4,10407,187067114,1911121708,-1857248090,-487603632,-1518454996,-917286694
10,2,4,4,10407,-1657196196,-1955933515,-1340921219,-818075084,-478111668,684235607
1,3,4,4,10407,-696889035,80020697,-1092057560,-1020974913,-154755204,-1463587445
2,3,4,4,10407,1844269391,978385991,1541210795,184034673,1501895811,771435519
3,3,4,4,10407,-1103916314,-1973323862,-1563978586,-304862161,-542586642,2142773526
4,3,4,4,10407,861171541,-62470252,2141783110,116607932,-1609128556,869343736
5,3,4,4,10407,-41046429,469948892,1329431362,1526342611,1487924050,1692250754
6,3,4,4,10407,-729837508,-968237885,-896818277,1868695919,554236595,-442551917
7,3,4,4,10407,1229267643,-335082124,-838935526,-1557617223,-1139985652,-652717646
8,3,4,4,10407,-625919534,419035468,-1250999431,911197478,-926194139,1252799047
9,3,4,4,10407,-98824817,-138051267,-1336514288,107387600,48856915,28368376
10,3,4,4,10407,-1538344465,-504345307,2019324608,-335202939,2121322894,1946719086
1,4,4,4,10407,1531494730,1368663460,2055268357,2128590977,-1395319532,1864727760
2,4,4,4,10407,-1602254901,-459731838,46927804,1617078744,426010269,743660294
3,4,4,4,10407,1483198788,1217712066,2075954270,613897522,2134742456,652061877
4,4,4,4,10407,-803975708,2046688588,-1768548449,150591303,926758097,-1705416230
5,4,4,4,10407,-564894276,-1075926777,1469275373,-104293245,-1377913277,-1671789936
6,4,4,4,10407,-2143029344,721735909,-1499678842,98804242,-1983529700,1309336784
7,4,4,4,10407,-60971696,1134754632,-198496973,-394888809,1538334267,-912883887
8,4,4,4,10407,1134410742,1454240815,1869792640,-1900583380,-1562710150,1186566143
9,4,4,4,10407,-956642121,1630169080,-521731414,-127900955,-1896116131,703293089
10,4,4,4,10407,1420980283,-1007767787,-352913754,226071398,-328990401,-944785641
1,5,4,4,10407,-2011744102,-10515566,-796873550,-2039518875,1478089724,-970103100
2,5,4,4,10407,-719524828,775439461,42000146,-583541243,882615210,-413346754
3,5,4,4,10407,1850987912,1207285383,-280650527,2019894293,335158000,-1264521476
4,5,4,4,10407,1364401011,-876931339,810425059,-1534937182,1737234438,290206531
5,5,4,4,10407,-1037090518,1362458951,-322236445,-836229308,660365233,-1600763214
6,5,4,4,10407,2003976602,-1314606510,860274253,-608129864,220502755,-519751493
7,5,4,4,10407,-474461776,1421452847,-181802114,-1739347465,1991984193,2111113806
8,5,4,4,10407,-129058093,613860522,-1782277754,-507863934,301490296,-401792942
9,5,4,4,10407,349256327,204121399,-996335834,-348396620,202768525,-1208647691
10,5,4,4,10407,-5976433,1290775465,1577832263,-951153890,-1178349952,-1272862303
1,6,4,4,10407,1344019266,985373823,1278924968,-1209465739,609455192,848919551
2,6,4,4,10407,-1881237473,-1384086258,-720603466,-1875421527,-1439235686,1128656834
3,6,4,4,10407,-76433393,-1515007637,-419920795,-608813012,-1044072190,-602344085
4,6,4,4,10407,-814365776,-61428906,-2106033543,1876823484,193168534,508409058
5,6,4,4,10407,1955487004,369451707,1362616978,1733871850,-1014173975,-934559067
6,6,4,4,10407,-468674946,1876481637,100681297,1367904999,-466566055,-2028140471
7,6,4,4,10407,-264170987,1997739019,-333358888,-724356432,486445405,401532852
8,6,4,4,10407,-574780802,-260035359,-1752368715,1701808616,1997073543,1975656694
9,6,4,4,10407,1421657408,-1489622572,1739654449,1485335956,947837850,1703792528
10,6,4,4,10407,-731676443,309507606,1189499790,-1019869518,-646848940,560111122
1,7,4,4,10407,2030710323,-365559557,1689361041,1562680635,-1709949224,-1871480246
2,7,4,4,10407,1700334252,-455094383,1502824011,-1255427960,1667098736,1745613599
3,7,4,4,10407,725779032,-711015239,1678994106,-469224854,-314283777,640608689
4,7,4,4,10407,-1220459754,-960308844,-473641823,-563242337,1311548541,-455005107
5,7,4,4,10407,242704241,-546514772,-1045119936,826854750,1955590726,96818167
6,7,4,4,10407,606929272,-2038130914,-1763139702,-575873140,912672655,-1808088957
7,7,4,4,10407,37099851,-358739054,1839020282,-1379476147,947439814,1993678524
8,7,4,4,10407,1632003103,927719183,-1738496356,1364998693,998510617,479719039
9,7,4,4,10407,-223689459,-1153576466,-305595801,-144417903,1787670371,1851905205
10,7,4,4,10407,614805626,-991041313,-259544868,-1202128042,-455409179,1777537936
1,8,4,4,10407,-300709581,1558274546,104769235,1604971663,-1282616086,-1765364895
2,8,4,4,10407,-532414533,926746405,-17338943,-212785414,455101277,301064623
3,8,4,4,10407,2139166350,-1051679287,-2019094023,1331840552,-1704565825,-1048856763
4,8,4,4,10407,-1434939149,-1392338414,28429001,738435938,1360499989,-1120026826
5,8,4,4,10407,-1136727294,-136557958,-523026220,-720366922,-850525772,-681588123
6,8,4,4,10407,162855766,273325270,1819436598,-1266001266,-116849939,-262949170
7,8,4,4,10407,-1865763824,1929737373,-1143485980,-1451298322,119529701,-2102951930
8,8,4,4,10407,1804543126,-1156235572,1678770242,-108128,-639303435,1081197173
9,8,4,4,10407,-2113350604,-1696091528,2043988680,-603814963,763671425,1585369828
10,8,4,4,10407,-156348506,949415643,-567761058,1918502946,1689938134,-1802490361
1,9,4,4,10407,-120580362,182457004,2140938250,733457745,1162154641,-291056101
2,9,4,4,10407,1791260634,604477889,-1501335560,912395944,-1225511336,-1173127543
3,9,4,4,10407,1566391385,-1640604936,92308206,446412292,95831831,485149680
4,9,4,4,10407,2040384674,-106750744,-991232850,467299548,-766645366,-1408146337
5,9,4,4,10407,518259047,2109297948,1531703228,-831724836,425625102,1527587459
6,9,4,4,10407,-1865511786,1173105708,-1576349420,-589742461,-554849460,-2024170828
7,9,4,4,10407,252507751,-1891816177,-1306277211,46524004,753573521,-2000234055
8,9,4,4,10407,1347551300,1092734829,-1343047464,359632413,-1439061308,472009277
9,9,4,4,10407,1170739148,1663143020,2125433946,-2041708101,661059108,1672768562
10,9,4,4,10407,-1724194897,479318939,-1827451518,-1115799164,1354959038,306151074
1,10,4,4,10407,-2042174323,-1343827704,1176763285,1779553959,-995281479,-1120529374
2,10,4,4,10407,-2027567260,-675463909,-985978265,-1011098998,1218729654,861690473
3,10,4,4,10407,-215059267,-174251667,1821756352,1608321914,1187081469,1900738004
4,10,4,4,10407,-1217901507,-55661477,1961614329,614217298,285358927,499654142
5,10,4,4,10407,-244421114,393797920,-815092628,-328263758,1427551761,1346661962
6,10,4,4,10407,1970006654,-2045840589,-2066199583,-1275944780,-588551643,-1807235735
7,10,4,4,10407,-706417502,-573513861,-990318116,-2093412860,1892612230,787055259
8,10,4,4,10407,-458458033,-1960579355,735774581,801900745,-1381251377,1718409014
9,10,4,4,10407,2078505829,437912796,1568956746,1908555399,-868942628,-468405212
10,10,4,4,10407,-1559190269,-1271908450,-1759966440,-1700867867,1833317396,79849267
1,1,5,4,10407,-649792479,179492085,1417153249,-1530482118,249422461,-1427357455
2,1,5,4,10407,-342441985,-1481160518,406797876,899622132,1773029815,1978799279
3,1,5,4,10407,-1049820546,-547124871,-777722465,-807191145,-1420188168,-93900462
4,1,5,4,10407,-2055141996,-1358324566,-1649177793,-2068606412,710065549,6050615
5,1,5,4,10407,-1669232884,-1500958235,-1090533836,2091370693,-543773920,-1687162661
6,1,5,4,10407,1252367184,1652992531,1906354662,1706902574,54815634,1520200187
7,1,5,4,10407,-670743670,-194662887,452161212,408158148,1234740231,728112958
8,1,5,4,10407,899126368,-174507134,-72022018,228287569,-30655178,-2008004529
9,1,5,4,10407,-1084735800,1748780798,-12909823,-1274691021,850493583,866589723
10,1,5,4,10407,-920696390,-1505168443,-646593663,-635525967,1292492428,-1239779576
1,2,5,4,10407,2069333078,1249657691,2010279530,228711962,2061134605,984007308
2,2,5,4,10407,-1035718392,1501020909,-1610373008,1324136230,-451220854,2040111935
3,2,5,4,10407,655878866,135426181,-287073339,-1779909362,40295110,-934092464
4,2,5,4,10407,80922979,626091624,8223518,-1246997599,1032758485,2144838499
5,2,5,4,10407,-561622745,269382401,-147303833,872436751,-2131871469,252719488
6,2,5,4,10407,1994822296,-169600071,297391397,1883100328,1774191490,1449875809
7,2,5,4,10407,473219976,-236187468,-353851675,-1608210914,467469348,218537523
8,2,5,4,10407,570458867,-1507307825,-1111314863,1379212909,1533565856,-1367443056
9,2,5,4,10407,-599550085,-185805082,-2072922325,560313341,431502093,-746135829
10,2,5,4,10407,-1771617599,276463962,-2083837099,1400510508,196986766,323319689
1,3,5,4,10407,850104334,1341131198,659316100,1438669082,-74588640,352125243
2,3,5,4,10407,-124934548,-186636740,503711247,-524048831,589816587,-1730950782
3,3,5,4,10407,-225531453,405942464,-1521265708,1316201040,80469139,-1376711571
4,3,5,4,10407,-1068671570,455044416,-512078957,-641297441,-190952014,-1452226199
5,3,5,4,10407,-874748477,1484743167,1779292551,-791290792,-291772426,-1979870516
6,3,5,4,10407,-1080670850,-184850334,858083160,391957363,1585573379,657268885
7,3,5,4,10407,1205286430,-15925465,1455115722,-1473275761,-744324403,711245890
8,3,5,4,10407,1527066414,-160718845,1098977347,645258251,1372418588,1400255591
9,3,5,4,10407,1230977873,1478205982,-1061835818,-1125872119,2093320776,175473220
10,3,5,4,10407,689499308,-1275354253,2036835226,-1662605253,-1520943451,82953415
1,4,5,4,10407,292018729,-2000610543,1150678840,34529960,1402881090,1892490342
2,4,5,4,10407,-1710230242,-227000942,-1142665354,-681940957,120084717,1275314556
3,4,5,4,10407,1724879794,-155723565,929692959,-681103359,1676003942,-1775697397
4,4,5,4,10407,-1514760690,8520905,-1763656139,1064544539,-1838708806,458243375
5,4,5,4,10407,98677428,329180640,284367433,1929720413,-797016073,-2112858343
6,4,5,4,10407,1853221852,1545946430,85148366,2146678321,-1691408690,-2064664288
7,4,5,4,10407,1128402341,-489549357,-1159878188,-1830840521,719043454,-935917146
8,4,5,4,10407,1621773244,-1866781590,-1532595536,-1903696587,-1721454983,2103911065
9,4,5,4,10407,-1164568683,-162489632,-968945755,1593140070,-896542162,876736210
10,4,5,4,10407,-411221573,1367850592,1949438721,330437372,-184176959,-975907646
1,5,5,4,10407,1231104845,-245808394,-1473367343,-606889982,1145989263,-1274236598
2,5,5,4,10407,1885145897,1198852606,-1095831979,343702118,-1479035859,-1993121439
3,5,5,4,10407,-1655514293,-1777194500,-60685028,-56771782,93012130,1144304945
4,5,5,4,10407,-984833877,-712186811,1299747265,-2057270170,-286652802,1027511932
5,5,5,4,10407,620854804,-555050971,-318870697,2128766691,-1183499400,1845779490
6,5,5,4,10407,457740320,-1619418233,326892168,1676285243,-1912413292,1375831515
7,5,5,4,10407,1718380048,-127977209,-1322777207,1702097679,1828935086,-1450057628
8,5,5,4,10407,198127387,657372319,-468907865,79807786,889557631,381525425
9,5,5,4,10407,1105622018,794718458,1792885223,1634884690,385097838,35218075
10,5,5,4,10407,-2120317204,-1604036798,-74336928,1418712224,-1084545063,1840752207
1,6,5,4,10407,432044380,-1451181634,-1408609513,-1912932662,-1610134188,-1463055631
2,6,5,4,10407,1977556512,1892848144,-792421632,1447789789,-1825943108,-691530101
3,6,5,4,10407,-408561137,-1096984148,1854391930,-1285818208,-1381843598,1059382407
4,6,5,4,10407,642688504,976943453,-1054135729,1357591902,1451901576,1420315400
5,6,5,4,10407,-688228644,-1742795016,-1964683433,1433556833,-327639296,1182432630
6,6,5,4,10407,541972239,485132166,-469199600,-1804608787,1421994798,-198770407
7,6,5,4,10407,-1658616820,1441096347,-1949812229,-1785864317,-1424862192,1634227314
8,6,5,4,10407,-666740642,1015196529,-1647656365,1386156202,-544271319,1268514507
9,6,5,4,10407,-1454733533,436882136,1016015140,-55154257,1649152221,500716464
10,6,5,4,10407,830909072,-1125580156,-441370199,138341970,380020025,1705736278
1,7,5,4,10407,1219008705,274978293,437484812,1347933093,-1158532673,740090718
2,7,5,4,10407,152329943,1680375892,204429662,1462582807,511359727,-276462618
3,7,5,4,10407,507608857,508562325,1313293287,-1060765896,53629264,933146447
4,7,5,4,10407,-141243251,-154793150,762683076,-332851359,1735411159,-1766979703
5,7,5,4,10407,-44619014,-1453893417,1743002036,-859757098,1270769544,-498664099
6,7,5,4,10407,-225746868,594137983,-891627401,1405293279,30630860,395382864
7,7,5,4,10407,2097890924,1034311839,847805717,-1115326668,1918707783,1744514801
8,7,5,4,10407,-1989570227,-1536301126,-335431588,626883021,-802272271,-1479832873
9,7,5,4,10407,469421145,-2141787019,1708482627,-1376236097,-1545229118,130934920
10,7,5,4,10407,1383225055,-2063741247,1398381544,697929267,-1361743480,1752795324
1,8,5,4,10407,-1888006075,-847141843,175720545,887859618,-1926292043,822088170
2,8,5,4,10407,2121302120,254894187,2134204937,-2128463122,-847051744,1773137115
3,8,5,4,10407,2013491306,1983906386,1744656645,-2052144752,1794885822,1174206844
4,8,5,4,10407,1732259836,-445577135,-979281057,-667744481,986555513,-627867391
5,8,5,4,10407,-1748484672,375682411,1402845327,1744908484,-493894110,1374659327
6,8,5,4,10407,-1554611491,1878031279,598807177,1858182058,-954973465,1557031058
7,8,5,4,10407,210294881,1703960086,1641833998,1196108128,866419353,373013116
8,8,5,4,10407,-712140763,-1227417406,758212355,1569357969,-1028660642,-482614864
9,8,5,4,10407,264339495,-1375208203,-2070102434,680343874,-1449582543,-597078873
10,8,5,4,10407,-1118290753,2125869248,-1666674767,112825401,1396523697,1368718808
1,9,5,4,10407,1220247813,-1006618372,1601825032,833073106,-1881536231,1689790303
2,9,5,4,10407,541638825,52231758,1403456188,89513240,849345658,-546902305
3,9,5,4,10407,-1742892453,1289273355,1664856732,346823087,-848202609,2113612571
4,9,5,4,10407,296977869,-2105153212,-1671270110,813810359,1166684515,-269133593
5,9,5,4,10407,-1745460023,-2114305116,-725032790,362481674,-2021889988,-1507476034
6,9,5,4,10407,-85029026,2018318719,1576179810,700911933,352718286,-34374488
7,9,5,4,10407,341746198,-1146943970,-1815811238,-2042730530,-1425345051,1509100149
8,9,5,4,10407,-1715330984,391093333,-511459542,-30976897,716911224,-978348999
9,9,5,4,10407,-111107612,-1623809639,-88956001,1367878993,-1988697764,264765102
10,9,5,4,10407,68726972,-983005879,-2074206006,1817333919,-900657151,2022740505
1,10,5,4,10407,-1905268575,-2127480214,111768650,-1134840505,-1573401792,-235145033
2,10,5,4,10407,-1591603647,1547252461,-714259190,1554937620,-68234394,-353793907
3,10,5,4,10407,-1336523905,940082939,1490282047,-1101772254,-1905203972,-1569772347
4,10,5,4,10407,1579196243,-1948576627,-887440464,-714525169,1616227764,374559522
5,10,5,4,10407,832930245,764502977,-118568899,-1764856734,-1108208725,1718859667
6,10,5,4,10407,793663809,969278916,1622802390,-597273099,-1835928513,1677901479
7,10,5,4,10407,532569476,1206408505,1017100569,1872121159,-1117846035,-307696824
8,10,5,4,10407,1994911911,1416392307,1420811373,738000499,-1161005863,1253129128
9,10,5,4,10407,689575716,-1112035265,-303921914,57104464,1820616563,304869841
10,10,5,4,10407,94752090,-2091799786,-1431406934,-2076263011,-1497911165,394168949
1,1,0,5,10407,639773589,-1871422328,1360910870,1476030576,710314731,-878741015
2,1,0,5,10407,-1518420844,871754022,503531615,-1747605451,1657349611,-1334235601
3,1,0,5,10407,-1112312519,1088601517,-1813778324,1234831777,-506148585,1599847467
4,1,0,5,10407,768622791,1130793623,-995328853,-555425472,-1896172300,1121162410
5,1,0,5,10407,-1123792516,1149086193,682944083,1599840062,-148415192,-636170714
6,1,0,5,10407,-1400009714,452474738,-532689233,1859032530,1790612660,-1930920624
7,1,0,5,10407,1653978758,1780975726,-369328884,1929423645,419287064,-1291304172
8,1,0,5,10407,-265699574,2060196957,2098361379,268623794,-1467350711,970939168
9,1,0,5,10407,-2118344169,-1058505908,-2079888782,-1133541970,-1547237922,4392609
10,1,0,5,10407,-1064473762,1664302357,1867290847,-2090467067,358711473,2137609077
1,2,0,5,10407,1968808030,-1998338286,-232133175,482384487,-1114101547,1025084082
2,2,0,5,10407,-1727335937,-1536913774,-1306769878,1228555899,-1051825619,-1866494616
3,2,0,5,10407,-2118098273,-678916601,-1627029765,-2105549961,453227762,985223747
4,2,0,5,10407,1238625931,1781119778,203401031,-1968774040,-320522635,-1531492624
5,2,0,5,10407,-1689312576,344996659,704234541,-1620732258,1764888369,-1738783617
6,2,0,5,10407,731210265,681734839,1673905679,-741180620,775609915,2132891889
7,2,0,5,10407,1980061611,-309116489,-869126962,-1130455038,-2134069987,499319533
8,2,0,5,10407,1722750985,-1313405414,544424185,640494549,1681998143,1269208576
9,2,0,5,10407,1722139003,-214173344,999797253,1705960803,-981661830,1158867137
10,2,0,5,10407,-175741201,1705501769,9725996,1326032624,-940369388,-1601953376
1,3,0,5,10407,856155400,-1895394842,-1334234403,-1398215083,-823972687,1732112542
2,3,0,5,10407,1331577170,-2025208262,-1264995674,-993011192,-27147360,-905987894
3,3,0,5,10407,-1642775959,-2124799086,1881430457,579602417,-1233663674,63958101
4,3,0,5,10407,-1530521204,-1472118848,1999699654,-348995504,1906629869,1642408388
5,3,0,5,10407,540363664,-1090503339,111951061,-1251203515,-885722331,969464144
6,3,0,5,10407,595600783,-1012162544,1530145159,-133804547,-293344628,1996266996
7,3,0,5,10407,-1446768993,-1688542809,1545752222,789968190,1842703320,1709121717
8,3,0,5,10407,-530999473,634426187,1939526468,-1621024782,409823043,-1334048587
9,3,0,5,10407,643751473,-1149434582,-1504010557,-985784389,-810986500,805440570
10,3,0,5,10407,1488096925,-442018972,-782184451,706660232,1779755501,1195288305
1,4,0,5,10407,1797490018,565410004,120403654,-958979644,71217751,1733328571
2,4,0,5,10407,1705398092,1100582556,-457281033,2033291065,-496844618,1541663445
3,4,0,5,10407,671183235,480715120,-24750590,-2139053361,-1649702308,-1645768414
4,4,0,5,10407,-1306458183,1183465083,-1990157765,-2084847827,-2039745862,-686280619
5,4,0,5,10407,1122977283,-316337016,-323395667,2059313228,56542077,278360120
6,4,0,5,10407,1746001619,1015799312,-2011831270,-525666538,1701205699,1646923755
7,4,0,5,10407,456540570,727562390,-355611984,-927902300,-1092426545,-671408468
8,4,0,5,10407,-2014840266,-1863411220,-664529580,-1700155757,568347702,-1441169664
9,4,0,5,10407,453943665,-8633628,-1851143139,1346870615,122988341,125809259
10,4,0,5,10407,-1313842927,740072546,1211274808,-1463833586,981800037,-1822582787
1,5,0,5,10407,-462215548,1473296263,665407730,477657846,237155414,1511464751
2,5,0,5,10407,-1675786985,1022310481,-458314543,1118483269,-252275521,548461069
3,5,0,5,10407,174533053,-1025516771,-23746676,875976859,1451940504,-1986234238
4,5,0,5,10407,-1486636548,-652765809,-220413213,-1928667160,-84488732,380978293
5,5,0,5,10407,1160894041,1411314734,654334080,-972449350,849027247,63000564
6,5,0,5,10407,-190847247,618026326,-2089297663,1324299959,-160517016,-1272713553
7,5,0,5,10407,-1896081567,-508434502,-1944334665,439343635,-218243571,-2011010613
8,5,0,5,10407,2033642506,111799150,-588885127,1052892149,-426442577,-1368721615
9,5,0,5,10407,-1325885761,-916637139,984643454,-1105470215,-694719204,-577293437
10,5,0,5,10407,1410284974,-1767072012,379476488,231997189,401449507,761909000
1,6,0,5,10407,-892953825,310782364,-1322733118,-53385066,-1933959895,-2097487871
2,6,0,5,10407,-694099939,1809473714,872376426,1415353100,1176557520,582689800
3,6,0,5,10407,1032429861,756258778,813951595,1150135058,1503869925,-342059850
4,6,0,5,10407,-435675486,-477363352,-1834620417,-59223052,-78446587,487946751
5,6,0,5,10407,-756926258,660916425,2006525581,234174325,-967129655,-2074023255
6,6,0,5,10407,623721583,1980946303,-1797179840,-228849729,-2091155430,-1879101731
7,6,0,5,10407,33874255,-2122044142,-1960824021,1243429474,-1921685990,-676648995
8,6,0,5,10407,2034142889,-1807491380,-1277039868,-1788590425,1827851056,476871755
9,6,0,5,10407,1166616502,-1432135246,706932313,-1361835210,-1789834978,328316436
10,6,0,5,10407,-206036770,-1911611454,1023458742,172711080,-1337948527,-324861576
1,7,0,5,10407,-262425642,-1028345309,-1445833132,-271108656,509251195,-1799008595
2,7,0,5,10407,-1338063806,-354778389,-1929248108,-5389688,-2044621872,-1318050540
3,7,0,5,10407,2104999173,-946347011,1458099504,800770128,-1092361566,1111888092
4,7,0,5,10407,-1022035830,698478750,943342368,1187961373,351801842,1089530332
5,7,0,5,10407,-495385719,1194534543,-918844809,561999644,899277471,207728005
6,7,0,5,10407,-1618620717,2006234259,-1171352940,-1032331246,-978346694,1433671357
7,7,0,5,10407,-667182146,459675080,2036857190,824247830,1541758415,1190127678
8,7,0,5,10407,1903497304,-819201977,-1644971095,1354630876,-1804961631,1119144809
9,7,0,5,10407,-1083680218,-1396433690,780638324,-182435656,-192541528,1930827505
10,7,0,5,10407,1964206640,-707059678,-1182205302,-2106931829,-2025854927,1426586882
1,8,0,5,10407,1993733661,-1066054985,-1232632525,1185407218,140925352,-1397992187
2,8,0,5,10407,609738379,-548390680,351627646,227700223,29181256,208738180
3,8,0,5,10407,1054910072,-1735535612,-15362008,-1834033325,1382479611,731133641
4,8,0,5,10407,-706551211,-985006202,1042985227,1065237595,-1859049177,-1681412911
5,8,0,5,10407,-754017972,616060743,-871208285,-1224517247,1909231908,839240706
6,8,0,5,10407,71336063,1136350981,-151343005,-2118340188,-1671129349,-1762855503
7,8,0,5,10407,-2143452540,205749829,-1053745282,2019170711,1098974950,227904601
8,8,0,5,10407,-1786539434,-142664400,1171027955,-691680752,-992918144,2113601373
9,8,0,5,10407,-1296938570,1314551552,-1618658882,-42152806,-1056037396,1880122697
10,8,0,5,10407,-797487659,598172620,1690896866,900164563,1066727437,74815114
1,9,0,5,10407,-1595682017,-660585628,2125999344,164354792,-370811940,-1030606272
2,9,0,5,10407,1001743603,1405326229,-416743750,-445616719,1575958125,-561432789
3,9,0,5,10407,-532241434,262481457,824131794,904733701,-950639946,105663448
4,9,0,5,10407,857563152,1136618201,-1559361839,-1765589951,784895003,-1872308172
5,9,0,5,10407,250570773,-1039333559,128065138,-231485552,-1600001078,1360547792
6,9,0,5,10407,417138252,33891798,-1550555252,355644273,-1987292063,1989044948
7,9,0,5,10407,2070356609,1481143065,1937798041,-1809045827,1328005678,338199789
8,9,0,5,10407,-2003092763,925017231,1998720683,479732540,1016161382,1156816286
9,9,0,5,10407,1849066047,-56857710,1638406078,1976650191,-496523174,-1594065529
10,9,0,5,10407,1120323126,-238323335,-1151445916,411713822,-292625720,1082306865
1,10,0,5,10407,1388257882,-943608970,-1638054022,678823121,1148919255,129330136
2,10,0,5,10407,1458399797,-1284594455,-1725786199,1753530494,1472909195,406725711
3,10,0,5,10407,-1553027124,1415959270,1814311465,-1849664609,-1447416060,1341804585
4,10,0,5,10407,-331369360,-682238277,-1216495288,883245741,-1910004895,705429888
5,10,0,5,10407,757183259,-1181983547,-1667051576,940544076,908786758,2103514411
6,10,0,5,10407,694400928,-210236115,1804772042,-1310937071,-371300279,-1206217641
7,10,0,5,10407,860764859,-750647000,-192391217,-574651791,541946895,-790467427
8,10,0,5,10407,1299330399,1415472279,-717218747,185264975,-829546696,465060116
9,10,0,5,10407,188200458,902992141,-1402684949,26107452,-1170602346,417905067
10,10,0,5,10407,-383723165,1410528247,153219061,4248781,1499441260,979137698
1,1,1,5,10407,-624718409,-745956917,550389512,-2018001631,2035949547,728505031
2,1,1,5,10407,1333867589,769255579,-370994873,622171171,27871361,561827230
3,1,1,5,10407,-1943897784,1630836027,1298244222,756115736,61154158,-38299890
4,1,1,5,10407,1325964079,316703073,1120271350,1864403538,-832801917,-1508748685
5,1,1,5,10407,1284592864,2097321912,1107785840,2068499076,304591919,-1121409969
6,1,1,5,10407,-369336437,-257791165,1319673917,158357863,-1988534358,-46220854
7,1,1,5,10407,1663966327,2145682914,-192124619,2089668343,1440500462,1401363749
8,1,1,5,10407,678307592,-202029723,1426193457,-1396785425,-858226414,1208556844
9,1,1,5,10407,-636029218,-1606312463,-448828581,-1607220304,-846091682,-1980916920
10,1,1,5,10407,-1303165746,-1703936895,-297660642,1932201932,-1537419604,569746058
1,2,1,5,10407,-848317533,-1330889737,53138511,-2024801588,-956743659,-898100887
2,2,1,5,10407,-400383365,-650033971,-745134432,963201367,-299227278,1348089672
3,2,1,5,10407,-1268843281,253934565,-656681632,1213609114,-1896224507,965342850
4,2,1,5,10407,1976738358,-378494150,738187811,148957547,-519796128,-1738126884
5,2,1,5,10407,1334698871,-1414205766,-1308512244,568379756,908185652,637274978
6,2,1,5,10407,-1660524440,2117574488,-1183565444,-89937429,619606930,1247651412
7,2,1,5,10407,429631777,-1676293232,21571508,271787513,2089849361,805957881
8,2,1,5,10407,1593932489,-1475542657,1459119245,1201764622,718818948,-1754325326
9,2,1,5,10407,439389461,301388957,1594380895,-175965077,-982770966,-1938750146
10,2,1,5,10407,-1841892148,674815148,-102676891,-310119507,1207932466,-827437924
1,3,1,5,10407,385636220,-1670143399,-1449930165,337869235,1108494811,1130502309
2,3,1,5,10407,-2053565490,1659549334,1278040803,571275428,-2024053258,336736510
3,3,1,5,10407,-1526301022,247795195,-788338014,2060440890,1241795601,-1143641364
4,3,1,5,10407,1641456408,540296296,1502452503,-286511582,-1612762079,-480257267
5,3,1,5,10407,-1741336469,1536560742,-371849526,173186159,1831591333,1084972686
6,3,1,5,10407,450629992,186364473,-1873924651,320631541,-1011065096,-1913430644
7,3,1,5,10407,-1121621613,-269095809,-1587576939,302524919,-213907594,1980958703
8,3,1,5,10407,-1763750473,-1622886907,-1104628078,-1651589348,46222788,-1346998614
9,3,1,5,10407,-1715880215,-489398166,748137269,523865929,2146511083,1132336853
10,3,1,5,10407,866037885,-1454203271,-1921253027,-473704415,1023707882,1528863527
1,4,1,5,10407,-571474538,116264417,-101473228,-661297134,1815418476,-1670720906
2,4,1,5,10407,-2026530096,-381601953,-422940845,1840821460,-2126855799,-1015832731
3,4,1,5,10407,-1778384489,404072565,1770744926,-1389956892,505978404,478320977
4,4,1,5,10407,1431388418,1600956307,636988039,-1645911423,-796733018,746156159
5,4,1,5,10407,-1596813316,-380316109,2130538695,941479918,-975297680,402611761
6,4,1,5,10407,709327047,-1225872022,-1916453015,110978887,-1145712731,-911211020
7,4,1,5,10407,-1198765881,-31058799,-1818137635,-1078370311,-901203112,1413102274
8,4,1,5,10407,-701909120,212169460,1375715761,-535498419,-1749439603,297051583
9,4,1,5,10407,-790599349,574335694,1316994310,-2023188238,-169973508,1164970998
10,4,1,5,10407,1251843741,974550072,1101307581,-1957471962,1134956037,1189586741
1,5,1,5,10407,1452036735,2113936577,2065412896,763162775,-760736051,1717395996
2,5,1,5,10407,-551049621,1865974801,-1200351394,1616931172,-1975170752,-1376372491
3,5,1,5,10407,-299138628,-714248297,1536666172,-1374918390,2123737689,2120726559
4,5,1,5,10407,-2117510843,1102081921,1294225065,-991915343,-194011879,400786165
5,5,1,5,10407,-299370899,2123442196,-1997149833,-159036278,1965132505,-1914993776
6,5,1,5,10407,835303906,425839845,473513061,-921871405,961959571,28892372
7,5,1,5,10407,-2029212922,805644759,-933030793,-320325367,-881091058,757284118
8,5,1,5,10407,-1462664131,60248735,-1741135087,-1187909577,1617358529,-1554741228
9,5,1,5,10407,612005814,528427040,126950620,-404347075,-872321785,-1238477318
10,5,1,5,10407,1210543453,1200170727,-68671866,-1366459588,215221996,-364229865
1,6,1,5,10407,70872143,-1289134617,1906875703,-771811768,-1591107142,763474695
2,6,1,5,10407,644512156,-286187863,-936242928,1235769879,-1551967764,-1241994676
3,6,1,5,10407,-1838395150,1583108292,2010609827,789392966,12347806,-1212033281
4,6,1,5,10407,1356499516,-2124621183,52607776,-1637772203,-1353079181,1384786826
5,6,1,5,10407,-1505532156,437192676,1486129961,-874833731,-106017112,-136615115
6,6,1,5,10407,-1577235470,-1652740108,-260580250,258107701,1403588427,-445359568
7,6,1,5,10407,1835462973,225594098,-285571762,-931291890,772870909,-1475344115
8,6,1,5,10407,1063778066,-2046433452,-563956203,-1783332088,1958578904,-827484812
9,6,1,5,10407,1682003512,-203192434,1961983319,-1887933154,-1460527304,-1951357798
10,6,1,5,10407,-1117568644,1276617744,-1130042897,2036194788,-453996725,1413732856
1,7,1,5,10407,-148815257,-274630497,1258772810,-883877869,952263186,-611219416
2,7,1,5,10407,1962383644,1481409724,-1396517367,168457303,-1905201104,-2052263233
3,7,1,5,10407,-67588823,-2062456778,1658116769,-1665790729,-647625890,-287387009
4,7,1,5,10407,722151778,1654064742,-1230243374,-1526051827,-252600082,-11271749
5,7,1,5,10407,-1319034625,1301440327,1617222267,-560609653,-1925817163,1300969731
6,7,1,5,10407,-262293591,-118646167,-257711676,421092777,-814096319,1232434966
7,7,1,5,10407,618574749,-893129187,-958284435,138374744,104358777,536376546
8,7,1,5,10407,28508091,-1910057470,1046919900,458909552,-316893645,2061857394
9,7,1,5,10407,-1088784649,1273652613,1794900286,113969008,-2020623713,2070103305
10,7,1,5,10407,-933062501,971774913,1325232828,-1098329057,247207215,1657938821
1,8,1,5,10407,1524492925,1012119870,-522404193,769263323,-429531040,-7687658
2,8,1,5,10407,-122505564,2103808132,-1720173957,832688299,1250934857,-686433110
3,8,1,5,10407,726349730,1078226551,67061936,-2008441735,506455756,1005609161
4,8,1,5,10407,-2469891,-1670355614,-788802298,240833775,-1233316392,-1578612542
5,8,1,5,10407,-1038882693,-2071339837,348373259,-930550718,909426877,-1457364384
6,8,1,5,10407,1250356735,-97327512,1387996255,1407949189,241279697,747781401
7,8,1,5,10407,1949010835,-1439103698,-1358620297,1201868201,412321451,-950460371
8,8,1,5,10407,277249413,-400975468,450620919,-1188934859,-2121198009,-16577774
9,8,1,5,10407,-553900450,-1096622290,30641581,-663447500,-31044922,1403053800
10,8,1,5,10407,-1754815404,1034309013,-1441802774,771866739,-70624363,347127050
1,9,1,5,10407,936305671,824405725,854032145,-1152778233,1958816741,1490307692
2,9,1,5,10407,-592060303,528533263,460673277,-662733086,-1508823304,-289047174
3,9,1,5,10407,-251410124,-1167786982,-346661644,-423179039,523011481,-919800255
4,9,1,5,10407,735723116,1414238418,-1248477135,291289798,-1546573944,1318006401
5,9,1,5,10407,-227129511,482344669,-124348021,1968795989,-427039387,218025995
6,9,1,5,10407,1737414562,962816183,1158622980,153507985,-1904500464,1078007880
7,9,1,5,10407,2077302995,837266746,396335565,1227483880,-1921995317,558986918
8,9,1,5,10407,-717552262,-1373456158,941202411,1401338178,1375156057,364991519
9,9,1,5,10407,1180575819,1292038179,789523290,-299626022,-2040997474,581615124
10,9,1,5,10407,-706645397,-807285813,-1699019874,-1371670487,1915478327,-1680240761
1,10,1,5,10407,163791056,1743314356,172980618,1397550527,-901680267,-119455338
2,10,1,5,10407,916822654,-1778836120,1214310140,-1518147061,-815093029,404337809
3,10,1,5,10407,-326169369,-112274181,363162737,340796643,395810256,1914743069
4,10,1,5,10407,263571885,-549047111,-1015823766,-1447273150,-1500066541,1885118128
5,10,1,5,10407,29085448,-957236345,-1801450815,1548149892,-1479546780,2130660563
6,10,1,5,10407,-2074179760,-1466234146,-1874849138,710937054,-190698699,-1154831517
7,10,1,5,10407,-287013760,2049353498,-824396673,1983325237,457919914,408628159
8,10,1,5,10407,-1544001379,1207568619,485323089,2082517708,-1046085031,377162872
9,10,1,5,10407,-1890911322,-618943606,-733339703,1210939987,-564669218,-184733298
10,10,1,5,10407,2133784547,-1267231864,-1755900333,1342365701,-1074665,-2081502266
1,1,2,5,10407,-496632074,791143873,-494893827,-866417227,-1078608121,1561924886
2,1,2,5,10407,-1988529908,-613024751,-1168045187,897281875,476964894,918023381
3,1,2,5,10407,-457413069,839865487,2137948601,-1478851893,-1671604288,-2004289439
4,1,2,5,10407,-1187835004,687656796,910237663,-1426705180,-1947537510,1140125041
5,1,2,5,10407,1423141585,-393194466,62123537,1416879212,-1080708744,330625145
6,1,2,5,10407,-1400096082,-372634613,682259120,-1266267496,478311135,-1940944795
7,1,2,5,10407,1941093207,161901552,782214133,-927509753,-1847445875,563975162
8,1,2,5,10407,1801273366,1090263261,2033709296,-206057423,643489809,2104793058
9,1,2,5,10407,1255052470,-1304103037,802533207,-1876039687,-1921068969,1106047917
10,1,2,5,10407,1541684182,114020183,2020058441,-909792392,-15354861,686674640
1,2,2,5,10407,1709750532,133883411,212247501,134428806,-2100170976,980809489
2,2,2,5,10407,665136421,387840010,647711822,409502623,1092942282,317791715
3,2,2,5,10407,641236919,-683974116,-1063067567,1846604973,1304618416,1260279936
4,2,2,5,10407,-1877797354,1254529735,1238372285,-2072849110,-2005838983,-663222764
5,2,2,5,10407,-1130517745,-984152330,1240289317,1420050872,-1353663315,1569017617
6,2,2,5,10407,-1429280893,2043598971,1587437414,-323428273,-19516953,-1439454628
7,2,2,5,10407,-1949131865,-17601233,-1220753679,-675077830,-866707200,-1628558665
8,2,2,5,10407,-1019847680,1886179817,1166548028,-2143389024,-47930104,-769711530
9,2,2,5,10407,-1410151614,1973186216,1464647512,788035496,-1237443849,2109553559
10,2,2,5,10407,-47288648,-466747391,1936361017,-663668838,-973274494,1301996279
1,3,2,5,10407,1485724559,1033279469,1717455249,-196096922,-405307506,640518453
2,3,2,5,10407,-1066265977,355089080,-77133723,205824646,-607008541,2140494625
3,3,2,5,10407,-845915882,914943039,-674938307,239328061,1060971019,-1254359126
4,3,2,5,10407,609846151,-81831802,-1338665290,964329659,1468395198,461012453
5,3,2,5,10407,1540790969,-1775409206,1629681170,-236660620,-1802988056,364517500
6,3,2,5,10407,949586772,67709490,-372583453,-440336665,-1917373580,-1828787488
7,3,2,5,10407,1031759125,1629667313,627933134,1243047546,608842706,-971281444
8,3,2,5,10407,-1519452437,1492149452,-1177792294,507659555,1788340718,1823083707
9,3,2,5,10407,-416243374,1474604490,2095534398,-150878250,739529602,-1170970721
10,3,2,5,10407,-1768317984,290010664,-2119881119,-372275672,-923326759,1155311669
1,4,2,5,10407,-1563226779,-1525362046,872578398,-330986080,541278470,973263281
2,4,2,5,10407,2105942214,15648543,-471849491,-3414545,301406668,-337062516
3,4,2,5,10407,995881643,-414258081,645786015,1521255748,-1199533552,-94569748
4,4,2,5,10407,1786718093,-413335463,981473250,740756494,-1323080212,-889166364
5,4,2,5,10407,625332234,667149982,671264012,1696763105,1223029666,931545663
6,4,2,5,10407,-10522880,-1203990143,-302335336,-637408200,-462517300,166046183
7,4,2,5,10407,2020950126,-1992693494,1301448447,-5591585,1370993843,-1069616100
8,4,2,5,10407,1516865091,-212132556,2146075432,-701245219,-256472182,1935116556
9,4,2,5,10407,-1497263568,1930316482,-1259353924,1445990914,-1068358696,652784186
10,4,2,5,10407,473817462,-1340160480,-1869846331,-1838045189,1936238687,1525406495
1,5,2,5,10407,-738724210,766570989,-1824203013,-1700062101,-869975884,-601424853
2,5,2,5,10407,-1183392906,-1337401586,117049769,596867689,865044340,-2067599645
3,5,2,5,10407,1231693248,566751104,-1588679804,1360956222,686505556,165060183
4,5,2,5,10407,-518599718,127871667,1804747348,-1443117388,1760329874,2061421052
5,5,2,5,10407,-1652321912,-460004370,-744292767,571822463,1964013615,-104843509
6,5,2,5,10407,-1127902510,254169105,736671441,-320444398,-1825618483,2054559696
7,5,2,5,10407,468727689,-14411865,-442837940,-2004886290,1019312059,818297991
8,5,2,5,10407,-667523241,-1541030644,286335216,-1234559970,1159228329,1082560110
9,5,2,5,10407,1012211953,1917959213,-177316126,-1945700160,2123060890,1378986500
10,5,2,5,10407,239368238,-1716556489,-899232942,-1404649424,-828827718,-53947391
1,6,2,5,10407,-120378132,975226231,-295890561,-229254481,662765871,-930253504
2,6,2,5,10407,811896630,591599345,1175735999,-337588215,1061809997,2029319604
3,6,2,5,10407,359860037,-1904797085,1637772723,-288498692,601231979,-1471638571
4,6,2,5,10407,1576545183,-977431955,1226593111,410140354,-558034602,1133264956
5,6,2,5,10407,2049076736,1747360329,881917647,-975595629,866285038,-745647549
6,6,2,5,10407,2020985860,28106677,-898241298,1051809642,1049515971,2075317281
7,6,2,5,10407,1055972575,1830540753,-834525728,265661379,1813012688,-610956506
8,6,2,5,10407,97722253,-212559903,802411801,-1021271717,1547622604,-1374371948
9,6,2,5,10407,-2007587335,752404693,273867898,-517266359,-818282494,651088018
10,6,2,5,10407,-636528692,-74289731,-628690552,727592208,1398599817,-1165658385
1,7,2,5,10407,-359313442,797938462,-2146152191,-1717267395,-1644897772,-1475550902
2,7,2,5,10407,-38176501,1118426720,-493908375,-903773890,-737696125,-1152740175
3,7,2,5,10407,-389811079,-1119858977,-1367426664,-873185072,-1616899900,1083829282
4,7,2,5,10407,-691352934,203489203,495324590,-1251145768,-1478226241,1065254710
5,7,2,5,10407,-1595396483,1416675790,-81164322,-2071146399,-1164493950,513487110
6,7,2,5,10407,779675491,-298332011,-431541749,-1013788521,-901938492,-1920033121
7,7,2,5,10407,-1526133467,-1072703980,353723527,-1091444524,-1749482375,-1867446727
8,7,2,5,10407,1578758205,274735473,-1779923797,-944819867,-1769175472,-1274253768
9,7,2,5,10407,727137695,102222568,44635489,2014879408,310382210,-386684497
10,7,2,5,10407,-1825926362,950968800,979727791,1851710087,1337655465,191622867
1,8,2,5,10407,-112573982,-1442886039,1160244683,-1196314528,-1392657991,2027702379
2,8,2,5,10407,-1440287273,1774525295,-890726258,-1719448684,2054333095,1837267268
3,8,2,5,10407,2041535247,-697231395,951475395,1687504268,254043258,-587667531
4,8,2,5,10407,-1334456668,-1137341075,-621985474,1497536617,-1131568610,377059145
5,8,2,5,10407,-1066054265,-336767280,-1612596089,1813634348,-273909634,-1676577616
6,8,2,5,10407,23457488,-238191857,-1671788555,2088927112,-524377367,-727842712
7,8,2,5,10407,536815855,1622308294,-77200829,-998491190,1368532565,148535896
8,8,2,5,10407,364106657,320789205,-82093992,-241421779,-1649612763,90950310
9,8,2,5,10407,1091551455,-1333069227,-1437419267,359463357,-1645490775,-219926198
10,8,2,5,10407,351877015,-1637920645,-1612329764,-876769974,1222004142,1810378675
1,9,2,5,10407,2123593873,-907059035,-877644620,-344987703,876061109,-1365560574
2,9,2,5,10407,-164790147,-803138148,1145812679,1558012216,-1925398663,1882946360
3,9,2,5,10407,461666438,-945070057,-93060816,1022539216,918922962,1738031894
4,9,2,5,10407,2031673085,-855433876,300523606,91816254,-76597187,-1737597842
5,9,2,5,10407,948888181,-464436702,469185020,618586608,841793431,706459355
6,9,2,5,10407,-674806087,1987339572,1127457793,520415336,-1802034761,-518985464
7,9,2,5,10407,70808499,388854303,-1142698495,1318794371,392432850,81719431
8,9,2,5,10407,-763527179,-1142469508,1692972639,963296019,-2013996744,-1446257227
9,9,2,5,10407,1666779788,672748830,-510525650,1639535732,-140220340,803099307
10,9,2,5,10407,-1732689343,1417297395,1993016013,542121648,1446814708,1877566768
1,10,2,5,10407,-744728621,1520063653,1790138290,38827447,-1650284761,-1242922279
2,10,2,5,10407,1708392137,2077163393,1487598486,474979022,1195672427,-231485483
3,10,2,5,10407,-920629691,368273106,1004814434,-379715419,-2052128754,-1114742209
4,10,2,5,10407,-195669919,-1593572707,1789603388,-381787798,-1839676427,-1573167983
5,10,2,5,10407,-1474122065,-1775905234,-687536825,-258936343,-270398157,1782848824
6,10,2,5,10407,-75197257,-995987764,-2043998242,-531219995,-2098097036,878588257
7,10,2,5,10407,1045317325,710869678,528732384,-1146022744,1342652565,-2072995890
8,10,2,5,10407,-209637588,-2080949310,1732009987,-1406859149,1273150755,394547081
9,10,2,5,10407,1689754830,1002018579,-126081802,1539783783,431593472,-1460516152
10,10,2,5,10407,-1378959315,-1662935078,-875957095,1310017494,850893677,747119274
1,1,3,5,10407,-170037166,-1654975293,-1541524831,-701487155,504814527,1838005169
2,1,3,5,10407,716212485,-407428886,-1373378522,506417724,376068099,-1204706919
3,1,3,5,10407,-315485883,-2046702255,-401313475,1866833679,-1709716109,-2097475185
4,1,3,5,10407,1914442593,388898393,1359666281,531429518,1659723074,1695698993
5,1,3,5,10407,-1133203766,1515126387,-648652326,-277146495,2136969244,-1832444553
6,1,3,5,10407,614425358,-1966312421,-186552179,192112403,-159136100,-384847757
7,1,3,5,10407,396306216,26203778,-2078512438,-469595749,305945201,867866357
8,1,3,5,10407,1057977422,1133204422,2069433731,103655474,-482378263,1204460371
9,1,3,5,10407,-872074166,1049922414,-1769933615,-1809564368,1436987282,-1988417929
10,1,3,5,10407,-2059014043,-1959081806,-345739917,-514799453,-1228916628,1878816055
1,2,3,5,10407,1881758319,-1427900113,-733570706,485065860,1056145169,-105073148
2,2,3,5,10407,-1085495788,439575746,1051788676,88850865,-1227147248,-973135129
3,2,3,5,10407,1443747003,-270143948,96061072,233231143,675261577,-795587111
4,2,3,5,10407,383820770,-1310127228,1571858377,1977535972,810320317,1606279287
5,2,3,5,10407,1608436168,-1525418639,140984613,-44367867,-1115808773,-1119570800
6,2,3,5,10407,-1921386136,-886359743,746781996,-1068045033,1279451756,1418459052
7,2,3,5,10407,2120271342,1819783346,-1576299924,1800590814,923242779,1509328392
8,2,3,5,10407,1756535950,-1687638699,-618766594,507019083,70107694,29050953
9,2,3,5,10407,-1281820681,1177638598,-1455844329,-514907516,1754943042,657660898
10,2,3,5,10407,1540510050,2112332350,-140773827,-105805749,-824917374,289852487
1,3,3,5,10407,812683256,1596201833,-953746466,1885003228,591982950,1910451505
2,3,3,5,10407,1575838639,-452228437,-944533690,-1279606901,-1852978324,-126445756
3,3,3,5,10407,1555139849,-1861300278,732478124,1065068175,-921462218,-180713640
4,3,3,5,10407,1059392860,-642073792,-302960698,1952426250,-1105527602,322027824
5,3,3,5,10407,-128173918,-1481426785,890148103,-631822459,-1767188290,559155103
6,3,3,5,10407,530326812,1694844451,-2105955139,1256651137,1553370894,-1388270453
7,3,3,5,10407,1373946680,1225102792,1487689723,-301157487,704085849,-2089478608
8,3,3,5,10407,1974214136,-941402403,-2006699470,478558504,-1347194885,-1590020032
9,3,3,5,10407,-1000057500,-48212578,1649902596,-535461180,1333332011,2079022034
10,3,3,5,10407,345401964,1089378895,-666220044,168821725,2032936173,-81842840
1,4,3,5,10407,472081634,-682720286,14390350,-1584043577,181811770,1851409931
2,4,3,5,10407,895305664,2050350617,1808914939,-1292201198,-1744959249,-1603151932
3,4,3,5,10407,1841064660,-56533684,-29179360,1841528940,236991741,-1331981097
4,4,3,5,10407,671727518,-1500042926,-1327370131,-154262806,-1189158617,-1379202243
5,4,3,5,10407,-1257484054,-346791963,-568539071,-197538924,-772250840,-2014953421
6,4,3,5,10407,-2068009732,-1283090473,-1748189656,892466630,767531256,474410883
7,4,3,5,10407,889121249,-1388114330,1673283777,-100938981,-2086185328,1900470826
8,4,3,5,10407,259248662,1597109626,730294433,-1427251579,1640405429,-201005163
9,4,3,5,10407,-2074076580,-1994971107,1132742348,-516183776,-934812674,1774831415
10,4,3,5,10407,1398030112,-1721082238,-761173900,-714375158,-95159616,436106166
1,5,3,5,10407,-2131177553,-1181178628,-2098105157,490979372,469174725,-1506631216
2,5,3,5,10407,-1111564725,599300498,766112551,-1979136544,448382780,2085674677
3,5,3,5,10407,635514798,-1168456083,-2088374439,1298195077,-1867997081,631144260
4,5,3,5,10407,778808349,952511720,125038296,-1255573834,-1629199189,1492490240
5,5,3,5,10407,618511763,66610540,808479400,-1417092726,-1962823717,1476366947
6,5,3,5,10407,1291629123,243954564,671421014,2794661,937279033,2099510566
7,5,3,5,10407,1516912287,-604359599,-1282948159,945266424,-832186514,400304784
8,5,3,5,10407,-1046352758,1343786538,438222357,-2021297028,1472330509,316423528
9,5,3,5,10407,-1855340774,-735409030,287257740,-88400858,-1699959626,-959796644
10,5,3,5,10407,135034609,286255202,177220816,-1822752323,-1214319932,415698783
1,6,3,5,10407,-175650353,983264156,-1253540027,958311604,-2124744977,2083819827
2,6,3,5,10407,-1907568224,-1167357133,-2038188910,-1364477652,1641215421,1107055485
3,6,3,5,10407,-1166864737,-1411601859,-1914405100,1582540948,-1735886705,-709918222
4,6,3,5,10407,1970737096,328214989,-1571489849,953570842,1546373337,-1576382781
5,6,3,5,10407,141643865,-43316037,163924764,1341357301,-1543237232,-1371292071
6,6,3,5,10407,-1451492299,769157281,816673330,-716198549,1935607054,812987833
7,6,3,5,10407,-248121542,97617952,153266297,1688583559,-560648177,-1847638750
8,6,3,5,10407,932415595,-1772418817,-1235219692,-1154726141,-624582763,954557362
9,6,3,5,10407,-1255530958,859746396,2122860817,-1716747557,-1875054502,-388968843
10,6,3,5,10407,1520940859,-686517623,454038188,1850395499,54108913,1487600417
1,7,3,5,10407,711333233,1830485588,1531851146,1917296875,-155228606,1476089469
2,7,3,5,10407,876881447,2118152928,768228279,1858883924,-72284898,1771701804
3,7,3,5,10407,-416238971,-917202338,101454395,289778089,1511450839,296436857
4,7,3,5,10407,-1367904807,-1358504116,-1850596098,1822156744,-714554483,-722478159
5,7,3,5,10407,1642817450,-190975023,717196870,800689857,1758705562,142312659
6,7,3,5,10407,-1029273602,-1004514804,-366759214,1023364944,662325441,251828269
7,7,3,5,10407,-1289167627,828369588,-2028643407,-1385111442,-1037657274,-674890420
8,7,3,5,10407,1600062152,1645519292,-55196790,1899285235,1535735642,443704583
9,7,3,5,10407,-1664109971,-356316447,-648285689,-193293895,1368785847,547787289
10,7,3,5,10407,-2065641940,-873667094,1894418200,-796672762,623942413,-1141969473
1,8,3,5,10407,986709101,670325261,-102610536,-1217741386,-349138891,-16468262
2,8,3,5,10407,1744072616,992381719,1916898744,823859143,823554483,1641646955
3,8,3,5,10407,-1014177437,2088847380,-930380977,-1042065291,-461187535,1938388841
4,8,3,5,10407,443654528,-516563758,1746567148,1819600272,-766508460,1964122100
5,8,3,5,10407,-531230753,-607648613,-470323282,1752759324,-2010993397,1738559970
6,8,3,5,10407,1373454588,1516758566,-575501149,-913588276,-192047806,2105616775
7,8,3,5,10407,-1045100567,-2080199035,2075817247,562564068,-942304324,-1588327584
8,8,3,5,10407,-794037279,-2097493162,1810330112,477769337,-1214214721,-404523142
9,8,3,5,10407,1074257196,1281786580,-31507708,121838927,-2081666515,774266377
10,8,3,5,10407,-269897274,883780871,823234024,-832924486,1460194340,904232755
1,9,3,5,10407,-335144358,72405526,1337991602,331595608,1984534137,-392588109
2,9,3,5,10407,787897407,2075926657,-143754723,-1358384268,270969710,-1075904066
3,9,3,5,10407,1281721119,-1149722402,-939530444,-153950339,839164954,722101655
4,9,3,5,10407,2105192516,1246862851,-1996112922,-859152151,1166541725,58918063
5,9,3,5,10407,-1405097898,-674248335,-1818503290,1088843682,-1819840301,-135161364
6,9,3,5,10407,1113409242,-1768819316,1005103645,-1592813576,-2111398207,-649734291
7,9,3,5,10407,1513449601,607109110,555805851,-813330122,1881932978,1497479188
8,9,3,5,10407,-885662081,1144171779,-1096592875,-341173995,1990044270,-1952895905
9,9,3,5,10407,-1470664316,-1806181401,-1723800388,1141176920,-640187568,834155490
10,9,3,5,10407,-806105217,1354183774,739803218,1464587490,-1181842898,-1590007958
1,10,3,5,10407,-793221956,1629583155,-2026085661,-1956140189,123671870,1056957278
2,10,3,5,10407,-1275212753,-393229006,-1729807668,-191869260,-861112642,-1161744996
3,10,3,5,10407,2129915144,-1995389228,-964351957,1343837406,-400893594,912480355
4,10,3,5,10407,-472202592,1770985976,-108273537,1792870270,-951107004,1992720384
5,10,3,5,10407,361093651,-769773901,225222920,-1666248940,569067440,518203936
6,10,3,5,10407,-1977696983,-1965391751,566342487,-942475347,1929446035,2019296791
7,10,3,5,10407,1063627251,-922704671,1581043292,-441764223,-1796309964,-371916864
8,10,3,5,10407,226694691,-1196444948,-1310353863,-1954293621,1854422687,-1353643604
9,10,3,5,10407,1263294398,338691233,336958187,1570017130,-605354133,2001304721
10,10,3,5,10407,1419466428,-1388202208,-1806064555,2021518004,410926429,-1843122382
1,1,4,5,10407,-302090178,1671834829,-919146604,-785824826,704452576,-1704587795
2,1,4,5,10407,280149085,-503023726,1463816592,-1908862405,-1692638974,-491773284
3,1,4,5,10407,-148786381,-1129254474,-1417217458,997922065,1276628807,-240662819
4,1,4,5,10407,-987704194,-1640747547,-135235742,563945961,-1908152446,1388482295
5,1,4,5,10407,-811699088,-294693476,-1103386675,559041727,1510429700,420068485
6,1,4,5,10407,-71108082,1924971022,-1571270629,-261469026,2002391764,-687606204
7,1,4,5,10407,-1022485629,-1817384516,-995751061,2105163423,2118761551,1399695778
8,1,4,5,10407,-1413724459,1727944633,-206671289,983530196,2128488256,1133180193
9,1,4,5,10407,-1571547965,940023807,766564741,99263887,-1117031911,576228335
10,1,4,5,10407,987297646,-1138074430,1187938745,16134205,1477850957,1552570427
1,2,4,5,10407,-1539036493,965313598,-162813402,-727084098,-862351445,-2107174875
2,2,4,5,10407,1606859289,-1387471394,-1621786678,-1207595370,1231167847,-1791716138
3,2,4,5,10407,-517081605,-1804790740,126919497,-1209563644,825585440,-1375849472
4,2,4,5,10407,831076260,-1584209752,-797035447,-2094150312,-839234394,1801627829
5,2,4,5,10407,1157496921,1832290846,-613809031,-1372961948,728256382,666360095
6,2,4,5,10407,-816443360,-983614299,997864255,-1031519266,2113993800,-328089715
7,2,4,5,10407,119882190,-758800146,850882501,-663672008,-1954908092,1965161314
8,2,4,5,10407,-239663514,-338738756,1224254941,-1805416809,1441349726,-1719894599
9,2,4,5,10407,1883869725,1070298394,-1903293293,-742210771,1613919045,-546414136
10,2,4,5,10407,-1559792250,-1831503180,231406213,1272797848,1870759488,-1057996641
1,3,4,5,10407,312555550,363328244,14281254,1786358608,-2126904235,1483662882
2,3,4,5,10407,1058043314,-243855361,-87090488,1870274989,1071964662,-2072105281
3,3,4,5,10407,-378118506,-1855343629,-107851848,994423464,1734327894,1044919856
4,3,4,5,10407,-1166032195,-1885713009,871798163,-386252029,-1818075309,-2093998066
5,3,4,5,10407,839962051,281775859,987536823,-138812892,185623502,-241855104
6,3,4,5,10407,2133236847,-2088213430,-1987094905,-1957441519,-1983490627,-729247700
7,3,4,5,10407,654118649,-919262332,-1740986000,151644936,1504489314,-1116382888
8,3,4,5,10407,613634271,42614423,1853375812,-1563135498,366435597,-1110626645
9,3,4,5,10407,2074064217,-804043466,-878566394,170340341,-1750851342,-891894834
10,3,4,5,10407,1322974220,-550719138,-117922272,394026301,-189097077,-1152769866
1,4,4,5,10407,1181774672,-1921417719,2107165627,-1683745146,-1523128662,-812869720
2,4,4,5,10407,1260194351,1101043700,164355324,1680981676,-1270289727,1983970592
3,4,4,5,10407,-2069956495,-1378843186,-1314159655,-1459557312,-1754379552,612183168
4,4,4,5,10407,1309424942,673312407,1582713460,-1273550342,-1309119566,1368414910
5,4,4,5,10407,1905337467,-395464435,-770964444,-351134512,-1587601700,-369589401
6,4,4,5,10407,-1460556915,1091664119,-363663709,-1796985888,-453390999,-1106517273
7,4,4,5,10407,-742766706,-590054748,1801185326,-593514702,-430756339,-716005542
8,4,4,5,10407,-640615830,698276557,-1433823090,1076964193,-1730825445,-1883295116
9,4,4,5,10407,-1908969786,-1337846823,469818300,783444400,1761719110,-957533896
10,4,4,5,10407,1738944041,-1456517209,-996598693,-1826493423,987246301,-1829951888
1,5,4,5,10407,-115904061,-116798263,1068567982,1309974088,829737916,618250090
2,5,4,5,10407,-930695203,1464536924,1744362909,451162448,-2079987856,-1944687658
3,5,4,5,10407,967064848,1989204695,-864199651,-2043370570,682657622,-1029895981
4,5,4,5,10407,-847757426,-154765634,-97504074,-1739270656,-2131282299,2055451925
5,5,4,5,10407,-1759989329,-2146627099,1982911157,1529637672,521116821,2077942505
6,5,4,5,10407,-2042876467,284867615,732682128,1132379200,2035333320,1284103929
7,5,4,5,10407,1150025702,-1147975013,-844085017,-1758728877,189133261,805399934
8,5,4,5,10407,-470800327,-251594164,49412379,1825198851,-1754946944,-291351874
9,5,4,5,10407,2048905916,31476932,1792430459,-1770803714,1813402444,1074801643
10,5,4,5,10407,1985606435,-563999459,-1426207045,2009629222,1884476671,2140762523
1,6,4,5,10407,-1203730257,1316633863,1887518525,1840742705,333664864,514374811
2,6,4,5,10407,1219365844,-1518847490,-1123891545,673553120,-880402506,1006228283
3,6,4,5,10407,-371094331,2013608504,-1904611842,1061858240,144154424,1895440879
4,6,4,5,10407,-1523212196,-89812372,-1670293436,-725844488,789079436,-146737477
5,6,4,5,10407,1356763128,-156733163,-720797366,792313637,1386107108,1915193337
6,6,4,5,10407,1153496295,-1528735055,-37394178,-1691988222,-385574828,-1118792078
7,6,4,5,10407,1166599386,972226661,1564255979,-1257813920,1879595499,-187526931
8,6,4,5,10407,442908109,-592707532,1018277356,-1767417421,-458456351,1217305579
9,6,4,5,10407,1537472964,-826925359,-739654440,157014894,11873886,293076721
10,6,4,5,10407,685318296,-1896074598,-1387372354,-1639352484,-1362052331,-896259303
1,7,4,5,10407,1499626850,905543982,-543470590,-593375211,1178866954,1387978967
2,7,4,5,10407,-1494879246,-1196899938,-307444939,-1974886163,-957190040,1734542710
3,7,4,5,10407,-2092005141,926917927,529115775,21242234,-237352536,-1659993779
4,7,4,5,10407,-913196717,1652439559,467430061,-1718747925,791005671,1332405627
5,7,4,5,10407,-791519481,1883680247,-862033693,1940257372,1564748188,-2068052780
6,7,4,5,10407,581214181,-980598830,-794540922,1463463273,-860099368,-716826895
7,7,4,5,10407,-1012987523,169671995,1263791688,410518696,-1808883119,688537844
8,7,4,5,10407,-1164304334,648015724,-515315114,-1417888704,930760826,-76129203
9,7,4,5,10407,361114783,-1545714580,-1436022511,-1356588911,1818154075,101061167
10,7,4,5,10407,530911251,1241844334,2018935817,74963989,1334766787,-1900362394
1,8,4,5,10407,1648698150,2055227114,664887109,89349799,-399013437,1105490965
2,8,4,5,10407,-1909488022,1673879804,-1318269048,1786139643,-755613802,-852762201
3,8,4,5,10407,-850840264,951658595,1086781577,399721399,901785288,967977168
4,8,4,5,10407,2108283584,-321975275,172336812,-838236097,-634022399,1226480031
5,8,4,5,10407,470193149,-823561293,725984762,1264332864,388208983,-1441417589
6,8,4,5,10407,1934674519,225727850,1416913755,1662278495,-2079226914,-595719334
7,8,4,5,10407,1360172862,2128477951,-1853352531,1016839657,593224622,-1376352052
8,8,4,5,10407,2143265607,1916076631,711695608,2038475413,-1910553588,2016862301
9,8,4,5,10407,-1119028922,-2090580641,1384707182,1571278452,-1750249303,-1284318299
10,8,4,5,10407,-1152109402,1830994078,-1241424312,-1924990456,-1430145941,-1741561242
1,9,4,5,10407,99255435,-1630402162,-1895746117,-763646976,1899125271,-355085411
2,9,4,5,10407,-1915787600,-323779012,-1299078740,-530983715,657489132,-288455825
3,9,4,5,10407,1346285149,-417917585,93414007,846470771,-1162319778,1795327812
4,9,4,5,10407,-1556229453,-1937597624,-1894858681,457061597,467344735,-680254000
5,9,4,5,10407,-224816745,138581194,-2118046242,-2011761615,2133720505,-456743455
6,9,4,5,10407,1633730050,-1589655332,-607609808,-363502563,-1713964382,-270178249
7,9,4,5,10407,-1235174206,-1811033860,-1224376486,890054834,476014659,-1087808409
8,9,4,5,10407,-138750216,-2103825205,-1682957911,-268408238,-440414854,-486723211
9,9,4,5,10407,845819317,-857352079,2128975371,-1322116962,2099601801,-1477605875
10,9,4,5,10407,-1778288130,488377853,243476903,948264380,32122318,523823443
1,10,4,5,10407,-2096526224,631440770,-998371982,-1148806291,-1987520651,-412220253
2,10,4,5,10407,294848155,-111410002,-1735666195,2079004497,1159995725,-1785729476
3,10,4,5,10407,1124687975,-1939053449,-248178210,1465046597,-923269749,-1125444984
4,10,4,5,10407,906450226,2319426,889167926,733220491,663062046,2075437544
5,10,4,5,10407,590273361,460743889,-1413879592,1300661086,-2124728698,-1700920446
6,10,4,5,10407,1810876659,-1568974374,1551689278,-686950101,1108643294,1288103811
7,10,4,5,10407,-1252557308,-1343733417,-828349313,-1327799080,-829838203,-1364772347
8,10,4,5,10407,-1689514950,354684386,-1399572619,-278418916,-1360983346,-1332148420
9,10,4,5,10407,-1090515773,287015153,-1643664576,198970030,513067940,-2053638300
10,10,4,5,10407,-1496034645,412671314,501734447,1494178497,-1563736289,-1002746584
1,1,5,5,10407,1614940806,906960930,1071094897,-472685582,-1454802907,-961479423
2,1,5,5,10407,-2033624959,370469699,-175487770,-1970731132,1512189949,-449184155
3,1,5,5,10407,-1697383268,-1508295115,-622980172,544368737,-862482180,-1770957357
4,1,5,5,10407,-752430098,-348533657,1248634768,-1669493680,1726105599,-1792178539
5,1,5,5,10407,-1840824815,-1585355014,-1673854136,1927745469,2077961213,2051047916
6,1,5,5,10407,1811186153,-738839423,2055176348,-926512192,-267547990,1978091332
7,1,5,5,10407,-1606631624,390532425,411959741,-811202015,69564637,1168450230
8,1,5,5,10407,775882366,1099573156,897673902,1027053408,240372496,196208902
9,1,5,5,10407,1098941475,2008211259,1257576782,-1923007071,-1920288757,1528969345
10,1,5,5,10407,1278154863,1464827643,1468413855,-1844917159,-1158638502,1637399341
1,2,5,5,10407,-1457312977,-299724393,-1847981163,1287012618,1728128021,-1607218438
2,2,5,5,10407,-2062369232,-665261868,1169511735,-564834192,-437954053,676805253
3,2,5,5,10407,-1024908133,-1008673728,-2054251660,-1839353625,1019935164,-1811836535
4,2,5,5,10407,-1043504309,511892012,75000484,1856110653,-962345918,-1622791210
5,2,5,5,10407,2117246554,423095992,-1694158824,-321949223,-777763636,-1113702198
6,2,5,5,10407,617458582,-1819172958,-555159099,962258564,894840190,1340031927
7,2,5,5,10407,5019911,-510929380,696132461,1816304822,1411479064,-1260289086
8,2,5,5,10407,408878665,-234278427,1259287881,1687711999,-842458031,-1396595201
9,2,5,5,10407,-1375417942,-29009918,-1680889114,1302377242,2060498632,1516879797
10,2,5,5,10407,100014718,-2133376487,79215641,393806197,-1739339399,-1504796926
1,3,5,5,10407,1141916446,1957149898,343798657,939385791,987384752,-1569850844
2,3,5,5,10407,188777160,-425131715,-1576081750,-697027440,1753660787,-1552166280
3,3,5,5,10407,-203705670,-514161985,-1534986481,-521241150,-600257194,1924206693
4,3,5,5,10407,-1654382600,-1418482444,588476201,352715033,1127827780,-767925176
5,3,5,5,10407,-1318865204,-922910798,-608372732,-1655702405,57837637,-622791748
6,3,5,5,10407,991453071,1064086844,240580801,-408262579,722529173,-1817442181
7,3,5,5,10407,1735523782,-762277334,-164626973,186601128,1953013073,-1330608463
8,3,5,5,10407,-1534421804,-1452513715,-2124844461,254795339,-336285917,781562784
9,3,5,5,10407,1526402055,2062577077,-802242887,-607578458,-69349131,1923247962
10,3,5,5,10407,-636756987,1207433996,2095217011,-1487557794,960382775,1267550261
1,4,5,5,10407,1342743051,2114659932,-1399645488,-1852426812,-1336557962,-775811726
2,4,5,5,10407,1369489209,-1564823346,-1106228335,-1082677179,955507477,-421535418
3,4,5,5,10407,-125694791,609118888,2065668239,1427124612,516279906,-881559434
4,4,5,5,10407,-974096030,2097013520,-162762887,-1791391676,1445179873,1007546527
5,4,5,5,10407,1615839550,-689999683,1077767728,-1430923246,-23332772,-375774756
6,4,5,5,10407,-253717890,1862213955,-99559435,-394107837,771773235,-903297157
7,4,5,5,10407,1594472385,563942357,-564484870,387610833,-1094126079,-1781649189
8,4,5,5,10407,1166912436,726217637,1750774981,-1287498048,-1005018264,-1859950005
9,4,5,5,10407,64234540,1624412590,153778003,-1734641073,375194923,1388183213
10,4,5,5,10407,-1610314317,1086399515,-2063594047,169009040,-540628368,-201114309
1,5,5,5,10407,-315762196,357790576,-1237184400,-825626625,1454814902,1889679322
2,5,5,5,10407,458615012,887593235,-1434255822,-605395809,1563162336,1040083462
3,5,5,5,10407,-659957174,221864124,-1813083241,556626295,49067083,1129549973
4,5,5,5,10407,882275261,-788878227,-989811558,1391542505,1418299812,1132013200
5,5,5,5,10407,-1224805801,-891067404,-1615012329,357926081,1827963829,1176060465
6,5,5,5,10407,-1243169451,-1380189055,-1819233085,-604612319,-883301297,896476368
7,5,5,5,10407,-1316904009,1769789023,2146337712,-583485190,-905693434,170736246
8,5,5,5,10407,219319296,1169554600,2028624843,862736336,252088084,-1285911511
9,5,5,5,10407,-1311984919,172304260,-1223191143,1121339630,-1387822835,-493838768
10,5,5,5,10407,-1930618426,1960149133,1508537543,380194566,-1451463368,-965926823
1,6,5,5,10407,-1413062231,-1536071272,-1073470902,-1958552110,1596988525,329560874
2,6,5,5,10407,-729441627,807745334,825548212,1319485592,86480989,-503099733
3,6,5,5,10407,-90479697,1273717489,1409386126,-1757711748,-2087788666,888582557
4,6,5,5,10407,1870890780,1018351194,-2087279507,-1375960573,49398755,140234377
5,6,5,5,10407,-1963242930,-92074769,1308006997,1839927711,-764410643,-469075963
6,6,5,5,10407,-1900215709,-2103869487,-1841530807,43789238,560158654,360746616
7,6,5,5,10407,1821480989,1531653818,836226783,1546509131,88333061,269962076
8,6,5,5,10407,-725952514,179939039,-1823342192,-1665251106,-399415498,625210779
9,6,5,5,10407,-1945756384,-1713114550,1721273968,-363952527,-94302882,35275552
10,6,5,5,10407,1275761347,1128897803,315151125,-181871701,259478719,-216300793
1,7,5,5,10407,-1239631301,247949548,1816387893,1072788237,-1892257886,1189412607
2,7,5,5,10407,108135992,1380279516,-726789062,1910727665,-1405342920,-250445121
3,7,5,5,10407,1750622397,1864609287,-620223462,-160722251,237041089,1713504689
4,7,5,5,10407,-2106179668,847296837,-432517672,999402657,1430925579,1862053157
5,7,5,5,10407,-1008859650,-1988825072,244785850,1465301740,-1023668825,-1113371627
6,7,5,5,10407,-1928339599,-2128019566,-1785541707,1338046637,1068876596,1237277011
7,7,5,5,10407,1985555430,511527520,316580991,-1980104619,-1196563000,-1175176735
8,7,5,5,10407,-1103626817,1601825516,-855958199,2031390750,-1344318245,-1238610245
9,7,5,5,10407,272281419,-1429438971,-1000953607,1291955543,393927932,-1591458334
10,7,5,5,10407,1460398868,-1201947932,378913772,1970413778,-380925932,-451838936
1,8,5,5,10407,-1476234455,-1029660405,-497152554,-1386795341,35161178,-1418973408
2,8,5,5,10407,2020738614,-112428524,-879211169,-2011426541,-745760183,653983817
3,8,5,5,10407,1287225654,2010406937,-1030112714,1141905393,184371210,-909748315
4,8,5,5,10407,-133019602,-1146882848,900952182,246175083,-1415565545,-403188419
5,8,5,5,10407,-2050095597,-201836712,-26302613,-1655587022,1213065534,-495565723
6,8,5,5,10407,768098814,-64455919,703706829,333874338,1420226248,-123647882
7,8,5,5,10407,-1461681731,-618792297,1237768569,-1959569331,1611687403,-917660826
8,8,5,5,10407,-459620067,1893699479,-1068881360,-1294149934,-1750460175,744249774
9,8,5,5,10407,1982795792,322597465,-400828329,-1614716297,1644685162,-504613904
10,8,5,5,10407,1262213007,-1879953862,560289476,742527654,1079489561,-247069500
1,9,5,5,10407,-1808453174,228001902,-1386770406,-1867924257,-1822413199,-489106891
2,9,5,5,10407,74100359,-470843944,2099581718,930769698,-1536926618,488386378
3,9,5,5,10407,-1371618515,1339839478,-517873266,1756599710,146609346,432574361
4,9,5,5,10407,1677496257,94227217,-399953503,1390625181,174640601,-1712335845
5,9,5,5,10407,2071585778,-684736770,-689283145,801813337,-822014103,684058355
6,9,5,5,10407,1309104159,567439975,2056036442,1604003683,832238466,568106438
7,9,5,5,10407,885710061,-482514849,432706187,-1957793727,-350404946,912471211
8,9,5,5,10407,-276380868,1447861078,1273618118,1386919146,120523922,-1737883063
9,9,5,5,10407,-2091628068,-986042465,1244125388,191751948,1807391181,2037482930
10,9,5,5,10407,2029084936,458873380,362385307,1669642061,-1537265637,-1699839621
1,10,5,5,10407,-1335121691,900336574,2071033161,-1163439819,687061716,258464333
2,10,5,5,10407,1064680572,-1513080746,845704999,-134456016,376418442,626079268
3,10,5,5,10407,-474503286,-2000079870,1353973193,-643615739,511624156,77806348
4,10,5,5,10407,1827757298,658061850,-876717676,1671766783,1602717966,-124871058
5,10,5,5,10407,1439395109,-1059146902,385564381,512615848,282003439,677838144
6,10,5,5,10407,-1359470203,-1057582538,1669975325,1453735658,-364224981,-985342609
7,10,5,5,10407,-178694097,-1883194892,1911276216,-1593777346,1976125292,1740134174
8,10,5,5,10407,1317716323,320025710,1699737422,1661672546,-1774106912,2030636684
9,10,5,5,10407,1223552847,998839140,-1818041056,2046346707,264788351,596242804
10,10,5,5,10407,1414586891,149985351,798148856,1276389690,1822058766,-1779301432
1,1,0,6,10407,1860252121,2056349811,-463883137,1119649889,-397684445,-2065772163
2,1,0,6,10407,-144919286,-25079987,1351743352,505584517,-2043830179,1938472267
3,1,0,6,10407,-1626880728,2078410070,1350837278,1291188160,-958367146,-2125628359
4,1,0,6,10407,1518081902,-159141868,1777396573,1239812955,-2045395598,-1369024219
5,1,0,6,10407,1023033581,2061510729,1832821526,-1598032617,-1841199062,-788109388
6,1,0,6,10407,830905430,1965740248,777985550,1514432620,245480024,-427584579
7,1,0,6,10407,539654164,444944495,-1534641972,-1420147713,-950106151,1354629795
8,1,0,6,10407,-360145940,-1106746128,-1073944734,-1475280471,543490356,668946389
9,1,0,6,10407,-828573083,1022824411,1064481708,-201019959,-588332270,1026163486
10,1,0,6,10407,-374932275,523246337,-1596670434,1854704258,-1522187784,161228622
1,2,0,6,10407,127707541,-271645466,-1466540882,-197795328,-1631436201,945861793
2,2,0,6,10407,1884834042,-1986227539,-873669076,1258055739,-1436879736,-2087860603
3,2,0,6,10407,2103380395,1123934480,651743034,-1447043244,-1050826519,117299726
4,2,0,6,10407,1983433811,2040155345,650114395,-1250065144,641987219,1106096515
5,2,0,6,10407,-1692398990,-1378020695,-1250353057,-1486496029,-1091285826,255502417
6,2,0,6,10407,1773028442,455217033,1849289216,-249025787,-1916508384,-797749830
7,2,0,6,10407,1208948025,65225548,1456235568,1041251995,1983231923,997571263
8,2,0,6,10407,2058878544,-107876494,2099783366,2085236880,-1158856030,1650656580
9,2,0,6,10407,753156648,-1788838530,790790400,498894967,764259114,-29737035
10,2,0,6,10407,1170393580,-1232578813,-1515536625,-702882107,-1267026151,-922411186
1,3,0,6,10407,-248573812,-2070990422,-2004554957,-1598134311,-1485006527,-1100891158
2,3,0,6,10407,799365345,-1844783630,1841132035,275763314,1273284910,-1944360035
3,3,0,6,10407,1721890682,1551904449,-1937904585,2055629140,605105367,-763171633
4,3,0,6,10407,-1356276689,-1550918807,-909515366,1430577498,732618268,108974164
5,3,0,6,10407,671177280,-1134873022,-1644470754,-1309545843,783249614,573769108
6,3,0,6,10407,-776139536,1951469792,1777715276,-108770557,-1127010716,-792491500
7,3,0,6,10407,-245467007,1934606464,1308699797,-1365831761,-2099506468,-925777325
8,3,0,6,10407,816377849,-1212189108,-177845157,-2022620944,869382311,-1943145937
9,3,0,6,10407,-875274470,-892998235,-1916672047,-1919381370,914521730,-1885373319
10,3,0,6,10407,1855016754,1385857505,876727982,-927916139,-977559775,-1292954531
1,4,0,6,10407,1660062777,-626289993,-440868549,-1581366191,262077482,1108918149
2,4,0,6,10407,545406271,-1958461552,-2030447766,1250397957,-1751115062,1610469518
3,4,0,6,10407,-828295178,-1849024259,779474834,1983986730,-1469683113,-73513100
4,4,0,6,10407,-1152296996,-1934784288,1064671189,1764895367,313739818,966043149
5,4,0,6,10407,1890977521,-1616239275,-1537948949,1407626965,-1178645062,-1423579750
6,4,0,6,10407,-1332009908,4650393,-23527820,203841719,-677803028,-1813199756
7,4,0,6,10407,1844053854,1031496056,1226392930,2144007743,-1337584971,-585184404
8,4,0,6,10407,-2116961110,-393932314,1228412985,825162433,-496347995,-332165433
9,4,0,6,10407,870585371,768352251,659815401,-1528512385,646986485,-1269798821
10,4,0,6,10407,1909496812,-858349036,-1589785008,-2113748413,463730346,1627056950
1,5,0,6,10407,-1678173699,-1577263022,-334977271,1749193811,-1731551960,1720072673
2,5,0,6,10407,-1975351619,-840873826,564973903,-1602784056,606219491,-1952939461
3,5,0,6,10407,1969453449,1062398449,462200047,-620000703,1301436925,-1545373384
4,5,0,6,10407,-1502216113,-1895989526,1549806943,664106158,-1161430005,173711488
5,5,0,6,10407,736589023,805138481,2095544330,1931745969,1901180449,-434927948
6,5,0,6,10407,1350308821,278313778,1741339551,1896666266,258849030,-1225240089
7,5,0,6,10407,-1270449673,1004716265,-1136268302,1292468957,962188060,-1187523706
8,5,0,6,10407,-1744189901,-1520567150,-243173440,-782260438,1282162142,-113631307
9,5,0,6,10407,-488378084,-1842716674,1692535397,-1452929339,887936192,544422288
10,5,0,6,10407,1070651211,-144068624,-1938018047,740539118,-1869279710,2067085979
1,6,0,6,10407,-1288477948,-1345017959,2045855942,2098379757,-1554704960,1212805514
2,6,0,6,10407,626334612,-725687677,-33418931,-229033782,1787187834,-852694957
3,6,0,6,10407,14038071,-1549803317,-2092194066,1942963826,478503938,2083942109
4,6,0,6,10407,-1636558550,630966704,73630765,-1233455535,719242913,1759867707
5,6,0,6,10407,-358448428,-164435086,-1468422989,-650165954,-1619455606,-1473216602
6,6,0,6,10407,-1194191584,521702144,771966462,1031705076,1491103334,-1597490829
7,6,0,6,10407,-633201202,200395156,-2114840902,-1751884626,-524699725,-136908714
8,6,0,6,10407,-1801871133,984704173,-317870896,318956462,324843995,1151729445
9,6,0,6,10407,1762853282,104924497,2096756073,221108623,103863564,393409889
10,6,0,6,10407,-1546071272,994022566,-1350782925,-77805297,1391974792,-654979629
1,7,0,6,10407,-1139500216,-1951343065,1018027404,-344449462,-781919501,1237366978
2,7,0,6,10407,-1869532835,24317212,-372512181,-1632097954,-171057485,-520865769
3,7,0,6,10407,-1002632891,1252210283,-396927141,669693012,2014310861,1514856163
4,7,0,6,10407,563182845,584618014,-461836919,857295094,28007579,-2074015592
5,7,0,6,10407,290752295,6749794,-86337866,-1634922848,1291877024,457021798
6,7,0,6,10407,1445957540,-1655775629,160823875,1710106649,1317706324,-722568458
7,7,0,6,10407,463103007,-1017903485,-1048185547,1984541714,89273637,1787175382
8,7,0,6,10407,1259935947,-1942050603,-728776322,466834192,-397510228,-274969695
9,7,0,6,10407,964116466,1709816484,-1254150994,-648008468,-110644293,-1995711576
10,7,0,6,10407,-1977793682,-125507865,715193191,-1469579318,1758882821,851796425
1,8,0,6,10407,260667137,1274117028,1147141061,232544495,92020944,1204766758
2,8,0,6,10407,-823216305,1474401633,-1216853261,1084797778,1705752122,-1821877184
3,8,0,6,10407,1706077706,1332078653,856661445,2031512978,242932081,-2002552431
4,8,0,6,10407,-741914063,-2109295822,-1809461566,-1066073095,-867691351,-1163178240
5,8,0,6,10407,1348011346,978895522,656537585,720941332,563616765,-670370179
6,8,0,6,10407,17685258,-1235489011,-1713873669,264473020,-252003650,2058990314
7,8,0,6,10407,-166938673,1782513594,-1749415764,620870069,-1980124872,-2080234312
8,8,0,6,10407,-361484037,-317164895,2085160933,-168446935,1157343443,-1766582079
9,8,0,6,10407,-1702207418,209452510,-1597758338,-533582066,-815981101,-1923214736
10,8,0,6,10407,586248159,493367322,-1751983905,299672886,1978843668,1741683190
1,9,0,6,10407,-482337177,1923041035,1828015208,989097390,1797385280,1749757484
2,9,0,6,10407,-2037979805,1776129756,-1885294848,786697306,1580566040,1045406652
3,9,0,6,10407,-1243791046,-792020710,-599029892,-1100479681,1960329700,-140561516
4,9,0,6,10407,1277930410,1240005219,186344438,-1657908973,1485191602,1950151665
5,9,0,6,10407,585513326,-1954230965,129898328,-2044792815,1622330947,1445107379
6,9,0,6,10407,1878711415,-1073266680,-48481066,1073129162,-569808133,1929848066
7,9,0,6,10407,655701309,-566363664,493855635,-959147531,-1587333175,428752480
8,9,0,6,10407,-1850021365,-23556160,-2114044645,-9729228,1628346906,1953348288
9,9,0,6,10407,1941471453,1026097722,438432662,-752503893,578243946,-2072110477
10,9,0,6,10407,170567942,-1351700018,-778592764,1603357407,715587617,314816467
1,10,0,6,10407,623494826,1029548813,1264116736,-606039441,1265425490,-702835244
2,10,0,6,10407,1888422473,-2001526023,910391291,-1279684983,599301215,-1782699374
3,10,0,6,10407,-1529855553,-1384294238,-1781514825,-1084484103,41804030,-1681361030
4,10,0,6,10407,-46814280,1575614093,883993110,32832663,1588545152,1535910517
5,10,0,6,10407,-428286637,-283059855,494817849,-908161755,1522886025,1890236784
6,10,0,6,10407,-1916453232,-1826289638,-962760734,-487383790,-1725626913,-1089737658
7,10,0,6,10407,-2045923290,1365028831,-1187991106,1738502885,1962136077,631627383
8,10,0,6,10407,-948080805,741221676,-287338888,321692476,2021693263,570139964
9,10,0,6,10407,-1461639376,-1529106744,-1002076067,1905080618,2141125560,-1138403272
10,10,0,6,10407,-473809135,-1204553874,63330333,-598298688,-580124526,1590865549
1,1,1,6,10407,-1731391642,-876406640,651616263,-1576597596,-700936088,-65702868
2,1,1,6,10407,965362495,-1086010153,1501561353,-477851573,3678136,-871997820
3,1,1,6,10407,-1864125067,-1816541722,1098742516,14365775,-260831260,1447770762
4,1,1,6,10407,-1784972705,-1714755104,1592479337,782517170,-1250254830,1541028306
5,1,1,6,10407,1211536839,2100083333,1197196687,-1456280676,-699277871,37722744
6,1,1,6,10407,1166510934,-84802471,119566059,-1868759731,1998102525,-124598519
7,1,1,6,10407,-342581924,345078267,62285509,609497446,-67423710,-788576045
8,1,1,6,10407,-863479111,1101391436,463610345,-617754543,-825146920,-489548749
9,1,1,6,10407,105871788,1399512653,-316720875,42401712,-864977570,-115390367
10,1,1,6,10407,-567076458,-81072027,-431443671,259056817,1219377916,-1222359057
1,2,1,6,10407,-127272537,2145453077,1786239652,456149019,1427635736,922806407
2,2,1,6,10407,331474476,1322521772,-1232814009,564259647,1500853032,-1996304130
3,2,1,6,10407,-1783291358,1226083872,-394232803,585554256,1390866869,1636923826
4,2,1,6,10407,-142183078,-2119218307,-893292535,-1351761124,-1662932262,-1385071750
5,2,1,6,10407,1582324359,1098503431,-2044443309,-1269166011,28834217,701339791
6,2,1,6,10407,-368666054,585703687,-743297463,-1802951585,1656773813,1409423402
7,2,1,6,10407,-2113004235,-2032875113,-17323194,-354432362,1560017611,-327527482
8,2,1,6,10407,1847933559,1989376516,-461970444,-1071883997,1933879787,855709747
9,2,1,6,10407,1603696238,-578685357,-912734630,920956129,-1465838145,247970621
10,2,1,6,10407,-1843668633,-266249242,1667695255,653786523,1736742394,1054704812
1,3,1,6,10407,-933735980,1368224380,-809720015,881815061,432068133,101048964
2,3,1,6,10407,355956405,1198255954,1759906331,1216271201,1930079311,1908627368
3,3,1,6,10407,-1670807450,1666742971,-1667602388,188706157,1486278445,452513621
4,3,1,6,10407,1283411211,-1965418300,310184916,-1936958395,-831282480,803940508
5,3,1,6,10407,1961266368,1343932226,1921332873,-1161273400,314277079,1077771152
6,3,1,6,10407,-1659553307,-1691554701,-1903606485,1902321710,1209948064,2014766257
7,3,1,6,10407,678956147,-40027874,-288686171,-656547986,-1640390424,351887237
8,3,1,6,10407,640470531,-1016362149,-1146594761,120194256,285013140,1304392267
9,3,1,6,10407,2123356801,-1192304410,1294595060,1410300891,24503240,-831068567
10,3,1,6,10407,1960606953,-714975685,-65583908,-2034519724,1027063994,-913223898
1,4,1,6,10407,-2137760192,-11723835,493205399,-329795512,1012569355,-229519263
2,4,1,6,10407,-636424090,874450502,-1090673256,633517774,713221189,-1054760126
3,4,1,6,10407,2008610211,-425378484,-1611051912,2002990489,-798801321,399392255
4,4,1,6,10407,-1168656905,123461550,76750536,-972454032,1019653565,-1065610774
5,4,1,6,10407,-132146805,-1341011458,-1280730055,-473424791,-141324463,-125445836
6,4,1,6,10407,856414273,-430879944,-1060889484,-1242770049,1381956770,887128980
7,4,1,6,10407,1917921541,-1578958273,1475244502,1693432448,-1831504045,547702079
8,4,1,6,10407,-1113151877,1721867280,1459100544,-1146024125,344005847,-580822200
9,4,1,6,10407,1095194599,-935350568,-302280116,-1426318612,1827644086,-1283960669
10,4,1,6,10407,-547634052,2060667921,-905466449,-1781935108,-1299452148,1399972835
1,5,1,6,10407,1821230017,1461869109,-423188288,1051501796,-711411879,1848158216
2,5,1,6,10407,670324864,415697662,-1907487278,-536500473,-669805335,345959025
3,5,1,6,10407,1894399087,1375290671,1736695142,-1925371057,-242796,744919486
4,5,1,6,10407,-1981942757,-1751746742,-2097785216,-1933251631,-1090776847,1333674280
5,5,1,6,10407,-1300105087,-1486125808,539959262,1232750495,-705879025,-393620264
6,5,1,6,10407,-1803875434,-639049687,-482511884,-1959133728,-1297334022,-1092785439
7,5,1,6,10407,1428736171,-1137399044,220980644,830883106,1922790719,14988145
8,5,1,6,10407,-1840554187,-1583674206,2085915392,1198215397,1531527047,-1211006139
9,5,1,6,10407,1259679366,905027912,-937941319,1764763668,1278319594,895544099
10,5,1,6,10407,2003557426,1365284081,-2010289991,397664294,-1966415570,1002590460
1,6,1,6,10407,110369466,1897297700,-874548776,1947495180,1484487766,2029662563
2,6,1,6,10407,-1079053178,-1994460327,2133749529,1600670150,1978697699,282202343
3,6,1,6,10407,1442365996,-190057824,573239120,-141636266,1942650768,-1955756347
4,6,1,6,10407,-993301446,1992994270,470081587,-1567109775,1659259310,469707182
5,6,1,6,10407,1729053109,746709052,1168295512,-1969384159,1115295415,531117662
6,6,1,6,10407,2066717709,-167898901,1182437268,200709388,1237373879,-2051138028
7,6,1,6,10407,109196201,2101078546,-868476760,301024458,1235225628,1023353643
8,6,1,6,10407,-1085383181,-1313363722,916623019,739326696,-821640791,1127057658
9,6,1,6,10407,-572279285,78381070,647243830,41218844,-1799580956,1799548052
10,6,1,6,10407,-1856008983,-1696510564,1840449522,676718862,-1475282730,-924839587
1,7,1,6,10407,-1731763350,1257098047,1639285098,-1115782745,147266002,2021270784
2,7,1,6,10407,-1263950590,-1637607648,-1184576396,-134057429,-231239921,1398108605
3,7,1,6,10407,2135794576,-2015242211,1925159883,508691734,1894599382,572576375
4,7,1,6,10407,961026008,1018290777,1736151991,-139811494,1753942913,-938731641
5,7,1,6,10407,-591312366,722306820,1625630176,-1197892236,-1760904991,905331895
6,7,1,6,10407,1400412326,-840854326,-1171877374,710318364,-1340533634,2077744838
7,7,1,6,10407,-1138312029,-1404743078,-881447672,2049902156,-2005929186,-1450609987
8,7,1,6,10407,1603387162,544466648,-1552350694,1358468885,1745920206,-728321938
9,7,1,6,10407,338505389,-796104354,-1681016696,-1552867449,-1424780778,66957508
10,7,1,6,10407,-155406884,-240443809,-1821634891,-682755237,1243330172,-65901812
1,8,1,6,10407,197156376,-111048838,1799090905,-1105717665,2018991213,975497039
2,8,1,6,10407,59530752,-1045977466,1517750791,2015479992,392252794,-2072865589
3,8,1,6,10407,420877511,-365594997,-1776151500,97651978,973672546,-1877890102
4,8,1,6,10407,229355068,-538291227,-309147291,-1013326850,-196510129,1531169282
5,8,1,6,10407,-278238484,56200504,1721229634,763446750,-1819978541,700252668
6,8,1,6,10407,-1286359673,1685964165,1992743647,1354816830,1976691923,1435328414
7,8,1,6,10407,-645448941,-1924917559,994592576,1484421938,1646387306,705656058
8,8,1,6,10407,1695878702,-91769796,162422213,-153307728,-500719043,1340916136
9,8,1,6,10407,449787051,-1343928461,159597684,1539667448,-1917255484,-1915658623
10,8,1,6,10407,-542003633,-1505825199,228072488,-1044515140,-1493401311,-2007749911
1,9,1,6,10407,-1749666562,-35599888,433268166,330085608,-943813379,-1737000479
2,9,1,6,10407,-649343682,-869719814,-609463459,54835987,-513583043,-1065741159
3,9,1,6,10407,-52665571,278338371,-1947438833,321200855,1431836889,937088612
4,9,1,6,10407,-527361588,-870822486,1862164253,-488619731,517762970,-344069940
5,9,1,6,10407,-1542827420,-740202632,-401519768,973234476,-242749366,-766529150
6,9,1,6,10407,-94681416,696811700,-193510368,-435029127,-450659599,-1876134690
7,9,1,6,10407,1455913825,-1073595168,-2035017290,1151827587,-1340753013,1466927491
8,9,1,6,10407,-722926885,949042451,1756166390,282575012,924770785,-517743017
9,9,1,6,10407,-1755325906,-2022397478,1320864548,1123582299,-187692927,2027140497
10,9,1,6,10407,2124590151,-687873278,-1670079422,742159449,-1340912432,1782306291
1,10,1,6,10407,-1574573120,1373293281,-1475231244,2041601016,-869762337,662407121
2,10,1,6,10407,518184927,-1865212483,1591122212,1774872086,-746115254,-1530057215
3,10,1,6,10407,725890349,802647298,1194206132,2048310223,-1866058503,-968446125
4,10,1,6,10407,697183852,448908468,-1047930975,1922840735,2029105679,-1538608632
5,10,1,6,10407,-1513894991,406687889,-1002583998,-1866609761,-133673565,1823969400
6,10,1,6,10407,1123873535,1971152388,37143009,-949881229,-1097638320,-1329931836
7,10,1,6,10407,-854846150,-1844712376,-122552016,2082317168,811660972,-1027446448
8,10,1,6,10407,-1008653354,-1228296474,811872759,-1821719103,199696393,1620024532
9,10,1,6,10407,1746998223,1724926750,-2010353720,-2002132611,768571132,398068695
10,10,1,6,10407,953297005,-213296328,1844437741,-793936762,-414926950,-1865214401
1,1,2,6,10407,1093271402,-1126446503,-1627020412,-1834152663,1069211879,1242709217
2,1,2,6,10407,171396763,359864667,894956406,-961619891,1965215131,1932147491
3,1,2,6,10407,256315108,-296748371,107286626,2015719309,532217949,1255070693
4,1,2,6,10407,1237894692,-73286554,384779430,1026037202,-770924259,-273678807
5,1,2,6,10407,1885070029,244427193,1480862691,432255276,1348746109,1972046911
6,1,2,6,10407,-1153981690,-502061432,1193160157,2027582452,2021521539,1783910037
7,1,2,6,10407,1697941875,1093417483,-1900845899,-46432122,-1328450600,-1537471926
8,1,2,6,10407,1396167722,1490563942,-47747601,-792742955,-1842463748,1609778958
9,1,2,6,10407,-1641844451,-693614392,1247582511,-748743171,-733825720,1488464602
10,1,2,6,10407,1044014004,480990672,-560814764,1663736217,-1235807542,848069131
1,2,2,6,10407,1321805117,-1694032749,70855187,1809482403,2128530479,-114888896
2,2,2,6,10407,2071693690,-1301721535,1476746522,-1440476525,-213544648,-961485307
3,2,2,6,10407,-1096738792,796022825,1377648014,341026049,286513434,-1234062930
4,2,2,6,10407,-1749417361,-1303177680,-1624141666,-557310205,-271994244,-1157003850
5,2,2,6,10407,1339545643,-929625682,-1240041871,1158070782,-1819864672,-1622960544
6,2,2,6,10407,373925992,950996913,-1822128461,1272696317,-1767503904,516819597
7,2,2,6,10407,-1742905570,1655692911,1717617227,834423465,-892355085,120496977
8,2,2,6,10407,1533645192,614384271,-918692500,1455324180,2138334089,741457639
9,2,2,6,10407,1195089321,1755389619,-120182987,-321488718,-1004582731,1075605249
10,2,2,6,10407,1537840065,-1531901441,-2000874002,-2139304052,538647393,62426487
1,3,2,6,10407,-1384278961,1701562334,1209962305,-1277450571,-820768634,-1953964943
2,3,2,6,10407,-1496332328,-371458048,-839219509,-1517739643,-698434158,-476143844
3,3,2,6,10407,850269769,1413973890,-537148317,757792287,-396066508,1956417391
4,3,2,6,10407,150427318,805593302,-2034051478,1704353682,1913976538,-1334303544
5,3,2,6,10407,515952005,-1347594161,1139947068,-109085100,-1331296059,-1139049885
6,3,2,6,10407,1459617986,1226741465,-2102442277,1382623055,-192534249,-1713145726
7,3,2,6,10407,-1925813986,-74338612,1045529943,940713080,-1023712591,769144225
8,3,2,6,10407,1626005267,-665092796,-1396811665,2110206709,-239917312,405754775
9,3,2,6,10407,-615163215,1726424694,2030178291,1820718458,-1131334122,-1130537866
10,3,2,6,10407,1889467968,-2034429078,-1971093885,-1666821949,-1178990998,690461387
1,4,2,6,10407,210454585,-1863782538,-2095893066,-1791127430,-940878440,1525663592
2,4,2,6,10407,-861196157,353928345,1152292756,-11756397,748520395,426655433
3,4,2,6,10407,2031668150,-168817289,-1158920464,-1886273471,1808727160,-227330983
4,4,2,6,10407,18678802,-1770048120,107616285,-1425340357,-1370463455,739970974
5,4,2,6,10407,-293176615,1474108022,-1618177969,420560799,209896752,859874402
6,4,2,6,10407,369103846,622919495,-1355862108,-802016384,1330784291,-3480240
7,4,2,6,10407,-725223589,938249011,103423239,1549507191,439485742,-1869322359
8,4,2,6,10407,1555965586,-2141357336,1333825427,-2096102682,-1982918017,-1342610651
9,4,2,6,10407,-477051313,237376923,-693951764,-1945483047,-1574906917,1003285918
10,4,2,6,10407,683377156,-1811055091,-21716098,1032828596,1344783749,-893784658
1,5,2,6,10407,603696613,2010899071,-331734342,-1945169472,468417204,1789120261
2,5,2,6,10407,2002546343,-1969290900,-75355143,268504150,588795929,-219563690
3,5,2,6,10407,-1901222705,31102189,1160266119,1726176443,-406082186,1809413802
4,5,2,6,10407,-1617655677,1420985508,-1118137087,-1834809325,1390373802,1991084295
5,5,2,6,10407,468310159,1479762591,-1872100148,1683451097,171062604,1738218175
6,5,2,6,10407,-1671232279,-1213713439,-1111551650,455541724,590678037,-2147392681
7,5,2,6,10407,284363664,-173177543,637918354,-1900160170,703546375,-625948510
8,5,2,6,10407,276595838,-132366650,1300269220,1728961055,-327793250,-161141448
9,5,2,6,10407,28996682,-749473112,-2120444142,1213764337,-1270512034,-555346494
10,5,2,6,10407,-1235560887,1850562693,1892942139,668796110,1392033941,997276767
1,6,2,6,10407,-1982810976,839111486,-325873263,-1276591958,-1411165487,-852722038
2,6,2,6,10407,75811981,-2125901108,-392746131,996943979,998194263,706172588
3,6,2,6,10407,-414827094,1424592626,519022099,355650885,-2009858074,-1896024786
4,6,2,6,10407,268278698,1776238214,1383525773,641173523,-99500978,-1551397736
5,6,2,6,10407,-656855513,1426263906,1275622070,-1376769043,988795019,245341193
6,6,2,6,10407,1060732850,2066290003,2123493208,519594755,-1896390426,-529710177
7,6,2,6,10407,114065730,2125255461,1558970813,-2040668523,310649919,1896613612
8,6,2,6,10407,142426628,1246266635,-2129094160,11154545,-1223210314,-1702914340
9,6,2,6,10407,661350537,322758322,1636782684,-997394031,-177931805,-783567701
10,6,2,6,10407,435845429,2019222406,-1699094967,1555177197,-888766141,-1230453535
1,7,2,6,10407,569624518,-973574669,-65443502,16463714,1525919352,1627083366
2,7,2,6,10407,515201161,-2121475585,-383059146,1671791669,820988037,-2027026844
3,7,2,6,10407,2064112419,894926657,767637945,586536179,1697075630,1983390430
4,7,2,6,10407,-1488542756,-1928843212,691936863,889632124,-1173948715,575599362
5,7,2,6,10407,-288214688,1042248486,291752566,706721824,-1605268005,484681052
6,7,2,6,10407,-1963838798,1882551257,1011640595,601923803,1718930013,494314637
7,7,2,6,10407,1788806266,-1970261844,929192875,-1132605919,-1357618062,898658831
8,7,2,6,10407,-597573807,380856866,-1386965098,1867193603,430524484,-1013357010
9,7,2,6,10407,-2123000546,373601284,-2083080458,50656663,493141336,-583188263
10,7,2,6,10407,1624775545,-1152446777,765169355,-1319934694,906615678,248429375
1,8,2,6,10407,-1958463594,-916871302,928232081,1834939498,1809630259,1347011394
2,8,2,6,10407,-579659810,674023987,-1399727609,-1491473275,-1572610953,-707509485
3,8,2,6,10407,1539706746,69597898,542984114,984326760,-2008102988,-1432014001
4,8,2,6,10407,212944301,-607668743,556166758,830590108,-43361338,-1004979390
5,8,2,6,10407,-1465899712,495468316,-969276069,1629228520,1629923094,1772782207
6,8,2,6,10407,567431290,375203165,178859086,1100069328,1886583549,2071901329
7,8,2,6,10407,1401504333,-1551758743,-304565737,-485963410,-1729319729,988887600
8,8,2,6,10407,-415072870,-1755213222,-548214709,-1917444667,-1692567673,2138435510
9,8,2,6,10407,-804172690,1123239958,-38204195,-1788968137,-1369898767,330045844
10,8,2,6,10407,1383650381,-493219337,-1244400115,708026656,-350252906,1147499444
1,9,2,6,10407,1052251919,-860210284,1103712643,1654502945,-739444001,-1261029351
2,9,2,6,10407,-1768612469,1074717103,576933931,364685855,-941122926,380493639
3,9,2,6,10407,-700591468,-768517353,1613172642,1999500795,2034447576,-2034028659
4,9,2,6,10407,-344600376,-1880556723,1404815370,-1328015706,1586925374,837356581
5,9,2,6,10407,-264184974,-857207050,430174877,-1170448245,1016108420,-1434318522
6,9,2,6,10407,599102209,1439040752,-452161274,-1865361973,-541080927,528016454
7,9,2,6,10407,1638160898,-57414858,1677632628,1720355656,-1780965823,-1680604122
8,9,2,6,10407,-1956394301,1899049763,1310982123,254362378,-1996676862,-1731112621
9,9,2,6,10407,2076998861,1015527869,-966727292,615097569,389339169,282822483
10,9,2,6,10407,1896116424,697552793,-40219165,-2140829800,35967899,349168526
1,10,2,6,10407,116236729,1353096696,4655996,1744735333,-836443939,-1255734759
2,10,2,6,10407,-850982903,-587481539,74846018,1355587469,814357161,-135056616
3,10,2,6,10407,-226768187,280360047,28583745,541729,1799602518,-992765069
4,10,2,6,10407,-545282591,844453299,-1925875197,880818110,271988134,-870036704
5,10,2,6,10407,464579434,-1251040612,706538625,574264281,975868897,1837153761
6,10,2,6,10407,-302495833,-193274118,-388235889,1350670755,-932795078,-426444528
7,10,2,6,10407,-50947460,1325238502,-1328053044,-1873674340,-288665756,770204088
8,10,2,6,10407,1807251174,-541112580,-939503125,-1331567773,-1479004539,-1226653308
9,10,2,6,10407,1250098206,999508781,521118651,-1354841766,-967899328,-1092199760
10,10,2,6,10407,-863663148,-970282867,755804946,-664184873,-553317977,1793989522
1,1,3,6,10407,-2043692489,-411183047,-778527370,1380142494,508380217,1446684398
2,1,3,6,10407,-604991108,-3807752,1977165529,-2030686564,249026947,1328562310
3,1,3,6,10407,1155733084,728031542,1737292158,-549529818,792770394,-1386504656
4,1,3,6,10407,-1444361389,512872906,1645802107,-1962582135,-1033825473,-1424769131
5,1,3,6,10407,1248278985,-987421035,338965903,2025583784,-1664578453,-570143340
6,1,3,6,10407,-889580212,-1149313941,1457888654,1010938388,1900511076,1654908761
7,1,3,6,10407,-396244870,435388825,-943053389,-1830132837,-384262956,-128597204
8,1,3,6,10407,123686685,1564218930,1366688807,-1730490529,1744384826,-1231527507
9,1,3,6,10407,418035699,1267485503,-1095751736,2123968972,1792028642,-800738264
10,1,3,6,10407,379832546,309117001,927793399,-1845182259,1181339416,674065087
1,2,3,6,10407,-1481080756,601005048,2132578252,-1918149532,-1237237769,-1830397383
2,2,3,6,10407,998532403,609780628,304154591,1755445172,-1186929774,346891188
3,2,3,6,10407,-1723591265,-1946086790,1987497680,-852725469,1797596328,1533325271
4,2,3,6,10407,398328740,-649065046,1922943132,-1419574062,432673338,2209612
5,2,3,6,10407,1523073910,-2109809170,-27021827,-1074785484,797323262,-599562061
6,2,3,6,10407,-1723610157,1777658064,2128456796,1228730856,-1509784821,660932665
7,2,3,6,10407,1815926543,2102751614,2121372293,-975246260,-1601688055,-12499911
8,2,3,6,10407,-162439275,-1421056808,2112226810,1361335508,1718380088,16585323
9,2,3,6,10407,1072420362,1451625662,1446293839,-1630411868,-2004511528,-1628570268
10,2,3,6,10407,540130893,-1408380800,361083283,1979812951,-782620264,137245475
1,3,3,6,10407,456509121,730020246,370154477,1640309734,-1411254607,-67618583
2,3,3,6,10407,-526845904,-1880322722,-438774124,1288668301,-1083514817,-1060448069
3,3,3,6,10407,-424158946,188551045,945623897,-623165013,710633055,2125500640
4,3,3,6,10407,-876471886,1528860126,1759639284,1057672428,-523884741,1538714314
5,3,3,6,10407,-1853185466,3959886,596629800,794323070,-607287913,1856869623
6,3,3,6,10407,577016324,-130957485,1215071923,-1758704137,1469157128,361110158
7,3,3,6,10407,-733211901,978246095,953837522,-446378970,858508830,-88161603
8,3,3,6,10407,1100861334,-529576274,1692774672,-238219434,-111832394,1261309484
9,3,3,6,10407,1588544876,1746103792,435658612,-493009012,1408447391,-1323822423
10,3,3,6,10407,-869679841,-293370932,1888957831,442168919,-1635376237,583806452
1,4,3,6,10407,2086215928,-1971017276,2055583398,420446685,-978251210,-357497900
2,4,3,6,10407,-1381187698,1019289423,-927611780,-1735659034,-1394117219,201768935
3,4,3,6,10407,-727007130,833655776,-745101632,821307870,2133899671,-1836531460
4,4,3,6,10407,1675976281,420024997,-1817398880,999452564,-1771063590,527989040
5,4,3,6,10407,-1679710832,1458157776,33341491,537722106,-814369598,-84955405
6,4,3,6,10407,-1106221607,29398542,-932614481,1413097755,1184117113,1023515535
7,4,3,6,10407,743398850,-1096520280,-414841270,728319163,1558456921,1740193730
8,4,3,6,10407,466424177,-1845186636,-2120568877,1219314431,-2139925886,875271746
9,4,3,6,10407,-1372450492,1424937858,562055055,1907792395,-1407294128,-1634354679
10,4,3,6,10407,-1243173785,-865881913,-57820413,1732190524,-679150336,630349850
1,5,3,6,10407,-1559419509,1272642511,-2029899323,-1803704368,-199263584,-1419895911
2,5,3,6,10407,23347591,-259256370,-416610326,-613470184,-1160380194,180771588
3,5,3,6,10407,83743055,-1308559055,-2016052906,1333352,1274955498,577671475
4,5,3,6,10407,1759348129,-121396419,1391724583,225209704,440294903,-971727634
5,5,3,6,10407,585956826,-1946278171,1014990624,-632981644,339717990,-1000112655
6,5,3,6,10407,1953572652,-80363155,1505853237,-752145658,-1824662685,705226716
7,5,3,6,10407,-528869149,-243004466,739264760,-657433358,-2121199338,1628205570
8,5,3,6,10407,-1619248833,-1833806287,1991748724,-1409999513,-1799394938,1657942625
9,5,3,6,10407,-1076967076,2089123488,-493799228,762547266,839966377,-856263587
10,5,3,6,10407,-1480308026,372021470,746237793,-207084622,-1326747735,2029792169
1,6,3,6,10407,-1393703179,-1111514971,-1523374466,-783314780,398877952,151095009
2,6,3,6,10407,1952874430,595863309,1629421808,1076908841,1431784369,-1184803400
3,6,3,6,10407,227037352,-1017248074,-883767019,1379514795,205760036,214246675
4,6,3,6,10407,-1897464876,-932185602,1060437493,-1370126113,-1013307381,-1578389945
5,6,3,6,10407,-1273349234,-572340834,1581451381,-1566262122,597758895,-1495250128
6,6,3,6,10407,1395296526,-1327952359,17062570,1180449067,2018568690,-505015038
7,6,3,6,10407,1666740794,-486075753,970500559,-3166811,-1446419351,-1992539261
8,6,3,6,10407,-480382420,1011461031,-1313751329,-863706421,153623521,-1833672792
9,6,3,6,10407,1766703469,493877151,1446588602,-776668950,-285146226,-1708984433
10,6,3,6,10407,-1188880289,-1423447626,-2073901538,-792906818,-1306010347,-1767459834
1,7,3,6,10407,1575878038,1195739862,-516056460,1916613904,288313592,-958761332
2,7,3,6,10407,612344783,447723933,-586788423,-806642233,1428660644,-658992604
3,7,3,6,10407,-1360902969,-220976167,-1163172299,-1645828126,1026710643,685110800
4,7,3,6,10407,-784676745,1298090432,-778682445,1136770120,-136012277,-849060639
5,7,3,6,10407,-1999693434,-846382308,-811839225,1882855004,607035673,247449362
6,7,3,6,10407,-178268242,873191994,-478873161,331304620,1202224637,-999552988
7,7,3,6,10407,-16617910,-96847646,267215420,1240835008,-533964948,-1540544641
8,7,3,6,10407,-378651178,2081712370,-1692856425,199334537,181727180,-1340002165
9,7,3,6,10407,1336864134,-1019826442,1477516080,1877806136,219476096,-1791520993
10,7,3,6,10407,2132716265,-20875572,-1338529898,684876763,-386351771,-1600283308
1,8,3,6,10407,-1548532351,-228991959,978990736,1895706386,-790092790,121197343
2,8,3,6,10407,-279006328,-436793625,-789523940,427092764,538623514,-1659781096
3,8,3,6,10407,-164848687,1157180864,1293262089,464214671,-1742429895,-1280435398
4,8,3,6,10407,505670062,-1767163400,-1040830534,-2000737034,112976180,-46152595
5,8,3,6,10407,-1561703468,2058566944,699925179,-390112419,-75786554,664715658
6,8,3,6,10407,-895822849,-1727986313,-1183496560,-666032389,-1592217312,452978905
7,8,3,6,10407,-660911738,586877915,-2088297684,-1617848440,-366968669,-754659922
8,8,3,6,10407,1487293326,-1433900652,1030413227,-315586765,-369760503,-1373979165
9,8,3,6,10407,548367675,-237650667,-899497825,977186298,-2035362335,847771564
10,8,3,6,10407,-1985790258,1247442476,-1121304090,-1117627627,297767521,102780750
1,9,3,6,10407,-1666325054,-105397920,2130475541,-263036065,1575640345,-1511623924
2,9,3,6,10407,-911598216,1821729108,-1551049226,235141953,530624966,792310914
3,9,3,6,10407,-1411561064,1756968791,628089822,-350265449,1923003494,895209950
4,9,3,6,10407,-514893607,2031194642,-156341552,-1290093429,-1796436047,-2118236607
5,9,3,6,10407,2050825227,1060541057,1556857231,-1228090542,1853535983,1990239862
6,9,3,6,10407,1926415159,1342861297,-1539515048,-1038514572,-544802967,-1559013309
7,9,3,6,10407,-1166834301,-1689487810,-1935220937,1288655672,-735921150,-788881084
8,9,3,6,10407,1584082136,1008738674,-575090779,106028644,-1243952970,785817586
9,9,3,6,10407,1481948191,-138662295,1877194751,-190671077,1254656302,1833676362
10,9,3,6,10407,249597313,1084023474,1117036898,-318713155,2006944147,-1063570348
1,10,3,6,10407,-88858391,-1305583953,1705185710,733114462,-413256229,673436322
2,10,3,6,10407,-1281716061,-297849863,-850338392,1528461539,-1696859689,-492857436
3,10,3,6,10407,1390788592,-771012252,-2008871350,-1530232128,1346117367,-797120075
4,10,3,6,10407,1554079929,939436117,1957834996,2140418361,-2128167614,-2005510694
5,10,3,6,10407,319582096,-23551921,-716985247,540010644,-1308650311,2082296601
6,10,3,6,10407,-1079848198,-1186036441,624578034,-308433821,772299194,446759202
7,10,3,6,10407,1241461939,396514312,156127262,-1802184877,-758102143,-2013572988
8,10,3,6,10407,-66835750,59750705,-1464370663,-1034535093,-1834055858,1273157513
9,10,3,6,10407,401131512,1031609720,-532846833,1290359009,235392561,-685899629
10,10,3,6,10407,-1246993909,699411979,1037568018,484440820,882518022,427508133
1,1,4,6,10407,-2139224391,-714020383,1574232068,-1464191243,-113150460,-1510621744
2,1,4,6,10407,-708353487,698144862,-479280221,1096591822,1257569754,742390515
3,1,4,6,10407,1976063089,-1306391177,-1270790573,-211235975,-1875151531,-1468249110
4,1,4,6,10407,1750938944,-269874213,-1587872714,-130918201,1528546026,-1430117096
5,1,4,6,10407,1883638481,-466928928,-18481326,-722876093,1825499159,-485347271
6,1,4,6,10407,-1343396984,927788957,-499397751,-1905613363,-433335054,-125269889
7,1,4,6,10407,-1550438459,1830533641,-712333225,1775989721,1270717185,-2093327125
8,1,4,6,10407,-1647457635,-583229450,-17966120,790405540,-1910225899,-1497163658
9,1,4,6,10407,-1793037267,447316465,1749288076,624058175,1940189082,277333326
10,1,4,6,10407,-288465721,1014518531,421306111,583771558,1932035141,-285142253
1,2,4,6,10407,651293012,923344619,787790110,-1300595677,-1644130506,180052987
2,2,4,6,10407,930294152,2051503525,-532170409,-1370527991,1435557672,-569161667
3,2,4,6,10407,312730820,2024981510,174350907,133823728,-1887469515,262924366
4,2,4,6,10407,-181973076,-1429762031,457921951,-257544383,-2106341522,813764779
5,2,4,6,10407,134742538,236641486,-778333732,886003359,613543356,1903783954
6,2,4,6,10407,-1052210838,-1067670990,-1978320700,1777476853,1863217117,-952259746
7,2,4,6,10407,1153782179,1931088765,1621646537,-1992536399,-1732871963,-375693429
8,2,4,6,10407,1995806893,-1621756502,1941464606,1274403999,899175881,1997136023
9,2,4,6,10407,-1719081575,913306888,199830186,-20662355,2000280327,611994262
10,2,4,6,10407,1415037975,-1297209628,950579849,1138802398,-701047859,-201848777
1,3,4,6,10407,-601399956,-1188779391,2073226446,-1971123149,-1480175437,1432343350
2,3,4,6,10407,1034089571,-683688456,-33527096,-118539544,803381646,-508562023
3,3,4,6,10407,346827059,556965623,1040411409,1682740470,-999668635,1137480141
4,3,4,6,10407,529423002,46096277,-1383734823,-1641265132,-1531614108,-722514410
5,3,4,6,10407,1363182539,-654977149,-417403705,188988156,-2079439868,1704529769
6,3,4,6,10407,741666412,1603667870,-2101940520,1381298693,-1499013969,-304401578
7,3,4,6,10407,-2082281852,-1640433095,-1741472830,1200069194,-1268007183,-583523737
8,3,4,6,10407,1182993918,-2066663936,-530967476,1005549737,1065389248,275473669
9,3,4,6,10407,1663994917,1884988142,1285902192,-1193540537,1004660461,-1812005985
10,3,4,6,10407,160895816,973294535,-2100514073,348187055,266722740,-657049523
1,4,4,6,10407,29380105,1815849264,-2108490531,-367768359,-1326149059,1235630649
2,4,4,6,10407,1739575612,-1565206225,172573566,-367921058,-1089889316,-363945272
3,4,4,6,10407,338745815,956137306,1343088612,-1853698498,887415397,-516836400
4,4,4,6,10407,-170824787,1007032099,1064441137,443359534,-1414707881,463632423
5,4,4,6,10407,1303623779,-207740814,79431912,-423775945,1781509732,1659914793
6,4,4,6,10407,440314373,-762944345,541217486,-1269158751,-1874673864,977464381
7,4,4,6,10407,285904807,-1049369212,-2130189932,-1620350751,-590283340,1490718125
8,4,4,6,10407,-120372628,-2094912204,1674659586,512762737,-1209949071,872703846
9,4,4,6,10407,-220050407,227355584,2097325813,1672757192,1838913375,-1162051988
10,4,4,6,10407,-1176776800,1932007527,-1236505831,-74031477,-1152100003,1704889194
1,5,4,6,10407,-1167862643,226992912,-1065050523,1221074046,-1967440069,-687608501
2,5,4,6,10407,-1220945966,-2010664783,282555394,-1826148197,-831553550,-902997887
3,5,4,6,10407,-1416561277,-1577481137,-819081341,-563455053,554840730,1612697633
4,5,4,6,10407,-368491500,1368813154,-1739872480,584437103,-569148231,-364518927
5,5,4,6,10407,1026756032,721138185,298440395,1347113162,403220730,520282489
6,5,4,6,10407,543310054,-748113079,-1368477390,-1262990562,1775157821,-1741572109
7,5,4,6,10407,-461577181,1248755683,1503448528,1204453800,-840218795,-852141682
8,5,4,6,10407,-2034418319,-2073192600,1922291039,1209260920,-59220606,-277003866
9,5,4,6,10407,-273321698,89358968,-1040198053,1204031241,551022921,-1351622953
10,5,4,6,10407,-1893703164,-464090223,722972440,492112551,-1231443515,792377398
1,6,4,6,10407,-1532820153,163243364,1466520927,-1243593294,-1350899828,-281231725
2,6,4,6,10407,334248484,2056082705,-1704662340,-1005327433,-871568361,-1825415884
3,6,4,6,10407,318393213,1104840487,829573673,1385394909,-652264480,579043042
4,6,4,6,10407,-1519111080,1637283950,619542987,-493664078,-2008145773,-1859240898
5,6,4,6,10407,-370068213,1861608493,896654111,-1097041073,-1801745894,2091531398
6,6,4,6,10407,-905706006,425334413,1061458519,1534894626,714846237,1648726044
7,6,4,6,10407,-2053239258,217135622,540525734,-1636795635,-1214996575,-6967053
8,6,4,6,10407,-1403892447,188917236,-1815445942,-1071502488,371687680,-1873895413
9,6,4,6,10407,1921509884,419148855,-828483718,1441616040,1459269444,274291168
10,6,4,6,10407,406066529,163900504,1683159905,1610598616,-1219366347,-695266135
1,7,4,6,10407,1556895623,1537997430,-43039857,-1601012764,1583384013,-2048561291
2,7,4,6,10407,812598192,1022165506,128983790,1677986631,2065074338,-294799854
3,7,4,6,10407,-813061182,-891456104,-751304132,-562603183,294336395,-422242881
4,7,4,6,10407,-1250193633,738883747,1901685816,415528191,1964279432,1134846150
5,7,4,6,10407,2095026248,-996413772,-1965439544,-1836288463,-570033740,1675705094
6,7,4,6,10407,-1056211148,-1511170572,-1688926998,-1547135450,-1383247119,-1200146350
7,7,4,6,10407,165480769,736022690,870734125,1991381666,-2015959010,556329365
8,7,4,6,10407,-393088509,699262262,-509987716,-958500522,-807934718,-175019939
9,7,4,6,10407,-1365188575,1578447439,-2478272,-446147806,-1652573539,1574737779
10,7,4,6,10407,1846882222,1561212311,320947634,1316442168,603506184,2003035478
1,8,4,6,10407,-794811850,-1923596598,1023190696,-1570759613,1805984863,-2049511494
2,8,4,6,10407,-1617036410,-554005411,-442569217,-1707841934,-986676614,-871103982
3,8,4,6,10407,326030000,-1523591595,25637563,891807793,720911566,39347060
4,8,4,6,10407,192206990,1646878250,-2011901773,548753624,1302543719,-854534986
5,8,4,6,10407,-850376548,1268077972,663864335,-80949755,2001975110,-41382181
6,8,4,6,10407,816901855,-1224516043,222427867,911020613,2018721142,428713179
7,8,4,6,10407,546136506,1402012920,-608449435,-1591609447,2054039647,-333463357
8,8,4,6,10407,-783537909,1797038000,-1104066251,1394420239,1175415499,392905881
9,8,4,6,10407,359655790,-771309436,-1234641138,744792726,1892710507,-473257433
10,8,4,6,10407,814478185,-982804632,-1979748711,1448564002,-1030063222,1875431752
1,9,4,6,10407,1710445104,-321606810,-855360841,167253565,-1380466352,-623023913
2,9,4,6,10407,457177191,-1628986336,626932512,1911652809,1702470337,829766164
3,9,4,6,10407,-1389082010,2137370403,-1901310024,1924430804,1411607972,1761732012
4,9,4,6,10407,187361920,-516856801,465503575,1691041532,584835571,-229259964
5,9,4,6,10407,1058405212,1866455324,-6766101,1748287986,1796336079,644277636
6,9,4,6,10407,-1428442440,11842083,399251403,541674954,-570398856,-299431628
7,9,4,6,10407,1287205290,1502794609,-902950714,540010572,-198442371,1470104785
8,9,4,6,10407,486380201,170971827,1046401160,874450472,-1676428742,-2010520538
9,9,4,6,10407,-645727089,55157509,-516607348,-304370090,-1189155041,1850506535
10,9,4,6,10407,488776383,852095936,374966403,1772210847,-987390006,2090269079
1,10,4,6,10407,-1246824442,-195461917,-1447236495,1468898137,-1151390221,-1122706940
2,10,4,6,10407,37584444,1028432263,1691002156,-611081972,-1888712159,643232908
3,10,4,6,10407,-1661337002,-978060884,677820491,256843400,449846643,-1058059830
4,10,4,6,10407,-2093533645,1657553452,949530335,-1685503785,-1196652425,1339388735
5,10,4,6,10407,-1680815767,-1538197040,1540507199,1334411183,-963351434,-1462520292
6,10,4,6,10407,2090301772,152747447,-1116275386,310893163,32675932,1349752579
7,10,4,6,10407,1775181941,466424617,1248601232,629863404,1175807141,-1394537333
8,10,4,6,10407,-2033893772,-361120551,372969863,549307443,770377890,-1752162986
9,10,4,6,10407,981046906,-2111782211,422943468,1376073120,1168765690,-756778238
10,10,4,6,10407,-378424036,1607700282,1100995575,1121611051,212237368,1458441056
1,1,5,6,10407,935795486,963660946,210009933,778804697,1354245953,-124425102
2,1,5,6,10407,-699043215,1896111601,-690411044,-1556660085,2142063155,-1804555766
3,1,5,6,10407,1109189852,-39025855,618795355,386679636,2030113683,-2082865655
4,1,5,6,10407,1347800314,-1952886062,-1705916181,1150125585,80863135,-1251175687
5,1,5,6,10407,455339406,-1200734724,482394665,1711379669,-452984586,1444362478
6,1,5,6,10407,-895467302,930109314,1692048793,565001093,-1256953748,1232690782
7,1,5,6,10407,417886378,-110960980,-868126489,688157989,-1086285639,-1471859373
8,1,5,6,10407,-1484932667,1953917405,1390530348,1368318116,1415511505,-97740918
9,1,5,6,10407,719520038,-1897755837,767774749,2062105745,995444162,-1957111383
10,1,5,6,10407,839892673,-1759668945,1828816438,-919365041,1331080559,1187698994
1,2,5,6,10407,-2017079532,777969240,1945211800,-891033318,1802065010,2080843491
2,2,5,6,10407,1425975234,-1644668978,1143246495,1907377360,828945385,1924983683
3,2,5,6,10407,1065330483,1042374019,-476968098,1360767179,978082708,1639466674
4,2,5,6,10407,-1827708173,1548557645,2092526937,-1169049628,-387127639,146059176
5,2,5,6,10407,888916797,2094915936,-492000407,48681652,85810458,-263394358
6,2,5,6,10407,1198643235,-1750414264,-885519831,-1999595630,-305658008,1314827609
7,2,5,6,10407,1127204613,-1107366460,-1105684152,-720838086,1539694488,1040343491
8,2,5,6,10407,-2031273375,-1220028979,1195932602,-500250325,1332070893,-1503627392
9,2,5,6,10407,1804661224,-147042373,162149941,1376953865,-1928555378,1450994239
10,2,5,6,10407,1043720815,1621469472,447818411,-2113101397,-1042118634,159562624
1,3,5,6,10407,-655645885,547840198,-1501468876,250629542,-1772267252,-2141962779
2,3,5,6,10407,-1373402732,-265418716,-709759315,-2041551189,-1100087043,-644230343
3,3,5,6,10407,-102667940,-221536532,-1480330390,1807508797,1390550782,212429485
4,3,5,6,10407,-1709507488,1968729511,307384677,634899906,650612673,-813560153
5,3,5,6,10407,267407783,1928628218,-988602239,-1784744972,612237192,174030993
6,3,5,6,10407,250928475,-1722583431,106445534,1766367728,1586033963,1697708765
7,3,5,6,10407,1238481056,1771567069,335665350,42870288,-2018906185,-52033526
8,3,5,6,10407,1419781816,-1485914139,-2056707486,133769686,1967825202,-1002795856
9,3,5,6,10407,1636286661,-216073221,298205830,-515735029,-1536836231,-758692319
10,3,5,6,10407,1423594100,1943395545,-936159502,-84127901,-1847697439,-949372350
1,4,5,6,10407,-1246861608,-1664894407,541105881,-1291332703,-2126750750,-436766225
2,4,5,6,10407,593600225,283036257,-1481603951,-945765781,207579428,937986538
3,4,5,6,10407,495591214,-669015349,-1728296075,-448706363,1588578488,2109951466
4,4,5,6,10407,1210883532,1833584410,685210036,1288768666,776864222,-531828969
5,4,5,6,10407,721595215,-1058024424,-885858934,475740647,127899132,443931912
6,4,5,6,10407,999706293,-923059505,-1725203107,-1583169890,2133489761,1328182287
7,4,5,6,10407,-2130719357,-133020334,-1266208350,-883883098,-1816591382,-233022552
8,4,5,6,10407,-1025447149,1778062212,469593451,782225826,202762559,-115049241
9,4,5,6,10407,-448706145,-1937229652,-750744181,1509716851,-338856908,-694512846
10,4,5,6,10407,403161911,1896847351,-673511248,1241048124,1270386917,-1926386200
1,5,5,6,10407,1905186318,-690812770,1418701270,-62947531,846510947,1498570337
2,5,5,6,10407,2032148053,-815798682,-305379964,1198492773,-334674097,-2113169169
3,5,5,6,10407,2127746328,-1656012170,-2001710122,-257283946,-1673073256,977129046
4,5,5,6,10407,1925268774,1815262500,-464504843,89086467,993773928,-155535713
5,5,5,6,10407,735170070,-471148563,941983073,-598954012,-501789807,887985779
6,5,5,6,10407,316340910,-2054116386,-1001700259,1244976874,1993701296,239207494
7,5,5,6,10407,-1208283748,1180424806,-2035691310,-915228781,1966559875,919894898
8,5,5,6,10407,-408273599,1848560389,822724905,-1880522390,1728594790,1099679017
9,5,5,6,10407,-988511301,-102918007,1934643976,2106575745,1674301788,1997201492
10,5,5,6,10407,-1455303165,-1836859112,-319370150,2035776516,1364114865,690245075
1,6,5,6,10407,-1065109171,633935100,1513187330,-1439711753,-1368564636,-1471600686
2,6,5,6,10407,-2136069047,549824381,1559368189,1757147634,-374202630,1814463713
3,6,5,6,10407,-735912656,1479411352,1649515713,2025963013,-368543049,1464244009
4,6,5,6,10407,-242229590,1602199192,-820880186,1813230892,-1311991745,-1052150201
5,6,5,6,10407,-2114068400,-1983133727,244931744,-793966883,-1913802512,345958203
6,6,5,6,10407,-1213936534,603057116,-557834853,-118713294,602893923,-569975480
7,6,5,6,10407,-1996569242,1199578544,-1030949297,1636336088,193564697,1525508156
8,6,5,6,10407,-1301797947,2050760643,-1362450352,-1121453965,294061416,2060256836
9,6,5,6,10407,1464956910,281796450,1398792064,839663481,919356948,-1958785070
10,6,5,6,10407,455302263,-136701135,-246855838,-1485671362,470788601,-1474330249
1,7,5,6,10407,-424436038,686014728,-641907683,-994272441,-1038471256,274305363
2,7,5,6,10407,-435469173,-1405619613,-659365324,1944793730,203314654,847821861
3,7,5,6,10407,1475424747,-1448885524,1911702467,1564882664,493155054,1625022638
4,7,5,6,10407,112556345,417475692,-261040858,506832783,-932923041,-553314165
5,7,5,6,10407,335093376,-832945563,-1141024887,-530981536,1951200399,875896994
6,7,5,6,10407,-149234121,70900419,-1281907034,456592040,-798737812,-951745690
7,7,5,6,10407,-296591084,1265577270,182842307,-1418211973,-295757979,1258323766
8,7,5,6,10407,435580363,654698029,1432897631,602488929,-1040499527,-1314424528
9,7,5,6,10407,-962505570,-159984719,876978558,1591821856,1077008014,-2146714251
10,7,5,6,10407,-1738892836,-215899084,-411444985,-2103749646,-462990459,-323879272
1,8,5,6,10407,-1848462925,2077808049,-1342151073,-543581729,443890057,-1898878377
2,8,5,6,10407,-1658953476,-727018994,-1196981608,958893632,-1325126154,484090554
3,8,5,6,10407,-562969245,-1162412302,449189779,1996200796,1032048624,318109349
4,8,5,6,10407,-1621205951,-877672025,1408347280,817515844,-1295851981,-510641632
5,8,5,6,10407,-279967753,-1122761607,1024679872,236192985,1147647556,1569406751
6,8,5,6,10407,804610667,538743430,-915004762,744145955,-1321139125,295956365
7,8,5,6,10407,588982229,-1619106166,-1083773651,1721071040,1723503150,1040243353
8,8,5,6,10407,1153949413,-1097757949,1018265206,-2136728812,-445982313,-843660189
9,8,5,6,10407,1308020922,442756369,1340530260,802350607,-368494748,999960420
10,8,5,6,10407,438639035,-1801213050,1048941021,-786277482,-982723500,-1428454152
1,9,5,6,10407,1523803366,509456517,-423619467,221680514,-159880513,88744586
2,9,5,6,10407,1796802774,-598513902,1005253529,1276711786,1424084018,2089087496
3,9,5,6,10407,1688585686,604627780,-691446762,-1859893180,-472356726,-1230081127
4,9,5,6,10407,966723533,-294948795,387027098,-1563471522,-108572525,1297452635
5,9,5,6,10407,-1013019279,1060681140,-881503315,-461270722,-1899384345,-1503594742
6,9,5,6,10407,-453291064,1285974319,-1044971869,-1471814671,-1304723806,1219068902
7,9,5,6,10407,58105086,-2064536068,-752105294,-2024816711,1705223379,-794363176
8,9,5,6,10407,-1510668399,-1968510357,-1282418585,241967319,1409295422,-99181238
9,9,5,6,10407,-1972708324,1448061197,1318852310,-434694462,-685304999,96687112
10,9,5,6,10407,1030849447,991761999,1112579851,454874791,-1234933076,1311614541
1,10,5,6,10407,-317707560,766362033,-413086264,1656572485,1709407707,768091485
2,10,5,6,10407,913060234,126997643,-140839418,1276467859,501802557,1378149413
3,10,5,6,10407,-127614461,512578691,1040202955,1340581930,1669096522,-2056633206
4,10,5,6,10407,1545821976,-309620339,1983877235,-1086655334,-979595770,190543579
5,10,5,6,10407,585976693,960872228,-1098457136,751610725,-591173565,-106523716
6,10,5,6,10407,-1826858872,-1728938736,-1346765883,1263608494,-1650941606,824090929
7,10,5,6,10407,-1384879427,-1089515610,-433318292,342257700,-1171312158,-1787793684
8,10,5,6,10407,-635569206,1678848210,53998079,205918549,1377423069,1667296722
9,10,5,6,10407,1509320137,1857709752,303823331,1646605628,-2104070375,815993768
10,10,5,6,10407,-1859915232,-1419832258,-960811640,1038281110,-399422371,31233017
1,1,0,7,10407,-537648905,-75930556,-1348498508,-1520836188,1819638778,-1080444021
2,1,0,7,10407,-882404305,-1126754743,-90039522,401242929,-867735467,-110497937
3,1,0,7,10407,1622055313,-1351938045,-1923894527,-381412742,-1077385269,1089286878
4,1,0,7,10407,33240962,1686116255,198973587,1369811356,2091523764,1461890434
5,1,0,7,10407,-939718676,1990713418,-2090173024,-488437378,-1877737393,670947603
6,1,0,7,10407,-1867831443,-895319078,798192095,-35324241,287183899,37665857
7,1,0,7,10407,-754842405,133579150,425020046,-1654335537,-1156399049,-1489528916
8,1,0,7,10407,-192157790,1353030198,-1744677579,503749390,720601715,-839774189
9,1,0,7,10407,807100899,-191118911,-739804646,-582849514,-267308077,1210399112
10,1,0,7,10407,-35014648,416263608,-648104720,2007125448,-845725962,-468618378
1,2,0,7,10407,1788332030,-904473393,-806645393,826017334,2044607975,-1434408170
2,2,0,7,10407,1927999323,-83815121,-1533228927,-1554096323,1821319033,-108143643
3,2,0,7,10407,2080121823,750491827,-1303806427,-2138065162,-761980953,-2010835400
4,2,0,7,10407,1104036685,-60863845,-897095676,2130101495,-1014601720,1031675838
5,2,0,7,10407,-1261733412,1866042559,-783616736,2140282342,193261395,-812222454
6,2,0,7,10407,-186406673,-423291085,1089159591,410770341,-105816228,-1389450179
7,2,0,7,10407,-599657494,937315405,-99165688,1829019473,1009134890,1237738110
8,2,0,7,10407,725139371,-1232366097,-406128235,517921635,1549416222,970672700
9,2,0,7,10407,1937090498,656066455,2137989732,-1107687910,1911093880,-987912017
10,2,0,7,10407,125440805,-1558221294,-1744145705,1909484531,175929762,927277286
1,3,0,7,10407,-2137530157,1568132212,1445671099,1338501078,-1824755918,-129770173
2,3,0,7,10407,-126384616,-914133995,-813186192,1847131793,804125465,38462190
3,3,0,7,10407,44327971,-2112501957,-327163815,439241586,131452759,606683668
4,3,0,7,10407,13409857,308910729,53651299,1428223685,-700372683,-1909075741
5,3,0,7,10407,1399747769,387571485,2033078652,-1148698976,1727574568,1509403005
6,3,0,7,10407,-468390725,1364933950,-1778296288,-1261917659,-1685472130,-1302934490
7,3,0,7,10407,258763833,-469891488,-847998846,-1590175814,-1691251558,-1442404690
8,3,0,7,10407,846200286,1789801125,732933266,-1629996728,-1151033106,1413185801
9,3,0,7,10407,1072918771,-2030882761,905509230,1674237696,-327283186,1453386609
10,3,0,7,10407,-566681303,144410586,964484581,-1540589279,1256608895,-1537641892
1,4,0,7,10407,1726229462,1348002780,425218317,1435928038,-1077777953,-153234016
2,4,0,7,10407,189195597,-145307114,784079327,1024466234,-141794117,1490474755
3,4,0,7,10407,118680120,-1419987289,-497935390,-1186299651,1285057504,215090019
4,4,0,7,10407,-1188987721,120340094,-1320790158,-1214964986,-1368045163,-1639910088
5,4,0,7,10407,1606275368,-499022165,1562024467,-830951667,-2032928999,-638834940
6,4,0,7,10407,1066831577,-843210609,-1459498559,1871998150,2015296382,1459235186
7,4,0,7,10407,-49736508,-2057988640,-791557126,-688681181,57012325,-403590899
8,4,0,7,10407,-1018257547,1267466587,1987543804,-2001239524,-1656431184,-61975852
9,4,0,7,10407,-1444376590,1677884681,257672696,1526448581,-2083551639,-25540583
10,4,0,7,10407,502776921,-59853435,-1856885488,1941268263,-1122443032,-1185762879
1,5,0,7,10407,188761764,904632047,-1092495687,-656678230,1952426386,1551196813
2,5,0,7,10407,-763672083,-2130548645,-2126264291,-481504340,-1267885491,1823932332
3,5,0,7,10407,-1063255096,2024299876,69394341,-1352923087,12352763,-939789080
4,5,0,7,10407,1749056779,-1415844307,-1247237047,-523751281,698189723,1222948248
5,5,0,7,10407,428505321,-1743795847,-269777192,1249213607,2047899664,1669304298
6,5,0,7,10407,764327743,336668186,1165662344,260681186,733284606,1218350180
7,5,0,7,10407,865873733,268413706,2031685852,251353413,1011050205,-492695648
8,5,0,7,10407,1885496396,1980648488,-2098691522,-1571903374,-198891534,2057692363
9,5,0,7,10407,124868666,-195128916,2124087003,469017168,259668548,-825456621
10,5,0,7,10407,-617687049,-408023349,106811816,199859675,-1729254029,211799729
1,6,0,7,10407,132288957,-849330164,623170334,1913053283,1406086545,2043798960
2,6,0,7,10407,-298350763,-397580439,-84895256,-1982871848,423867509,2020891084
3,6,0,7,10407,-1198634669,-1694911299,-2065994058,-1447667594,1809082541,-1393569694
4,6,0,7,10407,-1690556700,915539332,-1119769020,-1843915213,-192611766,-349914395
5,6,0,7,10407,-1891118001,588120788,520092017,66809923,-1427870395,610947393
6,6,0,7,10407,1403958063,-2031001839,-1026414226,-234972076,310031935,2072252855
7,6,0,7,10407,1404664454,-2089237827,1368761510,-1601788546,-869041490,569505822
8,6,0,7,10407,-505815171,1882046410,-2048186934,-1604521803,1791058449,1945347213
9,6,0,7,10407,-1461910921,1849419612,-697118905,-411309608,390768664,537888343
10,6,0,7,10407,-1070687843,-1919665452,1168890745,1222916656,-68265935,850046317
1,7,0,7,10407,576967064,-1226718892,-1962489322,-79557361,-1314378917,-1045746871
2,7,0,7,10407,-1728168975,569170356,807200834,-359272071,1856664774,2092732087
3,7,0,7,10407,-257184341,-1411974585,-892325125,561736539,-1742261771,905279449
4,7,0,7,10407,-1812384236,2094299584,1094379555,-1240716213,-178029697,516023599
5,7,0,7,10407,-1100252037,-298328760,-1114659692,474887717,1504202147,469842313
6,7,0,7,10407,1037019485,-583257057,911950026,1498570967,-906776459,1260591113
7,7,0,7,10407,-636429405,-1530136374,-898308191,1967731190,-1374471776,571550654
8,7,0,7,10407,-1846330132,1476707927,686907273,490031119,-369165595,-915780222
9,7,0,7,10407,-1941180016,-1584610073,1190719593,-391901502,-927950014,-578232666
10,7,0,7,10407,-686388155,344319877,626374849,-2137023003,782137685,74556901
1,8,0,7,10407,-783327298,2038098579,702251900,-499679271,-56164075,1685546072
2,8,0,7,10407,1663353718,608861224,-2118269021,1947989992,-1356030654,-1118778864
3,8,0,7,10407,1699492225,121419914,673047179,-289271873,1829514158,607204528
4,8,0,7,10407,-1604937603,809809957,340065944,-422558465,-94048529,-951248509
5,8,0,7,10407,1277845545,-762536752,1638432199,1213464455,908644188,276021905
6,8,0,7,10407,-1454815756,-387476693,2129014142,-182793326,230092020,-838832888
7,8,0,7,10407,-1479562690,1955469055,-1909522241,390170253,-1405791178,-2098794523
8,8,0,7,10407,1151896518,-1061786727,-1729701383,966120328,-235202304,1317589649
9,8,0,7,10407,223812396,174991954,-800477301,2119103824,1489414316,621021089
10,8,0,7,10407,-2060505149,600537657,600572791,-652211621,499808481,733627754
1,9,0,7,10407,-1909477571,-562668989,1948298355,-1696062054,1878596909,-1725055817
2,9,0,7,10407,-1704599109,-1249157014,-623568415,-99446873,-173819769,-1059028848
3,9,0,7,10407,-1723568709,2107763213,-1832117929,1606505069,957472374,-1840896481
4,9,0,7,10407,256939963,1502605872,-991582393,-1129535833,-360638066,-1279412186
5,9,0,7,10407,1198534318,-595006034,-970935300,1665544342,1842494747,-57360792
6,9,0,7,10407,-1086520322,243307587,-484809902,1835324334,-1878239622,-508114626
7,9,0,7,10407,835939208,1715646406,1685842979,1536115951,1488657863,-141201554
8,9,0,7,10407,153386235,818593592,18462264,-140737877,1509127319,600693801
9,9,0,7,10407,332511027,-1577618624,-1842132770,-1511715372,902568269,1722999006
10,9,0,7,10407,-1698614419,1075218668,-1653240656,-1075138160,-2079071208,-50282654
1,10,0,7,10407,165380481,-1720108339,1159264280,547288627,557440862,-970773312
2,10,0,7,10407,-852622693,-1633389553,2016583061,412486536,7307918,2058157144
3,10,0,7,10407,1529454563,-90415797,-1013020133,274827241,239388217,1025208299
4,10,0,7,10407,-1928936547,786145706,157152988,-1083398903,-2139021064,-1061720087
5,10,0,7,10407,-634940422,897798860,1558195831,1275428651,-1657733953,-1886396831
6,10,0,7,10407,790377942,329200718,114475083,84899016,1646611896,1642247257
7,10,0,7,10407,1389197833,1451231468,-19299594,-128657295,557508166,-2138500239
8,10,0,7,10407,1764072113,-1972737428,19499786,-1694200581,-485611669,1067433401
9,10,0,7,10407,-1329425682,1947431904,1661235684,227136101,-187843300,1709819999
10,10,0,7,10407,1960628166,1587369521,-1435949531,-807658632,164466229,1912549794
1,1,1,7,10407,-2107497512,1105229505,425594689,-307411067,1000941729,-570538040
2,1,1,7,10407,1565416452,-1721440758,-453149724,1144276669,-1884791448,1054661595
3,1,1,7,10407,1881710415,1383494209,716591079,1411555597,-184468963,-1951413307
4,1,1,7,10407,-259726663,-216884948,-1093209992,-546523785,1798282199,2022621884
5,1,1,7,10407,545348208,316264271,-1314771658,1935022898,255470668,-1655720428
6,1,1,7,10407,1160819146,-181817924,477722351,-1552798303,-1203093639,1961917279
7,1,1,7,10407,594313799,-1359281545,518858288,199244526,-2016889070,-1467663356
8,1,1,7,10407,-161609183,-997035434,445434003,892145770,-802506509,-865024744
9,1,1,7,10407,-1004950135,-1668287708,-683538635,883725466,-418321815,1958251017
10,1,1,7,10407,1615723254,400961042,-64530188,-460906265,214985504,-1813192250
1,2,1,7,10407,207382244,-1274215117,-1677740506,1626237415,-410104761,-1575199348
2,2,1,7,10407,1318195542,1156426927,-685053267,-1166642688,1770830796,-1329471662
3,2,1,7,10407,-1855495385,-1158351125,1876798257,-728125664,-820331717,-811022448
4,2,1,7,10407,226555386,-1071061046,1673806847,-1606254236,-31554958,-955743237
5,2,1,7,10407,-298845400,-501231451,-1541233052,2012418960,-191662878,-1798053020
6,2,1,7,10407,-535712639,282204962,757057336,-1504459682,-2119576962,951414829
7,2,1,7,10407,2113293670,1937304319,-208886240,-413969850,-1907761218,-2029454097
8,2,1,7,10407,686061556,1779311140,-715562882,-703415065,-885756570,-1884903105
9,2,1,7,10407,-1205687848,212229843,1064246932,-842116261,-1090479919,-337075784
10,2,1,7,10407,1304654717,-1592686453,173661482,-1936447233,165888909,560760259
1,3,1,7,10407,851007223,-1543432662,-80815072,-305236361,-2110630836,1743254308
2,3,1,7,10407,1100018900,381831891,359063543,-1246225888,903489142,-755585978
3,3,1,7,10407,-544046301,-359609429,2026327778,-1274630717,600762958,-1790322545
4,3,1,7,10407,1146281752,2126835373,1052457401,-132263174,-401645516,-1149100243
5,3,1,7,10407,-1567782110,1678090309,1285429559,1551981167,343701386,-926608280
6,3,1,7,10407,-192664586,-1953837257,1091492926,-1577559130,1912624955,-288516787
7,3,1,7,10407,296771402,1459948402,1546880135,-2025368183,13767323,990677821
8,3,1,7,10407,-1115945148,246119605,833177895,-148350306,1558422547,-686737472
9,3,1,7,10407,-817944913,-1440726629,460002550,1557368618,-1237149149,-995600044
10,3,1,7,10407,1461716820,-184578489,-1247735866,-2033068911,1631398495,-1842393771
1,4,1,7,10407,-1801446564,-559752776,-228248571,-227941901,-1647116677,1094907148
2,4,1,7,10407,-352480540,-2087358654,-1973270550,1432700364,1264268394,559904831
3,4,1,7,10407,1341295282,721652188,-527343712,1908214670,2065259191,1253787811
4,4,1,7,10407,-1840804067,1477912558,1072411425,1717907305,1166530252,-1196579147
5,4,1,7,10407,-1055175564,1506376616,680855010,953033545,2136809553,537448573
6,4,1,7,10407,1631991287,938372988,597890665,1759039339,-1554072729,-586001574
7,4,1,7,10407,1449266453,-1825594925,1226439802,349032901,475774078,1655449831
8,4,1,7,10407,-633911174,1455505620,-2077026612,745933178,-1428011580,-1598292902
9,4,1,7,10407,-1391583532,-416682487,2881032,1575325696,-423310736,-916860460
10,4,1,7,10407,1970195067,-747429271,1443028084,-1891961518,-907711104,-674828825
1,5,1,7,10407,104198083,2077574933,-1138523226,1016888587,1919737551,-1401324207
2,5,1,7,10407,1149422877,-1899498409,-1735114176,-556185849,-1634762517,1136024038
3,5,1,7,10407,1535657876,1615469516,1919441949,842356205,455704201,182794571
4,5,1,7,10407,-392565380,1307605238,-1938996300,1114347391,-1721579943,1494745078
5,5,1,7,10407,2051740310,1618040448,2115758094,-2037278638,-1335447815,942328965
6,5,1,7,10407,778278223,-1527252170,-1682474296,-532110935,-829978893,254808302
7,5,1,7,10407,554071417,2141398836,2064339427,-514115211,1691017347,-956948206
8,5,1,7,10407,-179958656,961822141,1773379836,-1138413904,-2027281403,1331659455
9,5,1,7,10407,1989327736,227232148,1950827389,1603576758,1980560248,1593371674
10,5,1,7,10407,-936087234,1154273706,-888666445,1573070989,-1837011822,-1183831734
1,6,1,7,10407,1276591485,-146272805,396848588,-997488224,-712073927,2145250920
2,6,1,7,10407,-73273672,-1749100939,738948745,1835519974,1492553082,-386764967
3,6,1,7,10407,1812025430,702209375,-805431938,-1223542206,1020656244,1719017936
4,6,1,7,10407,-542898577,-1772048559,-764507630,784001896,883505483,181331590
5,6,1,7,10407,-93437098,-1464335491,-140490960,694012415,1191536957,2061991877
6,6,1,7,10407,1895560425,1973447823,1769744550,1094911222,-1547060876,-1453255139
7,6,1,7,10407,-470646398,-67300421,2063288369,1223551335,-1025729328,65056264
8,6,1,7,10407,-969644,1648946195,-2073214725,1544582979,-1746973261,2106680488
9,6,1,7,10407,695348210,872160346,-755135088,-1680630392,-2117711233,-257696577
10,6,1,7,10407,-774034705,-1788728184,1774819529,-1909488291,-36361850,-683018569
1,7,1,7,10407,1833937989,-1682089713,-1397552462,-173107713,1582549885,1601569965
2,7,1,7,10407,-183727748,-1748469609,-965179311,2092447068,-635451980,-358687477
3,7,1,7,10407,-906720338,529003995,-989317316,919666897,1183554383,1919824007
4,7,1,7,10407,955410597,-168812108,650074354,-2055607547,-704077658,-1883491161
5,7,1,7,10407,474024204,705807360,-576267924,1849331651,254925049,-1184959285
6,7,1,7,10407,1372103581,1582948218,310377136,1951352706,455711989,-1208148620
7,7,1,7,10407,-972029365,2034469928,764227409,-1561229437,-683891652,-1219057039
8,7,1,7,10407,971918601,-138468700,28083706,-1832024091,949066624,567157402
9,7,1,7,10407,-1118856563,-1203200694,-1865686899,1621459334,-303050033,547894579
10,7,1,7,10407,630096991,80624147,740695477,531427195,-606627153,441498464
1,8,1,7,10407,-1266565019,-707310464,1275655856,229476289,-1568584518,322415016
2,8,1,7,10407,-598731059,1615891824,220274435,-464162697,63292477,-457694104
3,8,1,7,10407,-1853609388,-1212635998,-730958667,-1516913822,-143233729,-108268163
4,8,1,7,10407,27436237,1630067227,640700776,1308672110,1136564678,-1872575889
5,8,1,7,10407,-799714198,-400612234,256726031,-421750494,-773665710,-1039649609
6,8,1,7,10407,-1739060244,1193767838,-1190860389,-45341755,198169501,348209498
7,8,1,7,10407,-217565230,-1073034569,891172202,-546461337,1878044120,-876446131
8,8,1,7,10407,-1588116160,595486696,841212338,-1940585979,81081073,1180996866
9,8,1,7,10407,-786804830,-1180676984,-1530149800,-1869616460,-120707799,-569896119
10,8,1,7,10407,-1016445818,-625153843,1044754005,-2132902426,243004030,-1181852562
1,9,1,7,10407,138454025,34481180,2108498470,-673282201,-501246268,372954858
2,9,1,7,10407,-964289415,503651238,1475314879,999069707,1773956487,-884395247
3,9,1,7,10407,972890349,1723842589,-1229696456,812290917,-495192699,1346352231
4,9,1,7,10407,-2099703766,1465150759,-1749197015,-2142014206,-1716067885,1415789418
5,9,1,7,10407,362752057,-658784178,-1061273832,757667254,-1389703427,111636915
6,9,1,7,10407,-310706209,2112622943,-606599322,1012554843,935623877,-1716343510
7,9,1,7,10407,1184121104,1762188339,1851313912,187472112,1323236472,1782417233
8,9,1,7,10407,-1380773164,-780195929,829930541,-334778522,1156001392,-1233677823
9,9,1,7,10407,-1552650764,-1624469256,62613458,-1094031835,1174542092,-140242612
10,9,1,7,10407,623893670,-1743357355,-546922583,749828348,671317704,-290244241
1,10,1,7,10407,1790459992,-1439656384,-1700584026,-715894268,863736680,1699214868
2,10,1,7,10407,1380187943,-1303668611,-732658406,2030194643,1567552167,-1705598684
3,10,1,7,10407,2058854267,-1903682497,-2033895576,1492695188,1559164143,934156117
4,10,1,7,10407,-462791134,997618855,-280652345,584555139,-12184808,-1090535209
5,10,1,7,10407,-1301150232,-335565972,-614322689,772809945,1246729688,1394331354
6,10,1,7,10407,567033286,-1597893368,1281247272,-2023550122,-1651864967,2077532095
7,10,1,7,10407,-931012319,-1309216940,-2079650110,-742168417,1164677445,973343602
8,10,1,7,10407,606500955,-596794930,-858194468,-900847558,1430393700,542060209
9,10,1,7,10407,1103227832,-703410994,-1943921890,-1729090183,227117177,-419099029
10,10,1,7,10407,674111420,209084715,1987336596,1940978261,1751711417,87181862
1,1,2,7,10407,2051666774,2058468636,-159665108,-1245047965,826753176,-1267433563
2,1,2,7,10407,-343535066,-2085487158,659603646,-1615416900,2096762827,-749816670
3,1,2,7,10407,-1647415754,1634735724,850189500,-963948636,2097514129,-1595061300
4,1,2,7,10407,165919782,103450673,-743521932,2019675203,1968154901,-402532280
5,1,2,7,10407,-1214522579,675056153,-312769493,482538039,-1048905060,1569186713
6,1,2,7,10407,-1000600732,-1291476807,723141602,420757189,400029541,-200985768
7,1,2,7,10407,-1154801408,-361319205,815611207,-2064869303,993582633,-1762663723
8,1,2,7,10407,1644608490,614109042,-1539320715,276233547,342062416,-530852606
9,1,2,7,10407,-1570498274,-1903680675,1632379470,1429212987,-1039774575,1467165320
10,1,2,7,10407,80914318,1351483831,-1659836213,175929382,-120538272,1933297703
1,2,2,7,10407,1767171778,990897952,752704343,1090405458,1155305410,-685983649
2,2,2,7,10407,-777802819,-418249382,-1198517953,-208293399,1805114841,1870661082
3,2,2,7,10407,761358849,840834974,699864125,461891970,2025239960,949931670
4,2,2,7,10407,689020684,1345392783,-1106049370,1887175636,-370011652,-1102005490
5,2,2,7,10407,2139320185,722450524,-1323371343,-1732871868,-1831783583,-856555449
6,2,2,7,10407,1476141082,1002680528,1692824303,-1424122364,-754315982,1775725656
7,2,2,7,10407,-1672271246,-456087935,-316899638,-956599026,-299865339,-1932363399
8,2,2,7,10407,2095592608,-1411928609,1945042153,61459514,-1277641607,-2082214671
9,2,2,7,10407,-1785634060,1662481311,-770194180,-1298900746,-68904892,-747437239
10,2,2,7,10407,1329134576,319300441,-1967355907,374083859,-1640565871,-1313994019
1,3,2,7,10407,1009258961,1961610199,340978304,1694011994,-1387282933,1622348656
2,3,2,7,10407,-859995671,1988730433,2141123892,-12998726,-1996032930,-738785357
3,3,2,7,10407,1584519429,1315001350,241021956,563434755,-1548505975,1192368021
4,3,2,7,10407,-1006947021,1156048337,-282613391,1097354933,869608822,1237023368
5,3,2,7,10407,-2100643810,711183486,485990853,17041720,905367293,-2000139230
6,3,2,7,10407,2132233732,-236919786,-1029404779,326482965,1837784698,-336528016
7,3,2,7,10407,1476968021,1362288366,300247618,-2058567845,1293259904,-1229042001
8,3,2,7,10407,-1962284769,1408988911,-260270794,1756279703,-1426935755,826209245
9,3,2,7,10407,-132564271,856255083,-1555536170,-1339814963,-556811100,512622753
10,3,2,7,10407,-213401744,1460833945,-379805805,933788057,874579559,-1085781629
1,4,2,7,10407,381476317,106359454,149512839,-1800569965,907670385,-1200703443
2,4,2,7,10407,1688313609,-1750420322,1633168168,-1491100839,-788469538,626988632
3,4,2,7,10407,-1293588110,-1480668390,74847261,1386821522,1950227583,315845733
4,4,2,7,10407,-284783485,43099850,-160738114,747211668,1833576819,1334859345
5,4,2,7,10407,1256733777,-1359391422,1930853720,1110074416,-296449139,414090317
6,4,2,7,10407,803975428,1131242041,678107105,-38061205,-1819984881,-1495989443
7,4,2,7,10407,890915837,742796677,-2138434329,1295185004,-1609726357,-1302963656
8,4,2,7,10407,-337585020,-1975461562,1952585477,-2025198884,-1623820096,1626756132
9,4,2,7,10407,-2076970263,-2026648038,-1398665072,-1007164051,-890695128,1294584631
10,4,2,7,10407,-2015274808,-260995435,-1590193705,-1800639068,603223824,-1404125552
1,5,2,7,10407,1547201714,424964947,361050920,-625124773,250691305,906833334
2,5,2,7,10407,275257387,32438017,399458904,1082122166,560236006,-827049177
3,5,2,7,10407,753772089,-1142856902,-2104934022,917840089,-2112276536,-559526072
4,5,2,7,10407,630637561,-1744540298,1403365087,1343696884,-1631610721,1509133831
5,5,2,7,10407,339350121,1914907275,-555752386,1499124971,217060234,-2112175076
6,5,2,7,10407,1233377190,-1007556280,-1001041286,1139261878,232496442,1234148283
7,5,2,7,10407,-995914242,-841221846,827821794,-820857093,1021467477,-1631224618
8,5,2,7,10407,679801363,944755353,-974607147,-1539586736,-1801091277,1611855283
9,5,2,7,10407,-124498295,-1882826026,33792364,-1570116387,902496701,1021954496
10,5,2,7,10407,-1916604350,-1034284466,-1964120537,-2058357000,-39125298,1089080165
1,6,2,7,10407,1481540935,-1335734511,-1978991357,-1212521696,486779903,1459748592
2,6,2,7,10407,-1999424245,1880459261,-2011742591,1642943982,1707312462,554875113
3,6,2,7,10407,2119011245,1827488612,465172349,-805988453,52998535,1843788247
4,6,2,7,10407,307852297,785020467,-1059818222,-486983729,1285018012,625353106
5,6,2,7,10407,64876008,-524473396,1190526143,1303192457,956746545,-1325706643
6,6,2,7,10407,1236815253,760212218,-878207067,-156160322,-195500840,781232322
7,6,2,7,10407,-1524385100,-1532586280,1904520641,-1260136919,-450801492,-555968611
8,6,2,7,10407,2079927188,-1524143307,-796133743,966373782,-1493152776,-1049631791
9,6,2,7,10407,-1257572634,-1243847988,739969584,1060837828,-165624002,-1670972676
10,6,2,7,10407,-85302601,1599056560,-1495923511,598060139,-1766797739,1729738161
1,7,2,7,10407,-1809800764,1186016483,-1785971283,953411424,-121463336,-1823241831
2,7,2,7,10407,-1672240929,192459198,1615748527,-720631056,-753882582,-1214554165
3,7,2,7,10407,-1427134608,1115640919,331507002,-1029207875,77567637,362485011
4,7,2,7,10407,-1132499193,-897308581,352652545,635204674,-864315922,-230228076
5,7,2,7,10407,12848706,525043495,1144154928,865239253,-206236292,-182940300
6,7,2,7,10407,-530747784,1236825807,-1507447268,-1034892605,-1737184109,-1644690055
7,7,2,7,10407,1962554321,1816803976,-109922883,738950742,-1101535198,751700813
8,7,2,7,10407,-375810936,-1696846877,-608094377,741168666,-1708695848,810968501
9,7,2,7,10407,-1190216762,-580590901,879304665,1894783552,-455896067,-1271744909
10,7,2,7,10407,-1001545061,-1896081927,237106139,-214383836,-528150098,505116204
1,8,2,7,10407,1041799303,1181367097,552355663,-816741814,-1236709273,1333285054
2,8,2,7,10407,-786711478,1162165556,-46422129,-646880823,1916058061,1168436235
3,8,2,7,10407,-1446729382,1647977902,852959458,1210270107,828820502,-1902876609
4,8,2,7,10407,464603990,743577702,2063233125,-907331953,1922693035,-252292283
5,8,2,7,10407,-621174482,-1947419184,-112261323,-1272604373,-1183785362,1421377490
6,8,2,7,10407,-1053014788,470885771,1053320945,-452336404,-49132364,501649757
7,8,2,7,10407,-1018518108,-1553190317,-751562620,858643122,-925617122,498570900
8,8,2,7,10407,1203399156,-2042735193,-1373937136,-1998820329,-1716723489,-107270308
9,8,2,7,10407,-1708970359,-2129480678,-381840264,2035722770,1985139078,2078526724
10,8,2,7,10407,-687419599,614018485,1994009887,-1676961592,-1496741343,672682141
1,9,2,7,10407,-1002614315,-2145474457,4553287,60443388,746092063,-517712640
2,9,2,7,10407,-956459366,516716960,750175890,626368231,-1929609911,1718236705
3,9,2,7,10407,1339576492,-649565654,-782607452,-444388921,1546082179,544391575
4,9,2,7,10407,-1654731634,1156679061,-1913866621,-1705342193,-2139265209,-367063582
5,9,2,7,10407,878538942,-964703356,2021230525,1846463571,-33544924,1700216927
6,9,2,7,10407,951552228,344379687,435344517,2126868973,1222447262,1959265813
7,9,2,7,10407,-1693497419,-887540569,257524207,-153901509,-254910578,-1742420622
8,9,2,7,10407,-486519310,67912016,1947072938,-2109257054,-1497290213,995030266
9,9,2,7,10407,-1897180444,-380270236,-1524532208,-1177226623,-1723917028,1852475343
10,9,2,7,10407,-667480302,-282860142,1480125472,642200494,1635012942,820341517
1,10,2,7,10407,-2027958270,1839414845,1752836221,1039155434,-1634594542,-1393478157
2,10,2,7,10407,1967051661,-1431903206,-1556165808,2027758175,-1342901710,482268647
3,10,2,7,10407,22046400,1848436238,-333541926,-787062955,-1777224267,1683638454
4,10,2,7,10407,2145401510,-1950007934,715339693,-2141339705,-358645886,-1505876728
5,10,2,7,10407,-236847751,897993128,-1880172155,1396278438,-788274326,1228670586
6,10,2,7,10407,-1758023720,-1334094733,821697548,1580182074,-1449161875,1256328450
7,10,2,7,10407,918813400,2096261000,2142750351,1277036972,193278863,-1181703593
8,10,2,7,10407,-95652126,1425936518,2022962888,1758585599,429018182,-1228482119
9,10,2,7,10407,1304602066,1028836315,-657560241,495722129,980394804,2103340710
10,10,2,7,10407,91651427,-116547907,-232564369,-908802250,-50288023,-1103016006
1,1,3,7,10407,1565194704,400547378,-546478811,674624894,-1506580965,-565737308
2,1,3,7,10407,1341165944,196091399,1845490915,1064509547,-1166826554,1940633571
3,1,3,7,10407,-538909571,-1582707910,657579666,43029774,-83427774,-69785967
4,1,3,7,10407,1160969112,327753611,467838064,137529862,1127823351,203471862
5,1,3,7,10407,1089391705,-171979878,740206470,679949181,-1476180178,-1778503825
6,1,3,7,10407,374612936,572094904,-1951123324,-914998378,-1144168759,624405080
7,1,3,7,10407,-464336666,-1454792869,1773499515,-1438848685,2019774198,587477967
8,1,3,7,10407,-1923455410,-899316045,-1624901554,718666626,-925045804,-1407179466
9,1,3,7,10407,-1185323908,-1430681579,708179449,-1268476577,-1545727155,1940870051
10,1,3,7,10407,281015378,856985847,1347251427,-374074810,-1658294005,-406533579
1,2,3,7,10407,545506270,-659067889,1636042341,1897140476,1860181487,1412706598
2,2,3,7,10407,-517010968,659165,460970840,-274791568,1920486780,-873280426
3,2,3,7,10407,-1023175942,771812726,1869665627,2074356608,-1172510933,-1151988930
4,2,3,7,10407,473023901,-1845629652,-660580636,-865590586,-1528188171,-569234287
5,2,3,7,10407,1803953396,-1174801565,-180000811,-248514191,-1393555578,310885251
6,2,3,7,10407,556833989,1942193840,305940551,-1661141960,-610176777,-1358335633
7,2,3,7,10407,849281945,-1565482721,1633314353,217115233,-2020744476,-955167313
8,2,3,7,10407,-1338319320,468087549,995686496,-402780435,-879022443,-210933950
9,2,3,7,10407,1842045085,446887948,1303860891,1507678447,940222888,-325236798
10,2,3,7,10407,1359653930,-1439781630,526677107,-1215324770,1253155404,1356916794
1,3,3,7,10407,-1018625063,819676065,-360327493,480924670,1858364527,-297732020
2,3,3,7,10407,795480758,1820216676,1948531886,-1324602789,-232007270,-1003423807
3,3,3,7,10407,447150879,-1961723072,1310212208,961605971,-284303401,-1190888766
4,3,3,7,10407,1135953121,1026748806,1042792401,326883143,-1882227974,-1749196657
5,3,3,7,10407,-1435145504,-1784839800,1391850483,1307132003,-362092306,-576437136
6,3,3,7,10407,-733508349,-1922242704,1697736728,-1884467644,-1433387716,32214669
7,3,3,7,10407,-1057049817,1707689259,-623312228,-1906466632,-1637845408,-1241750052
8,3,3,7,10407,1884954375,2138036592,1757653713,-668156212,1260856309,1668318473
9,3,3,7,10407,-671406523,1407328017,536533825,2043046898,2044251514,1822735236
10,3,3,7,10407,1671401994,1575487718,-380117038,1771059701,982244971,1785228048
1,4,3,7,10407,1322073844,-828621137,1859815483,-1586425418,350876049,-532147976
2,4,3,7,10407,543655132,132344659,-534272916,246457499,-355868707,-1379641876
3,4,3,7,10407,-1093469460,-1786565261,-1245359938,-1733189018,53459614,926213626
4,4,3,7,10407,175340391,1885666930,256509194,-333799057,-1131814740,239635342
5,4,3,7,10407,-1955338320,-1008962060,-142352837,-1252526924,282220132,-164538930
6,4,3,7,10407,-1634972006,-575147375,399911420,-657610258,116880063,1220120858
7,4,3,7,10407,-435213810,-688148329,-1496708889,1907162484,910359101,1699431491
8,4,3,7,10407,-907746189,-382870891,829877731,-775072792,713532875,1091229375
9,4,3,7,10407,1447689688,-1482747760,-932925717,-1162740132,-2132958525,-1327849129
10,4,3,7,10407,-451269872,-732933690,1797016429,426547889,-296131234,-695971792
1,5,3,7,10407,-200149361,-2069474771,-1638744533,1309607804,-494996019,1276514272
2,5,3,7,10407,-629561043,-905986540,-558606394,-1825668314,829089589,-1064009397
3,5,3,7,10407,801464740,2124185863,-2007733003,94894367,1806406097,1198128252
4,5,3,7,10407,-1303755124,1036652542,-579232095,222382146,1324075400,1656477132
5,5,3,7,10407,839481262,-1957112537,1466496794,901031423,-518498894,965504539
6,5,3,7,10407,-1954465291,802072713,2131299536,1581159775,-1715203730,381988331
7,5,3,7,10407,132878198,-613318129,1791687704,1249088009,-518358154,-948078740
8,5,3,7,10407,1443929733,825516554,1861925419,-1292917463,1123056874,-286682053
9,5,3,7,10407,-1023850248,-633759202,2019035893,-591480090,1584084748,1097514881
10,5,3,7,10407,261210170,1421703114,2122933717,-1166945085,-1830468062,1434783914
1,6,3,7,10407,1156329063,1832543246,-1693775481,-787952067,1041583485,-2032506153
2,6,3,7,10407,1549818359,-1624020165,-955489773,1125866296,1952118107,1826733597
3,6,3,7,10407,750762218,2052798819,668334387,180486085,-16462373,1643930445
4,6,3,7,10407,235000125,49951176,-754968259,-195449105,2127017567,-787228541
5,6,3,7,10407,739772179,-841283689,1457453075,938778120,1384204701,483978729
6,6,3,7,10407,702473922,898631440,1308647198,-1444111460,-101353804,-662165039
7,6,3,7,10407,1963511279,-1655382548,-311609084,-779756856,-756706853,1749306590
8,6,3,7,10407,-1571592260,-2048768266,1031384643,1075070203,1282795875,-1324855766
9,6,3,7,10407,-1399459982,593654873,-1451968641,-1335647084,-1789157590,-1646719400
10,6,3,7,10407,-262726280,1234229197,-1669269380,-2090580226,-1049524760,230584982
1,7,3,7,10407,-1140153034,1465805115,281912678,1391026534,-354817978,-383476454
2,7,3,7,10407,1452724574,2103822672,-1697847977,-414526416,973290948,200537127
3,7,3,7,10407,-421253701,-86213174,1412494955,-516570322,-2000050039,2144735824
4,7,3,7,10407,-955907503,-2052918586,-57889030,-1245585092,49700817,-2005327360
5,7,3,7,10407,480922693,582716224,-383888671,-159011462,868753980,-518808647
6,7,3,7,10407,644928122,848574838,118597315,-919945816,-1901234700,-1363550556
7,7,3,7,10407,20208946,85251270,458502313,-1825623570,335536157,1062586117
8,7,3,7,10407,2121412030,-420095695,78080359,-2065257791,-1285308316,1326052119
9,7,3,7,10407,1103365371,-1006382735,-2127017637,-1109148741,880603324,-775314000
10,7,3,7,10407,1321320590,1758422661,-403152997,-384547260,-783836909,1550323643
1,8,3,7,10407,869803420,971691900,71967224,2105525691,-469891115,617147150
2,8,3,7,10407,-1686988571,1201110539,758424933,-422183641,1776894732,-83139481
3,8,3,7,10407,1045915524,9432863,2050401316,1955431589,-1591757394,975223540
4,8,3,7,10407,-2069525711,831440686,-701535342,-1799905060,1078767191,-613564794
5,8,3,7,10407,1186484603,-1557563734,1962693632,1607958880,1795948908,500779475
6,8,3,7,10407,-1315645968,-1805278482,1744927647,1600884310,1770522708,1189521278
7,8,3,7,10407,3134415,437817106,-124149378,1108931711,-1132614508,1993072162
8,8,3,7,10407,1892006118,-1404912915,111389990,-1482847268,-11965004,-450884799
9,8,3,7,10407,-500641253,538402102,-1118097131,480287230,-803587173,-335164006
10,8,3,7,10407,57506660,-1390764914,-880450168,-1956869905,168047139,884177777
1,9,3,7,10407,-1993089005,-1402858627,489666972,368308857,298126323,988484038
2,9,3,7,10407,-308625080,-1209417222,-1547413414,-1715127046,1214794512,680612722
3,9,3,7,10407,-1919761946,799381448,552965369,1250685029,1113537638,696177758
4,9,3,7,10407,-1177441394,1966153533,1907758286,-2106146634,1960643424,1585907841
5,9,3,7,10407,288634688,-1910637996,1385482201,1544223025,-946193280,1998078804
6,9,3,7,10407,-1205665770,1564300770,293647315,882051150,-1541862443,-986896989
7,9,3,7,10407,-336237559,1745328902,65938608,-589103814,250101417,549388701
8,9,3,7,10407,1155651717,1582238253,626886968,-1371098979,1033626199,1928263556
9,9,3,7,10407,-165850818,826741446,764200592,1231853985,-313002875,766244319
10,9,3,7,10407,-1057647894,-1493386753,1564095605,1609958740,38568694,1454826488
1,10,3,7,10407,1765660434,58924268,-1880240866,-2011383546,-585760528,-1412667452
2,10,3,7,10407,622856358,59051773,330768863,1185282836,-1521190276,195445849
3,10,3,7,10407,-1545130992,-1332774108,2093962969,-1735078366,1829766633,225849801
4,10,3,7,10407,1942382546,2097841317,382516870,2093734777,-2044722862,-410333223
5,10,3,7,10407,-1278822907,-65098205,1572764531,-1061664673,959495608,1695078598
6,10,3,7,10407,806865146,517889780,751517109,-646796402,-1721090709,1458896023
7,10,3,7,10407,-1558722918,1778139676,486733819,-101601895,287905937,-810266923
8,10,3,7,10407,-1415496204,2066041010,1445240372,510888730,2096241460,326470202
9,10,3,7,10407,1337613274,-979683282,638973658,1956000938,2134452696,-2123226802
10,10,3,7,10407,-649303054,190968753,1247813111,-829434399,-477358120,-1515454695
1,1,4,7,10407,-2040755260,-678029569,-830671789,470344551,1971957280,-1880742119
2,1,4,7,10407,-603209423,-1113466687,-493850829,765478128,-109319885,-1162791889
3,1,4,7,10407,2091133186,-970801356,653574912,-468523994,1757805637,108811979
4,1,4,7,10407,-162358138,1200264889,-851410707,-808981579,-1723376657,607771401
5,1,4,7,10407,-1662552322,266771887,624545043,-2096302182,1263458355,1312691904
6,1,4,7,10407,1397923587,-302863595,907096559,-59863300,1612240193,-483101125
7,1,4,7,10407,-1124936135,1644021329,-1969294766,781757466,240671435,501600164
8,1,4,7,10407,-2003897556,1061848798,-1465247116,1242488345,-810364574,-337593860
9,1,4,7,10407,1193741820,-1260360615,2072788114,867909621,-543062532,-182738147
10,1,4,7,10407,2002695015,872389590,-2066200193,1898141841,135060410,1895663509
1,2,4,7,10407,-1856873354,-1335011446,81274269,927333379,-41690938,1073198246
2,2,4,7,10407,-649950392,-1796931111,827787629,2007743293,1017059829,775858894
3,2,4,7,10407,784872216,629935286,-1643743976,105360875,-715227044,-890001692
4,2,4,7,10407,-1980557694,-1987888498,-1224436802,-1090037086,1066167150,-640220321
5,2,4,7,10407,681031608,-1975091983,1836171576,-1938150087,-1835462497,1952152438
6,2,4,7,10407,1073621609,1821422375,-1846114102,-1154544421,1681665564,1559864371
7,2,4,7,10407,-86789044,333255945,1105522588,961013198,1939029680,1826922804
8,2,4,7,10407,-359542601,-1103577318,1620375037,1859543277,-1459280611,639178441
9,2,4,7,10407,-159513931,-1685589035,-1855916895,-18984629,991695365,1237159909
10,2,4,7,10407,740646742,123304103,-983297770,684751290,-514454811,-2144626657
1,3,4,7,10407,1535556404,624358154,251929539,-1349606888,-1474860431,1115156972
2,3,4,7,10407,-2049381394,1220824182,-376565014,-1154460334,-1961923823,-1481534560
3,3,4,7,10407,1281313132,-2049284958,1964793327,1830432114,105201884,152859501
4,3,4,7,10407,2121786197,530004557,-1149200717,1783648134,-215898,-311393452
5,3,4,7,10407,1757673653,-1766119031,-1175425726,-1532835781,-1382433237,-2109721356
6,3,4,7,10407,346060444,1991135120,1379907881,589704929,1626367108,-1404703357
7,3,4,7,10407,-712117485,1501295287,1325180091,-1591487257,142424745,188725305
8,3,4,7,10407,108831354,-1055121450,222108036,-1198678633,-1526614634,-1732297636
9,3,4,7,10407,401009485,-1013262514,-735085070,-1176285185,1798407834,-293194626
10,3,4,7,10407,842109871,-2035980069,-1922612356,-1910638051,-202651939,520054021
1,4,4,7,10407,-228052081,373860552,1482839826,1090733417,-578736231,30927713
2,4,4,7,10407,2003309838,-407675274,393452322,-1013845474,-1152328385,-908828505
3,4,4,7,10407,-964532299,1094252341,29794775,-1415646948,440210867,-1770840349
4,4,4,7,10407,1398451239,-277039358,1378782951,-2006303114,-700450954,-907564506
5,4,4,7,10407,-1525461047,1420979279,1538111968,-2141730006,1965539982,1907328725
6,4,4,7,10407,-1273072566,831537964,1485586544,1290610514,934375104,-1559374580
7,4,4,7,10407,848457429,-1387948869,-986693976,-1963791498,1017666039,1576167032
8,4,4,7,10407,1794967059,954311082,-1790694140,-8401782,1208728570,761613547
9,4,4,7,10407,593918442,-755752136,-1374941765,-491419757,-1368549242,1578030329
10,4,4,7,10407,1140088300,-2016347527,1859303119,-1105213252,-1853553698,330479337
1,5,4,7,10407,-1577564794,-208794918,1191076759,-596712399,-1871295848,-81972472
2,5,4,7,10407,-1796898750,1455320710,710203111,-319648409,1348869364,421584972
3,5,4,7,10407,2039599895,-1952501896,2132317232,53121033,-112944110,1486916107
4,5,4,7,10407,-368340928,130117504,173632244,848031241,1648308289,-1866350415
5,5,4,7,10407,-2022542238,-1500386367,-621014333,-684899244,-1722615870,991037126
6,5,4,7,10407,-2078873076,1132091116,174098412,-1455128033,1251243127,1179743567
7,5,4,7,10407,1057750586,46302933,-925529849,997120462,-117342609,-1567389849
8,5,4,7,10407,-1905843260,532684938,613010642,-1664736481,-1669047266,-1699443295
9,5,4,7,10407,-83010079,1865753211,-868068203,800424030,-539450367,-1472182225
10,5,4,7,10407,310659462,-1041532628,-1096557462,771067901,1591981529,-1067618241
1,6,4,7,10407,-308337162,774185813,2064178018,-1934563374,-1309735768,-269014767
2,6,4,7,10407,-157351315,421561046,-708471723,-1838082189,-1672990066,-1171428365
3,6,4,7,10407,74165188,-1500238799,-2135403984,-1629209189,1608390060,-1205901677
4,6,4,7,10407,916416247,567703314,-1340399902,-465139027,-1516090548,-714261821
5,6,4,7,10407,762484971,-148669894,-260236519,331216218,-1403127846,-493386969
6,6,4,7,10407,1275836265,1596030342,307172328,1174032340,-1726188571,1706378945
7,6,4,7,10407,1126814806,1845935307,1511569721,237638985,1320988821,1106965200
8,6,4,7,10407,663398223,1100548519,433295625,180022900,524404941,-2134657402
9,6,4,7,10407,963617878,1048387040,-90141586,-712741438,-374892341,1597382501
10,6,4,7,10407,132564789,-1016828516,1046773119,-1423598001,-368693776,-657255107
1,7,4,7,10407,-1911409037,1851313508,-391806741,201043969,-426593495,-1453432788
2,7,4,7,10407,405622039,123735967,-556661335,-225544825,1617713214,932303692
3,7,4,7,10407,1160194648,1812303237,-906802992,2055825605,112313913,-780342202
4,7,4,7,10407,-92662657,1343804012,-494896189,-58463996,1863567160,-419913845
5,7,4,7,10407,-790303880,-1019459373,1208100929,-1614964846,1206569453,-1455385154
6,7,4,7,10407,-1879985819,1274558645,-1294685198,254884086,1536347677,-1675965308
7,7,4,7,10407,638312655,-1808871967,787125497,1951471971,-1657067167,-1510958803
8,7,4,7,10407,664474095,213480587,2013754826,-296693989,-134516538,-1100733149
9,7,4,7,10407,-1097591007,873101932,-209331697,-1731006970,-159744778,312064628
10,7,4,7,10407,-656697922,-916172114,-28675880,1447077849,-1572744305,1543406013
1,8,4,7,10407,-646807745,2085650196,-162133636,-593481484,1622674530,335706881
2,8,4,7,10407,-1994519595,-1283273755,2009044338,2031123860,45743527,-1597252608
3,8,4,7,10407,-978654195,-1237348832,-2096363092,836656880,-1758505715,-1595139977
4,8,4,7,10407,-716622244,365528439,135184928,-1112655780,-193500591,-1843174796
5,8,4,7,10407,1795612170,1276388242,805033626,984972478,-909105764,1823156917
6,8,4,7,10407,-830734842,2009601227,-2111607681,-1932300759,-312474912,2106047989
7,8,4,7,10407,1622769626,698958248,1682350199,-1359040144,-1742098455,201622853
8,8,4,7,10407,-1245903975,161410134,-190064413,-1891803718,76137754,-491532927
9,8,4,7,10407,280251770,-654582122,-2024027478,2061542062,-1603980519,612370516
10,8,4,7,10407,100697492,-1113835907,493877927,-1366129937,2120528605,623358585
1,9,4,7,10407,586788368,-1233396881,953527466,-324986498,-735612226,-1660329032
2,9,4,7,10407,37213337,-1021236254,1488620921,-1519651933,1255186070,-436246957
3,9,4,7,10407,-678484141,1281274315,1213374598,-1643415521,-326650612,1760955703
4,9,4,7,10407,686895675,-1141004323,-407853124,1924261746,-1449160467,-874449944
5,9,4,7,10407,-257596600,-927196905,1175112848,1415340881,-411043328,2104439372
6,9,4,7,10407,35024850,-105429343,1892494849,747911047,-1178133510,525167957
7,9,4,7,10407,-581613757,-1236083154,1098104911,447224616,-1653589428,923164764
8,9,4,7,10407,-188446057,285967691,-1929249479,-313461908,544475409,-1026686408
9,9,4,7,10407,-548094428,419597635,772088160,1262369247,1071748516,-1380871772
10,9,4,7,10407,2011188473,-1496804430,-1762616468,-435359923,1476133514,-669485127
1,10,4,7,10407,-2014119618,1467471217,1476983355,-1413524818,929518374,1657636084
2,10,4,7,10407,787190666,591167900,1149687866,661977992,-1404066417,-1258196670
3,10,4,7,10407,905650757,1865755878,1558661352,-1242120372,-1107509592,604006879
4,10,4,7,10407,-1991447778,787949341,-1741178033,636783387,1561283259,-1858605240
5,10,4,7,10407,-1889491830,-1425541840,-833274829,-1393261013,1312734741,-1485236448
6,10,4,7,10407,916019120,-286132091,957255164,316927676,1097817195,-2108851277
7,10,4,7,10407,1126242541,902491671,417934296,1945502597,1661690900,-630494405
8,10,4,7,10407,-1739467287,518934887,782206891,628631775,-1317506612,-221782987
9,10,4,7,10407,-771212249,-1856449423,-109488274,-1585824679,1554320073,1360937308
10,10,4,7,10407,1251439973,1457684062,1346875702,469855403,-454463755,-994199048
1,1,5,7,10407,1265222827,922119461,728560995,-51945500,-1727942038,1624627665
2,1,5,7,10407,-2031888686,-1649628660,1228545862,498169995,709739537,-1341432253
3,1,5,7,10407,2019137381,1547515418,694324478,2100602250,1344236063,-1167142339
4,1,5,7,10407,809362992,712563482,1733367222,-1804363802,-192000283,1497871246
5,1,5,7,10407,-1990404414,-727212217,181295482,-492590655,-256177870,1342273758
6,1,5,7,10407,1939385364,444630663,-187389039,-236935717,-2059802660,1941230905
7,1,5,7,10407,2072505586,-1606036669,-1038609424,-1071267502,-1922238947,-1899958390
8,1,5,7,10407,-163956183,-1537822612,1668058772,882706960,-885376822,-1800910456
9,1,5,7,10407,82639643,649560065,963613267,-1513849535,1765503248,-1414170585
10,1,5,7,10407,447579691,1789711637,237909346,-1568973032,93011560,-320849099
1,2,5,7,10407,105574886,1723472224,-422511515,495358241,2106034622,-343905842
2,2,5,7,10407,-1197957140,-899610744,-1183279945,855351461,213405046,1396180479
3,2,5,7,10407,-38559197,-280599354,462349534,1564669269,-1510312493,957187962
4,2,5,7,10407,-1056294929,1999335161,200977664,1563415921,-1538978,-231032149
5,2,5,7,10407,-172854852,314706557,887732731,307544838,-1639618312,1254236710
6,2,5,7,10407,-41956484,1987449952,1495446961,780042511,272476574,-1266410371
7,2,5,7,10407,1532060076,1991690442,-945349532,1735616177,-687939219,-492155390
8,2,5,7,10407,664380220,1318664333,-1747854267,-1430216013,-1509713788,-1485914910
9,2,5,7,10407,-1395098139,1392522213,-1723522939,-630281972,431018018,1982724785
10,2,5,7,10407,-1227379289,782437395,1020438425,1186984288,-997765935,1550458969
1,3,5,7,10407,-1184658405,1678921781,-306300475,1349496147,1025569048,1640800229
2,3,5,7,10407,1388749597,-1326421003,-477582040,693213740,2085079475,561595941
3,3,5,7,10407,1793612802,324720217,-1870937777,-132318096,716307200,-133645638
4,3,5,7,10407,-230117127,2075635428,617268476,-1879285653,-857054751,-692094620
5,3,5,7,10407,-696970140,-2024978609,-1723557198,-1408611982,1332672472,1108533772
6,3,5,7,10407,180489877,-150166258,2050249835,1945396528,-326919154,-2100409270
7,3,5,7,10407,-152009869,1573327093,-802511305,-1526329820,-1376051386,-837158885
8,3,5,7,10407,1596265090,-413293466,-1163992866,1590614101,1297728051,-577537342
9,3,5,7,10407,1566017873,255981350,-1620896555,500200094,-1272304367,-1252627804
10,3,5,7,10407,408855355,-1599225485,-954292269,951436974,453474272,-1412737862
1,4,5,7,10407,1435021805,1406570378,-146533545,-369162903,-1435094908,238491389
2,4,5,7,10407,1615381239,-744447065,-1922440703,164693080,-1143069989,29949627
3,4,5,7,10407,1235147815,2126608742,1855386494,1682752866,574290281,282980684
4,4,5,7,10407,1481527714,1666031062,-2010811403,-1326853951,1445387860,-122068563
5,4,5,7,10407,-212808892,-1836569542,659358947,-33204485,846976707,-317869244
6,4,5,7,10407,942372011,1959384503,954226376,575167821,1456110798,-1081456743
7,4,5,7,10407,507315545,-812227376,1391232613,-2082789280,-601084836,-891281875
8,4,5,7,10407,1651405861,-1660293779,-2021620029,-1458225161,322703911,810363213
9,4,5,7,10407,1083376119,536080898,-975493474,-1381797285,1328401433,-1325007298
10,4,5,7,10407,-1913339998,-644579876,-1744745701,-1732550169,-1821677687,-126619819
1,5,5,7,10407,-318640355,1523513415,910590551,-1523458475,469687874,828227924
2,5,5,7,10407,716228643,-32916045,-373238031,1757144202,-526540444,2075280012
3,5,5,7,10407,614507257,49608176,1802265023,330024802,-498676820,-558294186
4,5,5,7,10407,1808969224,-1379932150,-679973540,1130652285,-1217862000,675583958
5,5,5,7,10407,-50130597,-1263738155,411604624,-2091241396,-855643679,-430249618
6,5,5,7,10407,-754911963,1152982776,74354476,-1528056296,305044201,1722315830
7,5,5,7,10407,1292092125,-1871336784,-898956298,832777896,-602720109,1321322905
8,5,5,7,10407,1921492036,1896123562,-938840924,1213177621,2122130988,-1780659274
9,5,5,7,10407,-1356277130,790827765,1905344996,1217373377,-1460507,-1086462916
10,5,5,7,10407,1666966352,2053124896,-1334514305,1402552432,1212401528,-1704599368
1,6,5,7,10407,663800194,1274861697,1678167962,1681852116,-1177993256,787880234
2,6,5,7,10407,-1333345636,-998064381,-1543875544,135528545,1811549616,1589019802
3,6,5,7,10407,502790898,-1696275270,-466284971,-1141386665,-1791133353,880705916
4,6,5,7,10407,-1500750801,-1221466178,-1107262137,-1866483610,-1641572795,1549244921
5,6,5,7,10407,-585994384,-1976846539,-1477252155,-259642776,1965462023,1398831648
6,6,5,7,10407,1440731572,-1919682647,-681994529,-1201904605,-1269326805,-432384350
7,6,5,7,10407,1576188125,-927963609,-828590762,485073352,343646428,-1575047765
8,6,5,7,10407,1211088207,1070377545,566644218,5843109,451994623,519063570
9,6,5,7,10407,70714388,949312254,1050497728,-171368332,-2032597204,2094149955
10,6,5,7,10407,679755370,224852718,1579194609,1787786982,-856281816,-581100384
1,7,5,7,10407,-703129832,916156733,934883953,-612816929,1151296994,-1953118951
2,7,5,7,10407,-1726403971,849964070,835303722,461497956,1293322027,705626301
3,7,5,7,10407,-1763486151,-1497585016,869650959,-1930009657,-544188304,-637210832
4,7,5,7,10407,439371902,-272723263,-1299300005,528287789,-1769357515,-421354230
5,7,5,7,10407,1763761016,29939894,1735288764,1915095556,-893545648,128634175
6,7,5,7,10407,1416845957,1011678104,1113278012,197058913,-271721928,-469973377
7,7,5,7,10407,2063781912,-1027789132,1075208665,1814091595,100590203,-647921389
8,7,5,7,10407,-901154365,-966363813,1020793397,1046614727,-1619376432,308233263
9,7,5,7,10407,796130921,-78071855,1304127402,2029492547,267870186,1528056309
10,7,5,7,10407,1200907033,-1590290941,-748729130,-1375070573,2005326950,2038388670
1,8,5,7,10407,-1773956142,-1637531241,-1534344368,-87748781,-522174489,-588050324
2,8,5,7,10407,-944929711,-928137204,-1962557008,-105668151,1060025624,-1515357340
3,8,5,7,10407,-629508428,1323484982,520863090,-1196494353,-1986157273,-282694348
4,8,5,7,10407,-1985930151,-1066345204,-502855854,-1469421408,2146934143,-992608811
5,8,5,7,10407,-1136668008,520306605,742902191,1906063191,1080995995,-320301844
6,8,5,7,10407,-370581904,-1069875848,286379590,-74388742,1513432377,-1169993035
7,8,5,7,10407,503279427,-1046763431,-814778769,517700196,1003182022,-175998905
8,8,5,7,10407,74894146,1513138597,-1864113540,-1192390516,763509560,509921282
9,8,5,7,10407,-1440950429,1269123918,-1988061186,591615039,-1546796728,289333241
10,8,5,7,10407,1764577488,-1060157595,-700924106,-727153234,1836099913,-555516701
1,9,5,7,10407,-1717239425,870202036,549542066,1591456147,784807711,237747331
2,9,5,7,10407,-368050302,-1363575704,-645135186,1425119897,-1549504061,-651594538
3,9,5,7,10407,-876634714,1102078043,525466148,42293532,305201557,-879079620
4,9,5,7,10407,-637263402,-112442548,-686220823,884216024,269696913,1668088106
5,9,5,7,10407,-1867304438,1179170568,-102513324,1439875837,-805787504,474685898
6,9,5,7,10407,1422609922,-2022645030,1269800186,1818528760,-1080248935,1477109477
7,9,5,7,10407,-716516329,-1123677631,921210259,-1362403647,-2041008071,-344472467
8,9,5,7,10407,1670572363,1673683461,753004488,-1789311783,-368909060,-696885864
9,9,5,7,10407,533973053,-2025416923,406014541,572296068,-2050297727,-491646943
10,9,5,7,10407,-1046590847,1698275138,-1747693292,611339643,921905530,-1837959331
1,10,5,7,10407,90144102,-418611747,788902232,-99721870,265382264,-1903328866
2,10,5,7,10407,1167165939,-1114974913,1321991966,-890755481,669419709,-24896132
3,10,5,7,10407,-1399809670,37440894,-1995654938,-1883488598,482454479,735715110
4,10,5,7,10407,1291089681,-1405911434,-1017226982,107082750,925005373,-1748672169
5,10,5,7,10407,-516693194,542978650,752538928,649650352,956362024,-8723082
6,10,5,7,10407,858980166,1727683490,1919025500,-1316627478,1237483771,1741866793
7,10,5,7,10407,-2102731267,-219861718,943637745,571636617,382427149,-1388873882
8,10,5,7,10407,483306282,1194637541,-1101442107,325953973,1654395048,888097641
9,10,5,7,10407,1308139484,-1504874343,342713942,-1824033954,911756694,1078578903
10,10,5,7,10407,193068612,1131307367,1322414437,-1580084897,1555735774,342793765
1,1,0,8,10407,1406385306,-1869716302,1425595413,-374022912,1941266225,573958922
2,1,0,8,10407,125599057,838347864,1774851826,-465316157,873114984,405167586
3,1,0,8,10407,-329925129,826059995,1109429453,-1714620421,-2088223581,-244625561
4,1,0,8,10407,182336491,-2002065947,-619482180,197217327,1738032496,-466453239
5,1,0,8,10407,-374955437,-792763061,679645182,1849590905,-191094183,1317912876
6,1,0,8,10407,-1693799770,391542922,902698885,1561680241,1047082076,-1572577309
7,1,0,8,10407,2068366861,147165459,-329086235,-1565107767,-2132162852,403459127
8,1,0,8,10407,1973771568,1390278439,-359908190,-262051711,-1030034905,-1324908820
9,1,0,8,10407,1842317267,1339842602,-205753085,690855179,1153332195,1721528421
10,1,0,8,10407,-604884686,-1357415577,1100265970,-1679605425,1854653283,-1407288341
1,2,0,8,10407,1879867603,-1711101035,-1600256408,78688231,517577460,-1099876640
2,2,0,8,10407,1021488508,728821550,-1259161084,117569218,1596747392,-1842545231
3,2,0,8,10407,-22369043,-1911697468,473402011,1330509731,1012314380,-679464017
4,2,0,8,10407,-518674970,361255476,-1198470467,1855303936,-1114309618,-1663015616
5,2,0,8,10407,-2033122267,90738998,-1158562512,-1756198627,-1563770604,-1065700795
6,2,0,8,10407,376152534,-2098422160,265239738,1810808610,-569316546,1713442001
7,2,0,8,10407,-1622171071,1526138227,-1453428647,1540325654,-1900625804,-1435854924
8,2,0,8,10407,1980428307,127075472,932838224,-2143892826,457644944,1548833902
9,2,0,8,10407,1472927052,-915674904,-776694833,-1996793429,-1829013545,-1464707565
10,2,0,8,10407,-1219843296,-1715605670,1005752327,-1743898061,730556448,301276954
1,3,0,8,10407,164046892,2012197878,-164109602,-283871527,-1560188156,597380745
2,3,0,8,10407,455450491,-1818461408,1645866432,682397250,1818748222,-109513340
3,3,0,8,10407,-728364057,1089883041,-1392782367,-341494188,1588486252,1232398601
4,3,0,8,10407,-301551959,809357170,-1075220863,-435603127,1269757347,2059631742
5,3,0,8,10407,1939884938,929341074,-1926186246,-1991016169,-1217640609,1836030399
6,3,0,8,10407,1323833804,756498189,-672346927,-2120535008,1915404888,-1011598890
7,3,0,8,10407,803229099,-1751049760,-1787534686,-737929577,-1300442307,750143428
8,3,0,8,10407,1498482445,1843744327,1183616113,-1435430672,2105344103,1370529993
9,3,0,8,10407,-1463191217,-1794067178,-907879141,-2028349545,393188066,1374100171
10,3,0,8,10407,352115998,1336081073,-1502069699,2079702730,-753084698,-1517515158
1,4,0,8,10407,1933203927,351527323,-967165490,549348748,913315550,1941937320
2,4,0,8,10407,-1078447835,242157692,853622940,1175678362,1841847683,-644708457
3,4,0,8,10407,1982073821,-237740373,-1639739260,593057804,2120209499,1990481407
4,4,0,8,10407,278799243,-1074094234,-491581335,-1601837921,-1695523204,235429470
5,4,0,8,10407,1386071436,-30570202,-72454441,-2136889202,-1703819723,-1726131160
6,4,0,8,10407,271093942,1697455763,-1689317397,340588846,-623777111,-1892936642
7,4,0,8,10407,710359100,-1671306567,-327746291,-2032868345,-996299951,-610034159
8,4,0,8,10407,1161774246,-1901034401,844764882,-793109736,-2133987332,33280082
9,4,0,8,10407,-625594108,1503018896,958627250,-58703771,1820315491,672786797
10,4,0,8,10407,294104387,-778970136,1166818312,242378774,467128746,-1490990591
1,5,0,8,10407,-1759580925,1976325794,2023832598,1273014030,1762190283,562989367
2,5,0,8,10407,-673065828,-1387805462,-1328311168,-1471592512,744299933,-980184992
3,5,0,8,10407,1890126928,706904686,1316246092,-1707153174,-818253347,-928352000
4,5,0,8,10407,613832155,-479221816,1008990780,-1045219604,725271787,-2086263326
5,5,0,8,10407,-796068556,1150324960,1731069055,1555809585,1595861567,1669574767
6,5,0,8,10407,-1150206553,-1925009126,679044810,-896426986,1964306531,-1457120787
7,5,0,8,10407,-805406279,1659545393,185417549,-33627438,1049891303,1348958945
8,5,0,8,10407,1661891719,1376526923,1024423577,-1929066807,-1795539474,1099842429
9,5,0,8,10407,-2136206051,-1751943203,956895803,-1892510091,1547029857,1801546195
10,5,0,8,10407,2096952863,-2010986314,686477146,-1644030521,-1517970845,2136588690
1,6,0,8,10407,1625384875,-263185569,1874961984,-1430258044,1942455146,-781504250
2,6,0,8,10407,-1178492753,-1378397408,1710809645,-2077664711,456446475,-2022494784
3,6,0,8,10407,-872900910,-1803050181,-1145693138,-1656343872,692402012,-1231786269
4,6,0,8,10407,1256067334,335888698,1301477812,-1019458955,-295512164,1511739852
5,6,0,8,10407,1549194819,379694666,553004794,52488337,-2090377585,737048838
6,6,0,8,10407,-253981027,-1288361806,-1218760254,-1188898260,984122091,-1952708695
7,6,0,8,10407,-1305238074,-1306187756,-1256737779,-1908203386,1637963777,945641839
8,6,0,8,10407,-1288812514,213213065,2135637623,-1185835383,-2137679068,292593823
9,6,0,8,10407,1177233125,729832112,-239069125,2015645617,-469274726,-1811453684
10,6,0,8,10407,1866832574,-991354453,-1136714879,782606203,1910591617,-1218769096
1,7,0,8,10407,-830821885,2024214928,1972856535,1795584915,1699994969,-618642230
2,7,0,8,10407,875492209,738906715,910733762,1994448529,-2094207082,1617963814
3,7,0,8,10407,1059687617,1291749206,-601696380,-1642181810,1459861723,393993929
4,7,0,8,10407,-1518734671,-1648161731,648970800,-1728725862,-34715396,-1543781943
5,7,0,8,10407,1007989226,999430,898090476,-1996758849,1512464397,-551842443
6,7,0,8,10407,1235295948,122577746,-1973950454,-599311949,837449857,241035429
7,7,0,8,10407,935147508,-371622319,485608652,-1170566134,1007691235,2035224572
8,7,0,8,10407,-2121333094,-42839402,-394177971,-1808569623,1704234228,909226505
9,7,0,8,10407,69720130,921697809,-1342297052,1926821807,-1321683302,-97158741
10,7,0,8,10407,1120289765,-40208930,2113272090,-937365847,-1353991388,154686539
1,8,0,8,10407,1999460540,1484946040,-610730601,173243155,2121710102,-1656993160
2,8,0,8,10407,-1057263264,-609886002,626556899,-147156848,-734725809,1905888645
3,8,0,8,10407,-1310882688,1232699817,-540532368,635856403,636963750,-334485231
4,8,0,8,10407,1496384574,1061793208,-1557575691,977489638,275945621,-1285462449
5,8,0,8,10407,1370654888,17636308,96110418,1699092243,362532692,1595813153
6,8,0,8,10407,-1795859401,2142362634,-1415710721,1482598568,-240732384,-1556879754
7,8,0,8,10407,-1724762761,-2124916077,-1309718448,1082048789,-1296562649,1834970979
8,8,0,8,10407,899509312,-648513664,1086797962,-1349731064,-1476713887,-154817264
9,8,0,8,10407,-8510656,1056588879,581624313,-1920629790,-772951854,-1112767546
10,8,0,8,10407,425536475,366881124,764161238,-2001284695,-739886986,825954367
1,9,0,8,10407,1448303464,1268111282,-723679967,-1131723535,-243450462,-1650646385
2,9,0,8,10407,594486894,191656072,1164568527,-614085681,2099700442,616263224
3,9,0,8,10407,-1234888072,-161298463,321705737,-1396768428,1246051911,981684738
4,9,0,8,10407,797087192,-1727702296,-1688985747,239354042,1329972772,387620135
5,9,0,8,10407,428013506,-1215527883,-1742793339,-1996445862,-53984629,-106081126
6,9,0,8,10407,484017004,-6255481,-1759233374,-725082418,-775001961,320660585
7,9,0,8,10407,1229378434,708429228,-1864512587,1138482232,1623964636,-1289937226
8,9,0,8,10407,2107410910,382793510,-1155633144,-1920355558,-1097928278,273148649
9,9,0,8,10407,-1811502221,355474551,-1397567758,259114239,-733588318,2129722243
10,9,0,8,10407,1587421569,1671667761,-1943102465,631657385,398723509,-1369165486
1,10,0,8,10407,-735097618,1430431034,-1374454725,2110921130,212709176,-55414476
2,10,0,8,10407,852482137,-1436806806,-1868420271,-729030333,-2072555510,114259216
3,10,0,8,10407,1394256311,1846150970,287510362,-552627768,-568730650,822844822
4,10,0,8,10407,1610937898,-500422606,985062813,-225468133,-851583247,1218031847
5,10,0,8,10407,-1716985469,1734784912,1098799801,102989077,-677978439,-646623648
6,10,0,8,10407,-169062426,993659348,1896157304,1854758580,1465457899,1560240487
7,10,0,8,10407,-1950405483,1809924406,-2101662717,1637150124,-992393215,1888257613
8,10,0,8,10407,154531500,-1666064954,592422532,-1178859194,-914804177,1412847738
9,10,0,8,10407,-1063052535,-662905604,223794578,-749622048,-909445627,-1873550162
10,10,0,8,10407,224934825,-1594040378,-1456156004,590963623,948453453,1865146715
1,1,1,8,10407,-127665635,2025970916,-83200813,-1473470051,1961930966,1979436639
2,1,1,8,10407,-1617192832,-1605798029,733635474,-1215585,-1935346589,846747737
3,1,1,8,10407,-748802886,-1511643391,1797295641,-837425679,615401450,596449619
4,1,1,8,10407,1879007757,-1335946338,17043839,580696704,-859810057,875377954
5,1,1,8,10407,-913190309,645892401,2021406905,378092972,-614462224,346874566
6,1,1,8,10407,-503899130,2033835494,-953805689,-824185405,-893002066,-1979111317
7,1,1,8,10407,902056986,641930402,-729157326,1137218972,241237246,-579654503
8,1,1,8,10407,-1357366547,905630266,629342720,906646683,864463823,-1127815134
9,1,1,8,10407,837172300,657459287,-899917562,349499973,-1776366828,2039848278
10,1,1,8,10407,-1213279356,1284719083,398399249,478223502,1477284056,2099002733
1,2,1,8,10407,562696750,-589397884,45266674,22537937,2032014546,163602366
2,2,1,8,10407,130617922,1624327609,-656547188,-1147189434,603042692,1809455817
3,2,1,8,10407,-857979801,-641221373,448949555,-1350484594,-1837336885,-750412692
4,2,1,8,10407,-378664136,-1020602674,-1707754840,1396471939,-1245053419,1264428136
5,2,1,8,10407,-1005778257,-2038451059,-1511048965,70423391,2112266574,29894780
6,2,1,8,10407,1573327032,-1401827000,-658249072,1852547152,-1401079166,1637002524
7,2,1,8,10407,-1913862381,-1210043440,-444377386,41776691,753710325,1161235075
8,2,1,8,10407,1489331055,1144643442,499712398,-326892585,-1345873142,-1730368673
9,2,1,8,10407,-303373442,-575443005,-287491457,-2112675580,1366333070,-640722182
10,2,1,8,10407,1080957736,2065680526,-1668947836,869910184,1382305917,-2061349874
1,3,1,8,10407,-2023990073,-1590937739,-1411563406,1638800267,1884674105,-1014354883
2,3,1,8,10407,1702968210,-921342107,-1991599288,744970749,1799925824,-372998446
3,3,1,8,10407,-359968994,-1859490988,1589960556,23271629,-1688696554,-893910613
4,3,1,8,10407,-1517245942,-468447776,-467872314,-700684371,-1486205396,1713696545
5,3,1,8,10407,1109637926,495496703,-33449481,555705117,-1318932786,1065787745
6,3,1,8,10407,1831125028,183900312,2065651908,-91695732,-1134195771,-1215563663
7,3,1,8,10407,733124602,-332635525,1941867735,724503686,-1619189857,-630014586
8,3,1,8,10407,-1891277942,-664524426,55463230,-1677844002,-717875750,-75349461
9,3,1,8,10407,1771898765,1291655183,-1779083514,-767072389,-24039814,972003930
10,3,1,8,10407,1917640209,-758470884,538845320,-1258104782,2069207906,-911447302
1,4,1,8,10407,869911565,2145927838,-129259708,-1856420508,906702387,-1901312245
2,4,1,8,10407,-638163787,115161858,-1408702409,-1180673394,432426927,-137499687
3,4,1,8,10407,-448479684,209498230,-899466360,-685174270,-512173615,1368411170
4,4,1,8,10407,1445057903,1069289478,1152767978,349936548,-533017849,1021774729
5,4,1,8,10407,-2062680561,-1644038824,-711060373,859293576,1396364966,-2098354150
6,4,1,8,10407,841832621,124525191,1571361742,-282947465,-2029981148,1137430388
7,4,1,8,10407,1840646464,892067534,1423466335,191060663,-740691327,-732843410
8,4,1,8,10407,-545041210,-1333692006,637715946,410273691,-1402916811,1495146931
9,4,1,8,10407,-864922879,898115585,-342605571,1046598706,-1204320760,677265382
10,4,1,8,10407,1489491558,1722799107,2006481317,67086089,-1381533993,686400018
1,5,1,8,10407,-1501361488,2141607480,-1275553009,-1062067478,-774214939,1796018472
2,5,1,8,10407,-1377813256,-608104413,177812244,1693095967,592731811,1909036407
3,5,1,8,10407,1668512491,2089055152,1014012888,-997079699,715586157,-3673337
4,5,1,8,10407,-1098555362,448702973,908919680,686035511,-780822554,1349311907
5,5,1,8,10407,1506870415,1729095962,-610121708,1410845574,-751019904,246398578
6,5,1,8,10407,1503029115,1763771501,-1035501390,823463475,2020208799,1212413713
7,5,1,8,10407,1919356423,-1909889466,-1825545079,1203995597,782312298,-765223087
8,5,1,8,10407,938363666,1612668352,-478969065,-1404299360,1660582905,600094230
9,5,1,8,10407,-700264276,529014092,1853951270,-1168095742,936423081,-32244015
10,5,1,8,10407,635473208,-1986682861,-1968388136,-1491866733,860680766,107701344
1,6,1,8,10407,-74750886,153300852,-1151442071,62736348,1103824374,441948333
2,6,1,8,10407,-355398156,-597062824,-512550215,320425997,1168054032,-1762347542
3,6,1,8,10407,-671988749,-998485677,2009603667,-772355657,-1494021486,349652140
4,6,1,8,10407,1655058700,-2108157370,-131142093,937020028,-955875454,-1865594945
5,6,1,8,10407,225125285,-80527526,-1421892620,1664933573,823534279,-1157157282
6,6,1,8,10407,-838964214,732183938,-883369685,1891661989,-2145816761,1151372942
7,6,1,8,10407,684218965,-739310983,1658478209,63074657,1956577889,-2053600637
8,6,1,8,10407,-535696973,1015664104,-2058644770,-1908329017,1532537699,270449068
9,6,1,8,10407,1097832328,184180748,-473626890,-747750768,1208307713,1243479099
10,6,1,8,10407,1513741095,-73772742,-1702031468,1956747049,-897143088,1437054436
1,7,1,8,10407,699169202,1505414357,-483401807,949483254,1589807412,-721159169
2,7,1,8,10407,1844128108,-8381716,2024723761,-1794685755,-352397210,2135658050
3,7,1,8,10407,261490214,1185138931,982400478,-2006805738,1414842311,-119301646
4,7,1,8,10407,-1150902210,1800175258,-632387978,-1261007503,2032739146,-1869515451
5,7,1,8,10407,-721461782,-301678124,1373995066,385151194,-992005945,937592898
6,7,1,8,10407,-178170143,-2011436013,-580086601,-105008830,-2025664513,-1130280504
7,7,1,8,10407,-1074134186,1307593618,1715016113,1609622653,955262768,64920878
8,7,1,8,10407,424102413,-332365615,1883382531,-482876333,-1789568299,1430107164
9,7,1,8,10407,-180541287,1354265700,1989641228,-2061777241,-1594495050,-911135646
10,7,1,8,10407,-734330316,-819299423,-257004883,99813564,-1397103964,378882871
1,8,1,8,10407,-232797355,-1108128097,1425385451,1390627878,-924506298,-1112962101
2,8,1,8,10407,405127905,-1707325672,-549910415,755768819,-1872350549,-635040245
3,8,1,8,10407,-352787056,-568230725,1703597689,-1845681310,-1701264888,623851731
4,8,1,8,10407,-1187773638,-2099783516,1061875172,696252500,2138404455,-1239023308
5,8,1,8,10407,501982202,1781828440,-1772601243,-68066587,-136432988,749153628
6,8,1,8,10407,1447826048,866997871,674521309,711101555,521307567,-1514346658
7,8,1,8,10407,-95295060,-146534933,-1065336708,-1122537812,-1924125147,-324434674
8,8,1,8,10407,-1910525066,1821172123,-1810050765,-1348010479,273347710,-1816363405
9,8,1,8,10407,-2137147070,1431622610,-786151888,-1512345468,1556794112,-434041002
10,8,1,8,10407,-815673735,-1659942684,1193042906,2112279615,662629394,1831405079
1,9,1,8,10407,19147654,1663359784,1357976298,1160480311,-837825112,400268075
2,9,1,8,10407,1718450027,-667862487,-453322350,292518084,378777489,655612344
3,9,1,8,10407,-692038512,1035821413,-223321062,-342180755,-1895539805,384636480
4,9,1,8,10407,350934135,2068663158,-1186467351,1240775271,-674026907,820481105
5,9,1,8,10407,-780494542,2081831297,-1277900374,459413785,-360014616,1164383126
6,9,1,8,10407,311708920,-2125557543,-123238593,-1856273373,-1464479716,-1639207400
7,9,1,8,10407,392953872,1772803095,-277656725,789516567,1559010348,1810641293
8,9,1,8,10407,684366162,1731585627,-1741815322,-1713914710,-809986525,1665905135
9,9,1,8,10407,824135815,-2134063155,-1553911997,1721454387,-961194424,-173581831
10,9,1,8,10407,632861718,-1161829734,1416431915,1717048557,32359315,42384303
1,10,1,8,10407,947919541,794754979,1060202393,-1310106619,317213010,-1836869924
2,10,1,8,10407,-861965754,1564472949,-982917497,32876484,203135140,1435532860
3,10,1,8,10407,1402628546,-1319145629,1012429019,744001400,-1905976867,-1335884219
4,10,1,8,10407,151560383,1232427571,-414318617,369316548,-1326933296,1345211326
5,10,1,8,10407,619116862,1839396846,486511454,1547559587,-1684735042,2143144160
6,10,1,8,10407,-1851226874,-447097051,-1782931146,986766941,36280090,-953816134
7,10,1,8,10407,-876946823,-81962726,-1600262678,-1503675436,505931054,1459205531
8,10,1,8,10407,-559820219,-434058609,1056188410,-245408427,-1874064565,-1724460882
9,10,1,8,10407,2004680375,2104724183,-26539352,-1473061937,1578795696,81247400
10,10,1,8,10407,-1258331127,-1429356024,-1453053024,1975797691,1031383906,40174500
1,1,2,8,10407,2078585362,-1832155606,-503170748,618069996,1803963231,2103975465
2,1,2,8,10407,-137126611,-209547394,1961449519,-460315771,-1807411221,-644112423
3,1,2,8,10407,1499613576,-1538007340,-407848140,-320182026,-646414975,-517240449
4,1,2,8,10407,-2095335708,-145540704,1207785359,-244582798,1824520621,-1560651207
5,1,2,8,10407,514873412,368496683,-788782414,-735863315,305330084,559021202
6,1,2,8,10407,1135458138,592334154,-41173823,1100500551,-17294799,1898415349
7,1,2,8,10407,499260027,-1160442987,312162531,-657086701,1847370362,-2031509664
8,1,2,8,10407,-952873733,1790126162,1065190357,-1222080425,-311964893,282336242
9,1,2,8,10407,1090973911,1920757673,-1365974070,-727500703,599970364,573925673
10,1,2,8,10407,-618355632,946449289,-253408323,-898194928,416720748,1122022141
1,2,2,8,10407,-1611122440,-1252738518,829617914,-1687755267,1053543157,1112577853
2,2,2,8,10407,-1631604167,-1543409839,272748414,396719380,-199000593,-1968047470
3,2,2,8,10407,202488947,-1309659551,-120596341,-1144696428,-2084426331,793501308
4,2,2,8,10407,1909469035,-282025935,-713335728,-1155177624,-1933936939,-1182787951
5,2,2,8,10407,-2070765173,-1932606416,379854992,-863773785,-600143005,-649293029
6,2,2,8,10407,1014042921,873260834,1377870914,250726905,-1449567652,906791864
7,2,2,8,10407,-1559458858,1589312128,-1007252198,1665894752,-1638297279,1162252294
8,2,2,8,10407,13547320,-1796923902,-1486092525,1733767031,1706770571,1736009890
9,2,2,8,10407,782020459,-406707971,-2141533884,1779766914,-1118794798,866169657
10,2,2,8,10407,-1821650810,1653188012,-1542596381,-861153985,-1938886427,-1233237232
1,3,2,8,10407,351134270,1173743687,-612852633,304947860,-1011045071,-1526880824
2,3,2,8,10407,565094293,319247261,-304330607,-1622720377,2050620021,291793893
3,3,2,8,10407,2128144374,1988713332,1481091396,-1225436496,874262867,-35266273
4,3,2,8,10407,836229944,-1815334124,1728954816,1614861791,1821633759,-1970586759
5,3,2,8,10407,-1397875336,450602610,-462397581,704422756,-953597976,1751208734
6,3,2,8,10407,-1109517502,1646889755,-315012246,-708595252,1039519880,481054456
7,3,2,8,10407,-1870346518,2010205070,-549423031,-1256215281,-1454431700,-1302178543
8,3,2,8,10407,-920603018,12187303,-1925309694,1116912934,-1084325854,-1574956654
9,3,2,8,10407,-1237822258,560128121,581751343,-1432991253,1973285540,-1661697157
10,3,2,8,10407,-66874199,-1695070144,544750258,1237738129,2001514963,-1660930422
1,4,2,8,10407,-1372017095,-1428633365,1236897923,-2667292,-1419879078,236837164
2,4,2,8,10407,1562856020,-1448455198,-52124416,1368132771,1778290232,415810937
3,4,2,8,10407,-1614009944,147830611,1077404836,-281308336,-395575116,-1169045738
4,4,2,8,10407,-1937931764,1716283094,984743487,1153676446,702949941,1071644205
5,4,2,8,10407,-1141947878,-892425539,831871777,-214084989,-1077626035,-1766843165
6,4,2,8,10407,-339946786,-186801236,-1024400722,-438955827,-1941917137,1189031911
7,4,2,8,10407,1063924183,207330358,1585831467,-1530196929,-519119781,1337152354
8,4,2,8,10407,-804484786,-1281214784,1229986731,-159179799,-1826920597,-807138258
9,4,2,8,10407,1110414027,1273565320,-1874730062,2111859483,-763730187,-1310683465
10,4,2,8,10407,1557754287,582288534,1154969891,-2132603534,114418993,329880474
1,5,2,8,10407,-2031437245,-1483758569,-1721426446,1451494563,-1410921189,-999524018
2,5,2,8,10407,-1011519370,1475000571,-956764562,-776109885,-463732592,-317334503
3,5,2,8,10407,1784312150,-823248696,-1826278173,-979396819,504460176,-2057180462
4,5,2,8,10407,-1412941480,-1922406992,-738575890,1644159470,595729857,1253832604
5,5,2,8,10407,93429803,-500308124,-2112485304,1637200481,255782891,57308264
6,5,2,8,10407,1105721756,-1594377403,-745869129,-1593198764,-72894892,-1693709275
7,5,2,8,10407,-478133291,2031736815,227071117,864598785,1875897923,285449105
8,5,2,8,10407,934722541,1677836559,-1526491153,1820515461,-1971335229,-1389766124
9,5,2,8,10407,1596445359,260852274,1548296991,-1253655187,-545593343,-1419513890
10,5,2,8,10407,111195628,-566732026,-586765711,1353320733,-428734953,779977733
1,6,2,8,10407,1402716943,977132465,1314693952,-744857443,204841564,-2075948910
2,6,2,8,10407,-1208226383,1005123162,1895790188,-1972183415,1550915423,-1830055408
3,6,2,8,10407,-163160834,1456902398,-590928486,1671170322,1782418939,294805781
4,6,2,8,10407,-818871371,300018901,-921687074,1256373425,-781440960,-1877654826
5,6,2,8,10407,-1408959264,-1058474684,445513650,1429453161,-1365790841,-2087751214
6,6,2,8,10407,1464170124,-483650388,-414805693,555815573,-1128215390,1797312953
7,6,2,8,10407,-1209570286,1086555171,-2084221046,-1365172934,-930595662,-1924323362
8,6,2,8,10407,1759301862,-837516797,-2140770931,-181911128,880039879,-1314771205
9,6,2,8,10407,1374345704,1480066339,2143431482,-707570911,-489928280,-41730853
10,6,2,8,10407,2109361140,16936892,-2075670323,728187171,1196090916,-300275326
1,7,2,8,10407,-722506873,-1969767034,544561537,-552470943,-120083783,257667414
2,7,2,8,10407,1243088538,448639354,2001057222,1683367414,-2026375639,1728255089
3,7,2,8,10407,590377839,1142246702,380919208,1678887102,-1087327662,-1413871985
4,7,2,8,10407,980222113,-710959421,2032017522,-1699257238,634225044,231080242
5,7,2,8,10407,681400280,-1419962470,352709970,-957624746,-38768558,-1979764069
6,7,2,8,10407,-1661802254,-961259217,419078565,36448035,-1520330102,1032205949
7,7,2,8,10407,1908652715,-26732074,439522015,682441322,117862120,-374560949
8,7,2,8,10407,-111180501,358698963,-1742048887,-2077427238,1735745617,1913580967
9,7,2,8,10407,1762790501,-1693410469,884983122,302037492,-1067971376,-1827540484
10,7,2,8,10407,1451793525,1527669922,-2070385067,-496422794,1409985988,2055123289
1,8,2,8,10407,-1171231973,1770248296,-336024342,-685551718,894130273,1072814076
2,8,2,8,10407,1935961287,-1596618791,957607168,1317837621,378905202,1516684904
3,8,2,8,10407,-1787970239,-1558578511,1172986647,1265467196,636734614,438933450
4,8,2,8,10407,1656543742,1111658564,1075408658,1311788519,-1835236464,-201788379
5,8,2,8,10407,1191647579,-786903430,801582946,573928652,1699722823,-370723266
6,8,2,8,10407,1994860213,-1150254179,1310527968,-467392375,-2044051597,-687924674
7,8,2,8,10407,605750777,-1327191451,1421004131,-1477116870,-1037747194,-1914220801
8,8,2,8,10407,277421491,2050729121,1669523335,453561074,1656668475,472932574
9,8,2,8,10407,1774188203,-41477904,844380640,-203700723,-1747704073,-1052322147
10,8,2,8,10407,701494319,-435891119,1614948345,-617686550,628415579,-2076196686
1,9,2,8,10407,-1037977137,-1185457669,1306471320,292642988,1183876230,-1850712297
2,9,2,8,10407,1569705867,851198557,239580694,1639859587,1544331122,-715431729
3,9,2,8,10407,594039419,-1734125126,-139286320,-346764970,-139905171,-1149482106
4,9,2,8,10407,-812741588,1841448309,-1748490870,-735587184,-13498039,519207291
5,9,2,8,10407,-348371528,502507665,1475742270,1713145581,-1763514203,-105035390
6,9,2,8,10407,-239106913,1266718407,1143360363,-529022597,101811883,-649309920
7,9,2,8,10407,-1586772638,-108705153,257009408,-1670992300,1040122375,504402606
8,9,2,8,10407,-683383868,-948454507,1060059085,302274609,4370012,350310453
9,9,2,8,10407,-1065607415,2080545237,-1791887111,-1702059049,-1209247411,1863610471
10,9,2,8,10407,-1941264357,1675622032,1425562187,-477623875,1928182141,590715599
1,10,2,8,10407,352907666,-405177881,123193047,1668142243,2042444076,-572630613
2,10,2,8,10407,-1613569334,-1446914000,2062756949,-1802380449,805952638,-1927581201
3,10,2,8,10407,1729698280,-1661084544,-867196604,220714345,-1020114856,1535077400
4,10,2,8,10407,784604596,-2001843114,-1629391185,302418146,810111073,1660673379
5,10,2,8,10407,-2094933778,330634118,23457644,-1023574920,2019651871,2083822084
6,10,2,8,10407,-1782772564,-59024938,1638544475,1307678082,-1576272320,-1818399575
7,10,2,8,10407,-2095087536,-311014374,-768362015,-694980518,-356190279,-785279761
8,10,2,8,10407,107032918,1260479636,1995121189,-355948758,894322273,1337904623
9,10,2,8,10407,-1501537858,3503036,-392960997,1825482484,-1033153350,-645038112
10,10,2,8,10407,251539654,-701677028,1362052895,2076099195,1545922821,-1678062222
1,1,3,8,10407,969000040,-1833487838,947464966,-1356262049,667398261,-769332715
2,1,3,8,10407,-994471304,598463116,1788990811,407404190,1975859824,-534031374
3,1,3,8,10407,875570,368380316,-1593576734,-1454955326,600900100,-1413265364
4,1,3,8,10407,-230448580,1949185629,933408162,703512109,-1714250132,884837331
5,1,3,8,10407,-1919947040,-31975167,235629383,1685683776,2074055739,1012737004
6,1,3,8,10407,138876049,36127196,-320678755,543264154,-1579644222,176768054
7,1,3,8,10407,1422685971,1427170855,-1900953899,529686018,-634580523,-93768599
8,1,3,8,10407,-654064869,574397315,-1169805077,496648436,1720211366,-397941111
9,1,3,8,10407,-432759738,970291323,-582415830,1221113475,1000356858,-1548894920
10,1,3,8,10407,-1460181789,-816454655,-1245321076,771031912,-1191419947,-1509767736
1,2,3,8,10407,1406758456,-1526468153,-1497152184,364551798,-109541059,506943728
2,2,3,8,10407,2055823011,989273319,-1842839626,1050193384,1858773591,-1622713497
3,2,3,8,10407,-775537520,-610783330,991671502,879426481,1857043666,-2095781449
4,2,3,8,10407,1881996883,2137667795,-81589897,-1018550161,-1842163219,-741250485
5,2,3,8,10407,1722340844,-464191622,1759994739,1695159681,-1731993175,-555087322
6,2,3,8,10407,-2005661287,1134760174,-1593160245,652710818,-700447510,-1165920636
7,2,3,8,10407,1548322594,245103970,-1025328014,-1309903361,2048267059,-131525837
8,2,3,8,10407,-102737825,1160394975,-1068994943,1748099701,-379855217,995711763
9,2,3,8,10407,-109472297,1343479780,1771814127,-1637586991,-419446217,-57541752
10,2,3,8,10407,-997634720,-1098090568,314979499,84995803,1204561065,-1243352182
1,3,3,8,10407,218715337,12417137,-201489297,-1666989773,-1400067802,-1064989453
2,3,3,8,10407,-220870807,1626710064,1994379605,-713476205,771949712,126049627
3,3,3,8,10407,456571011,530798447,-963867071,-1202061778,1970135343,1356847248
4,3,3,8,10407,-179337315,-1944001003,1694085968,1062128858,2034128612,1631596595
5,3,3,8,10407,-76667558,1328515478,-1786485439,1910550823,378391609,1720576994
6,3,3,8,10407,-1942541814,-77610274,246905883,720991259,-1755577042,-1755230238
7,3,3,8,10407,1141241516,-723467229,1349988989,-2011206348,-606067667,-1315983443
8,3,3,8,10407,10031580,1153808231,2046526456,-2096795912,867508925,1822576483
9,3,3,8,10407,1483065896,-219884804,63993215,-964336163,741392302,614839229
10,3,3,8,10407,-1377508944,1328712822,2126739978,652418975,1062002593,2100602943
1,4,3,8,10407,695297083,-707106748,1015417978,766506685,1755407278,-1927694397
2,4,3,8,10407,1442405131,1443992957,-791989199,-768548630,-210330664,1444003215
3,4,3,8,10407,-1934240877,-874291235,1717161593,1901176305,2072290619,-1140289326
4,4,3,8,10407,201813737,-1832047523,-338205054,-1946652396,-992603371,813877377
5,4,3,8,10407,149611014,2078440126,-304978260,1705378914,1508084676,-290377193
6,4,3,8,10407,171276493,1234860096,1507941961,-592186363,-1033012856,1936363044
7,4,3,8,10407,-821684676,87229600,-2053259763,338232161,-1099933759,-508269737
8,4,3,8,10407,588510066,1014850747,49223350,-1712661261,-580690153,505917842
9,4,3,8,10407,-2015550504,1793196498,-996235886,1176691308,1157383664,1079656815
10,4,3,8,10407,571343094,-1464451864,-889496038,251045544,498830537,1034053684
1,5,3,8,10407,-974745829,1639074301,1006935238,-300257251,-1128436907,1454455366
2,5,3,8,10407,-2137709057,1610999170,-1199113671,866630160,-1381295205,1448761646
3,5,3,8,10407,662420477,236550709,1715449532,-1056543965,-1771381021,-1517677319
4,5,3,8,10407,-2101287867,1974872143,1506468841,1239766819,1172054443,-224744519
5,5,3,8,10407,-1810100070,682540523,-178726205,2096507154,-1735387816,1701828178
6,5,3,8,10407,-1517652159,-428532590,1254450615,1179949096,925830659,161295975
7,5,3,8,10407,-917941033,1399923623,-1943399688,446824045,452602640,-295386876
8,5,3,8,10407,772907621,1219103713,-1444311832,-321943619,2061247993,2115107186
9,5,3,8,10407,-1960751588,1814123375,-1494429168,-293867813,-465872000,1097502622
10,5,3,8,10407,1141317201,491489892,2087529807,-145180988,-448005689,289329953
1,6,3,8,10407,-658574472,-1397856732,281672051,78759489,508091501,-898754345
2,6,3,8,10407,-1520664814,-202466642,201023825,178680912,1766273288,-894792880
3,6,3,8,10407,-1788299697,-2109960964,-269730166,1938432574,116086331,229954541
4,6,3,8,10407,607538741,-677148586,-1991053020,-609141273,1148723013,1096719763
5,6,3,8,10407,-1125697136,490383933,-1152005068,-1755636712,597231404,778175274
6,6,3,8,10407,-1723831341,1153339162,-504675165,-1389234744,1008891116,802325637
7,6,3,8,10407,-484352163,-1052399170,-715570537,-276573202,299663255,1144020590
8,6,3,8,10407,1696563891,-388961215,-616497109,844749908,-1095316435,432673611
9,6,3,8,10407,-1148709676,-1711940857,1098783999,448552837,1856933283,-241600646
10,6,3,8,10407,1172031465,-1213601379,-964408117,532936559,-1186336489,1227185905
1,7,3,8,10407,838137382,-1609679126,-9666906,228054408,1759800429,-1865311666
2,7,3,8,10407,-1567416177,-2130327505,236035600,1404593815,87084511,-1718251824
3,7,3,8,10407,11965674,-133487355,415087231,62834872,-694672382,2058888760
4,7,3,8,10407,1629073647,2040455631,1193690376,-71446138,37856191,200414821
5,7,3,8,10407,-501438203,330482947,-644942055,-275585604,-1837422876,-1609675066
6,7,3,8,10407,887870162,-539201002,1932824622,-1663176792,1097996370,-2054521602
7,7,3,8,10407,-249166172,-1594736061,-2043604256,-516876425,1244377022,810847917
8,7,3,8,10407,-1021207881,-287521109,-411426111,97931383,-237058490,803092938
9,7,3,8,10407,-1320324625,-331176781,-1738739234,1845025323,1670244421,535767704
10,7,3,8,10407,1576678434,2144833938,446479962,-1824561994,-845165698,636183503
1,8,3,8,10407,1281866029,-753143535,891533536,2105351792,423101362,2141962282
2,8,3,8,10407,422628205,775601773,302202902,2096958372,-1330412628,-1160636357
3,8,3,8,10407,300434887,1815354483,-648133105,-158774033,521714329,-548573871
4,8,3,8,10407,-870715138,-2006940498,1125289868,-641528465,1679360778,-146518497
5,8,3,8,10407,-109520572,661462391,454962926,-1014774905,-1062330205,1340153759
6,8,3,8,10407,957904421,-1292828259,415258085,-1447124960,2006150857,-1241411976
7,8,3,8,10407,-2063446721,1891442926,1316950770,1408770030,1728299240,-756860200
8,8,3,8,10407,-1640157729,-146351651,-1012345246,-1587781347,1330341697,1578219247
9,8,3,8,10407,-219605940,-1547446461,-178894843,364364970,-1735543849,-274728583
10,8,3,8,10407,-1209150795,-581722625,697425084,-1621205201,-1984438277,802778732
1,9,3,8,10407,801081930,-2012199814,1474573394,-2006666622,1793589511,1199717491
2,9,3,8,10407,-56402044,-643855715,255905706,-957791838,336207113,-1302142495
3,9,3,8,10407,-1085669899,1475265945,515618673,-1916699712,-378601245,-858022025
4,9,3,8,10407,-782318372,432744241,-1501345363,1707813666,-1458720518,-375734890
5,9,3,8,10407,852584648,-1204254336,-1415221678,-1451657403,-641007687,-17142441
6,9,3,8,10407,670738360,204758413,-1430891333,1075929016,-123138833,1459900462
7,9,3,8,10407,1110545719,286305753,-1427644353,1332038753,-738987087,2090049282
8,9,3,8,10407,427550276,1479482750,577941772,-336091112,-1224431230,-1178519481
9,9,3,8,10407,-2027844326,679151820,-1276552078,-1982599613,-1655386478,1271839789
10,9,3,8,10407,-2078580065,-891388589,-1727927284,1747308969,-163586819,-1331417415
1,10,3,8,10407,-1631353570,214227621,-2123532548,-1552419872,-677802425,-261021191
2,10,3,8,10407,-1038399687,-1502909242,1389147352,1029370644,847590412,-1953975507
3,10,3,8,10407,1703734591,2040141512,-1312540294,-328584708,928908918,-834009514
4,10,3,8,10407,1444210266,-1697903994,126745942,2027631437,353822053,-1359919842
5,10,3,8,10407,1541318086,-1836937968,-2036462498,1155987451,1544628050,1066711752
6,10,3,8,10407,-1462843091,-1895316789,-844135962,479141943,-1286093235,1718860454
7,10,3,8,10407,-2079810028,265087975,722070888,-721903892,1123805742,-612968900
8,10,3,8,10407,623706100,11643984,1953132350,1136247764,1491471046,-675701685
9,10,3,8,10407,365896114,-1129135938,-1335697552,1533846025,-1818342004,-1517899219
10,10,3,8,10407,1873424961,-66065,-1937084261,584657953,1590750990,-1045078175
1,1,4,8,10407,1371232631,38972071,-1737754604,952455853,677901047,-341477431
2,1,4,8,10407,-1059451316,322568583,1725274614,1799192039,1787743240,-1408497850
3,1,4,8,10407,-1994714892,-1896824714,-1858592540,1118194628,-899036330,-355889332
4,1,4,8,10407,-651979266,828162019,360016459,991794059,1297564725,-477806397
5,1,4,8,10407,1559962493,-814588442,566192957,69534654,-1922378673,-1300688279
6,1,4,8,10407,917701100,89113385,111918426,-1578153446,-191227122,1477813582
7,1,4,8,10407,-153825888,-1809655774,-409208055,1680690751,-1967601399,-187928975
8,1,4,8,10407,167327694,-318111394,-694626133,55601198,-1389935852,-595176729
9,1,4,8,10407,530008386,-469458388,577103553,-2133237636,1145581705,460124803
10,1,4,8,10407,9506551,1570340662,1050486958,851303025,569227084,-709275944
1,2,4,8,10407,-2035627796,1423389712,728443649,-412696630,1214174242,1037679678
2,2,4,8,10407,-210930934,41601724,-1452046122,1004940875,1038394092,97160816
3,2,4,8,10407,503255226,-507654378,-1649453937,1441523997,527094640,2116028443
4,2,4,8,10407,-62725064,714599507,465161489,428599541,813479731,1804310746
5,2,4,8,10407,-1578599432,-36387568,691391097,-209986847,-967441070,1560312058
6,2,4,8,10407,-578426981,-2099731929,-524605501,65358041,-634171222,-767681792
7,2,4,8,10407,-1440844616,-1974629117,344697725,397522879,810783838,-1600039018
8,2,4,8,10407,1233916408,605040814,-641128114,-347590465,-57093505,1477665588
9,2,4,8,10407,-790362979,610320250,978583658,168331607,1052454837,1724458261
10,2,4,8,10407,-949363942,-76991164,-1745852926,1565623664,548334144,527568676
1,3,4,8,10407,-47263802,-28720544,1599534194,-51263552,1007938492,-803704633
2,3,4,8,10407,-219380816,-1650618321,723568294,-236890561,412121054,-1092582830
3,3,4,8,10407,-26100442,975370038,703246558,-2142995215,-1880095046,-2109221900
4,3,4,8,10407,1551721753,-860011217,-1796985888,2046006418,531470260,-1894306714
5,3,4,8,10407,-521316324,-1863911623,2026189105,-1057421609,-1145917266,-275849425
6,3,4,8,10407,-1246752029,979679431,169891870,1350432615,-21226504,1735129910
7,3,4,8,10407,1609113110,602290838,1016946236,957103407,-628880044,-1337963574
8,3,4,8,10407,-1208938300,-2020616789,574750163,1573106431,-1769284945,1484697713
9,3,4,8,10407,-519623311,-11014040,909279530,-1402951307,-485160052,220627014
10,3,4,8,10407,-1590833789,-2008534834,-1927103729,-1839309703,146855634,-1655729401
1,4,4,8,10407,-919617191,1315608192,-1927045790,-1952641693,1568763916,284156748
2,4,4,8,10407,533193318,-55555878,12693848,629393421,1746763812,1625239581
3,4,4,8,10407,242402073,455414439,-386116379,-464091483,-1597395426,769184926
4,4,4,8,10407,1188778447,-1804064049,-73796090,2089532340,-1331313667,576029637
5,4,4,8,10407,-1447633461,-966580277,-1878167260,-1932926975,-658033799,1841269831
6,4,4,8,10407,-922406788,625071042,25012189,1293458414,1062487181,1017645876
7,4,4,8,10407,-158558111,1892928340,-755751900,702618543,414181187,-64400583
8,4,4,8,10407,559315747,1278203735,-2101645355,817744722,1994824596,-160914990
9,4,4,8,10407,-1307953204,1732451145,-115824232,-1999260480,-1140435632,1470866276
10,4,4,8,10407,1063770876,-1558738296,-650891800,1097339281,-361417645,-972619802
1,5,4,8,10407,653667189,1856922141,1595723747,-1318357549,815610277,331645629
2,5,4,8,10407,-1998007191,1711739428,-1448309948,-405744286,-96180974,-1464558392
3,5,4,8,10407,-1053327992,2135233718,293033845,-1045657378,1816856049,466317413
4,5,4,8,10407,2107922390,347480493,-1264046764,-641466368,-564976722,1269145561
5,5,4,8,10407,-1948252661,-1859867276,-792606348,-1512443319,841044233,1829887693
6,5,4,8,10407,-1141568092,-2002801209,1777182483,1818066258,-189867591,-1628352168
7,5,4,8,10407,-2043817221,35274211,391839599,10433453,-1330896720,482005949
8,5,4,8,10407,-813255617,1152711172,2123862068,-1965598915,508684989,702151062
9,5,4,8,10407,-873159752,-589429998,545754924,1429992520,2116158333,-844373556
10,5,4,8,10407,71259666,1535903885,-1414473813,-1737572321,-2117450203,1076276799
1,6,4,8,10407,-522483903,1126814136,-589942568,331035364,-1398731833,2067100579
2,6,4,8,10407,-211454835,-1877501986,624774650,816770666,-1717772605,735170126
3,6,4,8,10407,-1681475761,355547751,-800634909,-2028331720,-838760549,-623613461
4,6,4,8,10407,-365854257,-1214471204,642396035,372376371,-2021359639,-703909595
5,6,4,8,10407,-1235822017,1992146133,-2090996738,1206543837,-151159483,-1726460633
6,6,4,8,10407,-1306207799,-1746340942,-1915989138,670792662,1780105012,485591374
7,6,4,8,10407,-1816898933,74994597,1953133337,1156647564,821139647,1487366512
8,6,4,8,10407,403682868,960315489,513045238,-1880242727,-1056960205,1771813699
9,6,4,8,10407,-2073996601,-1331707585,-1424965116,1077975134,-1012029065,751373645
10,6,4,8,10407,2040528148,2047077840,-530482077,551409798,-1026208397,-1122235843
1,7,4,8,10407,1387572482,1422933039,492236723,919577731,41421573,601626720
2,7,4,8,10407,-1932161240,770505446,-1865233600,329697910,181779987,-2078273346
3,7,4,8,10407,1025979043,1301911872,271813028,-992966293,136682374,1044479195
4,7,4,8,10407,867217061,-124994721,1112214973,282229454,-451850239,1737970123
5,7,4,8,10407,2133792946,-1024133731,-622002220,-75139049,-1588587908,2131180685
6,7,4,8,10407,-1093119892,-1848053512,296565921,1800886048,-2031126665,-447272708
7,7,4,8,10407,1053225272,-1189984708,426207790,283453401,561346670,-795815523
8,7,4,8,10407,663181821,-2133460192,-848925572,-1141572402,1791432438,-899597839
9,7,4,8,10407,-1906539596,478478748,1703172200,146929321,-913156164,1431596120
10,7,4,8,10407,-1451165019,1787369879,-261193139,-2091923496,419152981,-1998168086
1,8,4,8,10407,1433745628,12199455,1349599604,-1443657039,1073496249,1350499787
2,8,4,8,10407,-1842600104,1829924991,-1969880967,425542404,1897393959,894189060
3,8,4,8,10407,826509891,528727619,-1657218391,-1165863279,565790379,-1928175948
4,8,4,8,10407,1007258213,263455205,-218513404,1409789584,226360264,-1523446268
5,8,4,8,10407,-1958906736,2048184743,-1319696657,565806791,-365568344,-227955529
6,8,4,8,10407,-295436222,1107118436,434792584,-1606778481,1493174594,-1371088743
7,8,4,8,10407,-1191262444,-1395438000,-630014699,-1371093366,617170010,1229288154
8,8,4,8,10407,-312768167,-687123453,262573900,-859011452,292152227,672920603
9,8,4,8,10407,1010926637,-1464940163,-73860104,-20951567,513712081,2092925376
10,8,4,8,10407,-1248533365,1112980632,1668333313,-391384594,-1748209491,-856342483
1,9,4,8,10407,-496414260,-1505430036,-887304068,-2036436499,-771428310,1259435712
2,9,4,8,10407,144394829,-334158165,-1717505992,1481331732,256046437,-1746056716
3,9,4,8,10407,-804025374,1472296050,677118885,1396657505,-1542721638,-540952149
4,9,4,8,10407,-1284216923,753406128,60285859,986520830,831691985,-343357789
5,9,4,8,10407,193779999,1070221951,1144402446,1995588585,1885597008,1301858832
6,9,4,8,10407,521968499,1864234683,1614745038,-639306244,-1082849849,2057071098
7,9,4,8,10407,1687774270,116018066,83894823,-647763462,-2010145777,729938120
8,9,4,8,10407,-1852502188,1431125770,1137978501,1706835294,-661410646,-272746143
9,9,4,8,10407,1795419186,-1352518776,-78090363,1314411758,-84299295,219908893
10,9,4,8,10407,-1084248651,-112310719,-643347734,1943156733,1156967712,1081666860
1,10,4,8,10407,562207018,-1516221595,-385286338,-1771842420,136884473,1162100867
2,10,4,8,10407,-560974553,-2044367177,-1272185742,-1923842266,1589979579,-306978028
3,10,4,8,10407,65884529,-875071715,549703135,2118847172,-374983563,-1198623684
4,10,4,8,10407,1487605100,-301535615,-19150947,-1977170074,-1934299431,-677463512
5,10,4,8,10407,-1087803476,76928290,-1295717068,-282308081,-96689238,-1760418138
6,10,4,8,10407,1146306595,751970148,-938902163,-1175527820,334695183,184614596
7,10,4,8,10407,354858090,784869588,-2084832857,-924269894,-306903254,355552275
8,10,4,8,10407,-101911216,764896972,-438827717,-539239295,-433531070,1693572446
9,10,4,8,10407,-1247258193,-1149465416,-1824538066,-1525624062,1859017835,-1290698658
10,10,4,8,10407,-377858544,440899424,-589998484,-1801696871,1789542539,412419947
1,1,5,8,10407,-457041939,1835872838,-1275391700,518355750,-1799682271,-317361330
2,1,5,8,10407,1280956012,1046106463,-567115394,-906339177,226956730,1355839018
3,1,5,8,10407,2085876900,-1310870005,-908862285,1759297678,-1448364304,-1397251351
4,1,5,8,10407,-72616489,2008101137,-1805103071,-143129901,-1342626666,-1980525836
5,1,5,8,10407,1412035637,1978648290,590485777,-194956342,-1589994307,-1608247316
6,1,5,8,10407,-1925687990,-957165140,-1252888498,1036885445,2019903205,1047935933
7,1,5,8,10407,-284394344,808998722,426743752,1221488790,-1753738194,652098102
8,1,5,8,10407,147631525,1774140320,1546348955,-1307843071,1884103687,847667151
9,1,5,8,10407,357677452,-1600602623,-1257103010,1119096323,-667834614,1683919933
10,1,5,8,10407,-1128071511,-2138417699,-555534661,1965783398,-1743389750,1118995054
1,2,5,8,10407,968715426,-1908498475,-18074890,-144558047,652203991,-439556373
2,2,5,8,10407,-198117864,1634813606,-282221556,101531808,-581202812,520538350
3,2,5,8,10407,-1207718276,1017251273,-1441471078,177333399,75655097,2046605149
4,2,5,8,10407,-2086605685,1103567696,-1012550066,649312437,-1944952130,-648044849
5,2,5,8,10407,-1825240001,-1603921284,1810496372,-1741194096,-1324798262,1337998083
6,2,5,8,10407,1101609768,304784983,1614261717,-2086976721,-389642168,-1513592737
7,2,5,8,10407,-1790419722,1269633527,-513685498,-1874443291,1009442384,2076382901
8,2,5,8,10407,523251891,1393908148,391662277,-682121324,888165934,-825691118
9,2,5,8,10407,2126016431,-723311387,-25311389,-397107247,-254401466,509770231
10,2,5,8,10407,459197146,460503115,1620417858,1374537254,-1026251038,-497868179
1,3,5,8,10407,315412276,-1128162083,890161792,1973013952,600536487,1340683525
2,3,5,8,10407,-1276043424,1742566270,-904539321,-339692618,-714096844,-641509936
3,3,5,8,10407,1195417250,-446987156,130803373,-1254525397,481823798,880775013
4,3,5,8,10407,-1233843095,765177859,-363906919,-399685919,-53243665,1679822963
5,3,5,8,10407,1020392768,264499398,1964818739,-946713774,1840248855,1158448057
6,3,5,8,10407,-448881340,549334601,-168601379,-1881790578,-1400878827,-174140148
7,3,5,8,10407,818756000,1562460322,-1780349184,-64285937,1729397840,-447679864
8,3,5,8,10407,2120232348,884610531,542758419,-1238903224,2127855460,1606928705
9,3,5,8,10407,129487076,-287327508,1298206260,-1009863819,406658827,1708369541
10,3,5,8,10407,-1267041784,656488358,366691696,40490969,1402291217,-1405840279
1,4,5,8,10407,-1235698144,1415910482,339320653,1442406063,-1581425899,-1545993679
2,4,5,8,10407,-1515999773,-1189722842,-1478957314,1005282892,-1866344156,1547893645
3,4,5,8,10407,-684917715,941186729,747090437,-479613556,1908903484,-1685446049
4,4,5,8,10407,714225898,16283723,-1245413750,1378338808,-1500074482,151820935
5,4,5,8,10407,-1199108718,745666410,897308094,-1761218083,2073391568,1840813856
6,4,5,8,10407,1045380568,-476718947,-639248044,438537925,1106060267,-1019158135
7,4,5,8,10407,-1618780698,-2110968472,2065816765,265346335,-1583200328,1597998122
8,4,5,8,10407,1970879213,415271420,-1356751611,457595834,347881711,-1051192996
9,4,5,8,10407,-1817290905,628549064,-521824336,-1087297951,-1093977861,844752072
10,4,5,8,10407,1280185573,564769972,-49789403,1294872569,-1019938744,-1195395558
1,5,5,8,10407,-1710281349,770018952,-1639552033,-1951337394,277811907,991381261
2,5,5,8,10407,595522200,-1616181514,1553569198,-2059721290,1465486818,731046837
3,5,5,8,10407,-1698650044,381123246,1307138571,1554566591,531396399,1584306814
4,5,5,8,10407,-802193710,-759314193,-2044091532,191606155,-953304853,1909590113
5,5,5,8,10407,-54245973,-768724176,-1175143958,2132740966,-1479436390,1579167389
6,5,5,8,10407,-1387184960,-488782891,-1351354513,-157727682,2016664548,-2086876000
7,5,5,8,10407,999466787,75964688,-1671109448,1606690643,1797217570,-1346257971
8,5,5,8,10407,-741908210,-1877787578,-701415972,732381854,1142265952,-86590847
9,5,5,8,10407,-323872128,-1440897851,890232923,1096963715,1221430557,-1481084116
10,5,5,8,10407,1065367586,1807556882,1908963660,498325447,1188608863,2050536266
1,6,5,8,10407,810283024,2120874534,-313901040,1701002260,-874504799,-1713283909
2,6,5,8,10407,1987750340,298523673,-1829552157,-577281093,1667167232,1040327571
3,6,5,8,10407,1339436281,492367173,295056981,-197764177,-1217771892,-977895209
4,6,5,8,10407,-1831179704,-375240697,1501473263,-836168521,948781718,1632996047
5,6,5,8,10407,1752523141,1150594560,-484942950,1048219674,1140848999,-474026059
6,6,5,8,10407,-1119979835,955263664,1268730576,1085710447,1947475302,-1438461609
7,6,5,8,10407,-2105510529,207229140,1809338329,-385960473,-139780085,80188407
8,6,5,8,10407,-1200692168,2147450831,-1072873921,620004576,273873354,2087872173
9,6,5,8,10407,-395542117,1708791854,1749350800,508645755,-1547534751,-829122470
10,6,5,8,10407,504290994,1223608467,717974605,-989365562,-35561724,1135035096
1,7,5,8,10407,1184466615,-805868231,869831283,1696670111,-518400066,265087498
2,7,5,8,10407,-1857715559,2043169121,-1692432330,283056983,-911741698,-1271108554
3,7,5,8,10407,479014825,14099346,9906204,1548633045,-1612784124,-905672141
4,7,5,8,10407,1157635580,1347560484,-687738119,550265088,1535221825,1843115776
5,7,5,8,10407,1083185514,-2115402576,617929377,1677845576,-1466290502,540213894
6,7,5,8,10407,-1672709097,-539326979,-270864406,872117256,330178430,1144726856
7,7,5,8,10407,1250668131,1510398554,-1183042893,-1454254645,1001022874,-400857663
8,7,5,8,10407,-908960579,-311938911,-1534462853,-1936621302,541843051,1999646237
9,7,5,8,10407,536557836,-2092968481,291395527,433200947,-349099242,1773396203
10,7,5,8,10407,861636848,1961305238,338808335,649624304,1314545582,2036565311
1,8,5,8,10407,-146139307,1988777675,1147869149,306850936,466449958,803926570
2,8,5,8,10407,1192371520,-1783979248,-1727742691,-1001883264,-1249124461,1203503636
3,8,5,8,10407,-1159080464,-848222576,-224630643,-1325074677,-1527779662,-1291202803
4,8,5,8,10407,-2096193651,-2081914077,1702413097,1137779121,953061404,-1883760704
5,8,5,8,10407,-1597659092,355833514,386247852,-956138645,1558920046,572038039
6,8,5,8,10407,-2021125828,-294562138,955145322,218760890,-305283311,636494778
7,8,5,8,10407,-169220946,242543559,509301976,-2047073372,991801798,-1171372352
8,8,5,8,10407,-30421586,-1575892431,1859004326,-1573282290,1208299298,1487352148
9,8,5,8,10407,225305411,1592197191,742886261,-259353215,-163254728,-705749831
10,8,5,8,10407,-1513843643,-149237543,-1233451929,98021975,-1082799304,-1447767374
1,9,5,8,10407,606613701,1166416684,-1064756987,-1713219136,939054044,-774769822
2,9,5,8,10407,-1317928126,30396368,1997987541,-997206231,1319441111,1532107079
3,9,5,8,10407,-116311489,1128267557,395177390,-874299704,-1303181847,-1761489499
4,9,5,8,10407,-1924304340,-1009024933,1736250897,-275517877,-333325305,-1819203326
5,9,5,8,10407,704451989,1826142878,1177232942,1695581386,2112863884,1407881036
6,9,5,8,10407,1767150353,-1959391629,268299197,361597838,-1207624685,1400423774
7,9,5,8,10407,-297669990,753678262,835956562,-1489459503,-1310384101,-1244733720
8,9,5,8,10407,2104566889,-527720671,1810894516,-1056243506,-1028405652,564606679
9,9,5,8,10407,-1753033248,-651183925,-1427169915,46198357,-994037415,-1167441577
10,9,5,8,10407,1437136674,-291098806,282514578,834028925,-786620771,-266342565
1,10,5,8,10407,1487067948,415379300,-1648801448,1629593602,-1873374525,915337125
2,10,5,8,10407,1768719267,-1135854100,1377479881,1394701217,1707892586,2050369457
3,10,5,8,10407,1883503558,985885314,592621485,1464890942,-1042682406,-740613680
4,10,5,8,10407,1253590020,1098417519,-453825915,-2008259457,-782171266,971736092
5,10,5,8,10407,177696913,461416514,1942157079,1516716479,1206111131,192139087
6,10,5,8,10407,158159141,-1491419729,-158310901,1081068110,-276558271,-1274773136
7,10,5,8,10407,-247114598,961761261,880926769,-537593884,7518598,458953130
8,10,5,8,10407,1897590998,1799899608,-180690151,-900915809,1597815967,-1605470379
9,10,5,8,10407,-506048078,-940697026,1667228438,-963631451,-145649307,-1134846274
10,10,5,8,10407,882191417,-1905541478,-1635805374,1428085248,-1191732153,-338177929
1,1,0,9,10407,-1269742798,-1458104874,1619508491,-200956355,-1257825043,-1733576628
2,1,0,9,10407,758024599,43964350,1967074092,2109335612,1943957346,-628381957
3,1,0,9,10407,-820038635,191467865,-929673409,1417795283,-952424337,-616566033
4,1,0,9,10407,-698658075,-477589356,-1821457188,1726598067,434458876,-94277372
5,1,0,9,10407,1238664708,1101827837,-938323493,-1939155329,1004468342,745248195
6,1,0,9,10407,1667463538,1716404935,1334025438,-1872116851,-72380139,-1349991333
7,1,0,9,10407,252001201,1843787503,-327275405,672869994,-633927466,1261635613
8,1,0,9,10407,1876574978,-1537443282,-837329570,1131026993,-2045661748,-1835332989
9,1,0,9,10407,421289101,106828432,1368211034,-1460942377,-1278607712,-965118880
10,1,0,9,10407,881032967,-1939301769,-902786851,-1854670861,-295146365,1846051499
1,2,0,9,10407,1090928167,903776211,-2103058448,717773499,-711970021,798479896
2,2,0,9,10407,-191860803,-2096850714,-1612101304,-1879832734,-1495874721,1873771716
3,2,0,9,10407,-1016806466,1385077057,2078850647,-221312489,45983049,-1611358417
4,2,0,9,10407,1735034566,1241852108,2103629071,1376809711,1331388718,143417463
5,2,0,9,10407,-1238535098,239557673,-463704305,-1052640111,2022708519,1451466620
6,2,0,9,10407,-296312485,-672605871,1786741664,-438628136,1209791717,-261070598
7,2,0,9,10407,73711578,782608022,-126823560,1913114256,5409420,769342838
8,2,0,9,10407,928625628,-1979215376,-358531794,-559448086,-1041539089,907549636
9,2,0,9,10407,1979571482,-1202212931,-806758737,-914415150,1388087114,984887302
10,2,0,9,10407,1754802195,925112671,-58726728,932966141,-1557565358,-1173095357
1,3,0,9,10407,1163319046,1009980486,1528858643,2043104266,-1964702529,-1286835713
2,3,0,9,10407,-1262026135,890586909,1788096596,1219694638,-996525988,-1777727536
3,3,0,9,10407,1545541340,-1715732218,427612339,-1519917267,1855196528,-894113884
4,3,0,9,10407,-455439955,1504588422,-988560750,-1890288159,-283488062,-2039741687
5,3,0,9,10407,-373534301,-392743049,1381811206,289878085,-285291398,-892993982
6,3,0,9,10407,1448135735,1249810532,762476772,-1874694669,-1789725866,1266389958
7,3,0,9,10407,-1172546408,-158697214,-331641811,-550862116,-4661366,1582107918
8,3,0,9,10407,-1092399481,-1763438621,329716198,637098734,-459293212,-1060761685
9,3,0,9,10407,257200106,-2053234793,295616890,390552321,2064573855,451772314
10,3,0,9,10407,653606726,1282825409,-1471882782,1215675400,1724745171,14363786
1,4,0,9,10407,795251545,1911187250,467638305,1812417968,189303826,-374130403
2,4,0,9,10407,-62363489,-504689069,-1754599426,-1316839910,826469719,-269709002
3,4,0,9,10407,-538592073,-533586735,-1804121116,2091850499,-1404424173,-923230192
4,4,0,9,10407,-1696366546,434284266,-1232318863,244278345,-2057684867,-63581326
5,4,0,9,10407,1971737715,389964762,224558854,-1076785287,2145985835,-1269199304
6,4,0,9,10407,-2132634193,-427640186,-489850556,-443516493,-961037701,1365776934
7,4,0,9,10407,-560291128,-1460832579,96521875,-221597202,1937936041,755879646
8,4,0,9,10407,-1282192010,-1762785693,-1683261114,1635006504,1973609034,252136055
9,4,0,9,10407,-1881459794,-622844469,117587926,458739389,-575909569,861848980
10,4,0,9,10407,430315533,-82020762,-168182137,1153401240,604031746,-1804369202
1,5,0,9,10407,966638376,1553651277,1568334979,-584173826,1001307800,-1551901349
2,5,0,9,10407,492624429,-918832339,592199079,-30243022,-1031981294,314956162
3,5,0,9,10407,1748563924,181316462,-457092073,-1540267251,-1526113661,656691604
4,5,0,9,10407,14510473,1352133781,1805126351,871741626,-193274513,-491704460
5,5,0,9,10407,1008659386,653549382,1739288425,456963718,262723973,1833200684
6,5,0,9,10407,164998572,-581382664,1288187865,1905920969,-1838124054,-10526677
7,5,0,9,10407,1280579020,-1691702122,1948756320,601998131,174859639,855594357
8,5,0,9,10407,-1372940326,-339308120,935694144,1734165359,1644827842,-247711578
9,5,0,9,10407,1145046645,-906404373,404668940,-1764712713,612465411,-143459689
10,5,0,9,10407,-377136982,895135769,-436069231,-1977657783,422153045,796298771
1,6,0,9,10407,-1121496712,-1614628255,40289884,967156732,-829104776,31291772
2,6,0,9,10407,-44478209,76054482,1226312026,1894897574,1885145953,-346052750
3,6,0,9,10407,343919140,468320324,1843035331,1733791052,1270145697,485954861
4,6,0,9,10407,29562904,-797480001,1582376004,1672188710,249062434,-29974241
5,6,0,9,10407,990039205,929383841,696175028,2019276061,-271024950,-830562112
6,6,0,9,10407,-1700253221,561051187,1280681698,1217006671,-887319099,1132355688
7,6,0,9,10407,366632168,1578234946,695565545,-24593877,11855788,1474501290
8,6,0,9,10407,-1359822718,-643099924,-159189230,1439947671,1400972270,-1309768340
9,6,0,9,10407,-1766663269,399150464,-330345063,1535954141,1722646147,1095428597
10,6,0,9,10407,2068348610,-385667864,819170187,-1945428489,-1831214013,914467503
1,7,0,9,10407,-194862126,-1306051452,-1193269275,-45795470,-828531736,143443557
2,7,0,9,10407,841380535,854648688,-391705262,-1279029850,217868067,-1383445768
3,7,0,9,10407,-1974473194,-1134149912,796374808,898457266,43239316,-123339141
4,7,0,9,10407,1960092404,-798789412,-1831128513,-1949347474,1104596597,-1059503762
5,7,0,9,10407,1829364059,855305340,-905114963,369259604,-2039760738,-1341358439
6,7,0,9,10407,-654832946,-1120687264,-473793245,-1720259983,-105604262,-1934480598
7,7,0,9,10407,-469696916,-604692156,729490072,-1040012172,231185902,-1554159413
8,7,0,9,10407,-1332273641,-1948418329,-1875550507,760437612,237024215,1430967591
9,7,0,9,10407,982329178,-1602091563,1729044576,-1433877608,1633063966,711834846
10,7,0,9,10407,-630337510,843360170,558148430,1640347485,1707515337,-699106201
1,8,0,9,10407,1627093904,1193030308,-603835303,-2057444107,-397387050,1108551081
2,8,0,9,10407,-57915694,-658518286,-2072647130,542962972,-152930748,-1137589766
3,8,0,9,10407,-2065317187,1415654737,1273307038,-723555933,2070610916,-1872814595
4,8,0,9,10407,-171849912,-1310842834,-1399243829,332293555,299061093,1521630593
5,8,0,9,10407,-850972555,1084596590,-1327445505,774589719,-1913270200,-809213059
6,8,0,9,10407,-2052518656,741204085,-1899075034,-1100550358,-1533743181,-1614712470
7,8,0,9,10407,2087505258,178077711,545408812,-398920001,1725629661,-1689222245
8,8,0,9,10407,-1226616330,930874555,-2108594333,-352441686,1750347277,-1663800481
9,8,0,9,10407,-2092255961,433424507,1255351501,-1561762554,-1099486668,-129308484
10,8,0,9,10407,1173893793,1310105867,-760779921,-1166756329,2111085320,-356783720
1,9,0,9,10407,-1863029718,1505316467,2138625474,-1451090425,-267803049,1381633979
2,9,0,9,10407,1315049938,-677889662,1983952739,2007735891,-1141060241,1531497225
3,9,0,9,10407,1250635278,-364059469,-1069046750,641746748,-167192218,891125311
4,9,0,9,10407,-232311629,-481479029,1325262338,-232407434,1494152483,1480004917
5,9,0,9,10407,-1652215389,-1681102155,-1671715145,-1824782663,-923650698,-978812052
6,9,0,9,10407,227408997,1896808783,779980650,1147356039,-750505612,-1059341744
7,9,0,9,10407,-2125462857,-954516994,-622008740,-1885801604,-345770100,2004856227
8,9,0,9,10407,1311344397,-391053819,539996306,413203729,-1467345130,-1002976735
9,9,0,9,10407,627937430,-1510239157,1024479663,-1792326200,220515222,-1837166123
10,9,0,9,10407,312311915,-562189242,-1638513187,-1072653601,1626996083,-588798547
1,10,0,9,10407,229905347,773272130,-995257203,-1260421586,1205058853,220178471
2,10,0,9,10407,747738296,1585183307,-933295821,-1670492302,316897750,1254253255
3,10,0,9,10407,88144663,-1567020930,1864141622,707352951,-672750504,1364737561
4,10,0,9,10407,-1891022187,-1894850481,-524792349,-44878218,1729803845,1261497538
5,10,0,9,10407,916964508,-460534971,-1732909058,-43597646,-752883604,470074007
6,10,0,9,10407,-1390868271,107984640,-543605569,1148282615,1345944457,-1098677487
7,10,0,9,10407,1670339545,2023639830,-849088312,-848737868,-2087211522,-2024876192
8,10,0,9,10407,846715552,-1117343635,976518724,-722883114,1164921756,-145230973
9,10,0,9,10407,851673276,-8481132,2145882681,892517737,828172028,1650766625
10,10,0,9,10407,-1059582498,-791191442,2015517068,67695519,117152776,-158563068
1,1,1,9,10407,1355347173,1415817478,886832935,317743777,1527165274,-115596008
2,1,1,9,10407,1950509086,-1501381735,-1208319924,1369333080,1935227528,697761442
3,1,1,9,10407,-126448631,-346931434,2107606067,-505819306,-1721818045,-598325170
4,1,1,9,10407,-1238646738,646289062,74050335,1667235525,911842712,1313334636
5,1,1,9,10407,760112229,627302417,-5715540,-401210443,-2035125473,1646304794
6,1,1,9,10407,1252986339,1759483705,-225916162,-464091293,1942079376,-1498832758
7,1,1,9,10407,-1546789291,1201700723,-610935035,-429261632,-1082565114,1860572068
8,1,1,9,10407,-1397145754,-565972347,731869327,-132287902,-1711511126,108373054
9,1,1,9,10407,1478154193,-1796381968,1548450228,359500527,1971915792,-1664639783
10,1,1,9,10407,-1612963396,-286071628,320225166,1450453991,-1130376242,-2118379548
1,2,1,9,10407,-1697031811,-1947595166,1171323899,1379062641,1859695599,-1077639708
2,2,1,9,10407,-798949938,-1980740455,697043073,715801589,-796919672,129469491
3,2,1,9,10407,-1696046811,1598675719,1061350844,-143805245,-1699781872,-550107322
4,2,1,9,10407,-1812533966,-1814484026,939275212,2065876792,-1315659730,848134324
5,2,1,9,10407,453005465,-725148604,1191834742,1693397453,-1175114377,1778945311
6,2,1,9,10407,-24178149,-875846973,-223993097,1542746282,-1606829040,750915178
7,2,1,9,10407,2002551023,-1382390544,-852808765,2135827777,1409748936,-2047021477
8,2,1,9,10407,-1199592836,1404635971,838101722,132987392,-908642605,1558704274
9,2,1,9,10407,1391683906,1472475529,436945986,1311905397,-932835189,-855236857
10,2,1,9,10407,-253747291,-890097258,98123155,-542856817,1609280475,246391198
1,3,1,9,10407,-727970016,280588335,-1334650029,-1470807964,-295111680,96831054
2,3,1,9,10407,309896816,1483353974,1409009863,-243825617,-1498721612,-1065260059
3,3,1,9,10407,156336375,-274168221,-1352226148,-1827473263,-227991792,500694167
4,3,1,9,10407,922486482,1048174628,-289602246,139939929,-1081929620,-905552845
5,3,1,9,10407,-56693259,-1130248593,1111505068,1956064919,-791938240,2044643986
6,3,1,9,10407,997548150,-776814668,1103434207,-1697795389,-1022002077,1736035773
7,3,1,9,10407,1533967917,-1000074848,-1354876159,-535346600,441984200,-2108818544
8,3,1,9,10407,147164461,36712968,1006758117,129649550,-607666406,953922681
9,3,1,9,10407,-527535420,2138124658,1251056939,-1121983216,1524799264,1631706282
10,3,1,9,10407,-1737736841,661901654,1980222923,35944484,1609494318,-540980675
1,4,1,9,10407,712342787,1758114069,1585301239,1979866305,1967407483,2092740611
2,4,1,9,10407,-1418710818,-781583090,-293563393,1670192653,-2036158217,58443607
3,4,1,9,10407,1471656843,1569120150,580940564,247816930,1269021459,-1393058137
4,4,1,9,10407,1494869458,-1625566284,-1532492773,938042836,-1451370231,-2109427367
5,4,1,9,10407,218638234,-805363222,-689911021,1449054493,-2012774911,1122095750
6,4,1,9,10407,-1503093614,1717608801,890818909,-450497422,-484350095,-1000078360
7,4,1,9,10407,1644884256,-971475524,315707426,-635487111,891107547,-1634735387
8,4,1,9,10407,336007150,806265835,-408482456,1080355975,1400471527,476212793
9,4,1,9,10407,-2101423395,1884193512,68320101,1034738338,75290790,-486869083
10,4,1,9,10407,83174106,619737461,-1539032973,-1017498024,1380485237,-62064079
1,5,1,9,10407,-382859945,1063232226,-1713430433,1568963022,-1351594470,1982495761
2,5,1,9,10407,1739372626,1004866665,-356232322,-250729938,1470434953,1628475514
3,5,1,9,10407,-789703244,1734513894,-1774971045,1281560436,784990989,-743724977
4,5,1,9,10407,-1698826801,-1849433490,-1744051206,-1796085785,2136205040,-744833127
5,5,1,9,10407,659507434,1531899700,347885290,1433751069,-1952675288,-895674208
6,5,1,9,10407,1460526668,57187485,1734256540,1934789815,1806235919,-1971512602
7,5,1,9,10407,-1753272438,605776968,-522237402,459749169,1505565400,-475090583
8,5,1,9,10407,-249341559,681090009,670710710,1338881106,662774213,-1693869833
9,5,1,9,10407,-78607659,-260247583,-1053680517,1739024719,2065522184,708843822
10,5,1,9,10407,515444257,-364534747,-1391438613,133646184,-1490288825,-707592310
1,6,1,9,10407,-282191697,637954972,-956705795,1573434457,1040174481,607892982
2,6,1,9,10407,732918217,-383332384,1716495591,1678760117,-2025224521,-358609397
3,6,1,9,10407,1794105361,1240298111,-1210278539,279860233,1938891381,-757608102
4,6,1,9,10407,2047391592,817837434,1824167219,663665206,379363107,-1270344719
5,6,1,9,10407,-901001225,1878825949,-1150849890,-1018056793,2062659754,-751286313
6,6,1,9,10407,-1826832351,-807714857,1216635704,-2102558352,1731728553,183119349
7,6,1,9,10407,427708850,-1876627536,616018981,-1375892329,-1842560151,-1485831626
8,6,1,9,10407,-958086254,1050950632,1035226638,1027894013,-542509915,2064890157
9,6,1,9,10407,-704629757,379343109,690830224,1927978489,1983039839,-1701032664
10,6,1,9,10407,-60117556,997152769,157115335,-382105500,-1401724903,1553441318
1,7,1,9,10407,-625766944,-158452055,-1570758194,1944037659,-1694240857,1456318133
2,7,1,9,10407,-979136613,-310436934,-575874217,-1504057721,-2085324538,777197499
3,7,1,9,10407,823059288,1858931140,-964217018,1114962913,-1699853667,946309320
4,7,1,9,10407,411644811,612968216,1648962200,-1085174382,1309589330,685676911
5,7,1,9,10407,832263504,1004327988,-2028553592,-2070757810,-627028862,2022177664
6,7,1,9,10407,-1534894915,-2055019345,1147639221,-753714006,171088790,-1995678909
7,7,1,9,10407,-756842906,-985511092,401954586,696538288,-154773622,2063244487
8,7,1,9,10407,-541152347,1930366133,142711453,-1690707186,-1710798976,-214241889
9,7,1,9,10407,-380427053,619228590,-2056022853,-384773355,-1069452008,253222192
10,7,1,9,10407,-1924842081,22052729,636973642,-258001278,-1255694750,-1586288621
1,8,1,9,10407,-1654082028,-279750474,2124465002,-601979749,744468283,-1051274793
2,8,1,9,10407,-224397383,1200612425,436940073,737427,1893729798,-813011575
3,8,1,9,10407,-783819352,-1165227937,361657377,-163836144,1535066302,1758864236
4,8,1,9,10407,1723762880,-1685243210,-426217928,-1920801613,582849094,1000127211
5,8,1,9,10407,-849920388,1435117968,-327679064,56374555,-1622817817,-1985392358
6,8,1,9,10407,-1264241204,-766310112,-1162861087,-236994662,1735279214,-1351150799
7,8,1,9,10407,672318439,-1274224945,-1410405920,-1731639778,2021297738,653702606
8,8,1,9,10407,404928143,-1956496428,866671445,-1223229413,59195303,-673407710
9,8,1,9,10407,-400523039,1960542580,-2144048573,-1753648800,48359949,892538559
10,8,1,9,10407,765351605,-196096012,-1020784827,-688526064,-36184642,-1038096935
1,9,1,9,10407,1120933483,-1738820770,1471954562,-1945408339,-76633214,-644844537
2,9,1,9,10407,1224911650,416879728,1458740157,-1505868598,1156632652,923422821
3,9,1,9,10407,-376599933,1651705837,468290835,-1343269515,1591953475,1765061282
4,9,1,9,10407,35151240,298735481,-1884316737,105167000,-635518231,-1645658860
5,9,1,9,10407,-1774923463,-2137138886,871760620,1489800686,-1350089987,-381217662
6,9,1,9,10407,1644157232,103078944,-69096506,1952436563,1791931752,1211718159
7,9,1,9,10407,-1552470277,-93630095,1899255268,62797899,283807012,1702347718
8,9,1,9,10407,1763008662,1663307457,431090661,-2015485624,1928715014,-2141689122
9,9,1,9,10407,1293229803,-835775105,913635784,1528981253,-1424287454,-206082942
10,9,1,9,10407,-964946873,1892561900,-1301535484,1362978286,2069505652,-1121606422
1,10,1,9,10407,1822287887,-220339420,416160326,1172858229,-1168745825,351682324
2,10,1,9,10407,-1719218139,-883921548,-901973379,-1958742850,-2118793535,34511394
3,10,1,9,10407,-1507695284,-1839168548,-2021634038,1432184996,1249711916,2084675280
4,10,1,9,10407,-1322257390,-533830318,-185043511,2095952120,1455121169,29427258
5,10,1,9,10407,711074344,292572436,-634513061,823351231,2056779996,1535541389
6,10,1,9,10407,-978305829,193789140,126137873,-106447836,709824201,-1079651824
7,10,1,9,10407,1529284586,2093202761,967556701,1960924066,-845212452,1887382625
8,10,1,9,10407,-1754807277,-78193122,-1670430079,872698909,1704881811,-787954147
9,10,1,9,10407,1045619788,1474707067,500071903,1476981820,-1329374045,562707692
10,10,1,9,10407,-281362033,902515479,1945170271,-1027423985,298740985,-1448398357
1,1,2,9,10407,-1030737080,773573351,1251467438,607615293,-940849954,1639599744
2,1,2,9,10407,-1462779641,1214384990,-636548900,-1646391575,-1307039752,-378320948
3,1,2,9,10407,-1729077593,-1642004038,-1894179444,-204763122,-853549734,1356949409
4,1,2,9,10407,-653313124,638930243,-742814915,622625265,-857963611,-458560758
5,1,2,9,10407,-2106503741,-63030461,-1115511624,1040035982,328373672,-1567614984
6,1,2,9,10407,-1941251019,-131958387,-1777654202,-1871792168,-788355866,307424934
7,1,2,9,10407,2098975162,227299127,-1980725784,412345432,2124098544,283348528
8,1,2,9,10407,-46779601,-294541952,-194322057,-948528247,-861721126,-1355357805
9,1,2,9,10407,374741739,-1535663698,775101585,-1515815792,565540052,-717378756
10,1,2,9,10407,-2047893013,355484169,1226396780,-834047730,-732009671,-2019646694
1,2,2,9,10407,2021536220,-1122576199,-1824426921,1251375309,-295405130,-850331318
2,2,2,9,10407,435434185,-266532554,-287075939,752348820,-1929965057,-1082653125
3,2,2,9,10407,-1959317781,-1100764343,790183151,-1008838669,-2086340413,1014154268
4,2,2,9,10407,-1117325900,-455445996,2058740429,1854002687,-472880897,-1336425736
5,2,2,9,10407,-938045703,-1364071044,929080445,394918323,1095754652,1648110470
6,2,2,9,10407,194716468,-1494345943,2131432214,-1035298347,867002224,1930691157
7,2,2,9,10407,-2106983933,-49940371,-654131749,-1478756221,-817177363,-107303599
8,2,2,9,10407,165435346,1696049252,-430366987,-518716244,829140697,-1603607896
9,2,2,9,10407,-1144655878,1196450940,-680642708,-1126473262,1614433392,1966963845
10,2,2,9,10407,-1434087255,333283965,1418051116,2132548646,-1804184649,365880797
1,3,2,9,10407,2013586384,1946122727,-1751339264,1944475744,-2004096336,-2048834712
2,3,2,9,10407,2013272298,1033447830,-1371207705,-845156156,1647045740,-221436706
3,3,2,9,10407,-1368557917,-198882732,-296910772,-1455919432,2001593964,-456774012
4,3,2,9,10407,-130661670,768916796,-1464461940,-1011079235,1668988155,-1020162041
5,3,2,9,10407,-154853786,-839219102,-1614915862,-943702791,882446406,1196392726
6,3,2,9,10407,659360914,136188357,516637649,2120271457,-451464814,-872200104
7,3,2,9,10407,1292425081,-53313767,1800945466,-1792401208,-834122280,1272591837
8,3,2,9,10407,-1876443892,-1954795057,1793320976,-764874472,718407822,256987676
9,3,2,9,10407,80534168,-816080961,-746305072,-964255434,-1931026622,-1456126816
10,3,2,9,10407,1769297464,-677100618,-326673321,-149692053,-1101646076,-1493112144
1,4,2,9,10407,1162333056,175253104,1282138461,255796176,-903816795,-186074534
2,4,2,9,10407,1330503487,637969793,-1797161984,-1868330257,2093033318,741042453
3,4,2,9,10407,-1386723172,-433428039,1843489915,628608475,-1506556678,1651859853
4,4,2,9,10407,286495404,1428867910,-1927819294,63668946,1113828650,-242932052
5,4,2,9,10407,374099131,225550415,-176956644,452923327,-1462495045,1375339969
6,4,2,9,10407,-1126054968,960785652,287244533,-1366358326,236147975,601194157
7,4,2,9,10407,961950103,-1232502868,1027576626,1912649486,1853940719,-829770225
8,4,2,9,10407,829667077,-972922793,-1596069224,-1171998875,-2007174382,57126976
9,4,2,9,10407,792452057,819580559,1547220450,-963875184,1566987828,739541205
10,4,2,9,10407,1291067459,1592291426,1521809217,1668336439,1954925167,2114860094
1,5,2,9,10407,-1375941370,1085395566,462773947,435822417,-814938374,542887007
2,5,2,9,10407,-1282716125,-411370085,-2046213683,1874544047,-547502621,-2014822639
3,5,2,9,10407,669457862,1255301734,-608483909,-1464761337,-204109937,-2071649018
4,5,2,9,10407,1382820900,22891707,-1886503647,-450660846,-2038249392,293910501
5,5,2,9,10407,170415246,877857292,1903739470,-234027693,809660388,-2077742020
6,5,2,9,10407,-1384581615,-1396418909,-58992444,-28897283,-2058367401,-2102123181
7,5,2,9,10407,-1526850673,1050814826,-666257063,-302204196,-946357765,1183079762
8,5,2,9,10407,-1926785472,106886399,-1194181931,-1685576291,-1998699773,596282956
9,5,2,9,10407,-1336076335,-325282573,15425062,-8246165,163310812,1296172066
10,5,2,9,10407,756191723,-992377528,-1569533529,1855283524,1663275986,2070814050
1,6,2,9,10407,1756102261,-89623947,1671950625,665803607,-67895922,1299617365
2,6,2,9,10407,-1581759050,1012687755,737462958,1037010576,-1448860102,649958347
3,6,2,9,10407,688465740,889435322,1745017238,-1980660849,1601703963,2055191897
4,6,2,9,10407,370774314,-1310807737,1784926846,-984285907,-860163815,-710458568
5,6,2,9,10407,18776153,-199608035,-1220168401,-2112548195,1072521367,585669754
6,6,2,9,10407,894682068,624848091,564425315,-1210265640,-1252854219,467675593
7,6,2,9,10407,791454739,1863038486,-2113617070,-2087935474,819602424,-1728234173
8,6,2,9,10407,28757316,-791916682,33701989,153738622,1224989636,853485789
9,6,2,9,10407,-762872975,2040278468,-75675404,-1906146502,1037000706,1192647172
10,6,2,9,10407,1592580708,1822914869,1042737811,-1911121589,-618983205,-1776913528
1,7,2,9,10407,-1071019336,2130635653,371453890,-1091305935,-1272398296,1563445659
2,7,2,9,10407,-297106701,1079015381,2089752874,1003778653,1050807976,-741153637
3,7,2,9,10407,-1601959793,-1672594035,1364697867,813009989,-1555676082,-566073661
4,7,2,9,10407,-755186813,-1400347407,512034729,-669366704,-1248112990,1062453996
5,7,2,9,10407,-1500950429,-1216760119,1947067345,-1483031951,-1204071084,153143714
6,7,2,9,10407,1920714940,-1173596980,-2047103125,718933788,484996407,300469792
7,7,2,9,10407,-619796823,-215561113,1961546247,1087388626,-941027633,715293059
8,7,2,9,10407,-1095638898,2078829345,-1089134130,-1883307907,1062348977,-814100626
9,7,2,9,10407,-143832324,-959676390,1216560301,-1862059990,-1722045874,-2144533234
10,7,2,9,10407,1073868407,-1293419531,-1659564917,-396117432,-1869069647,2024198305
1,8,2,9,10407,-1308888762,-1096169924,-517868004,-1039111628,1484129360,-1279874846
2,8,2,9,10407,-101075319,-482267992,-1292330922,172973432,1319270157,-190488745
3,8,2,9,10407,2107062906,-1982787182,1062083737,1933400450,-1777772315,-2038889664
4,8,2,9,10407,-1949478326,-1132097704,-71851302,-1232862952,-91053065,-539574099
5,8,2,9,10407,96307728,2139672473,391379869,-1969333859,-1560626999,1768431208
6,8,2,9,10407,-883627674,-1136860253,2110181922,-394057062,-106081430,405502783
7,8,2,9,10407,531710467,1947563694,963748522,-2008345327,530985640,1334459956
8,8,2,9,10407,1462974339,467912835,1946964090,1877622180,-821981730,100633545
9,8,2,9,10407,1336019756,1634113215,1030533078,2037801777,584467357,-1278260403
10,8,2,9,10407,975121846,162460110,947326575,1298743866,1714337599,1162604128
1,9,2,9,10407,596864035,2068929390,411428493,417310827,1669126476,-232825025
2,9,2,9,10407,75336177,-275394398,-905897730,-1170547641,-1776310643,560212244
3,9,2,9,10407,911154847,-1411160037,803855738,-368754752,1858774230,1250376915
4,9,2,9,10407,-1062448127,-1397867026,1685901004,-2111657234,-483991361,1781216001
5,9,2,9,10407,1201402611,384715951,-776127464,1965818727,2147193510,-211105222
6,9,2,9,10407,-230460052,-630468919,879618678,1969575577,2021127197,-1711959847
7,9,2,9,10407,-2057884180,-477867368,1065715899,317800977,-1486242924,124254143
8,9,2,9,10407,-1298385815,1244310776,1128750647,1585933486,1079511614,1364007245
9,9,2,9,10407,-1928826724,951825245,-1932914628,-1586623439,1372897743,1606331456
10,9,2,9,10407,1442900608,-1708175943,-26575279,-1953234217,273624024,718077001
1,10,2,9,10407,1909669566,-1208725006,-228041570,-59381932,803019676,1324019846
2,10,2,9,10407,-48172102,1827116044,-1693434479,1250477403,1071969663,-1987544165
3,10,2,9,10407,-1338442959,95722394,654729079,-947727242,965347143,551798754
4,10,2,9,10407,-1305063558,1439944688,-413521942,-855904408,-1522472542,1855316567
5,10,2,9,10407,-134563812,-170838947,-1913384600,1549246366,1331122615,558391797
6,10,2,9,10407,1508358976,-237653984,613009055,1001374875,787858571,-1658997539
7,10,2,9,10407,253411383,1305329825,-1953453219,1090149115,-1054920642,-504078079
8,10,2,9,10407,-1223274277,1669003989,-1014813309,1561169733,-1786343115,-1855534630
9,10,2,9,10407,-1905307213,-299475552,921517342,-488996010,1475717450,1787377657
10,10,2,9,10407,-889709304,-1572620585,-1845871603,1474179112,-2042582215,1117026180
1,1,3,9,10407,-664213247,-841860334,-1652413307,269847710,-816323980,1600789295
2,1,3,9,10407,-542551518,-1837560573,1234821212,1271782142,139934245,-1996281736
3,1,3,9,10407,664092621,65921349,-2086867991,117115632,-2063297710,2100095168
4,1,3,9,10407,536453209,-879194769,1406142213,84841242,367965164,934705811
5,1,3,9,10407,879068116,-9097250,-1467259561,-2079408141,1064383809,-1467715644
6,1,3,9,10407,-1705576426,-713409451,1022386596,1321799880,2193841,1523390582
7,1,3,9,10407,-1731250149,-1839918119,-2133523322,2047818052,-1208538420,-7743591
8,1,3,9,10407,-1464323083,810309536,3999654,-340064556,1817960718,1057354461
9,1,3,9,10407,-1578314469,1067455132,-1695772625,332280918,493992608,-1168350196
10,1,3,9,10407,-1533736524,383730135,1132397002,-1847708980,960994533,977094443
1,2,3,9,10407,-116788544,-513283558,-638315333,-1409836036,1382427625,-435646961
2,2,3,9,10407,-45758608,55220294,-1542890553,423275872,-1463944402,-583684201
3,2,3,9,10407,-1176179688,-1329095134,-531946357,941943381,-1534141728,-718211210
4,2,3,9,10407,1304214707,405206126,-49794955,-822221743,1005386552,1694576095
5,2,3,9,10407,-54681179,-1785830884,-736458159,851493107,740405618,-1993551237
6,2,3,9,10407,1746715545,711317074,-139926185,1155481294,983700104,914731786
7,2,3,9,10407,-1984700743,-739784911,190216996,1326147143,-252882525,1661231297
8,2,3,9,10407,2016703729,724263529,-263583092,-322858096,1839920311,-2098739698
9,2,3,9,10407,1366414637,-1160559346,727251948,609124246,2092590135,588399551
10,2,3,9,10407,-1259921735,1862451338,1628068178,-323467126,205977347,80752035
1,3,3,9,10407,-1990890653,214805236,1296338911,-1271811718,306637200,678568308
2,3,3,9,10407,-1005508380,768314253,-64102364,-986394467,-292864317,1027855272
3,3,3,9,10407,-2064524304,817858757,-718138852,-1923193403,-1866558229,-378062757
4,3,3,9,10407,1494738709,-741087544,914734715,730159103,1899463098,706067382
5,3,3,9,10407,-903904274,-887100526,249930761,1738128365,-1522666053,-1772702659
6,3,3,9,10407,1435803860,1756901627,745827837,1862958897,1468671884,-1302670425
7,3,3,9,10407,-181033368,1358050923,-604322962,-982537374,-601482016,-2025732396
8,3,3,9,10407,571067150,-257021401,2059540096,-13354376,1333270522,1156945848
9,3,3,9,10407,776489713,1992178666,957262853,-593013000,444798902,-1334397907
10,3,3,9,10407,1622883789,551926455,-391879717,-869214958,83016751,1882779901
1,4,3,9,10407,205749910,35793422,21282602,1327860184,409093902,74278049
2,4,3,9,10407,1484753504,986065758,850044031,1704403730,-1232659450,1455208004
3,4,3,9,10407,-1405508158,782858449,1014173984,916197082,-2031106780,1709205216
4,4,3,9,10407,-465205469,309516726,193360402,1716188821,-676315422,1912455186
5,4,3,9,10407,-878419322,1966796333,152322324,-1974651657,-1340762000,1931495502
6,4,3,9,10407,462994294,19819354,84585963,-2120109713,180439419,-836012418
7,4,3,9,10407,1538998440,-150565732,-262144356,66754629,318845681,1766938197
8,4,3,9,10407,-349252442,-1032342385,-100430689,-1590184963,-420853388,-1933595094
9,4,3,9,10407,-13044369,-246954765,765387051,411021282,-1683653248,-1404680298
10,4,3,9,10407,-1201616685,1477285654,652340826,1993485767,1010819915,-383630126
1,5,3,9,10407,239959493,-1951921876,-860597613,1157643523,1324538293,488372697
2,5,3,9,10407,-1555586487,-1481516400,1645358537,-885827440,1891000501,1676358221
3,5,3,9,10407,913581136,583337044,-415811515,-1364125127,-322095993,-1904739515
4,5,3,9,10407,-1692498220,2031731036,-763190415,-432424547,-1322244429,1963216935
5,5,3,9,10407,1302293294,-309600049,-1380428505,-2051993402,-2144218183,-646444166
6,5,3,9,10407,1004855018,-1744367606,-1755738232,261215031,-1911198408,-220727207
7,5,3,9,10407,-1074926947,-1582122337,670864951,1447260021,-394019884,1646262628
8,5,3,9,10407,235677617,-490931837,-324710831,1589002485,-327591652,-46738799
9,5,3,9,10407,1490465830,180149417,-1715336510,1161120193,1776568476,-1172697028
10,5,3,9,10407,1746613417,514557943,864606933,946510820,-244004343,2033736840
1,6,3,9,10407,577975727,-985140105,-718786124,1840128806,1578759865,-816136240
2,6,3,9,10407,-1400530388,199360730,-2042751004,1216456236,702419538,-570817131
3,6,3,9,10407,646072091,-1848869478,89177527,-1263483680,1073960890,-2008177592
4,6,3,9,10407,-733159398,-420064470,-881184228,675840297,547224706,1372113478
5,6,3,9,10407,849321524,-586518175,874010022,1027655544,2083543992,1157617907
6,6,3,9,10407,-140519922,507945698,-356381371,693105446,-1169631402,-1675906163
7,6,3,9,10407,1188485420,-1509058953,2100123166,1309727659,442657498,-1245600459
8,6,3,9,10407,1159061288,1943627097,-1373495301,-312460894,-270501105,875877157
9,6,3,9,10407,-291635405,-497216551,1605417041,-916804125,1202453295,976666984
10,6,3,9,10407,170648543,-180376432,-461781953,-1165230917,-1387956852,369506730
1,7,3,9,10407,1301670739,-1843166023,908983741,-635893519,-200902385,1620437242
2,7,3,9,10407,-1003065858,-1321704673,-615589259,-526845403,-308810285,1094847061
3,7,3,9,10407,1186351357,602769004,-1773290323,380907245,29226915,-1803421986
4,7,3,9,10407,742734593,-1419158037,745274438,-283757003,-155448825,-2022587920
5,7,3,9,10407,-1744905071,-1820198786,-1345673650,1755331259,-1180106326,1632474214
6,7,3,9,10407,-1114774796,685625404,-1436810834,-1373323701,1770058832,1403421999
7,7,3,9,10407,-1252186346,-1455946076,-225870195,86475246,94291213,1995582564
8,7,3,9,10407,257099668,-135654212,-105413082,-1259395835,432135458,-1722819633
9,7,3,9,10407,-1409074130,-378585298,-63764209,1496641816,1535981480,-58906001
10,7,3,9,10407,1855286252,1132569964,223919965,-641151539,-2048529870,-1397403387
1,8,3,9,10407,1636400870,-27065670,2003002289,1536198067,-1550598041,-1755243958
2,8,3,9,10407,1593195017,-887790113,2117187624,-1079036167,-618532064,253454720
3,8,3,9,10407,1960443668,679261933,587939250,-1370164395,2136812806,-982366463
4,8,3,9,10407,1758472306,-756422934,-1727009432,2111809815,-489379012,1407060858
5,8,3,9,10407,-374661789,1985779985,461740534,-1688599972,-536179498,1563238888
6,8,3,9,10407,1317754328,-1294816878,1166131039,1746311512,1440822466,-1806042634
7,8,3,9,10407,-1560900859,1746100956,765462613,-1525248519,808665631,-861256133
8,8,3,9,10407,1936443418,322306601,-1115938217,-1909215601,-1267360730,-437387185
9,8,3,9,10407,-2035506596,-315625197,-1540128241,1141379959,-1577223311,-22348269
10,8,3,9,10407,-2048584200,972900965,-1047903129,-1973163529,284693462,1666187144
1,9,3,9,10407,1891067239,1428075458,240031653,1585048798,272927677,384361879
2,9,3,9,10407,-186741183,1860403388,-1869699426,1400789298,804517281,939749212
3,9,3,9,10407,-1491541388,1987790032,-252888663,-190492629,1839860777,-913176640
4,9,3,9,10407,-428345769,-850094037,1983103101,2146786112,-409025797,711052462
5,9,3,9,10407,204632357,335804803,1440493153,-340319059,1329486862,-2028300167
6,9,3,9,10407,-1253756624,1901588864,341805353,-367686486,-1663621034,-1365105657
7,9,3,9,10407,1581014155,-1291954690,588226945,-1838046741,862294210,1304507495
8,9,3,9,10407,1565398691,1546512134,903148660,-239209470,-878732147,-1366160641
9,9,3,9,10407,1399146846,-278386694,1616823465,-1536602076,-1766426576,634114360
10,9,3,9,10407,-1609009499,1672828068,-643582014,-2062517968,-948244279,505542508
1,10,3,9,10407,1954445441,4880860,-506284562,1376286958,-258429163,1913128919
2,10,3,9,10407,972367214,1498369838,602810536,1573478085,2145284616,-59605948
3,10,3,9,10407,790660593,574336033,-1414290770,1130368918,101289298,1474533887
4,10,3,9,10407,1490504728,-1866386269,860470275,-2097501761,-1569957919,638490570
5,10,3,9,10407,1138067022,-98870819,1359272866,1069895669,1421566303,-163546194
6,10,3,9,10407,962387712,-1080061381,1146533795,1729825171,-1419806822,199763405
7,10,3,9,10407,-935675156,-381640669,126034656,1108766935,953686508,-599158199
8,10,3,9,10407,1329701632,331519280,-214626438,106097448,-1783546287,1474427875
9,10,3,9,10407,-1395617622,692923292,595551756,436806596,1931339559,-126542072
10,10,3,9,10407,968898588,1206614126,-550927873,-592847613,-1978573524,1148367269
1,1,4,9,10407,-1747387033,165869861,-1864172144,-671936039,1821694896,-964642778
2,1,4,9,10407,-1585020475,-1217703193,1654673711,-1535600727,1154962191,-1576861977
3,1,4,9,10407,1927825028,857511722,106335659,992557875,1484807136,-1458010764
4,1,4,9,10407,1432310938,651767219,-1301802005,806985443,-403551571,2094227405
5,1,4,9,10407,-1384595313,-623695163,1764353855,459678380,-832774039,-785448746
6,1,4,9,10407,967153923,349741742,-1359804920,-1643939015,1419681734,1195988766
7,1,4,9,10407,-1100044457,-959410328,1644027418,-1576220988,465909572,-1972557811
8,1,4,9,10407,2121583894,1061966729,902467741,1116243000,995746671,-447587631
9,1,4,9,10407,1576077086,941707508,492649446,1439827013,-1250850660,-886048352
10,1,4,9,10407,358039617,-613718700,-1630621191,-825282349,138183400,-446851618
1,2,4,9,10407,414425985,207117350,-326387066,-1592638270,1348001487,-1031985660
2,2,4,9,10407,-687457640,857750951,-607596258,722187439,339161089,1654307722
3,2,4,9,10407,257374337,1204607862,-2094475787,-1112914915,1601194233,-330087789
4,2,4,9,10407,-1827129437,-1587081384,1195247396,1037777029,940556661,-1840921348
5,2,4,9,10407,2076752680,-1793513145,916223673,2090574109,1005925368,384169592
6,2,4,9,10407,1607313432,1265734783,631488680,1166289097,776793119,-175764576
7,2,4,9,10407,1601401115,-900774345,1718900383,938070256,1389060521,-922656820
8,2,4,9,10407,904503274,-1949714217,220550587,-415722181,1939443639,1148053150
9,2,4,9,10407,-864691690,-1378486405,-678101329,700933502,727716154,-1318924314
10,2,4,9,10407,761660337,1245990266,-1551331234,-44632640,459383695,1639117904
1,3,4,9,10407,334894560,972258542,-1936503865,-784029647,-14343196,-1673924263
2,3,4,9,10407,-907704362,1655096808,376788890,-1142071807,871937224,-1777373459
3,3,4,9,10407,-162618745,259614761,-1183476820,1105274798,-1827261644,609673252
4,3,4,9,10407,-903601214,-325609079,-706115191,-1115503718,-2063851706,1283348978
5,3,4,9,10407,-2045095095,-548363807,-990946748,-144317578,-897480173,1495782608
6,3,4,9,10407,1290030283,1688332657,441676068,-1793515361,1464355830,271887816
7,3,4,9,10407,412109331,1649733613,1807858409,-1603897349,1214109330,-1510010598
8,3,4,9,10407,2127126071,-1838860281,-660135053,-1514623523,2048752259,255094789
9,3,4,9,10407,1660515637,1343810637,-1354870083,1511713725,779720737,1393259725
10,3,4,9,10407,-1299031051,2104101711,-677772434,473049931,2015007865,-202735797
1,4,4,9,10407,354087661,358536943,-1016748540,687204157,-380452423,-826761533
2,4,4,9,10407,247825035,-1089906870,1305148889,-886022310,-635956397,-1270287039
3,4,4,9,10407,-406854210,579229402,1631832425,-1163353597,-1378963785,491660944
4,4,4,9,10407,802282515,371096229,1022148918,-833905999,-1045468595,-1992342215
5,4,4,9,10407,-1005700847,370965775,-241264926,-29007778,-311605789,380545361
6,4,4,9,10407,705265248,-380360293,-1098665751,-1983216874,-1436184557,-1114379669
7,4,4,9,10407,878346380,-1143938351,979500687,1656377585,619351224,1781375292
8,4,4,9,10407,1810457567,891006292,739822376,1265090300,-1241936014,1135707282
9,4,4,9,10407,-477456089,-322340734,-1974874914,-276866317,1928534198,498280392
10,4,4,9,10407,-151119895,2135944746,2114395284,1042888082,589731924,-550391117
1,5,4,9,10407,604599547,626321939,1150063406,-534994906,282847921,-741188682
2,5,4,9,10407,431973683,-1676783515,-471520516,1565762089,1851791742,215450181
3,5,4,9,10407,1539069524,-120722107,-2063179603,930501443,2018901010,-2097990615
4,5,4,9,10407,-1492178427,-1287619069,-1518147830,-425155704,-205921917,883203814
5,5,4,9,10407,42804460,-131137517,1737233558,-1082967414,188854804,548885433
6,5,4,9,10407,528995246,-807436780,-1107632798,-648688653,278014113,-349825999
7,5,4,9,10407,560663716,1778586378,2143735707,1520944478,830160802,608709928
8,5,4,9,10407,-1426288274,1525740125,2112981317,1753024209,-402022927,54417269
9,5,4,9,10407,971202344,-707418831,1622772337,-1126137259,1748409189,-273245768
10,5,4,9,10407,880906727,-1885150924,1633145921,1459779945,-1539114040,51438164
1,6,4,9,10407,1553685827,113830801,-1135496048,-2090413172,106562559,861418038
2,6,4,9,10407,-626071910,929609991,171588627,-1268008251,-332095744,1501063063
3,6,4,9,10407,1235558511,-778837229,772445640,-146709004,1488407471,-313838276
4,6,4,9,10407,-2062427626,592577847,-1841006531,-243228953,-1124250689,-188928880
5,6,4,9,10407,1749297172,359330001,2045195965,-117399012,1976062372,1082601394
6,6,4,9,10407,-658851963,-436986637,189784432,665955688,20497578,-581544777
7,6,4,9,10407,1256807234,1002124817,729893358,1262517469,-62699337,172752221
8,6,4,9,10407,698578079,74170908,1502522683,976448456,-129880300,-724593391
9,6,4,9,10407,1839927026,2031088305,-1974396303,1664970113,1625767369,13010193
10,6,4,9,10407,61820223,-1958659810,-808278578,-1111859120,1365153376,157770346
1,7,4,9,10407,-1179152145,-471401157,-28797875,1508909255,1559531417,-624360707
2,7,4,9,10407,975161023,-1888434590,1462325775,-987434337,1053374155,-626389419
3,7,4,9,10407,233235948,-1980887204,-265270244,-1446957857,-1038614044,943300954
4,7,4,9,10407,1394741410,-1057039599,427224397,315989671,-1486338994,-277682378
5,7,4,9,10407,-1043662759,-871873801,1962169449,-661761799,2093348032,-1917999084
6,7,4,9,10407,-1979797388,920812468,1334195408,-1619104483,936709343,-1597837185
7,7,4,9,10407,373674897,206989430,-1101448114,2073530723,1368814205,1518416247
8,7,4,9,10407,-719221722,-1701903392,-1640643911,195443024,741044898,-363392225
9,7,4,9,10407,1563865610,-807396959,1299113498,1744079041,386816390,-1507798874
10,7,4,9,10407,-904651713,-961065562,-1713838458,1970331670,381127064,1293163436
1,8,4,9,10407,-1002351410,1164578291,649639897,-1750719479,2070907672,1149301260
2,8,4,9,10407,11805463,254941767,-1793312885,-472385863,-1236372757,1134870839
3,8,4,9,10407,-1592099671,-707357529,-51561315,496863141,752381636,-303843915
4,8,4,9,10407,1486448046,1662695142,-481042330,-1658810213,-480128411,-1342437635
5,8,4,9,10407,1849868994,-1866442896,1719861339,-206682799,-337020475,872579996
6,8,4,9,10407,-2076600474,313791297,1075882302,-1836224300,-1808951722,370995857
7,8,4,9,10407,-866481551,265553662,-1519568269,-1906319994,-574858897,-1552730320
8,8,4,9,10407,908983017,734328628,-1047236163,119438001,484440659,-39874248
9,8,4,9,10407,977960380,-1410867320,-118209312,2030358359,1423581594,-175320639
10,8,4,9,10407,-589631223,28043470,-308905177,1251838928,831022956,-995723343
1,9,4,9,10407,897513121,-657023560,-2023928720,482052320,-211036823,-782722753
2,9,4,9,10407,-4074928,833751001,555392830,754760101,-799268062,-89299899
3,9,4,9,10407,-89801577,1595414306,-1329718093,1342601627,826841756,-248331997
4,9,4,9,10407,-1178030668,190704325,-1295058586,-314641587,-1882256585,1047012412
5,9,4,9,10407,396091152,533838147,-1886164387,1355648693,-488726061,-1135669317
6,9,4,9,10407,1899551171,-1822490842,1257545043,309560200,-730584278,-776328823
7,9,4,9,10407,1251631874,265532028,-597700713,1016109985,1726072520,-1950869577
8,9,4,9,10407,883054896,808255184,-102259810,-2041123728,-1085357714,-660829481
9,9,4,9,10407,1387381710,1597361848,-505119270,-403356212,-762322856,-188711452
10,9,4,9,10407,-1218266635,-980326596,2094464359,-2030494938,1509745178,334054956
1,10,4,9,10407,-200435823,-651604379,-894412799,2085258452,1340188004,554898647
2,10,4,9,10407,-1679861883,-1002607210,259172525,-827129038,-513056574,1114474729
3,10,4,9,10407,-583733830,-2135024998,-1601061620,-2120453777,-1040144487,1966257904
4,10,4,9,10407,426232690,-1776263482,1108322108,-81994135,307826220,565821976
5,10,4,9,10407,547405110,-1955179029,-1521375609,1602033466,1283728252,924164202
6,10,4,9,10407,1298126862,-1089404179,1129137052,-1962844097,-895599286,1094249757
7,10,4,9,10407,-729801299,-420836945,425985981,39103263,1516643449,-1862082337
8,10,4,9,10407,-2139243568,2043371039,1172887405,893643296,185911573,-1524855131
9,10,4,9,10407,1025277459,1247923241,-1381501768,579505544,1059534689,1006088311
10,10,4,9,10407,-1094275929,1325286255,-1987390651,762796412,-1604136925,-1444194019
1,1,5,9,10407,-1736442576,328521832,1233775144,-1579082527,287707604,754238749
2,1,5,9,10407,-489274325,-459349092,-2094569105,460226889,-337799999,1441108488
3,1,5,9,10407,-394658311,-320910793,-2098444393,-652490025,-623287445,146197363
4,1,5,9,10407,-1970994751,1247552254,1377826938,1300684753,474937588,-1557708852
5,1,5,9,10407,1318652972,594269953,760904584,-709314985,-1892750491,273228321
6,1,5,9,10407,960870634,101426817,-1990492201,201302998,1983222561,1949258167
7,1,5,9,10407,1938269948,-1359219837,-421584426,-83314399,672257943,-389804936
8,1,5,9,10407,-518703813,247144021,-1272164613,-1929289005,2070675585,-2001759800
9,1,5,9,10407,250169391,-1837221353,-2136223716,1338555268,-567051954,1072838843
10,1,5,9,10407,-614370809,887353685,1587384874,-201490423,155770864,1660939186
1,2,5,9,10407,-2074211979,-17234195,-269941109,829246939,-696275003,-1355860103
2,2,5,9,10407,59391654,-2068444494,1479545994,-1773193860,924368927,-1847489644
3,2,5,9,10407,-1323476097,-698733991,700333196,1715009058,-349068906,1258090351
4,2,5,9,10407,29786411,-906740458,1956933661,1774526134,-1559891880,209931479
5,2,5,9,10407,-1514807624,853481526,1253395494,-1463619611,-851769976,487999588
6,2,5,9,10407,272888592,-1959043502,1417823356,-906878421,1437699806,435045666
7,2,5,9,10407,-1019643096,191455741,1207720633,-473639068,-1683580076,-1809796606
8,2,5,9,10407,1705147483,460434353,-336559239,126172346,772023286,1984344508
9,2,5,9,10407,327759943,-1126755346,1087185957,1365173956,450683006,1330824992
10,2,5,9,10407,-1982115652,-2102389439,388934629,714959339,2112582814,-349852480
1,3,5,9,10407,-1487990272,-319516985,-1157206516,81102487,-242537261,-158583796
2,3,5,9,10407,-1954543343,1361457843,1459133782,-176605229,-137775402,-1162661813
3,3,5,9,10407,-1201061216,-640301396,-789096635,-784885069,-1716211271,1987434490
4,3,5,9,10407,-1129300163,-1633281189,1372520419,-804421053,-1698381684,-606498864
5,3,5,9,10407,-752996542,2021386831,1020207930,572945047,1509355017,-1285001940
6,3,5,9,10407,-220691201,1899044451,888262608,-92244841,-1717252334,-686278861
7,3,5,9,10407,918750623,1314435271,704427193,1246043842,-1849138121,95280460
8,3,5,9,10407,390142847,-386508264,-1629089784,-6552201,-548270391,828411523
9,3,5,9,10407,160070691,-1521389070,-2036619678,-1270349666,1474260180,-1411081454
10,3,5,9,10407,1274372722,545561925,-1816654494,907497884,-1597897193,-2036038719
1,4,5,9,10407,65029526,-1701343585,122614065,-93232138,-1523579571,-1391279621
2,4,5,9,10407,-682979680,-1392545051,-537745767,-769554545,-1517211905,1921336284
3,4,5,9,10407,-438188091,-368079615,-535413032,2070060667,-41260783,1766242253
4,4,5,9,10407,-1846861412,813251272,343842672,-1501696763,543294182,524433161
5,4,5,9,10407,1638276429,-1932749791,1271725665,271913743,1611171782,-1239426882
6,4,5,9,10407,-1938416904,-1193386493,406977356,1174597882,-367093758,1427252806
7,4,5,9,10407,1921837512,-94048382,-641932882,698178054,1080205573,-423528530
8,4,5,9,10407,-1606438124,2125276891,578021321,294380774,1118812255,-459250697
9,4,5,9,10407,-679756558,2108081248,1791555906,-1284772088,-1718208858,-906559994
10,4,5,9,10407,-1236873705,-1952459674,351373120,-1957525564,-2120847412,1931630842
1,5,5,9,10407,-1443127694,-1322352287,960703313,-1022761413,-798574729,1139905051
2,5,5,9,10407,1850623112,-76524708,990363785,-221887260,-4802539,-1858280656
3,5,5,9,10407,-1337590602,-1107157006,-1407086900,-409564757,967972740,594395675
4,5,5,9,10407,-664295923,1893195199,-1031386311,-1664373361,-129667869,-1028662591
5,5,5,9,10407,1396617471,-1365343521,1897531055,1491756808,1976590009,-74441435
6,5,5,9,10407,-1472347421,1091680406,946015100,-2003743040,2023461693,443719969
7,5,5,9,10407,-989876164,1338815993,2004082739,1906246658,-1831678790,390999678
8,5,5,9,10407,-1405539370,-1533460455,-1902180042,-1876775237,155090565,-1998444142
9,5,5,9,10407,-992786469,927790481,-1045724974,-2022424570,-733393257,1101397431
10,5,5,9,10407,1590086147,-1509588483,1726772786,2003793705,-644374173,661171242
1,6,5,9,10407,316633143,517779700,905584788,-1121245021,-1645401722,426256037
2,6,5,9,10407,1685465713,-2041611602,-221577090,1677229641,1720507689,-387114023
3,6,5,9,10407,-672103671,-816779326,-573506528,-687810118,1691958937,1860652298
4,6,5,9,10407,-598513720,1998546571,-1386760971,-2106707497,885601043,685953506
5,6,5,9,10407,1289450671,919190076,-1167274137,1043928640,-1526967724,1888440126
6,6,5,9,10407,1128213820,644031856,626036806,727739772,-396102330,1850268621
7,6,5,9,10407,-431875193,-1672369955,80167728,-1562416524,1456655430,-875634625
8,6,5,9,10407,-1871324170,69608813,1161783654,-743435116,2061556100,1873316107
9,6,5,9,10407,-1455703751,-2019608357,1833178539,-1996949563,-578242893,1682816280
10,6,5,9,10407,-219918104,1699568298,1892731387,-1967268043,1527449560,798839289
1,7,5,9,10407,669409450,942922185,-2006921224,-925289834,-2107606885,-214878519
2,7,5,9,10407,-486678489,-1766879041,851445197,-567048212,-88433161,947032136
3,7,5,9,10407,887197491,142385511,166841674,-1206933644,-37218105,-765070034
4,7,5,9,10407,-1947011029,1648594534,-1236094182,1353687653,881003888,-1110036210
5,7,5,9,10407,-1421640313,1409095269,-1792423935,2088784812,-341928298,1331984270
6,7,5,9,10407,-1812540800,761804560,1371287668,-1907722496,-151785159,1640278933
7,7,5,9,10407,-113810555,-919431901,-1083190965,835102183,-426846356,-795442282
8,7,5,9,10407,-561022589,-1083666310,-1244767912,-1915503015,-1846708063,-1724154774
9,7,5,9,10407,-2106701536,-637132103,532052200,-367058235,1091251132,-8816678
10,7,5,9,10407,1448047937,-152007416,-1656961134,-614598008,-1382634918,1354090670
1,8,5,9,10407,1693170793,852679634,-798886779,-486674776,1550844887,-1157203164
2,8,5,9,10407,263522829,517043130,-1850193321,-1826700921,983371780,-2139143199
3,8,5,9,10407,-89106799,-597578853,831899984,-1910808552,-363878924,-1033223525
4,8,5,9,10407,451465797,1507247958,-1875272895,-1270789860,-846771029,-65158148
5,8,5,9,10407,495954153,-1170494966,-687739877,405503010,1348961084,1421936399
6,8,5,9,10407,2022545104,-1532692044,-783926832,1573264214,-1606357916,1139349245
7,8,5,9,10407,-1424676203,649304356,1235802262,-573197102,-1534574789,1630311339
8,8,5,9,10407,744517874,859112459,990648736,-184585704,-227178495,188426996
9,8,5,9,10407,230245016,1588472599,219626212,-2145064673,-655406460,647613888
10,8,5,9,10407,1519434372,2005872378,-678410928,996623352,-732542820,725787619
1,9,5,9,10407,1053758905,-1738352799,1350708098,630688541,-855595753,-2101650377
2,9,5,9,10407,1110159749,262494430,-745616280,-573684057,1860408925,-1031732437
3,9,5,9,10407,1148060882,-568568899,-1875000239,-1870896376,2145236184,-1877542264
4,9,5,9,10407,929201189,1570338187,1026252873,1227170527,438360752,-320962274
5,9,5,9,10407,910313763,-116304913,1395757753,407251570,-1135291753,1921377790
6,9,5,9,10407,1074467985,2080308014,-675544214,-1863621093,1144370821,1479795231
7,9,5,9,10407,-1600962703,1497849987,-1848489555,967124814,-1999368186,325303679
8,9,5,9,10407,-392019690,-1483247838,-827709263,919181377,-779007774,801576467
9,9,5,9,10407,1116603659,-198455633,-1217948500,-1772353,-671598459,1405596603
10,9,5,9,10407,1614903028,-1424613489,-689139245,2110404411,1507945961,-1720514160
1,10,5,9,10407,194351468,1277344383,547375149,-2118762655,-2122368406,-999135246
2,10,5,9,10407,885344391,-344087115,1772014607,-2109549337,-1794761982,-1530389385
3,10,5,9,10407,-899363263,-1508550936,2059197938,1382595166,925714290,1975893563
4,10,5,9,10407,330482327,-1319910104,-1660487933,-936204866,1121370439,995602599
5,10,5,9,10407,410401154,-217358070,1177225608,-1160162055,-142525597,-691793247
6,10,5,9,10407,1449267429,-307144304,-236431374,897718479,-1651863066,-1901776791
7,10,5,9,10407,212311673,-88417410,-1019188682,-1287150522,-1067658971,-827405331
8,10,5,9,10407,-1211181357,-1129376311,1902327829,1792243597,1744129891,-2001374467
9,10,5,9,10407,-869795898,398478385,178214940,1966654112,-1966669195,-1205681421
10,10,5,9,10407,481947025,-1037424701,1030102273,341948925,-804092375,1560433723
1,1,0,10,10407,609956774,-850196572,2004618508,-1711925963,789919466,-1835678061
2,1,0,10,10407,2123944722,1528683240,2120709998,-965210456,-2025483738,-875162959
3,1,0,10,10407,-929526479,-2052001253,-677151108,-1348085916,-2117244452,621007249
4,1,0,10,10407,290080435,851699859,605221368,-2124919478,1214335212,1856452301
5,1,0,10,10407,-1084773287,-1139229924,-645220853,1251988237,-370584092,-1560307935
6,1,0,10,10407,1702954969,112099401,726682538,1290135706,-516499067,865476108
7,1,0,10,10407,582789131,1565855236,156954287,1835114604,1879680808,-2142492061
8,1,0,10,10407,86391966,-769561705,-1035228856,1761114381,-1907150630,87592961
9,1,0,10,10407,780394770,1645658897,1003312568,-1489842790,-24982732,-331486304
10,1,0,10,10407,1514081456,1092095955,1283755179,-1837947207,-1606702743,692715435
1,2,0,10,10407,972003294,-5983586,-798231573,1647469005,-368518095,-2110772148
2,2,0,10,10407,1109245694,-726429479,1143096207,-304913859,-844360227,443849522
3,2,0,10,10407,1006275984,907883807,1713145170,-870492738,1614055484,-1790597455
4,2,0,10,10407,-58385827,149084725,-58010834,-324253292,1241957994,2119475008
5,2,0,10,10407,66070767,414383638,-893898981,1629541866,-1542489018,1490955886
6,2,0,10,10407,1704148604,-413491106,1412794745,1851617735,749607657,1648849137
7,2,0,10,10407,-507597308,-531662003,-1351011582,-1039480490,1740065140,-784162356
8,2,0,10,10407,132988331,-1727225110,220152049,-674463532,976470154,-507720134
9,2,0,10,10407,-1792389385,-774856920,-27914981,828548290,-1415901819,287709827
10,2,0,10,10407,881433215,2031209910,-593456694,934501664,677677937,2119612182
1,3,0,10,10407,1736706129,-1031899420,-1997412932,-1939651879,-1011363075,-485871620
2,3,0,10,10407,-1149384046,605747564,653027963,-1204330508,889161628,983111613
3,3,0,10,10407,388533214,224410043,-1275965830,-664616244,787935277,1674566548
4,3,0,10,10407,704479579,1031807288,2083176250,283041022,1864666322,942287087
5,3,0,10,10407,1113987366,1571911308,-1367408800,1886752883,1877701057,-2070167101
6,3,0,10,10407,-801292277,1187421115,1650527674,-494416488,-875533196,707752802
7,3,0,10,10407,759260354,334710285,99290078,1955086001,-2100752345,1894362127
8,3,0,10,10407,-1907134669,-485278921,-1456697334,228692670,-741906780,-401529794
9,3,0,10,10407,-515599967,-204905400,-1366101093,1848671237,1539244863,-387123356
10,3,0,10,10407,1702910924,1320415490,1456655291,1384543689,1033330149,1226671881
1,4,0,10,10407,518640337,-549132421,-1039890403,-465163973,1592674423,-845633595
2,4,0,10,10407,-514103770,-255436497,1589189998,791860241,2142384703,-832297448
3,4,0,10,10407,1440541231,-701986560,-974556652,618699767,-290963694,-1580462056
4,4,0,10,10407,-262080113,-110754865,644137874,1821685440,-786365632,1630798020
5,4,0,10,10407,-1338695892,2100142969,-1494507782,1124948780,1865923874,-159555679
6,4,0,10,10407,-1348717122,-182804274,-1882167297,-1937361520,1804145768,1144347804
7,4,0,10,10407,970501079,2017530661,1219503613,2100632613,861047634,-444412423
8,4,0,10,10407,954657068,728964102,375823226,2141940509,-1801819266,1558879888
9,4,0,10,10407,-110565617,837290943,-644785710,157443820,260961281,1263312299
10,4,0,10,10407,199959253,-934398304,115275278,1911740869,-2075913276,-1233224453
1,5,0,10,10407,-51635600,-92639710,-129135216,-415905815,-823160002,-213014481
2,5,0,10,10407,876074249,-1229691314,947844454,1974530737,5496529,-135224963
3,5,0,10,10407,646091444,1757236857,662074678,840939101,1368281481,-1523312816
4,5,0,10,10407,-1481458122,1848579230,-1848954149,-1688909589,725408,-203231548
5,5,0,10,10407,695619987,1118713305,-260388124,1906247298,-1500548532,-227243100
6,5,0,10,10407,486081547,1511292194,1487389599,-1898566342,-1312781772,-517486745
7,5,0,10,10407,1094606629,366743716,2111529390,1481833856,1490872805,-1250924443
8,5,0,10,10407,-779886617,-384172085,-1351140089,-156779776,-1672043991,-816929710
9,5,0,10,10407,1065293806,249329165,-764791803,-1741207145,-331183749,-189963993
10,5,0,10,10407,2067070735,1148867097,719446108,1474076432,2010434116,-79209388
1,6,0,10,10407,-1029935717,-943213849,1226044529,-1376359051,-2074774351,-1320997253
2,6,0,10,10407,-45582954,175534797,607580655,1063451096,-513388884,-1515055986
3,6,0,10,10407,-1982869595,-243621780,710582825,-1349166106,1421859642,-1190297069
4,6,0,10,10407,-1694667990,1048003190,-1994781020,-300060539,1263144107,991029877
5,6,0,10,10407,125170212,-384099298,1479498268,1533898699,-1997352654,-1256699086
6,6,0,10,10407,2076853232,824482429,-1196743519,2039943710,16738212,-1819909755
7,6,0,10,10407,42674381,-453715489,-327342849,-2059076407,1780368038,1742428850
8,6,0,10,10407,-1469897090,-361174190,-1084018343,2021619483,-2059882552,1469106527
9,6,0,10,10407,-1015797341,1708357209,181370912,1576326909,-684077672,432733305
10,6,0,10,10407,-890567863,1822387980,-515950190,-776574627,1019288642,1070771172
1,7,0,10,10407,356264661,1218078407,-1825807430,-933483042,-1220297547,-507431137
2,7,0,10,10407,386094202,-8407315,684005621,-1914652850,-785336257,-2000473484
3,7,0,10,10407,990370163,1311765803,2022494973,1162787122,1262620690,1611083362
4,7,0,10,10407,19750467,1334852869,1748255599,990616423,-66190549,546827880
5,7,0,10,10407,974548697,1203636186,-1762542533,-834102460,-1257382504,1845839118
6,7,0,10,10407,-947735062,1015188351,548423211,-1357140505,681517106,77809349
7,7,0,10,10407,583026800,1062228124,492280339,-734546365,1306223177,-1289456535
8,7,0,10,10407,-337126088,-1185034301,-1888862494,87945196,-1500166238,-872393113
9,7,0,10,10407,1638926507,869969490,1179305924,1110352054,-622493531,-609253990
10,7,0,10,10407,-1911828524,88201858,-744799978,472007430,2030697066,284942221
1,8,0,10,10407,-1469634067,444987109,-981709982,-824219278,1057551116,1909273100
2,8,0,10,10407,-1729736316,-756664007,-1631243590,-355619166,688335246,-1099137548
3,8,0,10,10407,1554469706,395384852,-1934084534,276136898,-2057732518,-244865382
4,8,0,10,10407,1762918047,-482947402,893389628,2011624641,430267604,2050467568
5,8,0,10,10407,-1189014136,1528519672,-1711968344,-192274083,742884021,-1680869246
6,8,0,10,10407,-2004744094,1040442591,-2044759160,-1162799432,386474313,140393804
7,8,0,10,10407,1805214047,-1760999021,-1028648098,1092494877,1878863991,-1051040310
8,8,0,10,10407,1649479280,936052981,687492271,862436768,-278144636,64417011
9,8,0,10,10407,-1777760958,855592814,-1744156619,-2219211,-350268142,303732150
10,8,0,10,10407,1807435597,2006209236,907988245,-728954141,1732543334,308489083
1,9,0,10,10407,-301690960,-1283450097,697307445,-294886230,1493585127,1269601574
2,9,0,10,10407,2100814475,-535543820,877606283,1559922279,1208450360,-1004826010
3,9,0,10,10407,-1523368693,2104943760,1059875892,-1423480435,1739877697,2121183894
4,9,0,10,10407,671131827,-1910067116,1261161204,-1996096744,1119477789,-1054207598
5,9,0,10,10407,-2135447688,1649502551,753864388,-900691601,1775835038,-355980922
6,9,0,10,10407,-1143454114,-493545535,-707387813,1238968411,-1351318961,786173450
7,9,0,10,10407,-711124015,1367041773,1654800687,-2119094685,641912568,-290512388
8,9,0,10,10407,1158890083,-1335682046,481437509,560361244,1880091795,123734965
9,9,0,10,10407,773704936,525145444,-544790158,-1664379206,-802040666,-815272334
10,9,0,10,10407,1444265456,30959876,-2098807221,579922007,475235884,-1495579459
1,10,0,10,10407,1817341412,-640048727,-161959390,-503020412,565921318,-2103479420
2,10,0,10,10407,-173734906,424755238,511029785,922049009,-1902863208,1319634329
3,10,0,10,10407,1075535599,-1354741610,-61388989,-707337360,-2053159214,1461531222
4,10,0,10,10407,2085791992,-600322037,872754161,-1914718295,-1487687746,635213790
5,10,0,10,10407,-1785148073,-346748559,-1176332032,1194418641,1032436289,-1513158258
6,10,0,10,10407,-631649066,1983110937,-878768324,-199680980,752703476,1574517063
7,10,0,10,10407,1653104754,-1564810236,-1952388736,1535386959,131535777,-565974803
8,10,0,10,10407,42657357,-745026495,-258596217,1434951647,-802581654,341500824
9,10,0,10,10407,-505470298,478757278,-680772809,460788676,1826817059,611161421
10,10,0,10,10407,771106998,1308394102,-178070772,-304911757,844510187,-817011127
1,1,1,10,10407,547183315,1016376813,997483552,986404105,5315352,-699329446
2,1,1,10,10407,216734960,-132114902,401666350,2049912664,-1558268289,588401658
3,1,1,10,10407,-412520943,-1151790553,-1406929514,578822032,-1561289172,187338424
4,1,1,10,10407,852752465,-196520409,1984326242,-770499203,-947216827,-1421296609
5,1,1,10,10407,-1035877,1265562545,209510324,-538613711,202653745,532335860
6,1,1,10,10407,453707673,1301127025,1444327233,1695521575,-1830749617,-564640082
7,1,1,10,10407,-215059043,1421438530,-988424988,-2090510414,-1703606694,-1225765923
8,1,1,10,10407,675048861,820380988,-1322662026,1876882785,7980192,-1752551135
9,1,1,10,10407,1303443230,182716979,-1738965037,-2071498577,1350200165,1549466905
10,1,1,10,10407,145376230,200183720,-261431903,-369297752,1612108761,2051155598
1,2,1,10,10407,-1589003012,651164083,1998490612,-1847898289,-1001628619,-938110617
2,2,1,10,10407,458646236,-582305800,1800737480,1184200091,-2055962717,-1431341653
3,2,1,10,10407,-1380131056,760746020,-644379154,-1336999595,-304489220,921413906
4,2,1,10,10407,1992618725,-2145364423,-2041926087,163668181,-1855191005,-2092538396
5,2,1,10,10407,-2090538008,-1448112306,1094690343,1604821914,2124212407,3531586
6,2,1,10,10407,195209654,1260458889,-1199628967,1830977397,-29754033,-812022078
7,2,1,10,10407,398137989,-611273103,825467220,2093297428,-1519235814,1226134447
8,2,1,10,10407,1601691477,-1398812638,-1300568297,-522343831,-794461532,1025019326
9,2,1,10,10407,1717059786,1631240789,-1086073213,-1876811277,807435244,-1911953959
10,2,1,10,10407,-210589730,-1529598040,-1191653720,1869697993,1006245050,-1285423850
1,3,1,10,10407,-1719964490,-1613541580,948424366,1701567797,1818084781,1985160147
2,3,1,10,10407,-1234152926,1707553632,843264503,441448043,1078509025,749864409
3,3,1,10,10407,1612495480,-591872424,999251102,-1018811031,127178675,-1757359838
4,3,1,10,10407,361269640,719748775,-1417881716,2115688175,-679991775,-2070564943
5,3,1,10,10407,-1172720097,-2091644374,-1344635973,2025616096,-591445380,105964735
6,3,1,10,10407,204823402,-40560222,244800501,2131321096,-710280712,1490890159
7,3,1,10,10407,724110216,-575632700,1537501566,1836106686,363652201,-2010940620
8,3,1,10,10407,1253363851,-81148164,403344985,-845703196,-1160752807,1906250960
9,3,1,10,10407,1492533277,125855471,-837664727,1122788648,-415812031,2015021132
10,3,1,10,10407,1643038979,202081417,-344257393,-197733067,-413136598,-1861076086
1,4,1,10,10407,1407826028,1954367136,2140196145,1698350138,582606737,-1327647469
2,4,1,10,10407,1425305275,-1311384484,-1865187478,1598655104,1528902591,2092634936
3,4,1,10,10407,1583219626,-702889500,423515302,314163740,-1815563969,-1535407322
4,4,1,10,10407,-526383735,576844112,-1064152160,1945661165,-1986732976,-323449744
5,4,1,10,10407,-35670966,1096744306,617123364,-653864332,-749944813,-1604162198
6,4,1,10,10407,1167640757,-1222144338,-1721844398,646740417,-398585878,1167400601
7,4,1,10,10407,1432465893,-337464137,40402823,1438381866,-572532292,-229663954
8,4,1,10,10407,-1384199455,1759147670,-993573904,1469455391,209709605,-937711892
9,4,1,10,10407,-659418662,-456773317,-54360065,535265016,302911937,-1313357988
10,4,1,10,10407,-2087385128,276131484,760083881,-2079248633,-802616060,1741573550
1,5,1,10,10407,118721390,-1887588312,453654359,-1791074408,-1475429329,-601552401
2,5,1,10,10407,-562158085,-902866105,2044101502,1387755875,711287070,-1088254327
3,5,1,10,10407,-721331841,549259805,643108153,1759264559,501230559,1005617316
4,5,1,10,10407,773916679,-1515200977,-1881127757,-761575380,-2143102860,-2105915837
5,5,1,10,10407,-1231640419,1172163996,1221823234,-478281366,-2009351782,-972816748
6,5,1,10,10407,-1302495620,1592268930,1265599974,-836982756,-1761037917,-1930456885
7,5,1,10,10407,2002703739,-797542267,-1230272558,505607180,1087613698,-1357552628
8,5,1,10,10407,562731962,252540829,169237489,-778961657,713027529,2006865684
9,5,1,10,10407,1507506827,1683783753,-863224906,-1434773993,-2013503081,-1341046584
10,5,1,10,10407,-368899504,-455172373,-1883915160,-1192055513,-465449028,1837033062
1,6,1,10,10407,-1421853313,-1478762930,-1592085802,-660184470,276230184,-977766749
2,6,1,10,10407,497336428,-1453714691,-1758447803,-177174137,2054201410,1959936553
3,6,1,10,10407,1600966404,-486286346,1111657862,955727094,-552969107,5724459
4,6,1,10,10407,-1204192791,1868329290,767775200,560585273,-292375848,1827669092
5,6,1,10,10407,-1969823131,1270505364,-1890847459,2028527736,-1983754004,1860262077
6,6,1,10,10407,593647180,1060955973,103434056,-1870387989,2028053682,-1451102466
7,6,1,10,10407,946016091,-1635384008,1427820432,-1257085178,1334747372,-63467694
8,6,1,10,10407,-1323459108,-1472503541,-932846611,-2081330840,-229193543,-792054655
9,6,1,10,10407,-2136619315,-821971514,-1350122370,558877299,891973635,1530118844
10,6,1,10,10407,1000242815,-2105720772,1277808275,-1621058545,-1377319769,-1599233888
1,7,1,10,10407,1506149672,-694311941,533424225,1391581204,1656700037,-1407351863
2,7,1,10,10407,-92195285,-1441209642,786487542,757629394,412652078,-367205930
3,7,1,10,10407,-1988715490,-989092616,1932195043,1865060681,-708777312,762102635
4,7,1,10,10407,-1983523340,-1558944057,1664012193,483815188,-186668217,-1377480969
5,7,1,10,10407,883487827,-3009195,-640509227,227297863,808694070,226440344
6,7,1,10,10407,-1582376479,1527176201,-599416336,-576996510,-316700873,-904407121
7,7,1,10,10407,-1446158241,86198730,-282210772,1911518461,1806423813,1026113879
8,7,1,10,10407,1116154322,1251107709,-1052607348,2129573486,-1673575285,860498569
9,7,1,10,10407,-1506203331,-1223793652,-1676338047,576531908,-1537241329,-510079690
10,7,1,10,10407,109843932,2062503663,-1581176325,831013657,-1238294896,-28070755
1,8,1,10,10407,-1579895087,-2139074069,1080656764,-839017791,-2135425419,-681997278
2,8,1,10,10407,210064351,348512500,906194386,-1861070376,-1871485416,-634427888
3,8,1,10,10407,1516771840,-1480841822,2079684300,-529223026,-216082784,-1403336810
4,8,1,10,10407,-40543209,-1176525593,-949189931,1239437115,-735209961,-477191663
5,8,1,10,10407,-1887267087,-1263419930,-1385598833,1432621829,195806155,-562317922
6,8,1,10,10407,-1859477592,556419247,-372693629,803715105,-590362314,1673224441
7,8,1,10,10407,1464083445,1947288260,-289566839,1313597102,-182494277,-167383472
8,8,1,10,10407,-984344562,240713502,2038691813,-92784736,-728384962,-1177983888
9,8,1,10,10407,1717131348,-1820190343,1886172063,-401285242,-376802961,-443395888
10,8,1,10,10407,-1857812125,1018064402,-579462844,419006208,1187792926,1604924535
1,9,1,10,10407,1371158785,-1956029356,1417868571,1482225136,-640298299,589508536
2,9,1,10,10407,62584431,1814415344,-1579065162,2066232099,-509569025,-2067221267
3,9,1,10,10407,-425187897,1523010899,133078279,-522319911,-846154541,-241833075
4,9,1,10,10407,-1842499771,695407892,-1239445621,-1537422280,-1366117165,-1913289999
5,9,1,10,10407,-290168027,186595636,1777561327,-827757466,-1982148904,1193521769
6,9,1,10,10407,-748860033,1027122357,-1822669565,-1394597208,751080203,1551930347
7,9,1,10,10407,-1273116714,-1862708086,715434883,1646999634,1472877419,1091183844
8,9,1,10,10407,-1154776911,-71679417,1433553673,1442127148,-281881958,1872472624
9,9,1,10,10407,-1488069290,1021148366,1803198624,-88737674,-707048729,983133625
10,9,1,10,10407,850297232,156674197,886543597,744985726,-1762872515,1155697174
1,10,1,10,10407,-354916036,1206008231,596747394,414326574,-367983873,74195189
2,10,1,10,10407,813976499,1004485302,-1542498168,-54275527,1862479048,681674882
3,10,1,10,10407,1414868881,875919582,-1368854713,1215001625,-905525522,-1574760330
4,10,1,10,10407,-1596551331,262648357,-1550997304,1246284250,-682283620,325180433
5,10,1,10,10407,1063481005,-936873803,294104707,-2098576457,-1644620514,498256484
6,10,1,10,10407,824494238,-1697031381,1001762113,1329716581,-2017165124,-993888379
7,10,1,10,10407,-1847130398,-471052741,-256191454,-567064486,1051977581,-249850716
8,10,1,10,10407,-740619270,-1116778670,-1751755369,1965267774,-1264986127,-304340486
9,10,1,10,10407,1763933810,-1967169860,-1446715172,473807548,1685101980,178893192
10,10,1,10,10407,1095195585,1915638818,428047487,1914239946,-2006002538,1050193104
1,1,2,10,10407,637835730,863555943,-1897973032,965621388,428976319,-693018160
2,1,2,10,10407,-19244910,-1517508476,2024607213,1290234959,168509076,628849031
3,1,2,10,10407,-1270590651,1775219613,674267628,-1851206217,-1035475281,929467838
4,1,2,10,10407,765855873,1206724857,-1552060471,-1974923043,357880493,-1338544102
5,1,2,10,10407,-2134820549,609047445,510371734,1893196901,-1566699315,2007303805
6,1,2,10,10407,322541589,-807422018,-1373256830,-1651378178,1224789778,2100523862
7,1,2,10,10407,-2111880207,-622920227,1809847096,-667859144,2114109520,-870401950
8,1,2,10,10407,754233742,1115999786,1102819882,-1662840910,-2108690754,944926338
9,1,2,10,10407,409645848,-1541389428,944806554,-2105796723,-1252835010,691291393
10,1,2,10,10407,824831895,-1444819500,-163851339,-1619819392,1791082683,59006243
1,2,2,10,10407,17037453,659156008,102180046,1874628191,2065179284,593345709
2,2,2,10,10407,137534006,889863805,-139281945,979749945,1870392913,-351607938
3,2,2,10,10407,-608061329,-1166686550,-10742951,1510715531,1299013748,-497627131
4,2,2,10,10407,1824243883,-36849562,157529161,189182882,-811031763,557298519
5,2,2,10,10407,1603775867,-287937297,-1730393803,-1839151144,1821335272,228229482
6,2,2,10,10407,1141400181,1214487393,1481791655,1203748317,1316023895,1049287246
7,2,2,10,10407,-13574086,2084086786,-184433586,-1388015481,-2099310920,-1403924673
8,2,2,10,10407,-577170070,-739528388,-1543359140,-67800975,1245421443,-1757489551
9,2,2,10,10407,-1788996593,-548317362,1560697647,1347904516,-620788036,591296799
10,2,2,10,10407,1656787193,-1232826079,-1042242358,-739659379,99320439,-1960219410
1,3,2,10,10407,-850652986,-2083853711,-1493974520,-885274449,1982343033,-1559277739
2,3,2,10,10407,1980831429,1685916471,-1686436739,1341640802,956089958,-118541447
3,3,2,10,10407,1249148464,2118718829,-1661586985,-1823314756,-2046494907,-1567921995
4,3,2,10,10407,1600350147,-794696810,655827837,-500272952,505796691,-1694189482
5,3,2,10,10407,1448536433,399981754,337572386,-679030660,-233460148,1585719540
6,3,2,10,10407,-1383938769,-1998463488,-1863803348,-1353557654,-1911301026,1027436404
7,3,2,10,10407,-455536736,-1823221276,1310159980,1956651659,-98623239,-1326111881
8,3,2,10,10407,212307992,-1757117063,1752056490,-481703709,552372673,138899650
9,3,2,10,10407,-272424134,-277099640,-1090662728,1536752390,1412574070,-1445951351
10,3,2,10,10407,-1227286786,1514841289,-1388473817,657402089,-1040554687,-1163999145
1,4,2,10,10407,-596691742,1618003442,-1984561469,897540430,-560489589,1362201630
2,4,2,10,10407,1060116744,-2113663284,975523517,887047001,1626456721,-782361161
3,4,2,10,10407,786865419,-1810452914,-1101350464,2030398782,-1614500721,-672185911
4,4,2,10,10407,-1091344778,171707201,1765525958,1258640899,1154761040,-1502441800
5,4,2,10,10407,1896952875,28953242,-1523066712,-1735038507,697943647,-1996331960
6,4,2,10,10407,924061181,-1890919275,-61945039,1796833331,333535650,-2120098155
7,4,2,10,10407,81121128,400635655,2071892830,-1056119378,481888273,-39227086
8,4,2,10,10407,-256945954,983723287,390683967,-1654334328,-587096815,1640388442
9,4,2,10,10407,-220794569,1562057853,-47875535,815015371,-1357037901,129591690
10,4,2,10,10407,-271195472,-102698428,526459233,1798354365,113688525,1050516239
1,5,2,10,10407,-1675578943,-1955219703,626308389,-1517696646,97144766,1458226207
2,5,2,10,10407,-737677066,-1439290220,-1455787571,1235145344,2094608422,-2036546013
3,5,2,10,10407,-132440799,698658431,-1831160210,1004834043,1372075614,-897481236
4,5,2,10,10407,-366642645,234549773,2130435081,1740332019,1121738386,-1112321075
5,5,2,10,10407,247606029,1193832148,-1436570504,-678614462,-1549479173,-869805293
6,5,2,10,10407,-603146529,1542986445,1988218213,-1232662807,-975619266,-1670981741
7,5,2,10,10407,2048588218,-2073752456,1155152944,-1910046025,-354368769,-1433594301
8,5,2,10,10407,-1944421302,-584629636,320747545,501660922,-1033793271,1584370162
9,5,2,10,10407,-402704199,-840758504,494213658,1619668141,293032410,707744813
10,5,2,10,10407,1967638864,-2060472792,1845841937,-1007071377,1013245277,1542809121
1,6,2,10,10407,-92055286,2124371518,1289294060,-1722104586,-1120802342,-1120187972
2,6,2,10,10407,2052631203,-372736177,-1991764902,1005963579,660895420,1940441995
3,6,2,10,10407,1736443567,-663758163,-1058992602,101243232,1340245878,266423482
4,6,2,10,10407,1991804672,-203437803,1968330059,1104749505,1933711277,1186403202
5,6,2,10,10407,-1148575074,-1382144012,1174716441,-148759989,-541780500,-229377623
6,6,2,10,10407,-1597441581,-333825805,-1297970199,2020144917,-1558315242,-1660083028
7,6,2,10,10407,40557987,1652688476,1243359510,224494667,-1651711101,-2078978746
8,6,2,10,10407,-1467201311,-1656510312,-44290745,664281159,2126563752,1238745562
9,6,2,10,10407,1704081495,715576268,-281495751,-1365945205,-1257326590,1019004976
10,6,2,10,10407,175595285,-471138231,-1908002001,1323584823,-2121862091,569779166
1,7,2,10,10407,-2007157221,-2069784055,1865811741,1348363831,417294232,-1510110854
2,7,2,10,10407,-1678475820,-21534154,1352401319,-1184073131,1619677617,-662531573
3,7,2,10,10407,-85945025,-1944639917,-1755063178,-2002978390,307746531,857929326
4,7,2,10,10407,949943377,1885333158,-509893496,799559354,1902227379,-2028997724
5,7,2,10,10407,1639192941,-562893821,443845413,-518918261,2084681749,9718276
6,7,2,10,10407,2142280970,-558167080,2034157938,1697490004,-1416971094,1373776394
7,7,2,10,10407,-1536380472,1029838413,-1613289998,1949297453,-196883698,753625830
8,7,2,10,10407,-1428056866,-459782508,1381391379,-1879884485,1211596755,-623821866
9,7,2,10,10407,-1146718808,38036408,1462075575,-936645004,-1290682767,653736955
10,7,2,10,10407,-1319069821,-2033354314,-1417410559,1076707978,2020260532,-1027391453
1,8,2,10,10407,-1898073324,-73516644,1305142905,1970536577,1669998724,1862462617
2,8,2,10,10407,1870000069,17451513,2034442901,1712480284,1771871637,1601037879
3,8,2,10,10407,695893370,265324749,-1069138457,1338603427,-1251345792,219717132
4,8,2,10,10407,429928015,1342484239,-640446663,889633057,1641989891,1367116221
5,8,2,10,10407,-883792541,425842712,-1304667621,590632000,-1891927217,-478122957
6,8,2,10,10407,1681895698,-217603209,-2019546945,-499655043,-1128707603,-331934412
7,8,2,10,10407,398277735,-1020589846,-1464312407,-216697245,1620053393,-1159826020
8,8,2,10,10407,-1606430456,-983200660,-1369580358,1632788065,-1682303998,-1091692339
9,8,2,10,10407,1086719152,1884147801,-1315928680,-854030126,-277632159,131993549
10,8,2,10,10407,315406488,1140027314,1098831474,994376786,-1116647524,237818391
1,9,2,10,10407,-35329105,2142568192,489384780,-386386852,-1868007857,-851394656
2,9,2,10,10407,885335464,-821397529,1661549854,-678528731,977502972,-1710977346
3,9,2,10,10407,1785788410,886356124,-245520720,-674100296,-804178766,409078033
4,9,2,10,10407,1254760539,-1732996957,1158949050,-109489850,-1371678366,-964722151
5,9,2,10,10407,-1494393172,1026447325,1607918441,-1547399635,-105906790,412355287
6,9,2,10,10407,2123815257,1081710087,-1333972740,1505300864,957398338,-1405949683
7,9,2,10,10407,1846105139,-849341735,-1173970893,647765035,381362846,2107264131
8,9,2,10,10407,-439593683,173462717,170079041,-767406110,-1598873880,-1880657189
9,9,2,10,10407,1257237425,137052255,-898669230,-1661770103,-1123171905,1064325759
10,9,2,10,10407,-1105439363,1148073404,1571147732,651200317,331942755,346360222
1,10,2,10,10407,2063806601,1861263719,1106698401,-14032449,-1254301313,-50800084
2,10,2,10,10407,1510054736,-975305869,1515274725,-1456200740,729099086,1760004579
3,10,2,10,10407,-193605885,2039628747,1976786119,333165306,-502486599,246373474
4,10,2,10,10407,-2108526478,954219032,-343160032,-616727678,833507872,-354077706
5,10,2,10,10407,510585955,-1235461533,663696019,-1613735541,-857654737,-1750723320
6,10,2,10,10407,1745842222,-1642605131,1640079758,-266778545,-1011110247,1872414772
7,10,2,10,10407,869663919,776486093,543835579,-2144339761,-1242707916,-97887615
8,10,2,10,10407,1014789765,1936607453,-234424226,733054226,1058659007,-1825417233
9,10,2,10,10407,-1824660970,-1850024706,-595243379,-550694329,1008714721,1950550169
10,10,2,10,10407,-2076363281,-1281448897,1489670464,-775504798,702153710,656420874
1,1,3,10,10407,-1587831379,-1573802961,1072831721,-432020681,393187862,806813949
2,1,3,10,10407,111293420,1425848193,1214676674,-1430947603,-1020732901,-496682918
3,1,3,10,10407,-1684276069,1939500884,2005567308,-2110473566,1213394767,1014024098
4,1,3,10,10407,1326041840,-282818134,1323119060,2124640109,1262573520,-1987835728
5,1,3,10,10407,1398001756,1126307017,588122286,794397350,-1714691577,1926527962
6,1,3,10,10407,-190305640,-1205327485,912071656,-1012356255,1830140300,-1716258484
7,1,3,10,10407,-74802625,1378733861,-1122462395,-2015451948,-1333046140,-1316058804
8,1,3,10,10407,335268336,-1575164705,2071247803,-364818319,-1918340493,-1586674619
9,1,3,10,10407,774144687,698359995,605446671,-2053216316,-1507671819,-579242330
10,1,3,10,10407,1637779184,-453430573,-4864460,-1760128071,-313254050,-1961085033
1,2,3,10,10407,92948138,1517881184,1264962721,1118269289,618952626,547767393
2,2,3,10,10407,203029736,-310424228,-1831266122,-1729874800,1801999985,-1270860917
3,2,3,10,10407,-430407950,338449618,1324352908,-1045414052,-770788802,510890368
4,2,3,10,10407,-1754585233,-912479008,94643286,-1059982286,15810614,189788367
5,2,3,10,10407,-2013608882,252401848,-395779521,1393958978,59231354,1037302550
6,2,3,10,10407,-681998959,262017723,1681351324,-152549510,2090922967,-1913988634
7,2,3,10,10407,1741763975,-671834533,-1241461219,1939747606,1430745215,1268851409
8,2,3,10,10407,1178200000,-588093721,2127349700,381380290,1946021576,-1112650363
9,2,3,10,10407,1370297795,-2081785150,365160624,-873511162,1788455695,126897764
10,2,3,10,10407,-310860538,2050429188,442636563,2121611998,367324697,-1197051377
1,3,3,10,10407,1410598335,847436197,434980050,-1521260426,1256642646,1855610295
2,3,3,10,10407,-9003802,-906800205,-2077721290,-818867122,1898889221,-680607482
3,3,3,10,10407,1549026164,-890124023,-798056257,1094299933,-592197188,-1471999822
4,3,3,10,10407,-166870457,-828046958,78401766,-1930136342,-501943459,462246491
5,3,3,10,10407,639599484,-867155809,1447043387,-533153665,855041485,-276538883
6,3,3,10,10407,1995925553,-646432554,-976847093,114518267,1674717483,-830950605
7,3,3,10,10407,-42619552,1568983866,465414647,1100457709,1843206665,2137052755
8,3,3,10,10407,-1656405193,1596100249,-2010062804,-1344540796,169808814,-397332333
9,3,3,10,10407,-1974699361,-384423712,-371831528,-1263240715,1179975421,170681453
10,3,3,10,10407,-1906108224,1430491846,364820021,-1168203314,-559322276,1528835404
1,4,3,10,10407,1033965806,-984234470,-310828275,-408922735,-639494565,-1243569238
2,4,3,10,10407,2039797580,-1068708685,-1376557136,1868575528,431334383,694258991
3,4,3,10,10407,1210276285,-941189223,288367027,1473984646,-1561982536,1129651932
4,4,3,10,10407,-499204237,28004939,611106595,1698171771,-89598971,275944128
5,4,3,10,10407,1666051593,1090584275,613974041,-989220106,360086533,-2136567052
6,4,3,10,10407,-483871428,-51955978,-1956008442,-270308537,1436669303,83311857
7,4,3,10,10407,-1938717058,809344742,-803253573,159405923,-506160226,-918439581
8,4,3,10,10407,-2980265,-969631687,332939160,-1264570987,-903054170,-1339154625
9,4,3,10,10407,-1724196964,-1624285883,-1378345339,437321891,-1631085247,-948231670
10,4,3,10,10407,1934523980,-2043622454,426214426,-1065360676,1553351044,-1850324263
1,5,3,10,10407,496432682,500225736,475108101,-1327085619,-672303950,-631717786
2,5,3,10,10407,-1512825723,-664977469,2082661239,1900528813,-134709841,-1523458631
3,5,3,10,10407,-294868893,-1290867743,1328077756,1527848744,195395960,-282538147
4,5,3,10,10407,1972637563,799824595,588388980,-1333344354,536113243,-305563687
5,5,3,10,10407,-1811382528,-538702872,-1381184338,1019484484,429351028,-1861540958
6,5,3,10,10407,-1590475850,-2050327215,-1755750327,1770616060,1127695533,-1032055423
7,5,3,10,10407,1092439068,-1719499532,-1082143970,1044866762,634473849,418481157
8,5,3,10,10407,-361984566,742793967,-1365346174,-2075797490,1474689125,1596971274
9,5,3,10,10407,831420468,797686053,902122374,-1027392884,852328019,-1205310029
10,5,3,10,10407,820567216,-1036397308,1741830584,1611682164,2094479132,1912638117
1,6,3,10,10407,675727054,-63327363,748113513,-1707478466,-1510421273,1019012975
2,6,3,10,10407,1548981934,914700322,591329149,-73555188,-629070890,-887806220
3,6,3,10,10407,1872648874,-103113720,1714633847,-1558422853,-659276626,-1422587607
4,6,3,10,10407,-891222422,1569615309,-1053868680,-1185656241,-1417439409,226855578
5,6,3,10,10407,1364778169,-1597765072,1829026512,-409552960,-1854176959,1302247819
6,6,3,10,10407,-817940971,1939171164,1119842477,2062852663,267449737,-318333856
7,6,3,10,10407,-96896272,1550911985,140817525,368386615,-852483721,114091564
8,6,3,10,10407,159084260,-834564840,-297573035,-1307695967,26335911,1846380957
9,6,3,10,10407,-1750900427,761770445,-1292799112,1500569205,-1553156048,823140759
10,6,3,10,10407,347662358,-468293675,1121369182,-10845591,1078675676,1946308714
1,7,3,10,10407,40449877,308510334,1416693135,-4170166,1525009503,1649954634
2,7,3,10,10407,1653502151,743477785,-1611587889,560848776,2143575817,-2086181895
3,7,3,10,10407,-793952071,1646017310,-875354531,1577963635,-874266904,1286192383
4,7,3,10,10407,-1792121752,-187077096,979114138,-724924162,-1939336102,-677461139
5,7,3,10,10407,804773207,-1701169594,595828565,1113414155,1834169209,54410887
6,7,3,10,10407,940843580,-204256899,13824556,-431840114,470153371,-254709039
7,7,3,10,10407,-1160337575,-1754140603,-1246430134,-994214722,-2069611283,-794985997
8,7,3,10,10407,-463156747,481419165,1154606187,-556132106,-1534880668,-1790654244
9,7,3,10,10407,-1280072947,1163767047,1577458484,2104341845,176859348,-1327313145
10,7,3,10,10407,-2114136211,2093329056,-261980203,1850630431,-884609428,946918136
1,8,3,10,10407,687445636,183388979,-2133832267,457548847,-2130844526,-1362448947
2,8,3,10,10407,2007015395,129831562,1989086196,1483083944,-951604091,-1209373144
3,8,3,10,10407,-577254434,-1775145183,1219057875,1713759567,-1794466061,-986872651
4,8,3,10,10407,-1539455002,-104136593,-387764322,237434265,-178353139,-528189521
5,8,3,10,10407,-277931187,1712815014,574828142,1895823918,1559179721,1373300849
6,8,3,10,10407,-467165604,2077029666,1251830207,-199157988,1017361180,690356449
7,8,3,10,10407,1113496901,-1884781649,241083487,-1726723952,-1590918350,1760524715
8,8,3,10,10407,284444353,1049314644,2106526538,321757609,1479163504,559799093
9,8,3,10,10407,-1827593223,205747208,-2028234004,1101768485,18203353,-1355421309
10,8,3,10,10407,1720609102,-730936431,1192359801,388969223,-909353243,1445150175
1,9,3,10,10407,-1014679735,1116574369,680692594,-1751351374,29562519,-1273485641
2,9,3,10,10407,1831066706,-777502195,1741267572,1371660985,-1395147533,-929975834
3,9,3,10,10407,2087847855,-1526399358,-1665518560,345534771,-1113379730,1796762066
4,9,3,10,10407,659309963,666418206,1037763735,-62370438,-918669555,-75895631
5,9,3,10,10407,-511125960,-1984900831,-155208803,387551146,1921526185,-1396432499
6,9,3,10,10407,2020015110,-1919965627,-221328244,-1926184162,1100478820,-469560272
7,9,3,10,10407,222233554,1631301213,231988378,1366867848,-1119082064,-1168648374
8,9,3,10,10407,-1441275219,603763789,-235857653,393264534,-1876762375,1005632813
9,9,3,10,10407,1832680315,325962647,175635364,-804836575,1938457308,2141276035
10,9,3,10,10407,501963473,-1569531549,-1623441972,95821647,1301438673,1003523801
1,10,3,10,10407,1556834591,-251451964,-1416320515,1143374907,-343350922,-29275911
2,10,3,10,10407,1251812693,-1617720314,-1366009366,-1583404370,605367949,-1751751596
3,10,3,10,10407,-1397157864,-1657865862,1393943104,1291162950,-1700968703,-1649520982
4,10,3,10,10407,-893632756,140069327,1451031816,244743750,-292496930,-517773133
5,10,3,10,10407,-1926386283,-264679261,-760217458,-608785068,2144619032,1944412015
6,10,3,10,10407,1695039022,1961599144,309296627,-996880308,-106740752,-1338338166
7,10,3,10,10407,-895511741,-1546737902,1342997769,-1567211406,-459622677,-196746358
8,10,3,10,10407,1729811324,848965356,-2143317926,1111958420,-225920290,348469800
9,10,3,10,10407,951745315,35824238,1855123269,-1222942367,677925881,570756371
10,10,3,10,10407,-1990892871,-74368504,-620132381,-1164928234,1302358885,801820921
1,1,4,10,10407,34584386,-1646435802,857217071,409911100,-1918777549,-1079314257
2,1,4,10,10407,-1721233973,-1629741,-1260913932,1687179314,350730742,-571514099
3,1,4,10,10407,2110850577,-1968073596,1049313330,1562330173,570350770,1809986232
4,1,4,10,10407,374047475,-998717517,827097374,-1438331576,-792121063,1243551817
5,1,4,10,10407,388361513,640967868,-1125901838,2044388357,355271923,-310966789
6,1,4,10,10407,1119190783,73066463,-231693711,6043176,121092149,468219331
7,1,4,10,10407,215110073,-1298820108,-1836088458,1169955925,1778458510,1989123638
8,1,4,10,10407,1618375720,-1323657465,-572311179,25434385,386774803,-752792569
9,1,4,10,10407,-1573303484,-1167523195,297227448,832858078,1060346184,-1767195337
10,1,4,10,10407,604530950,1946108459,518851810,1111324994,1554758850,-1556435115
1,2,4,10,10407,-87021855,2064346105,-1680440432,-1414938211,457454419,-313322231
2,2,4,10,10407,1098115230,-88616020,-1146218532,-768400356,695426236,800962490
3,2,4,10,10407,-1735395154,-2037325865,-1541967974,1691168410,926766599,-1043440452
4,2,4,10,10407,451220461,-2009154755,-277651600,-1984332065,888858540,535749933
5,2,4,10,10407,-1589112699,-564842624,-1890541831,1436154472,1340082996,1804424412
6,2,4,10,10407,900512233,193333335,1083430878,-1620277309,1491549521,-1524765072
7,2,4,10,10407,779118813,423409237,586979686,989496935,1508815008,1926147849
8,2,4,10,10407,-1446087661,538432910,2107155650,5632640,-557701273,-772743014
9,2,4,10,10407,966109707,244823342,1902944473,-630783539,-1756748543,962215030
10,2,4,10,10407,1886200639,517141891,303241834,2019743256,1484130065,-142712447
1,3,4,10,10407,-1324733512,176054464,1794019877,1254056064,-1848623061,2133725887
2,3,4,10,10407,939956296,130122243,-1373101643,-1507375371,614455644,1733528586
3,3,4,10,10407,1172299678,-1443500498,1379934342,-1495943771,-1888540981,975676220
4,3,4,10,10407,-113338276,-233807541,-1467654869,-793076430,-552853822,827153408
5,3,4,10,10407,-876947795,-1384556689,410221,1888122635,-2038511463,-409175272
6,3,4,10,10407,-1354981669,-2054181743,-652238514,211576457,-1419240257,106892870
7,3,4,10,10407,-1870179575,-1645861676,-799429457,-86133120,787521626,859239137
8,3,4,10,10407,-1804892702,-1130636489,840247108,869905697,501601836,-170329261
9,3,4,10,10407,247687418,-2118548121,644960718,-977641395,175804209,1318791508
10,3,4,10,10407,1853675861,-1200982025,-948466445,-79320220,143854930,-742483888
1,4,4,10,10407,932966507,-1474890036,-34379112,30188805,1235538540,-738929337
2,4,4,10,10407,1250075032,-762200339,1514628137,342200279,-1708783242,-890453893
3,4,4,10,10407,920622957,-1846779851,50830338,1979485916,-1204569745,1857861667
4,4,4,10,10407,1355247276,724792697,1688882961,-745309853,-162115595,-171824069
5,4,4,10,10407,-1594180183,839037007,146668636,191068733,562207723,752823127
6,4,4,10,10407,1612812998,1039585210,111638907,2045506835,-1770228862,1659437579
7,4,4,10,10407,347399744,-966752211,929767734,-1618484717,-177904736,-611908198
8,4,4,10,10407,1950297464,-1639491975,-1180555521,-1172366067,1228051166,-1727911540
9,4,4,10,10407,-1145540769,1084463463,845138206,1558888634,-1411958595,-640788323
10,4,4,10,10407,229123440,-26726715,-46431018,-1193322787,-199390243,-234812447
1,5,4,10,10407,-1064659999,-1313783933,1608267746,-1115395736,1270639273,395779253
2,5,4,10,10407,-1815936062,-162180949,-1699597495,-631713927,314762749,978398306
3,5,4,10,10407,-626363449,18792957,1819651997,-1849093652,-315557876,-1629806301
4,5,4,10,10407,-1428095069,1388057360,-1775092269,2095443462,-1591666757,1679177707
5,5,4,10,10407,2010272994,1502587868,-447675899,946464407,-604699834,824377267
6,5,4,10,10407,2060621902,-1623429918,-2130548773,-67200432,701923281,102080039
7,5,4,10,10407,143835669,654652438,371232058,36125349,1433301710,1906911434
8,5,4,10,10407,711462153,-2086204926,1858177384,1762564335,1574337469,-412569279
9,5,4,10,10407,1487036003,345890149,726783710,2123557735,1862642636,-1515705968
10,5,4,10,10407,-16951033,212553475,-228077259,1287842960,428109558,106300710
1,6,4,10,10407,1117661221,229942598,1826299232,1799189603,927560162,-634981000
2,6,4,10,10407,1246103691,48685811,-208530270,1743547024,1079754236,545379328
3,6,4,10,10407,-582966472,-2063893030,-1491365290,35651297,-2040115630,583487298
4,6,4,10,10407,-1447371735,1437066026,-1365601627,1072569377,-561486751,1149977742
5,6,4,10,10407,1293996888,-2139383026,1052103682,2002412579,-802737978,-1551293418
6,6,4,10,10407,-1955628981,-352302547,-1046191647,1413365943,1333591470,419294744
7,6,4,10,10407,-1303975260,-756226982,985625928,582521218,-969134830,838955586
8,6,4,10,10407,1434458115,-1307961154,1167078834,1712271247,-1922157516,-2031702129
9,6,4,10,10407,-1419238689,1438117846,783526418,751059846,-1470082984,-689742809
10,6,4,10,10407,259536731,-1485337823,-492530345,1118271078,-321398674,1602402831
1,7,4,10,10407,1842822678,-233349945,-1063108018,-2044383992,-774200613,-1919004002
2,7,4,10,10407,-1886473906,-1164183495,-1490194414,100070921,951901417,1363669039
3,7,4,10,10407,-552824728,1579766491,-1281533348,968414759,-634628153,-343647013
4,7,4,10,10407,451773374,-1569228879,383956353,-817047542,455903749,-864956526
5,7,4,10,10407,-586055650,-1835249476,-1330426778,-1424903621,2028766466,-1252308030
6,7,4,10,10407,336321067,-1736750921,-189507344,-1648061132,-1827813556,197827575
7,7,4,10,10407,-1465977857,-1497538041,1777006948,-773173243,1388320120,1482712594
8,7,4,10,10407,1433836542,-1427185957,-1937149827,-1836625460,-1002733876,-1090817802
9,7,4,10,10407,-625474994,1057715974,-1299590935,1668617366,394824791,151097139
10,7,4,10,10407,1562862779,-1080543933,-587920094,-1704479084,-1507205056,-468436584
1,8,4,10,10407,-1810765618,-624672679,831183703,-318365186,-1226246712,2016576516
2,8,4,10,10407,-2030269080,-1130990295,7553506,-1371960833,1558014812,-76897622
3,8,4,10,10407,-740307359,-288488950,-846380550,-1346235157,1251825730,-892281765
4,8,4,10,10407,-1186570853,867449664,633356958,740299645,-429246587,1392169869
5,8,4,10,10407,-1567715191,1761962890,977484270,2087679485,-1654696081,409560840
6,8,4,10,10407,898103619,688093541,-1417902016,-777837884,1518755094,741693633
7,8,4,10,10407,2022792696,251806922,-320111518,1598282577,650807067,-604787913
8,8,4,10,10407,-1433885668,1175872908,908050834,-351819064,-151126073,1931174017
9,8,4,10,10407,596774240,885147755,467324312,1978456286,1383189126,-1104901612
10,8,4,10,10407,1044245160,279473056,-997478754,-1182387292,126825443,-1404584514
1,9,4,10,10407,2112403904,-354756792,-158979178,-1751309252,12952750,164992085
2,9,4,10,10407,-567959534,217215504,2122274222,792876182,2074455399,-818685758
3,9,4,10,10407,735095764,1259964871,1359342929,781603262,362094138,794923861
4,9,4,10,10407,-1982937186,-1605020499,-1472614909,-1163542573,-199669761,2004182040
5,9,4,10,10407,13410087,-1005609882,-1055737956,1914699338,523202265,1973101898
6,9,4,10,10407,1143879864,-1606269889,-227618438,146802986,-443502851,-864383426
7,9,4,10,10407,75201178,694667407,-1086547132,1497542449,1807840137,20013998
8,9,4,10,10407,-76945937,-23524490,2108393655,-929123982,1959207173,-1646486155
9,9,4,10,10407,-1007510330,-572090256,-145117237,-678082108,-1499389377,1747647067
10,9,4,10,10407,938720946,834244636,-1987880993,925961386,1529387670,843467645
1,10,4,10,10407,2126925812,-324604963,541874992,-598407466,2073202274,581209523
2,10,4,10,10407,2124885355,1741821649,371337362,338737251,-527746597,1355198037
3,10,4,10,10407,-887588479,936850831,1723107498,-695287524,1100519612,716473462
4,10,4,10,10407,711030232,-1591034862,-988926154,1381498095,517727140,-389779995
5,10,4,10,10407,-1177404520,39642567,495196351,914146842,-1053382216,22065965
6,10,4,10,10407,1313109671,-1390851095,1913562449,737184988,-980165615,-1745420898
7,10,4,10,10407,362941555,940504160,1534174411,-1355508015,1806165588,-1342529170
8,10,4,10,10407,1671158156,1555742103,-1140043263,-1819845860,-778163172,1781545208
9,10,4,10,10407,424176670,1313599367,268749703,-952811661,-987572499,-376435195
10,10,4,10,10407,385236761,-2128796936,-283864725,-1738603141,-339846121,-1221100609
1,1,5,10,10407,952008402,1387519300,2075453040,74096540,-2013517982,500182694
2,1,5,10,10407,-1355961793,-1248185442,-1992706408,17589109,1071947856,1824438911
3,1,5,10,10407,-705527026,-525479887,2137573951,-700067306,206851532,-1640320933
4,1,5,10,10407,514675325,-1018768572,-1767884631,1787754649,1053977070,1474476472
5,1,5,10,10407,-833922721,-879640895,-1693407777,2088170660,-2076454131,1039867268
6,1,5,10,10407,-517990387,1675527348,-607255612,-1564273504,-148825156,1843753465
7,1,5,10,10407,-1014468169,1207128362,53434281,-1068818440,-860403503,1513699775
8,1,5,10,10407,-1400993138,-1599733708,1752244734,586213993,1099254201,-1251526504
9,1,5,10,10407,1921115779,1881696738,1447736238,-1265836875,1311295797,10977637
10,1,5,10,10407,-1425288517,1531606412,208388498,-887965935,-1518396279,36819848
1,2,5,10,10407,518475540,-1005514155,1375615175,309123030,-1924508389,-2043525390
2,2,5,10,10407,625629206,867525286,391517019,-1947629168,-1457412754,1103453118
3,2,5,10,10407,424725864,-1983415811,1439833343,702182328,723904630,-1441940017
4,2,5,10,10407,1821816131,-1401184331,1543246602,-1141403670,1304990344,-287684602
5,2,5,10,10407,-763385515,-1033399451,183859945,738505021,324445738,364205413
6,2,5,10,10407,-554667929,606461749,206193847,1817162393,-295509969,-1933076337
7,2,5,10,10407,931107728,-1940126770,-1325240583,-944853589,-1742327693,-1392296885
8,2,5,10,10407,-1133772893,-596735599,-1002066595,-1150960203,293459548,-1824807770
9,2,5,10,10407,-682939758,-1626904006,1374153148,-1752024248,1630062717,-1258644424
10,2,5,10,10407,1303410673,-1450823410,-1337838730,301751864,-1683179378,739294641
1,3,5,10,10407,1386912492,-987546213,-671487051,-5055295,958897377,1731475194
2,3,5,10,10407,-1638810084,1310659967,1159060384,-877822287,-271105413,-1683961229
3,3,5,10,10407,2136236245,-1521342605,1306590720,-627335144,227108793,1678339016
4,3,5,10,10407,-86170496,976429987,-1642457018,-1374593667,1233065672,-2098295111
5,3,5,10,10407,-259663900,-960556575,-254363575,2106606800,125275094,-2097369835
6,3,5,10,10407,-418606713,-1465077338,985007327,-1382879082,859306659,451243248
7,3,5,10,10407,-1456225261,797995123,1962300049,1310109549,1548547153,1689603547
8,3,5,10,10407,273374726,2145911107,-1154279781,1557752546,-2114920951,123661911
9,3,5,10,10407,1138141721,-1590057070,1372234226,-924341632,-850947392,208786010
10,3,5,10,10407,2065321221,-2012031219,-1378139204,284644319,2096327340,-1749060602
1,4,5,10,10407,1489488045,-130409290,-1791749746,-406550197,1396972215,-1403824254
2,4,5,10,10407,1801987057,-1471257882,-370949939,565266519,-430327327,1598157660
3,4,5,10,10407,-1491532894,-1063048867,-324764200,-289096237,881900378,1581890734
4,4,5,10,10407,935817867,1033845795,-576340377,-894608798,806777779,-76880455
5,4,5,10,10407,-1091938603,-2055561938,-1888866589,1407703865,-43032528,-537881615
6,4,5,10,10407,139243141,2057735724,-780529875,2006782399,754210898,318545528
7,4,5,10,10407,-1066564152,1324098357,-1388214813,1291252958,-1872378781,930583762
8,4,5,10,10407,-1088968784,-777506197,1923684690,-1282868849,-2086400918,-1830149883
9,4,5,10,10407,1086430898,665234242,1441470504,239278031,-1625883558,-1474198255
10,4,5,10,10407,7932193,448318965,695100436,324483078,-2144482710,1823736905
1,5,5,10,10407,-1869757836,-2137889923,-461818424,672184013,-1640310841,1315875931
2,5,5,10,10407,1965772803,-531521124,-309367276,481648316,502493762,933847600
3,5,5,10,10407,291948740,430373401,-132013606,-1782629720,-1478567927,-554526075
4,5,5,10,10407,-1078819801,-253541961,1608619904,-309389487,1691890832,-1848248503
5,5,5,10,10407,-735985326,737960938,76084631,-1225556905,1920780059,422800095
6,5,5,10,10407,1070039431,1245734206,-1646195724,1700341101,-744564478,-1789296939
7,5,5,10,10407,-1495536993,1132018537,233302875,1033847136,823861202,-1576454193
8,5,5,10,10407,1934976025,-1127781492,-1752004826,-1076221004,739071995,-892309068
9,5,5,10,10407,-1539032893,1595858602,2110906296,639395082,-1516045573,-1221184839
10,5,5,10,10407,-907821150,2030115475,-954201510,1707995590,-830942595,106157356
1,6,5,10,10407,-44908262,2020969748,1621044286,1746432694,1378876309,1389589941
2,6,5,10,10407,1113481622,-929097925,-1104375658,1550897024,762888739,-40922982
3,6,5,10,10407,-2144268975,1655504441,-319426027,-559835117,720502337,-1640693556
4,6,5,10,10407,2042420171,1077651469,-895093082,980196220,-1415853330,177065054
5,6,5,10,10407,-832212836,-40720243,532550025,139483246,828050208,1794881783
6,6,5,10,10407,1442625686,-2010997723,2117965913,-1373513664,1876679070,-1965037082
7,6,5,10,10407,-932916169,201716935,1119291616,-193644590,-1229839525,552218141
8,6,5,10,10407,-1820841931,-1390023905,1399689044,1688651872,-87411657,1000300437
9,6,5,10,10407,640549699,-1787089871,-2001456607,-1960798988,619925158,1118410148
10,6,5,10,10407,-2142326566,-2134679691,2025837853,1919384848,230627312,1738296476
1,7,5,10,10407,414734894,563799744,-800921987,1608449206,1420990025,1017482930
2,7,5,10,10407,716511347,-1939314981,591199333,1564820288,-794746247,-126843384
3,7,5,10,10407,120352128,491242633,-145908619,-1738505269,-1051928167,2027977597
4,7,5,10,10407,896016127,-204142108,-1670314116,776541405,192456901,688329606
5,7,5,10,10407,-1792765898,2068963383,939322072,-2041460855,629494488,1793899879
6,7,5,10,10407,-39068302,2069627216,-1999697331,-1091676520,-864023224,-181748395
7,7,5,10,10407,809572828,192822154,-1825617822,1234979512,527046441,-776906163
8,7,5,10,10407,2035348049,1862778847,410488337,948556120,391368756,1544269724
9,7,5,10,10407,1854761561,-1466849215,-949587800,-1375250192,-698943137,-1836568401
10,7,5,10,10407,223116903,-559430356,-260394786,2075066231,974205906,-1187193501
1,8,5,10,10407,-1181572950,-542542114,333218788,152194471,1684122798,1136597448
2,8,5,10,10407,210028056,-2016870009,802441263,1168902988,-419342010,-2035465080
3,8,5,10,10407,638954818,245062901,1052131270,-889864260,-815556859,-1340409138
4,8,5,10,10407,188584574,881957658,-1064228609,47413009,1573413816,-14686908
5,8,5,10,10407,555512993,319423695,-1349757870,-929649575,1179429101,66396530
6,8,5,10,10407,1276627644,-695670233,910543790,-1344573916,973058810,-1217526040
7,8,5,10,10407,1417527434,1492963292,732262784,-819263487,-1896637827,-2015720106
8,8,5,10,10407,-1620440010,-385504083,-77005660,-1260909343,-1641204593,1784910071
9,8,5,10,10407,-219951009,100948033,-1461875639,1792121738,-1420690291,1865562062
10,8,5,10,10407,104260098,852880989,-1437926906,1738593019,1515044223,-1173305194
1,9,5,10,10407,2138067761,-159807840,1202077887,1406298272,-384068070,1757210393
2,9,5,10,10407,134655947,376223970,-1620052230,451831238,675649832,-797881864
3,9,5,10,10407,21884748,1843682224,1726792542,-103143111,919711207,-665420618
4,9,5,10,10407,-306520137,1707199076,690964392,-387657953,-1826755962,2025510883
5,9,5,10,10407,-342135644,489270960,733121779,1455978501,572059463,288555695
6,9,5,10,10407,-877188974,-1076443504,2133645474,-1712359420,-247841735,-826093916
7,9,5,10,10407,-1017929511,-459380595,844321574,-391721750,932129227,-39028102
8,9,5,10,10407,-102851507,107993152,2051773681,319129837,-1101494590,-563762345
9,9,5,10,10407,1020149935,1220499741,-794456980,-815292699,265517644,493490921
10,9,5,10,10407,2088562033,585272564,-1540435761,-129656482,-325081054,1556831245
1,10,5,10,10407,486007181,1118454733,1645115181,-818003873,-767204109,334952165
2,10,5,10,10407,-445450906,773720980,14869817,1403481237,1695897992,-1501177413
3,10,5,10,10407,-52443287,447186124,505880929,1635202098,1485073953,-918900885
4,10,5,10,10407,-1965854187,-1238225648,1422809918,-1570884089,1980928920,609732367
5,10,5,10,10407,-1591851682,-1041764614,-1853321210,1081554406,1099783091,-1666915731
6,10,5,10,10407,-542073508,443381375,1872918567,188526648,1588209931,-1468027776
7,10,5,10,10407,581942979,1976873488,1310155877,-1987915244,-1399339018,1169548553
8,10,5,10,10407,69133910,-1550622533,-1187730232,1849285921,-1878599411,-580145015
9,10,5,10,10407,-2057009529,-732478571,1181830056,-1989026031,-568585032,-1241928750
10,10,5,10,10407,-859202029,993299706,-166539982,-1256731982,1271738624,1440916550
