"ialpha","ibeta","ifold","irep","seed1","seed2","seed3","seed4","seed5","seed6","seed7"
1,1,0,1,10407,-61321485,-575893608,-703482695,118758694,-843299473,-1799799580
2,1,0,1,10407,-2117884346,-1481860271,1032389205,-1039239947,1532983160,45003543
3,1,0,1,10407,2030775631,-1063213440,1724281442,-645110739,1142533725,851348465
4,1,0,1,10407,440231014,1509222836,1733430460,158918121,1223783021,1326724945
5,1,0,1,10407,-1017246270,-358508110,-771274562,-1315103589,-1979340474,-41623164
6,1,0,1,10407,-21299045,-486510253,-595506825,1470981665,-550688692,-986744530
7,1,0,1,10407,1992618099,-1342344590,2055540213,1817324229,-727944007,1787324522
8,1,0,1,10407,948496543,-582233216,-1390033794,-1314590490,2109312154,294103045
9,1,0,1,10407,-95430708,439340919,1104025590,-1546714500,-1626840425,1823329172
10,1,0,1,10407,-483021188,2080628179,-337550878,2097742378,-722421450,1713944367
1,2,0,1,10407,243102245,625843787,15913108,1127215546,1149151708,-7265934
2,2,0,1,10407,-887060882,1201002757,-365550589,-1671585519,-1443439876,-210886672
3,2,0,1,10407,727622466,809299830,-438534519,1600312634,-1582533136,-1348703152
4,2,0,1,10407,408880147,-1601517160,1012276759,970231897,-521381563,-425876930
5,2,0,1,10407,-1965938246,1603916520,932866384,-1522762130,-2025710871,1814966063
6,2,0,1,10407,-697745909,1639335037,1831097993,293220741,-1431956274,1229153222
7,2,0,1,10407,137404639,860723854,-10672122,-1287637851,-1828254744,1482636231
8,2,0,1,10407,525662025,852895312,-1292830463,1812579383,-708212867,-357277417
9,2,0,1,10407,-1373013332,-967272591,-901907745,-1673721135,-2002908335,235886450
10,2,0,1,10407,-1899931508,-1665599946,979525290,-481280417,-524517978,-287906070
1,3,0,1,10407,-111478965,-18662951,2047298682,2058939922,-142234218,-1485551443
2,3,0,1,10407,2054840739,-1753077575,425908717,-1702133333,-1541832640,-1122896153
3,3,0,1,10407,1184593054,1922201277,975157577,-1256981819,46859805,1473899643
4,3,0,1,10407,-1850015886,1070418600,-1938943703,1139753825,1410768340,-469708590
5,3,0,1,10407,932525167,-1925155238,-824473786,-375396081,1042549490,-72238031
6,3,0,1,10407,908354898,-201511166,-1971616844,1358862996,995808668,605741688
7,3,0,1,10407,276151997,449516484,-637666470,-1983685224,1762218460,-1029055872
8,3,0,1,10407,-971819191,-528681085,-1552456474,-2028933351,1306721987,13737548
9,3,0,1,10407,31447071,1668992312,-653323241,1567043598,2136594531,355853047
10,3,0,1,10407,32435564,-1316779208,-853114358,-1534530518,-1119379282,-2111353678
1,4,0,1,10407,-1372844104,-411504028,-1805714868,435719722,-180788069,1676329801
2,4,0,1,10407,-302645595,179649568,982597131,-2075999684,-828613318,1202113785
3,4,0,1,10407,-1883748434,-618915036,932317747,-1273506491,1038661910,-610244481
4,4,0,1,10407,181940648,-735209571,-1492454867,16722797,1645520339,740527457
5,4,0,1,10407,2133129152,-2056787926,220249258,2025039487,-1509659927,-1032917933
6,4,0,1,10407,1823672902,-1122992367,-1513800426,-551551115,671045524,1122544915
7,4,0,1,10407,-76790923,998970960,-1466183641,-2026209410,-904543839,163809826
8,4,0,1,10407,-440520477,203572518,1469445680,-597098441,1790123553,205380683
9,4,0,1,10407,-766815416,2020882373,-1810137415,1750376837,1733318701,1920789442
10,4,0,1,10407,191141497,2049948337,-1413633104,140768350,-1960395634,336398986
1,5,0,1,10407,-1384993315,-1282323302,1802166164,-733561424,-659686898,-581195295
2,5,0,1,10407,-1935903199,479363891,199448588,19037896,-562024564,-118857771
3,5,0,1,10407,-442474567,1581095874,1068338585,1793292118,743749160,1048764901
4,5,0,1,10407,36349900,-1464695410,-948910948,1222769229,47188129,-319178331
5,5,0,1,10407,1159562572,-1738133461,-1490385791,1005188049,1802809279,-556766927
6,5,0,1,10407,-1224895089,1672741162,1309688773,1574845585,-1599306008,674459798
7,5,0,1,10407,637472578,1695668547,-200410146,723917028,-783871700,1589781539
8,5,0,1,10407,-116830807,-1817940103,-556409351,-1263173401,-1463153074,-1121227830
9,5,0,1,10407,851555956,202070838,-1269415754,-1357069722,-877718688,1933884814
10,5,0,1,10407,1334066930,1403073387,1586659604,1000453809,1331542005,994455388
1,6,0,1,10407,-277752644,-1418299624,718148931,1436316290,-1795078616,1248416043
2,6,0,1,10407,-1863599661,-1226805362,-696146121,1920841380,1091147238,-839415946
3,6,0,1,10407,-1633100355,2040522219,-575426918,523280828,1728883080,-459207933
4,6,0,1,10407,-955550394,752395851,1530857062,122365930,2052889035,-1818083152
5,6,0,1,10407,-169326511,-907761910,1854081959,-724661179,-776284503,-756546924
6,6,0,1,10407,2031282976,1634033356,1170551448,-718791454,-1944960048,1969359972
7,6,0,1,10407,-538506056,420925476,1037094006,-2019216481,1084976975,-1475159090
8,6,0,1,10407,-1536022511,2065298230,-319306241,1823137391,1625885424,-738906145
9,6,0,1,10407,1195204463,-474129195,-1569102579,179862045,1879484070,-959687016
10,6,0,1,10407,92530278,-1481428419,1850093473,-989833647,1188739361,-647111687
1,7,0,1,10407,1499342857,-1847751527,-1903752228,-1169567704,-845023878,416261984
2,7,0,1,10407,1370790504,26195953,-1168892087,-28360985,-1052330639,328411433
3,7,0,1,10407,678477929,570505192,-142457340,793743177,1550550608,1678489002
4,7,0,1,10407,-1414094431,877079686,9148907,-1140685744,1702665581,-1835016730
5,7,0,1,10407,-1965473595,-2062887740,1476009333,2113522336,-1785931959,-320590343
6,7,0,1,10407,-1641085534,-520670725,1823556375,1320177847,-2136632595,2127271646
7,7,0,1,10407,-891425647,72464211,-76303219,1984773328,-178863709,-1990313728
8,7,0,1,10407,269942092,145419447,-671084177,503813196,-1973305500,926743047
9,7,0,1,10407,1101725132,1949909954,-614468945,138205757,408139181,-347241913
10,7,0,1,10407,929333970,2135415276,633095502,-2056515100,-872067782,-76676374
1,8,0,1,10407,923305781,-322516962,1561186000,776496234,-524920916,2005246588
2,8,0,1,10407,-739159746,-1414954116,1547226714,1374687840,1175334621,1892886326
3,8,0,1,10407,-1637607973,-1924408892,-292793855,1307295333,367371856,1866463719
4,8,0,1,10407,1186802816,1586708966,-1110120628,1343804279,1950584084,1233336244
5,8,0,1,10407,-442979202,934858848,2094035221,683213791,1542476786,-517667179
6,8,0,1,10407,-284152938,-1503708095,75898397,577372949,732889700,-1248504678
7,8,0,1,10407,810102564,-81702917,-2113687090,-1663600716,-1205206399,487869648
8,8,0,1,10407,958056473,-1638430801,-1352782362,-1839289312,-2046007531,855555316
9,8,0,1,10407,1839894100,-1195324060,-2029890831,1554389265,-224167017,-1270346065
10,8,0,1,10407,582246089,844723798,-1742534953,1147254786,-1369631892,-1275278824
1,9,0,1,10407,-1124238573,-548173460,1962766389,-926972517,1246167960,-1936231700
2,9,0,1,10407,1887034948,-1388763224,2022626600,2054513410,1509336040,-85191741
3,9,0,1,10407,2046643944,-536446717,2067567237,1502461716,267161765,1378050961
4,9,0,1,10407,1702296569,1141879606,-705936426,-887880039,-1009842906,-17062606
5,9,0,1,10407,1201183702,1475075133,-245861572,-1662424864,-1868753625,1345035253
6,9,0,1,10407,-69883385,-961635773,961854252,-470317377,-869920384,-109062272
7,9,0,1,10407,-600548872,-1334303218,453218041,375203759,-1625629345,1065444731
8,9,0,1,10407,-1859905459,1139665599,1261704531,2130281568,1750648140,-1420362811
9,9,0,1,10407,-245261116,-542276268,-653761414,-850619306,-155077928,225426578
10,9,0,1,10407,714737768,1980033144,-1341747841,1512618490,12927460,-146932131
1,10,0,1,10407,1550406650,64831478,-1006042287,-529015316,617451384,1361051825
2,10,0,1,10407,497597425,138803304,1507109073,-1771463927,1554402559,177913459
3,10,0,1,10407,1767876015,-546401088,1348251671,-663634136,-798280929,-1013781875
4,10,0,1,10407,768176803,-2031342697,-355055164,334429527,-750240757,1015556363
5,10,0,1,10407,1665107274,1597828456,-146904735,958199000,-1457068715,455660216
6,10,0,1,10407,665371275,-589976149,447422394,832822310,2111896129,1107761306
7,10,0,1,10407,1596928163,-1159863268,67957004,-220869487,-1625944217,-7611720
8,10,0,1,10407,1706076537,580136787,111845173,1934130394,-1868883470,501020632
9,10,0,1,10407,-250716781,-403728431,-784738125,-366575856,-2107870738,1695444441
10,10,0,1,10407,1531300846,926924642,-1580488258,2146651373,-228467423,1754229905
1,1,1,1,10407,584613500,816237955,1648355307,-1582397948,1999336209,-1711884727
2,1,1,1,10407,-95566136,369245258,1939133295,2084251976,484472301,1534447683
3,1,1,1,10407,2062330388,949662393,-1602989804,-6040120,-969254369,44381206
4,1,1,1,10407,254012928,1401043950,1427872903,744911219,1078755620,1257873334
5,1,1,1,10407,-112977150,-201726031,-207194352,-1444322646,-707704292,1063673711
6,1,1,1,10407,-1099038443,1290470720,846671889,787481540,838827275,-722306174
7,1,1,1,10407,-1703207470,1336708871,-190702042,-1437210234,-916190768,2090469565
8,1,1,1,10407,1418541319,1917888305,-1586797028,1348340371,-196227835,-428732275
9,1,1,1,10407,1984603873,-1913228177,-1720029988,-1776241829,1616929608,-1932349807
10,1,1,1,10407,1711468831,-600443769,566318763,757107939,1102921080,-874236072
1,2,1,1,10407,425572066,2121200098,-1633980453,-1660652024,-937885927,150616437
2,2,1,1,10407,1005557124,-412801625,649408512,-980604045,-1767692748,-1740065013
3,2,1,1,10407,1013605575,1516101350,-969964396,1653608627,-2123968050,915590380
4,2,1,1,10407,-2030863151,-887574510,381860414,1406777512,-128997814,-330113614
5,2,1,1,10407,1573222380,-199865683,896082734,1160380120,-1953810967,2085826746
6,2,1,1,10407,-108200135,245441026,1639026873,956516713,-158798459,-158627746
7,2,1,1,10407,-1945793313,-1162932427,745635581,239308115,1721135577,-371425377
8,2,1,1,10407,2116579434,-431121590,645507167,-2053258778,1317132612,-768149091
9,2,1,1,10407,-416993433,1986720999,-1367127661,-892227203,314821258,1762112889
10,2,1,1,10407,165997980,-361513181,1687196863,1162131997,-1154603786,-691695491
1,3,1,1,10407,-1964396480,117197188,482853164,2078251188,721905742,1986192640
2,3,1,1,10407,-852460417,107900690,825743454,-1859851596,-1855520813,826613020
3,3,1,1,10407,-1040398933,-691977079,1584853399,589919896,-1345782308,-1867494441
4,3,1,1,10407,-189265596,-1278042126,-1560206296,1915028302,-1437157572,1797001840
5,3,1,1,10407,1082714806,415886252,-1750502432,949552705,-1878214809,-658187691
6,3,1,1,10407,1893577453,1297725814,-1862230190,-612225342,-1211532238,-1866585618
7,3,1,1,10407,-339862229,-1882618806,866397936,748050577,-275711712,-438397497
8,3,1,1,10407,514866661,-777132493,1878179854,402575044,-1131855634,1910661519
9,3,1,1,10407,-482138779,-27804051,2022029425,-1098653992,-1628073045,-49213138
10,3,1,1,10407,-86699192,668293529,-2072022085,1090557601,1914393579,267680469
1,4,1,1,10407,2000376564,781055331,1004607220,2095084077,1792278202,1862248420
2,4,1,1,10407,-1439196648,682809469,1647461857,-1801291807,63006721,802928915
3,4,1,1,10407,1222319251,1761813236,-1893335851,1083944607,200158787,950308784
4,4,1,1,10407,-1344743650,-946957144,2053956502,925207054,1594774917,2036477894
5,4,1,1,10407,48526222,2089078485,-207086666,-1829067866,-1454796621,452183034
6,4,1,1,10407,-1537074209,617198437,-2112476603,-81140931,-2137356896,1408930051
7,4,1,1,10407,2080891971,222949745,1854996880,246471414,-503959867,1435092013
8,4,1,1,10407,-252333746,-643996889,256667820,-4080217,-932591428,1594463115
9,4,1,1,10407,189046085,-690820649,-1384860394,-1872416083,1924545036,-462949729
10,4,1,1,10407,2001892732,750039495,1533630151,-161523149,-850098632,2072256161
1,5,1,1,10407,61927995,801470967,916138796,-1766857307,-1416931406,637591764
2,5,1,1,10407,2000184658,1282132366,-2029970369,-320326113,374024194,601108699
3,5,1,1,10407,-1757552924,-1669965981,431335989,-957533082,479520407,614250994
4,5,1,1,10407,73071412,1514945212,-711531740,44583012,-974573868,906843520
5,5,1,1,10407,-1302634991,-665076871,173326336,827063835,-90423691,822296762
6,5,1,1,10407,-1756379942,1399321569,711576872,-452421316,-1435817770,1799193524
7,5,1,1,10407,1020210492,917066436,-1267235751,1113822373,-619632328,-1751866845
8,5,1,1,10407,-1499228042,2039985818,1438711740,674152427,432014689,-2081702065
9,5,1,1,10407,-908454564,-1893497157,1572605872,-1201820468,-2012626637,-119435936
10,5,1,1,10407,-755659190,1826136138,-2122451730,-3813457,-20293550,-682665659
1,6,1,1,10407,-141918842,-593254100,1427033052,-834460585,-1458269478,717310420
2,6,1,1,10407,721413523,-2031240197,1880179565,-1705943948,705482775,-877418087
3,6,1,1,10407,-14284132,-1844037945,1071163239,-833668589,-2122050275,-226719984
4,6,1,1,10407,1314610356,-2079565722,-2048943327,-871043094,1896030307,577708442
5,6,1,1,10407,-1350455913,-1459810092,-130403549,-1079760534,631872510,-787103017
6,6,1,1,10407,-1799964974,-151410667,1370656786,-853346423,-733425958,1474246855
7,6,1,1,10407,880724572,-812819606,270241285,1970252116,499581861,1850941047
8,6,1,1,10407,-349161824,157591753,-635516962,-698048653,-751030205,-1160488484
9,6,1,1,10407,2052336361,-1239693812,1505768039,-569156296,93290125,-288637822
10,6,1,1,10407,415957235,1102499634,2019860937,-2101207176,-1639404647,-472005721
1,7,1,1,10407,1074999993,706687905,-1640226747,1393531670,-1654526688,1205447154
2,7,1,1,10407,351092999,273333330,957779788,-308469233,-1969861263,-1391323639
3,7,1,1,10407,-39769037,-1084581552,-1208191819,-742859670,-1775134705,959110266
4,7,1,1,10407,1383049634,1290395774,-921507760,-1507460307,-1034303830,898169491
5,7,1,1,10407,377330702,-1740502191,-2024206404,-1353338382,1059673623,-1965661368
6,7,1,1,10407,157388485,-1454872825,1120670108,1594273371,1391951350,-1552589827
7,7,1,1,10407,-282458017,-794424464,1452636222,-1079577575,607603032,-1075101872
8,7,1,1,10407,-490456928,-1827150847,1552848435,-2108994135,-1268379451,-1348884321
9,7,1,1,10407,952977228,-1033036642,-1996589091,-1801750607,416519001,1269565022
10,7,1,1,10407,1521989000,-496134326,700216988,-137472446,2003151768,494881570
1,8,1,1,10407,-1207688818,-1195473766,307638453,-377737413,95268682,-1544937804
2,8,1,1,10407,410739253,-1585754158,115906169,868017541,1747883904,-642672385
3,8,1,1,10407,-393635135,106305228,4792120,-590906869,344108618,496998493
4,8,1,1,10407,1705553230,1248472904,-1825108155,288458518,1186509662,533697792
5,8,1,1,10407,-1304449204,2074524546,1731738522,-29199776,-760394936,-820843379
6,8,1,1,10407,-776281229,-1027593867,357982153,177707955,1611061974,-611845995
7,8,1,1,10407,1457695171,1179387191,1677904085,35902967,109696281,343334816
8,8,1,1,10407,1645430268,1191380087,-655355969,1192199956,438548354,-589630604
9,8,1,1,10407,1041376764,-707897420,1974441385,512463999,-1538374623,-524355500
10,8,1,1,10407,-797651556,-2101333055,697829572,328280458,-1314861484,-1286864955
1,9,1,1,10407,58201579,868123193,106994798,-92019649,-2066595317,906015481
2,9,1,1,10407,362331929,639281170,-117076410,-1248267260,-1552859104,41180955
3,9,1,1,10407,-1661881092,1989104781,-174841573,1557714241,218826139,1692066214
4,9,1,1,10407,525194878,-667353363,-490783009,-669481958,896011066,-863327221
5,9,1,1,10407,-249990834,-830892965,1240039918,-1426172705,-64246955,692184262
6,9,1,1,10407,-1914929512,603105372,-1395154322,-435213012,1933119795,-1080983351
7,9,1,1,10407,-308688665,870743151,1190320361,342290581,-125849771,1377747373
8,9,1,1,10407,-625209134,-1661752749,-1793862880,-1019462258,-635926097,-191344506
9,9,1,1,10407,387567874,1952788261,461358342,1323087053,-1570113661,874699549
10,9,1,1,10407,220691872,-2011014896,-1954581317,-1161924829,-1893428803,-1454594241
1,10,1,1,10407,-1321181437,282067483,1174726940,-1508390595,1052728293,-118996550
2,10,1,1,10407,-939432161,-914884827,-1824234452,478432296,72661214,-1193912570
3,10,1,1,10407,-633589110,-1184630218,1636289419,670910747,-1134149468,1857646626
4,10,1,1,10407,-83732469,1372547143,-1358661991,2135814045,1139549579,651962982
5,10,1,1,10407,-1876548615,-759798725,-240836278,-1936992085,1499099576,-1684440805
6,10,1,1,10407,853320529,-2016544233,-1871711161,-461184622,-1599782984,1516198964
7,10,1,1,10407,-1093327989,1719980315,-1708183268,-97881356,237245494,1618065439
8,10,1,1,10407,976522564,-385541751,-88639189,-622247884,-1323083304,-1184941245
9,10,1,1,10407,-555826196,-1140857740,1930965994,882103744,-1429854040,-1980367996
10,10,1,1,10407,764837369,-1422264561,222405113,1516663829,-598518957,93410820
1,1,2,1,10407,597516966,124615545,1936281690,-461814554,-1267743272,1353508734
2,1,2,1,10407,575042073,-854731219,-1186060241,-233203954,1710675983,-315430596
3,1,2,1,10407,997906401,-635780126,-1982232311,-2012858741,-1028061250,124483861
4,1,2,1,10407,1126798449,-886760775,-1113246681,-2038214002,566704205,1902477353
5,1,2,1,10407,1821074175,1931010516,1380585142,655979601,2106943363,-652462882
6,1,2,1,10407,1343793308,182931092,-644763726,135516994,-593888204,-1620385673
7,1,2,1,10407,875302575,-277984537,-1370248902,-1559854395,-1720121152,-242601003
8,1,2,1,10407,1127607592,-4281783,585254764,-1746253135,-633840131,-519578018
9,1,2,1,10407,-638303656,-893482479,-1123426109,2052000994,-551790369,929987441
10,1,2,1,10407,-1851488158,-504482164,-2104253181,-1521726630,-687720391,-413311467
1,2,2,1,10407,1752453929,-1323398904,1232775000,-115303757,1690864187,-1845242698
2,2,2,1,10407,-1037538544,1251607499,-1901984584,-1455075814,-433479581,1928343104
3,2,2,1,10407,1845475725,1645449792,-1294106420,-878466099,-365271734,-920514793
4,2,2,1,10407,1069393228,1811795061,2103234409,1209879486,-2135512206,-435312415
5,2,2,1,10407,-1341285446,1178287594,249132460,-1969302496,-1742761926,-1328642602
6,2,2,1,10407,1857089681,-732317875,1535877541,-506119620,-1821783089,1921592067
7,2,2,1,10407,-553813644,-1376700628,1952002135,1719175797,203055964,-1334079011
8,2,2,1,10407,65677062,1036860239,-383386877,791393146,-565207156,-127761443
9,2,2,1,10407,667357374,682303865,-191150568,2136578669,443476986,2119422620
10,2,2,1,10407,311401556,904055506,1667910706,1143011153,-2022457960,1557146663
1,3,2,1,10407,-2042661023,-1910931252,-1162518626,1821814188,427184336,-1272048592
2,3,2,1,10407,-126963609,-1067866496,896522501,-1638019526,1629513635,797339010
3,3,2,1,10407,1149836031,-1112958132,1495116412,2088163104,311962183,-810867246
4,3,2,1,10407,-487167010,672480722,-184451637,1397605800,-946651004,-678642620
5,3,2,1,10407,364657769,-1540539622,-1061189592,-528481492,-484178,-134433483
6,3,2,1,10407,-162254238,29159576,-100200022,-812341991,-1769811422,-1220764272
7,3,2,1,10407,-1968222348,358665516,-625403697,-684245819,69564888,-1136455020
8,3,2,1,10407,-1637098562,993576729,1034553942,-702725284,-1889051288,1803641420
9,3,2,1,10407,-1495718111,-551432901,-443002240,1791051351,-1079564768,-368970618
10,3,2,1,10407,787559893,-1762741479,-1728732346,-1043099321,810808840,-915363338
1,4,2,1,10407,186875910,-1749819721,-661866191,-1216416114,-1996698127,118538278
2,4,2,1,10407,1344450688,138766848,1436835479,-2094030485,-1434024294,-336304233
3,4,2,1,10407,1549984408,-2010203006,1777596344,265612176,-245643624,602998470
4,4,2,1,10407,-1614314524,-1439502444,-1055817972,-1150968656,1807489043,594209056
5,4,2,1,10407,1930098092,1049857861,-1619552335,860715219,-33255084,-74336014
6,4,2,1,10407,1509597467,-1035856068,-1850047388,1506773938,-2116926046,-1888276691
7,4,2,1,10407,-345331194,-1937581700,1163976025,1162699848,-1235919458,1310907176
8,4,2,1,10407,397170718,1121348158,-1431960819,1538421913,-1778492532,-852945734
9,4,2,1,10407,550205643,-1712080599,-739037213,-1281030745,-1936070526,283964741
10,4,2,1,10407,-356001144,205539273,-1403037168,2078010228,-1872312688,483433416
1,5,2,1,10407,1756780314,-604492091,434191130,-1926130570,75344204,1318561250
2,5,2,1,10407,-2081147019,-1064203232,2085939015,-304270505,-2050266145,336623774
3,5,2,1,10407,-1974663319,610207065,-1336604483,2023220680,1036216024,1823603281
4,5,2,1,10407,1226795840,-1265755016,-303903267,215359428,941331305,-1981994216
5,5,2,1,10407,2133062678,-688505050,-558099381,-64871341,1220666766,-1773892433
6,5,2,1,10407,341368144,-931330421,-1511957651,-1976582595,-515509642,-427419746
7,5,2,1,10407,-1858412421,938577457,-1898096289,1071320791,818833597,1393645080
8,5,2,1,10407,479401862,-370581617,-1883346227,-1658087005,626769540,-210885733
9,5,2,1,10407,-1957590546,-725016972,1439784312,1863519623,-566045089,-262679022
10,5,2,1,10407,-1803410278,-1662682734,1528184786,17908107,-14956147,-544367471
1,6,2,1,10407,-845907544,-92386421,1611192191,-1917637103,-1579973838,-88846884
2,6,2,1,10407,-594428301,-272155989,-889449929,1074275543,132578350,1636061313
3,6,2,1,10407,-512765582,-493526226,-2082081123,-10586813,1695135297,-492409702
4,6,2,1,10407,-459469075,-1948485354,53625164,-1084844617,1417602643,97131667
5,6,2,1,10407,1969243823,35102466,-1496069963,1096887474,-693531677,-489264878
6,6,2,1,10407,-1988088771,222004306,-1656750420,986858914,1055804839,1656854345
7,6,2,1,10407,1546740491,-280926617,-2044813525,416038134,405977922,-1731348432
8,6,2,1,10407,-1506364713,-1564824317,-732791216,-1813958492,-1657575801,-348716149
9,6,2,1,10407,1324684333,-337434700,274902117,1965079569,2102633783,-1145492497
10,6,2,1,10407,1354160141,-1072391974,-108421860,-1046608308,-1478786158,1234216968
1,7,2,1,10407,1978920762,-919338253,24717714,-1859674600,928015768,2130456474
2,7,2,1,10407,1593473287,-1869687225,-563596627,1161124094,-542306785,-573196646
3,7,2,1,10407,348131555,-840525051,2144533369,-145962155,217407482,56032637
4,7,2,1,10407,1523691564,1508523984,1647233893,1992984967,-1241029689,-669801851
5,7,2,1,10407,548651164,1922226841,-953612169,-288488212,101785629,1283368647
6,7,2,1,10407,-827063440,-776803931,1325062618,534497232,-518515842,-104374184
7,7,2,1,10407,403362321,-989052845,740423394,1112682331,-847662741,-1286858279
8,7,2,1,10407,-989161,-1182013418,844444414,-270294596,-573299745,1398911353
9,7,2,1,10407,-1555266358,427169580,-1315944913,1690052760,-929595126,-305457200
10,7,2,1,10407,1812060193,1963471276,-1448885344,2129747998,889981858,-1029686031
1,8,2,1,10407,-713537162,-1782023101,1011128578,-1011387202,1404143647,1123327094
2,8,2,1,10407,422121165,-945545141,190370796,-1068567518,-643773848,1044163780
3,8,2,1,10407,1215841602,-1490998350,-2124643242,-1580000697,-834926805,1210710895
4,8,2,1,10407,1864904566,-112932739,-1348768744,-897650071,-1703071724,791864941
5,8,2,1,10407,-233658396,-1600579710,1509271502,-1910514628,-69448739,181632749
6,8,2,1,10407,-1403899369,-1792879308,-1216093893,-581044595,1043306597,-1892945714
7,8,2,1,10407,-1801767008,-947201104,-64238954,267574984,689239820,322374156
8,8,2,1,10407,1209926325,1792296334,-382407541,585684353,952318569,1966882425
9,8,2,1,10407,-384401205,-108713333,-816627794,650325292,1768883061,-837289121
10,8,2,1,10407,256247427,681658760,856461349,340477826,803795439,-1855388240
1,9,2,1,10407,1724917363,777456633,-1408193782,1646118075,1923131488,-1287852908
2,9,2,1,10407,-881013926,1264166240,-149514985,-2039851568,1490528731,-461614558
3,9,2,1,10407,1611864912,856612367,1508333984,1026837052,2093290735,-351237825
4,9,2,1,10407,-420552251,-1487912314,-686957503,-1186987257,-2049388966,205494986
5,9,2,1,10407,71204977,-299147581,-916677351,-956760131,299277422,-1867638271
6,9,2,1,10407,-930232048,-1542801497,-1786628651,1442951362,-1552784148,1625059413
7,9,2,1,10407,-425503789,-1216605975,-2054801959,287670932,367065134,1782117992
8,9,2,1,10407,-901789994,764478750,1609228697,1935396711,191365074,830767046
9,9,2,1,10407,565859200,-1099706273,404672922,2075719767,144144230,1289053985
10,9,2,1,10407,-2120960329,1596833545,-1720991156,1124523233,977228002,-1194954818
1,10,2,1,10407,521384643,1895476315,-826287516,-870936082,1015475587,1183291282
2,10,2,1,10407,2118846893,-604428413,2062138710,-31608843,-290192140,-967348182
3,10,2,1,10407,126202568,1057226359,-1750280476,-17078721,1407454633,-2097868569
4,10,2,1,10407,1817729825,862356500,-590356071,-602310599,-1839412016,2112776372
5,10,2,1,10407,2101747955,-831994170,-1222546955,854113392,922072050,-805711208
6,10,2,1,10407,-161287678,-825461928,801916781,-436305658,1683687286,-1706180260
7,10,2,1,10407,1783629994,-839238967,811843407,-43900318,567177103,-1469193078
8,10,2,1,10407,-1438253965,48959269,-2083033662,529486918,2131168707,1791499345
9,10,2,1,10407,-1220390767,-1479795131,654465629,181718753,885517404,1702698646
10,10,2,1,10407,1236960971,2005175678,1112564738,78854541,443381885,-1252861132
1,1,3,1,10407,1445913611,940143990,-1680616196,-1381452428,321598456,678129018
2,1,3,1,10407,-1112605276,335790019,-819984295,192720583,467829822,-1715026400
3,1,3,1,10407,1820410849,464142050,1276608268,385671052,-2014035888,669412608
4,1,3,1,10407,674906240,-1229827914,174908491,-435196932,-517233308,-775889621
5,1,3,1,10407,-1548090711,-784035656,544168729,1754964794,1791708488,-1361712108
6,1,3,1,10407,-1424091114,-553054286,-913269600,-1414804861,-2112197221,360954850
7,1,3,1,10407,-334340027,364733597,-1399115151,114872921,2111570493,264686884
8,1,3,1,10407,144399749,303995741,1056063351,-213066056,1674064870,2098525812
9,1,3,1,10407,-1667392516,-99910721,1554185914,1201700033,-530688346,671074324
10,1,3,1,10407,-1851711763,-263272817,13780707,-1259435577,429586784,1474218373
1,2,3,1,10407,1336576974,-1907883888,1151173250,1294827388,-1231354627,2060428843
2,2,3,1,10407,-836275935,297081440,1777136066,1075848225,1683593845,1567951832
3,2,3,1,10407,803170173,-1708391074,476149157,765291344,1242026072,-1830212792
4,2,3,1,10407,1676456918,-1034595588,-1049446486,325685419,997498872,188427777
5,2,3,1,10407,-1510780190,692890765,-1961459334,-904927977,2062771267,2020621420
6,2,3,1,10407,-1418292176,1934857293,1798465988,1418020103,1547391461,-1097578569
7,2,3,1,10407,-1204239230,1824594368,-1160192202,1180337596,468920595,612723492
8,2,3,1,10407,-888262810,1237940361,-2065328217,-1756186433,1360739791,949633733
9,2,3,1,10407,-1502452934,-978153211,-1066997678,1553920975,-1716384828,2086576715
10,2,3,1,10407,888679075,295050928,-1238650124,-1696548454,-1455234847,1261593618
1,3,3,1,10407,39738559,2134937111,-1276955588,-1296805688,-730281877,-1089727367
2,3,3,1,10407,1168923863,108337740,-405150233,1414057031,-1026358662,55115390
3,3,3,1,10407,1776386886,620656104,-1761389686,1544686120,-2140796893,-437061261
4,3,3,1,10407,741545799,-741410635,1737279509,-475262555,-1613955106,766568960
5,3,3,1,10407,1415320840,-2062055743,2012887958,62698555,-1933561550,1204862180
6,3,3,1,10407,392496222,-1346467766,850028104,1152855667,1874273382,-554942034
7,3,3,1,10407,-1990526773,-998152624,1465966859,1035354271,1159025049,-1751245588
8,3,3,1,10407,-584141264,503058702,1531379326,-707381414,1233629302,-227082936
9,3,3,1,10407,-1221409237,-1642870316,-359758978,158680324,1705592894,-1774049682
10,3,3,1,10407,549258369,-1405367518,-1748961868,-1557326948,-1706343246,1133107585
1,4,3,1,10407,-681981581,-1374095705,1170622555,-324323039,605165883,1516977864
2,4,3,1,10407,-560103089,1159728272,-1158986549,997878677,1608333993,-1064328976
3,4,3,1,10407,-685665063,1552678063,1573343701,-1583505798,-29417264,-201165505
4,4,3,1,10407,588797653,-1969041450,-1213256850,322693568,1134471935,356543913
5,4,3,1,10407,-2134066917,1612406577,28036974,1684653197,673311449,293902368
6,4,3,1,10407,-383005846,1181466558,-258381421,513693973,-1100503376,805909051
7,4,3,1,10407,-1339761237,878653198,924440519,-1040401658,1081452915,-1973777409
8,4,3,1,10407,-274227686,-1373950985,-1976380018,-1511119599,1679057512,23072350
9,4,3,1,10407,-1716700427,-1777009575,1250457538,-272843207,-171973133,-1130780502
10,4,3,1,10407,250436671,679661921,-1888253176,-533814544,1204210262,1050191539
1,5,3,1,10407,1336642949,1700285417,671760824,223010192,1944872515,125356031
2,5,3,1,10407,279751747,-1806548499,409743078,-1167312182,1691797240,1387784956
3,5,3,1,10407,-1723465535,627651094,-1308947871,-408598159,1322918148,2141170307
4,5,3,1,10407,641726680,66015072,-1060603684,-2064998892,1864987338,1040273865
5,5,3,1,10407,86987974,1424368806,780432563,984945840,-70056978,435718128
6,5,3,1,10407,-1383865202,905833477,1556198986,-2123135379,-470056257,-711384501
7,5,3,1,10407,-176290324,-2014151931,-888427660,650536879,22614058,-727903384
8,5,3,1,10407,1026628429,204540691,2121146519,1509738896,-195628175,151335528
9,5,3,1,10407,266890804,-1384754159,-293600428,-705001594,-1387171272,-1345075086
10,5,3,1,10407,1234401785,1799011783,-1847743525,332345893,1900051619,603540941
1,6,3,1,10407,1482180812,1538091035,1469023185,-893534337,-292172329,1847218259
2,6,3,1,10407,-1686765147,2027755192,-1251167683,-867928554,631731732,-284107476
3,6,3,1,10407,-1897785839,1813307260,618609246,1069912783,-722056559,-1273921842
4,6,3,1,10407,-1241311012,-827463451,-1587183770,2140711162,288881398,-1200796968
5,6,3,1,10407,124039325,734272115,700191680,2081388166,-1893114693,-834825930
6,6,3,1,10407,1147481846,1659424025,440450662,411673849,-1658482614,401653007
7,6,3,1,10407,1099245865,1978432765,-1704848199,-1476394723,-388195215,-1866110667
8,6,3,1,10407,1060673234,705555840,836242960,-1261582718,1092736305,309786208
9,6,3,1,10407,-177163662,-567104776,-1319666039,-134853536,1850775225,1829985375
10,6,3,1,10407,-1930859620,-897641420,-574562839,704742947,435736251,1584926430
1,7,3,1,10407,508100532,1108113790,-1869124174,-444924639,1241062375,-1003095647
2,7,3,1,10407,-366223214,1243148975,-1821543345,865566021,2144340272,992869718
3,7,3,1,10407,872359416,-1132001072,1791598344,-1248674483,1098291390,794254899
4,7,3,1,10407,-1096817513,26830007,516081901,-2034128743,-1586185652,-939587292
5,7,3,1,10407,679939682,-1571314309,1980036698,1339121751,1675715096,455683544
6,7,3,1,10407,955056298,1606336352,-306211,-723623370,2126480085,-1135394070
7,7,3,1,10407,33993465,186299860,521394277,-1280943994,-1247366383,-132662886
8,7,3,1,10407,-1705489661,-919378369,-1604473410,-2062769148,836525974,-65542521
9,7,3,1,10407,2022678505,-1592965849,560207358,660718471,1142014372,-2143054248
10,7,3,1,10407,-1885907313,-249613238,991247633,-20898642,155473049,390825020
1,8,3,1,10407,-859561390,-289454822,1715932019,-1878972903,523989335,395459462
2,8,3,1,10407,333528602,-2018719032,1122567373,-300981671,270467835,746464036
3,8,3,1,10407,218343846,43290680,-1938946814,755270926,1625494654,-15721297
4,8,3,1,10407,54705501,-553448428,-948169756,837181394,957678982,1044203101
5,8,3,1,10407,-1646712338,162571649,2092824789,1341446695,-2091384242,-967927447
6,8,3,1,10407,-1408299817,896685148,458224171,597540398,-1044870578,-1075909840
7,8,3,1,10407,2128151662,474618615,-84009091,978825356,-552651725,1992765614
8,8,3,1,10407,-285174528,582580100,-587279363,1532092844,290390387,1706377443
9,8,3,1,10407,1139139908,-1358416232,1553377523,1116697538,-1669773774,1514486831
10,8,3,1,10407,-592800875,-684997503,-142375749,-954352847,1604539676,5836680
1,9,3,1,10407,920060872,-2045774536,1387402827,518224765,617754249,1305341282
2,9,3,1,10407,1775296794,-1980224858,-172688666,1301609508,-521427663,-69732917
3,9,3,1,10407,-1298181010,-1641309451,-2072781077,-590876731,-495674211,1325065078
4,9,3,1,10407,536663977,1620027298,-1637312407,-234027188,-1641486500,-1039318888
5,9,3,1,10407,1276170762,1249537596,-1297839463,-1685204975,-1365786018,2134538158
6,9,3,1,10407,266420205,-852016182,-247955199,1934988093,232252295,-487335994
7,9,3,1,10407,828926500,-2099828356,-1019869775,1015212034,-1682562019,-2051237412
8,9,3,1,10407,-893227411,-827020755,-1360954506,-1810198899,1311702027,969412604
9,9,3,1,10407,-671033899,-255582846,-2001743256,1490517818,2040109754,246719438
10,9,3,1,10407,1811044548,-917875926,-29437446,525934297,-398050428,-1602186346
1,10,3,1,10407,-446214192,1322911382,-1511483076,-2133236578,671162993,122019005
2,10,3,1,10407,405277722,187546397,422572932,-600728482,-436634390,-93716854
3,10,3,1,10407,1877029480,-2011227796,362720997,1916784550,1441150033,1377606995
4,10,3,1,10407,1074943603,284340023,-1454405660,-820279187,2098093474,2121245629
5,10,3,1,10407,-2108996319,-278053742,298322277,1383444742,-274264746,2039497867
6,10,3,1,10407,-59062816,-259650276,-1858525983,-630474712,-735634094,630432545
7,10,3,1,10407,532634951,315753251,2030255684,594646649,-1332655826,1901247070
8,10,3,1,10407,129187660,-1421992423,435515101,-2078680194,-74177409,-936521251
9,10,3,1,10407,2132304637,-1120016348,-1974733446,168309636,-707058918,-1006278068
10,10,3,1,10407,102788043,-344085795,-574567155,-287898590,-137370471,2056790669
1,1,4,1,10407,1759821340,-1524280519,1722971117,-459503851,1094632685,1101358934
2,1,4,1,10407,1180144994,1126477901,1092395583,-386622284,-2135907331,-1067261171
3,1,4,1,10407,-1626062824,-1455878041,523292040,-1741689097,177515411,1624055052
4,1,4,1,10407,-2103941654,-1985113479,-201543047,1858780293,-606222368,995895065
5,1,4,1,10407,-572342303,2116618260,-159575758,1354608674,10325924,-1947453146
6,1,4,1,10407,-204722221,823401835,576967825,852184179,-2142577039,157528334
7,1,4,1,10407,1943959340,1767825491,134007387,1603823504,1905953390,-1899730410
8,1,4,1,10407,216008470,577887518,271174583,-1272169318,-2135503193,672683627
9,1,4,1,10407,-1467749663,-502999298,1573250888,-834162882,-1314089063,1644964910
10,1,4,1,10407,-33040117,509835156,-1078100340,-718982004,-1919698910,16820500
1,2,4,1,10407,2139922642,-949173388,587598473,-551926138,1216720238,-385297102
2,2,4,1,10407,1288421930,381455570,2041941335,1229777975,1379201168,2063324722
3,2,4,1,10407,2004889701,1495204268,1616466402,1552713445,-1094663628,1456649183
4,2,4,1,10407,1487218835,-1741713013,-1137338758,511422897,1129117565,1136267808
5,2,4,1,10407,752382996,1822822226,-902957854,1098076567,708098683,-1000259975
6,2,4,1,10407,1627029624,926590617,-671957011,-1713960506,502055775,1877389487
7,2,4,1,10407,1185546644,-1540857749,-179567528,574421278,-783191541,-1193248067
8,2,4,1,10407,-1160835940,-2046185601,-1938958109,71125749,-1109999988,-1327672657
9,2,4,1,10407,-1419451954,-918561087,1408250330,1549503763,916570465,-1779165148
10,2,4,1,10407,1458919327,-986705219,307548599,-756982616,-344439983,-672572576
1,3,4,1,10407,-499177568,-2071812875,1616235504,416144977,1649100703,-1277394079
2,3,4,1,10407,1075700278,1489571696,-57178092,1464697713,1404574668,953727864
3,3,4,1,10407,408381419,-1703279996,-863470351,1348816962,-1748251265,77845020
4,3,4,1,10407,1727724324,-1832014673,-497402520,-442982237,-1000207681,-1091835919
5,3,4,1,10407,-286793550,1632364132,-1122628683,-477043119,741111875,-1116051700
6,3,4,1,10407,1185331667,500032542,1499817472,-2004570453,714814787,-558923413
7,3,4,1,10407,1210285616,-1432434655,1229781183,714604611,863958015,835127834
8,3,4,1,10407,169628016,885358986,-1312637686,-418554344,1976428402,912678394
9,3,4,1,10407,1164569598,-1805570782,589762709,1081434232,1067439440,-1143869033
10,3,4,1,10407,283728175,-187105211,-1221858541,-849397237,2016793000,-321472687
1,4,4,1,10407,2000486354,-204550444,152438664,-956000120,66975957,-1042701191
2,4,4,1,10407,-690589522,-508520499,-900126762,796116750,-937078892,-1270427692
3,4,4,1,10407,-193803577,-857478321,459130857,727262753,-1113935695,-587599648
4,4,4,1,10407,-2073387061,1934316248,-1368468197,-686847985,994101106,-1773901998
5,4,4,1,10407,-766125556,1756469027,-1345899823,1208410379,-2054480074,265374100
6,4,4,1,10407,1424165318,-1293135929,-1121197963,-1355785712,1158184592,-2132356973
7,4,4,1,10407,257655859,1074883302,-770554977,1569872579,1682826408,950634096
8,4,4,1,10407,1962411146,-812861332,84629176,-929309592,-701721216,1591477378
9,4,4,1,10407,1494320979,-1652305940,76184339,-1200120153,133640390,1426997737
10,4,4,1,10407,1173040902,-1411712780,-1821061097,-1129708191,-1213804184,-339216047
1,5,4,1,10407,1644116183,-21052276,-86291026,508727608,-343378550,1054199577
2,5,4,1,10407,1456168891,1766521099,1835987158,1469178416,112238490,-1611732851
3,5,4,1,10407,-929288023,-1322054759,-1178506510,-1245890190,482278439,-1991169810
4,5,4,1,10407,-1831238028,494635235,-1596620182,-1211348479,910562188,-1421095853
5,5,4,1,10407,-941032996,-963708218,-1744878584,1432810454,349535130,-1842190570
6,5,4,1,10407,111102901,-923767025,351461466,2090155687,280943894,118223031
7,5,4,1,10407,409697264,-1896697430,198473947,-215299649,-1037950482,-1338671367
8,5,4,1,10407,1181734510,-515080465,48049846,406711599,943879549,-2127308162
9,5,4,1,10407,652128561,-981527000,-771794734,-888443082,1959549735,-1195740530
10,5,4,1,10407,1267632318,-1626902279,-1326538962,-504857762,-1310836553,1401012234
1,6,4,1,10407,343221745,1890967783,-920029202,1073309488,517626981,186404037
2,6,4,1,10407,-526293047,-1181602749,237750670,-1024712440,576243116,1180161168
3,6,4,1,10407,631854906,1105595867,-289830447,837211297,253919448,1579191591
4,6,4,1,10407,-1825814278,68766718,337969231,1962194518,147875719,971266941
5,6,4,1,10407,-506901468,19497394,1747159402,-227520226,-167750572,861132741
6,6,4,1,10407,-1847313121,1809970769,-875325813,-1917638543,909032247,1135242078
7,6,4,1,10407,1527565669,-415195234,-1562632394,-28055155,-822737698,58149961
8,6,4,1,10407,-1211589034,-1918229587,834684735,-1472656801,2103142377,928744290
9,6,4,1,10407,245541585,722188542,-2082407472,-32640486,-2105826809,376388730
10,6,4,1,10407,419756704,873733346,-802497668,2085901537,-1981379274,1434978012
1,7,4,1,10407,-2009111417,272677112,-215291178,2039005163,171198980,-1412031927
2,7,4,1,10407,-886843319,-21864864,-938400292,2045549470,1734225794,-1059491578
3,7,4,1,10407,677794530,-41466159,1407655307,-143697502,-1258787811,-924961617
4,7,4,1,10407,1711189607,1713917731,1756033496,-254229998,-1159304475,236547999
5,7,4,1,10407,231311871,-2008655944,-1832077847,-2034384886,733183246,-937615066
6,7,4,1,10407,772020776,-1454063294,847190385,1391008590,-726833447,824209007
7,7,4,1,10407,-1658205477,1748022616,732078766,-431761103,-894434270,1516293004
8,7,4,1,10407,-64537814,989598036,-398265954,940603269,381021054,-1364947999
9,7,4,1,10407,1525715404,767963299,-1351008347,-77810810,289237426,326100332
10,7,4,1,10407,-353103042,-426353885,813925626,942759402,24658735,-224909967
1,8,4,1,10407,-1575883715,1162061162,1818550654,2140687390,-1715023362,-1028456522
2,8,4,1,10407,300013753,1048557145,310906292,-127656420,-1720966740,-1597660930
3,8,4,1,10407,460875114,33587226,-1581191440,1251552203,-1528583042,-1522661336
4,8,4,1,10407,-1262893436,-1390138054,-2145827060,669010158,2058797336,291123791
5,8,4,1,10407,-528970314,579746839,-1887216518,-65155140,-1098456791,2070383559
6,8,4,1,10407,723379904,787684089,-1840217435,1800966091,-314402878,-62148462
7,8,4,1,10407,-1037441005,-1972721109,-1359046386,642864326,663795587,2146763142
8,8,4,1,10407,2032466013,-1196520110,639111273,-1903550726,-888548315,-1172273552
9,8,4,1,10407,-41947253,-1838134918,-1427130447,-625064462,-83072313,888656333
10,8,4,1,10407,-2091447432,-130578485,-560438229,-321819317,1234395446,-66899034
1,9,4,1,10407,-1370735614,-745410214,-163039774,1110892429,643345096,-230814925
2,9,4,1,10407,-1191672272,140268095,85050973,143788292,340752395,-2035563043
3,9,4,1,10407,-1982668955,-690749613,-1649325998,1141143042,1443109133,740827332
4,9,4,1,10407,-535616439,-536454658,398003555,129288307,389902368,1811626668
5,9,4,1,10407,-813757797,-328841324,767909114,984373188,1226325403,-707499447
6,9,4,1,10407,1260977524,849940818,1250753019,-1383596558,1576748671,-359418110
7,9,4,1,10407,-1891651804,1373490136,-28227848,1805277240,-252245879,-1194536760
8,9,4,1,10407,1485679100,1374833325,-201530558,-673387647,1377333155,-1750935962
9,9,4,1,10407,2084489408,-458150332,-101319092,-544820761,-512494968,1926397228
10,9,4,1,10407,-1687794825,-1386820199,-1603892874,439659722,787646306,609936419
1,10,4,1,10407,-201720280,-227741724,-1809650466,-1733017780,1984602157,2023482251
2,10,4,1,10407,-1766282660,1200103514,-1600045418,-159825138,1111393906,-867560375
3,10,4,1,10407,875924438,1051601472,-2018060217,-801961949,-2051540954,1761192992
4,10,4,1,10407,1667174832,-1222470095,1907885341,96417980,-734414930,-652689870
5,10,4,1,10407,552518507,783811733,1248478818,-1333365252,1087779924,1463577177
6,10,4,1,10407,717533330,-449673046,895548858,1814023386,-1895421102,-1789474624
7,10,4,1,10407,1953090981,164844280,-955312892,1143115676,-682114145,1806190092
8,10,4,1,10407,-1671449777,1256355005,1939676983,619798531,560119640,1077667469
9,10,4,1,10407,942533636,-1178801375,149723885,1615525936,1885439450,-2126132229
10,10,4,1,10407,1167143715,1321357692,959107761,1173266362,1555703010,423822824
1,1,5,1,10407,-1209416276,-572941892,423992651,77354032,1787218003,-1994355955
2,1,5,1,10407,-1754724102,-2025864257,-142224092,167167671,1029842966,-261291260
3,1,5,1,10407,-189968189,194286821,-739333694,-888720025,-1756141411,-512557407
4,1,5,1,10407,-946555662,185737889,-1276667540,2193887,37282468,-493795632
5,1,5,1,10407,709200480,-986962741,1489257568,-463366119,1107856554,-1190270390
6,1,5,1,10407,-766892871,-400323169,2030999599,12103663,-382394955,-1095907618
7,1,5,1,10407,-1856220439,1602155950,1880135141,1460293990,272474786,1695393368
8,1,5,1,10407,1410694201,-945892018,513177200,-1250111015,-945664445,777379131
9,1,5,1,10407,1711493759,1887646003,264052884,24127321,687420423,749309983
10,1,5,1,10407,-2059267313,-557441683,150734580,1123182424,242570103,-1072045569
1,2,5,1,10407,-407950879,-90987735,-1469105358,-205391702,1807341185,-1583525824
2,2,5,1,10407,1761854141,-1010985501,-1081475706,16275902,1929569060,-1412131826
3,2,5,1,10407,2004187823,-1827404761,-1061213005,86784656,46408222,628443755
4,2,5,1,10407,-1891545544,388067388,483893069,494044328,1731091473,365284998
5,2,5,1,10407,1434170537,1027650494,1650882367,1779965555,-221362364,-378388191
6,2,5,1,10407,-1180403050,1022699526,-1612150771,1486973136,1428643103,-1356274129
7,2,5,1,10407,971292936,1467182766,-1558066015,798951407,-1861662960,92882060
8,2,5,1,10407,1694651115,837869482,607149143,588966970,1563426188,-2027148051
9,2,5,1,10407,-2001056614,1207335118,1637213048,-270123179,749793153,1450337086
10,2,5,1,10407,540456939,-774683917,-580556637,-826204233,-922890158,344522542
1,3,5,1,10407,-320561423,453560426,185906104,-1306213086,-872509718,2030964445
2,3,5,1,10407,-119520056,1929801337,1088425230,-1618251377,-707231829,-2115604518
3,3,5,1,10407,691948683,1628650339,-821496401,1642205154,-472512449,-2052266001
4,3,5,1,10407,1981520518,-1222771228,239080895,1036837997,1416337865,-1846978684
5,3,5,1,10407,1673333213,2103795927,1958026789,1572884302,941400629,2097595808
6,3,5,1,10407,-1125302810,-446827749,-2141123560,-29339347,-1974248913,-309851872
7,3,5,1,10407,302624216,-960966244,211329866,-1099123587,1335310203,1209381835
8,3,5,1,10407,651536627,698304257,2028757861,917240503,-101399444,403951890
9,3,5,1,10407,-1922108484,-1423053047,-1228969019,535322392,-1784747205,1786749523
10,3,5,1,10407,-215345039,-386479733,-1816064874,-1906480652,1308456928,-1506804233
1,4,5,1,10407,1847613876,1353452540,-408564242,-716350793,1442978606,547465223
2,4,5,1,10407,427350008,53811414,277034663,-783910354,-1102637447,-274481280
3,4,5,1,10407,2100727500,2018937374,191348999,1495576258,-1915369051,1212615022
4,4,5,1,10407,54441510,-719624329,1317206912,-1894430792,-1327215317,-2043221731
5,4,5,1,10407,985894014,1277196243,359322427,1985827821,981186399,204022731
6,4,5,1,10407,-1073696725,1322793293,1608804509,-564610617,-1182873836,1211190853
7,4,5,1,10407,-834165035,-277768930,-365048140,-1398552113,-294734044,156834379
8,4,5,1,10407,-570922739,-1649431464,402486026,1271015899,-1185484708,-1719049085
9,4,5,1,10407,-495557393,1059145152,1179772277,-1217228373,-1808066823,-740515083
10,4,5,1,10407,1768683796,-344425758,2095202947,733528915,1354240143,-681663296
1,5,5,1,10407,1003819445,272059079,969479306,-2000573786,378867817,-559750728
2,5,5,1,10407,1488490908,-1748980180,-1790721679,-1770193626,-1734095451,1135825773
3,5,5,1,10407,2112809920,249730927,-1138087744,1869145706,-491161795,718286802
4,5,5,1,10407,-1990198923,2025067122,687551163,-1160088874,-1442826468,129401137
5,5,5,1,10407,-916313097,-398110305,-874859795,1442212139,-701584940,-445225085
6,5,5,1,10407,-1353524334,-1783541619,1725558762,-202092765,1429988105,660837256
7,5,5,1,10407,11769164,-1844242169,-1560035847,602702444,275091912,-1587193577
8,5,5,1,10407,-1392771509,1283804726,-345454544,1705868464,-734393406,-1774894898
9,5,5,1,10407,-2048075264,1812315295,469151867,1027728534,870443512,1753327052
10,5,5,1,10407,432889551,1197442805,78953519,368063235,165088122,-901968320
1,6,5,1,10407,-520331576,-1206048837,1633466577,447632694,-1302263110,-1096930003
2,6,5,1,10407,-2021268639,1095572614,633951658,-2075925952,1814717969,604511251
3,6,5,1,10407,-1066211013,-337536420,239371746,-1046436368,-571288080,822041064
4,6,5,1,10407,-1749773620,-1224853105,-1068923966,-525896077,1946109967,2090140685
5,6,5,1,10407,-1425908725,-840652356,276616677,-1910266038,-1212096239,-176230166
6,6,5,1,10407,-826332090,204543376,1005653207,-341483244,518921147,1004467313
7,6,5,1,10407,-682301041,273326860,-452910693,-1121087826,565583574,419823735
8,6,5,1,10407,-342679054,1434206145,822877703,1032934638,1149487145,539812120
9,6,5,1,10407,-1159128371,-1177516589,1767153107,-1296967286,146283433,-137978601
10,6,5,1,10407,489288023,1417651992,-723767664,1339068090,-2129693587,-92143469
1,7,5,1,10407,-1936344572,1308755367,171315776,-1640040843,595600196,606744658
2,7,5,1,10407,-1229164777,-558773946,1271336877,1384123361,1414155034,860320651
3,7,5,1,10407,-914074435,44700179,1697430958,-1732242764,-1436601057,756277167
4,7,5,1,10407,873362926,-2097602302,-909658857,875106812,651346535,-1939126360
5,7,5,1,10407,397666195,-1457953779,-997654714,1428595496,1245283924,-455308551
6,7,5,1,10407,-1250929946,-1126801257,780768504,262142739,-1879258774,143394586
7,7,5,1,10407,-772294398,-2014477887,1961241888,-460374016,819677898,1476265143
8,7,5,1,10407,-910723780,-1485851275,860081378,1014255478,1052483809,-2072785974
9,7,5,1,10407,1245500987,-327096612,1166872276,-442703580,1209051875,-2128481387
10,7,5,1,10407,18435927,-1056320424,550825034,629566307,-148940744,-2099653835
1,8,5,1,10407,1826558131,948484599,474722235,899691601,-2038782473,-313177991
2,8,5,1,10407,1342688984,372535087,1202853261,1004742433,-1996402205,893769494
3,8,5,1,10407,1010586593,39266856,1939599773,1024723023,443192357,-1637843192
4,8,5,1,10407,156160296,127481052,-193641640,1704010433,412168992,-2021990494
5,8,5,1,10407,209446464,501067104,-1206506785,1477952369,997971570,-256147979
6,8,5,1,10407,-1485287679,-1556358370,630765458,586626839,1564981813,-538023559
7,8,5,1,10407,-1354172824,-554296732,-432449152,-1993757449,-754242867,-1313996354
8,8,5,1,10407,1962785915,742924955,-1401991947,1650150020,-804225814,-911748474
9,8,5,1,10407,-1176786117,-1302996697,-214731034,1092586562,181374372,-84577218
10,8,5,1,10407,282054020,-1677945569,-853144719,1627105851,-60602369,-1916173395
1,9,5,1,10407,736696283,-1077210029,615612997,-57574537,-1956652373,-364208422
2,9,5,1,10407,315901567,329585044,-1577541181,-10690876,1604268208,-898284341
3,9,5,1,10407,-1655086042,-992621687,1347047524,-1443465297,748122943,-1431991185
4,9,5,1,10407,-1347396474,1360365256,-885300714,924157227,137994465,-961369634
5,9,5,1,10407,-487741297,-906516410,753702615,177558550,1860375855,-528649002
6,9,5,1,10407,259390416,1786535591,297632145,859079902,-1714449229,-1377687291
7,9,5,1,10407,-929150184,930699095,-950558446,-108775146,-1985553440,-1845660540
8,9,5,1,10407,-407928962,1879126727,1603428911,351400010,-1913457422,1369256071
9,9,5,1,10407,219997273,976623882,-1030872036,-1452875225,-1589415898,-715114995
10,9,5,1,10407,-1181262543,-546463978,-297156677,-1404781231,-1418726489,461737642
1,10,5,1,10407,-862495572,-1596126665,1207381961,1159077338,1004320420,-748690273
2,10,5,1,10407,644123206,-620904351,1637613549,-395415957,1999917198,-1075721814
3,10,5,1,10407,1610380208,1325518203,-863452837,-1995213922,441323059,1164282557
4,10,5,1,10407,-1956274076,-1717303469,-1481301035,1964523618,1609614483,-1831769170
5,10,5,1,10407,-1318458462,206049941,-33293535,426795775,944714104,-1339049686
6,10,5,1,10407,-1405320456,566514952,-1320833939,765040783,409167532,1174292988
7,10,5,1,10407,432341903,-465387462,-1321088654,734808347,1702857142,1774660042
8,10,5,1,10407,633681862,275059999,-1654082067,-1984636514,-1740480331,462820589
9,10,5,1,10407,-1466652052,1101809611,-689791160,-806389769,85597565,-234038089
10,10,5,1,10407,-519624352,756314530,562546122,1220533192,2043027369,-852634844
1,1,0,2,10407,-1684297561,-1064725914,-58810009,-202537025,-2012171479,634306684
2,1,0,2,10407,118068105,955204841,549555852,-1902531678,-1231710090,1567555095
3,1,0,2,10407,-317262547,-1821447223,-705655492,-1476584416,-772493021,-1962030057
4,1,0,2,10407,1913710140,-2116176496,1953350690,1657870257,-414927760,1872544147
5,1,0,2,10407,666532410,685257115,-1809403857,-738333127,71483058,-650537801
6,1,0,2,10407,759827443,-1811999760,-1542156769,1240850008,1064603347,1644744192
7,1,0,2,10407,-1185138829,-551611671,-349592515,-71621627,2115769724,117571829
8,1,0,2,10407,1142992762,1306349621,1204021420,1958667847,324477523,-1660990490
9,1,0,2,10407,-1862445089,1264427028,1729361300,-872402105,-698350423,420527609
10,1,0,2,10407,661188283,478272571,-977713922,94899409,2111689808,477629399
1,2,0,2,10407,738176845,281258341,1665716038,176735444,877551081,-181771433
2,2,0,2,10407,1982088892,73656929,-303176344,1731275908,582369869,-1265975339
3,2,0,2,10407,1842252730,-1812281419,407817169,-1926804920,-1512456988,-1816283405
4,2,0,2,10407,-302176638,813568010,1187573464,-1600133465,-1358540833,-1783804259
5,2,0,2,10407,-1131116417,-745347504,-14870564,-364843770,2059775599,-929135838
6,2,0,2,10407,-494394611,1269448088,-1175186334,632850384,-1512348557,-1385220917
7,2,0,2,10407,939581419,-2133981499,311852012,-763382295,-1018577553,270367592
8,2,0,2,10407,-1730431325,-319190386,-1131691825,-156337849,1057353290,-1323108010
9,2,0,2,10407,1212523015,1800561730,-1850328718,-722939000,-1062483087,-925320906
10,2,0,2,10407,-1713456361,-1139573870,-396875314,1910272367,531922176,-67261314
1,3,0,2,10407,-1247076407,2059926230,-1845100750,1285759817,-462008679,255113862
2,3,0,2,10407,1764756442,-1520395642,-722862791,1421229151,591018366,-506136341
3,3,0,2,10407,1503162333,1470487445,1765210123,1156041889,429178594,-408001862
4,3,0,2,10407,-1185650371,1431351149,-314255752,-581117113,-1940658352,-1343506781
5,3,0,2,10407,-1670193204,886939699,679184788,-533124590,926096994,2086732333
6,3,0,2,10407,1307719112,331084668,-394770908,-1153896701,1555812585,995700422
7,3,0,2,10407,-1715265589,-944507824,1075967620,990229583,98947965,335911690
8,3,0,2,10407,71234539,1355807018,-874494840,2058917210,-1351839786,1515731772
9,3,0,2,10407,106104768,-1913365420,-720728310,412080134,-982278855,-1399301548
10,3,0,2,10407,-513960254,-786236925,1125431490,1858040427,149877771,1527066422
1,4,0,2,10407,-85434724,1296863266,2135969241,-93374357,1456965633,-338525140
2,4,0,2,10407,1072218446,1157115498,1136898370,-448508624,1468058576,-331323527
3,4,0,2,10407,-325551630,-1400984227,-1446560406,-801119,-176508830,-247453862
4,4,0,2,10407,2056640538,62364750,-908247852,1315746933,-1533066630,90497541
5,4,0,2,10407,1203422534,323471582,287629177,-1470693293,-1034057591,-459998312
6,4,0,2,10407,273053191,1308985705,-1783242985,747415105,1098689724,940764430
7,4,0,2,10407,-46479796,1195542135,-1039801752,-31934465,1508029478,1524234273
8,4,0,2,10407,35629787,1358450570,1252323110,1579114442,-1006019490,-1628974841
9,4,0,2,10407,2122815856,1969338643,258162265,-1314094351,-918187001,767287131
10,4,0,2,10407,1749010966,1707693159,1041687928,2025618260,880391727,36144470
1,5,0,2,10407,1275889116,1592646824,-1365606808,-1613971518,-1981037659,-1772894953
2,5,0,2,10407,-2014258028,1843811841,1059720522,1873619855,1552206638,-1750698720
3,5,0,2,10407,820385550,-1814923711,-778381392,-751150432,498956733,-1533690985
4,5,0,2,10407,-1888510705,120617967,-716143713,1293087049,-1321444072,-183611571
5,5,0,2,10407,866732969,467584681,1694385577,2028655279,-1679956773,-1887779737
6,5,0,2,10407,1697645225,249174191,-786124600,-1782692936,1484360138,88184642
7,5,0,2,10407,-1749267520,-1192720514,1973287109,1892558738,1567447283,-728298519
8,5,0,2,10407,315032142,-528597307,1983144225,1454550709,870872356,-1964267262
9,5,0,2,10407,1469558717,-1847602352,-919003286,1943400771,365504590,2139337554
10,5,0,2,10407,-931609151,-577380519,1063119115,993517703,1392182543,1753768467
1,6,0,2,10407,646937522,-1239274143,-893346111,-576721621,-1059789758,-1843016611
2,6,0,2,10407,109441792,-1690409834,-1247645880,2066154611,-598023438,-1643480670
3,6,0,2,10407,-1114278499,-1740816256,1366457471,-625381473,-10821273,-937060488
4,6,0,2,10407,-142816527,-2039586130,881437449,-451811256,-1180172798,897128964
5,6,0,2,10407,1682509466,1272601291,-327822704,-1014868482,-728461978,1148180644
6,6,0,2,10407,-565224582,1978999400,173181466,-602380521,2024622519,1803395871
7,6,0,2,10407,16262598,-415965194,103359509,2056432644,1545035057,-331151582
8,6,0,2,10407,2022486423,1988872167,-851008359,-693624098,1154534850,-2025574094
9,6,0,2,10407,683509428,-1130974353,649100078,-287620371,328339212,582781718
10,6,0,2,10407,-598674242,381396330,281902510,1147160565,-1393857457,-1561223557
1,7,0,2,10407,-1430495759,558679542,1203978191,-396314108,1664274853,-176496461
2,7,0,2,10407,-1207414227,1170322263,-1097912107,-220678277,-1593449017,908463294
3,7,0,2,10407,1830077886,-86690104,-1376721297,-496897446,557407776,-857723055
4,7,0,2,10407,-15481320,-1208722127,730688303,1461549534,-252847894,-1695976419
5,7,0,2,10407,-209316237,-2056196799,-336328985,1099069235,-589584166,-993206679
6,7,0,2,10407,1883888688,-930233247,893592099,-1879621748,1540375909,1659581845
7,7,0,2,10407,2088592280,-613324858,1528000019,-156263205,733312106,1350593582
8,7,0,2,10407,1556071414,-2003175007,1613738031,-1215264113,-213786581,116793953
9,7,0,2,10407,-835568001,-1424492015,1256751409,403792340,475275270,-905195262
10,7,0,2,10407,725559730,1042444373,-2133107860,2095068210,-951932315,1942780572
1,8,0,2,10407,663393828,1488064486,1276399179,147792386,427978251,-1342802344
2,8,0,2,10407,1274664779,-392161312,-1733964319,-1686456001,-1105332722,-1468714939
3,8,0,2,10407,1147433157,-1926837976,-360806601,1983327163,1838727976,-1188854940
4,8,0,2,10407,973433812,997224082,19556090,832923334,1155851506,-1299795120
5,8,0,2,10407,1335837129,741319605,-797382446,184461089,1839991361,-742561572
6,8,0,2,10407,-1527994124,1778430368,2143421014,-726241863,1201360319,-468155781
7,8,0,2,10407,-1724410902,-1427325343,424795962,-1046895425,-2138415328,-1673134401
8,8,0,2,10407,-2092446880,44987582,1403883630,-301223240,1200511880,-1907792545
9,8,0,2,10407,766936996,-35524127,689938128,626060404,954134966,-91813029
10,8,0,2,10407,554746286,1008733627,204616418,-1545383989,1060468231,1710968713
1,9,0,2,10407,-1858842797,-545024514,1325626791,2141830019,666567270,1299602613
2,9,0,2,10407,1121042516,-262175133,1776412202,1756384282,796361821,839980271
3,9,0,2,10407,1319058097,1014211144,1383865058,-1385768179,-1425859298,-1799193938
4,9,0,2,10407,973527389,-2011781666,-1665170743,690686997,-1225435872,-1731155672
5,9,0,2,10407,383659734,-623070692,1490155927,509299421,-1796475445,-2070192189
6,9,0,2,10407,1347398854,1977765927,1266363348,1804846780,-2106448301,400359617
7,9,0,2,10407,-1960827930,1835448315,-316638543,1852057523,841454035,-1578074459
8,9,0,2,10407,-1754930615,-1527932001,2025391637,1756115672,-270838338,1629082758
9,9,0,2,10407,892974743,1266371443,1199927338,1301214029,1487942778,36922766
10,9,0,2,10407,-2028392641,-1461916943,1255985543,-1450247363,-19525339,-1050578406
1,10,0,2,10407,882748192,102042565,-2025587715,-640570558,2081697697,-629764683
2,10,0,2,10407,1412386780,-852253527,1313207110,-1398423341,2046186771,160459641
3,10,0,2,10407,-395103382,1565460783,-1031169700,790543919,2080278954,1253629255
4,10,0,2,10407,1155724562,-802454760,-1495633479,1702729289,-141685121,1014325649
5,10,0,2,10407,1189519076,-586366850,-1652814191,1386935593,-1337868973,-917201635
6,10,0,2,10407,-914916855,-495174798,-758010463,1593423824,-1017931631,466712667
7,10,0,2,10407,-1644211555,-209994769,1072992845,965785736,42145782,-8138303
8,10,0,2,10407,1050743084,-1625028032,-1326407730,1770548569,350534940,-276161729
9,10,0,2,10407,1575080660,-1240008631,-1356899190,1145677856,1306260904,235812030
10,10,0,2,10407,-1434193582,-1729942506,-1215377120,757234118,-1758416338,-192212355
1,1,1,2,10407,333443071,-132397455,-122216730,1098736933,382223040,610062150
2,1,1,2,10407,-1025445895,-975042494,-1498281552,154709256,-1675899240,-114493669
3,1,1,2,10407,1149584504,-2036088557,767087329,-1562061189,221211562,981660815
4,1,1,2,10407,-541035424,428949953,1805643844,-2123536464,1339508238,-2001855024
5,1,1,2,10407,-1351281649,-1269491882,414868069,940949650,1022487290,-1775538785
6,1,1,2,10407,1338246559,443639141,1950721963,615129578,1154389574,-1605402144
7,1,1,2,10407,-1518172293,375414048,424466062,625925379,84472588,1980281323
8,1,1,2,10407,-707932653,-307774540,-1159453812,-706329687,996271757,-1112104093
9,1,1,2,10407,935725580,410683175,758612320,80194122,653531954,-1464035507
10,1,1,2,10407,-1049264181,-845513761,-2046220524,1070509842,913406024,-1888051646
1,2,1,2,10407,-110854851,-217849536,1757710243,-1392900390,-587332828,1572437820
2,2,1,2,10407,-1687304650,2112298615,247686962,-1942653270,2091892793,-1707168234
3,2,1,2,10407,-1284315287,1105731164,-370309674,619432292,-697534771,1192406551
4,2,1,2,10407,-1631679672,1804107378,-18555942,-1157959499,2060932956,1098898079
5,2,1,2,10407,-1492857868,476496891,-1463819839,-135216398,1565181486,231279274
6,2,1,2,10407,-1987593153,-1608474627,-2118911017,-1292445514,-712648294,2101747674
7,2,1,2,10407,1671573934,-2051011544,-1820408369,1624952498,1589004800,-1638024122
8,2,1,2,10407,-804743708,-816795967,1365360493,-860305061,948435887,-499241341
9,2,1,2,10407,37387652,1071099871,1997904669,-1123874374,-732128722,-96850024
10,2,1,2,10407,1269120398,-1229649230,1092055227,805577385,867028500,675369627
1,3,1,2,10407,308312713,-765371215,-2020931043,952900415,-475271610,-1944867613
2,3,1,2,10407,-1449994724,1638419506,507319864,1773981216,809099569,-66808167
3,3,1,2,10407,1910485405,228351989,1176468965,-862399837,-279081937,-1669125717
4,3,1,2,10407,-448646255,-1061622768,1897867937,-838795322,1995962127,-679079725
5,3,1,2,10407,1289521485,-1227294635,147441419,1434087421,1041509934,-287964165
6,3,1,2,10407,-45168010,-1830818854,1568018157,538277465,1372372395,-1586569867
7,3,1,2,10407,-406851450,-946440429,-782457644,-2048577939,-1407472576,-115224133
8,3,1,2,10407,2090307044,-1188204511,905968637,-1444479687,-611426509,419857620
9,3,1,2,10407,-1810772287,-912350006,-705743424,-1966456357,1589380806,-656280610
10,3,1,2,10407,1813930451,-1852723103,1225670027,472512494,1970426436,579118758
1,4,1,2,10407,-1395978999,-441619277,1574542422,-1710912358,-1827044477,-1012831985
2,4,1,2,10407,-1361498331,-962916223,896501629,-300210482,-1153929137,1195763760
3,4,1,2,10407,-1328497908,922039324,-132613657,2104548233,1699202940,-1831030177
4,4,1,2,10407,-2098481070,928516740,-1237125831,1819679398,696092653,130225142
5,4,1,2,10407,1999868329,-515268232,-523021258,-1645710069,-238875734,1389848488
6,4,1,2,10407,1570198914,-1885782115,381033060,-1235235291,607425026,-912930713
7,4,1,2,10407,71730686,-276939345,1168356139,911363203,-41674964,-1929001503
8,4,1,2,10407,-1283398646,-687258543,1250837288,-935181551,1981529555,-1389334541
9,4,1,2,10407,1109994333,1137196013,1251775476,1309175859,1732441459,-1956780764
10,4,1,2,10407,-1375272233,-1409683928,1506899791,2130304999,1030998126,1103142034
1,5,1,2,10407,-278857056,1462702467,-972908584,470700970,2094516930,1798048136
2,5,1,2,10407,261426141,-679639493,1779750881,-168080161,683459908,1162028720
3,5,1,2,10407,705856367,-2122462549,-574215326,-1431644863,-1534421580,10799033
4,5,1,2,10407,1202296811,1962512523,-555333479,135805697,-99650847,1393359787
5,5,1,2,10407,101556041,1665416067,1655268767,-1439292368,-2137689912,-1421199272
6,5,1,2,10407,-1125491271,386704146,1068528501,1309147682,1491578618,-2111065579
7,5,1,2,10407,-1428368063,1161021714,-82656293,214472255,-1509111524,-1822778447
8,5,1,2,10407,-1152548081,97442530,1695156322,-314170680,1823379804,598623316
9,5,1,2,10407,-658784723,-660138724,-1901718664,-2135345344,1294820597,-1599749440
10,5,1,2,10407,-2046803044,115755922,365190323,842959323,1100259959,-2064633775
1,6,1,2,10407,-484921002,-891396174,1905260793,-850400093,1169091053,-443242718
2,6,1,2,10407,574413546,1745477770,-1677043521,-1920680869,-121505659,1027168920
3,6,1,2,10407,674471379,-1553426173,-1680485152,-1452117860,2092893579,-526687180
4,6,1,2,10407,893155711,-2124900186,-1751285679,1910813356,666364008,1016467796
5,6,1,2,10407,1287767393,-162104061,-1370997466,665302639,-1852175476,-1675740363
6,6,1,2,10407,-1687801111,1370055095,567336017,649707971,1029895464,-2069184650
7,6,1,2,10407,1554086284,210281529,1006609660,-306234280,-203899316,927705063
8,6,1,2,10407,-1027149050,185760152,-183003887,1839889287,1499555301,2040532305
9,6,1,2,10407,1801081434,2056135852,-748289024,1289933561,1438038867,737834714
10,6,1,2,10407,6551585,-127164277,1768996328,-654182723,688093862,-773909957
1,7,1,2,10407,1814536378,2052990878,-1645600894,-1177966134,19463650,-1442961033
2,7,1,2,10407,-469094310,423552875,-1506059444,-210883833,1618621361,-1884551449
3,7,1,2,10407,648896836,1161971997,-209260208,-1112867364,2023851483,-1162485780
4,7,1,2,10407,234619147,1815926942,1683970661,1068297884,-966926716,-572533412
5,7,1,2,10407,-1093302800,-1321488329,-365634796,1553269517,-1319924498,794321462
6,7,1,2,10407,-732935059,-1237656051,-1999147744,-1843251918,1306735070,556477794
7,7,1,2,10407,563522198,-721083076,2116098031,887593366,-1195921681,-742398248
8,7,1,2,10407,604252184,-2032670718,-2015364492,-138226831,-79251740,-2124039261
9,7,1,2,10407,-789440059,-1240940855,944870162,100112044,-759969094,-2091734720
10,7,1,2,10407,1394628513,1146019251,41248225,-1172383552,315532551,-667324981
1,8,1,2,10407,1162524042,461751351,-614691328,-1091825715,-386562584,1073162464
2,8,1,2,10407,659616534,-1532412679,-342054694,-1028804386,785909273,202078522
3,8,1,2,10407,-2091202179,-1104719782,-780114526,984695552,449442787,-395375737
4,8,1,2,10407,-138626055,-2071514855,2031162455,-1282251777,-4671142,-1423098225
5,8,1,2,10407,-14672828,-128168936,1912332523,-230328798,1349257973,-2026605595
6,8,1,2,10407,603108599,1111181874,-118812807,1627365310,-1566499223,1303055535
7,8,1,2,10407,-347397254,455056260,-914553430,-1132443615,1319786543,-383862137
8,8,1,2,10407,-1360772287,1257094132,-773931425,763240902,1509856095,848074084
9,8,1,2,10407,1980446400,-698274561,-1143785015,-392911801,-1654770302,-245680258
10,8,1,2,10407,2067251304,-1133754530,448615036,743380493,1654324153,2069316859
1,9,1,2,10407,-687847412,-1066214494,1941447580,-564670135,-1373619039,1395352629
2,9,1,2,10407,-1462764107,1664841072,2137372027,721678090,-1836201625,1546059684
3,9,1,2,10407,-1201388836,1980799292,-1554475519,550416369,-590927,1161090657
4,9,1,2,10407,1936366112,-1817334621,1857163744,-2029543282,-472703105,1190540101
5,9,1,2,10407,406697307,832635926,1355736516,-1348404623,160711311,-1903232821
6,9,1,2,10407,-1650930570,2076864545,-105671812,1969336437,1397175962,1119326290
7,9,1,2,10407,-45522850,1067079686,866857810,100025854,-3668715,960059005
8,9,1,2,10407,-935043859,695596342,-1516053433,-339591803,-1627186730,-613552485
9,9,1,2,10407,628129238,-1486931606,-1429667201,1169911875,-887769248,802345822
10,9,1,2,10407,1436203239,425467500,52178802,-639583274,1549418848,2115422737
1,10,1,2,10407,898548428,273011022,-1351130835,-447314013,-443642394,-68888834
2,10,1,2,10407,423979330,1365462072,791647727,-1690871143,-1553423986,440188599
3,10,1,2,10407,436812634,-1272299110,-1698208331,-1631215187,-120460374,1013604301
4,10,1,2,10407,-1491188549,-1305068834,-557517418,-793521683,1299066412,987467333
5,10,1,2,10407,-1031790830,492133102,-86893040,-1697740244,-79801549,-2064296809
6,10,1,2,10407,-911752023,-2089160721,-465520851,-252188918,-970219032,1454077324
7,10,1,2,10407,-1874178883,-793409615,-406134581,411469838,-1715258480,78258356
8,10,1,2,10407,86610835,-1909785743,-1557382876,-1072935032,458790664,854228841
9,10,1,2,10407,-1847137287,304714001,-389072380,-2008958996,-1097625995,1047003061
10,10,1,2,10407,-902991007,492045363,959508165,1923756998,-664408164,-89332154
1,1,2,2,10407,144873683,-2117146481,824303,-2139628338,-1183526059,-1217702823
2,1,2,2,10407,1088726879,1117529895,-1567988148,113756901,1158733862,2071486184
3,1,2,2,10407,-1647976699,-1778841387,-1989626349,-860620006,-1918921850,-1374952768
4,1,2,2,10407,914316637,-1977193909,-506719445,-400293329,452146037,463394404
5,1,2,2,10407,775110307,1951540755,524752480,2025281592,970469912,474647103
6,1,2,2,10407,-416141472,-408102501,-1991933455,2042164066,339499896,484393840
7,1,2,2,10407,79519771,1087508880,1969111227,-1360006459,1711524022,1858407790
8,1,2,2,10407,1998545053,-1011875080,2145294241,-947558319,-48858006,1068202642
9,1,2,2,10407,633678358,1951057225,2069171603,1664521650,-762782851,1647102799
10,1,2,2,10407,-958303257,1687800445,-1758872705,489431068,-860464123,1781500793
1,2,2,2,10407,240797431,-389930470,2140542041,1290619066,-937421719,316623554
2,2,2,2,10407,164920082,-682712853,-1551315830,-224043662,809687796,1257338275
3,2,2,2,10407,-1544272623,-1593764037,-1371057837,-2077151750,1932851533,2108218484
4,2,2,2,10407,-598324476,-623072925,1675606381,1841386938,-706972259,-1220472475
5,2,2,2,10407,193301573,-365686961,1701421772,-2048015215,-1605860542,-1015910524
6,2,2,2,10407,-1155757041,-1151128059,888919772,1674734024,-1199104007,1046316597
7,2,2,2,10407,-90788039,322154295,146897033,-1275424453,-1503806012,1352218345
8,2,2,2,10407,365216299,-1003178132,412617279,1907172227,1953308605,-1358076370
9,2,2,2,10407,-604246995,891919880,-966188039,-1900724542,1960184589,1758728933
10,2,2,2,10407,-512949696,216104273,896398885,-1425098049,247122298,-794925794
1,3,2,2,10407,1182308426,1191520549,-727962951,-1172563874,-1728657179,970761829
2,3,2,2,10407,-364578982,-2145498271,1159591907,685615582,-733545810,1197101648
3,3,2,2,10407,1004180832,-1334623995,808354930,-79631685,167511319,-422757828
4,3,2,2,10407,252055211,1911790143,1778804037,-2050973547,-1640884764,1675810052
5,3,2,2,10407,-650808476,669479122,-1666110069,-1000347900,1783513764,-1890025565
6,3,2,2,10407,-1506252835,591026824,853208116,1492734421,-402744259,296452851
7,3,2,2,10407,1775148220,-2070757410,-398883424,722259255,509322038,-1802022290
8,3,2,2,10407,-1239513977,1308264656,532691592,-522090833,104491171,299842080
9,3,2,2,10407,355967667,-1071682688,-247248946,-1189425803,-1860270107,1329433608
10,3,2,2,10407,779279510,98692939,-501785646,-141233945,-1556655726,1839440151
1,4,2,2,10407,1772168730,1560864612,786747277,671983079,-2141257263,-1474121089
2,4,2,2,10407,-153863030,788002776,13343012,-1808114083,-152811981,1281511520
3,4,2,2,10407,1292038973,1050573778,1767118801,-148721756,675407959,133103280
4,4,2,2,10407,202698372,970121973,-1903192068,1425589855,790432358,412302053
5,4,2,2,10407,-452150386,191322258,-1011165062,1669576430,1980856701,46335736
6,4,2,2,10407,-28285286,-1325817958,2143812184,-920593998,-1641064632,-211837664
7,4,2,2,10407,1568651892,2045318771,-141010042,-2018320022,400255907,-1849247738
8,4,2,2,10407,1416425061,-449015933,-1856050479,401574919,444701148,-1794977525
9,4,2,2,10407,-2100957823,1677405189,485584405,440213868,1759706976,1608297564
10,4,2,2,10407,659407140,-958927764,-1560917418,2104108380,-1315665462,1359187717
1,5,2,2,10407,-77126868,1149810895,186262432,-1246234462,524788769,-591702941
2,5,2,2,10407,349783025,2103891208,-1234746429,-337903999,-2103313913,248821599
3,5,2,2,10407,-172528035,-524219826,-1128785998,136179618,1532960329,689144097
4,5,2,2,10407,464863770,1740046758,-2080890477,-1241480098,676235854,-1405181421
5,5,2,2,10407,-1547573100,1483051511,491009046,-9807274,683687119,-895190640
6,5,2,2,10407,-603781864,-715947681,-158390888,771795404,660806058,-302946870
7,5,2,2,10407,2090920460,-766074929,1168414394,1714565803,570331970,-1849136521
8,5,2,2,10407,61661775,450795739,806097263,280409858,1305290030,-349720756
9,5,2,2,10407,1843526460,591566599,-1344345018,769207433,1916441844,1553005936
10,5,2,2,10407,-2060688861,-919022492,1430527085,7757613,1921022357,905017875
1,6,2,2,10407,-940830925,-938072305,1629218010,1293146495,-1969245622,1700026601
2,6,2,2,10407,462772483,-1861500838,-641669672,2060524130,-1879917441,-1197960499
3,6,2,2,10407,161851080,1796052821,1631976945,702345007,1109224081,1853584225
4,6,2,2,10407,-612922503,1196081038,1040968603,2081107,307029541,730413790
5,6,2,2,10407,-947184176,455890684,1085242721,-698504914,-545887230,-592734018
6,6,2,2,10407,414007839,-1713775288,-224196402,-2087177367,526806956,1973424252
7,6,2,2,10407,-295224474,-152830127,714473804,894471406,1949837297,-957055225
8,6,2,2,10407,186442083,865788389,1016456822,122938871,-1846341245,-1975007297
9,6,2,2,10407,-1770287531,1157892103,402513536,-526227056,-477099079,1990411695
10,6,2,2,10407,1792790038,-421427348,1129501583,-430240160,1417664192,1993413194
1,7,2,2,10407,1505848536,1479136316,349788627,-1452470267,-608079051,-746338409
2,7,2,2,10407,384203830,-1409115531,-328260809,739062827,-1581087213,156096161
3,7,2,2,10407,480989715,531132545,-512788735,-38249112,661696254,-2080321722
4,7,2,2,10407,427782417,60170760,-340103185,-911707414,-360832442,2132604417
5,7,2,2,10407,2049065510,-610085923,308241951,2015368574,-642726241,588150964
6,7,2,2,10407,-422230998,376407284,1710677736,-1128930153,-589739749,1649520141
7,7,2,2,10407,1812468928,-1199587114,460660404,-1959955873,812914074,-464987419
8,7,2,2,10407,137922227,-1195864901,847316006,-1924437890,1744218389,1149885906
9,7,2,2,10407,-232223316,210762535,1272047474,-1914270572,-1702343088,91369375
10,7,2,2,10407,-1463362037,-751370752,1783080202,-608475937,2055244603,551253858
1,8,2,2,10407,-1581524088,-566590974,-1797807494,183312022,383070620,789535672
2,8,2,2,10407,21662526,-234525087,-1881301687,-1801822905,-788108691,1165352098
3,8,2,2,10407,1661342168,-420641160,-268064782,1084475548,197694319,1752694531
4,8,2,2,10407,-862653059,1742619910,-627625633,1157234998,716317710,169858365
5,8,2,2,10407,-87861736,-956243673,-1670761097,-647454776,-9689600,1279289647
6,8,2,2,10407,-1548826030,-453800940,-343128374,-1720206835,1133765973,1215926648
7,8,2,2,10407,1837429263,-1942167597,-41633172,-1336476085,1596759681,-1848932424
8,8,2,2,10407,-1105771765,51694314,76239925,-764834983,-528687810,-978193483
9,8,2,2,10407,-1453898291,-82875579,421483365,-1336336451,-2076357693,-1630270677
10,8,2,2,10407,-817634305,947740064,1986781044,309524303,-222754333,-1468904015
1,9,2,2,10407,1689954950,566607955,-650740276,2109970476,754925703,1048680475
2,9,2,2,10407,-627624569,-1800009017,-1518550567,-1339117751,1935330334,-548432338
3,9,2,2,10407,1420892699,1396778065,2012125733,794511036,-1152150009,-793859225
4,9,2,2,10407,217064373,1196724090,-1604767331,1561825539,293801608,-1195312274
5,9,2,2,10407,37740565,-1590086688,1653254945,556452778,-1222799272,-1559834768
6,9,2,2,10407,913669895,-1477376544,410722275,710837157,653123594,-1359993708
7,9,2,2,10407,2088932281,-1215089441,1259608288,-646891070,-1639346784,-955677158
8,9,2,2,10407,791587826,-168285265,-208567376,-1070794917,-694694622,-258551144
9,9,2,2,10407,49780179,254783050,-33613233,676283773,1128815136,-763541203
10,9,2,2,10407,1758207909,-802853769,258627603,-689307816,706689729,-355653216
1,10,2,2,10407,-880971819,1210433532,1859672627,-328858533,-1169409891,-906829330
2,10,2,2,10407,-1963716818,133500852,-1444410216,-1627590545,1415818812,-653295982
3,10,2,2,10407,-767817435,-458884137,1936068605,1300347677,-1146349807,40472204
4,10,2,2,10407,57305347,-1371199283,222766967,1843119653,-1320057762,-96923147
5,10,2,2,10407,-1946436434,-1878482340,-1813888931,-1836740375,-676958405,-1162102686
6,10,2,2,10407,-527830842,-61225627,-737204745,376085062,-2040379790,-82846523
7,10,2,2,10407,-162075342,-1986438998,712843668,-907662315,979036991,26506449
8,10,2,2,10407,-1151402185,812898301,-1040161211,-646329393,1601862968,-1279578929
9,10,2,2,10407,-1462835631,-120740818,-1623059829,1762936811,-172833853,1499873311
10,10,2,2,10407,-491325448,734232791,-1578305384,2083433304,2027757536,794581258
1,1,3,2,10407,-1508925478,2112104216,1193530230,-1192959860,-174535469,-1055321933
2,1,3,2,10407,1983492282,-228994183,-578700268,-204218454,324278399,-429602752
3,1,3,2,10407,360007395,1526137952,-684113138,821261425,-591671038,-358897998
4,1,3,2,10407,-763956719,38278916,-887444272,912254376,-1305712973,-1531691544
5,1,3,2,10407,-1655728509,-701272557,-271672418,-668795780,-1019807256,-1989959872
6,1,3,2,10407,973259809,-247485926,71008870,-1272563247,1010632442,-142068620
7,1,3,2,10407,952057578,-1846047443,1397437112,362409107,-1013954752,-418972711
8,1,3,2,10407,2046714987,-1316947285,1748547537,1231284831,1453719961,-1116465491
9,1,3,2,10407,130628697,-567740396,1619215017,-1984771490,-1125674744,-538766816
10,1,3,2,10407,-664025827,1621019658,-504064166,698607277,699212323,1765660397
1,2,3,2,10407,498676849,475466335,640889631,616874493,1046953726,-1622254634
2,2,3,2,10407,-930736700,-13706203,2127524550,-1238839320,-535261632,-1355920914
3,2,3,2,10407,663958509,-65759115,259933193,-1549700591,1975383345,2093979644
4,2,3,2,10407,1860505193,288333715,1075938464,-1545496021,2023720018,2134531650
5,2,3,2,10407,-1409365963,572321812,-1313376039,-572908638,-320263783,-1205459494
6,2,3,2,10407,320135969,-57940680,-1334086794,-703250762,-1034198783,-1422047813
7,2,3,2,10407,-1334783790,-242790613,-1671381480,866090657,-1154083749,1470716323
8,2,3,2,10407,1166614662,-69749832,-1766639749,-2104847028,-877839289,-128507644
9,2,3,2,10407,-577498516,702283276,-1845661415,814426528,-1649477496,799297930
10,2,3,2,10407,-1997762055,-1003280122,675461276,1611494777,1290646079,-1602396906
1,3,3,2,10407,-1045807332,-1976933264,-788495802,-67953287,-893791083,87609991
2,3,3,2,10407,-1571067779,-2107702921,317458847,-1361117595,689407144,264641193
3,3,3,2,10407,-715752583,463717794,-636322490,1572562431,959084955,-1994463540
4,3,3,2,10407,770359784,1155244223,836658981,-777658625,-84183480,2143247674
5,3,3,2,10407,302141188,-1474381982,1762262168,-365807963,91699259,-1827953086
6,3,3,2,10407,-388499549,-2056138431,-453141677,1131068063,1023024721,1572873134
7,3,3,2,10407,-2115003360,-1129901389,-1318850425,67728844,-667140254,668118707
8,3,3,2,10407,-1146762939,905115742,-780286894,-1300040846,149314770,1155337168
9,3,3,2,10407,-1584954404,-2096940168,-407607533,1707493775,-347153663,-1387099545
10,3,3,2,10407,-1427328675,672456769,-673312631,302229218,-2132462035,-2027413501
1,4,3,2,10407,-350622343,-843253260,-567095968,508769816,-1407826892,-2011837673
2,4,3,2,10407,-1902597320,1183990613,1072499673,-480513838,-1335085409,390505761
3,4,3,2,10407,-1348840743,-421632779,-1634759871,1246543273,-1147154551,330451383
4,4,3,2,10407,-1301481094,-1369723129,359879438,-51967068,424190030,-248201023
5,4,3,2,10407,1975109753,1673428157,-1493272692,1575596223,1532128406,1647283707
6,4,3,2,10407,-1370593115,-669081719,-1913195152,2066262272,802673286,770630244
7,4,3,2,10407,-589248138,357185262,1388117977,1392754687,-1658432283,-801260816
8,4,3,2,10407,2022757624,-1064513460,-1150716592,823812291,22123122,1494842144
9,4,3,2,10407,1590761800,1013312351,-1840566590,27127423,-2032929472,2024698234
10,4,3,2,10407,-717063411,125474525,-803574390,1869778236,307616788,-1406138421
1,5,3,2,10407,267319329,2121838568,-474241634,-872990157,-53250740,-77669789
2,5,3,2,10407,-646627429,470380089,-682647336,1038934813,1736490801,1595224526
3,5,3,2,10407,465315080,1036508263,-469991804,2101551315,-936431963,-640222999
4,5,3,2,10407,-784923152,1953356745,1045397912,1287878738,207506214,2016180268
5,5,3,2,10407,649891218,-1151284778,-1588113725,-164770751,1250890031,-1284969780
6,5,3,2,10407,-2027438816,1521007973,850274541,-466414711,-1555098399,770406755
7,5,3,2,10407,1005813875,-1460922225,-598881608,-2044764773,734211434,1839058783
8,5,3,2,10407,-1780481,-1227098097,1579614350,-673378940,-852427437,-1937720493
9,5,3,2,10407,-1178992762,915580090,-798710385,-1233040232,-1202142212,-434270840
10,5,3,2,10407,804576644,-2121053254,1967194431,-12553010,-2070110753,-625408370
1,6,3,2,10407,-360426995,1620096289,2061738852,1672626149,-884600275,-882236894
2,6,3,2,10407,2069053089,-1784990803,-1685466346,-1365533796,-1706622761,-1531256507
3,6,3,2,10407,-2147232848,-8012787,522701432,-1400830713,192341801,-1459057194
4,6,3,2,10407,-1863415987,-1672792064,-1341384150,-1078836019,754827760,1768570403
5,6,3,2,10407,-306956566,276064208,928287569,-1774362073,2121076727,896002649
6,6,3,2,10407,-804141564,-736760358,1400176546,-1032711462,-1711838094,2098983904
7,6,3,2,10407,430948931,626049610,-723704388,1653825347,57590971,-730860077
8,6,3,2,10407,-1176502250,1963300327,-1155247623,1299047192,1941846038,-676476250
9,6,3,2,10407,-1466997516,1675247433,901536781,-1148505467,-372915392,-633638140
10,6,3,2,10407,2082595070,161525455,-930398079,588633093,-381849567,170707863
1,7,3,2,10407,-1143851542,-404224949,-1950718674,1147033224,-926723025,1060833565
2,7,3,2,10407,-243402696,-1506702035,2128925962,44191166,1163284830,-764194372
3,7,3,2,10407,417500932,41378076,-1674440612,701169570,1951322347,-2054090408
4,7,3,2,10407,2111604083,441918347,1248951652,80513461,396183618,-1664703351
5,7,3,2,10407,-1097415957,1208009118,-1319011680,1398116055,1205658751,1352582815
6,7,3,2,10407,-855758429,1643931718,-103951367,-229569304,2054726445,955810339
7,7,3,2,10407,-1176684440,729319777,110573766,112565033,797482321,186647790
8,7,3,2,10407,109822351,-1440513278,1736577777,393229503,-89174414,1019666545
9,7,3,2,10407,1401809655,1489552209,1590430904,-2052095536,1598252617,-1972750202
10,7,3,2,10407,1842419439,-2006589263,-971244011,629376794,-1486387953,-1135607104
1,8,3,2,10407,-1143569457,1435983096,-1727588080,-447610756,1959133954,1032182535
2,8,3,2,10407,1715432072,843125589,-725355834,696799684,-1993892530,-111898586
3,8,3,2,10407,374141019,175066169,2129067589,-1499002151,1063147136,-982559324
4,8,3,2,10407,2084370855,244164024,673372547,-686555686,917066930,829306508
5,8,3,2,10407,-1270722997,1718371458,1427824014,-1431163461,1429761743,1005938580
6,8,3,2,10407,631221766,1792219388,-1987549950,-1806962286,-1312568093,-1243527151
7,8,3,2,10407,92267731,-1928259110,-1291891913,-104413120,-1789194622,-1742363112
8,8,3,2,10407,-1670146979,-470060116,-590463095,1516154029,242053618,-1728150224
9,8,3,2,10407,1451778623,1335350970,456377721,1939433180,1109537145,1657511358
10,8,3,2,10407,-821701706,-1527037966,1330037842,1210991822,1136926800,-1053419159
1,9,3,2,10407,931011490,-1602001874,920670357,413466600,-1235813244,-1212120301
2,9,3,2,10407,1169647904,1517276763,-98675909,1173384258,1970204192,206901727
3,9,3,2,10407,-913740818,-2127320218,1444738456,-1854314147,-1155484759,-2033815302
4,9,3,2,10407,1294788685,-28207425,501949786,1599610287,606008008,95583498
5,9,3,2,10407,1101049841,-175796763,-152432371,2031903258,-1642082520,336821311
6,9,3,2,10407,-996549127,-1232237246,-2012796888,-1055240018,1990786920,994546591
7,9,3,2,10407,1379095397,635598615,-1208654718,-229843794,-482352343,421330467
8,9,3,2,10407,1611487248,1749405897,59191612,-181272839,195875427,-872727882
9,9,3,2,10407,-1122929111,-142734607,-1598190738,390633660,-1403306740,-1064322678
10,9,3,2,10407,646253071,86217932,-317185395,-943909843,-1144609115,-2116463549
1,10,3,2,10407,-1376232951,808773235,-1332079715,1427953943,-662128379,-831552582
2,10,3,2,10407,-1388121494,1337251856,-361435186,606889266,1246923177,-1948247822
3,10,3,2,10407,-889022430,-535669118,134144449,-1205355261,393382812,1634235783
4,10,3,2,10407,484343857,1983681326,228363758,-1224545023,-723822603,-537476299
5,10,3,2,10407,166225720,2123559765,1112884310,871644292,503891683,-295135264
6,10,3,2,10407,-793303889,957538587,305310448,472455189,-765148725,1788277377
7,10,3,2,10407,1797661002,1353798155,1152696405,-1508773877,-1772097540,-484179084
8,10,3,2,10407,-1162447364,-2025708408,971695457,1462650769,-943231528,-936003156
9,10,3,2,10407,-630183004,-157117818,-1701800465,164622221,-473374603,1492068384
10,10,3,2,10407,1835930357,-979059912,446488346,1762988432,-837538549,-1034110359
1,1,4,2,10407,-643627599,931274611,571322108,-763519105,-1505923877,-2041047686
2,1,4,2,10407,1921778850,1472616066,1565636623,-344688913,-79934778,1792314578
3,1,4,2,10407,2102980541,-1970937481,-968264921,-159130032,579436560,-354535646
4,1,4,2,10407,232483349,1849351135,-2085855597,-1952138759,-1752817854,710155177
5,1,4,2,10407,487954137,1194990720,-493181021,1002116176,2036489883,-2003730553
6,1,4,2,10407,-128921663,802211660,1245858845,740174051,2124149153,2036626492
7,1,4,2,10407,1471853118,-236099975,-1255900887,1115779273,51584969,-90607760
8,1,4,2,10407,1883009663,2042880289,-343669544,-794230909,-153818486,2072487652
9,1,4,2,10407,1677527894,-1755918464,576994544,-1174493528,1554819757,898242839
10,1,4,2,10407,-1647672916,-979594299,-638686271,-558528920,-2090250102,982469468
1,2,4,2,10407,-1980855758,-1575132459,-1857177032,261940535,-548668373,895213449
2,2,4,2,10407,-25324947,-784725503,-840840266,-565384257,669086495,-161333242
3,2,4,2,10407,-1003651928,-1823421258,1776021900,929969234,-1756162826,1963598045
4,2,4,2,10407,-1194765678,1311578819,-233136231,-1893584792,2005278095,-348446804
5,2,4,2,10407,1421887155,-1485871639,255973060,-240077690,1399376078,18805171
6,2,4,2,10407,-1255799340,-1178488367,230307973,1233372379,-530093982,162652930
7,2,4,2,10407,-1224097363,1033276899,-241600551,-520066328,-1992452004,-1355434076
8,2,4,2,10407,-1447760247,1766767512,1488423713,-1806508624,-1871775696,32632372
9,2,4,2,10407,1379849659,818134257,-194267994,2051379158,100592974,1457252023
10,2,4,2,10407,1331015173,-1658005318,2011167160,-358504853,120265504,-664548721
1,3,4,2,10407,1257988388,400748347,514383751,1242414725,-479911640,-158781095
2,3,4,2,10407,-451902244,-778875089,-1015018995,-827548439,-256258533,-1254901469
3,3,4,2,10407,632209627,1943215288,911325515,-228083321,-1077026689,-914834650
4,3,4,2,10407,-1669181918,458919142,1317673848,1460194701,2053284740,-1206657242
5,3,4,2,10407,258545700,-1357140115,-216338335,917656669,749716733,1839938149
6,3,4,2,10407,-86801754,-924735558,424709509,-1820774434,-1613647120,-1804215708
7,3,4,2,10407,-446094367,199009381,-95655185,-1314157987,638982490,-1603391562
8,3,4,2,10407,-1140444489,-1304001274,736155965,-1604002850,195603857,-1564700137
9,3,4,2,10407,-1962512352,-1052578228,2041503382,1424314876,-1239485640,955916180
10,3,4,2,10407,-1107552834,407601213,512337353,250877173,-533197820,-1227330955
1,4,4,2,10407,-1029285613,-1450411021,1661553005,1451481282,1365671511,-317190834
2,4,4,2,10407,-1656959722,1471177445,448114120,851347525,-423062483,1640429042
3,4,4,2,10407,-2006670822,-505115148,-1666964139,-524033712,2146174349,2079937900
4,4,4,2,10407,-1099835595,-1997877516,-1616349841,334189673,-229307050,162272378
5,4,4,2,10407,-1654303998,667928186,1600744890,661809479,-673834437,-639255228
6,4,4,2,10407,-1557567982,-1698390122,-1620494167,2002919058,-172903303,710838208
7,4,4,2,10407,59300932,-1727055439,-631217478,-889656252,667225096,-1502084637
8,4,4,2,10407,-28532353,-911350494,-1733665305,633354722,-1744771852,666891192
9,4,4,2,10407,-1319130373,-1554936589,-1953759167,986416789,-1841133760,-2073906175
10,4,4,2,10407,880647071,-788727752,-542689176,83968211,1732153358,128238076
1,5,4,2,10407,-84482158,-793719873,2146696749,172559846,714095687,-824008285
2,5,4,2,10407,185304811,1316627433,-440660203,1555097705,1895683433,-1676189812
3,5,4,2,10407,1683166999,630148622,1400018330,318283706,-1175572627,-346139857
4,5,4,2,10407,-859333441,-648942880,-1817187534,238415130,83972844,611507014
5,5,4,2,10407,-633205056,1443868359,-1680276754,1649720862,-1254885754,786826671
6,5,4,2,10407,351571206,862234379,1186147578,-1805697753,1067242874,-1368153957
7,5,4,2,10407,1766195489,-649922161,-1650183773,1474804411,1423907200,-530804516
8,5,4,2,10407,-1135758132,-1007546522,781295140,-1613592697,596007483,1682920475
9,5,4,2,10407,1211987062,-585161030,160533869,2091479762,-666371716,-1585910781
10,5,4,2,10407,-402145106,1761220313,-917288231,-985314782,-721735056,1172403654
1,6,4,2,10407,-1783683134,-2123839098,974638644,-441386016,243145597,-1825725621
2,6,4,2,10407,-180721784,170686153,1279871528,729933848,-1535768159,627143651
3,6,4,2,10407,-509486153,-927952678,788178377,932098675,933782876,1864138816
4,6,4,2,10407,-1156189426,138679365,-846875793,737516975,1319225362,62665421
5,6,4,2,10407,1154732863,-1944507803,697215378,800572056,1914681483,49793937
6,6,4,2,10407,612431958,-2146273511,1942583694,1273219205,1407470144,196803128
7,6,4,2,10407,-1990821325,765818062,-1499164147,1314257456,-190215115,21008085
8,6,4,2,10407,-1266346035,-1461769467,613468007,-141416663,-1768603335,-1987153488
9,6,4,2,10407,848597357,840485113,1546809008,-436062704,1205040834,-1501056342
10,6,4,2,10407,-1001561421,-366143577,1740131738,-803470804,131270711,-371207261
1,7,4,2,10407,1616404580,-545385878,-1634052229,-315901767,1042507682,-1139142834
2,7,4,2,10407,1908631650,-1664477097,-319256080,458295564,-1481066156,1910358868
3,7,4,2,10407,-1492794933,-1271728679,-479999636,711802637,513086140,-1711595630
4,7,4,2,10407,1867372138,-674383101,-435494956,-118473535,-960949587,1691413728
5,7,4,2,10407,-1003068645,-1221338179,1045626724,2327273,-1277570323,-1984930603
6,7,4,2,10407,1047370988,-169197678,1315324975,-269211907,-814220703,591735799
7,7,4,2,10407,371149400,-1188242518,1405324666,1047738164,-1769053395,-1855507739
8,7,4,2,10407,-661683088,17890122,1457023265,-1840950280,1878583782,-1384479534
9,7,4,2,10407,-74184903,-1879744206,-2031236205,-124220346,2011980840,1622952725
10,7,4,2,10407,1506892283,882920330,-1650056417,810039644,-1430174753,-1716846541
1,8,4,2,10407,-87929113,2030615109,-1894445474,1083368536,24983852,1154199380
2,8,4,2,10407,-121246616,-2032472114,992998847,-1269968317,-157856263,-428210773
3,8,4,2,10407,-970180616,1882471983,-1499518539,1834327963,-1578831763,-227003910
4,8,4,2,10407,-2127138987,-840970800,1575867384,141786968,400573558,-821394111
5,8,4,2,10407,-736600805,-1107077556,1040675101,-1417209243,-1398451288,667541654
6,8,4,2,10407,-2105214546,-478309987,-1664473338,835173245,1059154671,-1977016471
7,8,4,2,10407,75181422,872040577,1102967770,1026868847,-1110189714,1920022262
8,8,4,2,10407,-461790242,-1203125786,503057903,1479918801,1696277112,-1679657993
9,8,4,2,10407,1730174263,-270714933,-303175894,1726525272,1759198309,-2031797709
10,8,4,2,10407,331885545,1029062252,-1095547474,-2086371900,-462749023,1790802214
1,9,4,2,10407,-2110586623,1077002394,1326534353,-965772377,2102264412,21549312
2,9,4,2,10407,-1828214494,606576819,586307343,-937167365,-1348008732,-334914751
3,9,4,2,10407,-1983202264,-1742407343,-1583547000,-254051384,-339770954,-605173536
4,9,4,2,10407,143366746,1809502602,1585169663,-1699692009,-423327000,-735900899
5,9,4,2,10407,-854971460,1230078358,-395786401,638442077,1078575286,1349867150
6,9,4,2,10407,-1124610748,-2049532770,-1256336999,-1369167900,-489577078,1894695017
7,9,4,2,10407,744050799,-102745204,1402882911,-201268383,-881550038,1886183405
8,9,4,2,10407,1002504808,1596110323,-1856492979,1825267023,-1527833733,-392792249
9,9,4,2,10407,143225289,-1227529264,34837581,-1160693528,-1706264506,-199515300
10,9,4,2,10407,892485730,-794382803,365060125,-1261329333,-1779393404,1509034474
1,10,4,2,10407,-7075814,-1192698903,1669088801,-818176110,1087572760,908078837
2,10,4,2,10407,-291367560,-2000576574,835510629,1619083228,9302893,-358622651
3,10,4,2,10407,286718198,-53612908,104086496,1903621572,-658779804,-367182645
4,10,4,2,10407,552100685,-246296618,-10575064,-243764308,-1977947162,-1038197768
5,10,4,2,10407,-678804090,1155809757,1009718941,-1858093010,1883436666,179306918
6,10,4,2,10407,1565479394,2008097548,79000821,-167509690,-1991405488,-2029995060
7,10,4,2,10407,-667935889,2125403802,207743377,457082019,-456048574,-1462151282
8,10,4,2,10407,1203331079,1861871897,741014774,302887193,2135166395,697652609
9,10,4,2,10407,-710949218,-769708943,-1455677543,-399223256,1819246115,828159692
10,10,4,2,10407,144148392,1889539983,1580498418,-212058065,-1947147159,1365145147
1,1,5,2,10407,1869993462,-1123538777,947998020,2099339353,-1514004678,577855057
2,1,5,2,10407,-1408600846,-323480773,1287389404,-1920183311,1618218465,1407925150
3,1,5,2,10407,-1001412432,-1217411084,917921071,-1302644315,693854481,-1278862480
4,1,5,2,10407,1123514375,-2089178611,-669233953,1334339251,142960885,1087678091
5,1,5,2,10407,-1251847398,-2099238538,-129106717,514327417,757069294,-1789426633
6,1,5,2,10407,17817865,-646783632,1617941002,-1850060563,557014151,-1877605434
7,1,5,2,10407,549652371,-1675825702,-1736396596,-1127174797,1231003682,-460698648
8,1,5,2,10407,-1064379536,-358483787,-768638305,-1090059467,-2037617818,718496169
9,1,5,2,10407,868189251,-375092012,-1826820096,-835111223,-1903172584,349419069
10,1,5,2,10407,-2060848255,-189171023,-1931416546,1966861215,-390326924,-2053745624
1,2,5,2,10407,1654322250,748732351,-219918126,-745574977,1535342209,952642658
2,2,5,2,10407,-302894688,1886928709,1805701739,-1226307600,-698730536,-562946750
3,2,5,2,10407,-1190334431,726151860,-403915403,-1006245440,114445119,1276645914
4,2,5,2,10407,-1540842777,1981417759,523848466,1034770807,-849794012,845937312
5,2,5,2,10407,-953438529,-590349329,-522210180,-1185943939,-842944813,626421690
6,2,5,2,10407,1259920022,1538314441,1862353336,-305255626,973559353,-928194257
7,2,5,2,10407,2131386756,-980209047,1762576206,1787246749,1330504153,-603237611
8,2,5,2,10407,1242158787,1824391345,-338243403,-2059269538,-1908855268,-1753486634
9,2,5,2,10407,1323792940,-1748192152,-1160660297,1516241977,1248732498,931670296
10,2,5,2,10407,-330876206,479793827,39013612,1420850333,830329409,-994449664
1,3,5,2,10407,836045775,-699559405,-1003835857,-1736529783,901626975,1175605500
2,3,5,2,10407,1327980124,138581411,-1554513003,-929699051,-84806374,1866875965
3,3,5,2,10407,1223556653,184483192,80443005,-1151925807,8804177,-296583226
4,3,5,2,10407,-744740062,1382952250,287428901,1035720786,1548903649,-1213799917
5,3,5,2,10407,-1359806554,153673351,132730096,-274820591,1993933517,931737334
6,3,5,2,10407,-1912018103,-156221780,-796206634,-1408179757,-303145663,-1684023374
7,3,5,2,10407,-1567204751,245399275,-2010393504,2052030273,-97361942,-365078943
8,3,5,2,10407,847638712,973125759,-496863033,-752396538,-88031300,-1363497328
9,3,5,2,10407,1774456368,-1474740322,-579713255,1078971758,753655470,455632221
10,3,5,2,10407,-1733405573,804205698,1936680142,-1386433546,-1905115493,-1168160087
1,4,5,2,10407,-733083087,-429883378,-847147360,886389521,1260060696,-1050191990
2,4,5,2,10407,1978422329,-2017891522,1373489006,-263269506,631894151,467658238
3,4,5,2,10407,1052062428,-4011929,1826185353,811217958,-959691758,1682925032
4,4,5,2,10407,-229652337,249705638,-1831169687,1308635210,-245250044,548520369
5,4,5,2,10407,-1993567889,-151917602,-1444845868,-1291062626,1905649525,-1232386237
6,4,5,2,10407,2002643530,793222813,-336533119,1754262590,63332219,219454460
7,4,5,2,10407,-1915737462,-1279042155,346108968,303852820,-876129350,911315636
8,4,5,2,10407,-1065595927,-31624331,1750251983,-119862637,-2082961320,269319551
9,4,5,2,10407,1817288514,550712419,-1212595308,-1664055776,1092803950,1750274223
10,4,5,2,10407,-571063315,-359361348,959794509,-1141265243,370184454,1680721245
1,5,5,2,10407,1548546228,126847862,71733537,1489888499,-373509423,-1341323971
2,5,5,2,10407,1518027325,-311411792,324827127,-1884563368,1104832577,475220781
3,5,5,2,10407,-400981297,-951845720,-857247517,30942874,1596873486,-697374191
4,5,5,2,10407,-1202835181,-161850204,1306906181,932917313,-310207371,-1796480771
5,5,5,2,10407,-1972761480,-469864465,934326371,-262181787,1446131130,-762024793
6,5,5,2,10407,906771530,223291997,-1095831526,-826924425,-777385151,-1643469536
7,5,5,2,10407,467985361,-981238887,-1568772568,471336846,-418146508,-895899441
8,5,5,2,10407,-1741806681,-1048395756,606978143,-1824519600,-273660184,81723429
9,5,5,2,10407,1101792182,582488038,-1397329357,1550124190,-84472455,607035911
10,5,5,2,10407,-1721424802,-808901576,-1963119842,-482230586,1876175614,531953210
1,6,5,2,10407,-371804418,-1298986586,-235964274,984427590,2003347386,-391849000
2,6,5,2,10407,-777940269,-214204552,1777335006,1520781023,-529059899,52903900
3,6,5,2,10407,884770139,-1538936584,-700241122,-1488411574,1210497315,1857736474
4,6,5,2,10407,-1695063263,392399974,-1474883617,1803837822,1854347633,831424307
5,6,5,2,10407,-1244295846,123000743,1508198519,1656318515,233107460,-1171532872
6,6,5,2,10407,872885876,219300146,-195679499,1321289277,-1014097771,982509350
7,6,5,2,10407,375585228,-809425681,1578691795,1945425442,983101664,1477407553
8,6,5,2,10407,188738691,-1520135517,269530253,1181478499,2070056096,-827072718
9,6,5,2,10407,1794246741,-1979186408,619941197,-1036872193,-1368545298,672635974
10,6,5,2,10407,-1545423065,1144012894,-316284658,1458167855,211595906,1446917753
1,7,5,2,10407,-1529336409,938812928,-251010082,1777788330,1944982322,1727906517
2,7,5,2,10407,-1348606584,1886278066,-1656729365,-1954997450,-1007404171,-765360333
3,7,5,2,10407,641838335,101407561,1667618710,976552612,-2014046099,1958183947
4,7,5,2,10407,-1043650597,871400617,-506292294,1149697982,902822656,2036856485
5,7,5,2,10407,-862970109,-485751194,-1277498246,588221699,446208776,1791123472
6,7,5,2,10407,-66191029,-1141442159,-1618213715,-297860344,-146348613,840699044
7,7,5,2,10407,1593421523,2133342975,480382326,-1360644874,1680974415,1203677117
8,7,5,2,10407,1714520155,99884117,-1597582785,674940601,2108142971,1576385858
9,7,5,2,10407,1884214306,1812134039,1134967825,-2117185826,-80697289,-1696055714
10,7,5,2,10407,180602946,-550600191,-59418980,-313543360,1573695699,-763882604
1,8,5,2,10407,106929597,-1496307187,-1203986247,1848242923,639708057,952721542
2,8,5,2,10407,1629135511,1681773458,-1384866687,-824154025,-502704602,2082902152
3,8,5,2,10407,-1871413659,2054935489,117595953,1137223791,-2126901117,-741525712
4,8,5,2,10407,1758124826,-484828389,-477095142,-1856698804,-1352937358,1958470267
5,8,5,2,10407,1752148395,-1506288135,-1232748778,1551021372,450140038,-1655842146
6,8,5,2,10407,-1886589268,-230869163,832660417,1493025756,-796350551,-241520195
7,8,5,2,10407,-877350128,-1614982670,2107117813,164012535,593366496,-1171747870
8,8,5,2,10407,1246001433,-1170231516,1239673900,1457669578,830671138,-324521498
9,8,5,2,10407,-911796354,-608885934,1305492601,1106339493,-585803502,1749383066
10,8,5,2,10407,-2140449934,-1197687738,-1735763353,1655680485,-516605861,642035155
1,9,5,2,10407,2137555317,-1652852492,-1696849042,-1253728594,785770368,1409073008
2,9,5,2,10407,-9999858,-865341529,-671194049,28861551,1290472168,-844113252
3,9,5,2,10407,-415328648,-1290039130,2043089517,-1580225359,1761900473,1607770115
4,9,5,2,10407,1926915803,-334917210,1716521760,1374580166,-1623939201,-188115203
5,9,5,2,10407,252479909,1136031919,976129446,-1644991082,-1932963508,-2129609919
6,9,5,2,10407,1198896535,1284369571,-1337667434,-1608751272,1895111799,-1869515366
7,9,5,2,10407,182101236,2045456856,-2120222578,-913921765,-11478166,-546484636
8,9,5,2,10407,-367796207,-885662576,101789544,-616262202,374284443,1974751449
9,9,5,2,10407,1072530268,-12973374,606548253,1288663367,1442296351,650575387
10,9,5,2,10407,1421478324,1846729498,1120058341,-1765338642,1654531668,466063211
1,10,5,2,10407,1571819211,63569961,873325743,-624455377,-317388197,813591961
2,10,5,2,10407,-1174689325,1839990691,-1449607882,1414914672,2131228488,-2022181888
3,10,5,2,10407,453072150,-868686765,-1382332287,-1801486399,-1133558696,-1781056070
4,10,5,2,10407,-141629107,2132434199,-1920853732,-362584347,-151180749,1350701583
5,10,5,2,10407,-28090782,-1950630495,-1092425989,-798305505,1958103416,-810756853
6,10,5,2,10407,1792854865,315082589,899629832,387833160,373403285,-146408891
7,10,5,2,10407,-1354765791,726549223,-1663063555,2055413792,1588669189,1447117232
8,10,5,2,10407,1315118780,590702561,1516906331,1741407682,-1499027419,1562349612
9,10,5,2,10407,-1963397484,-1815281024,841421652,-1128590127,-10513029,558213558
10,10,5,2,10407,-220289273,-830713703,1031428392,1110850717,-1057587303,-493867145
1,1,0,3,10407,-1567221285,-1107429365,164035742,568952268,1398130789,654399469
2,1,0,3,10407,-705595507,1137566180,1573439731,-2053051958,1632537125,137531032
3,1,0,3,10407,828660121,482123930,1566408146,-959701481,1644751796,-737610487
4,1,0,3,10407,-1240039269,1813916107,-1397086773,1428453130,-1241632236,520912166
5,1,0,3,10407,-197788361,1108419647,-898913531,2045478079,866053116,399585293
6,1,0,3,10407,-13486861,1703061568,-383184781,859313586,50418991,1336268129
7,1,0,3,10407,189222223,-135793052,-1342860542,-1259134664,-316458148,913292709
8,1,0,3,10407,1139045135,760024948,-1001526863,-196809834,790731771,1420395500
9,1,0,3,10407,-1797034853,-1288548977,248991325,1921707359,1964327302,812084078
10,1,0,3,10407,-778205835,49708989,-2091143891,-1277736552,754471051,-1062903813
1,2,0,3,10407,877315546,171159617,1941464862,411031609,946830410,1390432653
2,2,0,3,10407,-699915514,596474315,247696642,-526521481,1253329394,-1181541115
3,2,0,3,10407,1058505630,-1359784188,-494277414,-1900456753,-1813041010,550176616
4,2,0,3,10407,-1492429492,1061663996,-1869123740,-1797400729,-434181024,-1908035950
5,2,0,3,10407,1071631315,1741651240,958537642,-1597360282,-1370132114,-1390066027
6,2,0,3,10407,184060676,-224385768,921285962,1465723139,-313814495,-204157779
7,2,0,3,10407,-1274702428,-78832286,-1701575837,-1368813962,1375242018,478578135
8,2,0,3,10407,-207402232,1696679382,1973205720,-1696342953,-516454969,1992672241
9,2,0,3,10407,1527201798,-446719356,143030081,-1962130248,145727320,2044610736
10,2,0,3,10407,918405808,-570509894,1037317131,1155455560,487023736,1788394252
1,3,0,3,10407,1519461737,-948125723,507053148,1859441779,2000780568,-1063397087
2,3,0,3,10407,-1263085874,1700964907,-362905545,-1490573122,-937815764,737422762
3,3,0,3,10407,-1137597911,-1736246290,1879407369,1524695547,-178506629,2090612230
4,3,0,3,10407,1872050977,1977456831,280118742,1892133547,589092496,4306566
5,3,0,3,10407,-734060790,-1025240836,2101597738,224624747,-1014767618,1611782520
6,3,0,3,10407,-1915172171,-2025353051,1155564095,-624789677,1656715755,1022869118
7,3,0,3,10407,-1910802069,-1371331443,-982060191,-716220717,-635092223,-277845077
8,3,0,3,10407,-2029323295,524781240,-328008469,-563910441,-961728204,-27224787
9,3,0,3,10407,-1708746549,-1674835566,274564391,-1303534102,1779876640,-828491858
10,3,0,3,10407,1739345844,-872420964,1853860443,-1634604515,1362860824,1378374823
1,4,0,3,10407,1520843042,-1411053925,-1296087847,586328432,933761696,523369099
2,4,0,3,10407,13039459,-463844274,1639638295,1981102252,26088669,1908474832
3,4,0,3,10407,-1187557128,728699797,-340415448,-1981218015,1584740896,-1810311350
4,4,0,3,10407,1033576648,-1882634546,1756710968,923417979,-182172950,-1023559960
5,4,0,3,10407,2105757066,-1322948145,521643849,-1781512952,333798197,-1381228351
6,4,0,3,10407,1791199425,-1391344993,-927479793,-1660543620,934502449,-326283015
7,4,0,3,10407,2049479957,1851545940,761197035,-133001463,-544006364,-1255896516
8,4,0,3,10407,-1529049253,1394815497,-1323417943,-12155289,1986721855,87171289
9,4,0,3,10407,204246003,21329043,635167744,1048662587,1984491943,-241617567
10,4,0,3,10407,2078735538,1565048706,-1066514279,-466184717,-722130195,271897450
1,5,0,3,10407,1891040790,-1552452794,-802695793,1654432026,-1279931267,1025565992
2,5,0,3,10407,-1190784099,1967903502,-1790158763,2099641900,-1478937650,-779641855
3,5,0,3,10407,1040524093,-1310766492,-76913956,1323816773,1250385589,-462954155
4,5,0,3,10407,2026699193,1741559075,72215599,-339491396,1908608606,2087443729
5,5,0,3,10407,744605047,1468028179,381450536,1346106286,304117718,-2048021998
6,5,0,3,10407,1042862340,-827370168,1867847486,1122011938,1082959966,-1564292037
7,5,0,3,10407,367294679,-1625318981,1766163360,356925609,-699478856,-1087618654
8,5,0,3,10407,900326950,-1965605784,913525996,-131777019,140958840,325471539
9,5,0,3,10407,1737528506,457881305,-1865776748,404881323,-2023100400,381876869
10,5,0,3,10407,-814487450,788446303,968647537,484632220,1792085753,-1193908040
1,6,0,3,10407,-1128028504,1479598678,-1845018886,-1112283557,-2039424068,-643057053
2,6,0,3,10407,-761244403,-1118787455,-1206458323,8430099,1430407664,-876253078
3,6,0,3,10407,45065777,1738844375,310497827,1724383387,-1785689708,66746211
4,6,0,3,10407,-706306185,968801109,-1435756915,589127736,-738260450,-1558556548
5,6,0,3,10407,1357687939,1248698701,1925181043,-1767566617,-2015719839,988525017
6,6,0,3,10407,1442965189,-1710814794,-385624929,1743690517,-1434280875,550154071
7,6,0,3,10407,-2132489891,-291625238,1394235004,-1596101876,-1284648525,273241560
8,6,0,3,10407,-2032716065,1585083742,848402561,1710556967,2014722763,-306221699
9,6,0,3,10407,-675719752,637760559,-1920842472,-321544635,419418266,-1600445282
10,6,0,3,10407,2015213777,902226783,1061812069,-1686624151,-569169928,1168105041
1,7,0,3,10407,-996967139,1243203574,-1616521079,1537259424,-1706096007,1677322122
2,7,0,3,10407,-1936145960,1305781353,269865523,253235889,-593288917,-479665360
3,7,0,3,10407,114106721,-92087384,438927826,366446816,-844025840,1135566480
4,7,0,3,10407,783114112,1282104387,2052450791,2052486814,1535166748,328983508
5,7,0,3,10407,-1800114305,-1518627487,-445363517,-995470429,-1396483667,-1508925028
6,7,0,3,10407,1012966561,1249828457,236294921,2050891475,43848259,-1092994407
7,7,0,3,10407,-204949934,907823436,-709331706,839846541,88381369,-88138106
8,7,0,3,10407,-11374467,1633291357,-1262614068,-367718826,-765082435,-2003003282
9,7,0,3,10407,2122401955,-944687638,553347987,-1793104314,-58986902,1562923652
10,7,0,3,10407,1956705929,447321942,-1865317282,1165199696,625297026,-1270117565
1,8,0,3,10407,1991714686,-1206880916,2022984731,1949278312,-556247630,-373005930
2,8,0,3,10407,1477829003,1043873873,-1477470355,1598275199,1630056610,-351556089
3,8,0,3,10407,521183015,2000983157,1698783582,1749486716,-1878092329,-964436799
4,8,0,3,10407,1154422035,1937958862,-1518862745,605608957,-1771661276,-1557759050
5,8,0,3,10407,431307640,1530224041,-809372833,-49635604,-1314503274,-839566515
6,8,0,3,10407,-1164948943,239178994,387630320,1209114817,-219407258,1308995941
7,8,0,3,10407,1381526598,1713015634,1726544642,411201881,-1972509611,1167494468
8,8,0,3,10407,-816552828,1535219910,1530778601,2063519641,531364715,-500339699
9,8,0,3,10407,1827715455,588595907,1348499614,2048052973,1969837670,906159155
10,8,0,3,10407,1442141788,-1450263301,1964751392,1586342068,-105266139,-1941933838
1,9,0,3,10407,-983789982,-1921457912,-1304410532,-1512510527,148919945,1092909903
2,9,0,3,10407,-443387306,490210159,-1779229313,643656918,-1072178079,-393703880
3,9,0,3,10407,-160807796,1925218671,933705291,-1455099978,873568760,622226485
4,9,0,3,10407,-1255198996,747292275,1782121200,1463302104,-930735188,-518527358
5,9,0,3,10407,387080289,1242464253,-1662839669,-32795970,-1621595101,1838498937
6,9,0,3,10407,285865059,-770008986,-1177220733,220302400,-264905483,614654015
7,9,0,3,10407,-979764104,246871799,-248652601,294674349,-691830822,-1629265265
8,9,0,3,10407,-707312842,-1450143147,550550272,1525385282,-1881176048,1491553283
9,9,0,3,10407,-1423947650,-1079595956,46505948,-1252807780,-1419075609,-604647862
10,9,0,3,10407,1176710809,-847691850,-1430421644,1466016014,1931790872,-1367403592
1,10,0,3,10407,-795175875,1448281836,2049928338,1250740193,1827043910,2107438790
2,10,0,3,10407,-2075773834,-1590455531,1414963694,1477141210,238973428,-576766434
3,10,0,3,10407,-1370256273,924038041,-1221050171,355154431,-1809035765,-2048991790
4,10,0,3,10407,-762907866,-938832034,596944358,-1770093594,1689470167,-1137525551
5,10,0,3,10407,505870627,1184866372,-814263072,-2020843984,-427732404,868332257
6,10,0,3,10407,728944618,448027956,1728945642,-231120886,742394765,-1421652530
7,10,0,3,10407,1969771609,-1002679250,-121611570,1033945401,-1280724943,339903404
8,10,0,3,10407,-1286516058,-1937375167,153835772,-2030064793,-649706071,1463337094
9,10,0,3,10407,557976688,1619506174,-2108863818,-1980311458,-1440499567,561982633
10,10,0,3,10407,-1359891827,-1795495575,421912550,-709813238,1861831325,814783655
1,1,1,3,10407,-616461260,-1091255815,1861825316,-500679185,1400401943,1698775941
2,1,1,3,10407,-1546716486,-1315724791,40640995,-708132862,-704231311,1915301773
3,1,1,3,10407,-1037076027,884327145,216175399,-598760209,-2145442013,-668678698
4,1,1,3,10407,2071198854,880967020,-686362166,-389347097,645659558,-1749411693
5,1,1,3,10407,-1469186255,236681738,-1852924354,-1619691753,-1522904517,-255763498
6,1,1,3,10407,1256022754,-1632018706,206744453,-1831156731,-12467673,-2102110253
7,1,1,3,10407,-1754449832,-1231467332,-1247975455,-700727449,-632509243,-1786810678
8,1,1,3,10407,78114500,2121876971,223345821,2082680373,758446744,-1245892898
9,1,1,3,10407,-1750823098,966231922,478735997,-204614400,1957056580,-1123107510
10,1,1,3,10407,-1292741245,-2077876735,2000056387,653664948,-1446845244,436241850
1,2,1,3,10407,-1783854017,-1018521904,-1323019733,284318372,133432185,1784294884
2,2,1,3,10407,883506668,164341559,1282823187,-1699813667,165773770,-86309999
3,2,1,3,10407,2019050108,-924613280,1453437632,236754972,-1415241683,1652161885
4,2,1,3,10407,-1682023400,-925320706,989093959,1127032535,1751032570,796964133
5,2,1,3,10407,865321488,-1393573665,1571083035,1914320629,-120856898,-1739646812
6,2,1,3,10407,-1157256931,1567339913,1973917817,-2093819841,1916431549,-1969019728
7,2,1,3,10407,-1819564338,-1463901659,-521532308,-1666309979,764955308,1898884220
8,2,1,3,10407,908910836,1636680238,46934015,-391368688,-1240624309,856973140
9,2,1,3,10407,225936449,-375441542,1702265616,1936290597,-1015584283,1033959150
10,2,1,3,10407,-124332514,882642314,52658870,-1663134872,1036515655,146332260
1,3,1,3,10407,620006673,1409212929,555847109,457609723,-920849883,-732238399
2,3,1,3,10407,1776482376,1387357621,-415478791,-373432141,1744060832,-1026968123
3,3,1,3,10407,-1577683776,1944953609,1447236533,-610153962,1238769066,1999691320
4,3,1,3,10407,-468311893,1827342462,561813767,-1945287020,317741759,1005539807
5,3,1,3,10407,-583325628,-1895677538,1942626327,-393593698,-848628093,-1172011358
6,3,1,3,10407,-1942526769,257946468,-345624267,1968683201,796941208,770514121
7,3,1,3,10407,1451797718,-1863457643,1709047492,513882315,1317632735,775152533
8,3,1,3,10407,-1412427233,-1302655573,-1281410994,916619134,-678898416,1865518984
9,3,1,3,10407,580416703,-816097672,1994343661,-191928378,-1175600505,1283711591
10,3,1,3,10407,-1741148136,-1225860530,-1970603432,-1829267140,109344398,-140932913
1,4,1,3,10407,1867543632,-773544440,1607332729,2057431139,713996001,1825662585
2,4,1,3,10407,1320648884,-202911616,21623573,535289142,1942972221,609509430
3,4,1,3,10407,1879264065,978928101,-886927242,1284378980,-336118520,1979591719
4,4,1,3,10407,1693021678,1256922247,-953466423,-1915597839,-547665414,-1148731865
5,4,1,3,10407,-2060911939,1126386495,-793721747,1819128132,809949376,-1170960817
6,4,1,3,10407,259020750,-1795171757,-1957856327,976031070,1429398158,-1794826709
7,4,1,3,10407,-216760881,-1472173726,1403264526,1723873060,558589910,1262539189
8,4,1,3,10407,-825814819,-1622709809,-502261580,1575414184,-333588235,598634352
9,4,1,3,10407,304001049,-119441966,-204273845,-1021236199,1120097628,172123040
10,4,1,3,10407,362938049,1549901329,1597268401,-2129152224,-1609070334,-1791254017
1,5,1,3,10407,672581200,781528416,-1399034488,2116503289,1223707739,222648362
2,5,1,3,10407,2110088805,-1898592548,1125588068,-345498052,884259354,1035729532
3,5,1,3,10407,-308727408,-2009238488,541776055,1292545868,-790108807,-347734953
4,5,1,3,10407,1857365560,2124010387,-1558375632,-476788757,1750321765,1681609907
5,5,1,3,10407,1695625417,-148696323,1661343998,2028005012,-233516838,-1418758302
6,5,1,3,10407,455533415,-912921491,-182667291,1641691240,1458117078,931094886
7,5,1,3,10407,-1936517195,793898754,-1924688481,343952614,1180982538,-2041210063
8,5,1,3,10407,-377133114,1516739737,-1842559943,-1597403862,423663368,182748748
9,5,1,3,10407,-1557900171,-689229551,1404455412,1237833149,-738111973,-555138464
10,5,1,3,10407,549129804,-1599475815,-1506973129,1657611422,1203971107,-1878479420
1,6,1,3,10407,-1070746334,1338155033,1898722205,1454688862,1275827404,1377261677
2,6,1,3,10407,164933175,379418837,1205749475,219031116,496639981,-1142686273
3,6,1,3,10407,135855593,1794295428,669363998,-302938763,974322553,-340891083
4,6,1,3,10407,-1154871741,-1955657425,-1093834295,-1638595679,-1362256704,-683601332
5,6,1,3,10407,-1538576329,-1067247444,-1471690345,-1894708333,-1299328818,1775256275
6,6,1,3,10407,510889654,2059272402,2050003490,-1977448458,-1504238728,-622333174
7,6,1,3,10407,-125551067,-719305606,688654711,288924559,-366447769,1778632383
8,6,1,3,10407,1369409168,-347704874,-2006222261,817027378,1847588422,39024415
9,6,1,3,10407,53698104,19377182,-423904797,-1099454398,-1121792957,-1322046811
10,6,1,3,10407,496984351,-1074451857,1047103669,1916881654,-1813864479,1779469310
1,7,1,3,10407,697992557,-522199424,-1671371152,-92693511,-923218928,-780462139
2,7,1,3,10407,-192138058,-129820921,-624248931,249314987,1237762999,-1768901730
3,7,1,3,10407,-1171081055,-631942538,775484682,1949817150,-1880190092,885944273
4,7,1,3,10407,1374096798,1136014993,613099946,1339578777,-1232273814,-1899100575
5,7,1,3,10407,-489228858,712914694,1576385597,345023042,594579118,-1648650285
6,7,1,3,10407,-1533463671,-79944311,1010719315,-115390988,1806764203,-1995386582
7,7,1,3,10407,-1252927080,694101687,-905636121,-1797542673,688731571,1180446506
8,7,1,3,10407,-1582130459,-1973491257,1421521023,-2057608755,766548414,-299337097
9,7,1,3,10407,1824854078,1450405843,1807323865,143238015,-864444577,768423075
10,7,1,3,10407,2082324156,-2108270479,-1371144818,2105484223,1941792656,1235399841
1,8,1,3,10407,1433869574,1766863418,-2053866777,-183857012,1257309015,530890084
2,8,1,3,10407,743613456,149114563,-1597658105,1955516864,2141159118,1578470254
3,8,1,3,10407,1626713094,-2137986643,1864753093,-648798681,-22375396,-1647707432
4,8,1,3,10407,-1853509122,452517376,-849488904,-111112459,-706109548,28026891
5,8,1,3,10407,-983795234,1581244837,807442925,1217083156,415408238,1591922053
6,8,1,3,10407,1162474333,-929120025,1623863411,-267994314,1076659873,1729989597
7,8,1,3,10407,593838768,-1070528038,339770623,538007216,1348171214,595327916
8,8,1,3,10407,-1942302961,-1820924242,391365207,-1253775231,-499906075,-1958557483
9,8,1,3,10407,1074735593,277538072,2090175797,999304406,-165816188,-885306740
10,8,1,3,10407,-161236830,560914999,-2028667744,-752888814,1583973728,1175027658
1,9,1,3,10407,-2140500125,-655917358,1873263564,-314729849,1013695716,165034707
2,9,1,3,10407,-1872366646,2143416380,1072978567,-222969663,-955370388,11290553
3,9,1,3,10407,-86222801,-1097292519,1810064383,1223846108,145155600,-1572278654
4,9,1,3,10407,2120747693,-1851844991,689061762,86417070,592618342,-799133549
5,9,1,3,10407,-2120354127,-1398985829,1960592521,-460610591,1237292643,-348684157
6,9,1,3,10407,-686109312,544978532,728436762,1818560601,968066024,131918376
7,9,1,3,10407,-611714732,369434419,-1122189611,1632051659,1158878529,-1607092011
8,9,1,3,10407,-678058736,882517938,109533002,791533506,-189513239,1383922708
9,9,1,3,10407,1149923559,898870677,-923650979,-2089840486,1844741125,-1976027985
10,9,1,3,10407,-478904946,-140042877,-285212044,1153518238,1529919127,1577578004
1,10,1,3,10407,-1444795810,-612874491,651008746,-829330959,-835097093,1210728816
2,10,1,3,10407,-1554865580,-174236548,-1028941240,2054600590,1065711152,-1173091414
3,10,1,3,10407,-1023663676,-2036376599,-417000956,1888079809,227019510,888310651
4,10,1,3,10407,-311806814,1518932338,1868194943,-2060768993,-526349651,-1814176243
5,10,1,3,10407,-239227968,-1759499846,-351822251,1798254397,1433397205,-1196924817
6,10,1,3,10407,-616197955,616841251,-799806332,-1441080383,1008150525,84352658
7,10,1,3,10407,69554371,-1467302238,-1341340365,-1562079792,528928466,-1972048031
8,10,1,3,10407,-476378119,285734770,-519142018,1312398864,894450235,-1407169152
9,10,1,3,10407,8498758,661357835,-908619388,1617055732,-110768847,-2051543970
10,10,1,3,10407,699710857,-1254222758,1220234605,745797918,1397143691,794912681
1,1,2,3,10407,369997046,-204387541,36438330,-232765642,317818771,985158689
2,1,2,3,10407,-1850607884,-386075104,-680275198,-1029748686,976449454,392643452
3,1,2,3,10407,-1589222319,-1096031711,1798154738,-1929793936,-904263033,1806176320
4,1,2,3,10407,-384668883,-97109199,822314023,-517939509,-1686363879,996191373
5,1,2,3,10407,-678577768,1877195164,-1025095095,-1485716313,-135678252,-836314622
6,1,2,3,10407,-1095277386,1707627493,1724122474,-1776220181,44990369,1384409456
7,1,2,3,10407,-342522238,-1495617423,-1444976638,-401267191,-323046763,-1782737983
8,1,2,3,10407,-2010454615,2002311109,1683547528,1540862517,1461385512,722414277
9,1,2,3,10407,-554689844,-1773899329,-1191525496,1991544691,1591783515,673715964
10,1,2,3,10407,163816568,313951531,1328735009,487820338,751153062,1334028086
1,2,2,3,10407,-777473113,1103015456,-1777898639,184945551,41185929,-1071189165
2,2,2,3,10407,1364054633,-514352723,-1848583900,1657330257,-787937815,1885231666
3,2,2,3,10407,1480288682,122430732,395976053,402390500,-36212908,1006756675
4,2,2,3,10407,76654324,-2017620152,-396279566,-509256427,1844460256,1608663864
5,2,2,3,10407,940979781,1146087917,1581200262,2100815227,1612905743,-331214320
6,2,2,3,10407,-1156839989,19282649,341033690,806638355,575057477,709538895
7,2,2,3,10407,1167046056,666623945,-1459915229,63514468,405914537,-1890823061
8,2,2,3,10407,695854919,-170530845,546946579,521900136,915123351,-981748510
9,2,2,3,10407,893860829,1999388168,-36106030,-1298238063,230969838,-583942310
10,2,2,3,10407,1477587293,1742306931,423338229,613574876,-963677674,-1546550055
1,3,2,3,10407,-1110237955,2014031462,-1475054063,-978970612,-2019915594,-1477294436
2,3,2,3,10407,918083069,1332289569,839677738,-1272943741,-2001537433,242041955
3,3,2,3,10407,779861995,-370237000,1255748562,1669489220,1877089680,662568645
4,3,2,3,10407,-1594825815,-632466428,-659826381,1173423521,-1620352593,2107055584
5,3,2,3,10407,-1040708294,742823863,-1447207497,2008152447,-2068879897,1783458878
6,3,2,3,10407,197212086,-1737753863,-345490957,914111253,279868350,1424114909
7,3,2,3,10407,2082900784,1492170353,982341940,-1227100912,1388566227,41608463
8,3,2,3,10407,-127514985,-150910891,702425494,-2044813981,753722573,-173001196
9,3,2,3,10407,-772938596,598454900,1222166546,-1768333037,-1208355298,32110714
10,3,2,3,10407,780118749,1701149311,-1521061103,-146552186,910815796,-920346585
1,4,2,3,10407,991303058,-2054048357,-343811413,1392569580,-826050112,1362147135
2,4,2,3,10407,1745455595,-1988150154,-2004782704,-1383525341,-960631462,-135859702
3,4,2,3,10407,-215443706,-107286246,1932713698,-88934394,1759228160,-1555829920
4,4,2,3,10407,-128821335,1268393834,-1411336414,427862179,775074163,775239913
5,4,2,3,10407,1306026652,-1571125602,1150354665,-1365111883,-1394662140,1623759721
6,4,2,3,10407,1631470281,-1585247793,-900109339,-1541631214,2029886104,-1722777697
7,4,2,3,10407,-1336122043,-1407099458,-359966750,-37088435,1558848531,1182097212
8,4,2,3,10407,-1489199935,820859514,2100117035,-1945500293,-483848358,-239806948
9,4,2,3,10407,-2061173343,1068613380,608533424,-682102110,-1184647348,1033067793
10,4,2,3,10407,1472976825,-831323336,268676005,-1769185473,1638295053,361538085
1,5,2,3,10407,1011942737,1713832260,7739816,-2059815406,-308859557,-2102369257
2,5,2,3,10407,-118888709,-624136195,1575377945,826220551,1158522822,-30757727
3,5,2,3,10407,-1615392593,1132250659,1945451841,-404019219,2074125770,1789073440
4,5,2,3,10407,889221433,1390543291,563619285,210022667,-1605810148,131795415
5,5,2,3,10407,1484988317,145537423,-1218598556,-666127120,666770495,-1859062818
6,5,2,3,10407,-891857364,1995590876,1577568467,-3981746,-972503292,-945027564
7,5,2,3,10407,1332748561,1526063800,1102584504,-825873871,-1372207362,2129879
8,5,2,3,10407,-66867302,634113785,-676072609,1451171162,-1950357777,251933105
9,5,2,3,10407,-2038808857,-1442888601,-1673088534,1369058411,1464207552,-387743863
10,5,2,3,10407,-1381055744,-1681444230,1808994425,991415980,-760266421,1664837617
1,6,2,3,10407,-1605574754,-375743500,-602600283,-1744160586,1421423917,501967354
2,6,2,3,10407,868328961,1743955462,1826451821,-41782305,1755642942,1273027384
3,6,2,3,10407,1845114262,-348769652,1038573063,453152772,-1762035903,-774332306
4,6,2,3,10407,764551445,1599289563,1345352701,-1575957304,1933247642,773954875
5,6,2,3,10407,-1997664690,2099807490,-1716425665,-201030005,-1296535138,1986158678
6,6,2,3,10407,-891629839,1657038052,-303239915,-1594017212,810465958,-1055855988
7,6,2,3,10407,-1978558109,345462889,-1414259108,1765196458,-1368004949,-619495332
8,6,2,3,10407,1932762738,2045656380,-1215514526,-260223123,-2074290953,-345743957
9,6,2,3,10407,604279162,-930151126,1424396249,280495064,-516064950,1257004568
10,6,2,3,10407,-1453833273,-1227838286,-2082900509,275009293,1577600733,1806753444
1,7,2,3,10407,-1252399077,-2065342656,1097865410,-1214332528,1070475116,134615355
2,7,2,3,10407,-13795483,-1470268537,1303756103,-1757654469,691259354,764862986
3,7,2,3,10407,-143111627,-572764532,-1369733719,1232700709,-1717696270,-1360088838
4,7,2,3,10407,131588138,717603863,162309590,177740320,508901856,604984460
5,7,2,3,10407,189410672,-346967734,836976704,36253796,2112953937,2123049416
6,7,2,3,10407,-821455644,-865798865,-1711513128,2138749490,-1115306970,-276593615
7,7,2,3,10407,-1727285314,1736706716,-2035876173,1448044514,1506821453,-698998139
8,7,2,3,10407,-1662859087,1028994300,43259539,-1172268103,1525703433,-854477382
9,7,2,3,10407,-1355154668,-481086974,-1763310087,349475347,-1350067569,936204757
10,7,2,3,10407,-1176820999,-2115206122,-2047676262,38904255,-298191187,-2081502779
1,8,2,3,10407,-1345951100,2079472739,858915493,912150401,-1869696816,-892790954
2,8,2,3,10407,-153142174,322989694,-48269579,-1353483573,-404781260,629983856
3,8,2,3,10407,-1871640164,141494424,-1249650299,-653354081,462940402,-1573888782
4,8,2,3,10407,645949207,1621513085,-575409678,-1483388432,-1038902610,-220528398
5,8,2,3,10407,-2120715711,-431741301,12249010,712139602,1738267399,-1449169356
6,8,2,3,10407,-1543055272,-2117361080,-1308203797,-428383417,1743996275,1486258384
7,8,2,3,10407,384565010,-2085726540,840609992,-1833557419,-1853702063,1457664815
8,8,2,3,10407,825247129,1555528949,-130238294,-298721030,636990183,-835999586
9,8,2,3,10407,72088082,-961968173,1014440188,2050433586,-1034569633,1665295845
10,8,2,3,10407,670983197,1949410367,398343792,609390417,304233178,1113427969
1,9,2,3,10407,1026897588,-652312643,-1993035344,1491871013,166901034,1156673657
2,9,2,3,10407,-267543684,319723537,-1099668139,1890622393,-1096428119,1103068462
3,9,2,3,10407,-1273083750,219451961,1272511079,1267471718,-1240769852,397936142
4,9,2,3,10407,1873261503,-382331639,-1061995937,-1185069056,-1691096196,-1522140211
5,9,2,3,10407,-2055047956,1269856547,1243791480,-1891414383,108909206,-1063227639
6,9,2,3,10407,-1570357120,-2132821064,-62664679,1518588276,1785311845,1577024110
7,9,2,3,10407,1501129374,1887963434,1004650544,1355937478,1954892173,-2117639917
8,9,2,3,10407,-1360991463,1791329032,-113041266,-1476924925,1760851576,1754789988
9,9,2,3,10407,-242740391,-1766970602,-1937835716,-345320254,771218192,1397160652
10,9,2,3,10407,-1122633719,-680461436,942770657,1615624590,1080836270,736003771
1,10,2,3,10407,533394429,1272190648,-878414672,133637850,1504760416,590030170
2,10,2,3,10407,1891925511,1843789080,-2031680413,-1513761934,2051551611,1431841121
3,10,2,3,10407,2128750448,-417149059,-2089516750,1961057625,1566981884,-1161096187
4,10,2,3,10407,-365222655,-748392255,1540246219,-1980376352,-2111765182,1492634871
5,10,2,3,10407,663014472,1515889383,738363172,-1015621457,-11485714,1459013704
6,10,2,3,10407,663013126,-446434410,2039178348,-1955782271,332233191,1006182764
7,10,2,3,10407,-1500287776,-863995024,446373348,1920042944,1856135319,581113032
8,10,2,3,10407,1888567715,582364768,1093831662,-141935559,-1264188171,1725995038
9,10,2,3,10407,1441565846,738727434,-332869657,-1971823031,-264024520,-1487098388
10,10,2,3,10407,109983463,143424314,245629924,1378582543,2147476071,-1061887503
1,1,3,3,10407,-1503611211,1427047547,-1643118604,1371267588,953732279,596696150
2,1,3,3,10407,365743702,1175977258,945202277,-623414315,-1201080225,-35005454
3,1,3,3,10407,-999409105,2051359895,-2102895337,-375002638,-1248583359,-501740285
4,1,3,3,10407,-2025700357,447190554,2136486774,-444346983,-2107351959,1421597036
5,1,3,3,10407,-1072600904,-456748790,-307836955,-278490181,1774740464,-678589189
6,1,3,3,10407,-2039372671,-1544918285,-1087453611,-2089347415,507251562,-1658092338
7,1,3,3,10407,1603896790,608217329,-682392369,-458207658,-1582641687,-1225973302
8,1,3,3,10407,438423326,678429487,-780394809,-650730293,-448459936,1446039869
9,1,3,3,10407,-831478997,-699552807,1249084202,-304507419,1531169430,706142632
10,1,3,3,10407,2045760127,-332255912,-1814804736,-2126932762,-1903417280,-1434074891
1,2,3,3,10407,696574604,1880714026,1341572232,-601028624,594162358,445282074
2,2,3,3,10407,614635325,-1132872000,-1733027927,709913307,1412026057,973465049
3,2,3,3,10407,217470140,-1393181389,1213790077,296090878,-2075342711,1809291991
4,2,3,3,10407,-1745409348,-44718835,13394066,1950456892,1877705376,-1781052971
5,2,3,3,10407,1488889135,-1475528645,753083159,-1542688160,36879679,454515815
6,2,3,3,10407,-293194075,1724188203,-741515151,1469168280,1715135949,169679603
7,2,3,3,10407,-97158940,-874669024,2079014362,-1809301929,-668710638,1088954021
8,2,3,3,10407,820763853,-840891170,-2089730999,886918945,-445447786,624593338
9,2,3,3,10407,-558875485,997735436,-1665273892,-1632609356,-889861360,390163380
10,2,3,3,10407,945573578,1364858638,1808632597,18423996,1950727285,1168394111
1,3,3,3,10407,-238906593,75014502,403566449,-617144743,-1050330268,1685041757
2,3,3,3,10407,-732066145,617409373,614798063,1023791175,245633004,-1175347494
3,3,3,3,10407,125914920,1868288861,-1890623343,-634340074,1872749953,1127859277
4,3,3,3,10407,-1298746654,1923370183,1971515366,1759852578,2138735848,-941128010
5,3,3,3,10407,274394107,2010857429,268518842,-1755662449,1607947571,1645090319
6,3,3,3,10407,-869226717,-1954644734,1902397020,1860223594,-1067433644,978997556
7,3,3,3,10407,-1731157599,1399073707,1962508201,1069632814,-138469841,1967177626
8,3,3,3,10407,1461869069,-2081466136,-197528278,-790716227,404909422,1383987816
9,3,3,3,10407,-315213298,-2001032720,-798051005,-1996720076,501960998,-1161664030
10,3,3,3,10407,-1123966670,-760995219,1343301388,-1822382454,-21739271,-1200842149
1,4,3,3,10407,-1142189691,1304974061,-682353008,1069720746,1319777357,-973464165
2,4,3,3,10407,721154810,-1333354625,-1151746838,2116077312,584623486,-1641176682
3,4,3,3,10407,1023663801,793424782,292141437,2131628358,-1544228731,1238140535
4,4,3,3,10407,2029956891,1101557657,512313695,-812928727,1316772335,-529783769
5,4,3,3,10407,1080707066,411717992,-131703596,-242497345,-817781876,1201343747
6,4,3,3,10407,1565904908,-1929760061,-1795753553,1206564887,1347250546,1860210413
7,4,3,3,10407,-1494407904,903598034,2020761108,800452045,-2024172994,1987187340
8,4,3,3,10407,-982226552,1552094389,1980745030,72815153,-127831501,-1954090390
9,4,3,3,10407,-2009464155,1664087823,-1219260382,1110362891,-1904353595,1015799448
10,4,3,3,10407,1884834902,1113022947,-1782993427,1343834886,-320271804,-1407179383
1,5,3,3,10407,-1834488319,1878753820,-1327374687,724713208,1760455031,682264036
2,5,3,3,10407,2138947545,1628358612,-304523999,684140025,779408322,623688101
3,5,3,3,10407,1332053474,-1918680535,1240019893,1264966551,941737471,-164443100
4,5,3,3,10407,1650799580,1658746854,-1431072836,-1134737124,832006725,497959805
5,5,3,3,10407,-1468281904,-516459174,2033969111,-210797878,1374504647,-1261830142
6,5,3,3,10407,-1519721611,1811400181,2104876542,-731027315,240086224,1860711706
7,5,3,3,10407,-1293674565,1587891076,1674105915,726343739,166296784,-64002829
8,5,3,3,10407,-1041971347,1286288205,-77596137,357988583,1700207980,-1354042694
9,5,3,3,10407,763246894,-1422917732,-732967226,1516193991,1905830963,-2068084087
10,5,3,3,10407,670813959,361319418,1832728038,-1942589563,-1293824622,1184267391
1,6,3,3,10407,2119591644,1011324252,474644824,-134098201,-378283434,-982554860
2,6,3,3,10407,-1016502568,942979132,819065603,-957242148,1439681103,76292144
3,6,3,3,10407,-1159500265,256026079,-460053130,189969134,1511428018,-1090868093
4,6,3,3,10407,271593211,-490835211,495682636,910204584,-451552869,1451382129
5,6,3,3,10407,-550699827,-1669127494,-650729657,2132091021,2085014223,-1689928789
6,6,3,3,10407,1667233972,-1729397880,587383845,1729288677,1078442442,629922220
7,6,3,3,10407,1497613508,-676833773,-464762724,1608463886,-1113232995,2139615066
8,6,3,3,10407,-1000801586,994986982,-2017420525,1049104727,1916162711,1811382590
9,6,3,3,10407,396163759,-563447804,797096157,-589306025,646192967,-1918196038
10,6,3,3,10407,-352057736,1659114348,-268968969,-1741886395,1053884861,1454084999
1,7,3,3,10407,27790677,-964735274,-711494969,-1268186668,31281357,1863518068
2,7,3,3,10407,1909703485,1043179300,-1451713427,-1804563319,-71876492,-504316788
3,7,3,3,10407,888126773,-623397995,-271382926,-1792710982,-2111912784,1386853100
4,7,3,3,10407,1332010820,785281619,-1538348927,499048837,359748778,-410442372
5,7,3,3,10407,1284095563,722573968,1404542434,1603302467,-953687166,2036209868
6,7,3,3,10407,-101950666,376458492,1529715988,-127979059,105905955,-114354573
7,7,3,3,10407,-429018931,1023210011,-1713972883,-737208060,730997712,-465257737
8,7,3,3,10407,-152527054,-1086513064,-1273821406,-177973391,182350695,-11347313
9,7,3,3,10407,471937395,-845968137,-1930800726,-811199604,-92416712,1692801350
10,7,3,3,10407,-251210167,1752466173,1847128167,416297583,1506857036,1071464628
1,8,3,3,10407,532982910,1381601687,2018338608,-723663335,410591360,-224495259
2,8,3,3,10407,-1411845082,-133085660,-1923190698,1223281226,1495681047,-308938097
3,8,3,3,10407,-1107052944,-427098076,-281200638,1274696494,-1614416070,2127400743
4,8,3,3,10407,-2118636727,2068919426,457830387,1245709441,796823085,-1889831878
5,8,3,3,10407,-187246262,1751284917,-619056598,-1812421022,-919376152,792096270
6,8,3,3,10407,-618943510,1809738812,960186132,-118368765,393265353,-556326342
7,8,3,3,10407,1410535454,-204037436,-563499707,-484121486,-101660079,141767406
8,8,3,3,10407,385296712,1813992768,1022753948,1899202508,35057467,-1348648482
9,8,3,3,10407,1553091850,377378265,-1540153795,1596932148,-2069231480,-252653163
10,8,3,3,10407,158606610,1234971837,-1511344732,1390948736,-50752058,-638710081
1,9,3,3,10407,-1035425589,-482455582,-2030760754,1536849099,1586673993,1837003770
2,9,3,3,10407,-1971192994,-1176080303,1432737552,-407635216,759674945,-430610701
3,9,3,3,10407,266403127,865651189,749980556,-1070735948,-1739661647,-1838401152
4,9,3,3,10407,989181059,-1595694784,-1030318299,-438293507,-1048246436,1697188788
5,9,3,3,10407,-2014618669,1639136268,-689981795,1235492095,2010177026,-276831617
6,9,3,3,10407,-1005742735,-2130393315,2033968988,2118008376,-611030786,1237081347
7,9,3,3,10407,1329564805,983360370,-1490315969,-412154066,996107013,1521029471
8,9,3,3,10407,1789604643,180948076,-1953237674,1768093424,-210798811,185310962
9,9,3,3,10407,-750136838,1245854974,1207205897,-1993969878,1439828410,-1313377608
10,9,3,3,10407,486291189,1395989789,373722053,2014374716,137132903,9166531
1,10,3,3,10407,1535900844,1981357348,-1520996331,-1815899637,-2048949025,-1844975314
2,10,3,3,10407,-996014299,1757207012,1190512099,1914873394,-113648604,239717337
3,10,3,3,10407,1157409868,1314382964,-361840046,1348601101,1153541895,2079000540
4,10,3,3,10407,169078524,1227577881,-1735561720,223490791,347074407,992166369
5,10,3,3,10407,-762976335,1271659805,553266215,-10308340,-1969182738,360532415
6,10,3,3,10407,-1535754569,-1565154986,1962548065,-1777395690,-1198492709,-1189264587
7,10,3,3,10407,474378290,1078477865,1313104114,645169269,1237822843,-1790373639
8,10,3,3,10407,1443876746,1317153486,496236067,1284828461,1016430140,1949489703
9,10,3,3,10407,-1446824387,1263781152,-317809811,-882293222,1134749578,910304042
10,10,3,3,10407,772205516,301398118,-1996961216,1528436904,1258179636,-528201919
1,1,4,3,10407,1309441616,-1742713695,519266217,-989859235,501570528,2102095439
2,1,4,3,10407,-528987281,1164980116,-279475928,-727259666,1696990401,735430336
3,1,4,3,10407,1231518727,-269988062,491458281,-1809660655,-1610427245,256211712
4,1,4,3,10407,2098833952,420180300,1325766164,1014038910,-1884400807,-1887286912
5,1,4,3,10407,124000497,690512971,-1113141224,1167743435,-795704273,263162619
6,1,4,3,10407,1434991943,-1262477938,-1528680306,1769701905,-948751633,-1732575667
7,1,4,3,10407,46672041,-1159723745,-247722760,-1762223675,506585677,1853704792
8,1,4,3,10407,80404308,-1870997679,-1982176423,1879311858,534612525,-473903361
9,1,4,3,10407,101876627,896437149,-813802090,787208276,1649388896,-1057077984
10,1,4,3,10407,-1662143644,1028465983,777043877,101826997,-1889436886,-94880659
1,2,4,3,10407,-1646445729,-221889404,1781025280,1505912780,1724897482,-2135272069
2,2,4,3,10407,553789533,702509494,-836620135,-1200324581,2017902418,1595882000
3,2,4,3,10407,881442036,1579228329,1424837641,1549553462,1634005287,661490740
4,2,4,3,10407,1190489649,-1103254269,1380811647,91649990,663265197,1306883106
5,2,4,3,10407,1592750121,2126322148,-1394774147,-991177442,-778593396,-1018118482
6,2,4,3,10407,1578704849,1511047388,-1418433424,1333399843,2023340258,-147097852
7,2,4,3,10407,-2130345325,1392789897,239301108,-2011323741,84796841,-14782651
8,2,4,3,10407,1836419555,671321821,-176611097,1268017695,294825059,1882075844
9,2,4,3,10407,686578053,-921752447,-1180849898,630956906,108455234,1082247859
10,2,4,3,10407,-1833702559,1607615460,1733674104,-1832225002,940883907,2056537414
1,3,4,3,10407,-697057565,1382997282,-1509183612,1735670002,839192806,-553292264
2,3,4,3,10407,-1107495105,1528697540,-1613727562,-803014722,-2070029330,-2036593737
3,3,4,3,10407,-1203660972,-1990082278,70983533,1471296546,-489549786,-880416825
4,3,4,3,10407,-1467633758,1221479812,2037904074,-1811404709,-474303283,-1370486171
5,3,4,3,10407,-1047403761,1269610195,1883576896,-22279110,-1110011332,-1382645355
6,3,4,3,10407,1613483689,-936061506,1858409283,-1713905952,-1688529955,-400703642
7,3,4,3,10407,1813423343,377438887,700035563,834132731,1296932971,1057642946
8,3,4,3,10407,-253440206,1030451736,133046782,-766741406,-1911834742,1020191352
9,3,4,3,10407,-1222754865,-343279111,133039278,608159585,-445075492,679476364
10,3,4,3,10407,-785658014,-1370748900,-787696766,590596062,480741637,1834570417
1,4,4,3,10407,1038863868,-1053613751,-110895274,1755464977,2060220237,1062119313
2,4,4,3,10407,-1929029706,828529396,-2016346019,-1454506497,2141327484,2125144872
3,4,4,3,10407,1566291708,1569800040,1165551886,418782927,-401550501,-1983364733
4,4,4,3,10407,-1317876879,-480007126,472942235,-1942017917,1100987619,389892351
5,4,4,3,10407,992662835,971898417,-451544414,-2056883532,-622982130,-1588788583
6,4,4,3,10407,1507948863,-1224763624,68230304,198948063,2122661702,-1847304139
7,4,4,3,10407,38864876,1694231864,1461920968,1113766430,586878396,988728919
8,4,4,3,10407,-628816583,419143104,-2899144,-1796207304,595085396,-410495535
9,4,4,3,10407,517036394,1688804924,-324325825,1400675543,-1776695723,-532653299
10,4,4,3,10407,-2022157705,742580732,-248326032,164989055,-286351283,-1622864980
1,5,4,3,10407,-842224440,-989817012,86417833,-740776660,-477098356,777138990
2,5,4,3,10407,-274665946,-526903614,1265246410,1918915327,-1675615548,-1246189382
3,5,4,3,10407,1427886513,1953178417,880662795,-1143938260,1933014934,525511623
4,5,4,3,10407,2082123191,1324297353,-870931071,-1342201117,266362964,-1593000487
5,5,4,3,10407,-1973157727,699028682,-1473854848,-1974722754,-903012971,-268832618
6,5,4,3,10407,83562634,1383680794,-1253568208,-1552326592,1175117498,377925024
7,5,4,3,10407,1891268947,1748461839,-1644271347,-1163437609,-532121441,458632555
8,5,4,3,10407,-1926792026,1209131237,1986764028,-254797415,815817344,-2087237287
9,5,4,3,10407,-1659865141,-1762801288,360529335,1911305131,625265226,1425351481
10,5,4,3,10407,-1155690305,-1349212729,-10889486,-316880768,-1404435224,1329503552
1,6,4,3,10407,440670937,817081566,-1045622203,-975575592,-814460450,-1349034858
2,6,4,3,10407,-2104431715,-1869352161,-582334753,456817568,-960849182,-1462843006
3,6,4,3,10407,1888712265,-285014715,1179567566,461540715,-1897278195,-708381322
4,6,4,3,10407,-1569179999,1149472173,542178320,349948558,2076849895,1912592173
5,6,4,3,10407,-1480669563,-115054995,-378026365,1032161548,1010091719,1940588947
6,6,4,3,10407,-759208984,677182984,-1795159032,281249845,-1085273901,1847295530
7,6,4,3,10407,702426000,446864226,-358446477,1270446069,472090388,-1187829192
8,6,4,3,10407,18325148,1794031873,970681199,-729322091,-90950142,-1967068377
9,6,4,3,10407,1906369191,818335152,695280717,1245805090,16496667,-1267121615
10,6,4,3,10407,140455509,32764334,-1080494039,840974604,-429328178,-796870268
1,7,4,3,10407,1910287071,1336004752,1619790749,1624583731,-433779110,1430076
2,7,4,3,10407,908956993,-1262739320,-1254543934,973915248,-38675798,497728532
3,7,4,3,10407,-1355939794,583603918,-1465143202,-1639781801,-1740398158,-1973149460
4,7,4,3,10407,-435543483,-206976157,-937195844,-1045888356,-1079071609,692099645
5,7,4,3,10407,-1066549383,1433859749,371290927,515675977,-35024496,1981484018
6,7,4,3,10407,-1878898488,1907560682,-1162867264,-889460056,1209731445,-355646060
7,7,4,3,10407,662335276,965707394,-1198738063,-1363389391,-520728370,1790243013
8,7,4,3,10407,673891704,2106932717,2096076480,-1381110523,-1846136458,-871667658
9,7,4,3,10407,-2121839255,239195352,664960996,910425346,-473320738,-885677149
10,7,4,3,10407,1227192126,-1302684915,-1611870677,549720026,652429950,-596381777
1,8,4,3,10407,-2030901220,1864683875,648079699,1337696729,-1080545016,2113713544
2,8,4,3,10407,1944540141,-1686445840,-1753648946,2050183983,-2021910562,850325976
3,8,4,3,10407,1364512627,1163855853,-673234779,147346680,-687261983,-2090510030
4,8,4,3,10407,1201341900,192117106,858824792,-87006614,-257177630,-893328904
5,8,4,3,10407,144130462,921126724,575537494,1001573746,226095921,-601478616
6,8,4,3,10407,2092888525,-695904889,-89326330,1685718283,1267980458,883325448
7,8,4,3,10407,-1231960715,630434970,1177991243,-1033747938,-1428077319,747129420
8,8,4,3,10407,156084781,-1473568700,1443190565,412605773,-339843783,1389999659
9,8,4,3,10407,-1340995585,-398230552,403994308,-991891959,-1993913459,776320367
10,8,4,3,10407,-388330751,-1720534755,299450511,-1124642344,2074762501,-1340914677
1,9,4,3,10407,1649064830,2007582074,-1956184025,-900865464,-1871804743,849376859
2,9,4,3,10407,78427897,-2147349297,742604808,1765818721,-1235216647,1692385416
3,9,4,3,10407,880198565,-704312587,2134450644,2081873281,1984184986,-14705696
4,9,4,3,10407,690296441,1661282338,1746633752,1663202742,-1127874289,1510499141
5,9,4,3,10407,443195251,2098192651,559990103,895315104,-1342055554,1225677359
6,9,4,3,10407,-1524570934,790716459,-199153112,-433855410,1644128177,1926123466
7,9,4,3,10407,-1728116449,505516114,1277594307,-843021490,1967764509,1817733940
8,9,4,3,10407,1149119993,-1307779824,-571913650,-570659871,-1558362939,974001559
9,9,4,3,10407,1003763319,823811596,-1924405006,837976829,-1581765674,-659129761
10,9,4,3,10407,-1116590138,1531917098,-2016586480,1067349770,1053671204,-371826826
1,10,4,3,10407,122579271,-1307875599,1752504174,483743096,1606209270,1677292482
2,10,4,3,10407,-1008625576,-1032491709,-980510817,628545514,1425660661,773612228
3,10,4,3,10407,-1245206828,-1440252369,1188300955,1497420499,1369917194,-1824924289
4,10,4,3,10407,-404407518,-1573022301,-1960026805,-1583373860,-468614587,-2146697421
5,10,4,3,10407,-1046027861,2073731323,886924793,-1798423555,843097964,120052479
6,10,4,3,10407,-395894639,1553749149,-1164155861,1045861587,1108506013,1000117786
7,10,4,3,10407,635586680,126547268,908639649,920663510,-264818377,-2144013575
8,10,4,3,10407,1404378348,-1631904844,1534609991,1878177223,1839572782,-951388982
9,10,4,3,10407,378388943,2042486469,1277190020,-1060308258,81091366,-1600618245
10,10,4,3,10407,617247811,806213771,778893112,1834979557,-2079281655,-2130207245
1,1,5,3,10407,-204651709,1348907737,48589390,-414973762,-1122956654,-562011564
2,1,5,3,10407,839461294,-1983603741,-1567572874,291131037,-80570113,-1383644224
3,1,5,3,10407,1279352568,-1691531235,2013036790,1001602501,2114894931,110415966
4,1,5,3,10407,-516756152,459911160,-1270343386,1069810993,-844404285,161246640
5,1,5,3,10407,840359654,1488059623,-670437440,-1561174015,594151678,-1122542577
6,1,5,3,10407,-201894046,-1882834758,-344121741,476825673,1355186020,406298724
7,1,5,3,10407,932877027,-1238466743,-1731627958,-982214954,-989676969,-1709635444
8,1,5,3,10407,-25434582,1393386357,765661612,571686578,-800539902,-1310418884
9,1,5,3,10407,57403116,-600590589,-1809618478,-690521445,559532691,-647467543
10,1,5,3,10407,-1725142718,-792691628,657920089,-2083636983,542159892,1053262586
1,2,5,3,10407,1245470791,929027655,-1788856438,1590986308,865792580,-351553772
2,2,5,3,10407,-1640593954,-1323750329,-1316825244,-33189056,-1719773959,-2022068427
3,2,5,3,10407,-202001507,-398461352,535390624,1163267860,-1606528805,2128347097
4,2,5,3,10407,1486532446,848294875,625058924,663881049,844391263,-1717914631
5,2,5,3,10407,-1126600380,-1528675155,-1707277899,2103469086,-1241786382,-1140230657
6,2,5,3,10407,727572515,-1818135730,27691032,-945321366,1200145895,-793373101
7,2,5,3,10407,-1407463515,808361897,572686879,874725013,266189314,-1993409861
8,2,5,3,10407,-1853907203,-1396298412,-108205738,2077671565,-557839221,1958254505
9,2,5,3,10407,984643651,-334034977,198740653,777936495,916844197,-522595213
10,2,5,3,10407,1582059137,-2083304161,288326509,581921548,-720551794,-2111348698
1,3,5,3,10407,-1097609688,746860284,1305495438,781196220,1031783122,1092324653
2,3,5,3,10407,2056569140,-1254583683,-1880934022,1826850871,-1393066463,-1836135418
3,3,5,3,10407,2146623000,-1232687359,-107244313,-1558326341,-346405176,-1550174167
4,3,5,3,10407,836617077,-1073646765,888650405,827703092,-224179031,208976178
5,3,5,3,10407,765922458,-1378047505,-83957390,1348105908,-494435781,1121740304
6,3,5,3,10407,-1575982375,93646000,355395176,-1172715032,-1819685098,-2128240021
7,3,5,3,10407,410169368,920972997,-856759726,1899569370,1787033263,2079477423
8,3,5,3,10407,-1774849073,-219056063,1566640855,1740921612,973328081,-978978521
9,3,5,3,10407,-523197282,-789885014,1131187791,127449234,428235987,-1729202885
10,3,5,3,10407,-1120762266,-1217806887,-1661423524,698149744,-1514235258,441654019
1,4,5,3,10407,-1951911849,518308985,1627061358,339276286,771226402,-1824181410
2,4,5,3,10407,801417444,456854704,1062005245,109904105,-1943386360,-446386314
3,4,5,3,10407,-1583744775,1877228584,-1995603972,1697424751,-901980042,883657220
4,4,5,3,10407,289011737,264613080,42211857,1534811754,-517930647,-566244515
5,4,5,3,10407,-316320850,215893545,-1557193784,1614533990,-1707696173,1897477464
6,4,5,3,10407,-299228427,1344447541,-588288048,1926105417,-575593610,-1641643418
7,4,5,3,10407,1820317256,-1240176781,-1698827695,-1975011902,107179877,-678352838
8,4,5,3,10407,1167532097,74267823,-411146252,969820940,-134028765,-291976620
9,4,5,3,10407,-730085946,-32957240,-388901102,-686071738,-2083866427,-234655542
10,4,5,3,10407,-999957341,-110382619,-1399031099,-1482421829,1029628618,152352020
1,5,5,3,10407,-1458294889,821391729,204971510,-1481390233,-893749235,21671565
2,5,5,3,10407,-834823071,1238760973,-1370349671,1872672001,1021120677,949250965
3,5,5,3,10407,-2074444595,1225452039,1174921559,-258620877,-1386240962,1283806260
4,5,5,3,10407,-242674227,-1711419595,-1090922994,485581324,1384272154,-969123696
5,5,5,3,10407,-1996849757,116369342,1714824306,-1646624066,99467899,192473139
6,5,5,3,10407,1380497132,-2145916643,242706120,982368395,-157874799,-1349718091
7,5,5,3,10407,-1311939692,321045980,-1032223091,728934195,127856419,-1806125612
8,5,5,3,10407,1079943182,1265114004,-1023404888,649429420,419863013,-892677375
9,5,5,3,10407,-353798979,1523367655,-476917073,745976197,-1553388533,1687103083
10,5,5,3,10407,-962569914,-1492873629,327701931,-423544150,-1084052816,1425060525
1,6,5,3,10407,914725293,-1601554,1460688966,108165567,-554445466,-830392113
2,6,5,3,10407,-881954186,295494226,471166474,420246153,1082156718,1226784272
3,6,5,3,10407,-1634846449,-1279843556,144907837,-313204365,-62993650,-2073531060
4,6,5,3,10407,-982225811,1251325528,878425671,520065157,227044942,1841673620
5,6,5,3,10407,1730486513,-1582557739,-1639822721,487440912,-1553175350,-1101133114
6,6,5,3,10407,477582805,1696965068,-1509677683,-1435580543,1176691247,1972928225
7,6,5,3,10407,-72336435,-1833060322,1208355845,-981748467,-838924374,3309882
8,6,5,3,10407,1000733450,1562404460,-1142985513,1971623499,1139556347,-1361086043
9,6,5,3,10407,2008912423,1126939282,-1359764652,492421888,-305756630,1984735854
10,6,5,3,10407,883841409,1942978032,-459844744,-234310898,519147665,-2017297431
1,7,5,3,10407,-1247565828,1013215291,-1194275902,-299071711,1651448788,721066876
2,7,5,3,10407,-1616371457,989636261,-181525239,-988618161,90043620,-128567521
3,7,5,3,10407,1314582805,-2101245466,2066821288,1507867648,1830256536,1563282702
4,7,5,3,10407,1157324811,-1685183359,2041517821,-106501404,-360958831,-1800666528
5,7,5,3,10407,366821085,-1688453075,1534085174,1257779877,-1828028844,-1749413488
6,7,5,3,10407,-1595142548,-1164221914,-1174920729,-242391420,1102804412,1591427046
7,7,5,3,10407,1827276606,707954765,379844183,1876219965,495915900,727537658
8,7,5,3,10407,365838075,2085369171,-2092688901,1114922372,-331988773,-784991059
9,7,5,3,10407,2003378343,762599595,-1841259849,-1251075601,-926590256,1020653827
10,7,5,3,10407,1637004760,-66248315,-902430482,19169541,1484240580,270900400
1,8,5,3,10407,685458450,1726639349,1942149964,388555466,1942654282,-1172599941
2,8,5,3,10407,-841048856,618138171,-1822188876,-1389763680,-1228398383,1765759921
3,8,5,3,10407,-1275550056,1516294875,2077154129,497917784,-1630220862,53176456
4,8,5,3,10407,-793243062,801606160,235160888,324456786,1522327689,-1013376362
5,8,5,3,10407,-1014243528,-1670069610,-1220637160,-1465526098,-1295225517,1197098718
6,8,5,3,10407,-464342191,2146425600,-1676263352,-198648146,350525127,-516693504
7,8,5,3,10407,-926856801,633651938,-1415773428,625780411,-284571552,60837091
8,8,5,3,10407,145945650,-1523735524,-606982132,-775676141,1623009274,1360273890
9,8,5,3,10407,-1812329132,1213081491,-2027935061,-665674453,-1295217607,1723731592
10,8,5,3,10407,863892392,1504162460,-2123441624,1815063846,1151589553,1125719546
1,9,5,3,10407,79534062,811273118,-518578254,-1146012367,1071449468,2085425329
2,9,5,3,10407,1737448364,-839744577,-1217914642,934948935,1656553805,481708566
3,9,5,3,10407,1600028041,-817689459,1874605935,-877827239,-357935840,1674966844
4,9,5,3,10407,-1408840984,-184194176,1478461316,1098947697,-2055294948,669095928
5,9,5,3,10407,-2106603144,-1555211713,745182398,502583111,-1249227070,-2119567348
6,9,5,3,10407,882514822,68349729,-670179552,2031395937,-364614467,-1853478809
7,9,5,3,10407,-521488430,-1920419387,40464662,445655198,623173565,1003561346
8,9,5,3,10407,-1488519059,-1691766531,-1520596428,1454144960,2116189906,377455046
9,9,5,3,10407,1279035452,-1558152719,-1871336688,1249727883,1280799811,-787109038
10,9,5,3,10407,-1157539704,-1300277050,785864810,-1038681642,-909612202,-1951453096
1,10,5,3,10407,-421877317,15322405,2115261687,-675556399,214454109,-1546623115
2,10,5,3,10407,1564282158,-1015204241,-245198125,-339772751,1991916530,2133620737
3,10,5,3,10407,-1880576842,464701537,-477434870,-1576559382,643281038,1006569493
4,10,5,3,10407,-252456988,-1934951132,-1256726430,567868426,520331998,-1671475418
5,10,5,3,10407,1707107268,1879659764,1185427938,-126789870,-546127065,107165131
6,10,5,3,10407,-2129185989,-822840067,-816365318,602916480,-413924109,-1364402617
7,10,5,3,10407,-1326200117,-1556826022,-1306640411,1367514541,-1323463658,-1224676371
8,10,5,3,10407,-660281857,-1074408911,907111316,2005269929,542714458,1495451394
9,10,5,3,10407,-366770131,-584161725,1959382284,976748740,-324940639,1696057469
10,10,5,3,10407,214460918,320392282,-2066238792,-2122302961,607934313,2135518243
1,1,0,4,10407,28051643,1782033608,-1636689060,-1513591191,1316802494,-299305967
2,1,0,4,10407,1809595186,-1882011200,2062358996,-693431361,-41026333,1262880145
3,1,0,4,10407,1281819688,-2038473269,1918536117,650096135,-1499906244,1286580406
4,1,0,4,10407,-1680031651,-1379482429,731312098,-917748788,907316531,-1693068044
5,1,0,4,10407,-2061864917,1738283165,-1663841508,-275894521,-1756525425,-924671106
6,1,0,4,10407,-1309173896,-737071008,1677367549,808652406,208326528,340773489
7,1,0,4,10407,886407471,-1883973669,1352680171,1617969819,-148637120,1645305229
8,1,0,4,10407,-914776597,-1571269360,1199205463,-1477104727,50501442,-1523732016
9,1,0,4,10407,-1653261217,345822233,1400035919,261592082,-1161352452,-285863174
10,1,0,4,10407,1359893387,1261722984,20377567,804967891,-149835641,-293395015
1,2,0,4,10407,1708324928,-151173086,1612326996,502964562,-1319563218,-414617477
2,2,0,4,10407,800731829,-688073386,-1786480548,-1851151137,638295083,-483009229
3,2,0,4,10407,664273454,-1212268862,777224199,1445441226,-941372835,1884085224
4,2,0,4,10407,-1885414792,-1396119102,-1689877297,1941580745,-2070852038,-524995236
5,2,0,4,10407,1210546820,-846903957,-381233191,-1588523211,-1204517572,853849282
6,2,0,4,10407,609062071,-1115207838,-2024492606,-1595713907,218271891,893737110
7,2,0,4,10407,-843686897,102617749,98762066,1030104611,-827407523,1061402753
8,2,0,4,10407,996417949,1355686618,493962851,-1268362380,1588013162,507938895
9,2,0,4,10407,-1395538232,-1669772986,-1124083812,-908835492,-1053123967,-1934674605
10,2,0,4,10407,391250869,-1573297591,1291943949,121612833,-1183041221,-1659166399
1,3,0,4,10407,-2068562617,-86964882,-1830320193,-1065507518,-65225632,1597852881
2,3,0,4,10407,18250346,1301581596,2049370753,-1474746466,1846591734,52215347
3,3,0,4,10407,-284227175,1158459005,-1671806712,-34633535,-2091077001,-421775211
4,3,0,4,10407,114241501,-486928749,1250617209,1536619114,-821306239,883200324
5,3,0,4,10407,-164169111,55779704,361636429,-681443385,456220679,-565055452
6,3,0,4,10407,-1726252197,1256540501,-1869069658,-1008756046,-937376812,-1081983220
7,3,0,4,10407,517109533,1280836683,852988744,463670127,1926910902,-1367632458
8,3,0,4,10407,349210363,568951094,-1840760206,-1182989328,968069496,-2077324314
9,3,0,4,10407,-211937988,98171420,-1371650219,1628546356,2106416699,-1350274792
10,3,0,4,10407,-2024186743,-2060369700,-200045346,-1073189581,-2094278639,-1377038756
1,4,0,4,10407,1741937951,2098413907,768410250,1617044292,-1723141402,-914589633
2,4,0,4,10407,1339408994,-550075523,2052204591,-1100956613,503044830,-656305234
3,4,0,4,10407,1416309813,1743747707,-146255468,1411000350,-893388859,-405934884
4,4,0,4,10407,152018661,-739522337,-983791468,898705209,447880920,-1096073287
5,4,0,4,10407,-1040111932,427508965,1601110363,-2125310402,1308727266,-1578702236
6,4,0,4,10407,-1242413282,1398623174,1529600650,1951258978,1825764473,732008033
7,4,0,4,10407,-1460644533,-2096132083,2065773341,-1795736842,1146388313,-1903601371
8,4,0,4,10407,787895218,-1228058366,1400960840,447111957,-341052027,-1931507680
9,4,0,4,10407,-840263380,-1980140853,1871313370,943082014,1108576965,1865878289
10,4,0,4,10407,-1308744998,2008770480,972777911,-660859363,-1658117214,-82968068
1,5,0,4,10407,-844147470,-1106788289,524831923,-537979859,-1031407098,-837087651
2,5,0,4,10407,-1848081178,-57598384,820127631,1333186128,-1414116227,227567798
3,5,0,4,10407,-1338328140,-45359299,-219844039,-195062879,369086953,1524746391
4,5,0,4,10407,679363203,60089963,-1843948610,-2111286650,487768921,-235211207
5,5,0,4,10407,2032613347,-1981248041,-133174577,-1098424008,1517515251,1892910457
6,5,0,4,10407,-973075189,142272987,-27997674,33465074,759495146,-785477614
7,5,0,4,10407,1398284642,1251206697,-96297017,32935884,-898249728,488900039
8,5,0,4,10407,-1746481517,-460698095,-1644644050,-1094132156,139108974,-1145869016
9,5,0,4,10407,-476951224,-1734388707,-1247118539,-699798063,512373755,2120397308
10,5,0,4,10407,-951523592,1406778448,357789848,1242221968,-1271365509,-449747308
1,6,0,4,10407,196726622,1996324738,998091143,1183544402,-1988904697,-815341301
2,6,0,4,10407,535021170,-1101254395,1605384365,791283260,2117954552,2025155685
3,6,0,4,10407,136351777,-251694811,1263999930,692626391,755601611,525930563
4,6,0,4,10407,-505337284,-936059643,-1610831558,-1172181096,-661227396,-90934242
5,6,0,4,10407,1005515844,-1148701243,-178942785,887374373,-1632686586,414086903
6,6,0,4,10407,389577811,-1138230140,-1490079904,-379578054,-528048327,-1005349200
7,6,0,4,10407,-1864220051,770140233,-1872879864,-1706540935,-303442303,1259200736
8,6,0,4,10407,-70893115,110127063,-1915560884,1078796743,-554884937,-711180508
9,6,0,4,10407,1084142817,-668312890,212540455,-1213977167,-160494235,149744883
10,6,0,4,10407,2146740937,-118616244,8441672,-461473721,1070290262,-1738348642
1,7,0,4,10407,-1112790271,-261281788,-2137925291,-1497398070,794248094,-47844201
2,7,0,4,10407,1928029597,-461017206,-1812635741,422477811,1415929141,-1325610174
3,7,0,4,10407,-1539606149,-1003486639,-1487665655,897709951,897980462,365793227
4,7,0,4,10407,13444016,107172529,1987466815,-1214385897,1411306293,-2035707744
5,7,0,4,10407,-334960531,-1619145496,-814931146,674128820,782169346,1163060641
6,7,0,4,10407,-1778203731,-395231977,-390359023,-413481469,2112805418,-777912920
7,7,0,4,10407,-357211101,-2030100389,-89841168,1836255573,-342336878,1091422364
8,7,0,4,10407,-1683270572,1997655758,1933347910,1096666906,1626079653,-2084125781
9,7,0,4,10407,-584347781,-1273549727,-1815553435,-535472030,1905367653,1475241130
10,7,0,4,10407,1954150233,993465100,431608450,1055640196,1306108122,-2008716095
1,8,0,4,10407,771237010,307984520,1307844145,-1579546103,-809504987,-1506980627
2,8,0,4,10407,-481017151,-1962054796,-11729282,-1650088670,-1168202130,1774121387
3,8,0,4,10407,623721196,-1217453524,-1427405607,1032527711,-1014386732,53909815
4,8,0,4,10407,1554359268,971812802,-1213598338,157951113,-953744254,-1576190500
5,8,0,4,10407,-1510862700,560037725,-2010589613,-2130936465,1528237489,-598741445
6,8,0,4,10407,50503201,1950720541,1424747713,-259506214,-683829764,1529728632
7,8,0,4,10407,639129774,1843949910,-1760867789,-655561418,1425444592,-267989613
8,8,0,4,10407,1208192438,693577753,-711644332,-498526255,804058660,-1549692532
9,8,0,4,10407,1992085864,871676025,121688233,525487499,2055958762,1452536829
10,8,0,4,10407,-1310320266,1529057517,-173497103,-734270919,-465436585,1171243694
1,9,0,4,10407,-1486651239,-806178186,1311527537,1026590503,537113350,235319250
2,9,0,4,10407,258714450,1981549591,2064605943,921220692,1510298450,-1611887033
3,9,0,4,10407,1807217501,260938708,-456865523,-1761877344,-1823039094,1722403617
4,9,0,4,10407,270719339,139895462,727674977,-291135632,1744626781,-2102891187
5,9,0,4,10407,1701626566,-1632298732,-33531836,-1549660519,1613885201,-2120217627
6,9,0,4,10407,1578695421,-1507896982,637136852,1455772512,-2072620094,512328544
7,9,0,4,10407,1207595561,-685725908,1772935167,-1613977985,-940018164,-1579704092
8,9,0,4,10407,907647000,1193500740,-2117841368,1842816061,-437305871,173327944
9,9,0,4,10407,721764579,-596465952,-1305650303,-1160985884,1919911454,-2055352779
10,9,0,4,10407,-1121055530,-1743359795,1222192857,-557527450,1014542777,706167631
1,10,0,4,10407,2072446431,553658479,-1226715792,1542642416,-215223208,906679738
2,10,0,4,10407,-1622458943,-2142694586,-1428106960,1285101515,673203496,-1687490803
3,10,0,4,10407,-912028031,-227312716,-1504509333,24271894,-1118990633,1918844618
4,10,0,4,10407,-1987071332,1434438131,718294318,-1954216649,-769710214,-432756128
5,10,0,4,10407,-70602904,1240352223,98870455,-59403922,1846160746,-1028010179
6,10,0,4,10407,-114470082,-1454805665,-1191044990,-333614972,141501065,638585780
7,10,0,4,10407,-134724820,-1163737552,1008783275,-1928379276,370794429,-1826231956
8,10,0,4,10407,-1663072835,1083431739,1985823553,397207342,-258262399,-947215018
9,10,0,4,10407,643254388,-1275919058,1423932410,-125584482,170638273,-186963691
10,10,0,4,10407,-78912775,494932511,187837598,619047478,1565278812,530373710
1,1,1,4,10407,-1907041074,-397977311,41899232,1235149878,-384046136,1230850922
2,1,1,4,10407,222286778,1838712617,-7664512,-623947675,-236554596,-870247063
3,1,1,4,10407,-76541193,-313822832,-1169836524,-807909422,-2022717468,-174545761
4,1,1,4,10407,1671788065,-1217438456,-1468287151,1087742828,-1468850592,1564593259
5,1,1,4,10407,-144007924,1206665664,-1140097721,1606739198,1884590951,-415062714
6,1,1,4,10407,-1108549114,-829609728,-1199106258,1931250363,-1959837730,-1433510487
7,1,1,4,10407,916453054,-1876303399,-2115653371,451560727,-343777801,-1584712853
8,1,1,4,10407,878250668,1696289621,605216386,-610133679,1812527875,-388365893
9,1,1,4,10407,-1703371858,1125525916,-87994977,-2044222061,-475723446,762702074
10,1,1,4,10407,1007117221,1913271651,-1427599,582729068,549974536,250584354
1,2,1,4,10407,-315600522,368039814,-647568190,309753418,1252298285,-348837116
2,2,1,4,10407,1122927651,-1111427599,1671466963,-2041482809,965867604,-517368750
3,2,1,4,10407,-1556251832,1603133040,136491592,-745436500,2043071029,1183949741
4,2,1,4,10407,1389851187,-574646019,252322147,-1561876739,666311435,-1829170300
5,2,1,4,10407,743978151,215830767,-1798990969,-183480747,1359234294,740810093
6,2,1,4,10407,-1946545682,702111205,-1199023726,-849758592,-2077267260,186779118
7,2,1,4,10407,719373439,736538690,1904873141,72888158,84865719,-567848129
8,2,1,4,10407,690035862,-1234847798,1984291973,-2013368378,-1257095177,123393116
9,2,1,4,10407,-233533121,-1023485633,-151866291,-791930501,134081032,-401212866
10,2,1,4,10407,650145611,-1622944957,962266787,1375947349,49830876,1965665127
1,3,1,4,10407,-216896600,743242763,-1486909944,-918762126,-2093460366,769628117
2,3,1,4,10407,2051992558,-654062859,-1061958002,1013437730,-1272643651,-1271279425
3,3,1,4,10407,764901053,843336918,-1101774597,-66636505,-1718966596,-1083219088
4,3,1,4,10407,411797283,2030218248,-1656021659,1773704933,-254130794,-1307606668
5,3,1,4,10407,1698102046,-1174397205,2045005790,-1758204896,-658806646,30258511
6,3,1,4,10407,225078339,-820558253,404282890,-365936285,112074106,-760938292
7,3,1,4,10407,48991709,-1576453711,1500116372,1946131423,-1640404859,-164313339
8,3,1,4,10407,1433535764,-2085000197,-825206049,645894371,-1460700776,1092571365
9,3,1,4,10407,-808559194,404740912,1551238811,-566040349,521066599,-1783240745
10,3,1,4,10407,362484449,-1712855969,1937980291,-1895335749,1911029260,668875516
1,4,1,4,10407,952979602,1420309330,-1752080171,-509498255,-2020157597,-1452134347
2,4,1,4,10407,933195768,1630619024,279686084,1092996131,17081823,2081604945
3,4,1,4,10407,1158446028,-2095152945,-1264522688,-1714826665,568765576,-201244331
4,4,1,4,10407,-1764754840,61869731,1749529677,-538360205,-102945873,1755180338
5,4,1,4,10407,2098822664,-2085084074,-428405117,-2034390037,1418517269,1441832435
6,4,1,4,10407,371799554,218309284,-608463353,-1351985737,-1899946051,2041722572
7,4,1,4,10407,-1254364907,-1553774356,1804801459,527745703,170433460,889011784
8,4,1,4,10407,-1703300066,-497770708,769897732,99704040,1507379865,-426030493
9,4,1,4,10407,-1707481872,-589935197,1759399941,-763045172,-123525228,-550712399
10,4,1,4,10407,1283885607,-1870870617,-1209599599,-307429128,895785642,885724766
1,5,1,4,10407,505248452,242982688,-1975399154,1028998346,-1510356431,1010679928
2,5,1,4,10407,1973152835,1937494788,-921256140,1889788210,510595364,-587180676
3,5,1,4,10407,-478414575,-845669587,582755613,1744524510,1629335684,1115133460
4,5,1,4,10407,-450272101,359635987,-293341251,64218789,-156352362,730840414
5,5,1,4,10407,-1197658410,157349001,-865525797,-1160548909,-499125659,-1072632682
6,5,1,4,10407,736757918,-608364118,-525968498,-986570269,-1756170415,-191839950
7,5,1,4,10407,-2015849635,876539863,-1137969956,1105636398,-1734330447,286446669
8,5,1,4,10407,-1174864308,-883060187,975451987,2019120963,-341086672,-1133006021
9,5,1,4,10407,700137460,-1509024436,1908434688,355014372,990201915,-65227106
10,5,1,4,10407,-480964624,780077242,1818351647,1647056983,1715581082,1037980911
1,6,1,4,10407,1879545020,-415410391,1960563202,533641263,-420145406,1189189897
2,6,1,4,10407,-103022627,-355991702,2143828687,-368232709,-436254600,-495773196
3,6,1,4,10407,1736330232,-560712744,1592652229,-1453007367,-1256219728,874349063
4,6,1,4,10407,-168609888,-353856660,-123829500,-1805015993,379749951,-139082569
5,6,1,4,10407,-902581687,1034564337,1932342823,-2063097906,1049249007,-910875036
6,6,1,4,10407,382754061,594403749,-343284172,-676772042,-921312462,-218619169
7,6,1,4,10407,350987284,996492491,-715077356,-1509598201,-718190621,1708195624
8,6,1,4,10407,400742139,1364963376,1740478713,1276027470,-1980516381,-607757259
9,6,1,4,10407,-1207665054,-684234968,477659801,-1965253020,11182982,1462929010
10,6,1,4,10407,788485497,303281340,-677052186,-984455040,-1383161212,2019073581
1,7,1,4,10407,1562801268,-1621386300,-1210215265,1769601531,1065094353,2097503893
2,7,1,4,10407,-963206510,1970202579,2147290750,-1308096686,1901646017,1140916752
3,7,1,4,10407,166972052,-2072681450,964688005,503902166,1523481563,501534932
4,7,1,4,10407,236276516,-498987492,-795851494,1690180256,-899386374,-216808059
5,7,1,4,10407,-1663684554,-1314478044,923537643,-314508710,572420465,-1351209548
6,7,1,4,10407,-358366875,2061067679,2106394764,-1701922662,1084772592,1335324604
7,7,1,4,10407,-137160501,-1743479151,1816414772,-715410478,1925078579,-1184670817
8,7,1,4,10407,-1346412237,230446416,283561328,267227424,1409820436,-298722759
9,7,1,4,10407,-51763185,585587741,1284519408,-956407420,1153463667,-156429239
10,7,1,4,10407,-1970071853,-873771932,-1535841036,-1205531442,1221240770,-1883062783
1,8,1,4,10407,-1301085290,1089486797,844446411,116215723,-175437067,2137370219
2,8,1,4,10407,1562927410,-118599160,1028315878,-1016340022,-991312418,-1248247421
3,8,1,4,10407,-1820143453,711112285,-586451707,2045536585,-831443924,-194725056
4,8,1,4,10407,658593215,256642069,630721029,-861778634,243843895,436032628
5,8,1,4,10407,-1668337536,-1557918991,-814141297,-1519457078,-1778841281,1284136648
6,8,1,4,10407,-1531690365,586074371,-1496869431,-1789656043,1903281415,1042526178
7,8,1,4,10407,1398108278,48435543,-811294435,-1342657909,2105029364,-233302377
8,8,1,4,10407,-712763431,1184823421,1042953281,988451304,-44643050,866150455
9,8,1,4,10407,-1410217641,-1323422203,275413221,801169631,948559758,1159131080
10,8,1,4,10407,-693334297,-1724630826,1264798739,-723396366,1214187544,-22887398
1,9,1,4,10407,1485160893,-1162436614,-447740404,33209223,116972207,1097074595
2,9,1,4,10407,1552514798,605073825,2099544417,-422298793,-1509873921,1329606657
3,9,1,4,10407,1471518844,482295612,1723821387,1896312279,336973001,1614664694
4,9,1,4,10407,-1989394505,1418449878,2049552690,1685549371,-258657884,-1096255152
5,9,1,4,10407,-1255411911,2143405795,1603318831,-1551746345,2127161666,-1517160952
6,9,1,4,10407,-393233762,-1324403094,-1413525425,1540774204,298170376,-1543570422
7,9,1,4,10407,-1566361555,-1423215557,-615974566,109961462,-1790158509,-742738903
8,9,1,4,10407,97988511,804816609,943370248,371431089,-1567280785,-1778178377
9,9,1,4,10407,-1909323687,-47063320,-1665457931,586895023,-358461211,1925703540
10,9,1,4,10407,878624463,966741305,468646678,-870529064,-447433456,-913030219
1,10,1,4,10407,1220834922,364021342,668962188,1534027978,1930052582,26887342
2,10,1,4,10407,807171115,2092922958,-439661825,-901376894,-636449477,-998845344
3,10,1,4,10407,1032923939,-1188787071,-1259504583,-793843974,-30777602,966007343
4,10,1,4,10407,-269737178,760735613,112422206,112554725,-2104872460,-1130133659
5,10,1,4,10407,921781049,-1575875814,809741692,-1570442628,-464894488,-1557677874
6,10,1,4,10407,26213559,522709934,-1487337923,2052805164,-795137136,854657307
7,10,1,4,10407,-1892319254,412534307,1771973682,-372022932,-1065977297,369221168
8,10,1,4,10407,-570418536,257859489,-436855342,-1829563955,1334850572,-605863914
9,10,1,4,10407,811219156,-953548636,-288803083,234721226,1048419591,2003698531
10,10,1,4,10407,635613819,-1822298893,736164420,1495263031,-1415797707,-1781520427
1,1,2,4,10407,-1516764532,-1761098037,1096585294,496904978,-1982054254,1691135311
2,1,2,4,10407,1070388842,-64991682,-492056578,-1892893786,-321296321,538487501
3,1,2,4,10407,-2073953663,1346024417,-1311015456,1796133840,-768903504,1791144539
4,1,2,4,10407,-414693972,733166978,-19851984,17211951,965675364,278571729
5,1,2,4,10407,-1025545042,-1674408175,1584161045,-276376793,660861027,-1303821208
6,1,2,4,10407,746639631,2023972639,182769923,1015974971,-2138486993,2026727152
7,1,2,4,10407,1148719611,2137840461,-2043010476,1767111302,-1711018024,972016733
8,1,2,4,10407,-1547098013,-83442751,2035611455,552239442,-1254473308,-1879567286
9,1,2,4,10407,1383078743,982486175,1464813932,2015368039,251330999,-1773183636
10,1,2,4,10407,1037666243,2038449509,683405610,687360748,520387796,-36959615
1,2,2,4,10407,405191650,1050098838,24269616,1560735735,1397415990,-841207911
2,2,2,4,10407,-813525524,-1737831327,146776602,-1124485384,-819789172,161288416
3,2,2,4,10407,-1560884172,838754214,-536595325,-677264109,1230942594,-2143168561
4,2,2,4,10407,-1280793274,148915937,757694776,-407980800,1355352209,348568619
5,2,2,4,10407,2029517006,-96566064,-1985285519,2093224927,-492037963,-1481423230
6,2,2,4,10407,-655255523,-577872899,1180668392,-1250746019,-1418640099,-569566678
7,2,2,4,10407,-1340430565,-1975062170,-886741150,142545649,1138308521,439885481
8,2,2,4,10407,-1745556486,1310749944,1628647344,405363596,-757464599,-2039196585
9,2,2,4,10407,690092107,-1115067018,-313033031,-2036415358,1146837308,1995507909
10,2,2,4,10407,574383155,-101856959,212248389,1075000730,-981490907,1113386885
1,3,2,4,10407,2030124714,-957492158,-774966868,-961852116,347752695,730943331
2,3,2,4,10407,-827992730,-537575493,144102903,594784380,-319945532,961368267
3,3,2,4,10407,-1684943147,1234819249,-172937415,-1087714803,-1048312427,-1277649774
4,3,2,4,10407,-1261777756,-81557246,1775887736,703161355,-2091062462,-1233351152
5,3,2,4,10407,-1424021786,1840257239,-1347195631,72551613,1775641287,1866915483
6,3,2,4,10407,859453720,1961377346,1190144765,936906335,-1794392892,280557712
7,3,2,4,10407,-1836277675,-1546304506,-1066419139,-639027033,2037447789,-1927793753
8,3,2,4,10407,1846224858,1441019066,278327954,-974680164,-870959932,-2066459626
9,3,2,4,10407,-531348902,-145963992,-1062546218,-1956667987,-875632130,184482201
10,3,2,4,10407,-832174348,236275195,-535464039,-801738029,2090004207,304276240
1,4,2,4,10407,-902412790,-2023246268,1611076465,327349934,-1398693877,529546908
2,4,2,4,10407,-1502392416,-1953649665,264807555,-1790977967,-1811533944,496358146
3,4,2,4,10407,-1918952484,1908144272,2047884156,1626418923,-1234468903,510618412
4,4,2,4,10407,1943813329,144569173,-2027571361,-1497873530,-90113717,-1872169667
5,4,2,4,10407,-226302684,1868406722,-1788611879,-865671497,1338131107,805662553
6,4,2,4,10407,-1357382927,115268006,195663215,-799188926,-1079518799,-1343500487
7,4,2,4,10407,1799041377,-470030605,-301479258,-804662770,1022337283,303207849
8,4,2,4,10407,2142120826,-445178113,-1408699574,546004900,1709292541,654243953
9,4,2,4,10407,-159618968,477379998,592467530,1987473196,1695814329,-363588517
10,4,2,4,10407,-257473823,1368109306,239094162,2103878236,2036902974,-616439067
1,5,2,4,10407,2040634765,-775659057,-1751277083,-2103171075,2119382362,727735869
2,5,2,4,10407,780965068,1884756734,533253687,149991670,-615330093,178400038
3,5,2,4,10407,509791203,1522789435,2098250295,-2061278687,677395011,-237145034
4,5,2,4,10407,-1518905821,-434844416,1070856852,-1076442779,2091465119,1164296107
5,5,2,4,10407,67204130,1012761335,1106680740,-1659145832,-1040731582,1863301663
6,5,2,4,10407,-216814853,-1395371000,-184884126,627714053,171825874,2008219277
7,5,2,4,10407,325723621,-793281304,1669326289,1943826823,-778341927,1633179282
8,5,2,4,10407,-2079552933,-1523139891,916009647,1360855673,-1097025240,-1949377199
9,5,2,4,10407,-1319888419,-83576533,-155628636,-600696869,-2040937268,1269795260
10,5,2,4,10407,474949827,818015147,1867311004,180257068,1070691146,-1997736404
1,6,2,4,10407,838598788,-1776740974,481499875,446910492,-1950935223,-1704682882
2,6,2,4,10407,728814818,1935364164,-1048662970,-390550090,-1804011522,-134805979
3,6,2,4,10407,588187170,-1088705093,-1155670140,934882234,1802775595,26078369
4,6,2,4,10407,1699774488,-2056917313,1029682697,-311208872,1464370056,95147164
5,6,2,4,10407,-982815003,-1083278535,19814924,-48879814,1505118810,-763373703
6,6,2,4,10407,115810009,1712847491,292275897,343356921,-694922134,179764872
7,6,2,4,10407,-1215884403,-1395657585,560301732,-1586724659,200279731,-1061368866
8,6,2,4,10407,-394651829,-1404927349,-987705213,744678612,-591393508,-235235426
9,6,2,4,10407,-1568610743,1084805061,280586071,1016657386,-571179049,1442910217
10,6,2,4,10407,1723381853,741957936,388052677,-1615564554,-2068328043,908091590
1,7,2,4,10407,1846406832,-395228257,-1810581264,-922050089,1088189796,-1354153090
2,7,2,4,10407,-1134211968,-857081514,-1039621827,821695423,-672918015,2063012698
3,7,2,4,10407,1930933251,1347739390,1986857837,958852749,-1688279705,1640174350
4,7,2,4,10407,-24666745,287092606,1686437438,-313705867,-1967093353,-241223310
5,7,2,4,10407,1624667146,370678809,-1566735272,-396325231,-356952750,1166871169
6,7,2,4,10407,812606163,-2119748153,58418287,-1339337876,-1175446211,1754265484
7,7,2,4,10407,1593600532,-134675796,-1915131959,-1911932103,901880079,31829981
8,7,2,4,10407,-1064999169,-1854265441,1279775207,-702315459,1747689233,-2068786105
9,7,2,4,10407,1518908694,1092697746,1895469946,1806694013,-1062969447,1784361726
10,7,2,4,10407,1459756005,-1375457448,327254301,300816681,-1480116776,-1211501132
1,8,2,4,10407,521475068,1137511264,-1254645220,-1552017146,1929727975,-1254118281
2,8,2,4,10407,-2054506462,-977414966,-965748862,1070210516,2107422901,1869769646
3,8,2,4,10407,1493153392,787155598,780602478,-1309585158,1869859286,1952285763
4,8,2,4,10407,-420037409,-361073143,-273152179,1747505338,1791011805,1774831813
5,8,2,4,10407,-1133720587,-614540500,481125245,-1459800333,755487133,-890401323
6,8,2,4,10407,-402795222,1539984239,-385471577,-408394116,-1200298730,731113257
7,8,2,4,10407,-675911508,-375827814,-935325906,-560150134,1409515599,-222254199
8,8,2,4,10407,-763615228,-1565584806,-1272880363,327300951,-1658035940,2123813280
9,8,2,4,10407,1594762870,-1398155064,-402574657,-556558879,1599644972,2138569221
10,8,2,4,10407,-1301176785,1689329919,2074129692,1486230376,-1114129551,-1449607749
1,9,2,4,10407,-173635693,-1208324022,157895622,-875893705,-660973251,-1003650120
2,9,2,4,10407,-1309984557,7721403,786698189,565848820,101685426,1337895935
3,9,2,4,10407,-1835141573,1179875253,446985430,-499947802,1852789137,-724520633
4,9,2,4,10407,776870953,-142616637,-693318754,1331239542,1398774966,-1276689784
5,9,2,4,10407,872361918,-357843100,831250607,-679520147,-1974719184,1161067263
6,9,2,4,10407,1006345008,-1217547565,-1829877127,-231599681,1833029208,-1163684637
7,9,2,4,10407,-2138748669,2028652876,2096792667,-2048008832,-1090521934,-1562926632
8,9,2,4,10407,-1854540882,-1412456816,525552384,-1357834213,-1818622775,-143825055
9,9,2,4,10407,816265245,-540787334,-1462238764,-1583647606,-1832260178,-94587802
10,9,2,4,10407,2094865871,375273372,-204509003,989581540,-1939435524,-838878437
1,10,2,4,10407,-2116652136,-1596806281,421653822,-506639756,1363876429,1361876792
2,10,2,4,10407,704790978,-1605174934,997754862,-1147741505,1042808001,1758474597
3,10,2,4,10407,-1872832620,-1725089975,-74774385,160151294,1716162078,1491515965
4,10,2,4,10407,-1318986850,476298250,-614736201,80642213,-1182370864,-1537932452
5,10,2,4,10407,-1005291277,1181858446,262346580,1370433881,-301643723,-1964628512
6,10,2,4,10407,-506323173,-2028313077,1127078735,-1195147117,1569744902,155265711
7,10,2,4,10407,-577160235,731028408,-504334900,-131157424,-1251911305,1103080324
8,10,2,4,10407,978179488,126565769,2057682539,-1544207120,-1555905203,-2069683290
9,10,2,4,10407,-595869291,746515176,-786051095,-1389253788,157184405,158181810
10,10,2,4,10407,-1861972711,-1982003196,-1271789282,544987939,-1361847748,-1610040234
1,1,3,4,10407,-423241448,1885723554,632623354,519325187,-9541621,-1579222239
2,1,3,4,10407,1062678629,1262837402,-905647210,127075460,-844050004,-1008910548
3,1,3,4,10407,2117350617,1372793863,694800484,513578672,650160071,980603615
4,1,3,4,10407,-206252776,1659776240,-293744916,355672677,-969359438,-369006789
5,1,3,4,10407,679253072,-508046108,994374017,1684795736,536273113,-1769049269
6,1,3,4,10407,-1911281677,2112150693,-268409115,1991913146,1774189134,-1911213603
7,1,3,4,10407,1020152505,-1292393958,-63027015,166525324,-940624696,558499956
8,1,3,4,10407,-1299886166,-692513529,2017618110,263558000,-1135177494,-156569987
9,1,3,4,10407,743195207,-1955755341,2020240378,453509156,-1880834748,-1408996056
10,1,3,4,10407,1253908047,-1890342523,-1483028726,1370648768,-1919256093,-1619018863
1,2,3,4,10407,-203624690,219404128,1990715136,138803544,-696117249,-1066626428
2,2,3,4,10407,-396272000,173662131,946298323,-69148943,-338772940,-1244239525
3,2,3,4,10407,-1359835119,-446503426,2070782895,1019030040,-182573757,-1458391715
4,2,3,4,10407,811474974,-713077916,1537814818,1049377651,2117205854,-825697352
5,2,3,4,10407,1342620428,881880967,-1655756819,368363482,667337392,-1421593841
6,2,3,4,10407,-1529914182,1155917378,2108400092,856088255,-893839219,-2028430601
7,2,3,4,10407,-1654860907,-360289033,289904999,1428516278,-942714701,-592607450
8,2,3,4,10407,994450199,1432269955,1803524402,-2006406662,-555378913,-495572161
9,2,3,4,10407,-11035287,-93921993,-2010367681,-847040875,-754283853,1434227620
10,2,3,4,10407,1909390938,-2084508682,-761288643,1029539826,1721430643,-84989820
1,3,3,4,10407,275584339,1030647676,-761457282,1891271683,-1023377431,606647948
2,3,3,4,10407,-1829618975,-1454308334,1274485294,1108287502,113191582,1616138793
3,3,3,4,10407,1497799598,-1330080183,783938009,-1558228076,1386480052,-1283029719
4,3,3,4,10407,-167025256,674675108,-206447067,979029767,993032540,-1574766873
5,3,3,4,10407,414247803,-652013799,-834686607,679594834,-521679626,1939032283
6,3,3,4,10407,-2009999866,-1961654678,-1461658711,643251298,1484652424,489926025
7,3,3,4,10407,1521451221,-1761485878,844305408,816394547,2047967152,-72483810
8,3,3,4,10407,1770177618,-937648889,-1307453380,369838950,-553584365,1169488390
9,3,3,4,10407,865282220,1593760003,-17788438,-652381222,-1964853826,-246950005
10,3,3,4,10407,1371567947,-955067281,-1012480589,-38959142,240569946,1412459291
1,4,3,4,10407,-529495387,1024115970,-1963211305,-2010981252,-1850765938,-532059159
2,4,3,4,10407,223146222,2013570337,-403447243,-1962945187,1486738282,-638026593
3,4,3,4,10407,-1623047136,989188383,1627286673,-1960385232,1405280938,2051835889
4,4,3,4,10407,-1000433613,553888439,1730259344,1571649323,-45045773,-1654231517
5,4,3,4,10407,-641143717,331114372,-1759284996,-618027972,-430938986,-851218893
6,4,3,4,10407,1145268865,874012461,1325777619,-322594306,763993855,-6803610
7,4,3,4,10407,-2027297467,1901539608,38116467,-1121431299,-339700277,333951403
8,4,3,4,10407,-1067911078,-176250901,2119007449,-1805216166,2030754895,-1492974780
9,4,3,4,10407,-1066922114,-2011721491,2011611121,-912861491,-241610956,2059626941
10,4,3,4,10407,504497972,-441973059,-1449287687,-1091214478,654636918,363045028
1,5,3,4,10407,-1823668935,545355409,-402758117,-578286446,-320207532,-133223863
2,5,3,4,10407,-1187869427,1374202158,-850528097,1773258563,476788751,-37250325
3,5,3,4,10407,-1031567834,1839945165,-365139988,1571747022,-1270566735,-1849024544
4,5,3,4,10407,-674314024,-1134303712,-1028923812,481198185,-1021439286,200157122
5,5,3,4,10407,998658748,-306346610,-1922663457,533491307,-1891724501,871733608
6,5,3,4,10407,-954110672,1155285756,344097550,-1219981333,443525359,-1630107559
7,5,3,4,10407,-1026911363,-1162415620,1555595123,-1821724352,-2090769036,1413332564
8,5,3,4,10407,1422998786,-743654804,1652061669,-1874715439,-1388047348,-1022952625
9,5,3,4,10407,-829352995,120966974,-1710783915,-1810730237,1955893298,-1722086904
10,5,3,4,10407,307727530,122667560,887525033,-1991992709,-1974894059,1989013154
1,6,3,4,10407,-1918746675,1283683541,1076983373,1163410776,1143137140,1202514264
2,6,3,4,10407,15020803,1113933422,2138948411,1206334370,1531636232,-1066083520
3,6,3,4,10407,1604033395,-1863819487,-72195894,-1662689687,678225644,2098286039
4,6,3,4,10407,-1017098118,-857642278,-1961334864,-466898564,-1565079563,444593959
5,6,3,4,10407,-209164229,1401011244,1140335031,-582931068,835867496,1585642179
6,6,3,4,10407,-1230861526,-1700207992,100734113,-467216911,-1738496079,706282506
7,6,3,4,10407,2006605851,2145318857,963689666,988033125,-926107973,2037593286
8,6,3,4,10407,1178976912,1354795431,883543224,1636895326,-680270880,-1185770037
9,6,3,4,10407,2081730209,1493023979,1687848177,-1201737310,738583825,1943602896
10,6,3,4,10407,-116566888,1343325085,83753086,211644394,-1814951923,-372883060
1,7,3,4,10407,-1351118946,1238690288,-1978120744,-555459972,1474795179,-1218385274
2,7,3,4,10407,989064272,-89702318,-1747130695,-12539554,-2065246762,-1867106560
3,7,3,4,10407,-1919597471,-492831442,-1439481506,-1892366972,-1783294512,-1614852132
4,7,3,4,10407,1902084664,-842106846,-394861286,-1683705283,-1101622224,-667552542
5,7,3,4,10407,1479380481,1275796832,1622705666,-632377870,-206844674,-1596287399
6,7,3,4,10407,-577812530,46246679,-708067968,702638169,-1529372076,2005132508
7,7,3,4,10407,252922272,226657568,891231986,-130671238,-1006301603,305219796
8,7,3,4,10407,-885481979,1196056606,1950266899,-452034490,691927363,684519444
9,7,3,4,10407,870351520,-1673572549,-965237981,980270682,-190763434,-1954792099
10,7,3,4,10407,431162187,881164364,1782353589,615580965,-632842869,-490055283
1,8,3,4,10407,-1388940864,221855200,1036852446,-1074290501,-973097974,-1149637976
2,8,3,4,10407,-1011724133,1059171054,313250464,347011384,-1613138068,-1425918826
3,8,3,4,10407,367367508,-287807039,771898096,-186149286,1969914435,1362870906
4,8,3,4,10407,1670380165,-496407896,1372291289,-1426954830,-1004609054,388414318
5,8,3,4,10407,46077430,-1075932763,-808688762,2145174387,954446290,-516280988
6,8,3,4,10407,-979763546,-1650046446,1229359592,-19469607,-1763281531,-1284085285
7,8,3,4,10407,-758721695,-1013489553,2058932365,837792340,255433226,-1279403970
8,8,3,4,10407,-927415291,1791009518,1736610650,-1919104913,-1255671319,-1760565290
9,8,3,4,10407,-1537832886,-916290491,1349745800,-934551097,-1562528017,1581405291
10,8,3,4,10407,-128874522,-358778835,351141747,-1193550973,-1705574784,-705252109
1,9,3,4,10407,360795647,1891646012,18924221,1366948139,572480188,-523714417
2,9,3,4,10407,1269241108,-1679210882,-1726034987,-1630526806,604778901,1904718237
3,9,3,4,10407,-452336682,1279588393,337734877,-128641663,1674061275,1321295416
4,9,3,4,10407,2029702393,-2136347627,-1750875985,1444738119,1267363301,1028227879
5,9,3,4,10407,194080858,73119575,1811713517,944690561,1857528043,-1453899073
6,9,3,4,10407,-1804738143,2106685976,-1058371995,-111044068,-1620851484,-1553976611
7,9,3,4,10407,-1845995333,591877334,1189586269,-1727707024,720691141,-2012837467
8,9,3,4,10407,-577440416,-874766259,-89093089,-480424324,153121896,1895465724
9,9,3,4,10407,-273350562,112439049,-1933562964,-1263348655,-50625534,-1535646554
10,9,3,4,10407,506222852,1809281347,2137868960,-586134634,-972924090,-432474634
1,10,3,4,10407,-1245317674,1470261164,-1024370341,1500876090,-612160576,225049070
2,10,3,4,10407,1394087546,-1413696911,677478580,-1616249976,-1562302353,-1019667807
3,10,3,4,10407,161547539,2094938766,1991865409,1619153106,-259188122,-1393367026
4,10,3,4,10407,160776726,-479537795,882632909,1118889750,1704693088,-1033405956
5,10,3,4,10407,595383419,-2105185056,-1677306335,-514653778,-1999225819,608635019
6,10,3,4,10407,-1235366725,1652641268,1427241401,-1438681536,221898743,1003610257
7,10,3,4,10407,497979133,-1327888286,-966398072,999138605,-121565023,-64467693
8,10,3,4,10407,295030816,-1552955141,-540315629,904363692,-1238183067,401503147
9,10,3,4,10407,1430496772,-97994571,-2118574569,-1490454966,2093078586,982287914
10,10,3,4,10407,972051144,1413871299,1275941570,469492173,188700173,1709914587
1,1,4,4,10407,1188822193,-772407143,1570052139,1723942500,202252039,-1476284887
2,1,4,4,10407,1516921712,-1155615370,-991061426,1017544267,1130553902,732115056
3,1,4,4,10407,-1417790683,-562779937,-565251252,1263660278,-1444715099,2094068669
4,1,4,4,10407,-1774224123,-950034469,705646250,-1518834486,308290757,-469526768
5,1,4,4,10407,2082484930,1868155331,553521712,1176559723,1899611237,26366464
6,1,4,4,10407,1271647614,-2064143097,1475349195,1188874523,1994338551,-837916123
7,1,4,4,10407,1599740811,1424691313,861717353,970528923,-1695897457,-562172699
8,1,4,4,10407,1855245092,-822163415,485890197,-1511718736,1252991356,-899166842
9,1,4,4,10407,292547520,521448924,-1384023259,-1114714754,1333730686,-2122458383
10,1,4,4,10407,-513893991,182802380,808479895,412985551,407228944,-1434891435
1,2,4,4,10407,-692447721,1898265934,1855555357,-956521908,-586053262,-805614865
2,2,4,4,10407,-1127249783,-1544640399,-60362221,-1619663580,-1293723517,-2050688736
3,2,4,4,10407,-518721682,-432705703,-305737432,532159362,1576678532,-2001747987
4,2,4,4,10407,1887447212,2122005814,1314724516,-44233711,-424608462,1998442584
5,2,4,4,10407,-1175010824,258316890,-580454294,-1747773965,483611147,-653601422
6,2,4,4,10407,202771487,-549127877,470676901,1610217890,-954940910,1999534860
7,2,4,4,10407,721209666,430149733,2048537231,-1780491469,990133469,523883052
8,2,4,4,10407,1864298551,1927208880,-941936475,815366503,-1261100622,1257431649
9,2,4,4,10407,-1635362802,94477282,-2077279718,-1329512415,1370272464,-878720687
10,2,4,4,10407,-1325102853,112857378,916602902,-828899886,-1059297523,-1649137960
1,3,4,4,10407,710191882,-1480526335,22034529,-761198860,-1909683091,1738118115
2,3,4,4,10407,26529744,1793155373,-1751309358,-316992793,-1656703013,-83686031
3,3,4,4,10407,1153839796,31246623,79594532,1591672087,1441528637,-188459993
4,3,4,4,10407,-600493001,-529651000,1425206349,-668753029,-1315555424,2026939329
5,3,4,4,10407,1679211693,-1061232660,-1104938436,-751879534,-1397883707,1824367403
6,3,4,4,10407,-455950125,1744004475,1868666145,1698166362,1900882565,424762301
7,3,4,4,10407,-516959452,-1522746050,-1860223240,512972535,1739425084,-870567403
8,3,4,4,10407,165590181,-449733723,2094804344,572073310,-20562021,1411795774
9,3,4,4,10407,13608388,-755681701,870970791,99976515,540315618,-1577121874
10,3,4,4,10407,10767446,930113245,-503823464,-594324473,2106547319,-1839364275
1,4,4,4,10407,1030351648,543903995,-877528443,1042259149,-829594241,-1486750889
2,4,4,4,10407,-25116262,-431179946,-1013131707,616065172,939137442,-730095839
3,4,4,4,10407,-356874707,435849217,696942082,2145804589,-1978429310,1584439445
4,4,4,4,10407,-1718480306,295618829,-1087209438,-1252382822,-1300144064,1538192941
5,4,4,4,10407,1577918212,-484717248,336023008,-1801151740,1581170696,-1769814081
6,4,4,4,10407,-2109316051,428210402,-1964884711,-1346956495,114008262,-881940580
7,4,4,4,10407,-238684,962178410,-497706784,-746815004,-2001709939,-1134710214
8,4,4,4,10407,1979336354,462456185,-444219986,-826274126,322721982,-536547469
9,4,4,4,10407,1213999096,924441853,-1571830428,1643499116,-1778709710,-1593365724
10,4,4,4,10407,2010763518,-1364156206,1986767540,1698997352,1336964302,663765435
1,5,4,4,10407,1883238097,-855261938,-772775257,-1032409054,-1466077183,1699383539
2,5,4,4,10407,358256948,-1442480154,-1657143367,1075417474,-1231385761,-1332929588
3,5,4,4,10407,-740863783,-1262516858,-796807835,-1157284781,1410302466,-159002649
4,5,4,4,10407,452597633,-1761186921,1722138750,-872120107,1085562923,286692113
5,5,4,4,10407,1866351843,1139277478,-568472527,-429520129,-1654974199,-828302941
6,5,4,4,10407,-399634296,-1634497163,-2077450057,322481988,1794066739,-1021633975
7,5,4,4,10407,970390875,1748797177,1069820815,512677081,1362372676,-300183969
8,5,4,4,10407,-207705226,2038571611,969900962,-1745290625,-2000242892,1105130418
9,5,4,4,10407,769747233,202663924,76889534,1761051228,1872680501,455652805
10,5,4,4,10407,-1152468051,-1774195881,-1978120626,1445424611,-1159131929,1356264991
1,6,4,4,10407,1708833026,-1125284444,1089260042,-1463551131,-981226911,2078959477
2,6,4,4,10407,113059113,630754509,-1818136443,955938939,-1125132966,-1655362984
3,6,4,4,10407,1903153759,-1895745158,1307382974,1862445733,522151901,-1919319853
4,6,4,4,10407,1044204245,650126305,1611999050,1421597586,1890817196,2054148738
5,6,4,4,10407,1073074632,144152365,-216754890,-352910496,2059487640,-240591237
6,6,4,4,10407,819284061,-1288709381,962191687,1732992286,1159851385,-983029565
7,6,4,4,10407,91102179,1571867379,566444039,1356619600,824934014,1009955984
8,6,4,4,10407,1126986395,1343997840,974504880,-1835440649,-1899429341,-551047795
9,6,4,4,10407,1465277051,1978051247,2060404436,887669872,-1408225028,-1132906897
10,6,4,4,10407,1664297087,-933858917,844908797,343821305,-2146651428,1704140964
1,7,4,4,10407,2144646681,-1380417458,-412921922,-1565698205,570169577,1793817098
2,7,4,4,10407,694725657,1437506688,1597349848,1787524214,1506909136,84069322
3,7,4,4,10407,1457307010,1201556515,-455296546,-512956256,-1799688020,-1011161308
4,7,4,4,10407,-1466138150,-1994109023,1074793720,-1537297599,1757301673,1295455172
5,7,4,4,10407,2019897340,1528403265,-1123845385,-344680821,1549777594,677304537
6,7,4,4,10407,-7886831,-1627631129,-409296480,-1833082477,-1971732766,920738788
7,7,4,4,10407,1575855426,75055720,1368845000,1293037551,-826850780,714082345
8,7,4,4,10407,705348550,2069512185,152800731,-58915953,2060255636,1978943071
9,7,4,4,10407,-970057928,-1756253560,-71407141,-1890608702,-747976195,-1194276682
10,7,4,4,10407,-1141231826,-196302095,-1933789950,-1714000857,2130096305,-773220208
1,8,4,4,10407,-795820403,-672147771,458293780,-1139606317,-2029270490,648436411
2,8,4,4,10407,43231161,-1493469007,-905812944,-1850092438,1931963747,467596585
3,8,4,4,10407,-2137844097,-1730898869,-2058313523,101374492,-637558475,-1413619123
4,8,4,4,10407,-1849274057,595622023,-1515290386,-1667366886,-1586266360,799590373
5,8,4,4,10407,-2018719728,-1827129682,2137609899,-832775105,-363690339,1604134096
6,8,4,4,10407,1103063889,111242165,-391287930,-175326469,-2011875179,-1705515069
7,8,4,4,10407,677121725,886657102,-745284745,-2139087689,-20653707,1357620098
8,8,4,4,10407,152326438,1208297729,-385136997,-1692279674,-823828358,1476863728
9,8,4,4,10407,1408614867,-159396312,-878489281,-1879768025,-1356572515,1389924808
10,8,4,4,10407,1423136708,2007137792,746782177,-230720759,960497787,-1546110912
1,9,4,4,10407,1067122428,-790618772,44912727,134878297,1956832563,286084589
2,9,4,4,10407,1270138905,1788625168,204673169,-1398770309,-16367727,1687910118
3,9,4,4,10407,-604047173,1995059916,1643411375,1276180290,1376157893,-767154511
4,9,4,4,10407,-1603929450,1153745322,1465312890,675981878,804232290,-1496509264
5,9,4,4,10407,-110088477,-1018051476,1270543341,-736170234,-1154949667,-784414170
6,9,4,4,10407,-1168490131,1898540187,-409103334,806335541,1949656186,824959513
7,9,4,4,10407,1293448315,599952787,-1066625352,-649798291,811036140,147879848
8,9,4,4,10407,500100599,-466759475,1379220227,39134795,1383463735,-1910551000
9,9,4,4,10407,-895124698,-891014820,-926248170,1705217448,630023706,-2071725502
10,9,4,4,10407,1127794581,-125824355,-921315969,-2004612255,-1589786416,595938372
1,10,4,4,10407,1059529880,398097829,-1419901493,1853638103,1498387545,912866140
2,10,4,4,10407,-509265181,1672231263,-1914895675,-845085339,-1936092652,-1781802647
3,10,4,4,10407,-1854182637,1049810976,631881408,1349916065,-842854081,-1841497750
4,10,4,4,10407,-1094694021,-1807751119,12482721,-533868160,695844775,-1931696706
5,10,4,4,10407,1682188918,-1343197367,-1264734599,-760848983,270950361,373601889
6,10,4,4,10407,1248608743,1925263559,-404170832,-240281861,1145014756,-836513554
7,10,4,4,10407,-1020376835,696671315,-1972578747,416097110,-195377651,-993277744
8,10,4,4,10407,-560555841,-666163385,567873578,1336971173,1272517698,-2020463445
9,10,4,4,10407,5408949,-194847536,1828450888,504294944,-1544404349,1224868974
10,10,4,4,10407,2120945923,1956830296,-1611940001,-677273705,1306619195,812427201
1,1,5,4,10407,1919705745,-1735377017,-1344176656,2017593870,-1246399441,1021477908
2,1,5,4,10407,-2093553959,1905791992,589136258,429565105,-60307593,-1507418198
3,1,5,4,10407,-1711282767,-1152962745,812586750,-1719496563,1669096942,-1921786159
4,1,5,4,10407,896933445,1217994083,1011397124,-1281581511,-552853372,-210758057
5,1,5,4,10407,1100423911,-179702015,-694781956,-1978286554,750871189,1889002147
6,1,5,4,10407,90135060,985142626,-694956226,-158302290,-2048828504,609471225
7,1,5,4,10407,-1784352990,-1899155062,-605546198,246978398,1133472908,1651570564
8,1,5,4,10407,-483611336,1711238218,1384534603,-1350800569,531205381,2033711580
9,1,5,4,10407,1897092795,-1836315753,-1289667238,-2069864561,-482881148,-1636625655
10,1,5,4,10407,158693084,272569719,-770718645,5581476,-1468160080,-1934709245
1,2,5,4,10407,-1691596701,1562995243,1499178456,-255689127,-1458678285,-931274440
2,2,5,4,10407,1444370450,1664363949,1508478687,599171579,-1241953223,-1922080327
3,2,5,4,10407,-1780690145,1220611062,913656595,-589949413,-1597891087,-1501678936
4,2,5,4,10407,-1694590686,-70858238,-851444596,-449586473,2031096330,636802090
5,2,5,4,10407,-1579517911,368297780,155013244,-1728873296,2094874364,1156667955
6,2,5,4,10407,2016797163,-1055216883,-506512137,-238188269,184188293,1737943886
7,2,5,4,10407,-551278956,-861050072,2036924098,1550376625,1863803829,828425608
8,2,5,4,10407,1150326205,-11915268,1111094337,357178023,-186633202,-1786610428
9,2,5,4,10407,976951828,-1639408107,249849302,2026827575,-501084591,688384908
10,2,5,4,10407,269314854,1641418556,-570787182,1359718218,1495369970,311283898
1,3,5,4,10407,1774774773,2008562664,2122013140,-2071553030,26708106,1091524599
2,3,5,4,10407,-1267633996,1035871825,479760438,477714816,-1141526226,-288918625
3,3,5,4,10407,-1147215099,609484704,-1933413559,-512654360,-417583059,2107387936
4,3,5,4,10407,-655434896,1971068641,-441424200,1657119004,-537847745,1358018505
5,3,5,4,10407,-215445120,-800903436,1734832665,-1976885898,325304105,1159570239
6,3,5,4,10407,-300705709,1692866378,-1659530601,-61665469,-215342203,-76008442
7,3,5,4,10407,-269882295,1064707843,1369435375,-1596847530,1889416765,136288036
8,3,5,4,10407,1943471915,-452202581,1936154702,-2126042423,-1441788843,1740024042
9,3,5,4,10407,-1333024157,-1738336658,-1782679444,1858459525,2007849672,-1721806516
10,3,5,4,10407,-917076000,-1096070408,-1850513317,-618006109,-538421207,-169286481
1,4,5,4,10407,939340848,518307798,1232718616,-998841206,-533183083,802677860
2,4,5,4,10407,14779032,1460900860,-1322843954,-109744616,-1725122651,-605639141
3,4,5,4,10407,794252859,-1815621149,612695608,-1542145140,1440408361,-330175354
4,4,5,4,10407,771250086,-1013949065,95767261,2133424256,929878228,357016017
5,4,5,4,10407,1646710441,2013566602,-2006926840,-2099135463,435263896,1247929788
6,4,5,4,10407,2099343948,-1634976686,-1446983610,-2116620573,-896929093,117714403
7,4,5,4,10407,-1075189966,501596331,-167022446,-2126303260,-2051927808,-312935432
8,4,5,4,10407,-1700430608,-744466642,-1790183719,1784533303,1811240739,1044937552
9,4,5,4,10407,911202499,-506107490,-815217075,1330430780,-1435740261,844633649
10,4,5,4,10407,-1175116421,859186736,1480110644,1803123492,783631526,1432574914
1,5,5,4,10407,2102876562,-648569295,-59756653,-1182006216,-1150025439,845060630
2,5,5,4,10407,-957725602,1342193185,-31190263,-298148365,-1129130353,-1428060765
3,5,5,4,10407,1589238376,2016816554,-2049288670,-288300270,-1079288687,1498162867
4,5,5,4,10407,2109905957,102627141,-300219676,1669495279,-1951420016,-1412155181
5,5,5,4,10407,-1552166269,1685911532,-497100353,-84442423,1399167034,1335714774
6,5,5,4,10407,-1994024482,-876731940,980491053,1832207533,807074302,-388596482
7,5,5,4,10407,2064719316,-1294071597,-1397334838,-1970752196,1760502403,-1496064995
8,5,5,4,10407,873657591,-707053554,1266378975,-1992613395,1458133519,841558737
9,5,5,4,10407,-619947316,818583527,-907067096,-1068131001,-1724487306,1498494399
10,5,5,4,10407,-1498692361,470291191,-1290822439,-1614932051,692203036,-1900292139
1,6,5,4,10407,1486231196,-1423015822,1044403880,2074012451,1362392702,1487095144
2,6,5,4,10407,-320984345,-1844260480,-1983936714,-371039877,739906943,-1434580497
3,6,5,4,10407,-2113321827,-751545873,-1639338489,-2093309409,1495467221,2046637519
4,6,5,4,10407,501070928,-1043406848,-149133472,-1551765388,1302533739,1363232068
5,6,5,4,10407,-909600104,983445630,1885482576,202663669,447946903,1290906880
6,6,5,4,10407,-1207394622,-506353113,1726553945,1172906087,-695988715,-600820685
7,6,5,4,10407,1022553383,1123403398,867508569,481784188,1587171095,-805811265
8,6,5,4,10407,-1264791040,1311293457,1908427523,-429737031,272064094,1984345789
9,6,5,4,10407,-460804436,1920486112,2122972599,641162639,845263165,202079435
10,6,5,4,10407,-1178197989,-1462711086,1084365298,-1484210483,-1639104379,-1115096033
1,7,5,4,10407,125355147,-222447911,-1009160768,-1041255656,-1703531375,1728947563
2,7,5,4,10407,1554638401,3648196,-395082115,-1572806758,-2051983844,779630146
3,7,5,4,10407,-1221375993,-1562471632,-1242026608,-372898503,-800367935,1811471918
4,7,5,4,10407,589194295,540957784,-241901548,699804670,1867081538,801224713
5,7,5,4,10407,-2143326555,-805501481,-967046772,-336407454,-1408667384,1278756842
6,7,5,4,10407,1656291981,818252026,-231770105,-686475832,1453800163,-1180956088
7,7,5,4,10407,494206473,1415060487,1969799719,63010905,507658872,885564369
8,7,5,4,10407,1751120626,-1880894668,-1417754456,538866934,-307097189,885879535
9,7,5,4,10407,787992237,-1382625984,751948097,462411502,-455458649,180417383
10,7,5,4,10407,-1200707973,-1181222666,-914187008,1093018087,1622137985,-271636596
1,8,5,4,10407,940032745,-1338089442,-1502375281,1808315405,1820101834,81236154
2,8,5,4,10407,1889271732,1388113845,-1264435687,-1141156363,1175608642,1644761131
3,8,5,4,10407,1806180057,-1383452256,1709388805,609952601,-1296171347,1055391441
4,8,5,4,10407,592995649,-682245956,-825663693,614852355,-775017202,321445407
5,8,5,4,10407,1870647274,125549808,-1289039637,1868529767,-806558543,1080887840
6,8,5,4,10407,-4755500,-371276646,-608776717,79443854,957843208,-667887381
7,8,5,4,10407,1089770120,-711677794,1612585860,744334767,1450840552,68231869
8,8,5,4,10407,521982476,-1774340579,-807702623,-2044030516,18094928,-1794272737
9,8,5,4,10407,1961738576,-1186745486,-951848764,676760081,433196239,1952268585
10,8,5,4,10407,44298264,1277738701,-447873471,356852627,-643017990,745929035
1,9,5,4,10407,-1026108089,-752936810,-1808073268,-1480595335,1269836687,-214376111
2,9,5,4,10407,-808124231,-1802868176,-584744592,-2134874689,-562646203,-1973459478
3,9,5,4,10407,1887035338,780576443,-691711059,2073004029,-111938894,-407516089
4,9,5,4,10407,-1415361363,554113491,31416403,-2123827364,-513998093,-157503673
5,9,5,4,10407,1950197301,1174139980,-836772794,1844886555,626699753,-846939332
6,9,5,4,10407,1894755272,-927794060,1402989681,2072033766,403296044,-1690183617
7,9,5,4,10407,-823429999,-184641628,-408691799,-1286937877,-1366494135,1997214299
8,9,5,4,10407,1788164640,1686881907,1131496057,-1044548793,457834366,1910444714
9,9,5,4,10407,1219737452,-2008083100,1644384699,-971437841,1530704829,-45789544
10,9,5,4,10407,-549433183,121946988,1313160563,-474631881,643232292,265481004
1,10,5,4,10407,-371728315,-761035955,-1003675775,2079199836,-499850814,-1085796714
2,10,5,4,10407,-496852150,454669542,1124685075,328346588,119126073,205847091
3,10,5,4,10407,1271404781,17061590,-280681095,-153578862,-1334981889,-1169044386
4,10,5,4,10407,345669010,632289964,-1920940566,-1865918417,1198951266,1981967595
5,10,5,4,10407,1667549073,77767617,-1592719523,1229204700,-2048358689,-1881765869
6,10,5,4,10407,1955695011,-227555241,-182915104,849576415,-1204235096,3590197
7,10,5,4,10407,-882890489,1667428585,-1905621598,560147501,-796403621,-624119580
8,10,5,4,10407,-1463043946,-1674323372,-1933826595,1016051072,1726318718,1784527944
9,10,5,4,10407,-1722828069,1704594136,1864123080,-3461019,466277922,35093830
10,10,5,4,10407,-359348596,846908884,-1471930344,-2056373375,421291541,-1109097047
1,1,0,5,10407,-1678467210,62208431,372439414,757872922,538911427,-1374638433
2,1,0,5,10407,-830286756,-59844986,1828219202,642205697,-1258084135,199438902
3,1,0,5,10407,234179154,947343816,-799756562,-785601609,-1085081382,2062694598
4,1,0,5,10407,908332123,-2145890154,1443041854,1313134953,1431474576,-1625791664
5,1,0,5,10407,240577079,1197473446,-1744989521,670547629,445960219,-2027651785
6,1,0,5,10407,-1014404226,2039790217,2135008801,1325318639,-2018572578,2099818008
7,1,0,5,10407,-505229103,-1536677459,-1749813927,-1019565235,385893695,1566390649
8,1,0,5,10407,-1417942611,-466494487,1715426308,1845719693,1689946484,-2109581188
9,1,0,5,10407,1662998665,1619037329,-826318192,-1651285853,-1311867206,1434991578
10,1,0,5,10407,-836297184,-304471272,-468151932,-328925477,-1142667900,1042443576
1,2,0,5,10407,1491609969,1645824176,1438676754,-589427023,-1582849794,1154255960
2,2,0,5,10407,1050060818,-2027157935,-220174582,1409888885,-1101711288,-1900672310
3,2,0,5,10407,1214414432,-503312984,-2098457798,1427357390,925957506,-1725516273
4,2,0,5,10407,289010646,-1294781761,767003962,330756983,-1659567370,325784002
5,2,0,5,10407,507568629,-1475760836,2043084667,1405854090,423778120,-1262551923
6,2,0,5,10407,721967210,2062023989,-652177419,-1988012458,1725028040,792541890
7,2,0,5,10407,993520640,-32413782,-1679028851,259939535,-1986641142,858723534
8,2,0,5,10407,-1607217401,53548756,2014210937,1253891812,25255188,-31302355
9,2,0,5,10407,2045662643,1547839941,-1622405401,1084137193,-92327777,1910349976
10,2,0,5,10407,-1815113810,-1671014016,939477804,-1241925738,797589621,1544981641
1,3,0,5,10407,-1029089666,-182989317,-1446268605,-1724688820,1924250873,-883541125
2,3,0,5,10407,1642618370,-1847169847,-1615573656,2140662096,1372932926,-1173735561
3,3,0,5,10407,28050255,-2036721683,-758065761,1194695872,-397292771,760715777
4,3,0,5,10407,347241611,67442142,-1036517931,-255221014,1735433089,-404868201
5,3,0,5,10407,-76368408,508140584,-898983258,-931331957,-433709362,-105375349
6,3,0,5,10407,-1173760050,489133598,1504577935,270984216,573079689,405125336
7,3,0,5,10407,1314859064,-1458697772,-1014395511,-2011495442,753829940,-1017756593
8,3,0,5,10407,-1447087258,1248453794,1453570200,-1070402129,-526889435,-132286587
9,3,0,5,10407,1926518893,1857835369,-286657956,-815758148,862949672,-861073154
10,3,0,5,10407,-502055184,-263658953,-1493095798,585330882,306993797,687322272
1,4,0,5,10407,1255972941,266044718,-595201762,-906508822,-1412535390,-791500964
2,4,0,5,10407,-1444033562,2010193347,960992997,941808056,-942286441,1812887036
3,4,0,5,10407,-2093086226,809013154,-1294967130,-1209536721,1432300558,2023364773
4,4,0,5,10407,56641763,92330161,-2009928978,-2019517769,-675215626,-993371966
5,4,0,5,10407,-653882626,2100098381,-215925166,-1897997738,757802012,1604183622
6,4,0,5,10407,367750604,998116188,-1228042538,-794695113,-682409922,-937906976
7,4,0,5,10407,-1168188009,479199000,1142171704,386442413,420112790,-335664204
8,4,0,5,10407,-90469972,1610004577,379322715,285330528,701462107,1891179796
9,4,0,5,10407,952724146,-1517480113,1257152596,-1379837872,1410900084,-2112595710
10,4,0,5,10407,-1607813766,2055721355,311543559,1460955619,1830678854,-75957162
1,5,0,5,10407,426191832,-384281021,559885624,-1951700236,-1270207893,871760799
2,5,0,5,10407,-1055540770,-1414495453,1843125318,-1897836828,-937260562,-328411981
3,5,0,5,10407,1089445263,-818248011,-507623007,-836244269,843244620,-593615311
4,5,0,5,10407,994842608,-1182469645,2094769698,643420654,-1459638370,-1023613386
5,5,0,5,10407,-1366827827,-1242377393,1556715367,-1014298785,1681988017,1937327521
6,5,0,5,10407,1867428112,-2103282699,109187630,577429388,240937652,-1645871765
7,5,0,5,10407,768227,-1944633851,-817608016,932654555,922285657,-135266320
8,5,0,5,10407,148769459,714966430,-511228602,-588692055,-1952112979,-2140835414
9,5,0,5,10407,1615133409,696442417,-1628746131,1809988606,-1346283016,-1728691453
10,5,0,5,10407,2008401961,-1030240890,-1801508439,989811985,1428210074,-1790880613
1,6,0,5,10407,-131211109,239521815,-371444175,1185553024,453812924,-2036591679
2,6,0,5,10407,1521217550,1811531296,-215130075,-88086933,-1056367490,-715386943
3,6,0,5,10407,301299653,-1563023975,-561917905,1566920730,255912473,-1303922071
4,6,0,5,10407,-592333519,-383972603,-1594783350,-391869932,-1297042678,1088396366
5,6,0,5,10407,-300562869,502848051,-1184599805,313814471,825109621,131802483
6,6,0,5,10407,-981021543,1463213976,906781311,2059893296,-1811127857,654657642
7,6,0,5,10407,611166062,-1205889066,1668790087,-1142592200,1375613422,653338485
8,6,0,5,10407,-1013962469,-1808167933,-1007050972,501890612,-226339083,306738552
9,6,0,5,10407,-341275637,1307472597,-96291478,-75867914,-1286275089,-1800116819
10,6,0,5,10407,-13545069,433432717,1749529353,-2145315097,1427053539,1162937128
1,7,0,5,10407,-1266012387,-1703913318,699502908,36394940,-1236143208,-803826984
2,7,0,5,10407,-819156452,1668008320,-818317277,763590355,1231319423,-304314202
3,7,0,5,10407,-2110220925,1145590215,778291456,-154434686,422277570,606297975
4,7,0,5,10407,-491068617,-632134970,251364121,1782201551,1004850920,-1882779966
5,7,0,5,10407,-774465386,664961172,361461450,1702608425,1835503768,-1004198944
6,7,0,5,10407,1741532619,1165518423,1382325924,1747014111,-1451566894,-1504766829
7,7,0,5,10407,-828709974,909580060,-708704119,2047771704,-1627898213,-1953878497
8,7,0,5,10407,670809425,438970358,-806987969,95110554,575278304,1137984324
9,7,0,5,10407,-1199943332,-268483893,-1054716276,-148434212,-234038479,-1027424436
10,7,0,5,10407,75394451,-522694458,143416000,-1359814125,-1159543412,-1298674454
1,8,0,5,10407,-258520182,-939101334,-1329880272,467440635,642935335,-1272813602
2,8,0,5,10407,566853395,-1029333111,221672187,1984520932,284172378,345672576
3,8,0,5,10407,-67035331,1442349917,961739854,-478363242,1817749479,-1616012620
4,8,0,5,10407,117351330,1230545074,-1745778861,84919897,-1966160397,-2022887263
5,8,0,5,10407,971515493,884930529,1254876112,484662906,-2101620172,1713518963
6,8,0,5,10407,1429480610,1237981744,-1384167886,-623793945,2029634590,467550649
7,8,0,5,10407,-1120466881,481489256,-220004916,1298401815,1947404669,2091466300
8,8,0,5,10407,-855609123,-1201069404,-703322320,-1485238378,1300690157,-1865643853
9,8,0,5,10407,-1478231426,-1838112055,799826515,-1242059250,1008268215,156676391
10,8,0,5,10407,-1459125336,1959185998,-1620355530,1801046894,1642913537,-643336171
1,9,0,5,10407,47578805,1799341480,199425101,415927400,-979479349,1241986637
2,9,0,5,10407,-1749960596,-1668606631,-952439715,-2080695280,-533708734,1660729999
3,9,0,5,10407,-424228430,-1975999530,-1624813825,1926987555,1416893671,1983476688
4,9,0,5,10407,398248148,-2069092867,159986959,1899941091,2035077060,-357598598
5,9,0,5,10407,500113387,-795767020,-1706599712,-1018029189,-615076103,1435588157
6,9,0,5,10407,1804372369,760253654,-547079959,-1487159213,-768633559,-360571291
7,9,0,5,10407,-1800061684,-934262059,839263306,-938172272,-1321325937,-681101077
8,9,0,5,10407,1345401304,-879828870,-812210748,-922309101,-135293889,290598752
9,9,0,5,10407,-983726872,-572287593,1604468897,1030457666,1374814845,533054524
10,9,0,5,10407,-1462001008,491288242,-243312929,1210128340,-771551425,1779612925
1,10,0,5,10407,964110878,-1914519461,-1696440743,-1426986169,750008100,-2074623769
2,10,0,5,10407,1138210232,-2105040640,-162351826,847488541,152261177,-624801368
3,10,0,5,10407,-316956095,1658225001,728051205,-1901635304,-1944476269,933013310
4,10,0,5,10407,-1260536252,-266707802,-604855561,-741460319,-816673732,250313217
5,10,0,5,10407,-4402205,-481431713,-1358383789,-1002625627,-170380636,1393790211
6,10,0,5,10407,-235903492,749532872,-1942542360,-400805155,-377719481,827818494
7,10,0,5,10407,752771626,-1370910713,1238570884,-1864881324,-170010801,-36315756
8,10,0,5,10407,55720083,-1772547973,-1712116279,-1770773011,-376358925,-2073166401
9,10,0,5,10407,-764133447,302070878,-1422222284,-1757369649,45899281,-1210368323
10,10,0,5,10407,934090755,-2123214921,1464103368,-563710190,1911754844,853529910
1,1,1,5,10407,931264193,-960370480,-1717402818,-1635216138,1031456125,-910036266
2,1,1,5,10407,-929295238,-1436230629,-387263963,-1151003401,848761027,-1405763
3,1,1,5,10407,1446077133,-2081358951,-1812876030,575596540,538429747,215008516
4,1,1,5,10407,1701922707,555957803,-1652390610,2049203900,1588311517,-1638843168
5,1,1,5,10407,1083735830,739789625,1730782168,1943090119,-1893352626,852620170
6,1,1,5,10407,-1474749294,591479,515147708,-1848270628,-682524231,-34795259
7,1,1,5,10407,-125519975,-288843164,-1213520871,1833744788,372314855,1590628825
8,1,1,5,10407,981878664,-626715367,341098960,-45567622,867757553,1446911090
9,1,1,5,10407,-1303305756,508107487,1503973751,1509510495,-771300569,2060654264
10,1,1,5,10407,1697318890,652173478,69831995,-1527545497,2020840983,-2113916810
1,2,1,5,10407,-1757501965,704462513,1568692732,1028272769,1912775188,370574254
2,2,1,5,10407,-420865692,-1146216921,1030571762,234466612,-1498329387,1312856087
3,2,1,5,10407,-533989629,-1381763027,1013933312,242798134,2130833179,244746736
4,2,1,5,10407,-625733384,888807839,-1538530251,-1723622140,-598719441,-351055029
5,2,1,5,10407,1793582090,-1124320577,-2003424146,-452400643,1105858609,729969330
6,2,1,5,10407,-696180582,-2063997621,-1519311320,-772143768,-1351619981,152891745
7,2,1,5,10407,-2134906857,-1557504469,-1010364474,1804136868,292497284,1121682666
8,2,1,5,10407,1090336159,1474573469,451898057,1929424642,1884656463,1263513765
9,2,1,5,10407,1472604852,-393466846,-757901134,1693063096,-1216899537,1259560607
10,2,1,5,10407,1541102344,-2093646472,2118820643,-817116840,511339043,-301591947
1,3,1,5,10407,-1231137128,-1902460328,2049721970,1474123267,-939455503,-1175875009
2,3,1,5,10407,-1370788545,-925730198,531425318,1353143028,391353595,-938496733
3,3,1,5,10407,123091200,2101981423,210448327,-143079805,-96239041,1606650867
4,3,1,5,10407,-1229888564,-1226393661,-1044707165,-1597826392,-1506223187,-288787975
5,3,1,5,10407,-1346538822,-747129883,1422800557,758936765,379545102,-1754115364
6,3,1,5,10407,1292752467,-606819313,-1555932060,-1433371041,1607535748,625009916
7,3,1,5,10407,-1426871568,-317899747,-1875062016,-1912555958,-156703716,1434983773
8,3,1,5,10407,-41582671,976763078,-624824203,1430259808,1919537315,-342197975
9,3,1,5,10407,-1267597276,-882324599,-1714031808,-685183707,383949917,-1513814945
10,3,1,5,10407,1932469333,-686524961,1165019500,-1951217173,-1410347537,-503769817
1,4,1,5,10407,1876939365,1857155937,497197505,1976648596,-497696777,-469722151
2,4,1,5,10407,1982696472,1917293294,-850337313,-1318916222,-199147687,826220995
3,4,1,5,10407,-799912304,-1707059096,-683350639,382021117,505625833,1155961787
4,4,1,5,10407,-863078540,-557114853,764649546,299151395,-1281939849,1278974417
5,4,1,5,10407,-671161826,1878422864,1810983709,-364148386,-657772681,-1234076117
6,4,1,5,10407,-2073488209,900863591,-656514867,1093132755,-1288575250,-2078556304
7,4,1,5,10407,1271179978,-2020725909,1361430650,-1097009476,-1506317013,-764413378
8,4,1,5,10407,-264731858,-1842440303,-1445399358,-1364737113,-2109931769,-389817166
9,4,1,5,10407,1695112296,-823125346,124921103,-2014208665,-858328332,-1910946793
10,4,1,5,10407,2089849044,-460098453,-1830197440,-1238164761,94021586,989345286
1,5,1,5,10407,-1174741287,-1210964513,-2094958287,688952596,1854464535,-1775855068
2,5,1,5,10407,-1476449992,76914118,-293033122,-79182232,-812217056,-526570697
3,5,1,5,10407,-199128281,-1765816636,-678218690,380857475,2119536855,-922931466
4,5,1,5,10407,1160327570,1651939647,1154325332,-856472740,-1118866697,-619834
5,5,1,5,10407,-2143218175,38791867,2035935642,333327671,-598458367,1662580939
6,5,1,5,10407,-1230905422,756846131,-2069683835,11146374,1452003305,1748514068
7,5,1,5,10407,-808063229,1379809087,1209093439,-620893460,2097866458,-458409275
8,5,1,5,10407,477401929,353858629,1422163770,1737575092,-1581117371,2084243919
9,5,1,5,10407,-1324437838,2130408999,742707966,616739694,1356443063,-1437312713
10,5,1,5,10407,407480519,2041247372,671217016,1454863735,2042530682,-1404156210
1,6,1,5,10407,-1045388339,556921436,1245824885,1156649457,-1395353512,387446769
2,6,1,5,10407,-1884391258,614536856,2002964807,-698586630,-1655098286,36308815
3,6,1,5,10407,1446487662,-1380421608,-1332371537,-1874400237,1778955683,-1347755164
4,6,1,5,10407,956866456,-795218385,1398300564,2122450628,-379548639,1075439092
5,6,1,5,10407,972662474,1344954926,-1887538610,-991809144,998338183,-1593646440
6,6,1,5,10407,-128684629,2008059615,432694987,1277787878,124629845,-1294878649
7,6,1,5,10407,-1163203307,316730993,339672548,1818219206,-828111095,1774895509
8,6,1,5,10407,737189696,-1296564948,1452706857,389458129,1287315573,573068350
9,6,1,5,10407,1627769057,-1428825938,1619363699,-642860341,-1976287882,892003687
10,6,1,5,10407,1864243897,-1611671898,-1946242123,1038940395,1651561497,-914148593
1,7,1,5,10407,-1329095759,-560560227,484305338,-1409193361,-1043889396,671398925
2,7,1,5,10407,-1525842549,983426065,1753557756,-683751438,1729974061,605040476
3,7,1,5,10407,1181167298,-1874685535,1712516081,-911461544,1261763059,337640260
4,7,1,5,10407,-277428831,-296030684,232654922,94448081,-2037221324,-2106956068
5,7,1,5,10407,192720632,-502408105,541359877,327085473,14306640,401299007
6,7,1,5,10407,-683309673,-1794845740,620445896,-1992565090,2023915272,1762437115
7,7,1,5,10407,-1549236583,-1231671561,1696438663,-599880038,579937285,727700047
8,7,1,5,10407,-1334883997,832631202,2046066672,-1606419376,1773173791,-1296360175
9,7,1,5,10407,1681052048,-1754552397,-591168842,1663217382,1173188254,1936173061
10,7,1,5,10407,-202370984,-84185179,1814773189,1399571517,-357788099,-478409271
1,8,1,5,10407,-497981202,-329704919,864919646,-906350835,818689952,1779422689
2,8,1,5,10407,692920151,872272529,1012805761,1679927392,-665359783,-824609880
3,8,1,5,10407,1295776688,1697730024,-428009567,-940321938,1054213455,847007992
4,8,1,5,10407,208733361,708988904,-856839320,-1309196959,1703390091,-402691237
5,8,1,5,10407,-1334989307,303737000,694207729,-217631768,-732263743,-865305195
6,8,1,5,10407,-1426941156,-1171614772,-1881427318,1906240352,1263192080,824908066
7,8,1,5,10407,1741468861,937191621,-1612583867,446835282,1576006027,-1276494975
8,8,1,5,10407,1985524589,-1100538121,-527599169,706404687,632593889,92845693
9,8,1,5,10407,-1162973393,1492154769,2130341885,1922930499,-1482012141,-1033434434
10,8,1,5,10407,81193988,-1252190003,1754084644,115436579,-392036786,712574727
1,9,1,5,10407,-473764217,-1991312087,-438542480,1971017272,-2136886498,-240514357
2,9,1,5,10407,560015032,-1352028965,-1594177990,-71223291,862703829,2138724844
3,9,1,5,10407,2095305249,-754962624,388309126,729607058,598259108,-1871589159
4,9,1,5,10407,1454384112,630219758,274782218,864013955,1902929897,1675673132
5,9,1,5,10407,844240059,427026901,-1954612234,-143239301,927127902,348023489
6,9,1,5,10407,-2125459938,-1424597145,-772269799,1341533018,1700316194,1075063576
7,9,1,5,10407,-1908279566,-1446054577,1939938454,-2050551232,415944788,-493025142
8,9,1,5,10407,-1565532417,-779376057,1408043295,623656716,-954693885,1224607206
9,9,1,5,10407,-1316187734,315422866,-39255140,-868719142,-192756166,660289361
10,9,1,5,10407,-1947695961,-858243873,455611160,1974171523,2129794728,935900795
1,10,1,5,10407,-36453120,-2065669781,-1911064589,-135391148,829081773,-33025959
2,10,1,5,10407,-236502047,1227171021,-468508343,-140512217,292543851,1755637636
3,10,1,5,10407,1988853708,2129914319,-188872288,-943937646,1335496860,248677452
4,10,1,5,10407,-149987344,-677879133,1252056240,-1480570778,393783393,-74811617
5,10,1,5,10407,-141353379,430208540,1456629393,-1719648179,-1677976839,227023558
6,10,1,5,10407,-1995084723,624225341,2008843724,-938744378,962535319,-1871018753
7,10,1,5,10407,-1891272473,1767507789,-1716694346,625742183,-314749790,-574504838
8,10,1,5,10407,420268193,-534213957,-1450059057,874103719,-1614412629,465925136
9,10,1,5,10407,773658086,-1460373986,-1291214252,218251133,-584942127,921394556
10,10,1,5,10407,-1150259603,-1399478135,1430194675,-1621055202,-2043207988,-74252853
1,1,2,5,10407,-1980610745,753704855,1372118815,-1119392382,-1527479786,-994778895
2,1,2,5,10407,1485149472,98743491,-1784655664,842187332,796123290,-630608521
3,1,2,5,10407,1085129043,-818600128,-1937106187,279319992,-480972425,-1800062578
4,1,2,5,10407,1558086885,67773058,-440334183,1981998359,-259611526,-1816167976
5,1,2,5,10407,-2028320701,1962807466,504828751,-2012682570,969987036,-1063639321
6,1,2,5,10407,-1162157494,418615290,1818365172,-1742780955,-1605393936,1234643946
7,1,2,5,10407,-160660525,-1537967231,-1009471202,102842422,568166911,810782884
8,1,2,5,10407,83635540,-1801554524,-737537268,-104284225,-1759997684,781422264
9,1,2,5,10407,-1974012191,1721363447,977681695,1571568230,652588378,1580266736
10,1,2,5,10407,-1146175225,-1810418793,-1720355113,-1078470375,768197452,572609211
1,2,2,5,10407,-1951623190,1789788592,1778969983,1977266152,1046434230,-1130189931
2,2,2,5,10407,-1546681781,684915808,-1294601376,1759108626,-475467026,331809945
3,2,2,5,10407,809817457,-567067874,-1056034371,-151102579,416980286,904879253
4,2,2,5,10407,14357656,809786830,-1949649512,1509510406,186767854,1900583880
5,2,2,5,10407,1120817619,-1661020229,-1962567965,-705065367,-52739920,-1249926782
6,2,2,5,10407,-1255109452,-1213424093,-1142317474,872560874,-2038137699,-1926394604
7,2,2,5,10407,-1875955521,706349662,-343250859,-226111488,1050921015,-197574053
8,2,2,5,10407,1752770683,1470141450,-636507826,1413507743,1234611896,256871376
9,2,2,5,10407,895997486,1345838660,-895794953,1671980728,-136523325,1512177912
10,2,2,5,10407,-1817896652,1057044854,-491643018,-2125845686,-1999407720,194776350
1,3,2,5,10407,366790819,-836201759,1634905823,63732033,-680868994,-1554947587
2,3,2,5,10407,394794677,92074624,1535359939,-314018846,-915111484,708698946
3,3,2,5,10407,-1971338209,1331026314,286002574,-848550265,-2085661305,1889732903
4,3,2,5,10407,-364073502,-1812412345,2043497031,-538001327,-831226254,1074224104
5,3,2,5,10407,-678843565,-1258729240,1382303460,2078711015,-667258528,-1753960554
6,3,2,5,10407,1913800364,-1041840971,-1202695931,1305446733,1541602424,1589565653
7,3,2,5,10407,-1025464429,-2035810435,451339328,1678566099,-138724223,-1196278751
8,3,2,5,10407,-917692767,-343240624,-2091805204,-348408391,-485544877,-1668737405
9,3,2,5,10407,1141719615,1824777691,1730959711,-236821164,38898402,18848337
10,3,2,5,10407,888198844,-1522609979,427637794,-1775358238,1720460470,1051066720
1,4,2,5,10407,-1270271169,2110499093,1817160,-1195726541,-1432392340,-51830936
2,4,2,5,10407,-1297913257,-1565487438,705234655,-175247748,-1930119705,-609986109
3,4,2,5,10407,871304505,1749221473,1458258908,-222009930,779611164,1473958125
4,4,2,5,10407,320369306,-1696331665,1809589208,-896379048,1738968366,966270195
5,4,2,5,10407,-1470552682,1927834078,715604913,-983732601,674363033,-1137076806
6,4,2,5,10407,1992773796,-1833158181,2019389398,-1815289488,-833815033,-306829205
7,4,2,5,10407,-932868115,-806590159,-197446010,718310052,-496313420,1615260660
8,4,2,5,10407,1246772397,1388001973,294963774,360774570,-60099764,1270962841
9,4,2,5,10407,-626027780,-1250280170,-1296234133,-1322066914,218043424,-1054900836
10,4,2,5,10407,-1807861143,-2414657,-2082786343,2055136399,-2090610067,1416338769
1,5,2,5,10407,-1382780275,266059089,1381578189,-1680096358,310757208,-1781477538
2,5,2,5,10407,-678180999,1309749911,832592725,-78308470,1662893902,1242077884
3,5,2,5,10407,-1732437466,-2129690043,2097582000,-868703614,1870102196,-263941087
4,5,2,5,10407,1464738524,1492178820,1645124975,2082759306,240627746,1338665053
5,5,2,5,10407,-1923595254,-1156136899,1164600316,-1303430737,-290156450,-772338149
6,5,2,5,10407,-599622799,-93775171,1814939968,1993458195,1840964074,-1766145834
7,5,2,5,10407,80182258,635017855,-435855270,-500597219,-1060432374,-1814948770
8,5,2,5,10407,163087846,-33738561,-2030997823,1071285356,-1519542555,-1015880827
9,5,2,5,10407,174394203,-1506427210,-473987648,-829319,-297247438,1680834880
10,5,2,5,10407,-591542805,-1324997327,-1573787101,23365192,1328631707,-703797249
1,6,2,5,10407,-273006693,-1626656552,2011195455,2028242734,-533561303,-819725049
2,6,2,5,10407,-1652253078,-1141638933,-1216349605,-1379003672,-1314760993,-765442463
3,6,2,5,10407,1398888192,-715776158,-780438103,544335587,-305078686,-313884804
4,6,2,5,10407,-252943234,167579559,-1619463891,-1887229847,1728402267,-1419763111
5,6,2,5,10407,-1234669444,-659772782,1981559217,1949206919,-1009701381,-1013776330
6,6,2,5,10407,632592446,201955964,-795186219,1268524529,-762049932,-553437350
7,6,2,5,10407,251795370,416916286,1082907080,-2109760035,1876808071,-1872997058
8,6,2,5,10407,-1194171243,1678754221,500279250,-1065640137,65502235,264085110
9,6,2,5,10407,-114125097,993350195,-9909350,771358636,-606645371,-1761878420
10,6,2,5,10407,-949164445,-117513993,-1958019541,1221871121,-1252723097,1494744090
1,7,2,5,10407,229202552,-1201858411,-1988955785,-1708947424,-1760682274,-777159395
2,7,2,5,10407,-1409394441,-1562031009,795987973,-637219015,-1854047969,-2032144745
3,7,2,5,10407,-1252593505,-1890869254,-1851616973,46197146,1551581532,-1588354742
4,7,2,5,10407,989979007,-1414601689,-1616393043,1190865120,-493027326,272912147
5,7,2,5,10407,-698572722,-1110340959,-2050779979,-882087539,1384212268,1170992743
6,7,2,5,10407,865120363,1140297375,-78558102,743647038,-1411966426,1498394615
7,7,2,5,10407,-545477075,-885889512,-4136296,260648452,-487942882,914890770
8,7,2,5,10407,-198370245,945592948,400442030,201997006,1536075824,-1563302108
9,7,2,5,10407,1101002888,1625838953,1419177768,-575379768,-808548351,-242714007
10,7,2,5,10407,716673413,-484220090,-1428092608,-1828436157,1563601215,1397938444
1,8,2,5,10407,-15812977,-1378660053,1007414705,-1985021436,1911349148,842326067
2,8,2,5,10407,722285096,-323305872,1666392842,1997130621,73585506,-985752316
3,8,2,5,10407,1122661534,1311424181,-226081615,-1720500209,-707917903,-1525513106
4,8,2,5,10407,1236488754,1567209534,1622213433,-1597008623,-1477229390,-1453124431
5,8,2,5,10407,275893612,958636625,674708502,1376409408,1194794685,864974105
6,8,2,5,10407,470024066,-288218425,1725415594,1037026665,713789103,-912258604
7,8,2,5,10407,-743135585,926079448,907621894,820048985,2070519339,1873130857
8,8,2,5,10407,-1695319891,-1323878316,-2061163046,-874898582,-500858418,-568737702
9,8,2,5,10407,393911842,1567565403,-1409434367,2081939944,2039854443,331210295
10,8,2,5,10407,-1522417059,-156280653,-1083170642,1305856734,1163440717,166760391
1,9,2,5,10407,-660572430,931965195,201300697,2080099438,-565482440,1662539681
2,9,2,5,10407,-1213219014,2007571437,287307654,83958265,769437422,-1104718505
3,9,2,5,10407,1066005848,304137233,-270299694,982414939,-523144038,1084700041
4,9,2,5,10407,-1094128616,-1486865290,-675411698,1925220887,-866140915,232846140
5,9,2,5,10407,-813589243,-844527674,1469433131,513128534,-1344173937,1212612329
6,9,2,5,10407,520099079,-1806950019,-910479143,-897255275,-1491811771,-155411549
7,9,2,5,10407,324281317,-1054613282,1344466127,-241463782,-889359917,-1772994869
8,9,2,5,10407,162193949,961475846,-1123113465,-1551181500,-1361994591,16708051
9,9,2,5,10407,2015414989,1549530448,-1222613852,976056234,-2041483978,-1071189209
10,9,2,5,10407,-559280123,-1624294918,279677694,1979921246,1845598944,-1030314862
1,10,2,5,10407,1224851159,153870724,-1447960612,-602210975,-982413364,1211025480
2,10,2,5,10407,-413563664,-4468117,-164834482,1667623710,2137479662,-467367723
3,10,2,5,10407,-1592554517,306608339,61309997,156876480,-1412388133,1845104576
4,10,2,5,10407,1210953230,1270767957,1713315123,50278338,-1366039658,752044281
5,10,2,5,10407,-791024162,-1327854350,1886846195,919065993,-1238748276,1994409606
6,10,2,5,10407,1780987718,32414232,-1546848571,-1364265651,1723590584,-373380359
7,10,2,5,10407,1816045439,1469786333,31825018,290579775,209444567,191983716
8,10,2,5,10407,2135269401,1237968560,-263512491,1439859058,-203514872,-2105785601
9,10,2,5,10407,-1186383288,-2141573287,-1111642989,1296251725,1273028096,-809842010
10,10,2,5,10407,-1786053760,-419498802,-847464305,1060743480,1790448588,-34905451
1,1,3,5,10407,-149094848,774384732,-369099946,-321100865,-1376636949,-1170339564
2,1,3,5,10407,619446653,1290351944,825492056,-2040731218,-354332054,1002499345
3,1,3,5,10407,-952276803,-1587871256,1125211726,-831159900,-1252760626,-941860532
4,1,3,5,10407,-29381693,-964383850,-2067861413,-1320794851,-881564304,-362991546
5,1,3,5,10407,-925558500,148518718,-1499355152,185916047,1978104588,-1031581120
6,1,3,5,10407,1572549101,-1587704045,-1811693080,296423044,35226466,-297175456
7,1,3,5,10407,639697810,1992935620,1556229575,1070447810,1060525776,2002936197
8,1,3,5,10407,1583755645,-283405365,687263191,-1645387187,-1288243675,-1781269921
9,1,3,5,10407,769050764,-7506722,364464705,-1839429937,128818794,1896601753
10,1,3,5,10407,-1591897755,1900153756,741715565,1244163896,423707200,278933591
1,2,3,5,10407,1340812663,1901049184,1439266963,2071129407,-2074584372,-1005022390
2,2,3,5,10407,406283922,-1802450726,-1993223983,-1548529231,1700796618,330396546
3,2,3,5,10407,700501944,444945202,1879929270,2026108470,-512615033,1625629843
4,2,3,5,10407,1596964573,523762657,-1690943547,1673995849,943824037,1121313309
5,2,3,5,10407,-1385314874,-256048212,-1880162013,-949964502,-30524334,238117550
6,2,3,5,10407,-1298811426,-380902082,1009857228,-404586311,1898594095,1411511497
7,2,3,5,10407,-464414366,578920153,-384319588,1805703223,-1362274612,199647588
8,2,3,5,10407,1634643344,-300997834,1228316542,-675273553,1695740061,1350853299
9,2,3,5,10407,-247968843,-589896624,2015990504,-1033441043,-1271601959,1795710620
10,2,3,5,10407,-459665876,-288733449,210790898,1140730440,-1704712776,737913601
1,3,3,5,10407,-57486523,433696856,756039714,397121268,1764432249,184080257
2,3,3,5,10407,306004960,818784681,-1811060533,-1690811880,-642450968,170425684
3,3,3,5,10407,728317288,431364829,-60477522,-1635518684,-949761004,-126050181
4,3,3,5,10407,-647405168,-427537016,-610880382,-103116792,-1299805249,-964524171
5,3,3,5,10407,-136960041,1829223067,145803371,1802889800,-1337383233,1697618543
6,3,3,5,10407,1337954647,809254116,-310194501,654546646,1613977718,-708740239
7,3,3,5,10407,295905354,86321305,-1271840048,1215032578,-895774399,2140321977
8,3,3,5,10407,-830024219,1164780993,1008434773,-265801993,312631600,-2079381836
9,3,3,5,10407,1295231090,291489879,1877080038,-454332230,-595376135,1535895151
10,3,3,5,10407,1032262446,-1292582513,-611274670,837826711,1245571336,911133305
1,4,3,5,10407,-106149704,1038057216,122905267,1884330270,-1459957465,-926704144
2,4,3,5,10407,648043293,-1346358147,474120768,-60913948,-1397084204,-825501933
3,4,3,5,10407,938572240,-966124124,-265129359,894017009,1132788733,893336913
4,4,3,5,10407,-734710770,203619984,1103687685,1478749539,-747076191,-1768730516
5,4,3,5,10407,1923835698,-836105743,1094662814,-1620936072,499456292,-678149219
6,4,3,5,10407,-2013447924,-536560746,219945685,-1375602689,-806421373,1419638008
7,4,3,5,10407,-221163889,1715970814,-398681931,859494097,673317502,659075549
8,4,3,5,10407,1703421265,216366127,-1562931710,-1524810597,294181908,-935339582
9,4,3,5,10407,1475341100,-66667627,-1350238946,355934981,-1497965506,-831947079
10,4,3,5,10407,1457142372,-1662822892,1483374654,-1603721628,1367477966,1568626051
1,5,3,5,10407,702604880,312560855,-256530708,1443601835,845799098,-1410764310
2,5,3,5,10407,87291627,-2126423582,1621919189,1233398312,-893855725,-1271993693
3,5,3,5,10407,2043205548,-826495908,997724235,-1175977266,1706155720,-1913295927
4,5,3,5,10407,434255681,937252749,-263529058,-6985159,-80401732,1500965464
5,5,3,5,10407,-268673352,1249677814,-963072379,-535184284,328353203,-1281561384
6,5,3,5,10407,1156201290,-1455672983,-359181472,-1851566087,-1845942084,-666240290
7,5,3,5,10407,-262028816,306792774,-364388243,-1998687369,1284564142,1754646440
8,5,3,5,10407,-906640955,-566064617,968252727,1594555826,-1544167935,1050746052
9,5,3,5,10407,2002472072,-36015,1661201145,536475430,-2646092,1536219116
10,5,3,5,10407,-767119421,-431246463,1421708802,-359786174,-1960180310,1369058716
1,6,3,5,10407,693016645,-1173385768,-1726062484,-323213915,139677973,1038310404
2,6,3,5,10407,-1339660056,1837256178,-1945166118,35441854,707254811,1133074857
3,6,3,5,10407,-228548200,-77393693,-1732714983,1690630454,-1804989529,-2082911250
4,6,3,5,10407,410901841,1987228667,1222585271,-1670938466,886589635,271294494
5,6,3,5,10407,423360051,220670942,636031436,1499223297,-1654685725,-1197837035
6,6,3,5,10407,361761914,835291591,-1421705887,-1154179471,370070230,-2005716770
7,6,3,5,10407,-1330733779,1321543556,137766849,1188585683,-967556162,-436659758
8,6,3,5,10407,992015339,-1820636932,868719276,2039970166,204440084,-1805836368
9,6,3,5,10407,-11749739,799736630,-314513103,838013981,770831141,638133845
10,6,3,5,10407,1759342827,-1517184518,1115454819,-1767242023,1371139612,1346631183
1,7,3,5,10407,1150531972,-1123976165,-1028073920,99858295,526527341,71751132
2,7,3,5,10407,-1358921722,-792693621,-2032251688,1594442922,-300901332,47607746
3,7,3,5,10407,1932395232,1634982839,-1506651030,1237662830,-2065425855,-1705456491
4,7,3,5,10407,-2078358655,339164447,1017182798,-1688890155,260360375,-810579197
5,7,3,5,10407,1931882693,307967228,181349907,-1309277521,248604803,962302205
6,7,3,5,10407,-1893513649,-141876231,908317358,2031618098,-2014472091,793450605
7,7,3,5,10407,1773259961,1161308909,1274348964,1404979317,1513723788,2113698510
8,7,3,5,10407,987305672,847791430,1326559968,739041979,-16381320,1167850844
9,7,3,5,10407,210713103,1734758579,955958216,1484655912,891828988,997532869
10,7,3,5,10407,-1370276196,917284727,-2000749106,310898618,608544194,-482841098
1,8,3,5,10407,-311217998,90540629,1175203594,-170993046,-573186214,1371430681
2,8,3,5,10407,-1170453177,-464536957,-1227512961,-1693870873,1990469964,1994054242
3,8,3,5,10407,-1902918918,1591936821,-914986555,1597090210,231575315,547063054
4,8,3,5,10407,-21755899,-255752073,985407553,1483350698,-1433152400,-1459341913
5,8,3,5,10407,-530017275,1164118055,825920630,-276793514,-938149608,282065302
6,8,3,5,10407,-1818508169,-199909005,-2050925192,-2125128782,792601479,2072650556
7,8,3,5,10407,1405068802,562481886,-1141254999,1161190442,-568790706,-1181246830
8,8,3,5,10407,602482422,-692063802,-50724302,-1954542400,72441522,-1493269999
9,8,3,5,10407,636967144,-369891295,-1537899321,-1505043294,-710499227,1660181532
10,8,3,5,10407,-1074956807,-1623787682,-99125306,960821461,-596656364,-622975169
1,9,3,5,10407,1350620642,830432990,-1300544044,1165969002,2023173228,134802247
2,9,3,5,10407,745175250,1032623283,-1061660385,352997793,-1810668409,2094728970
3,9,3,5,10407,-937744053,122414501,-1797318502,-501343882,-2087146672,2106969571
4,9,3,5,10407,69550474,-656760918,1867845937,-1733465034,1590431760,1599117407
5,9,3,5,10407,-1912426876,-1555396622,1861173015,-479923856,1385843211,-271283324
6,9,3,5,10407,-948473473,349168791,2138425336,220440089,-1125544460,-1083571737
7,9,3,5,10407,1798540316,-1139538805,1280816266,2104777953,1757761682,-397566729
8,9,3,5,10407,-1189896119,211524216,1020827999,1330537053,475686277,-2018609734
9,9,3,5,10407,1649497501,-153816464,713892811,-151687461,-529349212,1766312827
10,9,3,5,10407,-1159310713,-1391491309,1313128691,1578370065,-341062505,-2089322092
1,10,3,5,10407,-1858317868,492684874,-500701808,207728930,-1012689826,2057431163
2,10,3,5,10407,-1823766052,1364557566,1076424171,-1991224333,-879864800,-1320025978
3,10,3,5,10407,1116096312,-766225787,-2078283905,-354864764,369844044,1167073743
4,10,3,5,10407,-1730951149,-1274922567,226596952,448292404,1043881348,-1825481755
5,10,3,5,10407,-58273919,1946574509,1701706884,1501668720,1854328130,-1336142017
6,10,3,5,10407,249037632,1575438279,1657784144,-193335106,-1699726273,-311740394
7,10,3,5,10407,-208344060,1579721125,1359446076,-1542004735,1033129783,640262147
8,10,3,5,10407,2140264,542721324,1774435717,-1749166959,-631285763,956735403
9,10,3,5,10407,1509825248,-1031203029,-2032624707,-230302783,-2021460135,-159834517
10,10,3,5,10407,530022392,132662010,-1034518291,389615790,1748406245,144263076
1,1,4,5,10407,-263544073,1279727210,-466487483,-2009918660,2027462847,1798554979
2,1,4,5,10407,-1442504291,343601139,1845523052,1237432751,-169417112,-644036942
3,1,4,5,10407,1547662629,1385568645,1212687886,1955008396,-1009269041,1871170588
4,1,4,5,10407,-1374264188,810629741,1865521705,292721159,1824924387,1883743203
5,1,4,5,10407,1099687942,1149065365,1207492589,1496467388,-1797379335,-679124859
6,1,4,5,10407,-532428183,-1313244785,1313783882,2079621387,964286969,2084935938
7,1,4,5,10407,-785732796,1325204592,1397257521,-2106728770,-1337353290,-2033883826
8,1,4,5,10407,-310423108,2106135809,1037475750,-1484898246,1921271414,-679349391
9,1,4,5,10407,1948496282,1414281553,279525626,816893931,-971676392,-878613106
10,1,4,5,10407,1761346024,-195900167,-208605597,648651618,-191863617,629036861
1,2,4,5,10407,-889993152,1165358429,-1361231072,-1103722884,-919794147,-1581387554
2,2,4,5,10407,-458937553,1221557223,-1304698264,699626466,-1341359547,-49590285
3,2,4,5,10407,38545600,1794308856,805627062,-799884875,1940422181,467358994
4,2,4,5,10407,1775908360,60442430,1814418426,1557188007,1354089590,166677306
5,2,4,5,10407,-1294862415,-2088798889,-16790342,657298013,-1745671904,-1257709051
6,2,4,5,10407,334526894,1675261978,387676802,-475426588,1085199027,423013849
7,2,4,5,10407,1181306918,-1466137964,-184777572,-322218897,-933178884,1703763528
8,2,4,5,10407,-732345779,-1199956610,-1566501415,95080007,-1076135413,110228730
9,2,4,5,10407,-847930241,-1897783731,952142055,-1359720906,-726803654,1962677247
10,2,4,5,10407,-1200173927,1196484197,23973835,-709536830,2090599331,888901069
1,3,4,5,10407,717132245,-1310152786,-2097577883,-1433868293,2128911288,-290927830
2,3,4,5,10407,1507999895,146512211,-1730118966,-636890106,-931912143,308489977
3,3,4,5,10407,95416461,-2126053244,-86370717,1021383495,-1500176371,-291372348
4,3,4,5,10407,-781574908,570657028,-923858673,-603652790,422678512,-725503726
5,3,4,5,10407,-1418210491,1068212160,61461427,-303704336,-1350743180,1531850249
6,3,4,5,10407,1472450106,693741750,-2123202277,-1201976644,-278347942,1469432274
7,3,4,5,10407,-155121270,-21157468,328144354,-120905975,-1317503939,-1535337308
8,3,4,5,10407,1074430957,866631466,-1417811011,480299463,1365922308,-1678150299
9,3,4,5,10407,1394119361,-1316513696,-1403463155,-1762738042,-202572021,596713468
10,3,4,5,10407,1072215697,15094455,346894759,-1576986097,-706799773,-1089137848
1,4,4,5,10407,47981573,-255227891,-1470438880,1042592768,394240642,-1877020317
2,4,4,5,10407,-1583707270,-518537717,455819603,-960355025,-1821810607,192778840
3,4,4,5,10407,-1259516746,-528286479,1117477392,-129367618,1167353064,-1653487170
4,4,4,5,10407,-332509559,791371204,-425816229,1360572945,358764189,1775658094
5,4,4,5,10407,-811510469,-23147663,769400792,-38747959,-723862163,-2129756758
6,4,4,5,10407,558816790,-939441064,1413595764,278000983,321806075,-950389173
7,4,4,5,10407,-1732998009,1206834954,-482955740,2051679917,1385820995,34385096
8,4,4,5,10407,-1202130977,782060579,2009671275,-1613784638,1975468358,1017107634
9,4,4,5,10407,1208088872,289301574,-1551333290,331659906,1040919462,-431659513
10,4,4,5,10407,1702397171,882148359,-1929838308,-1127579680,567391541,943125340
1,5,4,5,10407,-1674873737,1683559198,1752262393,750293634,1282250793,1875297304
2,5,4,5,10407,-122503967,-1566446752,499661110,1372286637,-1455637765,1056290537
3,5,4,5,10407,500802269,-303420927,-2115705738,-16066642,-113319307,-1908907731
4,5,4,5,10407,1318183306,-1459489934,706670443,1068244441,-1780116515,-1676708261
5,5,4,5,10407,-209619194,-375875524,215394665,32916999,699312846,288344740
6,5,4,5,10407,-1884596737,-473985175,-69104869,-1705398489,573300266,2024041813
7,5,4,5,10407,465892581,465962389,-432836364,-1259673022,-1971609489,-1774511592
8,5,4,5,10407,1669430076,1969492335,2074270885,-1260968715,-644373635,-840387485
9,5,4,5,10407,-2094236651,2014300617,-276514678,246225827,451792922,1296318829
10,5,4,5,10407,1127293242,-880321210,-765233095,2080592961,225168506,749236106
1,6,4,5,10407,1175443914,-855861449,439246080,-1569808531,-1453864208,716579758
2,6,4,5,10407,63531382,-1762154245,-1761031755,-1569815190,957059096,1109435432
3,6,4,5,10407,-420234749,1145923899,-1930340027,-354220145,734266329,448376323
4,6,4,5,10407,-1244341303,-1959973932,-9289965,-178861854,1543038438,1961380635
5,6,4,5,10407,-500407533,-1551380356,-1195828319,1730768669,598113731,-1775545331
6,6,4,5,10407,-477375694,113678850,1132622369,1950886168,231557538,-214805324
7,6,4,5,10407,-2076180257,-905130750,-1719222189,955816977,648441848,-1594258736
8,6,4,5,10407,358411271,-1006611944,785454445,-100069143,-775138122,-796096689
9,6,4,5,10407,-288291591,1252477996,824161880,-726814681,-1333360022,890342620
10,6,4,5,10407,159596055,-347813037,-1539611361,-1634450072,-1529667160,1822152350
1,7,4,5,10407,-2009499186,-669805130,1028647552,-1297338530,1478703950,-897577361
2,7,4,5,10407,10472182,-478791388,-1209047888,-172766132,-1623110909,261630629
3,7,4,5,10407,1790361818,220658182,-268576410,-1454782931,128070689,-1109993826
4,7,4,5,10407,1587823816,-272437847,968717708,-1118936601,1454313180,389910830
5,7,4,5,10407,1206853265,-169526499,-226377386,564282967,-1020850260,-658961574
6,7,4,5,10407,-308419452,114928456,-537619856,-493631681,312954777,-145716054
7,7,4,5,10407,226352419,-1754405173,-1134934354,-859887200,2026903509,1583829682
8,7,4,5,10407,-14948664,1310784267,-943787920,725803258,-1864297550,-1130203455
9,7,4,5,10407,2090225206,-2087444854,1492908926,-1661550715,2105199918,-1713643471
10,7,4,5,10407,91064712,-1451229258,1839739896,-2107972678,76762484,-656336994
1,8,4,5,10407,-1691213650,1311577551,347691504,1671751114,1116803011,668735477
2,8,4,5,10407,-1343258189,680967151,840971220,279061444,-748039040,1521996924
3,8,4,5,10407,1895520563,-1968030936,325339606,-610007799,-98844739,-1447220385
4,8,4,5,10407,832348704,1230078848,1040555999,-1903981938,1202866312,1394874535
5,8,4,5,10407,-1334459088,827678310,-1386893227,1911135231,173897746,-580351838
6,8,4,5,10407,-441131656,-662753697,-353961640,627460705,-1585857409,-1613301067
7,8,4,5,10407,1485741612,685482865,1404154616,-1484817148,683517072,829603431
8,8,4,5,10407,-1247458329,826094551,-1175121062,337075028,2127131314,179500029
9,8,4,5,10407,193303463,-1143321149,-1007632689,391003809,-1679802597,-436725680
10,8,4,5,10407,369054286,1866464539,-204504644,1240817612,1592717033,73448171
1,9,4,5,10407,-677181305,-1197461147,-588276744,-754335905,-1251263603,1815736464
2,9,4,5,10407,-1277775704,1545644576,438858902,-848586440,1695247025,-950915907
3,9,4,5,10407,1757905372,2112999856,-1042586249,227669191,-3039467,-1484364703
4,9,4,5,10407,1546024815,-633530452,234637540,1206585068,-1750067418,1088807784
5,9,4,5,10407,-1234012757,-1875742759,2052725797,-1523717507,-1114122712,-1928672863
6,9,4,5,10407,6140096,-494039160,-249410347,619800547,291204311,721407258
7,9,4,5,10407,-369308182,-588737908,-645793568,1271039387,817112555,-1726598355
8,9,4,5,10407,1934902278,-265312209,69313226,-995021984,-262955872,433104679
9,9,4,5,10407,808113393,2030804734,278652048,2062278235,-1870254513,372305902
10,9,4,5,10407,744799494,-164318939,1185835418,-1030469079,62676630,-400478579
1,10,4,5,10407,-1377642567,649514229,1238224829,-946821219,1377581601,-1500101055
2,10,4,5,10407,-1534704544,-1793322633,2035728344,-14439672,-657690083,1163711972
3,10,4,5,10407,-37743988,-1847497628,-83841972,969311648,199953918,73011878
4,10,4,5,10407,-1875461863,-723019431,-1467515368,-36416489,1639715600,-2056191090
5,10,4,5,10407,739490547,-946489027,-1656268083,-1027351406,-1421929395,-1919361665
6,10,4,5,10407,-611577349,-1301738941,567255811,382468710,2102026925,521419575
7,10,4,5,10407,1944802961,-1111341616,1319984620,-676196264,1264376605,-613344005
8,10,4,5,10407,-1164065100,-461720034,-1724950565,-1904249139,854358833,363775921
9,10,4,5,10407,-394901651,-275642450,-45616859,-1978828684,-1369800554,1151607488
10,10,4,5,10407,811970660,-859932397,-478284912,1540395830,-230679122,-244558570
1,1,5,5,10407,-1623960458,-1434988160,-793463010,-780744491,-805256940,-1431844558
2,1,5,5,10407,-522287150,40221787,-1035150483,-1725820807,1188434893,-1518536421
3,1,5,5,10407,664782741,-23527537,1219697384,-1831538378,-1185335764,-2088727076
4,1,5,5,10407,2123115750,2093661539,1349259132,-1545345373,1944249806,-1814871604
5,1,5,5,10407,-172600203,-1360446066,738868873,1469651846,-258040490,-1917188012
6,1,5,5,10407,-975360222,368521434,612342496,597239395,-240662008,1289849591
7,1,5,5,10407,365547477,2049286834,755983048,-835738023,2113968671,-924738138
8,1,5,5,10407,-823293387,1950090597,-2098280876,-29668329,-1115444261,-397898351
9,1,5,5,10407,761276201,-461480282,1558882530,-580366549,1570033467,-1825522813
10,1,5,5,10407,-160353881,-1402129659,-684797544,1788329686,-417517744,-1918936572
1,2,5,5,10407,-1126710191,-394359081,784768743,-689386800,-1583000100,401662151
2,2,5,5,10407,1078334319,233767023,-738794570,718928232,186406722,896289417
3,2,5,5,10407,-108930172,1796481307,690710034,-1214602023,1172419231,-719121277
4,2,5,5,10407,1787854958,-394518513,-1025376903,794977023,577990928,-2039922573
5,2,5,5,10407,-1413801111,-29034091,1366679199,-540701635,254163273,1093022752
6,2,5,5,10407,1716381360,1270109336,1955279349,1423797311,818100973,-1924294480
7,2,5,5,10407,1677256887,1329938969,-1383492286,-928865705,343059898,1252290359
8,2,5,5,10407,-1213394248,-2125467023,166886828,15384365,-594246865,-2090882765
9,2,5,5,10407,1489702999,915092182,1684061790,725776343,-158849061,293503823
10,2,5,5,10407,-1007203305,-1444940678,893288150,1653022706,1528184801,736311491
1,3,5,5,10407,1291299158,1166989142,-1627245656,1095881845,1075655716,-1862383591
2,3,5,5,10407,-1789684859,-1042581342,-1858531815,-845247632,2083417075,1514899816
3,3,5,5,10407,986472944,-1373877926,-190918356,1913533309,500113597,-308930155
4,3,5,5,10407,1605029573,-1789091540,-1998644223,902567678,1841672279,-395472689
5,3,5,5,10407,-1894237356,855603415,1541555553,1141845462,1344410977,-157557853
6,3,5,5,10407,-1203614237,-20934429,250682201,228840346,-523825580,-1813182566
7,3,5,5,10407,-2129887989,-1710880704,-459865833,-1222893988,1192676768,250469860
8,3,5,5,10407,717904192,-1209051076,1563271150,1357298359,-678900171,-197778212
9,3,5,5,10407,627306000,241868555,32646324,583165750,1681884604,2147136992
10,3,5,5,10407,1307730907,201649708,511525972,320794487,-1313923584,-1020579677
1,4,5,5,10407,1553846999,-1056329485,-1343249953,-549055612,1690019260,-1424587692
2,4,5,5,10407,408298667,-795905584,-1157825426,-1912551605,610428010,-610206871
3,4,5,5,10407,1796691504,1640938992,-978508593,-1519525668,-1500354238,-583138487
4,4,5,5,10407,-1385590743,-291181725,-2035758556,1442195792,1726661729,-811300502
5,4,5,5,10407,1210541113,1443025918,1316742821,-2121815290,1823524406,1611749964
6,4,5,5,10407,14521528,219537921,-659989826,-1526987082,1336375568,-767883086
7,4,5,5,10407,-1150280213,-1624164599,-1597103928,2129201077,-404267283,583763768
8,4,5,5,10407,-1918536031,97278836,-1257073778,1808626639,657378138,-724749587
9,4,5,5,10407,290509358,-263068504,2020052210,-910276661,1016447773,278100163
10,4,5,5,10407,1458248847,1215749409,502618883,-1843752847,-1091455320,-1526108544
1,5,5,5,10407,1797422619,931653994,567615989,1792670160,343194334,-154175656
2,5,5,5,10407,-191415432,-177732227,2077718606,-472436028,1803950717,-558996090
3,5,5,5,10407,347421934,349923544,1347146481,1507878282,-2032442045,424069456
4,5,5,5,10407,-1448700073,-112924860,-997077760,1385438765,-1803552056,-2121816066
5,5,5,5,10407,585833097,-1249496071,2006504216,-726253122,-376681458,968744551
6,5,5,5,10407,1802091426,-211638719,-1192833448,836121804,783110636,172144840
7,5,5,5,10407,-717386860,153170207,1829360476,-468093615,352349114,-1754637178
8,5,5,5,10407,-1230627605,1932993447,-461743849,1889408024,-1955568705,-1180663309
9,5,5,5,10407,1153075973,-2059554054,1891763886,1900810447,821443106,-606214118
10,5,5,5,10407,-1384413262,-1602503119,876091349,1046443822,2020795487,-1984432480
1,6,5,5,10407,-841605952,927161292,153592521,1350227507,-242752651,-1923159906
2,6,5,5,10407,-1039947409,-1477198717,1689859925,102372778,417118158,-980695171
3,6,5,5,10407,-660154559,-111374173,-789591220,589566236,755586581,1427060063
4,6,5,5,10407,-1913124002,1795116257,-128874242,-568729809,1741581552,280159999
5,6,5,5,10407,-824760688,1862388588,182314463,-841435906,-399971059,110696741
6,6,5,5,10407,-1137146998,-1737352178,986754186,-302387297,-1118184132,-485846327
7,6,5,5,10407,-14666278,520698511,-803993168,1321789381,1594749566,459986323
8,6,5,5,10407,-264697580,-898970578,1743758500,1741434614,1690358296,1544473724
9,6,5,5,10407,894265378,-1971727261,-324174379,-1400942294,-455934343,312031707
10,6,5,5,10407,-1139616341,-1484823005,-1766828611,971268219,674893676,-260515143
1,7,5,5,10407,-1161219240,545067733,757465684,1846356401,611167409,833696445
2,7,5,5,10407,789447109,-813605504,418881481,511709135,-799687747,-948373880
3,7,5,5,10407,-1405547124,196251785,1098095146,-1769302761,-262988381,1384823214
4,7,5,5,10407,-1169492614,-1160073756,-343780359,-1752202278,657035837,-1296443569
5,7,5,5,10407,1662534009,-2065371311,-742379025,1809906739,-1894933113,-249209836
6,7,5,5,10407,1193263415,-524005033,-875278071,1702030345,-989024659,-2138233615
7,7,5,5,10407,1955576352,1769594040,-234260258,1634218192,-924127398,2059264824
8,7,5,5,10407,-1854620066,-1858254268,347476388,-2100338255,300861266,94296141
9,7,5,5,10407,-1540838044,-1362064581,531389657,-374783193,-1329885171,145818451
10,7,5,5,10407,-1476816792,-946348580,1245768870,-1981209131,-1980770806,1076242831
1,8,5,5,10407,-298886536,-1199420064,1161353019,620263564,-1513979556,-4318756
2,8,5,5,10407,1129433269,1041521734,304553327,-419836654,-1222962837,2094314645
3,8,5,5,10407,-1711009238,1506309225,1022380608,1789789988,-1082356371,-294752671
4,8,5,5,10407,-913212260,-226560845,-1449947261,1448052404,-1858673625,-1381206095
5,8,5,5,10407,-1792282198,-1115182782,2025338013,-1322877791,-489893797,-1538768425
6,8,5,5,10407,1317048451,715765773,1600140098,1515837800,861132481,-1761647050
7,8,5,5,10407,1203380403,-1305041013,11926517,1265723095,-1773790199,444883250
8,8,5,5,10407,-1161526581,1890777210,-361454352,1773654595,2008737419,1943872385
9,8,5,5,10407,749680628,-1683118847,-1348862673,1735329640,-788388240,851554234
10,8,5,5,10407,-1681102648,-1366119301,-371943158,1046555767,1975818900,-2025968085
1,9,5,5,10407,-959711186,-2018493875,890720134,-1781551513,-1350832095,898813059
2,9,5,5,10407,-366525851,322105423,1659843585,-572015259,877686488,1777268843
3,9,5,5,10407,1896263437,-2131898904,659708537,2070394747,1164492859,2027734110
4,9,5,5,10407,303505080,534339969,-1735551636,1410038841,-35931523,-951980606
5,9,5,5,10407,-2067031821,-731491582,-241413081,571364035,-1589491058,118071417
6,9,5,5,10407,1204616503,1954245783,-1618610214,-300265979,397218331,-840249556
7,9,5,5,10407,1499059413,-35508790,-44950433,1857447348,-1802525823,349818749
8,9,5,5,10407,-1279249543,-146124885,-1549092853,-131604433,-1899987827,-1461154235
9,9,5,5,10407,-654472677,-1172458246,-1664012126,169931658,-941887248,1003725974
10,9,5,5,10407,114340753,2002179182,734698017,2055904283,-213865952,-736755147
1,10,5,5,10407,1974952086,-1173936135,-1538938576,1890492747,-1093267315,1443105632
2,10,5,5,10407,-1273085296,120560036,-1788693651,728022049,-844754364,1019730639
3,10,5,5,10407,-994255950,920761422,1954758234,2083602896,-1962769028,1532819194
4,10,5,5,10407,-722963051,-1994199762,1275593742,1874143682,72915387,603117549
5,10,5,5,10407,-1680472499,1491371421,-1708376197,-1634547396,-607602789,1698264180
6,10,5,5,10407,-1109903238,1840161292,-958047771,-664150510,1264059936,1760173495
7,10,5,5,10407,-1699336650,1839409683,1124692242,1461553418,930750753,-1150741962
8,10,5,5,10407,-829946487,-1296467972,2079638384,-1465019833,-1325414578,280929254
9,10,5,5,10407,37681306,1343015511,548531077,-2050313509,-2045140552,-1872086827
10,10,5,5,10407,-352577593,1537982117,874613896,-865332566,68358851,247232275
1,1,0,6,10407,-1643864961,-845400589,141625019,755581341,-2063028602,227927732
2,1,0,6,10407,-1204114908,2027360889,1500838272,2130458352,-524834285,-272823269
3,1,0,6,10407,-1570257050,-1511200489,-322883805,-658838516,116012139,476757851
4,1,0,6,10407,-1675775145,1026731971,-1795685564,276831444,-1009829985,-421064525
5,1,0,6,10407,-1040216782,1137627291,-2022035924,-228033497,406317938,-1873767085
6,1,0,6,10407,1615440852,395583160,-1603303889,-590922720,-1919434817,-694452350
7,1,0,6,10407,2052904757,-538046388,320308906,-456115475,-1139726886,1657064697
8,1,0,6,10407,-764955486,1724768628,-238384031,1197581743,152632434,1293026608
9,1,0,6,10407,1134097494,-214047009,1222667528,1683494554,1451809327,-1752988738
10,1,0,6,10407,154696049,-467592396,1057149582,643352034,-656095522,-179685143
1,2,0,6,10407,2059667491,-197549976,405248013,-717964808,2000014041,1872342131
2,2,0,6,10407,598184938,-512062712,1306443261,-1771813827,2056219202,1468314116
3,2,0,6,10407,342659653,467487626,1840590965,-273346569,685356972,-1401291010
4,2,0,6,10407,-1839728952,1162025800,524203079,-1941866986,-1400832213,-489978383
5,2,0,6,10407,-1271270971,-797744193,247041917,1965986874,973292592,-1265356307
6,2,0,6,10407,-1425546629,1055889504,1127717068,1252317579,2133320377,2079245583
7,2,0,6,10407,707769810,1421236913,-134640442,-1120836738,-920773275,-1503281905
8,2,0,6,10407,586813322,189025506,1572985237,1131945981,-869551615,-726912159
9,2,0,6,10407,-1125381537,940915996,1259066264,-398418393,-1230370628,-1397511910
10,2,0,6,10407,-1869947737,-515121205,581535030,-1445676573,11406543,-1592489098
1,3,0,6,10407,-1789712870,704486119,-275862051,-1091150765,99000618,800887884
2,3,0,6,10407,-370246573,-2062840318,-172095995,-532303597,459586963,-1108056049
3,3,0,6,10407,393943904,-2061132051,1446865846,1635218359,-384672833,874877792
4,3,0,6,10407,-929392542,538576369,323915622,2032388957,934742843,-1698053428
5,3,0,6,10407,-907045899,612053217,776945536,2012986211,870750240,1754683299
6,3,0,6,10407,567811351,1011744975,-1189768161,-344400940,1313856213,1448347522
7,3,0,6,10407,-1100018293,1179639126,870655398,-1425734349,1745104164,-1095060365
8,3,0,6,10407,157143066,-1240963772,673215160,-1709077796,-266830941,-532626052
9,3,0,6,10407,1625436814,612090367,-1862025801,39692765,686175713,-1876614068
10,3,0,6,10407,-1400760621,1865556019,1714231778,-1246468727,922125931,1538292032
1,4,0,6,10407,1772891156,-1291030374,829843293,1982218596,-419086125,1142245645
2,4,0,6,10407,-1295173689,154509152,-1593923653,-707433866,1136876048,-88527447
3,4,0,6,10407,720174566,235558432,-1955101850,-1821376105,705002900,680201329
4,4,0,6,10407,-642729736,1722759128,-1611279711,-2051639183,1529430075,969435840
5,4,0,6,10407,278543929,-1488756761,-1109196357,1683851892,829647372,1437723426
6,4,0,6,10407,-1623697124,-691373007,1249641135,-1934503683,-691773505,-325962032
7,4,0,6,10407,1154439157,-466409411,-1967362377,222517759,-1964909639,1851573591
8,4,0,6,10407,-1145851975,2133538826,-2072279874,-1434219629,-664509058,686696106
9,4,0,6,10407,-10418811,474884148,-1412803542,156662753,-1898420660,795050308
10,4,0,6,10407,1566499342,1748999490,1285027489,892240273,942714975,65102378
1,5,0,6,10407,-291060257,1333329235,-1012739374,-2004201097,-472317247,1872710278
2,5,0,6,10407,410945067,-813322397,1484933007,1605727514,1725529133,-1366959839
3,5,0,6,10407,2088133873,1731133014,1716308671,264792815,-618785295,846191902
4,5,0,6,10407,44936531,-230839222,-1243959286,-1158464011,-478831628,1099193450
5,5,0,6,10407,1362879654,106208883,1757288310,-477130343,562808127,1927395231
6,5,0,6,10407,978504632,822658518,1805284747,16821980,-1942500336,454726157
7,5,0,6,10407,-388414363,1040018385,1156440010,528723704,1093067995,-1632190389
8,5,0,6,10407,-524815973,-795464631,-1364871783,1323468020,2046696085,459693906
9,5,0,6,10407,-161820618,-353386606,-760998838,-948062916,-1327898057,-1525452697
10,5,0,6,10407,102050788,-1934790445,1230169526,-2054613887,1910188373,-811107278
1,6,0,6,10407,-1383557173,-207698563,-738048977,48306886,-1559644321,2121027188
2,6,0,6,10407,333616009,218711951,16172036,709564676,-1890564546,1871715640
3,6,0,6,10407,1633341284,-1146920955,1501883428,-487783405,-1757051538,-1435106083
4,6,0,6,10407,-737272224,-286044190,-628355941,808781795,-1212024491,-1267439790
5,6,0,6,10407,34446419,-1567556910,-1371486336,-277355379,1264571963,777868057
6,6,0,6,10407,1677471058,406563753,-1179211143,389810249,-2121721942,-1216193418
7,6,0,6,10407,-1359514721,-1189447029,2096232120,-1305088634,992109345,-440431809
8,6,0,6,10407,-1966172388,766344436,-1737460256,231756757,1795400530,974899857
9,6,0,6,10407,2140096113,762032243,-497620854,-1724021702,651183964,-1126814652
10,6,0,6,10407,-1597566683,-1496988350,-292633386,-1766821791,1109927187,1769653098
1,7,0,6,10407,558179378,629640454,797005245,-69151498,-1196273234,1212754903
2,7,0,6,10407,48734914,-726781258,396187737,-1345076706,-376706055,-1279082604
3,7,0,6,10407,885264056,1451086963,512501859,235773123,2055194033,1682138080
4,7,0,6,10407,-893606217,-1181249390,843191388,-1536353688,-1451754038,1255879808
5,7,0,6,10407,864270889,-1480080835,-1273516953,-782539284,661833896,-1322273129
6,7,0,6,10407,-278411865,-1300290688,-621623850,-1084813239,-1259788155,-1334192959
7,7,0,6,10407,-697471696,1714934249,1010541018,-1048062783,1993352340,1776833282
8,7,0,6,10407,-51885928,1377715080,1571151147,-705225133,1182698230,-1491935593
9,7,0,6,10407,-1419640063,-934508271,1412298905,-427567054,528555200,-744918301
10,7,0,6,10407,-1826747405,155241556,1539905957,1123449273,1034322096,665550702
1,8,0,6,10407,-309260700,1693012254,-101610251,1281346527,-1264312097,-1612968784
2,8,0,6,10407,1448795297,-837567090,-1471276163,1132176269,-1740372078,-1542500868
3,8,0,6,10407,-1993483137,-197623532,-406748928,-686328920,-1955681222,879761628
4,8,0,6,10407,1358931097,-953899955,-93683088,-49544791,1263206448,451921350
5,8,0,6,10407,1366065874,-22085,1928116269,-53302758,1083092713,67514048
6,8,0,6,10407,-1598132703,1401480207,961355162,-401116923,-1673838745,-2002087435
7,8,0,6,10407,1053963458,-303417560,1512387147,714569637,-395219532,1067654883
8,8,0,6,10407,782485437,1457214911,1927592526,648112889,-226704587,-1225055192
9,8,0,6,10407,-922900835,-2055102552,536436312,-1255999250,2143837750,402125014
10,8,0,6,10407,-1251754944,-1366348468,448401509,-322053225,1856610914,2103422369
1,9,0,6,10407,-602737320,729184880,813923054,1112611179,-364281804,172066131
2,9,0,6,10407,211953521,-1373136286,-655083358,1348412121,863844898,946466537
3,9,0,6,10407,-1654772846,-1289549701,-2014183220,1707890249,-1495959388,913326660
4,9,0,6,10407,-525188687,644848446,43834589,854049048,84196537,436117815
5,9,0,6,10407,61686876,1844019227,115306772,1702054341,-550549465,1935851689
6,9,0,6,10407,1391453915,-1983146616,1885550820,283370173,149304759,1358500864
7,9,0,6,10407,1466386365,436075637,1512058655,-1771428344,1620102475,717421972
8,9,0,6,10407,-1601099175,2042417611,25841007,-531348881,1690866496,-847520114
9,9,0,6,10407,-713463812,1753896703,255546537,860248914,1446919774,1742713201
10,9,0,6,10407,181609125,-1877867221,-507312755,-1781502322,1371867140,68631604
1,10,0,6,10407,-2002352404,-482855381,-1478740528,-1591189323,-1045801493,-413239305
2,10,0,6,10407,-2055947208,-1706316896,1269152100,-1719623000,-2006163786,-1896730560
3,10,0,6,10407,687124182,1772129300,1381034361,-1977079255,449446740,-138730377
4,10,0,6,10407,-1568971328,-1237512456,-1077585626,1764653098,560568326,-346579404
5,10,0,6,10407,-1594704469,-510672477,-1704385302,-1605997290,253340918,-254896176
6,10,0,6,10407,-1351301051,-725875561,477559131,86135162,-1300602105,-850085672
7,10,0,6,10407,529494094,-148645814,-2014692147,378638888,1546783652,-155184120
8,10,0,6,10407,2066482233,-1116452638,-1590913693,-1008519769,785197969,1223139071
9,10,0,6,10407,2136243103,1037168937,394433805,-1024181343,-616042627,-1102889642
10,10,0,6,10407,1295761524,1601307521,1763857648,526111253,1556795675,-520110512
1,1,1,6,10407,-757551043,-703504686,1716373024,183721608,1083667158,-1837588693
2,1,1,6,10407,-1923155373,555806427,785143044,-654886997,-1965352371,-602561087
3,1,1,6,10407,-1960578318,-1597776141,848539715,-395769159,1124111085,771642528
4,1,1,6,10407,352435584,-1171092903,140683209,1905364404,927842463,-254127491
5,1,1,6,10407,443635188,1220885163,-171663743,-2039010766,-2043586335,1298405158
6,1,1,6,10407,-5498139,-2076686428,-687238653,-2027502201,-1691154478,-1104410977
7,1,1,6,10407,157290764,1136520924,-909365688,-934715666,-2078490456,-1239015539
8,1,1,6,10407,829800014,-386075809,-152748277,-172278992,1959740404,-858259174
9,1,1,6,10407,-1112410793,-1204097490,347485691,455879580,839980470,253765873
10,1,1,6,10407,754371339,-790754648,724591253,-1553247161,2078982554,-1197218909
1,2,1,6,10407,-398326796,-372937066,-1070101552,-319964188,-299433659,1250341156
2,2,1,6,10407,64662451,-1970495323,-1029850423,-1999163779,1287635432,531742634
3,2,1,6,10407,443455516,770803473,-1933485090,1402646913,1641906676,964100629
4,2,1,6,10407,1423359770,141205992,2097138012,1896073031,-1994878898,1796203619
5,2,1,6,10407,-1371394100,-1827772394,-215865643,-1081196075,-1980528029,-1825690419
6,2,1,6,10407,2068905568,1800969786,2050674026,-425118729,-573232788,-344662471
7,2,1,6,10407,786467554,2008971070,47310229,-1863938885,-699924226,-1682931635
8,2,1,6,10407,-1068104825,1636833465,944261266,115612014,2089849196,-2104027596
9,2,1,6,10407,-270761574,1692809602,1283687941,-1559694929,177103139,1213945831
10,2,1,6,10407,840943163,474377664,-2028609495,-2133311472,-1432594514,1970940289
1,3,1,6,10407,974109788,-1857350524,1931313814,-619709418,246748731,-819381781
2,3,1,6,10407,-1312040856,-1775995364,1766716457,2145378305,-1049698670,-1951488309
3,3,1,6,10407,-700289083,-2143646062,2128898303,1078515086,-805693560,1780332623
4,3,1,6,10407,-1450886466,1605345518,1836458548,-105842453,1389728640,-788081190
5,3,1,6,10407,1395768924,1678119437,-2012770087,15736812,2085791156,-1536118518
6,3,1,6,10407,-1382756755,383582952,1842533874,-1293815068,1165145357,-1667164258
7,3,1,6,10407,-2107213562,2114124589,338495260,1848294130,155906620,-28360837
8,3,1,6,10407,-2091535787,-1600513170,-102850929,-1486951437,-604290215,-549757887
9,3,1,6,10407,711559647,-658893601,-940148450,711794341,-1015825432,-287407474
10,3,1,6,10407,855576467,-1944435846,-1951077584,773966491,175711299,-955288223
1,4,1,6,10407,1556521135,1353601988,-154702803,-1417111070,2042756573,915076538
2,4,1,6,10407,-1529889849,-1656820195,-619418467,1472009264,-960099032,513905798
3,4,1,6,10407,2138344350,955429449,-36467243,2058866159,-524329248,295983654
4,4,1,6,10407,-1422036597,2112915797,1168388007,-1683869302,1371689575,478608341
5,4,1,6,10407,-926767446,738580248,1682671394,1473151492,1135702148,-1344068219
6,4,1,6,10407,-1802494993,1461432049,-113256160,809832265,569643026,-720223484
7,4,1,6,10407,1085932668,-1415857049,-243954439,-2017548647,-2080829305,-6323934
8,4,1,6,10407,619621043,-714798278,701139390,-363138191,1904663080,-693146791
9,4,1,6,10407,59329927,-541074811,-1183113374,932254986,1168590446,-1706554931
10,4,1,6,10407,-896736610,-1555628292,-736311675,-667615305,-1362542618,-452735733
1,5,1,6,10407,-1189664159,-836795234,-257167226,-1007107933,-1723752172,-1293534094
2,5,1,6,10407,246269944,-1528186404,282104837,-1142603614,-2031879152,-1327601645
3,5,1,6,10407,1660565026,-989798385,-2030209740,1406378581,8428934,-2022297945
4,5,1,6,10407,1508490226,460815068,68965876,1135000065,683557555,959670273
5,5,1,6,10407,-977317906,1726184685,1517272846,-849210538,-278676036,878046584
6,5,1,6,10407,-1152089169,-9077414,1033227900,-2032121005,-118499315,-1144359261
7,5,1,6,10407,-363588576,-1670728725,296822546,-456897245,-1694213501,94065771
8,5,1,6,10407,682942792,1106204314,-891567373,1383333050,-1369766156,-1844184343
9,5,1,6,10407,2136581858,403965108,164372571,617241352,853415001,-1851448093
10,5,1,6,10407,-403767846,-361348228,-743322351,348843124,1202096860,1967678678
1,6,1,6,10407,319839135,-1711611270,-1153953169,656658263,979112673,-1977655700
2,6,1,6,10407,1965351868,-1776419299,-701950083,-549743510,-1211831986,509699216
3,6,1,6,10407,-1065422969,-166046007,-1774832778,1550656852,-1470247947,236284812
4,6,1,6,10407,-1937667872,1145395351,-649417853,1634317921,613213284,-907576030
5,6,1,6,10407,-1781377914,-1891207821,1574442061,730520139,-1479335283,227668530
6,6,1,6,10407,-1130900886,-1929603216,-861706961,44417764,1926679396,369575804
7,6,1,6,10407,-915236763,-1789737879,-638791762,-995910146,-1246140486,-398897273
8,6,1,6,10407,-1669794303,-813440921,-1508249237,994551998,-1284084298,567153774
9,6,1,6,10407,-574344832,-803984184,1349815648,359542871,-1849694892,-1589112224
10,6,1,6,10407,-1605683112,1364133912,1754563742,-657782464,925872097,-397834331
1,7,1,6,10407,1149347920,-958845963,-250698261,-592984038,1588403697,1788963486
2,7,1,6,10407,471633495,-386226035,521675722,-1537316487,-1225194274,-1132613223
3,7,1,6,10407,1838594782,-516157184,-523159995,2087569741,353563726,-1988325472
4,7,1,6,10407,-1747541322,-427095331,1600312407,680999990,352706972,1717581757
5,7,1,6,10407,1201727722,-559247060,-552878195,141646639,-301052349,1922735734
6,7,1,6,10407,529640894,-1597451926,-1107945130,-1772223065,-1981526154,-1363598834
7,7,1,6,10407,307100032,-1429733400,185900894,-354927153,-2022100322,462026027
8,7,1,6,10407,-1535761495,1893961582,-1856759810,1745164620,1805015323,-1867842892
9,7,1,6,10407,983099914,-1865823111,1175808638,-1362217235,-850801681,-1396239426
10,7,1,6,10407,91502317,1945235503,1072755681,1019240749,-310744078,928698424
1,8,1,6,10407,1850707354,-1756452759,105179968,734559928,-1178148341,500978069
2,8,1,6,10407,400212068,-1434713257,1575959960,1985675433,-1249558312,1049585879
3,8,1,6,10407,612152360,-854478350,-753116165,-1084016796,576775513,1496609470
4,8,1,6,10407,-2032583332,-788903128,1834253073,-516937342,-462206384,-1566344199
5,8,1,6,10407,-1928682552,2048548624,-949174955,-1309502738,1340182022,-808526599
6,8,1,6,10407,-763391503,-295080940,545360827,1014770875,63567120,-2047774179
7,8,1,6,10407,1263512320,-393589259,1321743464,2132250180,427181765,949689995
8,8,1,6,10407,2076084630,-1713185902,-1169362360,485841248,-1670151731,-64848409
9,8,1,6,10407,1433797060,-824767657,207783971,1356991759,307619233,1543340565
10,8,1,6,10407,-1056243510,-984187461,74955762,-1270276659,1087417548,-490355282
1,9,1,6,10407,35678743,-907957782,-1382258772,-940881228,-490800286,715339513
2,9,1,6,10407,-1000855256,-1495736690,1256046309,1651932455,2020617184,-109630328
3,9,1,6,10407,2106388294,2124834755,-1085678209,1922162850,713269134,-1115205162
4,9,1,6,10407,2147232261,1533968856,986758327,-56020824,1258701924,-1982270723
5,9,1,6,10407,525037189,-1741059376,1739253696,-1095311460,929852050,324696133
6,9,1,6,10407,-1864591005,-145947422,-415899089,-123960206,-719156854,67849580
7,9,1,6,10407,-887837956,1283276304,1536428592,-192465415,-1383591412,889762989
8,9,1,6,10407,637805863,-1795860322,-822579695,-674372873,1952404256,1093325892
9,9,1,6,10407,1752521818,1242106030,-1490817294,-416318540,-1675226014,-1671653722
10,9,1,6,10407,2008769382,379338585,-1258519948,246748350,-170928316,1517494711
1,10,1,6,10407,916835948,-1053234129,-751697821,-1647515029,323430907,-1685601998
2,10,1,6,10407,-1431590374,1470801762,578191066,-1536660586,17652704,441574262
3,10,1,6,10407,-771977688,902063065,2004890744,-1598750047,1521955533,1075734113
4,10,1,6,10407,-1562873016,1423844876,730275811,-1720331310,-2061095993,-1255050354
5,10,1,6,10407,399862858,30174386,961843495,1461407757,1796839295,889812524
6,10,1,6,10407,954107882,-1900262588,214098509,-1749986823,525299211,1200618186
7,10,1,6,10407,-1378621091,1093566296,1363647265,531259157,-1466422863,401571630
8,10,1,6,10407,630114267,-643649840,1489396557,241728665,1660056072,1763145806
9,10,1,6,10407,-42807207,-106582479,1350054520,919219821,-2027070758,-375963220
10,10,1,6,10407,931092559,-1552240189,-1682008270,586495814,-2113961560,1066419066
1,1,2,6,10407,-751117209,1774795267,-174550215,1870729345,-1252041943,791386984
2,1,2,6,10407,-558681735,-476321966,1004104133,-607656885,1830268343,-892612416
3,1,2,6,10407,-134626109,-871035899,1749613443,1288073655,122450514,-2142911071
4,1,2,6,10407,-884306251,1326636768,-1717116636,-595584693,1973802498,1994858153
5,1,2,6,10407,-135270587,-1958853727,-935124687,-1271601443,-302871895,-1500363128
6,1,2,6,10407,1320690340,-541202451,1101812376,-1237526517,-1695438513,1024161396
7,1,2,6,10407,-996168034,-1690361109,-620251341,1233040798,-1632185535,738621939
8,1,2,6,10407,-1933004559,924527960,794001092,-1286279132,-994203787,261912689
9,1,2,6,10407,-232334796,-657736427,-902116996,731805872,-327368131,343621486
10,1,2,6,10407,316010821,-371334636,-704136556,-1324752970,-2146513698,-1248042198
1,2,2,6,10407,1190266999,-6425813,1977923015,-2046772663,-427861952,-1165217747
2,2,2,6,10407,364826909,580263224,-1623843011,-1601840460,242491810,1372886736
3,2,2,6,10407,942222005,871842494,-272524472,331077721,655559604,612009725
4,2,2,6,10407,699204583,-1267782720,-96938333,-394940602,1974696335,-283172581
5,2,2,6,10407,1099993288,1375202614,-1318856556,-1469374055,-1110647733,-193650985
6,2,2,6,10407,739704053,927902585,-561160868,66885471,1739003194,374399712
7,2,2,6,10407,1700588657,1532039533,1986890375,-234922565,-793683497,446516346
8,2,2,6,10407,2001192042,-712600578,-1640508767,-380600599,-728933912,-1124210289
9,2,2,6,10407,-1503159087,1037687611,-1771061510,-421320893,844895927,-2060125666
10,2,2,6,10407,-539611773,861633887,607742437,-1630605056,1067784575,-1078354356
1,3,2,6,10407,106425482,68146246,-2087112379,505145218,-529588357,-1134766631
2,3,2,6,10407,-386818592,-152461069,275233519,-2000033539,1767615355,-1313192732
3,3,2,6,10407,-62946763,1863913152,-309636001,1767801393,-1955857199,-1495588728
4,3,2,6,10407,-1433824107,104906642,-390218845,-1507950397,1169244737,-2003169664
5,3,2,6,10407,-1914794840,714260188,541409647,-178878226,-915185788,1909477018
6,3,2,6,10407,825809119,1406414638,1261892651,844333898,-1121241756,1870092318
7,3,2,6,10407,-1563505451,195426922,-1137303120,807428605,92266450,1794624289
8,3,2,6,10407,469565907,2116179613,1852878423,-1196076714,-1800633758,-374758154
9,3,2,6,10407,-1028932791,-1311281859,631844171,-673432388,-1737237563,-237973336
10,3,2,6,10407,-817199775,309636474,-1964962949,-800923065,162369596,-1886894053
1,4,2,6,10407,707429718,-1525539166,968654013,1586935281,576867316,-2047656080
2,4,2,6,10407,1095319217,-2114965425,166171897,-1612891030,1841830165,20440824
3,4,2,6,10407,-1472108185,1232837956,-895102117,-984378087,1838523718,1659504444
4,4,2,6,10407,294688888,1214098686,396703552,94128875,492095827,-1274042929
5,4,2,6,10407,-1722420283,2108530681,1630468153,1854745840,-1604550608,803711689
6,4,2,6,10407,349026805,-985182273,1365322470,-346908412,-1100045589,-408103959
7,4,2,6,10407,2010877231,874017049,1725299769,-1318254289,-714146096,-342403488
8,4,2,6,10407,561313048,15473095,1620940279,961484270,108137655,1966668888
9,4,2,6,10407,1146181292,-614600113,2022157330,702261072,1623402971,-237247205
10,4,2,6,10407,751005141,1081264809,447135372,1097595760,-535836769,-312272200
1,5,2,6,10407,167682936,1336989082,375643909,-330352951,-1351901362,935991722
2,5,2,6,10407,-570600736,455377571,-935036384,-1339451614,2102443930,479614344
3,5,2,6,10407,335856899,-1227326448,-458734560,-2100191951,1684343613,-1339784855
4,5,2,6,10407,119054235,270824249,-1906222039,-683648532,429579811,124380870
5,5,2,6,10407,1174345995,-464818962,1380664573,-1065062649,2112276593,1138781482
6,5,2,6,10407,1000841337,-604769891,-1389612973,2138915741,1365547912,-568574416
7,5,2,6,10407,-1641401573,-1688022599,1016136374,138659752,-1318340999,-1757018046
8,5,2,6,10407,-1704103948,-849174008,1686386446,-1936874258,-1865245997,557138592
9,5,2,6,10407,-5148281,1503659065,537226872,-149871898,-1431137401,-325297149
10,5,2,6,10407,-1601087095,-1723468684,1229756255,1520107907,1740935688,-1089424502
1,6,2,6,10407,79342052,-125785733,-26361366,-1273885556,414244358,-717060044
2,6,2,6,10407,-2016976455,-628794757,1023462801,-1484335664,-142855453,-2122228623
3,6,2,6,10407,-264356651,-226016939,-579147346,-1452066636,1372209940,-939826802
4,6,2,6,10407,-1649731334,-1469402189,-1442768854,1733121941,1556226444,-1615918380
5,6,2,6,10407,-1265113569,1708852645,-934469642,1660098966,600975536,-2002431509
6,6,2,6,10407,1648168810,1061521012,-201421651,-1393259185,-1709410916,2120945981
7,6,2,6,10407,329674728,-379684109,-1934355500,1009294452,11784133,226076933
8,6,2,6,10407,512831017,736770820,-861521481,447973235,755514431,532262342
9,6,2,6,10407,-703320353,1070243101,-1704062949,1246028607,741997482,-791644405
10,6,2,6,10407,823845451,-974538893,1323589681,-35357360,-270298218,-1314659669
1,7,2,6,10407,1572972246,-325547368,-759250354,1406577805,1094907561,-967285515
2,7,2,6,10407,-1000981095,1473990980,1602009605,65124597,1184654959,-595613765
3,7,2,6,10407,1372689063,1144692696,-1245564469,-1029321612,2061408948,-437689203
4,7,2,6,10407,-1132357001,-648776717,2039492508,1152039231,-1878464270,-465275547
5,7,2,6,10407,-1108465023,-2100970256,719452884,-1774052234,22282246,-1589879944
6,7,2,6,10407,-1484123437,1526187184,1500096864,914108411,-1890188177,423561754
7,7,2,6,10407,1881286223,-442407489,247688140,406486357,1161462946,-934145826
8,7,2,6,10407,-1913080719,1657958450,854485096,433258042,1130259882,-1710453786
9,7,2,6,10407,-1585974945,118703937,-1845113519,-461747472,1220843077,-2098788705
10,7,2,6,10407,891764848,1638169909,-1706279405,-1185886462,-1843577931,-1393606572
1,8,2,6,10407,-877237540,-1830671899,1185612987,1654427009,-254021602,1967358432
2,8,2,6,10407,-279653169,622354584,-1783892522,1316319977,1772649573,1837622055
3,8,2,6,10407,1866962584,-1295596781,-1838265714,-2010221358,-1398546951,1362462432
4,8,2,6,10407,96631324,-1909131361,110720913,1329059417,-1207961925,-1824252802
5,8,2,6,10407,1405780903,-1375210916,-863669615,-212045978,1003593998,-1230617017
6,8,2,6,10407,-1653757581,-158340153,-1670167421,-1556133501,-755950550,-1587676169
7,8,2,6,10407,602276489,-1444635448,848875922,-168200488,1422048950,634501180
8,8,2,6,10407,1574849256,-2027675098,-976516676,-1733489073,-1770322965,1157285171
9,8,2,6,10407,319520087,-1098839015,-21597448,-1269542044,1749091124,973014595
10,8,2,6,10407,1793313432,-302038985,-1090155835,-909335674,867037383,391013332
1,9,2,6,10407,-903509491,-716316988,-808900355,-1147754608,527534033,1869947387
2,9,2,6,10407,1139951688,-51186732,1509628980,-1127488085,1504237582,-215300015
3,9,2,6,10407,-846903739,-1686765320,-1467285926,1363776360,-1878567194,-574869134
4,9,2,6,10407,1885290086,991943164,1035757972,1137557730,-35953763,-2027332541
5,9,2,6,10407,-2017391861,-417238914,51645019,-873679485,-1621107449,-853091730
6,9,2,6,10407,2100416234,2005387363,218610635,838451478,789660495,1652408096
7,9,2,6,10407,-266976675,-1262943889,-1767227745,954285856,-1950549181,-879499080
8,9,2,6,10407,103978349,1027407537,710315439,-588559436,1865941835,-1582199043
9,9,2,6,10407,1860915639,-683320106,-691394775,-1217672554,-1454812096,-310678755
10,9,2,6,10407,2126263866,988178279,1573614975,1168465435,-1759467238,-1986069765
1,10,2,6,10407,-1206704597,1429838023,-1643235417,-1420897024,-1776974625,-1300718749
2,10,2,6,10407,449322060,-760565634,-635820540,258051359,1147107287,-917942430
3,10,2,6,10407,-1594738954,-598456524,-854674869,1025095984,348190100,-364104774
4,10,2,6,10407,-709690202,-630110013,361815211,1664898350,1721898341,-1096482288
5,10,2,6,10407,-60217307,149279786,1188260408,-1710597351,1924332011,-606541532
6,10,2,6,10407,446965649,-992389765,576982467,-1962996293,-436866169,-1628251566
7,10,2,6,10407,1226789011,-1139392749,502281466,1377150990,-780295162,-1018881662
8,10,2,6,10407,288960241,-766316016,2004105691,1627933852,1505343987,-2076212839
9,10,2,6,10407,-1535463094,-35852702,565207845,-1491441268,-5414155,679759522
10,10,2,6,10407,-1703997582,-2086159274,-776817169,-1607181992,-487301177,1058546156
1,1,3,6,10407,-491420048,1673764001,787805753,-1896408740,-771361985,-112954907
2,1,3,6,10407,-197104811,1738523644,683929638,60238519,-1130177807,-309121637
3,1,3,6,10407,-673853014,2007473218,680293867,394282538,775236708,-955367696
4,1,3,6,10407,104153048,571828379,2070422993,680857420,2103550367,-244493243
5,1,3,6,10407,-1272999220,-585399102,1413910566,1614525681,1544419641,1320667817
6,1,3,6,10407,1096533881,1058850076,-1230227977,1296609938,1659122230,-1646806141
7,1,3,6,10407,-488718522,1238595782,-1881312425,2142942283,-500867430,849817285
8,1,3,6,10407,738362173,-1071455723,-1945973993,-2113195961,1322832948,283149130
9,1,3,6,10407,-137628924,-1882545492,1592376670,-2131219438,-1643781636,-1926612150
10,1,3,6,10407,1366156566,1317400845,-534274655,-209266729,-1997324444,-963698419
1,2,3,6,10407,-2000886968,1676325327,75612230,697058720,1489242049,-758824498
2,2,3,6,10407,-327247949,-1237415472,1913329488,1014139705,799196862,924667891
3,2,3,6,10407,1099538019,1348687794,-1146045312,-1789268286,-1135900122,-922874896
4,2,3,6,10407,-159017171,922589415,-329126497,1123526308,-1785365277,17007610
5,2,3,6,10407,1751249375,-925535451,-1874551501,-813099280,93615462,657374851
6,2,3,6,10407,516446073,528156424,844697333,-1056684610,-1485089183,-911229998
7,2,3,6,10407,366852282,-410907238,1348765683,-709552425,1275188931,-1911607775
8,2,3,6,10407,-636489428,-878736287,-1764098609,-2051371651,1251112004,1002881503
9,2,3,6,10407,1523450892,-684375171,1523908751,969499435,52630542,1611917299
10,2,3,6,10407,1021269515,1370510221,1118527347,1984229025,-1762994216,-1557911925
1,3,3,6,10407,867261822,1749151874,-1401381187,1156954366,751838892,-308189119
2,3,3,6,10407,-1670478974,771862980,-1886734012,126728500,-232959249,329490915
3,3,3,6,10407,500534027,-1035226063,1186272152,-1217075287,1412638570,-2019375468
4,3,3,6,10407,1704308569,1069750686,2123864669,-74344052,1367572594,860856212
5,3,3,6,10407,-470585781,-1647086038,1475566350,160542731,-887525340,1037885848
6,3,3,6,10407,-991777996,-288842149,1746806073,-1651655677,-164119567,796218309
7,3,3,6,10407,-1787681443,1443887274,2006359602,-1306139473,-310308845,-33015147
8,3,3,6,10407,1703124783,-363276406,1272340055,448430162,-1251426923,-1418702907
9,3,3,6,10407,-1218677265,-886033683,1290055151,-1693343005,2127740408,572364448
10,3,3,6,10407,1104705579,-1312477650,-868931892,-735866026,290852360,162793041
1,4,3,6,10407,-1096517145,-1104250997,-58708961,-347756970,-1076502185,1776607925
2,4,3,6,10407,-1162283047,-257927616,-1701246400,-1939637130,915386415,261419736
3,4,3,6,10407,698507430,-1391594851,169851261,-820644721,-374116349,-364128159
4,4,3,6,10407,-180431039,-313185462,1109844233,-1661089157,-1038877579,-302382091
5,4,3,6,10407,-1361933932,-300333195,-790868439,-952955185,1585065932,-995573036
6,4,3,6,10407,-902210512,1038745164,1049387155,-313065622,-208554816,-797431500
7,4,3,6,10407,-964866231,-417490414,826342839,-1515874743,943628602,-1940349800
8,4,3,6,10407,-918040520,349740359,391928859,-1547419764,-967828708,1350464321
9,4,3,6,10407,-1989352229,-1073865524,1080022876,1791108465,384188350,1709573260
10,4,3,6,10407,-1891347832,-1394311913,-242596508,-944952356,1111455225,-2057915550
1,5,3,6,10407,-399031488,255837091,693782059,263997980,8757401,-1985537246
2,5,3,6,10407,-742093610,1777768338,421404829,-2025507878,-819440464,1456873748
3,5,3,6,10407,1939665279,-1951300938,-1604335685,418308327,-1559748457,1225689312
4,5,3,6,10407,-405985800,-1434462205,2023223574,-1472694563,-1862740424,-710283008
5,5,3,6,10407,-1472561166,-48043906,-295543707,-1294021044,-1542686964,853512816
6,5,3,6,10407,-1752126264,1973036235,1539493705,-178829476,-446232914,413042801
7,5,3,6,10407,-1463167441,1614457916,968077396,706618540,-310053679,-845894775
8,5,3,6,10407,-541432610,-929742854,1432347325,2112469306,-1425786772,-382658423
9,5,3,6,10407,1726699917,-1110531012,1521015216,1605849922,594404308,1121923791
10,5,3,6,10407,-1922997933,531732540,-697715362,695717369,-1867142507,-1320639735
1,6,3,6,10407,-122182362,-223344822,-1605574831,1687392821,-1162072748,-837896141
2,6,3,6,10407,-1700857739,-411310376,-2115620068,128746137,1813417042,1389909519
3,6,3,6,10407,1726292655,-1327949711,1270402963,1355345458,277906649,-1833696826
4,6,3,6,10407,739607464,-1019578740,-674913233,22441905,1657309367,1686731706
5,6,3,6,10407,-2038890690,-470667866,1548183819,2097642742,-203911094,1518890487
6,6,3,6,10407,1639029474,735096179,617904714,1432467421,-1135409981,1904925133
7,6,3,6,10407,-1531570329,-2056275055,-1807605115,-174952745,-712809185,-1306235055
8,6,3,6,10407,-1378996419,-675126255,1510857929,-165979737,2029317540,-1654442790
9,6,3,6,10407,-1541395105,-2043725221,-581948387,1227344759,-725348082,-782721229
10,6,3,6,10407,-780732043,-1911850326,572051328,-215469504,-163774161,-1543041015
1,7,3,6,10407,1483250400,719335744,415903985,-1119932282,-1290039873,-75133824
2,7,3,6,10407,569483824,-797146812,380728183,-416900184,77270701,-2018787666
3,7,3,6,10407,105588754,1228077766,614999741,-1832407790,-115946557,124240881
4,7,3,6,10407,1852296786,-880883309,-2053723865,1979715437,350972833,-1317035325
5,7,3,6,10407,-776511493,-17659626,1408832330,-376451268,-1025702494,-1488769644
6,7,3,6,10407,-563717479,-1485085953,-2030567560,1982071664,1256303530,-229105765
7,7,3,6,10407,1008387991,-101301434,-1853208137,-1369670334,847908960,-1492361041
8,7,3,6,10407,-2025719739,-360150249,-2101782225,1456270289,827151560,-1751077840
9,7,3,6,10407,-21363757,174236624,2113903732,1389112561,-1065104966,-922150702
10,7,3,6,10407,863567488,-588591532,-1483197961,-460620387,-171257761,-278599180
1,8,3,6,10407,101403652,-348717885,1570328962,-1710680333,-70340585,1883332992
2,8,3,6,10407,-1372648408,-1997163265,1550011080,656588373,-1465014941,120994564
3,8,3,6,10407,1994849917,-2009632095,1221086421,-1361429360,1749040681,-1186991291
4,8,3,6,10407,-1297108215,478387101,2124141413,-1034919077,644126008,528196942
5,8,3,6,10407,-1103925089,789323541,-1001090004,-1759042248,-1557210170,-134358705
6,8,3,6,10407,979548340,1354456577,773252174,906032662,-296206067,394809047
7,8,3,6,10407,1936417626,222200505,1393600804,-1123322849,-1180766790,1369425702
8,8,3,6,10407,159281455,-1705447443,-1019983139,144200423,-455856851,-1338690239
9,8,3,6,10407,395264524,2133688119,730504866,-1438802142,-1494695614,-472305304
10,8,3,6,10407,-1954893896,325996242,1661439381,889010251,497495060,1952105434
1,9,3,6,10407,959323327,-1904014179,-257165927,817494777,-2065910832,-1749352432
2,9,3,6,10407,-73857333,887853771,729380694,-411944930,-1355304300,-1635530991
3,9,3,6,10407,-974870864,-1448956067,557090748,-1402289926,1767396884,289747021
4,9,3,6,10407,226216464,-247187702,1818119874,181416294,-1142565784,323534865
5,9,3,6,10407,-1373365706,26062421,1501690058,-1041392928,-651718316,-976216055
6,9,3,6,10407,-1856079779,-398032789,801673190,-1397735278,17866818,1590236401
7,9,3,6,10407,-866653922,1230043757,-1547151304,1057712282,151927069,360966330
8,9,3,6,10407,1238671942,-327701623,1004078659,-410856017,-441379044,135305332
9,9,3,6,10407,905065367,1068761351,-151349128,606581783,97213995,-2137961340
10,9,3,6,10407,-814391146,-1055254916,1016420428,-605263317,882291087,-795501000
1,10,3,6,10407,2024219152,-630671954,-950879354,483189756,398585137,-57352532
2,10,3,6,10407,1269965530,995906993,-1141821170,1167531448,1195863927,-1042778386
3,10,3,6,10407,238048909,223472023,767909851,1139932792,2125497451,307757207
4,10,3,6,10407,-1066193631,-1367303788,903419868,-1720284138,-1411913476,-1330395704
5,10,3,6,10407,307824186,-883152224,399553109,879859380,-1677645249,927149965
6,10,3,6,10407,2082168800,-1053086620,2006279308,675190538,-875325288,1390461124
7,10,3,6,10407,993145567,1370783633,-1965963866,663188584,773153970,-675597298
8,10,3,6,10407,-281236456,37233188,-1224214748,44245648,856542896,-2031210101
9,10,3,6,10407,1532872134,550569136,757481644,1549287877,464981311,511530789
10,10,3,6,10407,532675623,1964677933,-649236725,658602058,1174559174,-887237084
1,1,4,6,10407,1569343795,-2054380799,-1094941986,166286939,-335208589,1449493910
2,1,4,6,10407,1273249108,-183582031,-1226959108,1891294871,894406091,-717335386
3,1,4,6,10407,1852347439,-361441807,-1168100583,1709417990,-642180736,1105085974
4,1,4,6,10407,43590687,-738023786,-1443907818,1237438234,1835926890,1296693849
5,1,4,6,10407,-1040836305,1293081985,-1499633624,250857986,1629177162,-1074065268
6,1,4,6,10407,-618686370,1617277982,1399547348,-305908543,-1427204432,-233798259
7,1,4,6,10407,1401071865,1922196604,926647491,798966492,-1105905214,1165649786
8,1,4,6,10407,1336595495,-30356724,-682185042,1663847125,-1553168470,-786909831
9,1,4,6,10407,1908397189,-1660604755,-6872716,-1456882193,-1139477471,409355276
10,1,4,6,10407,-1191216867,-775140099,1140611401,-1060142033,659695540,-326381288
1,2,4,6,10407,-205319838,-1720641365,1383807308,-1993965104,-585470994,-69093125
2,2,4,6,10407,2116592682,-1796940173,-1889917314,1758785582,-1012747325,-1205806703
3,2,4,6,10407,-1478212062,578179774,1197384139,-412236042,-1433804017,-1477537463
4,2,4,6,10407,1908331911,-436974818,1609983390,-759164533,-2117653753,-1795458719
5,2,4,6,10407,-1562469105,-205566056,-945084183,-1061720265,709671645,325526898
6,2,4,6,10407,941319302,1624182838,-417771745,1140374947,-951231442,-813309665
7,2,4,6,10407,-966358124,555732409,1451315913,1816560732,1706120660,-498700306
8,2,4,6,10407,-762509972,47145027,597253091,-733577284,110750,825265345
9,2,4,6,10407,-99891010,2045856531,-27945547,272442832,-1242267350,-1778156390
10,2,4,6,10407,-1261944022,-1935001851,1006570650,1264389427,2090176661,-2120498974
1,3,4,6,10407,-1868847899,-453154080,-670416268,-838507896,816987783,2030941104
2,3,4,6,10407,-1582538461,1863214754,-1528657874,-2072808256,302077938,-1438813603
3,3,4,6,10407,-1767185324,-782705757,1702329677,-471980275,-1015267099,-1545931960
4,3,4,6,10407,30369233,-1745264719,898018249,1864700156,-2011453667,1112757241
5,3,4,6,10407,-1040487440,1496044208,-1123220551,1636388532,2054354752,1504806664
6,3,4,6,10407,1824287867,404351271,-707929231,864076615,-1584774744,-936900770
7,3,4,6,10407,-1864204006,1349221683,1523910628,-1247226717,1720293908,1506247582
8,3,4,6,10407,1634469612,-585395803,-1018429864,-52865872,1026587022,641378656
9,3,4,6,10407,-857502644,625777258,-683780749,-965436937,-1176086712,-585391389
10,3,4,6,10407,-1688420429,954387648,-1776032034,398582740,-612160564,-436803985
1,4,4,6,10407,-1165532718,-613056301,1693210835,293387495,1314541702,-1355728539
2,4,4,6,10407,1269482954,663476502,-758718011,1679198234,-198975714,343037201
3,4,4,6,10407,1967327811,-1532219636,-566875220,1072111426,-160791260,576392821
4,4,4,6,10407,-1569736570,-1433504709,2052821681,-1937113851,-265957568,-1757855538
5,4,4,6,10407,1960331902,-1965606059,-1303924228,-133425508,-2116431981,363959621
6,4,4,6,10407,-489861152,1309237471,-121176198,-159364544,-1357703999,89174558
7,4,4,6,10407,2017145582,545607829,-616415905,-671600540,-295426348,-269790755
8,4,4,6,10407,1681606201,-1042347978,1383762822,-215320276,480863430,-658725792
9,4,4,6,10407,1165100092,1903451657,2000083087,-1750390772,-938744044,229501254
10,4,4,6,10407,1435002301,-551220967,-412224145,1167774395,-1283322907,-1899918643
1,5,4,6,10407,2144436586,782755654,-1889691414,481036515,1154222983,-1572818791
2,5,4,6,10407,97028047,630364928,2028937919,1696709562,58297891,833477001
3,5,4,6,10407,-1021472691,140766985,-221916125,-400648435,1161223524,11382573
4,5,4,6,10407,-814929031,200445865,-1420902144,2134307379,57636577,765335262
5,5,4,6,10407,-894472019,741401031,223528937,2026779462,-145063347,2040994563
6,5,4,6,10407,1725052424,-1338685877,1371605300,-1724532517,2117775216,-50022937
7,5,4,6,10407,-116139085,99396296,1771431256,-1443014350,-1408105262,-69710447
8,5,4,6,10407,2084727408,418326478,-1232141453,-974033298,1885967660,835527380
9,5,4,6,10407,-666971479,-591112324,1738446561,1267782027,80546507,1083120180
10,5,4,6,10407,-1200013645,600418129,-1057675919,1745988597,-1061004057,462917239
1,6,4,6,10407,-332836156,-1886772491,-1193354048,-2019410902,645827199,-1947018324
2,6,4,6,10407,1756683266,1074874244,-1477187417,1728772079,-463521433,-1405441447
3,6,4,6,10407,833104129,1918053650,-937712777,1743102133,-1363623355,-2023723605
4,6,4,6,10407,-46301544,630436895,-835329556,326923158,-1206800457,-1194727235
5,6,4,6,10407,-268867910,-854833163,-1452491632,1562839279,-2005060481,382681613
6,6,4,6,10407,1516942773,-1011830835,-72453050,-1098595442,-2094443244,1333045411
7,6,4,6,10407,1494296263,125644393,-1895504472,-1057146778,-271070527,1421390890
8,6,4,6,10407,-604071995,675719594,-875948271,1277255940,-1483476777,1026754264
9,6,4,6,10407,230536190,-1000561586,33730944,887565651,-191855234,-1916275811
10,6,4,6,10407,1162091847,-1201384498,-1946725073,-1048993620,1428450038,-1127476132
1,7,4,6,10407,-1102112174,1649051540,-370596651,1992202042,230615732,-1986380205
2,7,4,6,10407,-1928729469,-1289963224,1626682246,111601183,-1105634663,-1638100090
3,7,4,6,10407,-522585136,-979671146,1037783208,-764998813,182294667,5744633
4,7,4,6,10407,-369808492,844400368,1852876918,1811972387,1920653648,-1940201282
5,7,4,6,10407,-1447968445,1865006532,1528745602,-204056534,-732330170,-878240893
6,7,4,6,10407,-684567391,1071302574,1649246419,-1898515545,2077637439,1570773307
7,7,4,6,10407,-802408812,-862405160,647052458,-1277692600,-1251455303,1649874208
8,7,4,6,10407,212821704,85556851,1304029204,1215162449,421320675,1017680059
9,7,4,6,10407,-846483609,1681005045,-23551027,678253227,463026470,1065102358
10,7,4,6,10407,-1090422737,-2064384316,-2129176939,1341322265,-2125331299,899416131
1,8,4,6,10407,1870468402,1870604824,-548691184,1549622366,-1534708578,-1074651887
2,8,4,6,10407,-957631948,-822865419,501443447,-1764680744,10539684,1506020671
3,8,4,6,10407,-374441001,-249480361,-1968763634,-1303068510,484591427,-842707508
4,8,4,6,10407,203641562,571711432,-1688017304,-1547890707,1115611441,-1253217042
5,8,4,6,10407,-1498907973,1269581611,-329099017,-1208018248,1419807055,1481164336
6,8,4,6,10407,126327220,2042052730,-1544700011,-516994779,-91471520,-664629489
7,8,4,6,10407,-978132948,-24241681,537881449,40580440,729750296,183173860
8,8,4,6,10407,-1094060555,1824562799,250596360,-1622747238,-1644938489,-1853929372
9,8,4,6,10407,1701914271,1084326864,-2071618984,1263542125,814068618,-1876939950
10,8,4,6,10407,-639581061,1900751116,-1270342156,-1692470601,934599819,-1778731627
1,9,4,6,10407,-644713292,-530249281,-121896171,1277947700,-2054517839,-1882803765
2,9,4,6,10407,-928817150,-1882164393,2108699401,-1697095839,2001625459,655335198
3,9,4,6,10407,748301159,-1851757548,2114642756,1445753014,1793885600,1015463320
4,9,4,6,10407,-22628192,-1546841845,943881818,-1564465559,1500280647,-1322354084
5,9,4,6,10407,-977858043,295217852,1573385238,104420940,-2106790964,1227180325
6,9,4,6,10407,-698212533,-1552513279,-695965693,-1495066666,-65428063,1886482118
7,9,4,6,10407,1744072779,-1046486587,-1515308626,1210806680,-1924034029,2033246934
8,9,4,6,10407,-461237635,-473721156,-1270666416,1881522483,1087368990,1943162288
9,9,4,6,10407,-829495854,-484185432,759460199,-530147855,68410784,1273983798
10,9,4,6,10407,-1568492261,367144584,335399500,1587399597,-1117850201,-1273914890
1,10,4,6,10407,518252049,1209906863,316461935,-1634959284,-1493103182,-1534178972
2,10,4,6,10407,-448154822,958627568,1971153546,1996037559,419711567,2059446085
3,10,4,6,10407,-1486666341,-2129333801,1282271830,-529664982,708221790,132364316
4,10,4,6,10407,-2054300909,-1770580557,1698273898,1837563715,1812763084,-1132683963
5,10,4,6,10407,-1526200454,-1185887133,-1717823656,997410350,-2115625368,-605845669
6,10,4,6,10407,807036454,1862468529,872716897,1036936782,673643925,-1700477206
7,10,4,6,10407,1832254640,-2009970764,915653510,-1432359243,-1404468672,436513850
8,10,4,6,10407,-20644239,1170199212,-676208,530709232,-978704522,-1028395001
9,10,4,6,10407,-1659938238,-1303111310,-1766619680,-1278117046,-1848976429,-962467202
10,10,4,6,10407,-108779389,1072278654,2036368900,-1425860519,497903508,524428962
1,1,5,6,10407,-1636714772,-1919070015,999687718,-1639181256,1081106254,-1601084800
2,1,5,6,10407,167032809,1684989666,1407097909,-504374633,-1807229163,-1772383771
3,1,5,6,10407,-1750831497,558769836,-2040495352,-13861345,-1337796895,-1216103627
4,1,5,6,10407,-591403006,585109007,2016789699,-392023968,377774828,2070292492
5,1,5,6,10407,-1479827129,-1169819664,-404157573,538750821,-1506858081,-396824819
6,1,5,6,10407,1222626538,1951506391,-2086151558,-1183856248,-1671243758,-401026408
7,1,5,6,10407,1293656443,82358930,-726763955,813249099,-437273326,-2055709474
8,1,5,6,10407,416494240,-1363737191,290756206,-2060208181,-1842778211,-1415025088
9,1,5,6,10407,-2013856913,1281944719,-1399753374,-2047983055,-1921958568,1294028858
10,1,5,6,10407,-587262233,-2101737256,44338177,514721764,-984143138,-1654571753
1,2,5,6,10407,-972062622,510495763,-93411103,-2093094931,1286991253,-754460157
2,2,5,6,10407,-560177395,110720396,1863116978,-1763081252,716273073,-816389373
3,2,5,6,10407,-849205949,-634938092,-129244113,-1502274632,-1078827797,1850851011
4,2,5,6,10407,-2015633168,1625762669,-184624851,670919630,1980331787,-1308843626
5,2,5,6,10407,1940346262,1418877520,289920537,1700002587,-1753229982,1974317521
6,2,5,6,10407,1076843038,336993509,-1397730588,31619080,1522793812,-638909266
7,2,5,6,10407,-214471905,500066620,709154865,-1612790048,2086924713,-792784780
8,2,5,6,10407,1442920182,-1532587640,-686768823,-1265905870,1900693218,-288330875
9,2,5,6,10407,-907952125,-753966593,-634510334,63646336,908559867,-1998854635
10,2,5,6,10407,-419655738,-908470632,1568423279,1792572479,1086516727,1698676512
1,3,5,6,10407,415487726,1070147366,1412943586,-1499559234,16397243,514506301
2,3,5,6,10407,978232640,800545607,-689442184,-193876138,-386520555,359141591
3,3,5,6,10407,488923734,-729855497,1876808194,-1483059249,1112829729,-818534200
4,3,5,6,10407,2073624035,786346487,-220134709,-1238810364,1158198231,1243258906
5,3,5,6,10407,1155847243,1624567046,310597662,809864658,1164412950,-1514634519
6,3,5,6,10407,-664825851,-1146057643,974864260,1551177461,-478760209,1676235190
7,3,5,6,10407,220491232,2130737440,-921658852,-44839254,1292203412,-623057881
8,3,5,6,10407,-1205655475,-381769791,1258501550,-2053565164,-190815977,1867843337
9,3,5,6,10407,-1638447127,963766183,1070385206,1414780989,-1051855731,-1309091142
10,3,5,6,10407,-728920744,-6933485,-1423974175,-163472826,-693663082,-2043476267
1,4,5,6,10407,808676867,952742719,595348478,1848309724,-542326833,1738575051
2,4,5,6,10407,-1972982143,43745867,2110707805,331130204,52021781,-995695603
3,4,5,6,10407,1839080049,1053139774,959126318,-894422169,797423036,-1872349847
4,4,5,6,10407,-1521335897,128373992,487925482,-2064049794,443481755,1508987195
5,4,5,6,10407,-771215466,2118058347,475750723,1545493327,-722509456,877223581
6,4,5,6,10407,-197479546,959759600,-316012236,675439585,-2143838565,850801179
7,4,5,6,10407,-1968932570,-303610306,-1085882211,185898960,1795334063,-1964569576
8,4,5,6,10407,776683552,1382875186,400873190,1679375446,803947331,-1255441429
9,4,5,6,10407,93579383,-1966232032,-86849095,-1355710116,954769575,118326355
10,4,5,6,10407,-28533935,450188232,1733244332,-744649390,653739340,942162974
1,5,5,6,10407,316355569,-288085383,537457956,-1085937976,1494926444,-648212180
2,5,5,6,10407,-679569787,461042083,-1500456242,-1363430489,290219468,1612100852
3,5,5,6,10407,-1647181525,-2062307611,-1588990732,475901275,-1763402846,1925845470
4,5,5,6,10407,1752243753,-1077984309,1177079345,-1081152485,-1252849427,1576135715
5,5,5,6,10407,-623449996,-1153091784,-1048935206,663920515,192749483,-279556955
6,5,5,6,10407,-300666564,-341066880,968960670,-1342076941,1664033879,91923854
7,5,5,6,10407,-773053891,-524298824,867586371,-48946220,-1788143201,-1427823852
8,5,5,6,10407,20795617,-886975112,1711413563,1591355783,-1902492553,2081182063
9,5,5,6,10407,1441670261,1828955700,-559529988,731106751,824430776,1561708401
10,5,5,6,10407,-1203002981,1131154575,1111712861,-1340005901,-2014408664,-2141704073
1,6,5,6,10407,-155385686,1670133076,79149228,-500852440,-207713723,694236024
2,6,5,6,10407,-1134835752,-471503861,777353145,-318709556,491506198,1716879787
3,6,5,6,10407,-261747842,-1707447976,-222385442,1161915005,-1809196103,-1754943640
4,6,5,6,10407,-1933166865,-146555598,-1645395559,1165651148,1403725195,-939679092
5,6,5,6,10407,1893902263,1221926230,463747070,-2062003714,1877350967,-1248460966
6,6,5,6,10407,1528042441,1587134217,1386487324,349486318,-853112150,-1664374235
7,6,5,6,10407,1437946108,-105954741,-2002958539,-1102362738,-696195307,-1021507237
8,6,5,6,10407,-1005966831,-11356050,1827981760,754866550,1319588487,1215163723
9,6,5,6,10407,-1540155600,537298648,-1086985389,350107713,-52373277,213316902
10,6,5,6,10407,-1907812204,-1235949711,-1709467023,-35597349,-1698369054,-946281609
1,7,5,6,10407,894557679,1873851386,666130848,676339958,-1886364534,524134600
2,7,5,6,10407,1718311480,-718033174,538144084,-1597543268,-1275729209,-129383118
3,7,5,6,10407,-53013410,646281949,-998153212,-704273568,-427874228,-2060851389
4,7,5,6,10407,1375954399,-2089754536,-2147214152,-2078905542,-533248023,1270147157
5,7,5,6,10407,-1710920939,577803907,-832062387,1071629956,-1538975084,-1474922335
6,7,5,6,10407,-1770826966,-1482738378,-831587959,1039624428,1620065770,1692563652
7,7,5,6,10407,1624571071,750638908,1208393076,-1026662622,-569513415,-3336277
8,7,5,6,10407,1416603438,-1403671805,-1559329638,1508046470,-35567250,-1674485270
9,7,5,6,10407,1711673212,1888344504,839903384,-807283793,1778262164,-12056961
10,7,5,6,10407,-2104583924,-1372648761,-1942743998,282904151,-1175383849,-1827957726
1,8,5,6,10407,852116501,-1681200809,-705284398,854268308,-361723639,-1167173990
2,8,5,6,10407,330134000,2072388350,1006991466,-1657057013,612353859,280471333
3,8,5,6,10407,-734289306,867638239,-1514605980,-179438534,-388788976,-171871171
4,8,5,6,10407,-1927027366,-1404866216,764335858,303287532,167568111,-68754880
5,8,5,6,10407,537528461,108743302,1631784334,990898147,-961607709,-734923354
6,8,5,6,10407,559585000,1445727083,-79331611,-1952991154,-586667453,1832293876
7,8,5,6,10407,-824559861,-54830293,26961672,1404313498,356406895,1157512820
8,8,5,6,10407,1113519250,1866887741,1355116838,-257728313,197669173,-78553637
9,8,5,6,10407,1507718687,122078191,1689432857,-1781138194,845248712,1836771712
10,8,5,6,10407,1037071442,-952588499,919498120,1748290378,-456568835,846572997
1,9,5,6,10407,-238341136,196450095,-85558478,-239277931,103568808,-1734956816
2,9,5,6,10407,1499131633,-1274277880,-314590048,1726774846,961861664,-837286377
3,9,5,6,10407,1109681040,404886079,1281315908,552471181,-723903157,-1512469496
4,9,5,6,10407,-822605833,298006188,-1324701091,1627627669,272249279,737935777
5,9,5,6,10407,1659393977,-1019068101,-1603573260,2025620327,1738598187,-561374944
6,9,5,6,10407,1654547967,463197775,-1856465613,1903960732,-1074844881,1807157558
7,9,5,6,10407,-562220260,740199632,374979098,-2101469895,-358678447,-546655819
8,9,5,6,10407,334104614,-553494442,1392826066,1161010805,1243272996,413165901
9,9,5,6,10407,220152970,-668640005,1902831502,375257763,1622986976,1549209179
10,9,5,6,10407,-1174230430,926563056,1511107411,-971714513,-818030734,2909938
1,10,5,6,10407,-1961943433,-202212496,-1169961496,1926725989,1042302016,-2042405822
2,10,5,6,10407,2114655254,1571712788,-1500515174,-2018593298,-706763934,-161794711
3,10,5,6,10407,-487799095,91529424,852056097,-169327308,-2101288471,-875182386
4,10,5,6,10407,-482135805,-420259435,-1834270384,1615647561,659857205,-419624970
5,10,5,6,10407,277501830,1778094894,-234407224,1718896905,-194492994,244197836
6,10,5,6,10407,1809836527,526572007,-738847805,-1172630822,-1111565474,1196622170
7,10,5,6,10407,-986116186,-454786771,-376097040,2080219953,-717198113,1998112250
8,10,5,6,10407,-706846773,-615546519,1766267397,-976074920,1272695651,493327255
9,10,5,6,10407,621024401,895109623,1109972409,-1903328777,1529653225,1772634642
10,10,5,6,10407,1074115817,599957801,758121422,1126133833,-1168967635,1183412760
1,1,0,7,10407,-1463992099,-590483936,-1238577872,-1211592114,2007280993,2079885985
2,1,0,7,10407,-1699436675,-549222454,-750223495,1351733070,2026435347,1909930806
3,1,0,7,10407,-609688057,1363238648,-494144834,479323572,552902563,-1194018026
4,1,0,7,10407,-972704037,-1348405198,1886214383,1139822507,1059512201,1207901745
5,1,0,7,10407,1124684902,799517994,-1795482794,-502849596,-1994867528,491790589
6,1,0,7,10407,1484921994,1482433511,911100839,364192717,43182242,-877945402
7,1,0,7,10407,1882619970,957928465,-375415384,-1507641501,13182172,-1360157795
8,1,0,7,10407,-135501772,-1943275790,1789946919,-23905574,-291278356,1288473020
9,1,0,7,10407,-1106830787,-844290487,-1736783658,-1602448426,689439232,-378190972
10,1,0,7,10407,-1610786851,-1863084739,-1409349544,1179876750,-350230193,920099478
1,2,0,7,10407,-126051764,-1429660849,-1627458205,352763367,-1877981982,604127851
2,2,0,7,10407,-2096584285,102721947,210894061,-376068807,-2139533577,-113224916
3,2,0,7,10407,1685330807,1721274355,2073927351,-1023342826,-974169444,-247594103
4,2,0,7,10407,-891105566,-615442247,1348735515,1809071612,801098848,-182772880
5,2,0,7,10407,59341775,967474447,-1390362954,-1595378709,492941709,883535349
6,2,0,7,10407,1244157335,1268298686,-541585578,1363543418,1481674502,817640365
7,2,0,7,10407,-133889921,-555627884,-983917450,1680923191,-889838988,-1826554401
8,2,0,7,10407,1629842576,707459741,-739765222,689109387,-1643065583,689991769
9,2,0,7,10407,325416781,1702477551,1522941316,-1665260668,-744461102,-1257920024
10,2,0,7,10407,-1657489202,-550866521,1811438617,-1291492191,-2074043615,268753036
1,3,0,7,10407,-21228432,76517379,-2129374270,-1475434972,-636369945,2071204749
2,3,0,7,10407,1635723788,-1378056319,900438304,-826787602,1183359153,1269924447
3,3,0,7,10407,1077559691,-199597039,370312101,818391171,412057237,1214924558
4,3,0,7,10407,1366267510,-1426023357,-1178525437,483466210,21521270,110012245
5,3,0,7,10407,-389379570,188286662,-1567337003,1054090193,1342760842,-1615640452
6,3,0,7,10407,1366015152,479602629,-5631921,-1367371731,651601838,-1007905257
7,3,0,7,10407,370231097,-2146436109,-696976556,-623052252,1718960066,798442555
8,3,0,7,10407,493060690,862844855,1615845710,-1010824824,-1867304897,842674987
9,3,0,7,10407,230132658,2046358482,730179563,-67389628,563079149,1979118620
10,3,0,7,10407,-734697485,-1081160710,392311613,-718526498,2070195766,2048591056
1,4,0,7,10407,-864179076,1308389897,828855311,15255647,-1492087494,-1107849373
2,4,0,7,10407,-1763320031,-1027312881,718938147,1370298068,231919972,-1151041286
3,4,0,7,10407,1557718535,-541575300,200140549,-499042296,-446285233,-2068600014
4,4,0,7,10407,-279560137,1341732749,1663641081,-102250794,158948178,-968626474
5,4,0,7,10407,1540985269,560821325,-1699176221,-1662550890,-549247116,1237591030
6,4,0,7,10407,-151311863,-724618751,-1717551957,-887183520,709441484,-121558206
7,4,0,7,10407,1578776305,-2028490415,8588347,811736820,1053582339,1626875081
8,4,0,7,10407,966014678,476505121,-1430024098,629201344,1745533097,1598946775
9,4,0,7,10407,2057184355,1802754022,-264861990,1582051583,-887572949,1145734093
10,4,0,7,10407,-956531271,-485445286,-1474275455,363411747,-2028246591,-161706427
1,5,0,7,10407,-855216195,1399620038,1587216901,1151438103,-1321760472,1957397803
2,5,0,7,10407,-1591118311,1010590737,328606104,1848486017,1685708497,777054710
3,5,0,7,10407,1809557056,1652256560,-113276010,-1863093490,952205133,-689107082
4,5,0,7,10407,-1006456918,2006720279,-112642731,1372569460,988106775,-1186917815
5,5,0,7,10407,-427983531,-823919065,-1966339983,2112895750,-1148907186,2003396489
6,5,0,7,10407,1368820991,845511527,-585953530,-1119943453,2110932054,-1849881903
7,5,0,7,10407,1569517569,1869051019,1009166131,370298923,890319542,1056270255
8,5,0,7,10407,-632487747,1772881174,613766380,956898978,64119585,-1128283133
9,5,0,7,10407,282481011,-243615188,2104587082,2069239052,2030659438,-642524664
10,5,0,7,10407,1528458496,102179634,-65078820,-102491460,993850561,-405783641
1,6,0,7,10407,1342262927,1255535994,2004404935,2032236294,-1288814823,2074341625
2,6,0,7,10407,2052511654,-1406069542,1742794617,1777273018,1348233055,477932730
3,6,0,7,10407,-915455950,-1581441206,-662352882,274225041,-564570091,1971033215
4,6,0,7,10407,1457511430,-1058316841,-572220068,-1701563209,2033778167,-1221661468
5,6,0,7,10407,-999587610,1392564113,-1707029865,814021354,1312394812,-788162760
6,6,0,7,10407,1828781321,148348444,-440378033,1805560507,2009317462,452531755
7,6,0,7,10407,-1838524473,1443869999,1215505779,673396274,-1758665837,1338007809
8,6,0,7,10407,-1296738704,-2114416590,-36573281,-1956036743,-1837055325,-1650994301
9,6,0,7,10407,-1140832980,1668251289,260306192,-1461464777,-842246933,1964713302
10,6,0,7,10407,786455757,-504399957,-1208441791,654895922,-1887289976,1943340641
1,7,0,7,10407,1315496335,863893360,1687036660,2092813337,1820700186,1498687317
2,7,0,7,10407,673021687,-991038802,-1101530045,-524404538,-1472745952,-1978318907
3,7,0,7,10407,-907480794,1844734179,-2079154679,-1942241632,-1139651940,1523250427
4,7,0,7,10407,-885881763,-1069184502,-2121546637,-1038049146,1336410481,560301839
5,7,0,7,10407,1264940502,1708195549,1223735128,425694360,-638000679,-1003375914
6,7,0,7,10407,-1767618336,2001549537,290173903,-1459746453,-1432830603,699398249
7,7,0,7,10407,124376356,-1822425668,793330303,2110335280,-1146344723,-1968562986
8,7,0,7,10407,291182030,1858895855,1096398934,-1572963478,1378366600,-1573380188
9,7,0,7,10407,-1657292058,-670727518,31823799,-891124266,-1803418888,1597092376
10,7,0,7,10407,-1566043063,-957145868,-1423089700,-702786401,1989711701,-1874906267
1,8,0,7,10407,-1381213241,983443509,271058005,384077603,346269109,1791206464
2,8,0,7,10407,1345614719,-196346981,-742768890,-120806632,554109001,-422867227
3,8,0,7,10407,1995983530,1498871297,-690406965,-49140605,1457733745,-955313531
4,8,0,7,10407,-88140399,1386316749,-1486132130,-1930247788,-1003094546,1280408276
5,8,0,7,10407,-1534303201,100994765,1364063179,1442168089,-946241777,-1441198641
6,8,0,7,10407,-1846145354,1763691240,1843646609,1976298239,-341389232,-1907357840
7,8,0,7,10407,1353510994,868333215,-1618599506,519461318,-1785188812,25396354
8,8,0,7,10407,1065512796,51956067,-1108525282,-257687822,-552198726,-521778766
9,8,0,7,10407,-910484075,-2021006475,1332460859,1340534332,372069561,797853173
10,8,0,7,10407,904324382,-1935781251,1378381000,-1344728714,55358451,-1986421211
1,9,0,7,10407,1116337700,-434598347,1674408301,-339224349,-1688989745,-1649088992
2,9,0,7,10407,-1551446221,-1820885338,-2031704475,-251856622,1389731198,1447419156
3,9,0,7,10407,126793248,-1324206351,816434556,-1149195200,-339409251,-898543615
4,9,0,7,10407,-1892634496,1791224265,2146364294,-275752512,-2040277682,-656732141
5,9,0,7,10407,1845704640,-617570441,462225897,-531514033,-2075086278,-980008231
6,9,0,7,10407,-1874717406,45449753,-1209727045,1331901047,337983105,-1644498130
7,9,0,7,10407,-1350736368,1325958392,-1956039000,2111662845,642410270,605134651
8,9,0,7,10407,1982619520,852294203,-1823215413,258940363,-1691635294,-1662923762
9,9,0,7,10407,-49279010,-1044905770,-645525073,606668921,-1633127044,645726648
10,9,0,7,10407,-920426002,-1955655914,-367999092,866335888,572303524,1037534070
1,10,0,7,10407,-1099332910,-1492327177,1458046709,1230329514,-1570497019,1065273927
2,10,0,7,10407,-668760838,-1985685270,-470636540,1740134594,-337908648,-1897741576
3,10,0,7,10407,-1164441777,389663297,735725639,-1703077597,-516253329,-1372759046
4,10,0,7,10407,-2144426621,-1959468330,-1595246557,-1463756094,883483025,173246952
5,10,0,7,10407,-1699668441,-155781909,99904563,-599075764,-843989802,-1787410662
6,10,0,7,10407,1682126453,1214427755,-6058083,-1128701000,-247819809,-937667677
7,10,0,7,10407,-859226134,530722543,862819203,811865706,404721629,-596005703
8,10,0,7,10407,-1817287213,-77092062,-1550957724,-2024811231,-1063414244,372115117
9,10,0,7,10407,2110200215,-1884155820,-1795918051,-730926572,-1936123296,1751309884
10,10,0,7,10407,-407110773,-575185366,-1901764055,-1701849731,78829451,1569027839
1,1,1,7,10407,-1598457132,-1518235653,-2115207130,-1685710719,-30532636,1672471461
2,1,1,7,10407,1858966400,-78847862,839877155,879355349,1000308620,-1574227585
3,1,1,7,10407,1552456322,1413971083,-1323613711,48599023,769725748,-1836964918
4,1,1,7,10407,812890651,-1781364067,-146227337,636162071,-749694982,1972988156
5,1,1,7,10407,-2129773030,-1431155359,1051426361,-2086458880,-1365474178,-273753104
6,1,1,7,10407,-917267166,55454353,690486618,-1978637376,-1814322124,-476720868
7,1,1,7,10407,1548635651,-2126086579,1108917474,-162795870,-1429840315,595849256
8,1,1,7,10407,-526784250,-1605528967,-400187187,71213090,1750221367,-1378577434
9,1,1,7,10407,1800101732,400583671,1726836239,1252450517,-937368488,-843851751
10,1,1,7,10407,1202925141,1927204797,56853273,249821860,1446118750,-1879924895
1,2,1,7,10407,-685523127,-1613138049,-1457420381,-1420237784,1670381381,1893526783
2,2,1,7,10407,2133070168,-986971496,-649546422,-811234362,125629968,-659239340
3,2,1,7,10407,531526873,-163646519,939070634,-307789821,1002559204,1795182581
4,2,1,7,10407,750695654,142013928,401232715,247739688,-1202127197,-1391727692
5,2,1,7,10407,-1540774270,1784930949,-595824096,1849187613,-883006129,-678830308
6,2,1,7,10407,-1107275824,767702697,931569720,384904324,-1966618382,-942297295
7,2,1,7,10407,-1727164919,-1236161754,-779824403,1900365056,-293188809,1706780485
8,2,1,7,10407,-914093329,-1594388234,1704912335,827847146,481811930,1759248145
9,2,1,7,10407,1788626443,-1443536836,16650113,-368245591,1920192186,-1344379626
10,2,1,7,10407,-1436727237,-1621700634,-329900219,2044352952,-768246315,1923229404
1,3,1,7,10407,-1608169305,-320311153,-219355211,-2044087721,-1637872225,1117568068
2,3,1,7,10407,506810608,534539159,-84456821,264164898,807146984,-549699259
3,3,1,7,10407,102370313,-867104064,1531411625,-1153279083,207599614,155829653
4,3,1,7,10407,-673447942,1119739669,-1934960572,-148220496,1305034391,-599823509
5,3,1,7,10407,83605756,478180631,-2143240446,-1356631349,2083610240,1421934242
6,3,1,7,10407,1665134090,721444289,-1139383430,-124438515,531656801,-519939763
7,3,1,7,10407,-754786703,1070211867,497863982,31449227,-828130308,-1237848864
8,3,1,7,10407,254369801,1225221886,-1614015799,614174075,-1853264136,-838054725
9,3,1,7,10407,-119517169,-1858754276,2041437552,-1251126655,898346633,-1328934908
10,3,1,7,10407,-1612436852,-890974443,1184069681,-1371808211,-1550906860,1814909595
1,4,1,7,10407,492732590,985103920,-1974786067,-1907972864,-1382217199,1971582895
2,4,1,7,10407,1960329480,1278389165,-344525196,1246051801,1946687652,-1686325693
3,4,1,7,10407,1621838764,-1200430863,-124061898,-1825326695,-25149004,-1022337049
4,4,1,7,10407,521808253,2024484053,1922783717,1769113943,-643824153,1215914157
5,4,1,7,10407,779590609,-403114334,1224234900,-149374917,333929483,-487994630
6,4,1,7,10407,-215173764,1762112363,-1023049992,720675535,568271090,-458910995
7,4,1,7,10407,760428436,2025417439,-469860577,1740180320,-9265011,-1562459161
8,4,1,7,10407,285846951,-812458892,206098232,2117360680,-1177694383,1019223166
9,4,1,7,10407,823024064,1887906984,-96638015,-789207024,-1682110335,-308950752
10,4,1,7,10407,1029919414,1322396603,1523460638,1114622138,209848292,-2095938260
1,5,1,7,10407,902529226,95788014,-1262343869,285384300,-394618029,916437619
2,5,1,7,10407,-1570002623,774928475,-2056303084,1523852723,-515061089,-1992734652
3,5,1,7,10407,-1186323624,1596718639,-1343373016,-1651821910,1219727893,-222933844
4,5,1,7,10407,609428991,-876759552,291432086,-1332556420,-1317631766,896460517
5,5,1,7,10407,-1492135141,1817923418,1228912554,-731139669,-1727962238,-314476699
6,5,1,7,10407,1911829560,-1122851067,-784092018,903665300,-355283932,-2035808033
7,5,1,7,10407,1363906240,-795500918,-143224301,-971536878,1160797889,-1004832047
8,5,1,7,10407,894693699,267967277,-740392131,816533226,1131931355,-557464785
9,5,1,7,10407,-1405620307,-1307701658,-860362118,1630877668,40628557,700748356
10,5,1,7,10407,-2015606064,1001948831,175693696,-541558093,-237772098,-2022774431
1,6,1,7,10407,-143712225,485641528,2086131376,579756631,-1580189120,28354205
2,6,1,7,10407,1309887590,1577218852,-1481597946,1554846077,847251596,1990273671
3,6,1,7,10407,434255597,-1510059556,1738928716,1586586820,-1301203509,840554033
4,6,1,7,10407,-1596714014,-265819946,283017365,-594976548,1442409957,-1553566527
5,6,1,7,10407,720662762,868192892,-1083400563,-1764043870,428888102,552913428
6,6,1,7,10407,65141496,-1970885879,-1532719955,624031571,167400633,-2054323069
7,6,1,7,10407,757149457,85655411,-1519824724,-1964168287,1669546429,2090756020
8,6,1,7,10407,-327092627,-1979304311,-1396368979,-601264666,-1422966594,1877028446
9,6,1,7,10407,-737831624,689705354,-1020060483,-1248973750,-194816988,1420579704
10,6,1,7,10407,-681403394,-1452547138,-1268099099,-1618593781,-90811030,-700906530
1,7,1,7,10407,419132408,-352031718,1871448529,-1921900348,79320909,-1099670606
2,7,1,7,10407,-99242448,-619019745,-1884862856,1793022865,-1470625762,1158259084
3,7,1,7,10407,-1256523457,-1974276628,-617720524,156171451,1913785209,332298037
4,7,1,7,10407,-2063308815,-723619211,-1765735258,1625488817,959954067,-671217104
5,7,1,7,10407,-1035844249,751504765,-949101259,-970805593,1746730369,-174001102
6,7,1,7,10407,-1412546506,-1209920744,2106129993,847645950,-1554732124,-1627686397
7,7,1,7,10407,-1835158529,-1013577229,335105998,-2076941835,717748603,324202135
8,7,1,7,10407,-640788733,49113847,-135405525,-2107238569,-126998427,145434490
9,7,1,7,10407,1615266320,-1435318634,-1757336739,1884283027,-2120028553,1582110736
10,7,1,7,10407,370042928,1051724019,55831476,-1206316710,1829501395,587041143
1,8,1,7,10407,-306929850,1721595722,-880534906,-1852348963,153472251,-1408791509
2,8,1,7,10407,-2131409740,1286179600,2012570004,1137113702,418425634,1224030869
3,8,1,7,10407,384284526,2043629291,-128225625,1742042381,381670183,869647795
4,8,1,7,10407,2003511069,757584702,1852102226,-1428600218,-2103248589,-1454259813
5,8,1,7,10407,-612599824,1978066878,1129478602,992054382,-1542515698,-1701745661
6,8,1,7,10407,1499167642,1307005793,-1764661742,1551293810,-849195,-319927784
7,8,1,7,10407,1999416719,17300336,234331850,1875148190,-1519547578,-2035020217
8,8,1,7,10407,609421733,1627305866,2094968085,720185900,2010464498,-1588736061
9,8,1,7,10407,1279791243,200061518,-1901702375,31996653,-83999420,1901194023
10,8,1,7,10407,1817520852,847501922,-2009417908,1261078689,-530898275,-1520339557
1,9,1,7,10407,2083021631,1874054557,-1663209757,-526623628,1062938863,-2071621143
2,9,1,7,10407,1518901992,-1741332214,1974723889,-462721299,-305148034,-1694746054
3,9,1,7,10407,-1259150592,-1815441644,1588487470,305627326,1494824893,-527470427
4,9,1,7,10407,1755302566,1160495633,189323017,-1570538423,-1479825656,784526448
5,9,1,7,10407,-1554599377,1742995372,-891247057,1426361784,1271967528,1089957262
6,9,1,7,10407,1787072056,1120670934,-360559850,-1056050353,1882897319,-1577952875
7,9,1,7,10407,-1409193717,-1437140364,137195396,1873767503,-1903577848,1486029038
8,9,1,7,10407,-1051254224,-1635625273,2073703577,-1356556550,126931724,-2125941311
9,9,1,7,10407,-1472002202,2045227796,2027521771,-62926551,334393444,-282273314
10,9,1,7,10407,1335421632,715625294,-270652466,-349841614,371143904,-1669230046
1,10,1,7,10407,1354063606,-893335795,1545012491,1407574581,-1058378630,-411176271
2,10,1,7,10407,3313498,719605741,-683520448,-176207998,1661209231,-1919321174
3,10,1,7,10407,193053711,385367929,-665491010,-71440520,-1806052017,2007877240
4,10,1,7,10407,1364133118,-678564102,308842951,1824176439,-442469901,-411332124
5,10,1,7,10407,22679139,-531329151,857175390,1519668981,-1378376224,-1290056979
6,10,1,7,10407,-335130813,515812321,788930647,-2090641071,-12432546,2035059631
7,10,1,7,10407,-307710582,-2017119339,1509849962,-650862560,2078923805,-1104659348
8,10,1,7,10407,601346167,2095958485,1174647043,1401120801,1257733442,216523554
9,10,1,7,10407,-879604163,949167832,1317172004,-714912503,-985979111,1367530490
10,10,1,7,10407,391728597,-1177449598,240059419,-920428834,1346391459,672223918
1,1,2,7,10407,72725259,-841268730,-595263914,1985557582,-802679544,12337721
2,1,2,7,10407,1380483396,343598067,1884484253,2031441134,-1016965341,1573972306
3,1,2,7,10407,580194673,298564557,-13739095,1880728180,980662901,1302537528
4,1,2,7,10407,-1290388090,1663162213,1271475397,-2096257261,787691587,2082457943
5,1,2,7,10407,-596995312,1169528511,-2006142514,557217483,1828120,-978508529
6,1,2,7,10407,407236371,-1699893639,823708551,-325748223,-481260058,1043550203
7,1,2,7,10407,-1597695920,-1426292654,95161102,680233017,267677028,1425972864
8,1,2,7,10407,-285735642,774074068,32162135,546649751,-43883767,-1624943991
9,1,2,7,10407,1449948314,265459499,1055550715,-2033173623,1296517148,-144499868
10,1,2,7,10407,1955695192,-550192448,898341102,1658684994,1762173037,1168749949
1,2,2,7,10407,609871216,1753367714,778339393,-1013803471,-1242283038,-330970059
2,2,2,7,10407,558733386,-1593909947,1587174340,1042058683,158376633,1825236116
3,2,2,7,10407,562071168,-1406672713,1378042235,-875171885,-1835691881,-2139485874
4,2,2,7,10407,941204929,-1580430128,836062093,-1356333860,-28290691,-1050746795
5,2,2,7,10407,2063775345,296772218,594508043,-143099448,-138605539,1069657237
6,2,2,7,10407,701581594,1921874365,1967100162,43279494,-6460344,1719008994
7,2,2,7,10407,1754269581,1326289185,1470212481,85822881,-1188101701,-1156876031
8,2,2,7,10407,1349176536,587800034,1241599031,-1059541819,-2113911756,1725771226
9,2,2,7,10407,1230173920,-1300367160,1054320806,-1115397940,1746651649,-1501901548
10,2,2,7,10407,-978496935,-638342249,1519877789,361089999,-226476811,1327456568
1,3,2,7,10407,164202485,-1222462368,1963462505,359032081,-427846530,448975736
2,3,2,7,10407,-1223124424,-1795898974,988518375,-343351202,-558853726,545865757
3,3,2,7,10407,-958673097,468480230,-934377363,1213699773,-1090118348,1760612157
4,3,2,7,10407,667796958,-1748549945,1733424122,2141434805,-497051162,-1754812759
5,3,2,7,10407,1176221591,-1793419169,-849347541,-804178192,316134998,-1141221057
6,3,2,7,10407,364822976,-233103997,-887489572,-1092078775,-1699855727,-1950403214
7,3,2,7,10407,-2124506094,1869007067,-2108258026,-941268543,-417951092,-352827687
8,3,2,7,10407,-21670882,-1001807417,398463888,1135275083,770799808,683870764
9,3,2,7,10407,987416838,1803686830,-1272203759,-365953896,1156319325,-1269271792
10,3,2,7,10407,342607833,-741667431,-1786623605,1891225320,1861845146,806778203
1,4,2,7,10407,-320100655,215815936,-1845409164,787044405,1033036899,685970306
2,4,2,7,10407,1767024232,164874342,-1281872292,-53617678,1408039572,-1520565534
3,4,2,7,10407,1702554017,-1045835976,1633299714,1096973273,-950819880,-208270820
4,4,2,7,10407,152018526,1236189544,-1987975052,-377417720,1320957594,-2009976129
5,4,2,7,10407,950749218,-2147382848,365910673,492877249,-2091745999,1377890155
6,4,2,7,10407,-23672027,-674228091,-254434728,925441257,1370438946,2100226317
7,4,2,7,10407,-1629059021,-1402333312,1015178685,207996555,-163975031,-1213878419
8,4,2,7,10407,-162298184,946661697,231967222,1481438662,-1580377106,-1209763305
9,4,2,7,10407,-1611701434,1918657850,-1467207454,-1370589798,1636294495,1452823208
10,4,2,7,10407,748521815,-41829228,-1240040577,-246413680,-2044413876,1598810187
1,5,2,7,10407,-415868373,-1066504614,418453788,1349093826,671229018,1304445133
2,5,2,7,10407,1108374415,-425108895,738737631,-382073115,1592818730,22632595
3,5,2,7,10407,192685216,1875494399,-1149666874,414515186,1531812164,-1672213043
4,5,2,7,10407,-1385000776,109628689,529724716,1412980025,-698251843,1111634067
5,5,2,7,10407,-1324234210,643956559,-857032306,1552566152,-285133691,257017333
6,5,2,7,10407,-553729894,658972270,-26673192,-1497006048,-519881166,-68781601
7,5,2,7,10407,-702783199,2001267086,1744544495,763378674,-1254743052,625665081
8,5,2,7,10407,-1857251956,-257150245,-665929072,1890704208,-1251975750,495807561
9,5,2,7,10407,1724111007,-66323882,-956325963,224594724,-1352282181,-769679749
10,5,2,7,10407,800637528,2042990236,-1608539029,-942845487,64006562,1528645997
1,6,2,7,10407,-275103574,816667706,-560303145,270861439,-1145950883,-838702309
2,6,2,7,10407,979881959,-458876536,1519269094,1655626965,1078802387,-228402849
3,6,2,7,10407,-457951611,326667012,294994568,1793798189,1583339506,1522550975
4,6,2,7,10407,407352775,-722262743,558608758,1494615940,-804764914,1327055418
5,6,2,7,10407,-1014739177,1556051882,557074606,-1862287645,223370828,1121384268
6,6,2,7,10407,-580263676,1714841308,235387803,512527673,-2078065183,-996037873
7,6,2,7,10407,-591813830,2055165337,-1523302107,2003322947,-275255350,-42798190
8,6,2,7,10407,1425946776,-2038037206,-174225968,-658242046,-1659046419,-756918731
9,6,2,7,10407,2003631931,2092062046,-413087995,490480512,-728656488,702592271
10,6,2,7,10407,-1130186146,1252731586,993547738,874414379,-1174585813,644853697
1,7,2,7,10407,-1668531836,-2133393328,589450515,1305246686,1941318727,-635266455
2,7,2,7,10407,-18059144,789946954,1300828151,437831312,-2092064429,-143414790
3,7,2,7,10407,-234542906,258750430,871818921,-1989278147,655440575,-1026219627
4,7,2,7,10407,550346759,1969601594,-1676599932,1406557350,529979263,-286786607
5,7,2,7,10407,913526328,-272739841,722126009,-1624336634,-557672241,1341375969
6,7,2,7,10407,1294393751,534548066,-1474037797,1213825363,-998765262,899156755
7,7,2,7,10407,1471516718,1473314929,-2126186376,1535766050,147184457,-1359136604
8,7,2,7,10407,149353393,-1472084685,1106319580,900552889,987156277,-2031276138
9,7,2,7,10407,-280120095,61288683,1318707822,-938985976,1267000190,-675280253
10,7,2,7,10407,143334589,-1483335811,-803656930,-1392111129,-1721034583,-304534191
1,8,2,7,10407,1298355576,-645702077,355136325,1656884748,1574577743,1188856374
2,8,2,7,10407,-1276481359,-1822765347,4761044,-525958766,1261477243,1126191324
3,8,2,7,10407,226292678,64208161,-1114100514,-1666220768,-804611558,-1346798403
4,8,2,7,10407,-299917640,946276754,-310048725,1030824814,2014322511,1751325314
5,8,2,7,10407,34816881,765674955,-962852946,-1922249203,-1355541759,1640038645
6,8,2,7,10407,-1772873017,2068535942,-1610055200,-2009326188,1133011793,-594235630
7,8,2,7,10407,-194689842,-1352720386,865700863,-1058469755,276636430,-1054482075
8,8,2,7,10407,-1147386167,1635865782,-1485019205,-2032133154,-343916614,-486081841
9,8,2,7,10407,-1224123543,-698574649,1977961094,-548884515,425706740,1731423708
10,8,2,7,10407,422019165,-19192513,-488289830,-1922114882,1442823818,-922250315
1,9,2,7,10407,-1808056815,1775440399,-1195029906,1990529222,-825786660,-1142063146
2,9,2,7,10407,1113076495,-980872599,765840496,-1362783843,-30326775,-2114269436
3,9,2,7,10407,-1695570318,797816049,-1700881271,-1832595023,419069453,-1535829342
4,9,2,7,10407,684342990,757255169,1237706610,-1526154647,1156557120,1100256489
5,9,2,7,10407,-970489612,-1156394567,66494149,-1645425124,-905971470,-1216208238
6,9,2,7,10407,1914340890,912595365,-1336420213,96740982,1823369508,539315152
7,9,2,7,10407,-623185205,-1511094731,1692151516,-472191336,-652130098,150593578
8,9,2,7,10407,1417607147,693897377,-880615917,1907816024,79866206,-1104629974
9,9,2,7,10407,-443034053,1182256460,1578535406,-1485386206,-1690577152,972282569
10,9,2,7,10407,-679928388,770926982,977076614,684317429,-1369648175,1353758880
1,10,2,7,10407,1969337107,115611650,775546971,999048080,2081913957,1138832242
2,10,2,7,10407,432019863,1372479241,-62827998,-1952841411,-305708535,1309907412
3,10,2,7,10407,874865355,-1387912795,-630051396,-942395801,126684556,-1846923520
4,10,2,7,10407,-524215839,-441339032,348734043,909053898,1388401725,-227212899
5,10,2,7,10407,-1384643307,1650349557,-906268831,-1677190322,2057824095,2040814577
6,10,2,7,10407,-1496724313,1676798170,-2140494645,710566657,65489082,1373720373
7,10,2,7,10407,-323656089,933332355,104672067,-1089969238,-2009148825,-618237276
8,10,2,7,10407,-692091959,462164262,2128108378,-1448650294,22564462,178605087
9,10,2,7,10407,1588244305,1830434581,1704975886,-668138669,-1341969785,578658802
10,10,2,7,10407,1704816083,1207288794,-225181687,-1371322448,-836450696,1443956648
1,1,3,7,10407,321803163,1036608484,-821908955,-880939649,1070827320,-995242363
2,1,3,7,10407,-1777419486,-1437684793,1337393512,151761801,1928954626,719211978
3,1,3,7,10407,727443762,-1859373748,206997821,775442101,-1097601647,-1916793413
4,1,3,7,10407,574658756,970765361,726883545,-1202037018,-1386324697,2078490660
5,1,3,7,10407,-1118682662,-1682857938,1739335054,-250209332,-1990246491,-19066483
6,1,3,7,10407,-1385698086,-1833758432,97267116,-495432067,132694192,-1316379237
7,1,3,7,10407,-362343010,651548149,-1438206746,-639657024,588358505,-720789389
8,1,3,7,10407,1043151789,565017996,-1000351046,970379304,-1252610827,-1103563198
9,1,3,7,10407,811471026,-1590945319,-471842656,-847041833,1486204428,-1469875108
10,1,3,7,10407,-1747083639,-416706090,-328152309,-1138709133,-1801464175,745324753
1,2,3,7,10407,-1440513321,115516083,203383834,-2140972779,-1624041499,1329168500
2,2,3,7,10407,-2138414731,918179179,-1206416093,872086355,362149610,1696864512
3,2,3,7,10407,1031190545,864761097,801118010,305220275,1013660753,676286543
4,2,3,7,10407,93115118,-514630742,256285668,-276140311,-1883694005,799611935
5,2,3,7,10407,371596941,1528324000,158737204,-858496250,848677377,-1828080541
6,2,3,7,10407,714682699,1624065449,-977582221,-219308482,-1547660356,609372433
7,2,3,7,10407,-1816736994,1329310816,498966472,1232693487,677005292,680929497
8,2,3,7,10407,-1873717558,-1852042723,237070167,129593954,-251342176,852277751
9,2,3,7,10407,938334207,-1259146604,-996023,78224933,-370875054,-157442551
10,2,3,7,10407,1445903503,-258422320,1736675747,432054405,-1094216920,-509050337
1,3,3,7,10407,1065637412,13322630,-1823008599,-1414782535,-883429397,-1337378610
2,3,3,7,10407,1195287825,2035094946,-1706527977,-1546640107,1220851076,-768456705
3,3,3,7,10407,-1799135453,1392306045,-1842422526,691529597,-1903720958,443823393
4,3,3,7,10407,1248683539,926926576,-2103287829,1633521280,2050969541,1718533696
5,3,3,7,10407,179625773,-319293173,-503120098,992362403,-1829740053,-1587686482
6,3,3,7,10407,847193049,-459485954,-945395852,-2043709443,-1901442061,-1767153022
7,3,3,7,10407,1377638422,1933120509,-1471451430,1710926399,-857896408,-27143340
8,3,3,7,10407,-2133938776,-1088614184,474476710,1100550104,-76466485,-1589449642
9,3,3,7,10407,-1802184442,-1583449838,783881867,604257819,160736022,1505524020
10,3,3,7,10407,-973016932,1959457153,387820095,1910167648,-851120782,-1900414328
1,4,3,7,10407,-1093242798,-1429579502,-1471820091,-189800449,1196599519,-478089952
2,4,3,7,10407,-1530337742,1639832345,1102579108,-883377137,1566470217,-1223445855
3,4,3,7,10407,1687080387,-1555650533,1747246524,-280280504,-587717674,993668147
4,4,3,7,10407,805200581,-1934866736,-294364507,-1105609823,1638062501,-1815266505
5,4,3,7,10407,412770627,-1738874148,1805332487,-2054577584,-1012437428,-1726934896
6,4,3,7,10407,-741690761,-458725448,-855281368,-955682285,-1280284511,-384332493
7,4,3,7,10407,-1146468776,-154653507,-1309652602,-1707603044,-781397318,888074099
8,4,3,7,10407,1973139025,1152632403,-1644928175,-1771641165,-1510198669,-1529114471
9,4,3,7,10407,20567422,1149755587,1646542401,750298421,584182655,398059481
10,4,3,7,10407,-319464406,-1230625601,66461743,660627462,1115349498,540408095
1,5,3,7,10407,-492388315,924335538,-1548675850,-2017124238,-702837978,-1224067634
2,5,3,7,10407,819885807,1664568069,2112870126,-244458175,-1022147398,-230436346
3,5,3,7,10407,-311074298,552466109,1610284422,24015568,1552916721,-1949610781
4,5,3,7,10407,361119644,-377560971,1274542237,1798448947,1993116483,1922064877
5,5,3,7,10407,1250814374,-1906155457,1060569129,-468720925,-1254854618,417683437
6,5,3,7,10407,-1052809746,-12891745,-1533688828,-944218892,1219875035,624590609
7,5,3,7,10407,-1102287386,-1563493300,379874302,1864124753,1678305962,337078391
8,5,3,7,10407,1533363987,1768398526,554086056,-1516887898,-191786287,-528261159
9,5,3,7,10407,516162110,-749594464,616243523,-1027377951,-1952987693,-758657964
10,5,3,7,10407,-1768084638,1016149591,1491970335,1202128342,-1653709508,-933590650
1,6,3,7,10407,-25613676,1276314719,928989441,1454840428,-247765337,267431892
2,6,3,7,10407,1562305169,1350011382,-287429183,1696915739,832991902,1554300048
3,6,3,7,10407,1761139864,-1380947735,1704310063,-193873792,1595373321,2100786474
4,6,3,7,10407,713988882,491164718,1873910207,2126135596,235415747,-616717745
5,6,3,7,10407,-1498666679,2066874151,-1010045036,-1095418067,2072032602,586017242
6,6,3,7,10407,-963397090,-378917324,168945194,-1673083303,987118116,-655886684
7,6,3,7,10407,-1020446035,-1572081943,-1945132942,-1877093379,-1500141381,-1336023189
8,6,3,7,10407,477915233,-186743053,619277815,1761596426,355584579,2054967031
9,6,3,7,10407,-2136441447,2006744578,427477625,-1725769553,681532192,1876894659
10,6,3,7,10407,1904343866,518307861,1043901531,-551475672,1088335759,-224851866
1,7,3,7,10407,1391430411,913423732,2071697237,-277537716,-126918098,51587068
2,7,3,7,10407,-2099574394,-646945827,-1378056012,-2080441038,184263979,899422165
3,7,3,7,10407,-1559084101,-1253403831,615370484,-2104367825,-1892764666,311887540
4,7,3,7,10407,-1315857621,134489629,3752474,-1411306083,1110687171,-1102058966
5,7,3,7,10407,1954780792,1093458259,-935448808,-157005619,259828583,-221431972
6,7,3,7,10407,-501371549,1703209119,-853724518,-990242299,-1153341059,-1322676246
7,7,3,7,10407,-1876069007,-1314846572,1816937451,1662876780,693523127,283771757
8,7,3,7,10407,751176137,-124269885,69164323,-1386678065,-1454123673,-1592177894
9,7,3,7,10407,322663004,1989196074,1741185026,911071750,38630706,-486593927
10,7,3,7,10407,462816413,-453307501,1247373180,-889758677,-411147172,-889360165
1,8,3,7,10407,1533825614,-1933959140,-856714860,719356389,187776200,239688960
2,8,3,7,10407,-826124569,-193292971,1118867250,-694087678,83017844,-507905469
3,8,3,7,10407,-1021883861,-809621614,818370796,-625223860,-1492379507,-284100048
4,8,3,7,10407,1631008657,-1849929562,2134366691,-644551780,1204440852,-500046975
5,8,3,7,10407,469305714,1663308139,-2103579,-2103501206,348539531,1130979458
6,8,3,7,10407,-1664997468,-1940278813,1578725540,-716218791,1480546337,963150854
7,8,3,7,10407,1915875099,1045109416,-770580343,141022364,-1921058145,778468737
8,8,3,7,10407,-1402669125,573091406,-1665482102,892292231,-431600499,188079527
9,8,3,7,10407,279328746,1766286348,-10929320,-698839869,-1625959451,-1535965403
10,8,3,7,10407,-1505415997,-451224558,-73289890,1665831913,593850499,1268362546
1,9,3,7,10407,215672137,-1997371938,1454131446,1323185394,244516256,1315318307
2,9,3,7,10407,287629407,299479876,-1409225953,-378171238,1970224004,-580605041
3,9,3,7,10407,1776439743,34858297,-629648845,-1421093026,881321063,811591353
4,9,3,7,10407,566810832,-1529119886,-848087506,-1042339383,-863881446,1243831975
5,9,3,7,10407,-356897584,343967098,-345986553,-1010646173,-785899680,-510883149
6,9,3,7,10407,727854075,2001475674,-1140486412,-837449478,488494880,1327380602
7,9,3,7,10407,-218113043,-2090072276,-1211923931,-2133249426,-27795958,2131434534
8,9,3,7,10407,-1349174953,1909907874,1192699144,-1153666082,595194164,808034886
9,9,3,7,10407,315700325,-182500956,-1861099617,-1860844806,-1980798238,1031138784
10,9,3,7,10407,1416600230,-81977963,-1631628062,-154229767,1545628485,2146264675
1,10,3,7,10407,175110029,-354441832,1722174751,1909517022,698166812,-1646353126
2,10,3,7,10407,-1296788665,-1524889742,1718229338,1078396302,682960817,-1553787887
3,10,3,7,10407,82781855,1887372128,-1699628128,1336118028,1364244533,985398043
4,10,3,7,10407,-2056230495,1770081957,-1154884920,-1282811283,-1993817361,1931145785
5,10,3,7,10407,1413495854,548180286,-20076784,-64202086,1427474739,285187539
6,10,3,7,10407,-1600780325,-942386955,-2084077956,70842886,84687226,1140262890
7,10,3,7,10407,2074788737,-1531679798,2024132293,2018553715,-1508563166,-195901409
8,10,3,7,10407,1056250449,1376544256,-1009896618,-1912871307,-336412499,-1818633387
9,10,3,7,10407,-529512921,620846128,-359283707,-930077939,18447310,-1869354905
10,10,3,7,10407,1506114139,1508439525,2132389103,463686890,589173661,-678766606
1,1,4,7,10407,-980388078,-1481164813,63584507,1539661726,370248820,1483594329
2,1,4,7,10407,-777523315,1954280046,-102284375,-251416774,2053464731,822046918
3,1,4,7,10407,-163464825,1792271584,12208420,619275754,2012067203,-242043855
4,1,4,7,10407,275804400,40517717,1171033591,-1554710718,-876782352,28656556
5,1,4,7,10407,711956682,1020155783,1862805626,1399300593,774557687,258486598
6,1,4,7,10407,659972374,-949078810,1517297954,-1207814509,604414302,-931614267
7,1,4,7,10407,1805523673,1862408676,-2123002762,-1010609956,99879602,1663316415
8,1,4,7,10407,1902378212,-1073211049,-1412947898,-321167021,-1380509790,-556126206
9,1,4,7,10407,705284085,-704674037,1896400125,1346996758,1223017197,1762939154
10,1,4,7,10407,-1993087193,556623368,-2044188388,1936086917,-1087364517,-595793863
1,2,4,7,10407,271503004,1356786994,-1345911341,-440033120,-793305299,-1486682493
2,2,4,7,10407,1406384867,-1730008509,-1741375460,2026884113,-1793357948,1983248735
3,2,4,7,10407,-1175657882,1231926169,-1121922016,-2139773255,-16048678,1216619029
4,2,4,7,10407,1887443886,-793759326,-259288233,1510130959,-314062752,-159926638
5,2,4,7,10407,-414489484,137704220,-825973941,-1033347586,383927267,1809378925
6,2,4,7,10407,-1163185851,1671690782,2040190053,480681868,1883598971,194131191
7,2,4,7,10407,70945548,1697675655,-368761410,663304310,-1711139984,485518095
8,2,4,7,10407,580164772,2143760777,-1933299025,403935119,175387280,-1324346072
9,2,4,7,10407,-2145918446,1029497385,945513687,-1440391490,615491933,-1676287400
10,2,4,7,10407,565713689,870453954,-1495813949,-1376853636,-463477610,695644067
1,3,4,7,10407,1282067348,-1096459340,-1622248629,2033320699,-1065973193,-1550186823
2,3,4,7,10407,-1456653880,-768921614,1194158488,1668255678,-1831761287,832309241
3,3,4,7,10407,907845376,-1493872422,701747616,1393120658,514472467,1104422950
4,3,4,7,10407,-1928000082,1035881648,584491286,1021679750,-1041341331,-1894824981
5,3,4,7,10407,1066125377,740926294,900336949,-374789217,-1091507058,982933874
6,3,4,7,10407,293823590,479623547,461951293,1242982009,468120466,1479907240
7,3,4,7,10407,170920969,840017262,368470497,789740658,-568153589,1546706022
8,3,4,7,10407,454683001,1232645080,1011901727,-31342767,-1435471179,1325830322
9,3,4,7,10407,666070083,1929634776,-87329640,1702537287,-782849077,-1851172535
10,3,4,7,10407,-1668453705,1032119184,-716540081,1133893333,-1156589704,-1574046484
1,4,4,7,10407,-1378579969,282865109,515004794,-1795435096,1661609827,-839866577
2,4,4,7,10407,646966642,1314506714,666336003,-773202924,793930364,1910123114
3,4,4,7,10407,1350448263,1613842852,1169672256,451904939,956044168,1266023538
4,4,4,7,10407,-1139001299,-449182084,-1881587607,-1551406757,830332213,733839376
5,4,4,7,10407,1230069245,1574238775,268235780,1738410592,-1058816752,1336952962
6,4,4,7,10407,328551087,-757566580,833033927,34417763,-318819593,680091387
7,4,4,7,10407,642920985,-939296350,2127728576,1691169935,-1369511883,-685157983
8,4,4,7,10407,-965789525,-242977625,668754840,-342710163,-1775053088,842277372
9,4,4,7,10407,712451799,940132543,293735531,-1645793948,401439231,-40818525
10,4,4,7,10407,1121159655,2147072669,-790725534,-1836358631,-1725411424,-2042406814
1,5,4,7,10407,311895411,1098254926,-876452680,1724713984,174626339,-642216038
2,5,4,7,10407,1966419144,-797133393,1115006474,2086352046,-1168445045,1886404354
3,5,4,7,10407,-114367606,-597277291,121240966,-13375826,342832468,-1501022512
4,5,4,7,10407,289595924,-921954674,1203690255,2085973053,-425448301,-1963067706
5,5,4,7,10407,84491800,-2032300196,-837798227,-1391460733,1312957475,1485990490
6,5,4,7,10407,-1594798163,-530713385,1813435290,-576235222,-197009596,-1379311105
7,5,4,7,10407,-1985751169,-1565803164,-581003524,1551783366,1242295322,109775601
8,5,4,7,10407,1149803583,-717199855,-938195298,1984154252,126562347,-1675327347
9,5,4,7,10407,2060365909,-696507635,-243728399,2062830692,-1329173740,-369055442
10,5,4,7,10407,737595783,229348935,-1110500001,-805889542,-1482162267,1865820237
1,6,4,7,10407,-620482933,-799365189,-278835574,1445501020,-1439677940,-1648100352
2,6,4,7,10407,1606733936,1428802797,1537186406,-559008519,-1171713035,-942823300
3,6,4,7,10407,-792262132,-1492971109,618948024,223889193,161786127,584549520
4,6,4,7,10407,244599867,1893357257,-232897204,-1060954395,-18256984,-2053293443
5,6,4,7,10407,1615688737,-1987498858,-1157294460,-1427342024,1292623443,1954246592
6,6,4,7,10407,1280801380,1710992563,1413378682,-1444683899,-182095198,-1481300692
7,6,4,7,10407,653183893,1819851116,2035522275,-1615254773,1005992681,-2101459747
8,6,4,7,10407,1809973435,-501318541,104157554,2100857212,2004768000,-1715309133
9,6,4,7,10407,-1934815593,804504932,-2094203864,-2145524326,-1247613132,1095153690
10,6,4,7,10407,-147704178,1905181237,1603461569,-1147644416,-1912404667,-1653110809
1,7,4,7,10407,1630679989,-1650117147,1283417411,-1896814243,777051203,-375314443
2,7,4,7,10407,-378550956,716544514,-1806808239,-1928445234,1410933166,101413992
3,7,4,7,10407,1313773334,1321492684,-1321687453,51239626,-1836411567,1656179864
4,7,4,7,10407,1428765015,2074044288,-1459597028,-460194377,74883525,346383400
5,7,4,7,10407,-495988754,1761868490,-1974842208,-713363110,-1139199210,-2033131957
6,7,4,7,10407,1726626139,-127310262,-1128472862,-1938087161,1857734089,-367904136
7,7,4,7,10407,-1083289718,756502880,1172283408,-1005202904,365651006,-1590661232
8,7,4,7,10407,2145011482,1549679122,-1174825478,-2141246462,543906616,154318178
9,7,4,7,10407,1828426753,-1739360691,-160431996,70924941,-1103553029,-641219818
10,7,4,7,10407,-1575375826,-258080047,1962842353,975834733,-1357946673,-337554204
1,8,4,7,10407,-304449121,1040342267,-1621201981,1702401456,-97450399,1886675641
2,8,4,7,10407,-1839214225,736843924,1011928374,-802154079,-1108136653,922016544
3,8,4,7,10407,-1546827581,-1019637691,2068098059,-1903654308,2143858580,-1940983987
4,8,4,7,10407,-196950177,-596165329,123184327,642903733,224064639,-254970930
5,8,4,7,10407,-561276845,-1491080480,-2139034961,-1785391099,-438031681,-242814616
6,8,4,7,10407,1302729721,199988960,625166786,-975263902,465927010,-2086735096
7,8,4,7,10407,1502151711,-1957200433,606401288,1660201806,-1649378563,-699255595
8,8,4,7,10407,1580995287,1863986893,-2099568839,382341354,1366833875,-1454678904
9,8,4,7,10407,1622377784,-2084908279,562571789,-1626730990,32937524,-688835193
10,8,4,7,10407,-2112123294,-278881190,-1243685511,2047823033,1456661495,330196657
1,9,4,7,10407,644399880,1590873784,-1006752485,1650820008,1451564899,173389548
2,9,4,7,10407,524447880,-734610679,1625277452,-583888656,-1569204161,632980139
3,9,4,7,10407,-1179510923,1203991363,-1418167834,1912882198,-2019723864,1173908971
4,9,4,7,10407,-1390549868,-492750230,-820272133,1274396702,220740969,-187905147
5,9,4,7,10407,-1276525134,-1737913353,-194161576,-305001149,776602452,2111605320
6,9,4,7,10407,-1813107167,-1376855357,-1474135214,1793252791,-331102877,-697288557
7,9,4,7,10407,-452381666,2042892886,80342716,240290034,1228201463,-1114770003
8,9,4,7,10407,963022407,-1615492644,-832504272,-627223512,-167756886,18664656
9,9,4,7,10407,880792925,1043943343,536958059,1657034696,1821826764,2001460173
10,9,4,7,10407,-1485870343,-1567788061,589498971,1752487655,2063725506,-577518459
1,10,4,7,10407,-974026622,1091291056,-1847102274,-780663778,1452438981,-1788693502
2,10,4,7,10407,1780729262,-594472911,1645069287,-356807141,1423829752,1183948978
3,10,4,7,10407,-1294069609,-50143857,1037581246,1696176369,836204167,-542273986
4,10,4,7,10407,-1276813185,-837833752,1592204802,-91399534,-1837132073,-1866641728
5,10,4,7,10407,-375632034,1233989383,-532093510,1741592957,-991280635,-1953110503
6,10,4,7,10407,608790955,-273592830,512789476,1036505991,463522718,-1293259106
7,10,4,7,10407,-487505981,-1706476435,664937499,-969445638,-1895856728,647150481
8,10,4,7,10407,853169285,311458143,-1730086885,-1721635262,1008089465,-447797376
9,10,4,7,10407,1868697242,-1052518609,842895576,-788234446,-1136317146,-1144395699
10,10,4,7,10407,1207587482,-2106306606,-2118417972,1034345973,-1741711392,949902
1,1,5,7,10407,677378699,559434876,-1059550104,1831089734,-1567307120,-382511803
2,1,5,7,10407,-90810495,-1813566507,856094923,-1154607367,1327156578,1644360503
3,1,5,7,10407,2034311997,-651496469,67260343,1998815819,480845795,-1494178987
4,1,5,7,10407,-1067408226,1159170742,1474627491,1140791281,-2134289058,-2009705960
5,1,5,7,10407,717416778,1576944329,846546926,1052964317,-52759822,113778529
6,1,5,7,10407,-2139742582,-1071830461,-495597541,1000100817,-1384574009,-865494573
7,1,5,7,10407,-599780564,-893276693,1131702249,-1653388455,-2087999803,51748019
8,1,5,7,10407,959339815,-1534900623,1543307198,-1234483524,832500633,-1521704196
9,1,5,7,10407,-889699955,-498152263,-1076500859,-105774759,1217091305,-550616386
10,1,5,7,10407,-1684224368,725920669,1025080252,-1680079072,-1292588759,-871104522
1,2,5,7,10407,2072022379,962671162,246915221,-1847692142,-164123777,-1953168680
2,2,5,7,10407,-1933766920,1124414100,716115732,-166499834,2106864759,-539184604
3,2,5,7,10407,-1810258686,-2111111919,1329119648,-1316650845,985894493,-907019320
4,2,5,7,10407,-1972730301,-1617741404,477314481,1440740311,1560709511,-2029451654
5,2,5,7,10407,2076415003,1293844543,-80209252,-593723645,1517556030,1625645943
6,2,5,7,10407,-26239358,1638845687,-703266450,350501701,395579017,2050477825
7,2,5,7,10407,-1920094224,971827605,70653706,253368657,-1722027146,1299117091
8,2,5,7,10407,-2142383914,1431662032,-1040651321,-1885668462,197949197,1903419511
9,2,5,7,10407,693327006,-1511452386,1657926,-635095837,1252334455,-1461277682
10,2,5,7,10407,-380607067,-2061677305,-1481744438,-865158266,-452449638,1993944194
1,3,5,7,10407,1781646131,1329054022,-736541198,273491736,-1140232308,892192447
2,3,5,7,10407,-1936258062,-1617290088,-391618824,-1198947394,-808015185,940644217
3,3,5,7,10407,-965879223,-344640504,-86788062,1713801314,-108065369,641803166
4,3,5,7,10407,59888485,-731736998,-1413282860,-849224322,-353197587,-1632545286
5,3,5,7,10407,346902609,1096453242,1183339305,-1283189651,-1570824467,1806171479
6,3,5,7,10407,394028539,-1229353949,-410434135,-1222403125,-390416751,283674569
7,3,5,7,10407,-1610790375,563088065,1362358086,-92819227,1900785886,1953924768
8,3,5,7,10407,2113381930,437346744,-573593600,-209597072,1015606519,-626802493
9,3,5,7,10407,-1082701301,1873728381,1632092806,-1739207494,-1805717302,-1541268847
10,3,5,7,10407,874249723,-798564824,1859355797,1535656243,-544721509,-2110552478
1,4,5,7,10407,451972059,-1751901783,1367736970,-465577616,-1880242832,305985782
2,4,5,7,10407,-816701005,-309742435,-597244621,2134714982,64849401,-1018309774
3,4,5,7,10407,1196136266,1173285734,-169457035,-237770694,-1472804844,64945265
4,4,5,7,10407,935197636,-949996227,-1791789950,-1194425882,1967633492,-231171788
5,4,5,7,10407,856261512,-2083142266,83844820,1455639539,2113631224,-690581439
6,4,5,7,10407,1338027354,675490901,1845873716,1912739587,360240185,-1407236173
7,4,5,7,10407,-368807611,-415724712,726799041,-788158148,1770231320,734808563
8,4,5,7,10407,49248029,-1072267176,-1572168399,-1395614112,245956551,1203884523
9,4,5,7,10407,738245682,767215239,-1149091161,212245347,58629203,-45314472
10,4,5,7,10407,1426556104,2091000283,-75978037,1770655330,1964663909,245827965
1,5,5,7,10407,-1896464008,2112857259,-1090315485,-956434398,-1627723006,-778657963
2,5,5,7,10407,-1929368559,1192810499,-143508015,-903099128,1909727653,-1434089069
3,5,5,7,10407,-1917460891,1183315417,-670829982,-247557508,-88625282,482995429
4,5,5,7,10407,-739481310,619564249,-267303512,-1278687955,1015621248,-902009408
5,5,5,7,10407,-1507952567,1913027895,-1924239394,308774913,-898954813,-2021947383
6,5,5,7,10407,1543359416,-1498852058,948939477,1487896481,-2102696208,-139560809
7,5,5,7,10407,-198895049,1861024794,-1184651480,647559061,-1698020209,2114388184
8,5,5,7,10407,150606765,-124577326,1957526874,211712298,-1897072652,893263025
9,5,5,7,10407,1042387058,-1434424334,-1053146254,-1350169802,754103380,-1645062072
10,5,5,7,10407,-1210011028,908843133,756066910,-521675909,-516554882,-687559161
1,6,5,7,10407,-1799217901,1751659655,-131096877,-2068449048,-1887103302,1099770802
2,6,5,7,10407,981543135,1939848812,1663083754,-1547135075,1362042818,151119078
3,6,5,7,10407,350975269,1022701005,-1206478782,-2125526008,-882053939,-1607463824
4,6,5,7,10407,1514314323,-796596982,642801833,620064647,1791040866,-1672815614
5,6,5,7,10407,17781916,-470776996,-2051898346,937935175,1265910964,-2068271080
6,6,5,7,10407,-1853963074,639684421,377414866,964241203,-1915730244,1375795937
7,6,5,7,10407,-1122232380,-502799483,22396776,-524049001,1374602307,-2041626627
8,6,5,7,10407,1203390154,-167650629,252088938,-1909516719,790182651,1375951012
9,6,5,7,10407,1805130423,2145981469,-1593467952,-1309808507,1896123183,1760412775
10,6,5,7,10407,1927069087,-958506517,-1715792702,1113171117,-1884624446,-604149007
1,7,5,7,10407,-1334241746,972102276,909552114,-1233524874,1141564977,-1998938937
2,7,5,7,10407,2138503004,-1470294478,625299222,-230409599,-716708727,-253989199
3,7,5,7,10407,-1761062577,-275947789,-1802771014,-365431139,1356070443,-1967480371
4,7,5,7,10407,-630754571,-1175621080,1088098353,2131601284,-1021063341,672388363
5,7,5,7,10407,-422264573,-552809674,625475513,-1762260032,1743340356,1642474105
6,7,5,7,10407,452199328,139719230,1410233736,-1869513296,791725393,1406303437
7,7,5,7,10407,773604934,-919590347,1518909405,1637411379,1923534476,-441696806
8,7,5,7,10407,-1172408690,678887067,1646412965,628626824,-115831003,-478419101
9,7,5,7,10407,-528038478,745485291,-1396996769,-999602544,-118120387,1569203870
10,7,5,7,10407,1566691985,-155572063,-1087196156,129449138,-366442549,-1047041651
1,8,5,7,10407,1268651669,108528899,-364100472,-278607356,1420670242,1383177359
2,8,5,7,10407,1766871386,2100581949,1951525365,1228630905,2107128053,-2039450231
3,8,5,7,10407,-771745575,31528281,390742944,416805419,1754512815,1120871858
4,8,5,7,10407,-338978679,15650405,-1763747175,1958994754,1712178529,-1551930165
5,8,5,7,10407,-306523733,1894204283,1421006273,-572839015,-1967471996,-1223535596
6,8,5,7,10407,-1412937833,529093058,-1266631691,2035582312,1783501049,-423346176
7,8,5,7,10407,1824837929,-278532885,-20045201,1688210922,-460930412,-601011419
8,8,5,7,10407,457222935,501250520,549619904,-11930807,1098701176,-1302756538
9,8,5,7,10407,139788376,1604654211,313918115,-92592231,2039926285,1192556146
10,8,5,7,10407,2073613274,2085158531,-799623430,-1135200879,-804528992,1424546904
1,9,5,7,10407,1540027019,-167151729,-398773856,1021891549,754216021,314578710
2,9,5,7,10407,1778870498,-1394258205,192531495,-143845359,-1752205323,-1954896790
3,9,5,7,10407,835752000,1702429401,-261951155,-2004394903,1943809632,-1934450709
4,9,5,7,10407,-2088767457,652869822,-1946588355,1328106410,-767945507,31529985
5,9,5,7,10407,-1718872310,1881686587,1960630688,-1528250300,189626903,1752319916
6,9,5,7,10407,1692362874,-1759998604,984423702,-2141955453,-1641249344,1183362595
7,9,5,7,10407,-1132296388,633333156,-277734643,-1826951436,-2032882640,2055668509
8,9,5,7,10407,-941405750,1643569976,318092446,1351850571,1949102834,1619853387
9,9,5,7,10407,1782856941,-1020553540,-1092027946,-425298703,-1087954175,-22428755
10,9,5,7,10407,812091625,90757478,-752579574,-1965806737,-1304649775,-1196255501
1,10,5,7,10407,-1120162154,-1867814302,-2021422716,-464669205,1152649037,562464374
2,10,5,7,10407,2088537353,543547497,335043875,612563615,868855340,1428369812
3,10,5,7,10407,1797262574,-1960081555,816918833,572410278,-2031465474,-831279856
4,10,5,7,10407,517030343,907994051,-1576355728,-1312946286,1421857467,709757966
5,10,5,7,10407,902369687,-723304107,1011416062,1733471224,1799443683,1809984588
6,10,5,7,10407,-1964743432,1776094842,-616118764,-1762374157,1794236546,2007219893
7,10,5,7,10407,-559048468,-629375122,-1487769435,1483929059,184425215,-1855420959
8,10,5,7,10407,-776586162,-683373994,-139993784,-2134157476,555985415,2085291262
9,10,5,7,10407,834708122,-1181107333,-1548501550,379540398,1995672999,-1567271537
10,10,5,7,10407,1870620315,493014588,2122114681,1602863046,795230771,-1041997932
1,1,0,8,10407,116327126,-1459926739,968906472,186575905,-2059283197,1361895361
2,1,0,8,10407,-1213503748,-357928797,-1613754438,1190696065,-2077261311,1699606073
3,1,0,8,10407,1601150044,-953982291,-1118022192,-133131027,1059834979,-359532695
4,1,0,8,10407,-157014134,516150046,-479563415,2074050563,373325478,-1272250772
5,1,0,8,10407,490919575,-1920378988,29229479,-2004200569,-427485879,56481412
6,1,0,8,10407,1204699037,1384483084,2055673853,-1350921481,-155101613,662472270
7,1,0,8,10407,-762774433,-1724243508,-716333307,1313669821,-555261400,-260243272
8,1,0,8,10407,369767745,-1656902817,-56290991,477708256,1071997535,1784263884
9,1,0,8,10407,-1230455161,-1528359173,74196480,-1750529034,753162308,549261002
10,1,0,8,10407,379612720,-1466739511,-1355951663,1006978488,-1197649010,-1486582630
1,2,0,8,10407,-1906137655,496215393,978352825,1676561434,1304097798,1043897993
2,2,0,8,10407,-1671507331,1570403934,-1110249113,2119178596,2044683481,-1515369256
3,2,0,8,10407,-1701473254,-1839779120,1691995477,-544956270,-1176946466,1702377590
4,2,0,8,10407,693060448,-626554833,-1444210060,1176276355,2071634609,-816803536
5,2,0,8,10407,2033087253,-206759917,-700298145,-341540009,290329386,-644115653
6,2,0,8,10407,-12997183,2079537132,-1824416252,938269484,-774655605,17808998
7,2,0,8,10407,-348652716,981059784,-970846822,-412716421,-1139330235,-321043062
8,2,0,8,10407,-639389806,1190503560,1527276278,1141677761,262405365,-1756126651
9,2,0,8,10407,-392134338,-774607949,-691285855,-1512261434,1723577580,-31148926
10,2,0,8,10407,1886250685,243599396,-651279477,-1408371999,1203901212,-883118803
1,3,0,8,10407,145067927,771938508,982397585,-1103580530,461857462,478122198
2,3,0,8,10407,194341904,-311922554,-1049382261,-849654047,-1339103346,1032383940
3,3,0,8,10407,478358015,-668138942,-1104851481,926021611,-1565766964,499307049
4,3,0,8,10407,54686479,1352672643,1681008446,1375466566,-1738381412,2014641909
5,3,0,8,10407,-43529836,-2104033753,2068141560,119441983,155854627,1200097656
6,3,0,8,10407,-432384138,-638470400,1782060567,1019376829,-453650213,-291080423
7,3,0,8,10407,-1138129245,1188489907,1035909844,-1806470703,1790490562,1523314440
8,3,0,8,10407,1650859940,-2018398851,-577864943,-473227732,2040724673,-2061007676
9,3,0,8,10407,826054890,-1944065124,1363427606,-1246505743,-1676966908,-1841231636
10,3,0,8,10407,-296179401,-899097580,829864982,-845348842,1169697949,-280191582
1,4,0,8,10407,-1708640107,1246822105,-1977801909,-807146613,1059556901,-2103350861
2,4,0,8,10407,977942837,428629407,371050544,-760697253,-553726038,134056217
3,4,0,8,10407,-1328667261,-1423612912,424998935,2118335272,-1713847392,-34075023
4,4,0,8,10407,387778867,-1435014821,-1877750318,1548835405,1319476492,141770665
5,4,0,8,10407,-1108486669,9399795,64149372,1976990554,1417070943,-47736540
6,4,0,8,10407,1096955287,-1662009190,-437778891,-129033317,1545082453,1588039042
7,4,0,8,10407,1979266096,-330920215,-557522742,-1855384561,-1673400057,367894276
8,4,0,8,10407,722527856,1218940328,1031557889,1651352915,-1081061462,407355826
9,4,0,8,10407,1509606869,-399065308,859071102,-1562967318,-1973908268,-1882575686
10,4,0,8,10407,20734615,-214140450,-1963152099,625450276,-1589596444,407560098
1,5,0,8,10407,-317412169,371763375,400767588,-307484899,-526004289,-1970424154
2,5,0,8,10407,2071324646,-59941901,-306757162,254469120,1220731609,393515150
3,5,0,8,10407,-1276538916,1737319054,313480937,1550043088,1576043688,1432849140
4,5,0,8,10407,-537782564,244102031,1327421535,1206202984,-1377922438,-546261138
5,5,0,8,10407,2115159423,1410508098,-935523179,1632783560,450814267,486345747
6,5,0,8,10407,-1297210673,1993681221,1259228446,-1689959003,1724627250,741231316
7,5,0,8,10407,542434356,-405555916,-197219324,-1960861472,-588553112,1244384600
8,5,0,8,10407,1906491872,-152316362,-492451345,1789496533,2146326666,1557085773
9,5,0,8,10407,316300013,364541488,-922197269,-1978727237,1468040569,-1383025023
10,5,0,8,10407,1772292189,1067522874,845221714,-1324774982,765106621,1970404460
1,6,0,8,10407,-1678810868,477468538,-668650883,1330741244,-1288001551,-284874534
2,6,0,8,10407,386348019,1212305870,-1510799536,533578146,904674242,2091697192
3,6,0,8,10407,-1711492937,16707758,710218098,-1386567557,221308442,-937496235
4,6,0,8,10407,160808737,-386757116,1322013759,-15340960,-2135900407,-234959513
5,6,0,8,10407,2007061006,-1393390251,-1842225428,-1963769794,-472495386,-272960883
6,6,0,8,10407,862223478,-75103818,1177965074,1026037120,-1963379473,1935215872
7,6,0,8,10407,309484571,-2012733968,-1648605004,1510086120,-56697791,-1971878717
8,6,0,8,10407,-928955487,2032946198,334121235,1650695898,1616234572,-2137503686
9,6,0,8,10407,-1733222629,1633457202,915138631,-1450375290,612721974,342798313
10,6,0,8,10407,-1931765656,687043723,1015078347,450152551,-764906002,1408254131
1,7,0,8,10407,925695102,181190043,-1974809098,9341289,-734584157,1796697799
2,7,0,8,10407,843208416,1733811987,1493691696,86262588,1987008040,1352828397
3,7,0,8,10407,1309148977,-1508052622,-91855351,721438786,-1083602482,1401282262
4,7,0,8,10407,1652297895,-789422200,2047317515,1990382608,-830457238,1286798695
5,7,0,8,10407,1693312766,-339930659,733019730,406522548,-950231817,-2073226813
6,7,0,8,10407,-1475540884,-723653103,-1510254086,-1159018270,-722304405,-707236664
7,7,0,8,10407,-30877072,-614786423,-1730786149,-292385568,624917639,609771150
8,7,0,8,10407,1865357353,-52101528,736475275,-312477921,770558245,-630859382
9,7,0,8,10407,1621960353,1558200992,-120434663,1206895610,-664864867,1058559276
10,7,0,8,10407,-387934543,-176664104,1960014853,-2090069241,1379835087,-820192950
1,8,0,8,10407,1171861661,-2045534506,1350699598,-2033516212,-1758958685,41573391
2,8,0,8,10407,924983846,-1055433745,-1580358891,-1373533702,2122469815,583352489
3,8,0,8,10407,-1034913457,706903184,-224842436,1051051950,-364140911,957772845
4,8,0,8,10407,-214459285,-2071785131,-32699252,-2027831358,-795123912,-1554054158
5,8,0,8,10407,-1036152343,232474719,1427521723,509376877,425335336,124797916
6,8,0,8,10407,-71624687,2938253,-1091263331,458308997,1665569947,-1024126740
7,8,0,8,10407,-919597754,719291103,-375447385,-1860833011,1778013461,-1575284433
8,8,0,8,10407,256540236,-1109777313,728801337,-678114819,-420987549,278163253
9,8,0,8,10407,123798434,-87238305,-744340222,1068505376,-245324847,1866529911
10,8,0,8,10407,-2091056163,-2061420488,-201287234,-427057928,-2133390439,-1387185655
1,9,0,8,10407,-542841605,-1365748834,-499657713,-503809792,-2138485195,1509899320
2,9,0,8,10407,-2101803765,-1033152441,1946113948,1155418723,-897198800,-1065315411
3,9,0,8,10407,1843860107,1525674893,1901419341,-710073357,-464404364,-14327846
4,9,0,8,10407,772131231,1338243378,-2099743412,103717944,-1072847719,-702435471
5,9,0,8,10407,321211032,1572068924,-1221124363,-1703976416,-2081519300,-1022129321
6,9,0,8,10407,-1034928013,-790965049,199856510,-1657203228,-335499846,526021716
7,9,0,8,10407,-618939515,317645243,1439572693,733318954,-1684416473,-404242343
8,9,0,8,10407,-1859780542,873523773,-1932274036,-903762193,1117188567,-1899057063
9,9,0,8,10407,-1761082760,-699507403,1986593316,-1390450090,-848710184,1929176730
10,9,0,8,10407,980819807,-1714872977,-1472430781,-1894422203,-353329522,-203569022
1,10,0,8,10407,718006132,-657004138,-114965245,-424644843,-1354767403,1039381595
2,10,0,8,10407,-1183268290,625862897,-1824620310,1548491474,1073815992,-2062892514
3,10,0,8,10407,1659948842,-1103948942,1254886740,1445878507,-202454321,1118955748
4,10,0,8,10407,-2072396505,-1514652168,-1677108010,-142422090,-1028259366,-338263480
5,10,0,8,10407,-797286153,1506799700,653367234,-1252348873,749442878,2122347968
6,10,0,8,10407,-940225912,1619819169,67851545,-1852015213,636767414,-1071787600
7,10,0,8,10407,-797652650,1364052224,-2010913500,-1463053687,655653597,2567153
8,10,0,8,10407,393006078,1956253221,-466821022,161987217,399147315,-1545187791
9,10,0,8,10407,1796450945,860029249,-330474549,684610191,-1018162082,-101406141
10,10,0,8,10407,327618102,-1784263782,1650485004,330332757,332493995,1464005575
1,1,1,8,10407,312862499,-1705500019,235909792,1171680514,-1813704200,-942673290
2,1,1,8,10407,-1148184915,748278770,-1031697065,-601833489,1114024872,-1117623731
3,1,1,8,10407,1716522386,1091663056,1860561948,-1041268606,-1029815726,-1615035711
4,1,1,8,10407,350581887,-1397555510,-1702794883,622713857,-888850536,2039370760
5,1,1,8,10407,75481530,1235010781,-181536939,447120446,1906379754,-251976097
6,1,1,8,10407,-2085591352,1641762461,1841220296,1739870462,387501457,244909431
7,1,1,8,10407,-2011393607,-513153844,-2145426317,1674748575,336445777,1935575569
8,1,1,8,10407,-895662615,-1162485221,1413352760,2111240644,-1631194156,-1457220447
9,1,1,8,10407,-15061490,-25890041,1765194352,-1176503650,1709381560,273844896
10,1,1,8,10407,-343989317,2046650782,-1646616705,-1245754464,1006401564,-1816124390
1,2,1,8,10407,1689157485,714504872,1586057534,-2013810699,-1549044763,-1502662442
2,2,1,8,10407,1014461250,-1956009596,2049938266,1395106509,-1134502320,1020681318
3,2,1,8,10407,-1617282861,492398791,-732686163,-1894618341,-1896204399,1799859139
4,2,1,8,10407,-596309315,-1107359317,-512924993,-667653461,-1590092551,758704114
5,2,1,8,10407,439248944,-150210222,1632014329,-1777697559,-191326257,904859469
6,2,1,8,10407,316869267,1324207776,-587837311,-1443784994,-187924719,-2031593980
7,2,1,8,10407,814181018,791989264,-450172269,-24329629,-1378635269,-1494637635
8,2,1,8,10407,848215953,-1809738970,-1892816419,-634299341,1782085112,1778856925
9,2,1,8,10407,1609946704,-175446674,1801856935,1141195648,1316992887,-1262641613
10,2,1,8,10407,854500625,-450848785,-757215925,1874528553,720338942,-1638404442
1,3,1,8,10407,408504220,351970023,160825760,1870059688,2086760385,-531639878
2,3,1,8,10407,91681682,2063049405,-702928531,-1767371663,-340453113,-760202012
3,3,1,8,10407,2006977271,1780274966,-1090160407,1366431715,-1578199930,-855380472
4,3,1,8,10407,-1580704033,1881582094,-1568989610,-575266298,-107315145,1569653289
5,3,1,8,10407,-345896224,-550323922,1895870883,1470517146,-1590285245,-1144446762
6,3,1,8,10407,1480800363,1575118469,2023988725,397159366,1759673553,-875476189
7,3,1,8,10407,1188575761,1382688066,1254217416,595144405,262200001,203577647
8,3,1,8,10407,-780937698,895552033,837323138,-1851166335,-807707425,-1013272307
9,3,1,8,10407,1065506840,-826079001,-2142182029,1987207213,1429360287,-1747534931
10,3,1,8,10407,-648638525,1761439272,-535970809,-135392304,902765394,1596833604
1,4,1,8,10407,-113358207,-1118870798,1605176623,-1283637869,-1929385701,-1925811656
2,4,1,8,10407,-510248935,733204810,1329478130,-2095619745,160706509,-1276587931
3,4,1,8,10407,-1178894002,-2143844295,-267247304,-1330037722,251311759,-443608712
4,4,1,8,10407,-1893292690,1420434774,833831248,254788990,-1878480900,-890289761
5,4,1,8,10407,-890285479,-1293432389,1987130483,1122273481,973492997,-1830108483
6,4,1,8,10407,1064904192,-731830013,-1189776060,1752311941,1614144200,1176235247
7,4,1,8,10407,-582195424,-1844136646,-105310019,-658598599,1714500123,-1493031547
8,4,1,8,10407,-1441582155,-1707140597,-905869554,1350908080,-736950353,-1049621633
9,4,1,8,10407,2072442823,556005126,1666228426,-1566292216,1780881843,1893013622
10,4,1,8,10407,2128068090,1727763161,-217555644,-625462000,-1349551696,-387502669
1,5,1,8,10407,-580906144,-997703953,834860716,-1402649790,2118448259,1130578368
2,5,1,8,10407,-1224513017,1577686177,-837928636,-2073587289,-1506737860,-847921435
3,5,1,8,10407,711347804,1212243076,-1712915742,689400199,-1211695404,175171698
4,5,1,8,10407,-1475348469,1988759135,-1431522202,162223069,-2068173918,-2112565439
5,5,1,8,10407,934781588,-791151776,-945847824,1281943865,-392819768,-606723677
6,5,1,8,10407,1196200046,882882043,519575701,1570314399,-465241432,700423129
7,5,1,8,10407,-1322564115,216460743,-130333138,2027434360,-1630867650,1773029175
8,5,1,8,10407,2097718796,1786773471,980785111,-973741791,-1694267526,544377513
9,5,1,8,10407,1553123690,910680488,833928249,-413147554,-691413068,-1396009128
10,5,1,8,10407,-1798151843,-444521012,-56719994,-14968901,-1081594311,87670075
1,6,1,8,10407,1673259565,1537928386,1667002435,598708492,1461413039,977361829
2,6,1,8,10407,-1831136305,-322887936,1186233284,-1728245260,-1829017627,-6486821
3,6,1,8,10407,-137876116,-1964226728,-608847623,725492591,-874826558,661770823
4,6,1,8,10407,1249703960,-1946474288,-2132704967,-1246148244,-88573928,-2146856055
5,6,1,8,10407,119821700,811888206,-1411564444,-1855573155,-14324629,-1193384753
6,6,1,8,10407,-1236236497,-1390114673,-1683230030,-533557166,-1077809862,-997062555
7,6,1,8,10407,-866843348,-976636154,1827977822,-102684066,-885262073,-2072299151
8,6,1,8,10407,-1036698836,1964508452,-583449831,1776365037,-536340007,915828303
9,6,1,8,10407,-764735270,-583577523,417462566,2074778500,1569063953,679392429
10,6,1,8,10407,-1699675880,-135089063,-1598230715,381618752,-1306371123,829332658
1,7,1,8,10407,1604361175,1336154918,1487532608,1710066811,1373204158,1520781753
2,7,1,8,10407,421624172,1259767176,1405156952,618367237,-1903986296,1589273286
3,7,1,8,10407,884110979,988631393,-263872401,-1041017471,899162685,-727359200
4,7,1,8,10407,2093417760,-1400920499,-330299840,-1294583114,-1000650933,715474077
5,7,1,8,10407,1963761720,1773263895,-535384287,2006030267,-1032585065,1505917906
6,7,1,8,10407,940785009,692343289,26530084,-1985167808,1554973862,598703296
7,7,1,8,10407,-681276018,-1562306434,562593649,-1707169667,795153800,-519453874
8,7,1,8,10407,-187526182,-965111436,948303962,1539867907,-557587266,-263497832
9,7,1,8,10407,847575884,319053051,-811092310,-36349000,1859564512,1584705921
10,7,1,8,10407,-1188195902,-2073732711,1021727286,-696494935,1839623395,46481250
1,8,1,8,10407,-2095986048,1482682158,1116412871,-907771299,-1322181629,1325492279
2,8,1,8,10407,-1814006423,1352587203,214640194,1868723869,363403349,1075476109
3,8,1,8,10407,-857011657,1591375037,-1305358708,967810688,-91566280,817942186
4,8,1,8,10407,-412543869,-1985617545,723349402,-1923020036,-1357948727,-1337270994
5,8,1,8,10407,894285789,-741654213,1755100464,-428039773,-825214132,-1169440978
6,8,1,8,10407,-730518878,-317352375,907889910,2070719041,-1857798499,364948000
7,8,1,8,10407,-514838674,634346635,423176540,1429912575,1983469692,-158596548
8,8,1,8,10407,-1078541720,1730598033,-808510107,1736977169,-1541853611,-1212336677
9,8,1,8,10407,-2002807200,168873373,1007298943,1107691432,166659320,165076767
10,8,1,8,10407,259360556,-337476926,-1719581603,547050262,-211858183,1342700952
1,9,1,8,10407,-1955641722,-1213008976,1393675373,1685856488,12225861,758236929
2,9,1,8,10407,-1359507286,-649199158,-1325938609,1349757972,-1286449024,-450724215
3,9,1,8,10407,-1488343948,252100995,-79522892,-340332162,-750306362,-1018891096
4,9,1,8,10407,453730500,504197758,-699472456,-643297979,1058328898,1342573724
5,9,1,8,10407,-428426206,519366190,-207831942,-260366686,889422569,-194977159
6,9,1,8,10407,-1499662878,-436141824,131769842,-308380553,-1333385856,-1117901455
7,9,1,8,10407,342950796,584821,612312843,1711701757,279461013,-1391053447
8,9,1,8,10407,-878660440,1449461557,-1559848072,-1534230880,-1181604029,710586096
9,9,1,8,10407,-2013914653,1392205333,-2049663568,-1941079502,101133971,-768948018
10,9,1,8,10407,413191463,1044115026,-163382063,2136317474,1100351612,284629698
1,10,1,8,10407,-1817438627,-1052932002,-594359825,-732431278,-203322621,-140600821
2,10,1,8,10407,-1824944913,-206775443,1368493651,1331192691,1095962803,-1234417421
3,10,1,8,10407,794853925,-1446404621,1102021213,747868820,-446411894,-1588317419
4,10,1,8,10407,743504258,-1738940030,-211682283,-676893854,163627692,-836033351
5,10,1,8,10407,-1669736751,-61580332,585272799,-1733713578,1127808313,180405497
6,10,1,8,10407,-255840182,1740735995,448636566,-830223922,2019367748,1830045593
7,10,1,8,10407,-1407762477,1772675277,1854319301,-1705695902,1392718689,-1890469243
8,10,1,8,10407,1896544814,-943681641,-283080784,558908213,1755436758,-240192594
9,10,1,8,10407,103072750,316317053,-1704197163,-470989002,-1435471483,1554575148
10,10,1,8,10407,-1686457621,-1016947874,747912168,-145184817,-360183621,-347598922
1,1,2,8,10407,-1273973075,-251210557,1868314728,-423867201,-400230760,1237666207
2,1,2,8,10407,1217839899,-1758119039,-4860499,-2128073344,-1777565107,-1402863047
3,1,2,8,10407,1091284254,1937588332,847803873,1689154522,-219565988,1240377566
4,1,2,8,10407,518555485,1118265201,1365739272,-1371891073,247530232,1268536813
5,1,2,8,10407,1496883567,-855292010,-217227175,-1818899136,477935734,-1201846340
6,1,2,8,10407,-1159837729,1541253238,202212511,45289720,-1020949595,433710543
7,1,2,8,10407,-434790166,1732091236,-755008277,631063624,-1336279762,-1657741008
8,1,2,8,10407,-1116765165,-359310972,1944044205,-1823297828,-153116333,1526869058
9,1,2,8,10407,-21732411,-1451093242,1571913322,-655130359,518493008,230712982
10,1,2,8,10407,1974105799,620802658,1923500988,-1393687928,-2111310888,-1120509595
1,2,2,8,10407,-991378751,1327430407,748123692,2053338402,519662025,-1287935259
2,2,2,8,10407,1670969332,-175645182,1674452392,-423981150,-1626704464,-242273216
3,2,2,8,10407,-980593508,812523400,14323342,1585735257,643743656,-1041472931
4,2,2,8,10407,62767333,-1408748918,-334033150,823558003,-408612026,-529943562
5,2,2,8,10407,-2085040403,2139627751,-1949321742,-1595586933,-228001342,-40754788
6,2,2,8,10407,874165718,1095749153,982707858,284848147,1038098929,-369818469
7,2,2,8,10407,-158260215,-1501281162,-2091173906,-850952378,-1008690175,-1087117642
8,2,2,8,10407,1360089441,2100686331,1380824946,1344400659,130559354,-1497983029
9,2,2,8,10407,-1807465465,-747148720,-1610719838,-1972784545,586625080,761803622
10,2,2,8,10407,1020431078,1433222479,2003986867,-2001922135,-1090928353,682214764
1,3,2,8,10407,1782480050,-1079866463,395474548,-767978881,1487465274,504863925
2,3,2,8,10407,-62564465,1393458950,1687905371,-1990409303,-1983753191,1007338716
3,3,2,8,10407,-152298843,-1124198857,-499563231,-1399596387,-1531835342,1021003760
4,3,2,8,10407,1971128993,217393480,-1873837548,1496002183,1182012939,-1625953598
5,3,2,8,10407,-1766157385,-1875981003,-664686043,-361528649,-1827253317,18910719
6,3,2,8,10407,2045589920,-1119680016,-1943846123,1003216041,1310735928,-1648793257
7,3,2,8,10407,-446594032,2087623500,1997524602,143040156,874644143,-2003839076
8,3,2,8,10407,-1124380429,1667866485,-1268128823,-1216005174,-781070406,1126610166
9,3,2,8,10407,187673170,-247752843,-486679542,-915536881,-1398567428,1996860821
10,3,2,8,10407,-1624410513,-157752170,274232474,1398344376,-87993150,-424806537
1,4,2,8,10407,974249273,693720069,155367202,-1501806058,-283589514,-365493864
2,4,2,8,10407,1374565981,-1476337670,-1646622086,-1799138738,1118241956,379957985
3,4,2,8,10407,-1260242928,516432953,226421053,1793617590,-940205049,-184422022
4,4,2,8,10407,-1029566986,-467400898,1044336903,-754395583,753113655,1222839799
5,4,2,8,10407,-663266672,498103748,-451133293,318591534,-513716538,-245769716
6,4,2,8,10407,-893418458,-292469413,-532964044,-567029950,303304249,1618385097
7,4,2,8,10407,1738174474,799157910,1267140668,-112271849,-597765272,1615436586
8,4,2,8,10407,1713036049,436081200,892265651,276308377,1346403045,1172265938
9,4,2,8,10407,-1430126776,481880998,1970820724,-1525782132,1676789679,-457467244
10,4,2,8,10407,-541059571,-236292938,1394152597,-1507822037,135668328,836385706
1,5,2,8,10407,-977860225,-245673425,-1153446876,1169909547,-1008808135,1047912108
2,5,2,8,10407,-1803883285,888339717,-1402697617,261540643,-1975288566,-387010149
3,5,2,8,10407,292358153,-33929305,-474042891,-1120843002,-756659666,2096083281
4,5,2,8,10407,974190120,1128710908,-2020266481,-1758237417,-1279976770,-686010595
5,5,2,8,10407,620466025,-546808985,376471248,-1749438626,695119991,-243556220
6,5,2,8,10407,-96754749,-129851437,1477763383,110954301,-1376730449,-1161521428
7,5,2,8,10407,1890292346,638165029,-21265926,1877261459,-1638623609,-340771651
8,5,2,8,10407,-1132819978,-2138983784,1610325879,792498147,-1902875802,-595197113
9,5,2,8,10407,-354275985,-226308107,-1752684998,-235156115,-902511765,878112624
10,5,2,8,10407,-1879935729,882708719,1876526690,874409460,468087686,906054471
1,6,2,8,10407,-1774392635,-631402389,-1615487265,-650324744,1602875372,-811118315
2,6,2,8,10407,803208283,-2053023748,1833258079,-1699055318,83338570,15182966
3,6,2,8,10407,-970805376,-985451865,-889273395,793099542,638143233,1301928636
4,6,2,8,10407,-1831587303,-871093831,423853665,41845979,1282434535,1880561397
5,6,2,8,10407,-1438255035,-1081463373,-857915407,-503444080,-118013904,-926903157
6,6,2,8,10407,-355883992,1798616230,2043327329,1830042844,445756662,-2125995089
7,6,2,8,10407,-498787134,1199177810,-1533138749,208313794,-1754116714,1979880140
8,6,2,8,10407,74153615,1660259701,-106874538,-1280705837,2112204840,-1299129845
9,6,2,8,10407,-1550332141,770788199,-1405202314,-1699772333,234828498,143833218
10,6,2,8,10407,-1929598104,-2051842661,-407066563,1146244765,-1512761974,-434986881
1,7,2,8,10407,1711030969,875547490,1799617957,2143112360,-2101515880,566488242
2,7,2,8,10407,1531780105,493356732,83374349,432966732,-1903680541,-141954316
3,7,2,8,10407,-1097301310,-1234603,1559166219,-1802814512,750355372,1382144606
4,7,2,8,10407,1123116428,-411510695,659534136,-362253252,-1519706484,-2024869222
5,7,2,8,10407,343780952,-407691955,-1126135201,1412980319,1828389248,907625058
6,7,2,8,10407,1124031459,-616737899,1550561847,-243551665,408564226,-1666077315
7,7,2,8,10407,1673648317,1618466270,622414937,522536897,1689348341,1399425349
8,7,2,8,10407,-1546573331,-359867778,-1883376061,37468452,642597484,-62152546
9,7,2,8,10407,1266518844,-232087323,-509117045,-133899529,545328253,684070478
10,7,2,8,10407,1654335687,693021283,-1323510108,911855482,9370745,-428855239
1,8,2,8,10407,808277335,-825932666,-1080929687,165719580,-1706185870,192456194
2,8,2,8,10407,1847652010,830139223,654176829,-610884489,2132356711,-1081825462
3,8,2,8,10407,386826314,505448699,1958763998,-2031595739,755271959,1780820374
4,8,2,8,10407,643979896,-800921746,1994961394,340879056,451910798,1779279540
5,8,2,8,10407,292010590,-1841363621,-903316626,732110974,-811853372,-222642299
6,8,2,8,10407,-977718126,-717908192,1644152281,-1481759116,507537013,-493790285
7,8,2,8,10407,1264342995,-232606928,1271462606,-2062691600,241634708,-1319751567
8,8,2,8,10407,1681192579,-31619714,1900628834,-1034485980,-17270519,-392277880
9,8,2,8,10407,526934575,-347070170,754838917,1559022403,-1086313063,2131875633
10,8,2,8,10407,-1689039959,165138440,1640983002,1445883923,-178969733,971065129
1,9,2,8,10407,-378629360,-2102072517,-1391819263,399383563,1110624050,-1563757342
2,9,2,8,10407,-255920385,-1163753032,-1450026572,1241503104,-334783383,-1842657305
3,9,2,8,10407,-36726848,-1080142626,880718428,-1802978139,1994383352,-824281838
4,9,2,8,10407,-1768675175,-1562467972,814162267,-899369037,1965949998,1661758096
5,9,2,8,10407,1765486614,-1048288068,-887044229,-648862173,-1651909705,279005373
6,9,2,8,10407,1039124432,-1269104674,1723582519,-990188322,-1814211077,760644027
7,9,2,8,10407,470910476,55941785,-850432922,-513817771,820310307,99526225
8,9,2,8,10407,-1117242127,-2089127634,1430685256,-2105302510,865463518,1941299770
9,9,2,8,10407,-306755454,590588768,-1137532098,1389718911,-487701071,-776549817
10,9,2,8,10407,1750155689,-1909942254,-1717971168,-347344876,-853349767,-1295371589
1,10,2,8,10407,-353740105,-830641045,1143127460,302933357,-1982121837,27731906
2,10,2,8,10407,1707347082,908032306,2025384721,-1398610412,-24366497,1224642506
3,10,2,8,10407,-1038355898,1191728800,-2119622845,1161712630,1530217337,-41936673
4,10,2,8,10407,-1202405706,1631681974,2141896433,1834744008,-1713710422,1660641296
5,10,2,8,10407,-1971475378,-2114093495,-908765115,-1469358267,803225369,35688188
6,10,2,8,10407,-336921796,515642324,1332314590,863922672,1184754448,923021734
7,10,2,8,10407,-942775501,-119319814,1217003045,44784456,1347124062,-158011023
8,10,2,8,10407,-1185993228,-805133086,-1426307475,1113980935,-1937048657,2020403751
9,10,2,8,10407,-1205556008,1446426899,-1336601818,1054748518,-862272822,-1304853368
10,10,2,8,10407,2019560486,98943560,1803979284,1370890393,443255715,1399986661
1,1,3,8,10407,2008391011,1848379611,2120696279,-1023905495,-102102353,-1792426146
2,1,3,8,10407,48108234,1595214866,1144361155,-1646749032,1297054843,13735478
3,1,3,8,10407,1856989333,1430603158,-1523408461,-209769322,-524749024,1653389963
4,1,3,8,10407,985436235,510106650,-1943332201,-115956546,1013499492,-1664259338
5,1,3,8,10407,-969679752,-882738820,-1858122860,1355238619,1912271788,993473962
6,1,3,8,10407,-1497098918,-115117322,1817725108,-186561168,-271605783,1891360546
7,1,3,8,10407,1621392073,-411915023,-396224969,89222561,-778491365,1745556582
8,1,3,8,10407,-1430003895,-1794342829,153214545,594687053,-1835903746,1220068313
9,1,3,8,10407,1935480003,1081559311,668613781,-437733413,1987435509,673450898
10,1,3,8,10407,906221121,-392309741,-1248444923,-663192118,-1824246481,-429152143
1,2,3,8,10407,1269644390,1263524969,-1352532516,1006927947,1621273257,791051270
2,2,3,8,10407,-947040422,1623328444,-933450698,719765069,-350740447,-1734304060
3,2,3,8,10407,427034968,1313093992,608025314,929552364,1504923630,2123260449
4,2,3,8,10407,-1269930531,153963019,950625545,2036023540,-892452717,1136835251
5,2,3,8,10407,1371676858,-719043389,-858373245,-1169747375,-393601813,776038526
6,2,3,8,10407,80869529,-1249729902,-821157648,-97047664,-1019294584,754401411
7,2,3,8,10407,2071684011,-1876900034,-816209699,935513581,1368306016,-1486535761
8,2,3,8,10407,1496365267,1885642984,-9866728,-257707022,-1379886109,-2138775749
9,2,3,8,10407,210623828,931021500,997004082,-187982853,-2009320740,-1672785056
10,2,3,8,10407,-405291867,-1470347695,-232243321,-1653280809,-267974859,914433269
1,3,3,8,10407,1334665773,993320133,-342179414,993919737,893022848,-1749758536
2,3,3,8,10407,-1153782848,538327785,1343451738,-937872744,154482957,-1848059365
3,3,3,8,10407,-720379205,1712995778,1551792071,-1288607859,998130265,-1173659611
4,3,3,8,10407,-265378462,923658934,-1696191483,-1159082151,-1551647320,-1166870815
5,3,3,8,10407,1135836951,-1872063422,-1729980059,186397069,1538969738,476498378
6,3,3,8,10407,-1135861251,-1503979242,-899816753,1680266143,265925982,-2130012249
7,3,3,8,10407,-1999599221,-606166023,1709358962,-1179405621,1000172399,208203413
8,3,3,8,10407,-185003343,-1587778356,1751490226,-1601335877,-1420992814,1274646149
9,3,3,8,10407,1118599397,299609452,-79290672,443309205,199051143,-1260452665
10,3,3,8,10407,-1932765877,-1357484462,-1351151876,-1014234845,-1520187251,169953448
1,4,3,8,10407,-788188714,597580306,-849194782,-1048756703,-295009490,2076791601
2,4,3,8,10407,1479978177,360027155,-866314207,-1342623342,-1530617654,319749173
3,4,3,8,10407,956874448,1417168340,692348127,1612251009,1247040867,-14033966
4,4,3,8,10407,1753568914,1534125416,1663490668,-1163854480,-1034840431,704649848
5,4,3,8,10407,-1323061675,-1496140032,1546684979,394700051,504387905,-454634984
6,4,3,8,10407,-564260333,1987303091,1827361135,1052600437,541976884,-1326738510
7,4,3,8,10407,-620792288,-1526340745,-376344752,-253013258,-875112339,124343066
8,4,3,8,10407,-827866628,-1180761381,530079880,1705329742,257423691,2058491301
9,4,3,8,10407,-1700614920,-288541832,1120536605,-1420275285,1727367084,-1252277315
10,4,3,8,10407,-1964985426,-47355596,1549735650,1744018925,-1422139556,-128271241
1,5,3,8,10407,343397939,1274069972,578388434,1902306743,1448663129,-1058187122
2,5,3,8,10407,395594311,-1456990240,-1742331585,1341825934,-740505795,627290823
3,5,3,8,10407,1774801317,-1084433519,72505099,114023510,1682900305,-329083937
4,5,3,8,10407,199777994,1217566515,831746503,-1791051166,-339233493,1144021043
5,5,3,8,10407,-593635387,1736070628,-137706651,1243222535,1218249344,1944458385
6,5,3,8,10407,1342697728,71079367,1140391611,1063681674,893084427,838499276
7,5,3,8,10407,1372185980,1011020834,-708079378,1994208356,1140683052,42005675
8,5,3,8,10407,2107431194,-331005303,205868651,-1716942256,-355987715,-257838409
9,5,3,8,10407,-860049376,-1116916850,227474525,-987947254,-1436769319,-936764969
10,5,3,8,10407,-1917078795,-746283777,-1977572172,1057582754,-1712429474,-1230706393
1,6,3,8,10407,129915902,-947668845,1610663290,-1955426652,-376376005,1128495804
2,6,3,8,10407,1614937590,1626028805,-1525174265,1158418274,-2138133514,1723192409
3,6,3,8,10407,-2012094198,-1803692070,2069804652,1285506297,1811234951,-1161996130
4,6,3,8,10407,1785534643,1760521979,-1713414037,-1979312700,467760764,-489986331
5,6,3,8,10407,-1602158425,-982021334,-2120602734,273726936,-40216073,1881751178
6,6,3,8,10407,1971127386,1360966971,-1030412991,-1717715173,122884274,-1009169084
7,6,3,8,10407,1409113914,-645154592,1866971809,1580689852,-799334875,-2017987361
8,6,3,8,10407,391172478,-1190166252,832152444,1308206726,1555024099,1295440502
9,6,3,8,10407,317064072,-1754983976,-533697601,-967381655,150684332,-1452316864
10,6,3,8,10407,1964810256,-1979878907,-1033641927,-993973437,-394958809,844896283
1,7,3,8,10407,-2101714680,496995036,-1569004531,-524033270,726606365,-453792860
2,7,3,8,10407,-1352311062,952621733,-546438883,-1468320021,-1039235326,971376742
3,7,3,8,10407,-1942631498,92853846,1647019752,-2082515970,1886945535,-1355872125
4,7,3,8,10407,1270137224,-1503654077,539087718,389715002,-217162509,928217288
5,7,3,8,10407,540899845,461797079,-1303311370,1188507637,-1016699269,-1584456154
6,7,3,8,10407,-1753121594,679613128,1937661300,609871504,1548907725,-1609428931
7,7,3,8,10407,-1140185757,-60210426,-226903446,1988520683,1962523375,-1017557337
8,7,3,8,10407,-164470222,-829520652,836896360,1429055523,-1292105310,1173557979
9,7,3,8,10407,-29488761,1270244063,-2012331642,-941774844,764232129,254199702
10,7,3,8,10407,-1614571685,1905736911,-46993140,-1320693998,74590297,-1404398911
1,8,3,8,10407,-677656175,-1017978245,-1883079289,414023501,1446874222,92441001
2,8,3,8,10407,1861519678,1638631104,-26931562,1282067044,-1745455644,-523865025
3,8,3,8,10407,-695673519,223446936,-733957626,857580907,1629753866,-301252259
4,8,3,8,10407,712978028,-38042898,1896774604,721881596,-126683888,-1995552278
5,8,3,8,10407,-1169145375,182450644,-1736642809,-1218977951,556072159,-434055295
6,8,3,8,10407,1263314585,-340500725,509230145,-550969131,-1665210323,-1200032528
7,8,3,8,10407,-1644422938,1387586055,1873769843,2007098263,-642241429,-181060562
8,8,3,8,10407,-1637600481,491078804,-1539149074,1403509007,1231872298,1852091017
9,8,3,8,10407,820177873,-1206592829,843392664,-1662792518,-1999921878,-157934679
10,8,3,8,10407,1893512489,-2057699341,-1407251330,700826988,1249422263,1582169864
1,9,3,8,10407,-1624038687,-1857883539,1893843673,-1702574450,-760337937,-1746796206
2,9,3,8,10407,1394227557,-505707783,2103555453,257083439,-1708957501,1906401697
3,9,3,8,10407,1436742379,-767689247,-2104487563,864244462,-599637388,-1244809974
4,9,3,8,10407,-645692538,-772536366,-896445375,1074181448,1679286046,146555868
5,9,3,8,10407,-61328352,-1741849366,-1913078203,2065251809,2004435461,-1509202571
6,9,3,8,10407,14970478,1657557180,-1443655234,-43926728,-200522018,-181948778
7,9,3,8,10407,-1744216608,1150933355,-548618583,2051867374,-1205942164,-149136375
8,9,3,8,10407,-789402030,1172986814,1588628910,-1211607767,179826132,-1248968414
9,9,3,8,10407,-1963071309,-760562313,-1022810733,-1213628125,-1324260202,1138765993
10,9,3,8,10407,-1377593253,-510400658,-1556815392,-1369296453,414293612,-1551890345
1,10,3,8,10407,1779634510,1752106188,47492235,1122044688,-2072203837,240995117
2,10,3,8,10407,954330036,-924511104,346471516,-1643060259,389720309,-219754247
3,10,3,8,10407,398524878,1346292700,944254659,-916031464,-1923425607,-1557123741
4,10,3,8,10407,1726920297,1864709158,-849014976,945590638,-2145411236,-1081105713
5,10,3,8,10407,-1659149594,1837432050,2062432660,-2053394093,2099227320,-676082841
6,10,3,8,10407,-428911692,1236528693,758696784,-1224701649,1412665499,-1925815642
7,10,3,8,10407,-1157950325,-195637979,-1594510071,1036395641,1169825841,-2105931543
8,10,3,8,10407,-109810759,14139974,-85801840,-208686356,-1411711995,-1799936314
9,10,3,8,10407,-1269727549,1615822465,1334857997,-625486459,1033479138,101520664
10,10,3,8,10407,-649189527,-512768923,1967816797,-1736673921,1033550100,-1406424228
1,1,4,8,10407,2102023233,-460390988,-961625540,717904702,2057017419,-897413477
2,1,4,8,10407,1700788680,-1689262959,1597737938,-315485303,-1352775926,-1078624964
3,1,4,8,10407,809089530,-808942672,-471410439,-270091440,378969346,-1659846463
4,1,4,8,10407,-2088350106,397607600,2010100950,-1048074216,1263024806,1108041746
5,1,4,8,10407,404688813,1047439742,659892026,-1936625601,-1922782223,1783175886
6,1,4,8,10407,-1460999917,2012235304,974257483,-1412974551,1088715610,1317872758
7,1,4,8,10407,740310439,-361308298,-1048707937,929789981,-1931939656,-80240761
8,1,4,8,10407,195560627,1652587770,1494354800,770290710,-2141260177,-138958552
9,1,4,8,10407,-260731389,-249346094,1080958641,-2119551034,1009576527,452715081
10,1,4,8,10407,1495607361,-1023353412,-1568482836,556633382,685429475,-870423748
1,2,4,8,10407,2011414550,1283496938,157438626,1074338467,-1248108525,443490442
2,2,4,8,10407,772283542,-359144437,-583915924,1193240937,1128445209,1363176214
3,2,4,8,10407,-1362588215,-1533728354,-1507737451,1058400369,-2105327972,1076042157
4,2,4,8,10407,-1689180907,1600828057,2103912800,-1848978567,514235585,1210085071
5,2,4,8,10407,-1966751732,-86739531,-1846968222,230590310,1550330063,-1802616172
6,2,4,8,10407,-306229754,-1533805767,-2105770714,1687939137,-1458654062,-737652947
7,2,4,8,10407,-1204740743,2017613184,464504379,2095411672,1275689134,354085259
8,2,4,8,10407,-943137562,-1439014583,-472089637,-1710471189,-1072105791,96279684
9,2,4,8,10407,2039943366,1019006066,-534172069,2143066231,198972954,1505463830
10,2,4,8,10407,336367851,-800565571,-587238087,242848240,-1021391899,-1996159388
1,3,4,8,10407,1996503706,-1706304042,1671387831,-2134386185,-779287817,-611234517
2,3,4,8,10407,-869182707,-412947871,-20999852,2109076085,-1251689275,-1265574134
3,3,4,8,10407,-2068653205,472812396,-56876736,1887144413,1204016679,2080337730
4,3,4,8,10407,-68880442,1452700584,-694013355,-1796424571,1505222298,68674052
5,3,4,8,10407,1041252149,1439150282,1152610218,-372158344,727377720,-2039226321
6,3,4,8,10407,-360090607,-953221415,-265154960,976144869,-1425078054,-921610097
7,3,4,8,10407,-159597311,1849801439,723500602,-698823051,-184181254,-1431731579
8,3,4,8,10407,-1124415864,2104930844,-1527017160,-30370994,-180905841,-212943598
9,3,4,8,10407,286398562,1105577504,502248326,495950041,-775442210,1042626962
10,3,4,8,10407,-928233548,-1663429742,-758151732,-837406596,-29062422,-1855088106
1,4,4,8,10407,-1194412802,430005007,-665152062,715564083,-1346017504,623520394
2,4,4,8,10407,1176701894,-1820736041,-725654343,2011767674,1101942264,-1008449140
3,4,4,8,10407,-1346596780,731272142,-1211470800,-3840548,-217806742,-1304634580
4,4,4,8,10407,1796095762,-408921547,2045705036,304796430,1002071327,-783191323
5,4,4,8,10407,-84968071,286122589,114316918,1686430124,-1829467708,-1232150998
6,4,4,8,10407,707816793,1347583680,-1543884824,1349961149,-1329051052,-1015007071
7,4,4,8,10407,1551093771,2121202579,-2051924859,202004158,-389717885,-1993512460
8,4,4,8,10407,388881417,-246688382,-62429107,1341216706,404976147,-1456237253
9,4,4,8,10407,1529662096,1799744999,-2032814977,-2007460223,1270740704,-9472607
10,4,4,8,10407,1743985898,1636595129,2100362824,-591918813,1561929671,-92182573
1,5,4,8,10407,168767049,-176631795,-108777369,-126742979,-726453418,-2105079025
2,5,4,8,10407,-2101872305,-580432197,173815140,-1906567699,-903491583,798938873
3,5,4,8,10407,1363574046,-1269001755,1561057470,-2055022149,-1629932709,220803228
4,5,4,8,10407,801936757,-1523788215,332272124,447506111,-1197423136,429597129
5,5,4,8,10407,104471264,225213318,1971784808,-678008001,217649902,365602956
6,5,4,8,10407,1806641560,1151653131,-764346042,-849213161,43453136,-134699154
7,5,4,8,10407,-678236355,409837598,-393919112,-373715068,2022912774,142678910
8,5,4,8,10407,-1986177548,1191968875,-1034676539,384397284,-1441143241,750380838
9,5,4,8,10407,1728882746,-1167660780,1363360010,-1545801660,-864276594,-314920632
10,5,4,8,10407,-1147937637,-456202773,-2131783152,-879419099,1770010859,1734803505
1,6,4,8,10407,-703594375,1170249058,-64071235,575674248,2056219332,1498954667
2,6,4,8,10407,548056610,1915991289,1975538966,687429829,1560413663,-203730968
3,6,4,8,10407,-2080405247,-1365898434,-565464904,1239155292,-121371684,-1524658769
4,6,4,8,10407,-209679581,-776360714,-1907748798,-321669436,-1424334244,1328873157
5,6,4,8,10407,-990886586,1028234937,26346249,603315710,195946383,-13854943
6,6,4,8,10407,-1000572136,-1458579540,-1462518206,-2063386912,1473431944,1650260557
7,6,4,8,10407,1094724682,-1202469350,-343391848,633488319,-1397522554,-765179772
8,6,4,8,10407,-1116316602,450415041,1501736416,-1177373097,-1599621265,-1921983804
9,6,4,8,10407,-1124351350,-609062774,-1724444599,-78630216,-431260628,506791053
10,6,4,8,10407,-1939907342,1612756063,347250971,1657278301,-1767014069,-1851019111
1,7,4,8,10407,1323706783,1408197518,1971293409,273636772,-810490592,2051005986
2,7,4,8,10407,2006049173,1207485613,-486352932,-1720231412,243968904,832627335
3,7,4,8,10407,-1139226361,240860524,760874863,-1277892000,463214804,-122064653
4,7,4,8,10407,1509735716,1046851766,1471510284,668601944,-1096796893,-1138885697
5,7,4,8,10407,-1177142178,410052762,-965766912,166286001,1716753992,-431036267
6,7,4,8,10407,377617058,-394118681,-1492347879,844435745,2100826315,255162493
7,7,4,8,10407,1611732810,1224414103,1508217122,-2144005277,-1703928858,886687963
8,7,4,8,10407,-1605647809,-1109629021,-1864469216,987326873,1957190781,1797479243
9,7,4,8,10407,1548569984,150355784,-91759803,-1086576972,-1148995095,-556595742
10,7,4,8,10407,587413940,976265980,-599065628,2022568961,-2059060172,-6903846
1,8,4,8,10407,-1336980076,-781416189,1517877237,-1436931170,1324431667,236956999
2,8,4,8,10407,-1995385575,666068715,-1253989035,-941631846,-686410828,-1763618173
3,8,4,8,10407,-1803501832,-175462817,1864605795,-290783125,-39587107,-1133124761
4,8,4,8,10407,217339770,1886869644,480601976,1561425308,2098662242,-278417613
5,8,4,8,10407,1951430341,126948652,1502559415,1061632716,-180425111,1625790380
6,8,4,8,10407,847622667,-1632344475,-1323598749,749142466,-2089117055,1402068820
7,8,4,8,10407,1674606220,1704608109,-140750149,462171366,-1383792790,-877260343
8,8,4,8,10407,-855086931,1486067883,-361636463,-2024109120,1018835204,-2056920114
9,8,4,8,10407,76690020,-1812978108,-231713548,497591895,416984788,2087418751
10,8,4,8,10407,1634316058,2098109591,1340753579,887584047,1835990559,1094937830
1,9,4,8,10407,422905459,636983445,756191433,947585680,485177429,2001416510
2,9,4,8,10407,-360888620,-102058878,-1497042296,521611979,49449115,-1407563195
3,9,4,8,10407,-1273037571,-989465704,-883947714,-1443026114,1868373023,-2008106733
4,9,4,8,10407,-516519754,2028028913,1284083480,-1775902508,1392970739,-1226467518
5,9,4,8,10407,1881544715,-846029429,1076742924,1043599591,-1972576897,-54857077
6,9,4,8,10407,-986017753,970118844,1211761195,-905932697,-1986151777,1419743647
7,9,4,8,10407,1004959578,-1091981040,-1086439504,-267852254,-212208989,1315417327
8,9,4,8,10407,1937716947,-380320964,-1524869546,-5484969,-49121817,-428213787
9,9,4,8,10407,-250935885,-1703251246,1372294214,-473088584,-1156149187,2057037178
10,9,4,8,10407,232870501,1423666020,2073775010,2056199347,1078104944,3522480
1,10,4,8,10407,-1409259923,1662806716,1558819479,1712485468,-1237302442,-1530258211
2,10,4,8,10407,-1140588427,555982370,17272383,1206804986,1500685758,-32616657
3,10,4,8,10407,940563186,-1802263512,894214338,-1236519177,-856382695,2044560513
4,10,4,8,10407,552271743,-1027716025,551337652,-271450678,1043044653,1519758313
5,10,4,8,10407,21405713,-831843913,-1938130197,252666012,-442243202,1467096569
6,10,4,8,10407,-1624180532,-1614729918,23998919,443436361,-442053912,-1650457338
7,10,4,8,10407,-626050051,1496336897,101456043,1936748458,1722263709,-2004471334
8,10,4,8,10407,-940254875,2135865042,1376813129,290189156,-1955005787,987727627
9,10,4,8,10407,-714202233,-1894245707,-544612156,-853156949,-1431523241,2066423676
10,10,4,8,10407,1975771573,-1932208530,948459653,515743936,255423044,-343428455
1,1,5,8,10407,-555780652,253024991,-1212289652,-407479755,233649814,1906800351
2,1,5,8,10407,-116877660,-39347207,-1198347081,1364543391,968776839,-476902511
3,1,5,8,10407,-1133155832,1156966657,1157540449,-2062240728,202179044,-117964487
4,1,5,8,10407,42272232,1677165442,-476853962,-1660376707,-1164005003,1617438264
5,1,5,8,10407,-371208814,-1075239756,2052595872,51892307,-834288962,-1426187054
6,1,5,8,10407,-2038402036,624572330,-838396040,832484278,-1681369234,887581541
7,1,5,8,10407,-1751916307,1192047967,-1387042525,-1201411815,-1272793135,517382990
8,1,5,8,10407,205149215,1975850951,-1058560302,-1740052941,1428505668,1485328120
9,1,5,8,10407,971829532,-596991970,336651659,-2119178780,1586261367,2026082664
10,1,5,8,10407,-1427165765,115072602,-293262344,4809004,-543841681,-323075024
1,2,5,8,10407,1911620413,1674927144,504231321,909682571,-1408961817,-648156383
2,2,5,8,10407,-234036367,1827153981,44772138,-84353683,-503329078,-755350885
3,2,5,8,10407,1853471869,52025845,-2002250577,-582336821,1053470242,1124927135
4,2,5,8,10407,-248226332,1224474825,-47316568,-92975548,-117975598,-591844770
5,2,5,8,10407,1601405574,734151482,-1003276834,1349973665,1403530304,-208878170
6,2,5,8,10407,-1158500033,-1288400763,1328252774,-433948846,690619445,922509089
7,2,5,8,10407,1414325840,1758195046,-1129304228,834573477,716439533,-508910269
8,2,5,8,10407,-740197192,1961837877,448941546,-889825171,936783451,-1353812503
9,2,5,8,10407,1228898605,-469075846,354215431,-2097609076,1343174418,1366811861
10,2,5,8,10407,1934729032,-38011219,1300517837,959166595,-368783804,-24843225
1,3,5,8,10407,405700732,617556562,1322209840,807093403,1994727895,1687772259
2,3,5,8,10407,306479658,154993708,-108112189,453131641,179004596,2882248
3,3,5,8,10407,-1873933576,301873158,-1162011765,680270074,1416858076,25807609
4,3,5,8,10407,825085460,14845236,1686669085,-1878118495,1913499547,862548929
5,3,5,8,10407,-1425497317,1926314321,-359799496,-1846097891,999710746,-214626196
6,3,5,8,10407,-36693921,-1941245142,-11201543,-1638672418,-597865780,-1003834431
7,3,5,8,10407,-89032495,1547692048,-701663421,1326614595,-1452526465,1653025180
8,3,5,8,10407,-1556553128,-2002887097,-182618475,155529081,1079200521,898941749
9,3,5,8,10407,219137382,-1901646252,-609469266,-529529903,-1388974577,-1683041566
10,3,5,8,10407,233842736,2004370431,454069383,1455764669,-1124384547,-1556086941
1,4,5,8,10407,627670477,-398344325,291687846,1457752170,2051098721,-1348201786
2,4,5,8,10407,-2099405980,2016720977,-265423975,1324006486,-495394015,1580717975
3,4,5,8,10407,-1618207629,-788962440,-485451858,-67163892,308739784,1777911811
4,4,5,8,10407,1358034323,1460818322,213333694,-1646995947,2050060615,1197896461
5,4,5,8,10407,1102071687,-1548603931,-1798614033,-1653562724,2112235479,-1505030196
6,4,5,8,10407,-418575869,-550222723,-1733052977,-564552266,-1093192397,-1318147139
7,4,5,8,10407,-569040398,1535037629,1874126520,-478674141,1144238329,-1448154495
8,4,5,8,10407,-735701503,1082445271,-1832966099,-63162892,-235126049,-249785415
9,4,5,8,10407,-1823873530,-1868073476,1497569394,-741754563,1239601999,-311000086
10,4,5,8,10407,-739157426,-9731635,1288738146,-1307989014,806254040,349830699
1,5,5,8,10407,-1017104290,-29186264,-2024541052,1654782707,1461045633,-180809029
2,5,5,8,10407,2044414548,421281126,-1558848989,98858430,-1945172736,1606577255
3,5,5,8,10407,798890414,1925503234,448934493,-956477166,1599402342,869366515
4,5,5,8,10407,52617299,-1714156961,359651035,-713185553,1815202502,814825052
5,5,5,8,10407,114770378,472270336,-848641324,-269879142,695653946,-1261301377
6,5,5,8,10407,1289836618,1094791645,-565248115,-1677003705,-1771640032,1526046035
7,5,5,8,10407,825010260,126624181,-1741201417,-1369894693,-717116076,1904208423
8,5,5,8,10407,-931907757,-1993925205,-1693090772,1415578256,-1906190993,1797327452
9,5,5,8,10407,-298931553,121258905,67061991,1851246730,-1515935637,1190180333
10,5,5,8,10407,-132615742,389142227,-1369541706,-1463364740,252174870,2003496560
1,6,5,8,10407,-1580917546,-457666469,-17578396,70261447,896927925,-1132118181
2,6,5,8,10407,2050663729,-993010327,-1615024000,-1746781017,784364991,-1925514864
3,6,5,8,10407,-1112383175,-1704033823,803179451,596599181,921899628,1871859001
4,6,5,8,10407,-1655532974,610995240,-1345140511,-1372761322,-838210770,-197649133
5,6,5,8,10407,-1662867793,1745299960,650135824,115895014,378379304,-412280204
6,6,5,8,10407,778533343,-542571905,798601936,-794564920,-676201090,-1567577819
7,6,5,8,10407,-1733515960,566223753,1434074943,-2033345653,751983559,1072709941
8,6,5,8,10407,1061052070,-257093194,1445923586,1409147196,1845126828,1518180131
9,6,5,8,10407,-1542385703,963662712,-699283225,-13379427,956926088,2049351293
10,6,5,8,10407,1951136675,-2025505845,-328048398,-1598752880,-868091881,-65562370
1,7,5,8,10407,-1321298460,2135771329,-1875364097,-2087197904,46070936,554834572
2,7,5,8,10407,-653461111,1073246748,-91843686,1749213977,-1607231098,1604568728
3,7,5,8,10407,683922683,-216760270,-1516350081,-1223786445,-1089516156,-1658099682
4,7,5,8,10407,989135918,-228198716,-516591355,-387786984,-963979260,-151798815
5,7,5,8,10407,-1320877476,542436217,285848802,578437169,1034186374,980159597
6,7,5,8,10407,562474752,1549044981,-1552566482,630106928,1809721883,-260641369
7,7,5,8,10407,-288746866,258783186,687009706,793073264,1610558602,217532174
8,7,5,8,10407,-2071340856,-399563488,-1135829702,189888366,428126142,-120665967
9,7,5,8,10407,2141140109,1098678593,-566772151,-165254866,-1975480406,658656648
10,7,5,8,10407,441789208,-859264918,-63464281,1817156200,1355767114,1003386843
1,8,5,8,10407,477428440,-1314018984,-1348431715,824125573,405919943,111091509
2,8,5,8,10407,33509453,252165346,-918201116,-954861623,1477802466,-1045411331
3,8,5,8,10407,-373561862,597963462,926466966,-1095112064,112249738,1823527819
4,8,5,8,10407,1391432039,685595972,1720913906,-1106865825,48462258,-524506344
5,8,5,8,10407,754250629,783006675,-823726557,-845132305,1420404686,-529708658
6,8,5,8,10407,-838450688,-1464412093,-1153387978,-583566948,1965764148,-1116874455
7,8,5,8,10407,728589140,1540004181,152379015,-455635474,-2061374690,-708720856
8,8,5,8,10407,-1102544566,-1510777762,-1077413939,755486099,1770665100,-924222762
9,8,5,8,10407,1513678297,454243566,280187250,-1628428426,-5437459,-1429644370
10,8,5,8,10407,1623125029,852422640,442021032,-751466223,19532049,523282144
1,9,5,8,10407,2016230917,-183084981,1171337831,-142252540,-1346113642,49976699
2,9,5,8,10407,-1811797135,508496486,404781687,-119046387,-46669978,-1159876783
3,9,5,8,10407,-448974661,-1623283119,192983061,-560087064,-362466666,654534867
4,9,5,8,10407,-425789712,-405426927,718489899,-600196339,802463477,-591902251
5,9,5,8,10407,901254667,545799690,28051021,215266989,273009944,856724286
6,9,5,8,10407,-234161062,1924233505,-1187410996,547961123,-1518240421,740671348
7,9,5,8,10407,884619925,-1384353617,-1711426298,-668079440,1603313199,-724597365
8,9,5,8,10407,1518046394,903109395,850781934,-194377726,938259149,-1603662174
9,9,5,8,10407,-1230663182,-2077089878,1227862067,-1220153400,1953326668,545197291
10,9,5,8,10407,1801941102,-1988566228,889565075,1273119,1582318810,-1908495067
1,10,5,8,10407,-2133729487,386196804,1493329718,1341227760,864025885,-1452530580
2,10,5,8,10407,-17523710,-589784800,2035982774,925170905,-1246576857,83809064
3,10,5,8,10407,404823358,-679679285,-665639321,-792811670,670894150,-2122696788
4,10,5,8,10407,-1558757158,-1395499195,246465680,1335550780,1811884546,-1341163162
5,10,5,8,10407,-2041904287,-775895849,-180853495,-1033824216,1696261074,-8392495
6,10,5,8,10407,-1265181076,-1741416599,321549249,-786381467,-834325787,-1380071037
7,10,5,8,10407,1369289450,-1750483533,-422924889,1044361207,-1295579919,2018703902
8,10,5,8,10407,-227688970,-1367560304,-1970209568,1622192501,1194864037,-482550224
9,10,5,8,10407,1272256693,-236372752,-1294524600,1759110975,1492428403,-2139647416
10,10,5,8,10407,27170427,-448220498,-648247103,-2035969059,-2083676486,-53612770
1,1,0,9,10407,-977825844,-1306752438,-341260555,1052616535,1530798899,1986865915
2,1,0,9,10407,-485198748,-444756734,826133078,-909356965,426487203,-695749394
3,1,0,9,10407,388820675,313202714,-924359047,-1803756968,244395688,84643361
4,1,0,9,10407,-889122935,444847926,412400445,314411597,-1088883783,250208905
5,1,0,9,10407,-1496826275,39563220,-99946445,-567186111,-1805296910,-618486374
6,1,0,9,10407,-1065135916,-2116675778,-443452906,-105148549,-1337862112,-58197456
7,1,0,9,10407,690078613,-1569401277,1436942465,1039628489,257462143,-1697387308
8,1,0,9,10407,185654892,-1764301896,-1990526401,269678314,-1463578063,1486205624
9,1,0,9,10407,1225406662,105821548,1883202227,938535176,1721639938,1165535090
10,1,0,9,10407,786688059,-1715386150,-393156422,1544636809,199432590,-348598145
1,2,0,9,10407,975074980,-653990725,-1469151570,-1553976848,802662654,-1462731979
2,2,0,9,10407,859183442,-878333883,380942799,-670561236,2044493434,-1179825340
3,2,0,9,10407,1416846373,1483630016,-2097226257,812126175,-1873504958,-432470346
4,2,0,9,10407,-1670582326,-1785130650,-778546773,-2122435946,1591672034,-1415662881
5,2,0,9,10407,-176922385,-721834863,-1779672700,-977338573,616548524,1176275333
6,2,0,9,10407,1421352592,-1710872387,518326242,-1441077353,-1890742421,-1067009189
7,2,0,9,10407,-1046151702,837590166,-1192703017,-2022735355,572857299,-1184652145
8,2,0,9,10407,-1982797301,1167825316,-1835567533,-1431433671,1285540302,694262097
9,2,0,9,10407,-1987575757,672956398,1246408920,1757722197,-1917563666,-12531538
10,2,0,9,10407,1570859002,802046376,1403786985,-802762964,1139280193,-1428039908
1,3,0,9,10407,923505486,-694118750,-769509868,-1673536845,-1031315294,-38266499
2,3,0,9,10407,-2081319127,1370379423,-1657824740,-65909504,-272803497,1147073326
3,3,0,9,10407,1607046820,712224324,-1221611823,-999838180,-3650581,-521559628
4,3,0,9,10407,-661699177,-1585297760,-884816031,1170241278,1038221883,163524523
5,3,0,9,10407,-733351328,-1289644757,1754972195,1785638800,-99328922,-959664484
6,3,0,9,10407,-1942459143,-1019048408,-341798413,-729694809,148668474,-1733870203
7,3,0,9,10407,1835945774,-1230924221,206132121,-246034479,-1181548810,-2120446196
8,3,0,9,10407,-1980865432,1306316002,1184504140,127537948,-1362465376,794990919
9,3,0,9,10407,-250903291,-782357327,849693957,1528812557,-167497135,-224782289
10,3,0,9,10407,795987966,-1672707617,1296428961,1669827123,1367155822,-1378774252
1,4,0,9,10407,1718042231,-1461609764,-305971071,429761451,1540399983,-557769710
2,4,0,9,10407,-556873611,-1790695273,2134526457,1681721352,-563538257,-386074963
3,4,0,9,10407,-1839109834,7720083,-683375438,-570557866,-1663247817,-1889824049
4,4,0,9,10407,-1855462930,-646751491,-1817563936,865201132,1719040907,1537072276
5,4,0,9,10407,1508216346,-1919606694,-1048054213,1685639449,-1445065331,569440373
6,4,0,9,10407,-894663437,-155024155,-1308086485,-443829573,1234556925,-1332446060
7,4,0,9,10407,638572179,1672324312,-66120069,1179329673,-1252421121,1168941822
8,4,0,9,10407,-42400287,776987451,467105397,-1683006187,-282209236,-835718647
9,4,0,9,10407,-1110631591,839160667,-701075460,177616323,-1266365553,-1989074143
10,4,0,9,10407,1773965334,1796829396,909265028,1329321212,-23686621,-1231187259
1,5,0,9,10407,-1578495486,2104116486,-1161417671,-1284073381,2087086012,1514532939
2,5,0,9,10407,608403791,-105619436,-379563237,1553359231,1345047298,-1499767641
3,5,0,9,10407,-1605422919,474599463,-792565700,848665461,-1863751890,-963172337
4,5,0,9,10407,-770590421,-1622336996,-1077925961,-742731809,499633929,1349638922
5,5,0,9,10407,1702089600,-324792536,2121439518,-433642857,-562227611,71597707
6,5,0,9,10407,1091896839,-1063187498,1164697304,842962356,1375706899,-598578546
7,5,0,9,10407,-1290538884,-482804857,-905626969,539201096,-1887691523,-1924453631
8,5,0,9,10407,-88932356,-973576487,-631257894,952256574,492917285,2034757269
9,5,0,9,10407,1609002089,1399388723,-605783068,1075336066,252000897,1112416197
10,5,0,9,10407,207561744,1393394332,-1958247150,1209591918,803126684,-834685871
1,6,0,9,10407,1838170543,139766920,-1756038287,714137207,-1497288631,881129071
2,6,0,9,10407,1201394967,826823891,639614851,2108859075,194560332,-1424736374
3,6,0,9,10407,-28807637,-1775131691,-1303497422,254575164,-935511650,1668010849
4,6,0,9,10407,-280691332,1962982729,-27225033,-533801320,1869303050,-408315512
5,6,0,9,10407,-194932858,-369989051,1939869270,-2138525934,-1637456020,-1068921285
6,6,0,9,10407,-1067234001,-1906279841,1291074985,1845740124,-1445505291,-360331368
7,6,0,9,10407,-1648308903,1658175824,-246901075,1627874793,2111512310,-69510425
8,6,0,9,10407,303967926,1061336985,271589179,-1087796238,-1122766087,-1426778938
9,6,0,9,10407,1028272166,-64532370,-451040339,-1984006898,-1367469558,-161593288
10,6,0,9,10407,-613818743,328839246,528474561,426956750,1704390280,-1048644874
1,7,0,9,10407,-1136388995,477435000,1821418697,-1720247435,-196428480,-169630492
2,7,0,9,10407,995413803,-385805783,1548582860,-251097638,-618465071,1072599860
3,7,0,9,10407,1856121446,279316117,-904697508,664260052,-397191769,109493183
4,7,0,9,10407,-1868892275,-466267528,35303198,-1461163612,-1915862180,1248331175
5,7,0,9,10407,1184366277,230096671,408966172,-786846330,-1797271804,747892170
6,7,0,9,10407,1182895090,-655068038,-657732925,186079351,-1406605449,577270831
7,7,0,9,10407,-537244750,410087004,579140775,-847074283,-1625450071,-2090673502
8,7,0,9,10407,-1850414024,781735168,1862683073,1580202443,-1627359172,-1452150710
9,7,0,9,10407,-129064321,-1289209418,-480591159,2070012531,-1269467395,1557378652
10,7,0,9,10407,-765096875,1142729708,1596641072,-2056065308,-2011075306,1244885806
1,8,0,9,10407,1200154446,-1199740132,-1223558881,-186003385,-1735561661,1775922826
2,8,0,9,10407,-229528753,-1347765779,1174506355,-1700214710,-1722061456,1186011803
3,8,0,9,10407,1572615252,-2088204375,644032835,992719326,263495000,614612685
4,8,0,9,10407,-787443254,-570185415,1466651790,347563914,687792917,291607447
5,8,0,9,10407,971214395,-532285962,-1983786314,1754350239,2129802199,1175248450
6,8,0,9,10407,1219731127,923290465,-932062963,975974741,1735238931,-749953290
7,8,0,9,10407,43219576,952599932,492542544,-201467240,1473177852,-1446081693
8,8,0,9,10407,1575551190,-654270152,1279291086,1605362608,-1125338168,-184159271
9,8,0,9,10407,-272686580,-246403,-834856522,-1466570746,898110948,966990142
10,8,0,9,10407,-1706002826,-2133890172,541922431,697691726,139301072,630116478
1,9,0,9,10407,836361175,1887849934,958004126,-1314097985,1565781181,1013285188
2,9,0,9,10407,1011106276,1846890076,-22752861,-1751319964,491136083,-498813447
3,9,0,9,10407,-1862267310,-1591589701,-1217565349,-16176726,-61485871,-465511787
4,9,0,9,10407,385328687,1925670105,-1185665626,503796443,-1495264862,-586354399
5,9,0,9,10407,1070840424,-1417265829,-528447262,1901884524,573473974,948340279
6,9,0,9,10407,316170666,1138288169,-1443308671,1084807496,532606435,-312130996
7,9,0,9,10407,69338873,1950049748,-1389805726,-994079206,-567520157,-1358792553
8,9,0,9,10407,-386926982,460295848,432438531,-739777377,-1929595467,1335725284
9,9,0,9,10407,2029739258,-987975832,1216885680,-120985068,1371237465,-1610530579
10,9,0,9,10407,1009029652,1064429854,1159003169,1789195953,1797562472,257150781
1,10,0,9,10407,-1585227580,-1350401223,72963958,-334058428,1169449688,2045813235
2,10,0,9,10407,-334467180,-393116454,878494333,-121647617,-744306158,-1643455599
3,10,0,9,10407,1704690909,-764718932,218662328,1397265569,-935526317,426801789
4,10,0,9,10407,-479865720,1020466227,-1896899880,-582530338,-903356820,-818716517
5,10,0,9,10407,485039958,-1756553930,1065242959,-608689664,1829558085,227855711
6,10,0,9,10407,-1086898393,-962617131,-1283393718,-1010415519,-6815955,1691081503
7,10,0,9,10407,190036518,1898093748,1256004978,536259619,945473861,-660665771
8,10,0,9,10407,-647479554,1608967857,1093315696,1558635035,5271493,1007866653
9,10,0,9,10407,-394976509,-1391087819,-1545825706,-683933083,981586238,-108242566
10,10,0,9,10407,245816500,-360928572,-225397277,-1429456471,258016166,-1906583983
1,1,1,9,10407,1770337334,1535342694,1906157343,682662535,417830986,-2097074273
2,1,1,9,10407,-597825090,1639003462,-409483306,-1436923208,-679071105,1993120536
3,1,1,9,10407,883766828,-1073545754,448784076,-2081773156,-344122949,-1455891200
4,1,1,9,10407,-287610324,280178804,1445541854,371181851,2103469299,-1818046521
5,1,1,9,10407,-88889876,904230939,-1518248606,713823644,-230818487,-420536200
6,1,1,9,10407,2078834332,891407490,-1740779126,-388713846,504048892,2099223928
7,1,1,9,10407,-402375011,1983741148,-930778382,-1868837248,-569750127,1461954272
8,1,1,9,10407,-2029550706,1084382945,-818906031,1243190635,2056593116,967473478
9,1,1,9,10407,-1368333327,-2135379627,-961677842,-106920254,-449299840,625913150
10,1,1,9,10407,-1454947370,93449627,1739117446,785920628,-1306410379,992545189
1,2,1,9,10407,-641899201,1834826564,-851813521,982344167,-1591319688,777160664
2,2,1,9,10407,-1230056871,-1909936519,-1387080828,-1282509172,-1198250270,-896427883
3,2,1,9,10407,-877819639,-905491081,94498877,1397685981,-1945861912,-30476993
4,2,1,9,10407,-1470322271,-1872201166,1941825608,1135453993,-1355231652,-1233917044
5,2,1,9,10407,-1303670506,-1709065242,392412398,2131946525,1972586864,-968142160
6,2,1,9,10407,-276443058,-744259284,190477446,-402346227,-1268747151,1847606553
7,2,1,9,10407,-1262499323,1400523368,2096687132,169389580,547545949,1441524672
8,2,1,9,10407,326847121,203718860,2048589028,1513831815,-53839874,-2004805248
9,2,1,9,10407,-1764504059,1446905218,729392535,-1530484034,761709346,-1275955318
10,2,1,9,10407,1609825550,1698360695,-1054478343,-1436394347,443217790,-316391814
1,3,1,9,10407,1090897099,1668392342,1635566403,-1738795215,1732652212,-1641537911
2,3,1,9,10407,11251720,-2126848699,-1235136878,803906887,626829470,-48701976
3,3,1,9,10407,572455855,1291318510,-692505770,-218182751,-629854532,-256287694
4,3,1,9,10407,2116113112,468843263,1725073589,693708813,-1990635553,-929456104
5,3,1,9,10407,-1039844336,1681722344,1227642536,-748855298,-2073987181,-771942500
6,3,1,9,10407,462373862,-1446505709,218475407,1931597169,1077621714,-1777741626
7,3,1,9,10407,-155049203,613223240,489501832,-1916611648,-1110506359,-1428301014
8,3,1,9,10407,-1883484504,84447545,-638898758,1152500606,-938535564,-651311108
9,3,1,9,10407,378516496,1694079060,-921900750,1490616690,-1968610763,-1352471169
10,3,1,9,10407,-252317315,1884962218,278327868,-771036399,675000114,-319434639
1,4,1,9,10407,-1376018076,-1295503789,-838496572,-591333718,1666729965,1522516379
2,4,1,9,10407,2137634368,213920911,490267112,1011754417,-407914187,-1700152541
3,4,1,9,10407,1976754783,-1474901780,-356756338,1389294859,-61199529,-1794854569
4,4,1,9,10407,1519299279,-1116674372,-858127867,-1700296173,-1376508619,-819296309
5,4,1,9,10407,1001265151,422440924,-1065596565,-557076219,-1819667024,-1654720227
6,4,1,9,10407,-1137321756,-413113702,-207986529,-29370383,-1541078198,-572562055
7,4,1,9,10407,-1230149186,825112427,39272696,-894411296,1036679516,-1389753780
8,4,1,9,10407,974571695,-489497607,-1933860465,-456841309,-981528058,-1685493560
9,4,1,9,10407,-301987943,-1060830498,-1488317730,-2114494338,-893137606,-1623535002
10,4,1,9,10407,201857622,1432888925,932382108,1313852824,1789276325,-1380654982
1,5,1,9,10407,-199638905,1936243136,1351411214,-1826925212,1033635301,-1272303683
2,5,1,9,10407,887155216,511969638,-246149699,1379353089,949484076,379902363
3,5,1,9,10407,1545508139,-1533544547,976131267,1835101953,767956765,1621308721
4,5,1,9,10407,-1272192082,1855872702,-787414467,-457232070,426165735,-1201904429
5,5,1,9,10407,1298471422,-1559887926,-1459481474,-1066223710,1387104007,1742920034
6,5,1,9,10407,202521888,-2145285319,-2145893323,1878099941,-34042793,-1456317822
7,5,1,9,10407,-1206143822,1253867351,1079284835,2058528254,-2099764898,69345307
8,5,1,9,10407,1168921084,-2038942060,1071257291,-785566598,-1964334569,1782859068
9,5,1,9,10407,-1890612786,1930298283,2043823964,-657288218,-60338005,1912483438
10,5,1,9,10407,-1957512474,1946015769,-982658620,1139076896,92510289,1714162526
1,6,1,9,10407,-1655940245,-804575311,-1505195548,-2110325892,242494344,-1396038099
2,6,1,9,10407,1257431797,-795958081,809625521,1426318610,-174550696,-686611805
3,6,1,9,10407,1596691946,757398477,1856789624,570283867,-575589004,-1056373249
4,6,1,9,10407,-1945100005,1782889548,1914209818,774786207,-1218510101,483582602
5,6,1,9,10407,319737934,1854031713,-425409054,-985971111,-869237909,1497676188
6,6,1,9,10407,-1430172184,-913357800,1028993990,-927469057,-854047452,2038696367
7,6,1,9,10407,1236380609,420122193,-2041801494,-1398144930,-1721276462,-90157581
8,6,1,9,10407,1614980060,774430649,-561073064,-1887375543,861142897,-1374045524
9,6,1,9,10407,1782406971,1026780331,-546177309,755308471,2130455135,1237211269
10,6,1,9,10407,-1007905816,-1604540810,-373934764,729269332,2144209465,-1321200465
1,7,1,9,10407,-2033730733,662373835,741695701,1777722213,-464413338,356643045
2,7,1,9,10407,1624865245,-1983582290,1092040848,1318726623,1858443729,-789900211
3,7,1,9,10407,-1624196245,-1482820675,1446541559,1419413408,2087242014,743870727
4,7,1,9,10407,-1308662861,802821871,202994014,-1347638119,1357885829,-733385898
5,7,1,9,10407,-664464638,-45173423,1526783081,-1733792640,-1618473537,-2075838351
6,7,1,9,10407,-2147261703,36282397,593439621,-1490825725,928951741,-1743699834
7,7,1,9,10407,157047417,-361684020,-601059741,-1483294591,-1213836317,-985668696
8,7,1,9,10407,331152413,1684172167,-1380254068,-163840551,-315308721,-1235155029
9,7,1,9,10407,-1905216165,-637475548,718058091,-897050145,-925966115,-1665524916
10,7,1,9,10407,-1022885454,88395646,-1636844870,1451949601,-1812515186,-1581918244
1,8,1,9,10407,909172286,-1596993378,-809377660,-707522914,-415426512,-1464780283
2,8,1,9,10407,498600217,-758318368,-1156756800,-1889676928,1625197739,-123011102
3,8,1,9,10407,-1769274937,975051959,-1982556110,38588410,-1177112025,1641863581
4,8,1,9,10407,-1432314998,1655964124,-1597386246,1803658214,-732740398,-358752801
5,8,1,9,10407,-1800209372,-2051031811,-221060455,1991168680,1347394953,-1987890494
6,8,1,9,10407,1574141042,839572425,-984228408,-1035243719,938286554,922557146
7,8,1,9,10407,-873106596,-1067347832,-1993930710,-447552475,1680878615,-1734542139
8,8,1,9,10407,1080194888,-2051569094,-72332371,-98934157,1816979202,356068203
9,8,1,9,10407,1846492671,159745551,-759673455,331959799,1201687312,1929485418
10,8,1,9,10407,-1202190246,-1113855296,1171276684,-970077007,-82561539,354381758
1,9,1,9,10407,1168035649,-950661622,262283876,1430223435,399693083,2530804
2,9,1,9,10407,1106525096,2046128557,119500538,760960110,-2125189462,1987615300
3,9,1,9,10407,-534747761,-699503722,2037264488,1102971038,-1521493179,522264916
4,9,1,9,10407,-1076232847,1428043882,-1045445481,1473156054,-1961676414,-93648490
5,9,1,9,10407,944366090,-1568728620,-1648590213,1400332644,-150439437,-93574206
6,9,1,9,10407,354083431,228937506,163463158,999181435,613670981,-1931386794
7,9,1,9,10407,-1405727054,521803438,1509985912,-1414677005,-1592650334,-730103189
8,9,1,9,10407,2109038087,1616004201,1797978270,202147652,-208586768,844408874
9,9,1,9,10407,-1233261718,75071214,-775791905,-582457079,-566147778,-2092994010
10,9,1,9,10407,1017411598,430004125,652024808,-1913839796,-1308386213,1663216153
1,10,1,9,10407,-749397473,872660199,272641848,-758367291,1178242172,1630777026
2,10,1,9,10407,1883519862,523186089,-1532376499,834634490,-179088235,1859928923
3,10,1,9,10407,1425949652,-1197701511,-473316515,176678239,-1638526695,348710480
4,10,1,9,10407,-486972250,-1062357947,803890635,513831732,-1813634568,1707283904
5,10,1,9,10407,1800276837,-835440130,18629012,1882268119,-1440604730,-102534977
6,10,1,9,10407,1713652525,1387845442,1419475103,1173201205,1697740696,-1836024102
7,10,1,9,10407,1551255529,-1591777042,-1442324184,-1801146894,1336296738,930218921
8,10,1,9,10407,-152457138,1649868261,-2122079076,84982067,344240635,-2121007919
9,10,1,9,10407,-739699670,435705881,2034559602,815572022,-937358172,-870971829
10,10,1,9,10407,-779036283,306969306,1562458948,2098543725,-593108786,1291915507
1,1,2,9,10407,-1606332502,916785424,-289337776,1690527976,1478715801,1152377563
2,1,2,9,10407,1831071215,151894460,174959756,-1659444890,1762501687,-1982794459
3,1,2,9,10407,446822876,-1035829043,1260845768,1585142100,-306710013,988546538
4,1,2,9,10407,-1495239400,472322103,-1883490019,-2020377158,163386349,1656000861
5,1,2,9,10407,1603601241,-870471147,-997551322,-770911528,749662167,2090181212
6,1,2,9,10407,1144984317,1572403663,793122974,575730908,1624312992,1553400164
7,1,2,9,10407,953012895,1966952996,1535469921,496586083,1433330567,-1285457460
8,1,2,9,10407,147094171,-9132480,-1492646903,-2035202256,79149513,-795954985
9,1,2,9,10407,322373468,1034178003,1362840444,-1928302932,-584934445,-630124390
10,1,2,9,10407,-1514444537,532613764,1675483204,1418994012,-2037129295,1553792330
1,2,2,9,10407,814389392,1441316888,-1638239871,-1750582159,1238081283,-1070680031
2,2,2,9,10407,1792684262,-513995424,-1236927077,1157662169,-917959426,-707871865
3,2,2,9,10407,459413568,945523343,1299627706,-1580287564,-1487321329,682096363
4,2,2,9,10407,-1399807233,824861126,-621455553,1552272959,-2032360225,171572500
5,2,2,9,10407,-2116336786,-1881290796,61911197,819225528,-1886061018,-1268840250
6,2,2,9,10407,-1324656515,-12060367,3804332,-1555194100,-453606631,1533045237
7,2,2,9,10407,287397935,741727865,821570675,-1123875387,-656704731,-415518568
8,2,2,9,10407,-64481628,-410475176,-571470047,1375066195,-919780059,-1981704988
9,2,2,9,10407,-2053913386,-1721815575,1637376792,1009423278,1479575709,1916597011
10,2,2,9,10407,1686000266,42879739,-1360254946,-317558310,297281004,1711711518
1,3,2,9,10407,-1699305633,513233814,735644922,808933412,-911341227,1730429417
2,3,2,9,10407,1202194577,782088420,-1516104205,-1658642738,552208417,-717039979
3,3,2,9,10407,-765293487,38070490,-1778809036,824439469,-1565312590,-333374619
4,3,2,9,10407,534497856,471897521,-81786750,-1073835890,420682734,898160927
5,3,2,9,10407,-568307310,350528438,-533637202,-1312112673,-744108864,1162993810
6,3,2,9,10407,1049599519,1700181229,-341667121,182523551,746215756,-1505441577
7,3,2,9,10407,1533880397,523774459,2145558873,-73996432,124622267,1725208105
8,3,2,9,10407,-2018937680,193013019,1187800890,-1030254121,1841515933,-334144336
9,3,2,9,10407,-531117909,-33839794,2099485350,-1773565608,-1593157871,919665106
10,3,2,9,10407,1644734892,475425346,-404674009,-433678973,627767769,-1333753312
1,4,2,9,10407,-182677278,475365283,1274153693,-129463833,-1113848666,-744439467
2,4,2,9,10407,-1578084272,-169641090,-170363626,-1803097889,-1956489190,1373210633
3,4,2,9,10407,818262403,-894631369,-105272643,-711882732,-703348075,-666008895
4,4,2,9,10407,2034524309,-281048625,730080484,-2143528911,-890755015,2126634508
5,4,2,9,10407,-1402576816,909116387,-510046019,1616473981,1108272305,-23892289
6,4,2,9,10407,764517933,-136238745,-777510710,-41620842,1673075948,1289912622
7,4,2,9,10407,525897843,401820215,2132205142,2135720047,707381711,992671462
8,4,2,9,10407,-809209266,-1734488242,-1142322209,986083312,-1521266948,1510129141
9,4,2,9,10407,-1056054978,1215122584,-599887269,-386579420,1913519350,1491842211
10,4,2,9,10407,-555121952,73564785,1905706538,-1022318313,-2029492945,-1968827160
1,5,2,9,10407,177971094,-102293907,-644861050,193267953,-1116320141,1360141496
2,5,2,9,10407,1885073313,1218626786,-569159395,-429526132,-677286631,1719688811
3,5,2,9,10407,-1996706246,-1284035984,-654971049,632161583,-1463347032,-1049287269
4,5,2,9,10407,560043258,1046678679,1562351605,1185926434,-1026305553,1752257330
5,5,2,9,10407,-322737912,-1812541170,-52730911,1622645192,-1801585194,1871479470
6,5,2,9,10407,-478099641,-1541019026,1326890866,1420746855,-499565252,-1920890480
7,5,2,9,10407,675971373,1801687013,-2005130804,-152063991,-1044557211,1758837382
8,5,2,9,10407,935416427,-267580545,-655500938,-1876409834,-1702552235,-442298694
9,5,2,9,10407,1023748844,1640683408,-48321943,-610896418,1825659463,-389944868
10,5,2,9,10407,1468132930,-195789243,738096845,1932633116,-2052481367,-702218029
1,6,2,9,10407,-1543925388,1421301403,1854851313,1553274080,1382352710,979304977
2,6,2,9,10407,-548373235,-152180609,984358533,1760865659,-941044129,2112818777
3,6,2,9,10407,437253230,1191512261,-1304006185,1478563003,-559147104,-1688737906
4,6,2,9,10407,1886057681,1441076402,-1148880990,503760351,-1148715236,1306559935
5,6,2,9,10407,-487322454,-501602624,257031842,-237054814,-554224399,-1495426297
6,6,2,9,10407,340749300,1637907983,1017235730,-318451211,-976243756,-1120245206
7,6,2,9,10407,-715461094,306019043,-1309175844,-1053207891,-260212917,-812126839
8,6,2,9,10407,960847721,774707415,2008784032,552244091,-861394343,-279814145
9,6,2,9,10407,1069810178,1025324745,2146014555,-777815071,100619178,1737751828
10,6,2,9,10407,1062664217,679321149,115368240,1443791732,-599473990,380308429
1,7,2,9,10407,-675921365,822376870,-488260629,-1862867823,293017115,1868589151
2,7,2,9,10407,-87865808,-97053334,1324111488,986476602,-1013055655,-1140811143
3,7,2,9,10407,-1358897595,-1453849532,124148651,234842310,951597129,1989647348
4,7,2,9,10407,937751802,1505229312,573261486,336420971,-1247854554,576838436
5,7,2,9,10407,416622113,-1059566126,-632634252,1488240801,-277435951,1851035409
6,7,2,9,10407,797118514,-589483929,1370239998,670816672,41850028,-253435077
7,7,2,9,10407,851364130,-247537663,510337768,143913149,-1541116224,-2053082025
8,7,2,9,10407,1169741436,-1132461006,1429553404,-480478924,-137614208,14554009
9,7,2,9,10407,330963851,728133874,-919085713,-2054282267,1936875289,1356307862
10,7,2,9,10407,1811991909,1347217721,-1091929773,-813468013,885920454,-201850631
1,8,2,9,10407,1882955371,1847441317,-1097268454,-1943627520,1957820194,1281485931
2,8,2,9,10407,1038975469,1164967101,-165692507,-1339581851,600821399,417861705
3,8,2,9,10407,952066841,-286594886,-1649237021,-894817009,-879622019,1624960068
4,8,2,9,10407,1219926271,-303316297,73767474,-1035255421,1196537854,-455287312
5,8,2,9,10407,1783066869,769796322,-204114905,978132249,330063787,-11344185
6,8,2,9,10407,-241318446,913845152,558452213,116619992,-1976120345,-689546282
7,8,2,9,10407,265009178,-43229806,1735579329,-154052209,-301713914,-2053356211
8,8,2,9,10407,1901124243,751757453,1142244780,-944259856,922053428,-760699674
9,8,2,9,10407,-956444915,-57251042,-26683260,-346381534,-1093413043,638320542
10,8,2,9,10407,419297904,-935309341,-1467121822,-240113049,-1911919997,-1634043157
1,9,2,9,10407,-363268454,-184407958,1135031457,-1891226013,1356045611,-894903212
2,9,2,9,10407,-1747767349,-500688481,-2027104750,353147934,-1733048162,-1307426072
3,9,2,9,10407,-2027288934,1781371714,4968689,-2046826111,-148781571,1563878054
4,9,2,9,10407,1740100446,-198482148,-1551783400,1835598565,1329850113,320888377
5,9,2,9,10407,1364947381,1913508682,-812494105,259701358,606295711,-1784783077
6,9,2,9,10407,-1808273963,517322029,1089083035,-1434360680,-2039590469,1341752147
7,9,2,9,10407,2097125015,-1417534562,-594047017,726629351,830872745,1478172716
8,9,2,9,10407,251439609,-1164547421,-704785445,-1890078688,1641070391,680528559
9,9,2,9,10407,1837092099,-35893519,-2075734690,-1426503234,44648824,-324714424
10,9,2,9,10407,364805282,-627950196,656741700,1770525454,-1182960390,63594799
1,10,2,9,10407,730671455,-110673022,283927323,886970029,892348128,1875870330
2,10,2,9,10407,474574699,-1811152738,1312321008,465079843,308992742,-22019817
3,10,2,9,10407,-2073296213,-599559332,909962717,-1916846776,773211137,1931123051
4,10,2,9,10407,-224658396,1786548994,-780849933,-2090504573,-1598000406,685947144
5,10,2,9,10407,1054912674,-553405291,-505094649,-1022817138,73592940,-160045221
6,10,2,9,10407,-1029559156,1873130228,-887326663,388265347,455857475,2077322060
7,10,2,9,10407,1423035829,-1932665444,880560731,-1611874833,209032353,-2042757716
8,10,2,9,10407,1023970442,131721492,-406636250,1205488995,-765111517,669542830
9,10,2,9,10407,-909320508,-2086833957,409217143,-2085778181,-1771518194,-720708422
10,10,2,9,10407,568809821,-1092515790,-448367092,1103963522,254245218,-158122727
1,1,3,9,10407,-1626025189,-859693732,-795163865,1630526383,341957638,1987263633
2,1,3,9,10407,503350286,-1745190385,270142788,6734243,-1614283817,-1557016103
3,1,3,9,10407,-1341468519,-1441158291,-1599456030,1196551720,-1986529378,598688288
4,1,3,9,10407,1983961165,-664687116,1487445745,-567567294,713990584,-1725035865
5,1,3,9,10407,52741977,-1284004157,-888503810,-1057880790,2040695032,1905064916
6,1,3,9,10407,-262530900,599183969,-275956527,-124292539,205857778,-493128524
7,1,3,9,10407,375179660,-71634287,-662136968,1653973029,1392539270,-1940574814
8,1,3,9,10407,1344174662,-455429274,-905336786,-1471469644,-1140751614,298251676
9,1,3,9,10407,-1371335524,-1119699729,552328591,231128129,164117050,-287479725
10,1,3,9,10407,1240348447,-1377974232,142893587,-1123237229,-1391036914,-468976787
1,2,3,9,10407,1364790544,-936960307,-1796261110,-1932693728,-895351480,-1456295207
2,2,3,9,10407,265238697,-1133256454,835151307,1237694183,-1258513039,59400576
3,2,3,9,10407,-468867346,-1180905191,399750480,-1544710001,1836495080,1989579254
4,2,3,9,10407,-964342768,-785273126,-2037936410,469935644,-859727764,-1169670956
5,2,3,9,10407,-30535704,-729525171,1371153814,1577863500,-1827377193,1201943728
6,2,3,9,10407,1322699141,-1119842582,-2088446518,1970382745,-1648671908,-1586249897
7,2,3,9,10407,1852286174,1617887248,-1022755308,-1442872463,1483430564,1357256741
8,2,3,9,10407,-1634656010,1174068616,-396893464,-2058852494,2130600037,1605736747
9,2,3,9,10407,1083714301,19906514,-1562266100,-2064475777,-1545174442,-2137603233
10,2,3,9,10407,-462478430,-68734365,-139379043,-951257188,-690753170,2710173
1,3,3,9,10407,-652330786,-2037727111,-720257916,1559943489,2004705453,-729513073
2,3,3,9,10407,-1637726153,-1378109168,-77871554,2012903709,-1183210471,-1230223565
3,3,3,9,10407,-929702286,1042305054,-999894916,1306725809,729129426,1729213936
4,3,3,9,10407,459889346,-1617596947,533891281,2012029853,-75296139,293052140
5,3,3,9,10407,-1436194897,-846920953,1991880435,-1101532052,-193406285,-834964993
6,3,3,9,10407,312478524,-1116832402,322452589,1744201784,-1358578917,2136630341
7,3,3,9,10407,-837292480,-438401226,-1476137676,1521693295,1137056420,-1824803614
8,3,3,9,10407,-743144870,-695956235,1001632242,1574843144,-1802843777,-2132215162
9,3,3,9,10407,103127346,1056880479,357562011,-540231300,653369403,1421424141
10,3,3,9,10407,510379534,-1138985257,-1637184234,1414847074,205481810,-1199418474
1,4,3,9,10407,-583685430,-2060069272,-1060771043,750362850,-22915544,-546710598
2,4,3,9,10407,2114293546,248197542,-1833135119,1496010164,-1136763961,-1860372405
3,4,3,9,10407,283237297,1720160197,1936486869,1984911838,-1874247758,1117705857
4,4,3,9,10407,1170899115,1853634160,-1049526841,-1565352696,1296626484,1137273089
5,4,3,9,10407,597016984,-1839505574,-205267073,-478304152,-1051558268,916893059
6,4,3,9,10407,610096338,-596877484,259558386,-1383945213,1623399868,-508811509
7,4,3,9,10407,-226126178,904418766,-1334820363,-1249569421,-99969247,-1305284892
8,4,3,9,10407,-946831855,688304285,-900502058,750508910,1834984484,1000456837
9,4,3,9,10407,-1721950097,-1809508990,-774281340,-883504024,1473117248,976768183
10,4,3,9,10407,-54483574,-148105997,-477794349,-153099214,756534703,300535439
1,5,3,9,10407,1244157686,1141274893,1110215548,1780689951,1377358245,-811262863
2,5,3,9,10407,1516788630,1471058105,-248528668,2015426115,-1079513336,-508781867
3,5,3,9,10407,-2109829236,1349268166,224965711,1261628241,-896153669,1637818730
4,5,3,9,10407,-1809558905,-1607186217,-444791577,-698746526,358439889,-317218841
5,5,3,9,10407,130506078,1458500314,-1853489101,1768697379,-98401369,2077286514
6,5,3,9,10407,1810315249,43034214,983698974,-460340149,-520827616,379518047
7,5,3,9,10407,758855249,-1252558858,1265106728,862052386,740207428,-320440790
8,5,3,9,10407,-1735702555,-2806737,2103878088,927920933,1705094219,1751330998
9,5,3,9,10407,884047199,19309530,57064031,-135112202,-2029610155,1888706598
10,5,3,9,10407,-537463348,1649365830,-2095179490,1874923095,-35822774,1773828567
1,6,3,9,10407,-1253841533,413646724,-1838622328,390603938,1957623607,2076867260
2,6,3,9,10407,-1343818012,-1899369804,-1436140474,1631571628,-1096526764,136025790
3,6,3,9,10407,301446059,402147475,382636657,22121459,2096450918,-401951070
4,6,3,9,10407,416685405,-1413629415,93784380,1078529755,701933834,-64687451
5,6,3,9,10407,611536043,1269973717,342616012,848083243,-241642729,-1258815763
6,6,3,9,10407,-1375221616,-1951337044,-1314934807,1499577426,-823601941,547281174
7,6,3,9,10407,953557715,-1644913529,-1783440668,201586506,314382693,1173659573
8,6,3,9,10407,1834177928,943173090,1530559425,1834363669,2081856119,-1202912594
9,6,3,9,10407,622905507,-2052183887,120133432,-294132040,-1761359618,-798954991
10,6,3,9,10407,-1259543801,-1930207942,345478697,581147261,-253092694,-136703436
1,7,3,9,10407,1142307614,-1919832318,788055418,1555789726,652456462,2107113489
2,7,3,9,10407,-1838954201,-1562086794,436278377,-215269995,292954115,310504356
3,7,3,9,10407,1037671538,-2064232765,-1308034999,2086773080,-1526788692,829522597
4,7,3,9,10407,-986358176,-1890768221,546629538,1868683602,-211183548,-646231735
5,7,3,9,10407,1990102758,-1757166030,413663917,1339161239,1974699647,1179284142
6,7,3,9,10407,-1352276442,1547340295,-463641160,-1095611442,891803961,909306757
7,7,3,9,10407,202061392,840064626,684977771,2116509332,187494850,1717834239
8,7,3,9,10407,1381757195,-1281322563,-372407844,-1506360266,-1076198644,-861871705
9,7,3,9,10407,953061290,-1486480701,-1328619277,-171550848,1324790266,155465651
10,7,3,9,10407,-6127888,-849672682,1199239864,67403640,-259579986,-2125803842
1,8,3,9,10407,1370322026,-1661209193,-117584921,1760763094,-948356786,-1292946141
2,8,3,9,10407,809441052,486940376,578283255,-1678050358,1852859977,-1235074955
3,8,3,9,10407,-1765080143,-627678293,-1357741360,-784684601,2144941910,-1621053998
4,8,3,9,10407,-1574788872,177405936,-1236625618,742847403,2031425576,-362043931
5,8,3,9,10407,938924868,1768347393,-766702162,707660732,1856018161,1977301516
6,8,3,9,10407,-813304919,185821540,292267845,1372861458,1046189611,992685927
7,8,3,9,10407,-1428754919,-442960129,2024508178,-526646240,1581365185,1068459568
8,8,3,9,10407,706854584,-1999342082,-480119382,2123531160,-365742676,2140561730
9,8,3,9,10407,947723745,1568026639,-648880357,1108482353,-1470688858,199974751
10,8,3,9,10407,-411605212,-285659037,-99269207,-1470716930,-563081331,-1582908190
1,9,3,9,10407,-375072950,-1056798648,-909313173,-195283176,-1894486371,1848369917
2,9,3,9,10407,-1208669186,387558691,-682340249,985319906,1265912791,-872837786
3,9,3,9,10407,-1284307178,-904335820,1342234818,-830658444,-179333671,1485751421
4,9,3,9,10407,-1090540824,1046574753,1560243745,-316317340,-1346300588,771505983
5,9,3,9,10407,-1580656931,1147350355,1138368729,-275485170,-451387357,-625931080
6,9,3,9,10407,362350859,1575448075,-492023352,-1409912776,599166271,1627766057
7,9,3,9,10407,-1665028837,710825320,1048537703,55690763,-3955186,1844386900
8,9,3,9,10407,862287641,-218088292,-1545549809,-2138819987,1789463909,-926704234
9,9,3,9,10407,-39406007,1944224383,-1295927010,1949101377,202207989,1348133526
10,9,3,9,10407,-912964719,1576289968,1086608762,-1346331142,999235710,-1296976514
1,10,3,9,10407,-1937866564,882586893,1440910718,-508266303,-856170781,1126295362
2,10,3,9,10407,-133791965,-157765784,509293112,1094180377,302654456,-1564716405
3,10,3,9,10407,-1692170160,1681826912,-879668022,-1980548002,-568038998,-800592586
4,10,3,9,10407,2053198768,1531379201,-633296995,1916173560,-568526789,-50317667
5,10,3,9,10407,-82858875,-1940012150,-770469508,432431565,-1456220057,-696568764
6,10,3,9,10407,213682977,-1184378403,1234892537,1266784743,-1024049009,-1460011393
7,10,3,9,10407,1740789650,708874964,-1134795687,526846266,1839566589,-624281508
8,10,3,9,10407,-1267744507,-1490070468,-1538931128,-1868864685,156175161,-1624885124
9,10,3,9,10407,1869633469,-1143358787,-620574684,1807640714,1000160817,1820214139
10,10,3,9,10407,1016548025,-1477526750,1236766236,-289580872,891122732,-587678455
1,1,4,9,10407,-1261018637,-1511104354,2043231772,-320337894,-1866827286,-853232684
2,1,4,9,10407,1931984281,-1094617075,-422218486,-15962589,1242458420,-207132723
3,1,4,9,10407,1330285405,-944596662,1429837090,1813913940,1915680405,-692454735
4,1,4,9,10407,1856834469,203219321,-457314197,-62596142,-748988544,-159574081
5,1,4,9,10407,-1423614676,1389079545,-918852553,1025989439,1134190328,-1745615618
6,1,4,9,10407,-186987025,2070252276,2053348971,248601758,-1220120937,1403260359
7,1,4,9,10407,1626994055,1042119939,1424944190,-1248304801,1369623418,645028215
8,1,4,9,10407,1894968541,1805533649,1699165106,-996335055,2067143247,-481948878
9,1,4,9,10407,222971408,1475490243,-1450021704,1757312992,718501680,-1685113104
10,1,4,9,10407,-131728616,849936831,-1605215844,-1230331850,-348399595,-1689090706
1,2,4,9,10407,-1158172575,350984984,1175000720,236080397,1010716019,1844179369
2,2,4,9,10407,-1132143829,-1262351845,407404543,-204786080,601070620,430144319
3,2,4,9,10407,-1064083587,1260991693,1456798212,-2050245517,-741583650,771061232
4,2,4,9,10407,1913269219,1589663265,-1605577469,174792963,992775445,2122832645
5,2,4,9,10407,-266531590,2004751800,-1246295608,457554078,6105331,1021298888
6,2,4,9,10407,1853097275,-347409532,292070914,-249376979,-1219003956,-480997245
7,2,4,9,10407,1354030068,1378744198,-1574607317,1440144092,-995864544,-1733718185
8,2,4,9,10407,-858588205,170073415,-464687278,-505294257,1605561998,31520778
9,2,4,9,10407,1423836684,-797006173,-1232315660,541804560,-1103522420,608403640
10,2,4,9,10407,67960913,-1258237431,925343119,-907975447,-289760625,354997245
1,3,4,9,10407,-1872007441,1902741660,-26710559,2028411799,2123046543,-174059269
2,3,4,9,10407,242191686,1158460626,-939729621,-2116930437,-1918766759,2138346658
3,3,4,9,10407,883670542,1564447799,-111101736,-1104504761,944591837,1975370957
4,3,4,9,10407,-1346035545,1945197336,2039177030,-1916236110,2011940123,-559991176
5,3,4,9,10407,851152454,-1402154074,1143100722,853603846,514823421,1293725365
6,3,4,9,10407,-1457600781,-1361755089,-1552052660,-1265695390,1535552328,1348282948
7,3,4,9,10407,1957560635,-887535345,1666410262,749924657,-29172656,656825135
8,3,4,9,10407,220139711,-1573568504,524701586,530633740,1945736232,834239574
9,3,4,9,10407,753934217,-2059517877,374219050,840194656,-1371044156,689876965
10,3,4,9,10407,-200063972,1484830719,439234989,-1265949643,580103789,780811500
1,4,4,9,10407,1316126579,-753828747,-1846288689,1232742872,1347612985,43939447
2,4,4,9,10407,-240328447,-2082642192,1304864679,-2097122414,721335948,-2100225930
3,4,4,9,10407,773337115,1287915684,1314035620,-1695809909,-1704802922,193452201
4,4,4,9,10407,-1133844020,2020164744,-273040178,-375275262,157104851,1183195357
5,4,4,9,10407,-992420319,463610816,-1073949758,1908350155,1732921776,639636886
6,4,4,9,10407,-1784099275,-1563006453,-982419490,-1877537714,-1028721021,746972907
7,4,4,9,10407,1593989705,-1656948052,838389887,-1050089262,485721639,-218022067
8,4,4,9,10407,-1313688217,54022866,-133864765,-1344597542,1393254745,239935392
9,4,4,9,10407,-458906117,493730029,-1265121513,-885124229,-2007057851,1489928078
10,4,4,9,10407,-553444084,159141074,-468784204,570826597,2050804943,-254455751
1,5,4,9,10407,-78252486,1734178833,168741901,-2058095263,-1261375906,1120150732
2,5,4,9,10407,712170988,-325905746,2032906958,-1337283783,140785485,1250177499
3,5,4,9,10407,-2108323546,99790156,-1438315630,-880930433,-155116084,-1369860409
4,5,4,9,10407,449712168,2097542436,-1552922215,-1839740221,-1547486596,776857428
5,5,4,9,10407,-1765372765,-1656368832,-1167816716,-1210888495,147373264,1383337657
6,5,4,9,10407,1405106707,-1118961536,-1913593353,-1001408958,1527402332,1726796270
7,5,4,9,10407,-1775229628,-1787704756,-400215802,-669088346,434902266,1557039674
8,5,4,9,10407,1551211898,433464195,-1371733362,-1804679193,-698902578,-168956751
9,5,4,9,10407,180064450,2028825073,-164218375,80471745,-1050040362,733125796
10,5,4,9,10407,-1927917079,705953618,-274109550,1312327998,-855894868,2032999107
1,6,4,9,10407,655962244,1363471543,-1655242020,-1779072135,1725702504,-1538864231
2,6,4,9,10407,-1300705432,-576296809,-1364569472,338806467,3879491,1204700117
3,6,4,9,10407,-2029019080,1499119954,1974922874,2068283441,1614332015,-1319594824
4,6,4,9,10407,379005255,174752366,-823429368,-1833370516,-1704187447,-963206945
5,6,4,9,10407,-1081926983,-358239928,-1966436763,146551160,-363803382,-803048626
6,6,4,9,10407,1371689184,2047856170,-366249276,543801472,880805182,-768613749
7,6,4,9,10407,-493444315,226990193,1392964437,1675480564,-649262468,1171519762
8,6,4,9,10407,1066177962,1665443743,-1999995183,-1689287932,2126828102,-52701230
9,6,4,9,10407,-1235681401,-513596916,630124269,-1175428261,-1974997838,258331459
10,6,4,9,10407,1720451872,-1080998499,-1638562310,-937321253,188492514,-1178123268
1,7,4,9,10407,1640906023,195400500,-360412300,-262604240,2116773311,697530913
2,7,4,9,10407,108950864,1042016024,1885515776,-1539663781,-130173664,480752243
3,7,4,9,10407,469195716,-2126951475,1908752493,2120406118,-142128920,915161099
4,7,4,9,10407,2067959880,-1170113239,-962085129,-989013746,136093122,293161781
5,7,4,9,10407,1922111997,-136620553,746321031,2089959009,-413165826,-2075459512
6,7,4,9,10407,1034674671,-151201827,386384604,-634270911,-306391939,411601859
7,7,4,9,10407,-414840028,128344713,2134778201,-1972687495,-654831078,1636510963
8,7,4,9,10407,1849270368,1800674190,-866851883,1606448978,-1682046594,-1128459543
9,7,4,9,10407,-620156098,444067247,-1752568567,1322642017,1188524361,-844369518
10,7,4,9,10407,1800441449,610219120,-495875886,483470622,1708793707,1347769295
1,8,4,9,10407,360130424,-335447688,132483449,-2110897304,985177166,994227061
2,8,4,9,10407,2006255387,-1541744784,-1742621449,1614779765,327071443,-111305150
3,8,4,9,10407,1328501352,986366506,1304972298,-849752220,-1264171436,1067899073
4,8,4,9,10407,1629333973,833797615,-1570237173,861339668,-1526861687,1311077334
5,8,4,9,10407,-561074394,-906383465,1958539582,346922834,72285394,-1605361255
6,8,4,9,10407,644094001,573677309,1907638150,-780029409,1935480608,580238924
7,8,4,9,10407,-649726057,1023423054,1394328503,1801135974,140606766,1457282322
8,8,4,9,10407,-31599849,1615148857,-453886008,123620070,1355042901,-344620304
9,8,4,9,10407,-887339750,-1942446045,787274811,-719900633,1026819126,1675186454
10,8,4,9,10407,1278416504,1172711446,-104841107,1492954476,-1936053240,500991940
1,9,4,9,10407,-1067657429,1415166608,-192961129,972934745,-156321688,-1961351851
2,9,4,9,10407,748351337,303567251,1927439835,-770986490,-1264519116,185622146
3,9,4,9,10407,1042583344,353891267,-1652075514,1731764112,1975827487,490151757
4,9,4,9,10407,-268267746,-1860237510,370732630,1660824361,1247987942,-888417435
5,9,4,9,10407,-871282258,140943982,-49679641,1352556205,-974225119,-1794847003
6,9,4,9,10407,-795477547,-748008675,2088862515,-1469833459,-169469234,-2000394647
7,9,4,9,10407,299888071,683622004,-1296550626,-1203066825,-1493146888,-790540099
8,9,4,9,10407,-1244530777,588878818,713526224,-1887706552,-1154434978,756328621
9,9,4,9,10407,-1181581606,-665122881,-830776177,1327921216,458513221,-531585266
10,9,4,9,10407,-1933872793,1794078471,-956281337,1683914846,-1208126602,-1033413528
1,10,4,9,10407,1847274267,-1884910385,-16666935,319008058,-10463021,-1095919299
2,10,4,9,10407,1968121381,1421814806,-1957646082,-257983927,1905285353,-1739654420
3,10,4,9,10407,54021682,298734690,-153490617,-971747373,2109609115,-1303379197
4,10,4,9,10407,-1714039361,921075459,-67788592,-247596423,1407108693,-440923616
5,10,4,9,10407,834986871,2125888166,481521540,1830708422,49135987,1778146148
6,10,4,9,10407,1014501011,205293586,-1583495871,-798146267,1072680946,-107075339
7,10,4,9,10407,-1286245643,1860407024,1590344013,-143137127,2009765709,1510199560
8,10,4,9,10407,686787599,2025045717,999760458,455134093,-649849136,-50407437
9,10,4,9,10407,2027064724,83572927,-1671934367,1062899919,-391402005,-711839921
10,10,4,9,10407,767074048,951420312,-1490795218,246366072,-1880250557,-1530318666
1,1,5,9,10407,-817670351,156535223,-1486078871,-360373841,-1576757610,-383159990
2,1,5,9,10407,-368811561,-724597492,133042511,-1733322592,-44333986,-1731599057
3,1,5,9,10407,-566441089,-140242621,1650456251,765063116,-1836761235,142440589
4,1,5,9,10407,-1477714552,-179625146,-1072574105,-454224438,-306022913,1836439867
5,1,5,9,10407,1350285225,1955113406,1384547277,1440552066,-1675654876,-1577749096
6,1,5,9,10407,1696253266,-609288915,509927847,-1566938581,1419193365,2017410346
7,1,5,9,10407,1378062234,1878465098,-860510587,-332224613,-1518920239,297948370
8,1,5,9,10407,-1750297382,-525845163,-366929183,-482697673,-1586074865,-422519957
9,1,5,9,10407,-1507515413,-1704737540,-586079211,-980106413,453296252,-26694291
10,1,5,9,10407,-730410823,456306294,-75592800,-1161438624,15271589,-1626863225
1,2,5,9,10407,-694591281,-1870932600,-958979310,1312497363,206253204,-2016233894
2,2,5,9,10407,2026458725,574757610,1957271626,1323830248,-1826437256,-1374902252
3,2,5,9,10407,-638395817,1950794306,1313705932,-1684603688,47295227,-354864457
4,2,5,9,10407,-1108707959,-113509797,-1061280960,1893174894,-519659436,-1646839626
5,2,5,9,10407,1803911625,500975356,322254932,-865344322,-123515112,-108773502
6,2,5,9,10407,324185384,-33335942,-1258921937,-1188676140,-1062344445,-1954243907
7,2,5,9,10407,796379707,-1855346293,-186283720,-898312224,-1513065433,1073714684
8,2,5,9,10407,1321486108,-802325125,924433913,529091708,209493974,-1450825519
9,2,5,9,10407,1805483300,1923156136,662754570,-1700442937,1276818904,1672958840
10,2,5,9,10407,493937397,-1487110021,907345144,878279332,432962195,-750608940
1,3,5,9,10407,133390058,190333661,-2018696755,-1282789247,-181059972,-2009375179
2,3,5,9,10407,1939116576,2142382231,354810169,-1590994142,-2100012527,-1516475995
3,3,5,9,10407,-1439271643,-1778631598,607279255,934372076,1796778794,-1693423428
4,3,5,9,10407,-1205678059,-563778013,-998327679,-659006888,207667525,-1058114185
5,3,5,9,10407,-1863178745,353256764,-54059922,1195032890,-1692696494,474889962
6,3,5,9,10407,1824534905,510733367,-1814047932,184994271,641056662,1842037221
7,3,5,9,10407,-1009485815,-77704324,1369699270,-71184613,-95189373,1993561258
8,3,5,9,10407,1161800176,1568719034,-1702134487,-171241776,-948882049,-1526059196
9,3,5,9,10407,1675786245,382105319,198698455,-1636070978,-1068377335,691641011
10,3,5,9,10407,-1664679030,1713630963,-1893290623,1612223846,86818036,762126975
1,4,5,9,10407,1299258837,-1023968554,-1151775236,1452288688,-2117708548,-832129738
2,4,5,9,10407,410910965,-532297073,-1158446889,-1051612808,-1776531637,147846092
3,4,5,9,10407,419057151,-740299443,1264783718,1803459847,2049329237,-2022064210
4,4,5,9,10407,323682754,2109387111,-1552111539,-768143912,644720188,1627919275
5,4,5,9,10407,364580095,-1306494942,1304630673,1182099304,-363500492,-551535477
6,4,5,9,10407,563200531,-697586760,-1323364070,-1918507326,2116335999,-1302522680
7,4,5,9,10407,-579171832,1393580323,-1719470744,694504249,-585584509,1264384912
8,4,5,9,10407,-119491883,-192046388,501786890,-1213199889,511778559,-538730895
9,4,5,9,10407,19221271,1871650577,-2092838060,727297715,1531577580,1449282785
10,4,5,9,10407,1848773388,279579088,1011780375,755645372,190849540,2032098894
1,5,5,9,10407,1223160734,-1194967890,1386816955,1199542628,-584978823,258703201
2,5,5,9,10407,-1306405102,1033813970,-1063712767,1518195601,-817338292,-1369559568
3,5,5,9,10407,2138281214,626906081,-1157214070,-1480363700,340330224,261972241
4,5,5,9,10407,391801360,2057670577,419578421,52298780,30143020,-1818342689
5,5,5,9,10407,390212177,998713071,-387466284,-19754204,-161124830,-409641152
6,5,5,9,10407,-1204141131,-1097031406,-1395038245,-1198862404,1411373434,1538798167
7,5,5,9,10407,-1655105581,1750568314,-1457665786,961196103,-164961490,1589540267
8,5,5,9,10407,-105651611,1238413087,438579602,-346977466,1816112293,-610017146
9,5,5,9,10407,-2040423629,-250237119,1336123668,1648777783,-71404264,416809009
10,5,5,9,10407,-1355497713,-1364258805,-1801252373,-778733425,1705017151,-1124258596
1,6,5,9,10407,-2134702698,27638506,-503718769,-1711851089,1400949335,-324663762
2,6,5,9,10407,-671486431,-2096676796,374002146,1830360868,2135476363,-1167693728
3,6,5,9,10407,-1033555876,1399879597,-1770113276,116187407,-1159871938,799903911
4,6,5,9,10407,850915093,-366015031,-1482425645,-851177606,1934759385,-525400280
5,6,5,9,10407,1062381025,309048313,2093809143,-164762215,-1819229797,559098469
6,6,5,9,10407,1109553267,-48186486,1942159763,2095003901,-2049927395,-2143160912
7,6,5,9,10407,820551154,-1514810844,59483230,1970415894,496344440,488687350
8,6,5,9,10407,1254364938,-1517162510,992623022,1373749180,915682475,-1338970862
9,6,5,9,10407,-623503060,-1783753341,931103293,-457626667,779406537,910005753
10,6,5,9,10407,2118558715,709600332,-387722575,-1243276873,-1438094495,820162641
1,7,5,9,10407,-2052862173,-590689318,-817441184,-334230270,-1853692303,1218569561
2,7,5,9,10407,-1315965741,-1142081650,1801376921,857306079,2046903295,2051123161
3,7,5,9,10407,-1907488634,1671740839,903088223,1756552840,678408772,544438175
4,7,5,9,10407,-175639201,1717408749,1809347419,-25135403,-1586839446,303503178
5,7,5,9,10407,-170629544,1396091437,-1890130179,675755636,-1066299802,-1653472607
6,7,5,9,10407,612896173,2054798878,1471660745,-497937351,-1576698103,1877215724
7,7,5,9,10407,1824879891,1590828528,85024485,-1980726130,1985425027,-833053825
8,7,5,9,10407,-29871965,1445082493,-1630939992,841556758,1861868053,1565986628
9,7,5,9,10407,-2135535363,-1321810131,468421643,-676279727,-1560234091,-1518256597
10,7,5,9,10407,-1815381593,987518971,-1665178445,1849051181,380194043,222688504
1,8,5,9,10407,-98436871,715932395,643277474,-1646078350,405786574,1857352853
2,8,5,9,10407,401913988,1790955344,-683298908,1270462755,1539655728,-1250819181
3,8,5,9,10407,1025108623,-569778384,-30968069,-1952803017,288599883,-573197010
4,8,5,9,10407,-296078432,-605375833,-1505231461,1211070191,-1525274137,-952764831
5,8,5,9,10407,-1459101082,-1146419462,-680334513,-2024834624,-2047639610,427926647
6,8,5,9,10407,1533796006,636158001,-979188682,486913339,1497976845,-1910503857
7,8,5,9,10407,1420870214,1974318404,-1757235639,612869382,1842436654,1558213682
8,8,5,9,10407,-1770290131,1296942456,1903365993,-481312017,1583983876,-1121308069
9,8,5,9,10407,1590381174,-798192646,-2041811478,844697217,1306436059,343516800
10,8,5,9,10407,-945724581,-1501007309,-1539985426,1584326425,293630937,-1471296614
1,9,5,9,10407,1284071549,-1511865036,2062921686,1651213687,-37804594,2025428872
2,9,5,9,10407,1843602527,-975552713,426552908,-1899140719,-1699966102,2005218592
3,9,5,9,10407,624356832,-112372630,326334589,-940755803,944249333,-1330955209
4,9,5,9,10407,-1810876993,2099401454,-60318797,-701018025,-566940128,506432475
5,9,5,9,10407,915025370,764659545,-1453920934,1344996529,-1160330088,2000059297
6,9,5,9,10407,-188891460,-1435268568,2122906441,-1175725080,-654905095,-2067110348
7,9,5,9,10407,90261706,-1769560089,-1482182588,-1867756328,-967595178,-903050007
8,9,5,9,10407,1968040030,983829274,-1970695485,2098985303,1874560566,425494786
9,9,5,9,10407,-1543831560,1636041633,-444416006,1523406830,-1786970124,396829744
10,9,5,9,10407,-1719080427,-272721448,-1431323261,-1046439397,12434922,-1621268835
1,10,5,9,10407,-1311465972,1336729713,1513446571,1070514022,342253705,1805014714
2,10,5,9,10407,-427994153,445008645,-696542847,-535147145,-36582474,-793386796
3,10,5,9,10407,1661841671,-426236747,-1631072248,981134759,-33295354,-814857493
4,10,5,9,10407,-1818959133,1671621401,-762855933,78598860,-131526115,-790692339
5,10,5,9,10407,-2036400936,-1115429457,-614661588,-1726105209,115187673,1577103332
6,10,5,9,10407,111877385,1593175354,-1591855259,-1601851774,-947334989,776164156
7,10,5,9,10407,-854568332,-1219525687,-2061282584,-1946255725,1898500567,-1271217850
8,10,5,9,10407,627181800,1586607474,-997476557,2025658597,1809735133,-111148042
9,10,5,9,10407,91851050,-357582468,1414006918,-1042053681,-1723007773,1340334126
10,10,5,9,10407,1836045745,-655617609,-2038867293,2117027105,-1139587491,-238826626
1,1,0,10,10407,294082819,450480867,701777919,713486177,-105963882,858787551
2,1,0,10,10407,-579004080,-1187369195,1820148175,510426731,323250523,-262733861
3,1,0,10,10407,-312454800,429903201,-1641177562,-1891622915,-1880862124,1143672991
4,1,0,10,10407,-2082479727,1535344191,212833469,-1592345804,-1915100345,1036713126
5,1,0,10,10407,-1310454081,1138415886,1414764171,754539016,-925189750,-1615935684
6,1,0,10,10407,-1803599813,-1015171931,-17662792,-771403154,1149566766,1985810935
7,1,0,10,10407,-1145701989,1129734465,-116973082,-1747343779,-1019807101,-2054686007
8,1,0,10,10407,1051389654,1125787445,89576239,-1692508240,-950913703,1973584736
9,1,0,10,10407,-1401812108,1066530326,1251171123,-137482577,-156321090,-1717883880
10,1,0,10,10407,1742597274,1473350668,-1987960999,-977127996,-831127244,1985885706
1,2,0,10,10407,-1654545057,-740002885,-1544001041,294215985,-500586505,-475009959
2,2,0,10,10407,-2022451297,-1437271737,402604338,-1517265961,323974449,-551664384
3,2,0,10,10407,-1140130220,-1254092177,556428780,-260998830,103459601,991017319
4,2,0,10,10407,1366438323,552742043,967040331,499441545,899060972,1243380491
5,2,0,10,10407,1450645416,-1430503578,1605261502,-1872408987,412090652,-907761212
6,2,0,10,10407,2128564327,1335598792,952958229,910640140,438144391,706736714
7,2,0,10,10407,1761594682,1250872219,-1170464452,1230636056,-462150329,-760099866
8,2,0,10,10407,72804162,-1072238001,1340813412,-27794052,-1163417861,1478061316
9,2,0,10,10407,1540043447,-650912909,1409022322,1195376294,-1969693940,-1928450709
10,2,0,10,10407,-1757446673,-1274235520,-268447043,2022805126,209182210,430686189
1,3,0,10,10407,566103702,-1008205062,1304801160,-283739906,997101055,911437306
2,3,0,10,10407,-577718942,-1794580467,-1310292485,-252217801,-2018882937,444000180
3,3,0,10,10407,-1074774398,-947696746,-1148930196,88043226,1986901827,923675730
4,3,0,10,10407,-1284391574,-9959498,2037267995,-1488167022,901411351,1124889278
5,3,0,10,10407,1742728038,2032068090,-121086897,1032674483,-116793789,-1202599420
6,3,0,10,10407,174004043,200454335,346663686,-1084241582,2064032132,-1257587066
7,3,0,10,10407,-21757255,1698282302,-1918438150,471029303,762923175,-2063950924
8,3,0,10,10407,903689072,10903966,469547301,-1266433634,-2046881372,-1680069262
9,3,0,10,10407,2020488377,-1374782961,-1228117602,-1424977742,-758381544,-543948697
10,3,0,10,10407,-1559435125,-1888661731,971006451,-657501492,1895587938,-716425307
1,4,0,10,10407,2085080954,1336353618,-40753784,1965022702,-1721365959,-626777545
2,4,0,10,10407,742217185,-72284615,960152271,108145484,-1688512205,290663504
3,4,0,10,10407,395356154,-1681356275,-1650173009,-1132885332,991484963,1540316467
4,4,0,10,10407,1453134744,-1182967536,589718244,2009018335,-11052900,587213436
5,4,0,10,10407,1248437664,-876021601,-204269975,1870306496,-689253560,-1015331381
6,4,0,10,10407,1757235547,-1718021381,-1575532769,1010607248,1853657168,-678722565
7,4,0,10,10407,750789328,-1313549160,1832510071,-994125468,1778556049,-1611751352
8,4,0,10,10407,845328851,-1518411621,-320405717,1995006154,1788222656,-1456191083
9,4,0,10,10407,-136781854,-1599587888,1361154793,239711406,83795184,2043524901
10,4,0,10,10407,-1862820204,-1728185972,-1055583458,1401503520,225997493,-937166261
1,5,0,10,10407,1608241059,-592297247,2047107238,2134563915,1280797490,212532950
2,5,0,10,10407,-153033812,-1806383179,1090425823,-534882690,-1673070174,1583742681
3,5,0,10,10407,733074454,326902476,-1578392684,-2044619655,6240566,-1569386379
4,5,0,10,10407,601060887,1235044675,2087119345,815845973,561336276,-1812273566
5,5,0,10,10407,1642027427,2077637992,870212499,-267716768,1507207357,1319299808
6,5,0,10,10407,1590801325,208763454,-366695656,878310015,837224204,2111300267
7,5,0,10,10407,-970278240,-1843806098,1319411992,902875020,-440965407,1478837464
8,5,0,10,10407,-2080778832,1683114435,-287420104,-1004289412,-221002940,-2100965981
9,5,0,10,10407,-2027972477,-1941107399,-1258621951,-649727083,1836127892,1423046992
10,5,0,10,10407,-1597654426,-742085089,-126175056,1892175249,-1562024089,1207660000
1,6,0,10,10407,1976910849,-1395160219,-1905262034,499158003,-1886217564,-842820788
2,6,0,10,10407,-1584743616,-2005377131,-81186643,-194936414,-899427251,397795154
3,6,0,10,10407,1240626924,-1049627336,-1711304728,-1606742564,-1816336364,-1000769407
4,6,0,10,10407,1774159128,-1015825025,2137157013,1164193489,-1443449406,-2138515932
5,6,0,10,10407,-1096899997,551974435,-354969951,-635971236,355082711,-1500120191
6,6,0,10,10407,-1595974016,-1719121645,-231135266,-1973069504,-1281179905,-907402123
7,6,0,10,10407,1665495543,-745042993,-232584817,1002536782,-591585216,-632973842
8,6,0,10,10407,-325382534,562243825,1882249421,543232057,-1338432749,-771667657
9,6,0,10,10407,-23759566,-576739914,-730108369,1517095531,-1810217281,711925092
10,6,0,10,10407,-244362694,-1753906203,1798840248,-1321193223,-176324893,1443825734
1,7,0,10,10407,84243823,-714905015,1556591380,-1699393938,1850891565,214477313
2,7,0,10,10407,1891352682,-1831280596,1444483462,-1158052067,449951176,45933243
3,7,0,10,10407,1413843105,-788280250,-557655116,1443844888,-1593116526,1144039208
4,7,0,10,10407,1763918054,109419240,-161144304,-545349507,-1543406822,2013760998
5,7,0,10,10407,353638142,-1054736370,-422524994,1902702999,-871612674,2102861335
6,7,0,10,10407,-141891443,-587019856,815361059,1462515495,1985386970,257821186
7,7,0,10,10407,548902869,2079030907,920202379,1151717794,723003839,1312418659
8,7,0,10,10407,2025674160,-2131762446,1191282363,978413853,1070534805,-4166918
9,7,0,10,10407,847956423,1694718058,682010495,-141722570,1130087739,1710347270
10,7,0,10,10407,1703655808,-334094701,-1198725578,-1859723590,560605512,1223814464
1,8,0,10,10407,388533504,-248005448,318029726,-1724769194,1150100837,-927717187
2,8,0,10,10407,643583792,1730353665,-766010220,-912357983,-1752920358,-323171068
3,8,0,10,10407,916297607,179140184,-422546608,864318314,-263301798,1017648252
4,8,0,10,10407,-1177396771,750848532,-1753471221,-459312214,759605114,-91004408
5,8,0,10,10407,117402040,-291489094,-801433803,728665320,-69983410,372463902
6,8,0,10,10407,-431127273,-971106520,685174303,-1301804580,-931788784,1246884058
7,8,0,10,10407,-1148593089,1351088378,-688939613,-1157575950,2002473081,1347155183
8,8,0,10,10407,1058431936,-2055945548,681294701,401019013,-1365341470,-1470601358
9,8,0,10,10407,2012538610,599510140,414771872,1409369678,-56806343,-866716062
10,8,0,10,10407,-110669138,736620826,1831016689,1431374200,558329275,-86381146
1,9,0,10,10407,-1129841027,-1424307623,600180276,-1676205794,-122428438,-698027492
2,9,0,10,10407,-2072206692,225962101,-127972576,1133939682,-301083750,2011439824
3,9,0,10,10407,-589942386,-2005575525,119284505,473376881,1857964992,-1320332076
4,9,0,10,10407,186864269,-1378542589,1523377593,805530954,2036256724,-1578491609
5,9,0,10,10407,-934606212,751735000,-1491921125,1131074010,728655186,1505439288
6,9,0,10,10407,764393003,-551718016,283388171,-891704417,-1675015808,-871971625
7,9,0,10,10407,-494432579,2138302436,1428141103,-821923527,-158771152,-763500932
8,9,0,10,10407,-1296520271,351001848,-1469237115,609286986,-1226535031,-1048374671
9,9,0,10,10407,756354187,279440379,-1102944633,-1123958217,-192141854,-873873477
10,9,0,10,10407,1673559735,-1925162084,-115247928,-1169874627,1206506447,1872689858
1,10,0,10,10407,-1653130669,-2035129335,621678960,816956392,614582582,464014332
2,10,0,10,10407,-1091139419,331879328,1557278693,131379693,839608451,246253467
3,10,0,10,10407,-1586613908,-1305581987,-623129234,1770756896,-1323092353,6081557
4,10,0,10,10407,791060802,1495843225,-1045672871,-806949089,39815373,-1207106277
5,10,0,10,10407,-1907975755,-1399630688,-1760399854,-1882279220,-1197810560,77876372
6,10,0,10,10407,-1116116395,1991149236,-418723174,-1724051342,-1007872673,-1645129089
7,10,0,10,10407,1384409814,1464949239,1578083537,1521620151,-1295707091,-338976291
8,10,0,10,10407,902440338,-441883537,-529037701,1019622359,26687780,-2009711420
9,10,0,10,10407,41829411,1173539649,-724456274,1420483216,-1890132181,-1600547673
10,10,0,10,10407,1250675003,313326130,-2066204178,-280943479,749357746,-1145116787
1,1,1,10,10407,-1881473416,-1199639449,1000053290,-1021672247,1379344949,2127379811
2,1,1,10,10407,295965362,1816977469,353059120,457260786,1656366249,1033405000
3,1,1,10,10407,516854542,172389401,-1889950485,-923234061,1204720686,-1412059302
4,1,1,10,10407,1162273167,1472445856,-70676770,401981205,1262669111,-578357561
5,1,1,10,10407,471118260,233268915,-1460630496,-993648556,1618397371,-540572157
6,1,1,10,10407,117596767,-2097851099,-1452941444,2143065340,-2139940664,1959737861
7,1,1,10,10407,280078614,1843385756,-181019655,1096389132,1778795545,1586748052
8,1,1,10,10407,744617804,697440096,1778251184,-1978867165,79367764,1875478172
9,1,1,10,10407,1424936483,49615804,-2045190745,-1070147547,-1778010068,1375333407
10,1,1,10,10407,-374570671,-65336721,-644562653,766625098,1137877034,1760293132
1,2,1,10,10407,1354223988,651807633,1958965726,1954481054,-2127769004,1141484315
2,2,1,10,10407,1443673886,1346627665,-1266716504,1462893224,1443755472,-571622092
3,2,1,10,10407,-1286858838,-20317598,1298090041,-681630417,-769891574,305714833
4,2,1,10,10407,-331607560,798503772,-58480712,786416063,362807525,-761722279
5,2,1,10,10407,-747775508,-1946616623,48995013,-2121065464,2128742849,-2024573090
6,2,1,10,10407,-263090733,-1398643377,-5293476,1668638790,-376086437,716210849
7,2,1,10,10407,-1203122463,2121549092,-753083698,1400304554,1984217170,-1239545465
8,2,1,10,10407,-1998552543,1453728574,1830184043,1779866482,-1133963133,-1713323009
9,2,1,10,10407,-776927724,-1910032910,1930035899,930522496,1826277815,1292730375
10,2,1,10,10407,-1349669170,-450947561,1191432832,1909900910,-136597860,259927011
1,3,1,10,10407,-212832766,-1133035710,401023063,1185982776,2000265039,718443827
2,3,1,10,10407,-1605729311,-409924780,1765675183,1414156161,896735186,255802651
3,3,1,10,10407,84169858,199488700,-934853,314460090,-2092442360,1638132967
4,3,1,10,10407,-223128519,426095787,906527783,-695922487,1424583913,-770097020
5,3,1,10,10407,1642916438,-2054703060,-987658508,1909696267,-2047145264,1319469473
6,3,1,10,10407,-668490445,1524624316,-367524868,472844460,-132367611,1024881251
7,3,1,10,10407,1682721420,-1109699660,-195477157,-1726604521,-287475863,332551532
8,3,1,10,10407,1175345931,-1034735947,-1832828339,-133984075,-7440979,-1007817379
9,3,1,10,10407,1344332465,-1070536511,-694667776,-401384968,1455665255,-705986822
10,3,1,10,10407,-1741935977,674503569,806724687,-637004692,-1148424345,-64833406
1,4,1,10,10407,-936632730,90960511,-678759568,812713513,1503609407,-463940456
2,4,1,10,10407,2054195547,895367645,-84847137,461645735,-880099087,1618709081
3,4,1,10,10407,-1101900669,-214755436,88990183,549883123,153549365,-739058933
4,4,1,10,10407,90229784,2025790984,-808578119,453116590,-608446279,1527864339
5,4,1,10,10407,1901826927,-1353472789,-1119406667,-1860875612,-794687099,-481861155
6,4,1,10,10407,757201410,-787553485,-2102846150,911695750,-222898634,1995987827
7,4,1,10,10407,-145493926,-597535906,-1625173343,1335699847,1909207016,-2102087114
8,4,1,10,10407,-286166405,-844440553,1592548418,-1707832932,-792448610,2059647084
9,4,1,10,10407,1342560992,1912579649,787531290,-586853593,1873771520,-1710470552
10,4,1,10,10407,525809877,136674008,133648659,1078776278,49349530,785568241
1,5,1,10,10407,388312723,268106561,-607132656,26669092,343054429,1263943809
2,5,1,10,10407,159574078,85866022,1347266675,-941290280,-1532677766,-2122366861
3,5,1,10,10407,968647139,-156270378,1592176229,694591939,-386289986,-1025357248
4,5,1,10,10407,177326108,2088148376,1731227491,276294072,-518165866,1958717332
5,5,1,10,10407,166030351,578053010,1964379723,1410798567,-153474050,893182967
6,5,1,10,10407,-2082775585,2016179376,-1210550686,-1208417552,2092283980,-1408412064
7,5,1,10,10407,256108308,85497632,1630060331,-897561749,-426331059,-1332242113
8,5,1,10,10407,-1422692066,430882031,1221845342,1400295670,-657703508,-1034680487
9,5,1,10,10407,18701052,-450836103,-1940381102,-1542877060,-1412480611,-1631297452
10,5,1,10,10407,-871478731,-1590023276,-675213055,1280746538,1311131164,-1264223400
1,6,1,10,10407,-1302607071,745846431,2106886995,1103689732,-320893740,-71829566
2,6,1,10,10407,1401669010,-648799447,1078462202,1354168556,751789417,974082986
3,6,1,10,10407,-276697736,-250298092,-2117123895,755704207,536873166,-1820981022
4,6,1,10,10407,2124899180,508773793,1688446511,-305785787,1170937913,286181806
5,6,1,10,10407,386672205,1866163109,-600912381,-295473744,1981209310,897760449
6,6,1,10,10407,-293659819,-1234861798,-1220265867,1951775420,-2058002307,-2011341982
7,6,1,10,10407,-317481401,-1688832458,-754619295,-98840272,1467285984,-1011634871
8,6,1,10,10407,433693774,561370610,-2050799117,729289345,529766036,1015290755
9,6,1,10,10407,-1276240648,-959688671,1580642473,143807301,524548037,944622890
10,6,1,10,10407,225209362,970506397,86547116,729282479,-956814056,354203
1,7,1,10,10407,-507624754,1521035758,62607749,314734536,-1637574322,831267112
2,7,1,10,10407,1620321403,1146653305,1479268459,-1525309813,-834905644,31870887
3,7,1,10,10407,952866483,1964146008,-1829241069,-668530180,933996463,-763777348
4,7,1,10,10407,229124346,1059575571,-953830305,-1374914320,1564624233,-1435600958
5,7,1,10,10407,1129772856,-1463711387,923159577,1875964856,1538219035,-1009534852
6,7,1,10,10407,922504325,713161151,-1907151426,-1055795624,-228485417,13828304
7,7,1,10,10407,785098774,-599866396,-1129601452,-1392537907,-681771669,-1142998086
8,7,1,10,10407,-2069805231,812071240,-1000002304,-1846120642,477337098,-1555949762
9,7,1,10,10407,2073103743,317101431,-1430137731,1992438570,714798862,1083131683
10,7,1,10,10407,1952358884,-310000725,-515075788,472229855,-846821390,391826059
1,8,1,10,10407,723619538,1912406609,443457006,-1056566461,321134947,1169083173
2,8,1,10,10407,1896897353,-113188955,-163714352,35507296,-509304222,1327698000
3,8,1,10,10407,1075183791,2079694096,-45035604,-795684820,-1744407567,690852987
4,8,1,10,10407,1641134425,1519498964,-1997107208,-1497397998,260286381,-294573764
5,8,1,10,10407,-618017140,1939291069,-1916749379,-865652588,-899336258,-926269241
6,8,1,10,10407,268975505,-1686541845,2024366042,745591254,-116422802,879780702
7,8,1,10,10407,-1996250119,927414166,1835706234,1348365756,1954404723,-572171225
8,8,1,10,10407,1960258478,795922298,-563487664,-965343496,-759577006,803427439
9,8,1,10,10407,286669192,-1013759722,607136019,-281484697,-390647425,-1637861300
10,8,1,10,10407,-1908752788,1599441654,-1278121951,-251628366,1488648326,-572644860
1,9,1,10,10407,-2258041,1323862197,-1961374884,299263291,-1137292909,1520837400
2,9,1,10,10407,367126809,-856301271,1484324009,1849303735,-1741343138,-30019075
3,9,1,10,10407,457768640,-1277817327,-2063672581,1754220674,1463607477,382691691
4,9,1,10,10407,1832007864,228456525,1139924723,-1247624608,244699601,-1530422121
5,9,1,10,10407,-147760948,-1659175944,1134375164,-1717572099,1113413297,-521985269
6,9,1,10,10407,-781545875,-1740246046,303988484,-59699329,-1550846260,-905953253
7,9,1,10,10407,-1501332344,-683950132,-513227647,1276007957,1719731942,1541797766
8,9,1,10,10407,-1480088745,-175396768,-1787308778,1428481334,1079199048,1873979019
9,9,1,10,10407,-746323821,1235221643,1068093641,-1503579017,-307841435,1499451600
10,9,1,10,10407,-113139337,-1406291635,-1446233551,1134829212,2141570557,648634854
1,10,1,10,10407,898494174,7898282,1829648746,153660993,173188964,236885824
2,10,1,10,10407,-1566497766,-9143275,-517854830,-1662010751,-1491673278,-347932006
3,10,1,10,10407,-2026201748,-357022188,-239461802,-205701526,902779744,-908852278
4,10,1,10,10407,-573528114,-118797859,212744315,1450846468,1367141040,-10339256
5,10,1,10,10407,-382409420,1473643440,1371712675,-1149324377,297126903,530306735
6,10,1,10,10407,304492437,-387646017,-311853687,605220484,2079423692,44071196
7,10,1,10,10407,-1193828614,943133200,620749704,-1246193669,615146317,946625092
8,10,1,10,10407,277911687,2020629984,-371476588,-31961102,-508977868,185192528
9,10,1,10,10407,579289895,157400978,2043583294,1124365539,1459416228,1890958780
10,10,1,10,10407,-1791658518,1402746211,1978404897,2128537997,468499177,-1529602637
1,1,2,10,10407,889641576,1402664248,191610391,-233218775,857101649,-1856612929
2,1,2,10,10407,1400960529,-1521570431,2146130797,-1503282703,-2015411605,1845489708
3,1,2,10,10407,-1983186675,-1747877134,-1665835308,-1338592915,1996005337,2000480697
4,1,2,10,10407,-1408145021,-938182032,-1405810160,-2127143076,-692348620,372600166
5,1,2,10,10407,1305472472,1197560916,-807102808,-1382864603,2130479391,-1151315703
6,1,2,10,10407,-1483592268,-255820038,1040417973,-715630432,1206488987,1966408068
7,1,2,10,10407,305545207,23798180,-1983426057,2009736669,1379696303,878312526
8,1,2,10,10407,950659124,315532846,-1753236583,-542596188,1486801767,730101427
9,1,2,10,10407,-561037269,613487414,-1904506587,2005377559,-738704402,-60694852
10,1,2,10,10407,634088552,-696471871,-1322141238,-1545492884,-1385845506,-1553993853
1,2,2,10,10407,106862776,721219969,1284614181,1636621570,738286678,473602302
2,2,2,10,10407,-449159480,790641310,-627863757,1274365437,-1242393688,349345148
3,2,2,10,10407,-603360322,1022605868,-435830788,-94599596,117510692,1123873921
4,2,2,10,10407,1152773204,1213171555,-110338858,352749572,1870606538,952459060
5,2,2,10,10407,2145510786,1703339940,662867784,79691782,870680151,-2084668501
6,2,2,10,10407,-1975274613,1467317602,1182061884,-734665494,-204312487,-950822391
7,2,2,10,10407,-1228739964,-61277939,-1032112737,-179722939,264880296,-987198641
8,2,2,10,10407,-1189114829,-1880898447,1326661929,426255056,-1671777965,-1203433298
9,2,2,10,10407,1890304934,-223336015,-1521120994,-677792786,-656391621,-519276108
10,2,2,10,10407,-863802348,-1453725391,-486646433,-1012802481,-107840709,-140486291
1,3,2,10,10407,-1925562689,-1212184381,166930159,-697267814,769982062,-28326720
2,3,2,10,10407,101881269,-1242816889,-393777161,-1300596379,1726946428,1547832608
3,3,2,10,10407,197311633,1889636280,-1051613138,-1558535221,1011716089,-542841039
4,3,2,10,10407,125346485,-995191748,711371652,-546125019,1453434646,309469372
5,3,2,10,10407,-795047999,888202269,-568627948,-1514434770,-2017290909,-1536067208
6,3,2,10,10407,-1522658546,1097602534,1218375754,-2033829359,201140806,-221947100
7,3,2,10,10407,246903436,157047082,-154969375,-1460042036,-803872832,-441581538
8,3,2,10,10407,531890679,1745665802,-1091042616,-733562609,2124769011,-889198627
9,3,2,10,10407,1721452549,-1353070917,-668001628,978708067,2032127007,1451116628
10,3,2,10,10407,962457426,-1310083954,1317952070,710411607,434205187,-1416486871
1,4,2,10,10407,1374315779,-199527047,-1821072935,-1131659635,1138333674,-1243565070
2,4,2,10,10407,-1631327485,-1065183641,-1657290988,1522284064,83417999,-1078038880
3,4,2,10,10407,-418383601,2021833750,-1332580099,536040603,651896161,-1983508003
4,4,2,10,10407,-2038528377,1367300168,212130692,-40280723,2001309441,-1768200498
5,4,2,10,10407,-1275786160,-1601467899,-853254450,451946722,1606171867,-1636878682
6,4,2,10,10407,874642050,887975519,-447209671,-2071226280,19048995,-1286231442
7,4,2,10,10407,1089462676,-852968695,2035998991,-1916474509,1157781922,1458076457
8,4,2,10,10407,-1436713762,-1821330686,1211020736,-64109220,1191888561,1671236376
9,4,2,10,10407,-1854630441,50213374,1316741662,-853934962,1938389097,-830100080
10,4,2,10,10407,161178518,731070098,-1458166330,755187396,-647983358,698510757
1,5,2,10,10407,-628282190,1352277277,-1912666953,-182103816,928269773,1713016536
2,5,2,10,10407,202737806,-1260143448,363280803,725831252,-2075961978,1509306530
3,5,2,10,10407,-950473429,1240030961,-466461987,-1287920099,-895617225,104248240
4,5,2,10,10407,-741524572,-1421564972,2105434929,1113700331,497115499,773187155
5,5,2,10,10407,-269227081,-518315685,-1855051244,-743954446,-193189791,1441153819
6,5,2,10,10407,1304451321,325643798,1347098063,418478801,1294831282,-1941382898
7,5,2,10,10407,1652297756,1249071597,1268699013,-520146869,-461472384,398924426
8,5,2,10,10407,-1795798437,-496308109,-1443504280,1622753984,1403661480,-851651137
9,5,2,10,10407,-284447175,2080752367,1450744873,184343873,1196600388,-1702181637
10,5,2,10,10407,-1961784444,955638913,-2054004685,-1802010538,694633265,877045887
1,6,2,10,10407,-2086834956,273427804,1844764025,244473020,-509264249,-676192518
2,6,2,10,10407,-167689021,-92873011,-790787288,348797320,-452973503,-292592591
3,6,2,10,10407,425722844,632150618,-1195996648,1856468153,761015175,-513800462
4,6,2,10,10407,795879541,-1057590645,1308326717,-1500805810,1435962593,991945794
5,6,2,10,10407,-937777583,-256969768,-1881788168,18612434,974353648,-1450570835
6,6,2,10,10407,-1702184790,357877600,1578442138,739339269,-1910169737,1458720032
7,6,2,10,10407,1979542460,-217249416,1624987035,410613072,-1786998235,-1993959616
8,6,2,10,10407,914336252,1771666632,-1132586337,-31539209,308788263,-2011919709
9,6,2,10,10407,287136784,-622353170,826136014,-1801896203,-416574521,136299393
10,6,2,10,10407,-1578751455,500059010,45640105,-384587442,-2076826078,1282706100
1,7,2,10,10407,-987996550,153496718,-1958136615,-1145197136,-2069039909,1347780006
2,7,2,10,10407,1596116389,-372113792,1109811371,-11785902,1075759107,-707438079
3,7,2,10,10407,1433792480,2101033184,-1643973212,-1941814362,-1349714638,-1615841580
4,7,2,10,10407,359604277,1470092828,1397162224,-1972143348,450878702,1806221115
5,7,2,10,10407,-1539163586,-1695892504,1552492555,1976114961,-766983209,-578816860
6,7,2,10,10407,-1267221766,906669406,-1295946325,63680950,1179759930,1553150419
7,7,2,10,10407,1470165844,252693223,-577909836,1031250606,660148182,1301044695
8,7,2,10,10407,1538183547,1854651189,971323685,2085958198,1689922008,-1945744983
9,7,2,10,10407,-1737550759,172215511,-2085843401,-933742098,-1444724696,802635785
10,7,2,10,10407,-1654057611,-1851863546,-1901686463,1693198970,1807322795,-2008813353
1,8,2,10,10407,-1923795876,-451016054,-1445406687,-1299278687,1462960249,-1264658981
2,8,2,10,10407,1918574541,498526876,-1893900778,1303131123,-1477872862,-2068518955
3,8,2,10,10407,1422498436,1536445228,1559470514,1202971319,-1035843046,-1905480774
4,8,2,10,10407,1654861971,-1956810745,-1632561277,1894785378,-964514239,1091345031
5,8,2,10,10407,-697318000,1280032895,146802794,1104183034,-1457412785,707219182
6,8,2,10,10407,851464304,871045969,-1458223069,-1319745772,1500610059,1588629130
7,8,2,10,10407,-1590729538,175018618,1492479619,1992411626,-600752085,-740519255
8,8,2,10,10407,517730418,100561964,-1617648142,2062892847,114249177,1100778797
9,8,2,10,10407,1962346415,-1178076381,-575826776,1271482159,619918034,-102366156
10,8,2,10,10407,2078114039,-511526147,1489890866,-1151377951,-774987335,2076997682
1,9,2,10,10407,779105508,2109983137,1891076881,-2118828477,1324096193,-1331567548
2,9,2,10,10407,981200286,1584913902,-1366561629,-1877480301,146166742,1070748231
3,9,2,10,10407,-2049959128,-144984871,945305621,1060037054,-1819834806,1296542193
4,9,2,10,10407,-1001495658,-996418446,937946231,1356566167,1714280575,-1425676329
5,9,2,10,10407,-383962125,1214797723,1343367081,223518350,144028675,1950663302
6,9,2,10,10407,-159396640,633647890,-1445948157,-731319867,-11325746,744786387
7,9,2,10,10407,732424405,-1964770417,1571555972,-528481256,-210874167,-105695110
8,9,2,10,10407,-732284400,225626827,-839583760,1880108206,-649702503,-866604730
9,9,2,10,10407,601311306,-1530138079,154287215,1415088472,1888853089,2063115152
10,9,2,10,10407,-181437281,-1681481787,-1611454939,-1752202921,1291653509,-464555397
1,10,2,10,10407,-1530155753,-1476581247,-1928033708,-9848781,-1287294058,-117903605
2,10,2,10,10407,628490023,6213526,-776536346,448150521,1668355060,-951534638
3,10,2,10,10407,2080995327,-271043383,762320865,165469258,468139080,-1387078586
4,10,2,10,10407,-1094516506,1431195066,-372047660,147117138,2041364578,-6380785
5,10,2,10,10407,-1101026981,-211193913,-42343572,1121689619,-221488461,1036906620
6,10,2,10,10407,26072588,-59799685,321616638,-1208866570,-196980569,-1868976522
7,10,2,10,10407,-1876240913,127967218,1895763329,-1951983683,-1208120519,-1543425287
8,10,2,10,10407,1388499673,-104464158,-159938946,-1038689629,-1216404199,1529199264
9,10,2,10,10407,-518183413,-835243846,-1360412152,209323383,-1766199544,-361592837
10,10,2,10,10407,242036365,-256372022,833549370,1456371397,-428583986,-1021862925
1,1,3,10,10407,62145494,-2036892552,-522005011,1821795971,2061623136,1955737152
2,1,3,10,10407,-234605996,-721240087,730195073,-99569560,-2105467905,-1039320182
3,1,3,10,10407,-208351861,-358040553,1944654632,-1145639183,-1558744929,348279419
4,1,3,10,10407,1717142140,269238298,-65626974,284005259,853488296,-1779937889
5,1,3,10,10407,402355060,942779710,1646630770,363722589,-1969772007,1723581506
6,1,3,10,10407,1697508265,-1400490740,-54747556,1389814213,286629216,-1703176231
7,1,3,10,10407,70480966,1195307720,-445206897,-699235672,-2099787874,434554039
8,1,3,10,10407,1746892619,-1223386374,1953064982,-1390375721,-459108687,-1378547262
9,1,3,10,10407,-865555914,-733845436,-1034728461,847444825,356172781,1294821609
10,1,3,10,10407,1844010552,-193966813,1577453257,-1639927874,499132824,-1023403674
1,2,3,10,10407,-643820773,-32348795,573129926,1904576170,-1143423005,531715853
2,2,3,10,10407,869120146,-558580923,738777582,-1285400334,2060527345,1920346011
3,2,3,10,10407,194032281,571357518,-48892905,-1951244035,403011462,1444468820
4,2,3,10,10407,214018319,-533656134,324216855,1110846334,350495518,-423960149
5,2,3,10,10407,112401163,1515314498,-1934746991,905952263,-1013126432,591210976
6,2,3,10,10407,-1546627664,1820408518,-218703299,1623486291,-1650467772,-777185791
7,2,3,10,10407,-1414769578,-972566123,-53435497,2140386891,-464668189,-710588117
8,2,3,10,10407,-1213941809,1861010215,-1687963579,1196151740,1508530030,1257597349
9,2,3,10,10407,-1746485424,660479481,-1800741600,-1113415184,-519933356,-1836052904
10,2,3,10,10407,-267456061,1773483066,-1863426960,1365830475,1784112497,1126105501
1,3,3,10,10407,-1656686603,-1294019028,542390806,1148458886,1892954649,1647538419
2,3,3,10,10407,1597173159,2008127241,1156426860,1447863698,29579838,-596024146
3,3,3,10,10407,-387040461,-1343759184,-1170253384,318556517,717112751,-1989645330
4,3,3,10,10407,495557907,-1235424642,-1287753313,534684487,-2079960252,729982945
5,3,3,10,10407,-413568932,-920136712,240411103,-793391669,1862095990,-201635958
6,3,3,10,10407,-471639682,1541078597,-130639830,926432548,853100570,-796988308
7,3,3,10,10407,-1578112642,-980594592,-455362488,-1853374411,1730782272,2143163408
8,3,3,10,10407,372857935,711508323,2105086501,-1222275166,1599034166,-828139821
9,3,3,10,10407,-1424638260,-1262111224,460747954,-23495837,-450531799,71788861
10,3,3,10,10407,1698085084,1353618229,168504039,-1707594572,-872502339,-1038083645
1,4,3,10,10407,1354869570,1291947176,-417550483,703005946,-1132016233,-657864444
2,4,3,10,10407,1667298780,1796922591,1523043710,-1616181777,1645318960,-1097700843
3,4,3,10,10407,875141581,1428264733,-1947193338,-1484441717,-877366226,-1308142382
4,4,3,10,10407,-1644348254,1517448055,1356837852,1121000662,-1640184716,1889158504
5,4,3,10,10407,1603896443,-910056238,1125385615,-1481413003,899976081,259138106
6,4,3,10,10407,-1963288863,-493488751,1073774178,1793093982,-1271074638,-1212731825
7,4,3,10,10407,411218605,-64191951,122874954,656197552,-1571856135,1141056510
8,4,3,10,10407,-468118773,423020805,-16287472,-428525585,577125019,1292065427
9,4,3,10,10407,-1122360010,-1456550065,-734292837,-635719771,32643676,2100547492
10,4,3,10,10407,1050035250,-247405972,-1865652115,-2018815719,581533270,1799892202
1,5,3,10,10407,-910691865,-1982744589,1427385415,-231492179,1308451893,-1330299037
2,5,3,10,10407,-635027743,666243270,388556738,-1726683654,690392254,1058372264
3,5,3,10,10407,1788230931,1632872771,-432074631,790734827,-748885174,1855174779
4,5,3,10,10407,1094822416,-493372694,-1352580339,1390096169,-2031033884,1522470449
5,5,3,10,10407,244139083,221010163,-1754099456,1206754097,-241622241,119138471
6,5,3,10,10407,-867301766,619658787,-481339831,-598531815,1937557753,155036578
7,5,3,10,10407,1730886827,774645571,-1941532052,276727169,1290085663,1986001664
8,5,3,10,10407,-1232161971,-617161614,-1446968302,-269854381,-272045236,84202431
9,5,3,10,10407,1619710008,199600589,-1600979592,-1444316144,1188083549,498534684
10,5,3,10,10407,-728419390,-1605491846,-656878636,1506943869,-940643009,1372624434
1,6,3,10,10407,1233541947,431235178,812779853,434752484,-524193718,-1872306533
2,6,3,10,10407,-1157856124,-381656615,-1797977954,1370697832,-1965954742,-1195639386
3,6,3,10,10407,1452870661,1641786230,-2059127247,-1262195927,-1893732729,-1608580474
4,6,3,10,10407,362479272,-1925703402,-1022864430,1260999899,-804212316,-1462131027
5,6,3,10,10407,-1300665712,1617115772,-1836198610,-631903028,373748442,-1265983436
6,6,3,10,10407,1865297414,32976005,181592529,1897655405,-295909730,1713943055
7,6,3,10,10407,-467841662,-907626263,1739685232,-34469629,-40351055,-1235130320
8,6,3,10,10407,1501878751,-1497934290,1533084939,-2142240654,155648256,-363783382
9,6,3,10,10407,-675576314,851029563,-499446189,-447215552,-2084128163,-68689875
10,6,3,10,10407,818524287,-874298380,1947781410,444539031,277560611,-1816969388
1,7,3,10,10407,-191437536,2112052518,1611391374,197015769,-694471190,-1610789063
2,7,3,10,10407,-333547008,-2102414924,1566737815,-749344795,1855305557,1452392736
3,7,3,10,10407,410468338,-852964776,-1481367150,225827731,-1754614341,65149515
4,7,3,10,10407,1484741244,274877109,-57114504,-1041233484,26633798,1876103994
5,7,3,10,10407,-1436234501,-1065038882,-50458430,1331072112,-755781122,2091793944
6,7,3,10,10407,-1273834428,-1342123580,1536972336,-1101011324,-1630303235,1611036050
7,7,3,10,10407,-1177524071,1736095564,1053911013,-1173412259,422339033,1263303106
8,7,3,10,10407,-1806370656,279576996,-787349812,1026856659,-2024794513,2073640782
9,7,3,10,10407,2140976087,-1691062387,-1519321119,1524957940,-623040839,-427738538
10,7,3,10,10407,1813978490,243347652,1624537539,375801280,-814966707,-1716709470
1,8,3,10,10407,1686117703,-1220946286,295822704,780057562,-746146509,-942522090
2,8,3,10,10407,-2019171786,1890032242,-69679808,624707669,-1692433958,-1185069820
3,8,3,10,10407,-1624344773,-1336017199,1876105310,-802776145,576774163,461462010
4,8,3,10,10407,552138647,-1529994360,-1538215889,2033165614,-1637147762,1789983382
5,8,3,10,10407,-1864186219,-817478166,941356680,810271615,402278428,1006953616
6,8,3,10,10407,1393016961,-669745632,342718137,391064778,-503529332,993526202
7,8,3,10,10407,-476676773,1721010674,1822924529,208030441,-648559018,-412514562
8,8,3,10,10407,984931984,-48801026,1518272643,-655759178,-427147036,-2078613081
9,8,3,10,10407,1754007416,-1242883019,-1200440771,1282682974,-360916629,415188084
10,8,3,10,10407,-1113712593,1733797945,1010759618,323519366,70133257,1237534053
1,9,3,10,10407,1516195811,180307108,-1303273071,1078851935,-1674864253,-67401526
2,9,3,10,10407,1626722791,159273630,-1976525663,-2023424052,-828623746,1022094266
3,9,3,10,10407,1130792121,-889253794,1568878885,883672486,-1863910074,62125167
4,9,3,10,10407,-1013895484,395043474,-2102198916,-1389279213,-1475337691,1093580400
5,9,3,10,10407,-1181214022,114199374,560897994,1744590377,-489225132,640299225
6,9,3,10,10407,-274932255,-819490073,1922038704,98012589,1838115082,1755952594
7,9,3,10,10407,1415752070,-480365164,-1452994992,834034496,542294877,-1081398856
8,9,3,10,10407,1153698704,-471396906,1869832231,-1678416402,451673004,1698611277
9,9,3,10,10407,-1127323659,146765850,124555823,-1560250091,-1245922969,-1581560781
10,9,3,10,10407,-829776354,321670656,-1892684525,-537824233,-854506140,-1331317031
1,10,3,10,10407,1092756450,-1891149345,832870665,-799263925,484077524,549726581
2,10,3,10,10407,1671806252,2087020820,-2055037130,1609631032,-511362915,1266956112
3,10,3,10,10407,1284557037,1846832373,-287115776,1091167940,-625382216,1146164208
4,10,3,10,10407,-739497170,1302331270,645091275,1114967636,-1049781408,-88054221
5,10,3,10,10407,-750929198,417890361,1867879049,-1530908668,1961818253,861933450
6,10,3,10,10407,800337678,1666173075,-1709126125,1964764641,-1493255428,964243848
7,10,3,10,10407,816171309,975358727,-1152749933,1833129580,115644209,-807915245
8,10,3,10,10407,1273700982,401663729,-824904673,1113394795,919079354,-22836291
9,10,3,10,10407,-1120028262,167337145,-1960541557,2075321718,1816998589,2023006514
10,10,3,10,10407,-882925946,-1275036986,-1718487823,2139458398,182331859,365964378
1,1,4,10,10407,231983709,1813201206,-2147074280,2131856807,-1440140525,2097866483
2,1,4,10,10407,1254163015,2018274727,-333055954,-1983334219,1217536441,2055989600
3,1,4,10,10407,-510156062,-181347562,1612961494,1652181657,-1711038063,213415377
4,1,4,10,10407,558816244,668468138,-1184072797,829047782,361851310,813955227
5,1,4,10,10407,1247835897,589251535,11716657,2060918176,733940214,-963122413
6,1,4,10,10407,2138927622,-1957356926,2104130345,811860446,1508870292,2054772880
7,1,4,10,10407,-1001252221,1885318643,-1127597106,-775157899,-1479980664,1854925435
8,1,4,10,10407,298585578,-1690001813,-765411202,-2073214142,-282387156,-1444397773
9,1,4,10,10407,66378314,-1114376457,-714638128,908880395,-1733593873,1664379362
10,1,4,10,10407,1821459697,-2041876744,-1735922562,-160691266,721042396,-1202198559
1,2,4,10,10407,1455199577,-760827888,-41748934,-425009366,923245877,-2096103353
2,2,4,10,10407,-163148786,1564262919,1178473027,339214547,796074700,-852686731
3,2,4,10,10407,-1476629064,463944723,-1602474940,406554112,-1713518849,1516634563
4,2,4,10,10407,991539917,451731811,-430263758,1520581748,1726507415,-1447758290
5,2,4,10,10407,1572341145,-94261026,-360910930,1736574065,-489221711,-481594037
6,2,4,10,10407,1497503464,-138260036,-1095521814,-664914347,-843290193,1798014868
7,2,4,10,10407,-1250357535,-1769363046,-1580273377,-243056096,317984360,-311215707
8,2,4,10,10407,148957725,-532661163,-1095869938,-17385721,1737676592,-1710730040
9,2,4,10,10407,-1782122628,305167072,2091740816,-65281660,264469798,1283189583
10,2,4,10,10407,-1815717492,1554857253,-1058070601,716069536,-29688158,1769075115
1,3,4,10,10407,1230169560,422363248,567217532,1302070005,406770268,-1702108998
2,3,4,10,10407,647786483,899889159,-839599683,1738315680,-1377070523,-796102631
3,3,4,10,10407,-46671002,679974894,1614791485,1955053085,1635360209,1325410002
4,3,4,10,10407,1118838974,-351182691,1414098617,243962608,-1390441799,1423596935
5,3,4,10,10407,1180118069,-1189448212,-1106378078,101083938,-1017940335,-419885902
6,3,4,10,10407,-1867700693,-349153125,307944253,-803445091,-303403500,2119364014
7,3,4,10,10407,-1507539127,2023716663,-1009266165,1485485919,-383189966,16259751
8,3,4,10,10407,-164793780,2120494096,-1270291125,1756351377,-1103228614,-1420261807
9,3,4,10,10407,-103685720,-507165288,1697027432,-1378196808,817050749,-1067502459
10,3,4,10,10407,-365947589,-1353710371,-1319298366,933545817,1285312667,530510355
1,4,4,10,10407,698879612,-1016456324,-280166367,846632593,897812790,-425388612
2,4,4,10,10407,-152997508,-1012053430,1910513315,-525040891,-1998307732,594947519
3,4,4,10,10407,215032345,-772501015,-1151214950,1691305561,1568366898,339084805
4,4,4,10,10407,-536043411,-320744183,-506778827,1856794434,-1679836051,-345289458
5,4,4,10,10407,-1228487468,1158489141,-267946539,1433410793,1006230959,1171564433
6,4,4,10,10407,936444681,-1118183803,2028151912,612672782,-903217226,-1507277747
7,4,4,10,10407,-840065000,-1753021803,533324953,1982325185,-1370624823,717339664
8,4,4,10,10407,-13056203,951794714,-1399919392,1099560280,1471070503,569403017
9,4,4,10,10407,-111134083,1747945618,944849856,1549281087,-407353207,-1638282700
10,4,4,10,10407,1396359120,-324971280,-255251951,-40857508,199807166,-749978052
1,5,4,10,10407,364215874,1568541713,-207619793,-1205133692,-2023231842,734329750
2,5,4,10,10407,25165705,-2019541287,1577685530,2048846626,636872365,-225521766
3,5,4,10,10407,-1516826449,-72790095,712454453,1601387839,-431611261,-788720180
4,5,4,10,10407,331234319,-519491095,-81571961,-1907213613,-463629111,-83416308
5,5,4,10,10407,1135227021,-1935562933,853501847,119062136,476284984,-1742464767
6,5,4,10,10407,-537424526,123852610,1074754474,883412595,-2054187047,811390674
7,5,4,10,10407,-1683433072,-533618689,1590899907,847825284,-1647819403,2045208801
8,5,4,10,10407,-1859347006,-1489475437,-2103104207,-1609053482,-2012755422,234874390
9,5,4,10,10407,-1764592048,319548081,-883254873,1551284830,-1479217413,897243335
10,5,4,10,10407,1151474817,-1272944204,-2065077442,1618120919,577477644,-1276229007
1,6,4,10,10407,490378187,15058087,-2082779634,1204444019,-657651719,711541515
2,6,4,10,10407,1002241754,1774677192,1906140270,1169462481,-2035344663,68214783
3,6,4,10,10407,-817862308,-350637700,250973850,1110326005,-346509600,-398726994
4,6,4,10,10407,-403541544,352669177,-1845421699,-793562253,900579444,-1967782335
5,6,4,10,10407,-659550369,-284053626,1678415814,967085985,622620101,1949884867
6,6,4,10,10407,-219328541,-1167067037,1549660587,123741532,708523049,422686719
7,6,4,10,10407,153273020,871139324,430078711,1159892200,1804425144,1444652049
8,6,4,10,10407,-1705602096,248458348,-654224497,-607974611,885096570,-1668364719
9,6,4,10,10407,-1541376359,-1533533166,-627877410,-899732720,611148594,579010361
10,6,4,10,10407,-1467928473,-716307087,1828499571,1514779489,-2031816478,68983636
1,7,4,10,10407,293871469,678343352,676329823,1416951261,610342212,-736933795
2,7,4,10,10407,-950014655,2056673998,1253920830,700139134,-22606852,1972276284
3,7,4,10,10407,-1452033540,-649111101,-1668257914,1910264363,-852805427,-2037333456
4,7,4,10,10407,2053899835,-148283099,-901057061,1490246027,-1647198586,1014161129
5,7,4,10,10407,-781389803,1290186910,-1771646205,678769069,1518550871,762302104
6,7,4,10,10407,-360036136,1917172382,-764170001,286083066,247045969,-2104993179
7,7,4,10,10407,-1252037652,58538972,-2039826765,729558342,1554289783,-149285785
8,7,4,10,10407,-1812069995,18227463,1034095102,-1277105872,2019963374,-1378571506
9,7,4,10,10407,-1409818134,-354085995,-801839469,650258556,1088398002,1723369360
10,7,4,10,10407,-1316182696,1453899661,-932849778,2103421213,-759701492,1572183111
1,8,4,10,10407,-625138110,-2048118135,953373374,743082852,1570294626,-1024832167
2,8,4,10,10407,-260922730,1073733538,-669728071,212219128,373181886,-1970440732
3,8,4,10,10407,-161034009,-1805540072,906048187,-1674091616,1490887956,-810434132
4,8,4,10,10407,499865098,-1439218328,-33584566,-904939930,558571873,-316861089
5,8,4,10,10407,-74600885,415276931,1219584285,-425054728,-689030490,-1292227622
6,8,4,10,10407,-1016473890,2122819295,1097526761,-629771739,-1908865865,-1207085556
7,8,4,10,10407,-293953274,-1842826746,-740536857,357052895,1838859906,270265135
8,8,4,10,10407,2065291570,-1038108690,993994653,712070960,-1410235069,1127100836
9,8,4,10,10407,670824728,854183774,-1541401978,-1220985922,-1381989719,374709366
10,8,4,10,10407,357221232,-590697320,1820445753,311365685,1626927822,-2136374495
1,9,4,10,10407,-1307379844,1401447654,55284837,-740434716,209137464,185004603
2,9,4,10,10407,191570931,-798021259,2143565813,1531928904,-1258765917,56007188
3,9,4,10,10407,1992512651,1254916546,780748714,1498994188,1551956595,-1634557712
4,9,4,10,10407,-480284157,1676208589,678352840,-275595932,1696497522,1716997560
5,9,4,10,10407,-1918373827,-751732687,1861928542,-478163595,-475460028,544495834
6,9,4,10,10407,1344756846,1006930573,1939331299,1343382252,-497123849,1772472283
7,9,4,10,10407,-1287700662,14818519,-1820376087,126872362,-751758767,1958406743
8,9,4,10,10407,-1331872020,-214181596,1438485403,1723065285,535923410,2110445490
9,9,4,10,10407,-996924552,1586218641,1981666482,-1978024871,-598587523,1828337554
10,9,4,10,10407,1125040653,-300879451,1883001839,-120472789,-625929120,1136713480
1,10,4,10,10407,-1842554761,438287151,-1052779151,119791437,-430693615,-1426599487
2,10,4,10,10407,-1351799101,-1894651816,-1722544963,1959093688,-62314278,-23826909
3,10,4,10,10407,444054312,2063909558,1831774689,-1570553189,1070466968,1870146690
4,10,4,10,10407,1445621637,-409682717,1391991420,-762166845,-688961585,-1153912428
5,10,4,10,10407,-1110884910,1868393193,-1425586899,-801517096,-697796783,-2060963490
6,10,4,10,10407,1944213516,-964115684,1921306143,-1476966242,1528076631,883522732
7,10,4,10,10407,-976689350,-1687158140,1112933499,-1065044233,-1892476668,1167506451
8,10,4,10,10407,-1689319758,577641805,354476871,-1718322669,596147780,-1987807096
9,10,4,10,10407,195574937,-2032808612,737270141,-516958969,2023311241,2101099324
10,10,4,10,10407,-790547045,-1200958851,-381285700,873254144,-1881300680,55978251
1,1,5,10,10407,909758669,-764748678,1748283339,-1190226178,837583355,-1174903349
2,1,5,10,10407,895924119,1872261562,1708953377,258326328,2111144181,-2054294891
3,1,5,10,10407,-99908880,-244534226,-88128911,-2072586095,901121113,447519210
4,1,5,10,10407,50853752,-1869143806,-1581279976,249398403,-1133098367,-1087915234
5,1,5,10,10407,-86457606,-1102563963,-2059083527,-1351007002,-1112124992,-825874113
6,1,5,10,10407,-1481745325,1250902557,-2004908744,-1091017428,-478885429,634915511
7,1,5,10,10407,691216052,-1902762062,-1306130913,1442245192,532085420,-1622254048
8,1,5,10,10407,-1757124132,388271161,457670208,-424172088,377169786,-1346537472
9,1,5,10,10407,-1096556788,-928491587,1523082869,-792424495,-199024180,84784668
10,1,5,10,10407,846481471,-857145961,-1001810289,1996356889,2062310631,2130227287
1,2,5,10,10407,-1711232731,-1026590091,-143440554,2081511982,-1073890196,1309196443
2,2,5,10,10407,-1049596462,-1890779257,-670261351,-1012546042,-270637031,-931212913
3,2,5,10,10407,1888827876,1194018201,1956506808,1569832133,-1001478226,1983519660
4,2,5,10,10407,1087588568,1507279729,-2089882373,675838764,-1701168654,1744410572
5,2,5,10,10407,66181722,-301607926,-655552131,2039818456,-312346051,-368946939
6,2,5,10,10407,-1810138562,1563163776,555251004,-1235811969,981394745,1083115067
7,2,5,10,10407,1647788546,365837745,-2053836170,243988231,1125510723,-94205399
8,2,5,10,10407,1117680252,-184799528,1546919922,1049706818,-1349827723,-1381732703
9,2,5,10,10407,1425676706,-570471394,667904093,248137922,-1014735411,-336134794
10,2,5,10,10407,575148253,1131668626,-229187465,1331366183,1224027524,-1060574656
1,3,5,10,10407,-25417855,88581659,-1376067169,-119387517,106487171,529777509
2,3,5,10,10407,-1125316642,1348805536,-1849540440,-1699622493,735993988,-545055419
3,3,5,10,10407,-1446731396,172377788,-1874032554,733949382,153163295,-1396010712
4,3,5,10,10407,-2097701236,651482690,-1696486572,-1758059547,-418144923,361674466
5,3,5,10,10407,-1990181158,-1788525248,466774172,-1897710123,1070643248,-1284077190
6,3,5,10,10407,-1130078491,-544581979,-549287469,1347044984,266986486,-558173459
7,3,5,10,10407,775158325,-2050056742,-436856398,-309805926,967791237,685719114
8,3,5,10,10407,-599417631,-1746521664,206579213,-820181483,-2006532976,-643122076
9,3,5,10,10407,-964483953,-2098678933,1309179811,1115813867,6222169,266885287
10,3,5,10,10407,996208223,-1682286188,1504233239,1883161499,-677438237,2112907987
1,4,5,10,10407,288074934,-174174139,66899153,1728578051,-1265034626,-114426350
2,4,5,10,10407,-1666520977,1396206595,-1698246527,248547719,567850028,-1962862992
3,4,5,10,10407,-844506292,301420797,1725086588,1506594217,740641944,-435232412
4,4,5,10,10407,-767272163,595564644,2041001192,2003001851,1115486618,-602114969
5,4,5,10,10407,-1681264736,-1278068263,566014337,-233861261,-759295570,-234857932
6,4,5,10,10407,-785518090,1365642085,-2055498901,-1885291217,1936083253,-1193705271
7,4,5,10,10407,-1507062795,1389501282,1619725353,432205918,183258726,1208458583
8,4,5,10,10407,1014591108,-315471192,-1173560233,-1416215508,-1838823858,841997056
9,4,5,10,10407,-2031908180,-1961862122,1852649563,-349954321,-1439522393,1284473033
10,4,5,10,10407,-562650823,2074055839,-615653378,347277079,-1268677814,1272289572
1,5,5,10,10407,-806326492,-1681196645,1329486382,355767472,-281668743,-1439844903
2,5,5,10,10407,-424077434,-828223065,1524885245,1516580699,-2130783271,-980946507
3,5,5,10,10407,2003401889,-2104554326,-1946622123,1972024367,1905001304,-1874005631
4,5,5,10,10407,1227716900,-1410628283,-1694591830,-919182824,-770722070,923309593
5,5,5,10,10407,114988533,-1715089720,785961739,-920141237,1671466364,1457250813
6,5,5,10,10407,1303910025,-875835158,30047457,-206948657,-1438559315,-1543123616
7,5,5,10,10407,194776624,1988628991,1989254375,876912188,1830506770,1740165093
8,5,5,10,10407,1703100510,1303506941,1479889238,-1890897122,512887014,-2102039674
9,5,5,10,10407,-1668129115,-1804016424,1803141382,1627219375,-1558186166,1853509255
10,5,5,10,10407,1089691599,-72014604,-1994119693,1349629073,-891095665,-495035957
1,6,5,10,10407,-436707631,1244890774,1556783856,1769268322,-428162546,-254900672
2,6,5,10,10407,-1156723299,1697421067,1144449912,943824079,-202750652,601027014
3,6,5,10,10407,-903499224,1847511273,-1565275336,-391662296,1850246206,1551381765
4,6,5,10,10407,2144297353,1570514193,-999467836,1400914018,345989418,411202988
5,6,5,10,10407,668793075,-1506988171,937361164,-726724464,1686884875,463106106
6,6,5,10,10407,1533198034,238129723,-1273963230,-2083605689,-1789285944,523064225
7,6,5,10,10407,-1721088805,1410058937,182593010,-2093077582,1058463724,1590875772
8,6,5,10,10407,-1530530322,-2053257118,1663948638,-938078277,-27946640,453679886
9,6,5,10,10407,-1969509515,1056536168,225778888,-579422581,1718074691,1207457526
10,6,5,10,10407,-1560528986,2050946666,435941611,568452092,-1857163660,-1841653442
1,7,5,10,10407,2083818711,1333943603,-108906761,84878288,-1348577644,-1261572483
2,7,5,10,10407,1925352860,-2129542650,-1866262878,-630870178,1847564279,800099757
3,7,5,10,10407,-903049938,-1442883709,1401499858,-334755493,-108023296,1811499388
4,7,5,10,10407,-1993205406,-1458807963,393107430,-576351715,744774736,-452775064
5,7,5,10,10407,-2049604745,-1303383639,527196683,782425234,691922916,973167331
6,7,5,10,10407,-59417680,2061656718,430171754,1713926098,723118830,1147322638
7,7,5,10,10407,-1778025499,1062017488,2104436620,-867433678,-1340343072,146000167
8,7,5,10,10407,998265124,1752493428,-54649877,-988963466,1300726613,246789229
9,7,5,10,10407,-933547938,385514652,-774683616,-734622169,-1832940890,-2104043785
10,7,5,10,10407,-2092977622,1007516382,-1109315184,-34578474,-1157425355,803081279
1,8,5,10,10407,658083494,-1872002811,1452104922,-1382070904,1606367596,-648096802
2,8,5,10,10407,440397199,-279444074,-236609719,1865297107,1593101481,-1074679581
3,8,5,10,10407,-2049611488,1560533575,-530318795,640466345,192688925,1759585363
4,8,5,10,10407,-597394051,-1430305929,1585975340,633196159,-474184895,1827824827
5,8,5,10,10407,-126384386,1932791209,-1789096356,-1910470104,2085036778,392255005
6,8,5,10,10407,1407094608,541966125,502628766,-48397411,-1755152364,1849064600
7,8,5,10,10407,1522018038,-1848264072,163752625,-1752492163,1990091312,-533598108
8,8,5,10,10407,1629863241,803444941,-852877630,1654177538,-1678725532,1998385543
9,8,5,10,10407,601717650,1595736298,-157365452,-1139429051,945203362,2035652213
10,8,5,10,10407,-931484637,-202703358,866725439,1419862884,1686573103,1761443409
1,9,5,10,10407,1649726793,465985933,-505179859,-1418264788,-1821009501,-839142588
2,9,5,10,10407,987324721,-1842779397,-1855285868,772573660,1031729347,-20828786
3,9,5,10,10407,-73210502,187822843,-864076351,-2012661410,-993937956,-1344904338
4,9,5,10,10407,623187197,-2012769308,374344112,1521071871,-1456697105,-770405735
5,9,5,10,10407,1587046785,-1954937241,-749054336,-620863022,-217169399,-605482125
6,9,5,10,10407,-1962395607,-1249816890,461919033,242603730,1655208458,-983807673
7,9,5,10,10407,263360965,522402124,-1545807935,-1900617590,1144323037,-2059642479
8,9,5,10,10407,385676362,-2002873241,-649341543,1973909899,-1239221397,-190014674
9,9,5,10,10407,921668273,-1189399519,2082032308,1506036605,895300815,1753962231
10,9,5,10,10407,1431803436,1134074615,275715830,-1128969730,-1750423475,119846944
1,10,5,10,10407,2104083689,1413809910,-1865074476,-1942664497,-735721519,1300744118
2,10,5,10,10407,-677230449,-1448509373,1340177286,-1800961477,-513913187,1056794662
3,10,5,10,10407,638709040,-804385006,-1692760048,1742588835,282562455,-1407261275
4,10,5,10,10407,-1398162462,-702872450,1298473611,-1818877545,-451075014,1028250183
5,10,5,10,10407,1569882056,1504152087,-1974741817,1043850909,-1090814083,-1660801870
6,10,5,10,10407,1403419620,-257108893,-1193732811,1689493910,-1147298951,-1094821044
7,10,5,10,10407,-2059211632,1467860481,-135450215,-79260097,-1420854411,1777529389
8,10,5,10,10407,1383273845,548546839,-734686157,935996969,-2019615362,-2108516723
9,10,5,10,10407,-1553674379,892574176,-1465333288,731033829,642121430,1475684324
10,10,5,10,10407,-756012393,639827712,1272421801,-479990960,1112838786,-776795728
