"ialpha","ibeta","ifold","irep","seed1","seed2","seed3","seed4","seed5","seed6","seed7"
1,1,0,1,10407,-1788699296,1062594017,-94993874,1578144983,-1079174356,1663827517
2,1,0,1,10407,1922244360,-1944556082,576366028,-636074201,-646771681,85429898
3,1,0,1,10407,-1012647426,-1458329121,683133493,-889835617,2053279392,1080717468
4,1,0,1,10407,-419868574,-918813838,1985817745,587967485,961402361,-316391592
5,1,0,1,10407,1991497945,1877716976,-526700951,-719437561,1608859514,-1724751880
6,1,0,1,10407,-1255233145,277469530,1215439038,1637679061,-1246064337,-818364104
7,1,0,1,10407,-1825897185,-1314545148,1361812523,-1227861432,38265701,-2067628102
8,1,0,1,10407,-441433053,1736173286,1031062914,-204386,1771433045,585880084
9,1,0,1,10407,-789853644,-653491427,1829775316,-1127874472,1769080684,548378141
10,1,0,1,10407,-477900195,2113498201,130250433,-702983975,-1643725159,-1226805648
1,2,0,1,10407,-1387191009,-2129548955,-1830062652,-1157649428,1455828388,-1279526072
2,2,0,1,10407,-946892860,145466474,-1497540791,-1937999317,-1897241263,351309159
3,2,0,1,10407,159097189,-1918799141,-1369138214,300714276,-1496267503,-1599649214
4,2,0,1,10407,588639567,827148609,-2045417053,-1273081679,1711109797,1076054337
5,2,0,1,10407,2126074483,-1406724272,449386383,-407375104,136335395,-1925864229
6,2,0,1,10407,-349651496,1860322806,422220217,-1476436134,-110272296,1403812396
7,2,0,1,10407,65099312,1580617017,826126227,120587603,698987576,-582023867
8,2,0,1,10407,187306471,-1832349988,-316816849,-1738437297,112088428,-1394861554
9,2,0,1,10407,1814989298,784589902,1986241703,2117593527,-2126216055,534770807
10,2,0,1,10407,-184924081,-157277045,-369182518,-75307236,2089992770,-2108890822
1,3,0,1,10407,731123830,-1324835426,2103717399,-1437124910,1840056039,1214941703
2,3,0,1,10407,-1632510506,1389439233,388434807,-959952051,-317748033,1937546918
3,3,0,1,10407,-390114804,-641764381,-288815513,328397096,-2031051466,1679053582
4,3,0,1,10407,-513274412,-1141046696,808883225,-1862917953,-1598975829,-513760463
5,3,0,1,10407,782092870,2132083502,176559454,438779784,541255962,1021122969
6,3,0,1,10407,-1096382244,-1095392261,1290861534,-1649558306,1599462984,1555550580
7,3,0,1,10407,-38271600,-1360576262,-368440113,1535437573,1704834036,1651241182
8,3,0,1,10407,-1374757460,-1238099384,1478597834,-1201827073,895202716,-1211921568
9,3,0,1,10407,-889957824,-122890572,1275625176,1244879290,123391309,727010955
10,3,0,1,10407,-850367273,-866423040,1792561354,1821567210,-327250995,-1798440056
1,4,0,1,10407,1082218229,-2083616656,-952781344,424904980,-1106780198,76466358
2,4,0,1,10407,1814904448,-1315249606,252857299,627940961,-1884660670,-289612985
3,4,0,1,10407,495277173,466188913,1500234399,1545125341,-122291603,33957597
4,4,0,1,10407,-289183946,-1604829168,-984232478,2119796363,736974456,1927207803
5,4,0,1,10407,1194052094,-592795622,1977402782,2083607687,561370557,2021317235
6,4,0,1,10407,-747814744,-1532992371,-1564515009,-411393809,-1369769005,-1294481157
7,4,0,1,10407,1083578098,1617533934,-1110828210,623630824,-485724629,1454886429
8,4,0,1,10407,574940809,1928488156,-2063307879,-1649353941,1584238075,-591468874
9,4,0,1,10407,1017553997,694405259,447996859,-1454899332,-1837800028,485957231
10,4,0,1,10407,98370753,-1232168143,1339116698,-1746005657,905953207,623868939
1,5,0,1,10407,-1771057412,2081237900,-1223983633,1639049747,1492594934,140104197
2,5,0,1,10407,655900776,-587101301,-2056482884,1992321347,-1653166148,-610146025
3,5,0,1,10407,55690982,-1460563048,-1908805391,-1430119629,-454352665,-48236157
4,5,0,1,10407,1769895227,-1073607720,910864666,-1502761484,500367554,-1871810560
5,5,0,1,10407,-1805255427,1396984249,-1090446696,1864208845,-1136038271,-386401229
6,5,0,1,10407,-1712323175,1291524224,-1249752086,1717264155,556175697,-1296175537
7,5,0,1,10407,-1425074737,-1996198558,-1058111410,-735028000,1001444498,319912266
8,5,0,1,10407,-1418235688,1199691806,793045737,1224474010,-9473452,1073143882
9,5,0,1,10407,-1296602636,-429010562,2061665828,1656885498,574563258,-144519543
10,5,0,1,10407,-223394323,-1685151597,-442181828,1547048621,1163020201,-2003806964
1,6,0,1,10407,913702281,1097854367,844784642,-317714447,-2116095636,660103909
2,6,0,1,10407,-2002352113,1592328394,-1277226316,-2025256089,-599241626,-537877437
3,6,0,1,10407,486042344,-1123345578,1570310579,-892149808,2073202992,-449405587
4,6,0,1,10407,-1098055868,171067760,1630617507,-1116027991,-2132816565,285767605
5,6,0,1,10407,-290301149,-86922227,-791364049,2062847497,1913416029,441740964
6,6,0,1,10407,-286211851,546268145,-1172996054,-1715322481,148885185,-213862647
7,6,0,1,10407,-1061817170,-235415174,61686220,-968544353,-1631742502,-1168672574
8,6,0,1,10407,2099217122,-695322178,-1525998909,1218105055,-193068429,-1608588128
9,6,0,1,10407,1483399083,1311647198,-2031700307,-2124382583,1765926950,-1554422196
10,6,0,1,10407,-791238238,941097420,-119029623,-333224137,1405893763,-461738451
1,7,0,1,10407,-1911149797,452047935,-890683894,95057149,1408300299,-600619331
2,7,0,1,10407,-1333808671,-1408172607,-134431258,-1925887701,-479658800,1192796660
3,7,0,1,10407,845456794,1711769922,408942396,121109869,2083645471,-248551331
4,7,0,1,10407,-11608018,1102053988,-1644055906,-603343122,1205656787,-1384755519
5,7,0,1,10407,-2066191492,-1603099846,-2085221832,-1840591779,776956199,-818338608
6,7,0,1,10407,1574007447,-934975479,1518953232,-1520260751,2073225374,530726047
7,7,0,1,10407,-2140289607,1661002672,-253252753,112598728,-774451038,875700059
8,7,0,1,10407,-1899007787,-1461455215,-857972554,-1434731764,1696599957,-956072925
9,7,0,1,10407,-1894477133,1446860455,1104185441,1961337653,1381705080,-1454543640
10,7,0,1,10407,-307816383,-1900489165,-1912083918,-98875754,-1490630096,258542990
1,8,0,1,10407,478692033,-278353960,986903037,-1005824249,-1459244840,-205280690
2,8,0,1,10407,-1823983792,-728779355,1547252610,-875335055,1651288624,-663271095
3,8,0,1,10407,-1152584395,1248020048,1299923993,-1761905706,-1888593632,415079369
4,8,0,1,10407,-1243044243,1557396688,1686372353,1244220745,640769393,-238957450
5,8,0,1,10407,2013145583,2108312967,-932233849,-1978948896,2117843820,1807784933
6,8,0,1,10407,-369016266,-464484827,1381051742,-1577764401,745682950,-1946922691
7,8,0,1,10407,1902501335,425667840,-1158416798,1238476878,-1503141839,-1132043090
8,8,0,1,10407,-1372260885,840891996,505470598,1149839618,-145698834,411103281
9,8,0,1,10407,-1890282798,-404216566,-320717537,475597063,-1962773616,-1293169755
10,8,0,1,10407,1404060826,1903717026,277942355,822223891,-541809949,-1948706435
1,9,0,1,10407,172500073,-427304270,1891583305,1081538483,-219183558,638402788
2,9,0,1,10407,482222753,-1291336032,1428985858,-447563813,-1424703444,1365009304
3,9,0,1,10407,1559989347,446764659,921914015,119810620,-2088462872,-348656129
4,9,0,1,10407,-632340081,485901572,1050807405,190832279,-1242421198,-2117437643
5,9,0,1,10407,713204382,502130453,-47380057,630377451,-694545732,-534588698
6,9,0,1,10407,584713706,1465933595,1080528746,758909185,-1130939318,861361970
7,9,0,1,10407,-42516240,-84020332,-1628145247,-1322615014,-1406741335,897044650
8,9,0,1,10407,262694779,-2036602114,-186093498,1038404563,-795274330,-1914457864
9,9,0,1,10407,-208289585,1531131616,1221646656,908542265,-22454522,-1062443841
10,9,0,1,10407,-1173963344,490024731,-1893585876,-1375718876,-1484221991,-1489994314
1,10,0,1,10407,1589731812,195873464,-1460047335,-1521962383,-443452337,-34234493
2,10,0,1,10407,703576900,-1920278510,-1143579255,489189648,-1004680276,-690708757
3,10,0,1,10407,1870636750,-1226391561,877616868,141280747,2055816231,-799123678
4,10,0,1,10407,-1796140593,1828360675,-1957949670,-1871756745,-271710345,1499267890
5,10,0,1,10407,1846040989,1787840561,446777091,1199518157,-702848211,722250382
6,10,0,1,10407,-65198356,1985562458,-1270182564,1664209168,-2067913268,-610131250
7,10,0,1,10407,-241717595,1557271757,857964218,250455069,1111604589,592151250
8,10,0,1,10407,988635179,-957043689,-890825751,-74285693,-421894569,-770053906
9,10,0,1,10407,-451229997,-1966298005,2100684315,1451431155,370370034,-1282441498
10,10,0,1,10407,-838617220,1185433300,271719065,694947453,-1415706464,-1391853025
1,1,1,1,10407,1815389950,-939191450,215772747,-35454030,-1914549442,-730696054
2,1,1,1,10407,-770714386,508556852,-746467478,1165152425,765899643,1136994282
3,1,1,1,10407,-374889688,1550353408,-164346955,1041274708,-344780597,-1166764409
4,1,1,1,10407,-888489777,-88326972,1539976210,327764481,-1744654407,-1673498402
5,1,1,1,10407,-1483752004,-741957427,-919993241,-1139345092,840863287,-125007768
6,1,1,1,10407,1786438458,119519167,-1581746781,2083694563,1974633910,-1598980658
7,1,1,1,10407,381458408,-383939299,2039270142,12631276,-441783534,1411470470
8,1,1,1,10407,215707921,952899939,-11210466,-1403698449,706614452,729370077
9,1,1,1,10407,1813311308,-1755202511,1244090042,-2023650913,-1913317988,-2020691849
10,1,1,1,10407,1069884955,2098543691,-1733744172,-1712462162,-1783622082,-1065677221
1,2,1,1,10407,44970088,-413950128,-1042530593,-1824148214,-1670566509,499683588
2,2,1,1,10407,760938362,-879215231,1660736350,-394009962,-1347632533,1563427008
3,2,1,1,10407,2063485369,-1631447346,-377382708,-221334050,1336510771,-776388522
4,2,1,1,10407,-583925214,-1678410699,-1819733283,1388401499,1832055131,1616137816
5,2,1,1,10407,-2093453457,-1943661821,-1743153221,883104802,-381660536,-565992374
6,2,1,1,10407,-998263839,1258635189,-829316033,1458664812,-358176339,-922031131
7,2,1,1,10407,803440260,482692492,659796435,283629412,-281567977,-1943417328
8,2,1,1,10407,-828999047,197926440,-1721337669,-1893276574,237865499,448000307
9,2,1,1,10407,952386751,-1197310197,1403565285,374207996,-591594185,35206312
10,2,1,1,10407,-1323314966,-1819813608,1548026508,-1884976529,1118772459,-216591175
1,3,1,1,10407,-700199764,-704363101,730909560,-450892245,-1268438738,-219279376
2,3,1,1,10407,-1204896969,2140599414,-137418355,-1285276982,-713129754,1401724338
3,3,1,1,10407,-788341719,765888720,-608132117,2111476051,1459678210,-1979882425
4,3,1,1,10407,1524184541,-974560482,-72772326,-172414691,1007319308,-755418514
5,3,1,1,10407,1017655158,740593667,2079545596,431266568,-621350129,-856986415
6,3,1,1,10407,1109307659,-1787763856,-915304259,894925559,-1432215510,-1355203531
7,3,1,1,10407,881974004,1925237296,-298455896,-1683060303,1974461845,-2013771123
8,3,1,1,10407,-952780494,1987503764,-2073369957,-464459106,-2033792076,-1801511686
9,3,1,1,10407,869611641,156630525,413346476,-1678915773,-1216598711,-1579730399
10,3,1,1,10407,-1986139058,1359611069,-1616712135,-591810402,878111552,-154035629
1,4,1,1,10407,2026863131,462977324,-476971447,-140459522,38938424,-56437505
2,4,1,1,10407,-1204619477,73241567,1834185508,1869319363,1094670245,-1919942864
3,4,1,1,10407,1052277538,1378001686,-675997604,895274070,615878425,223183339
4,4,1,1,10407,650063303,73381552,-285987701,1120429477,576780089,-594208140
5,4,1,1,10407,-794650157,229813929,750292182,1178119445,795041645,-1857471892
6,4,1,1,10407,174840483,-1557730148,-2048007604,1850394027,-1605549611,1282026646
7,4,1,1,10407,-1386238934,-1912774205,381903929,-1324411931,-971544965,-1739461707
8,4,1,1,10407,-454507948,1544955779,-875545058,-1426028529,-339891198,-496857932
9,4,1,1,10407,-105247620,1994915333,539584362,-613817438,806676661,-1976582290
10,4,1,1,10407,169370145,-755243557,-1331640877,2034639706,-165173960,-1626396839
1,5,1,1,10407,-1317132749,307770648,1067535003,-782475888,1741230480,702990841
2,5,1,1,10407,63750016,380907619,-677488091,1865589261,495331303,-1234583394
3,5,1,1,10407,-102155146,-97125389,437642169,-1999803347,730407696,1835361495
4,5,1,1,10407,-749874629,1402460466,-528843431,1197682457,-866625912,-2073502547
5,5,1,1,10407,-1534770804,-1640551779,-1696792599,2064223336,-1606088800,1531561220
6,5,1,1,10407,1708617355,1956880404,230808973,6973589,1539026384,1461101077
7,5,1,1,10407,1810070312,-743414334,-1162453503,349778924,1943182035,-1690819045
8,5,1,1,10407,560981095,698945754,1543159686,1267710880,-415871491,1699225156
9,5,1,1,10407,-736892248,786415166,-1169053770,-1099075356,1237798257,-543107940
10,5,1,1,10407,-1917587638,1015619004,1890471049,-1180826475,-1817274988,-739618496
1,6,1,1,10407,471685549,896127691,1907087006,-726836680,-1203416476,-373376836
2,6,1,1,10407,-1903507922,868098102,179284767,-251462471,797517701,-1592800056
3,6,1,1,10407,-2137949685,-795966651,-1212441587,1654631880,-2018358214,1526585733
4,6,1,1,10407,1598817902,1561168292,1994779720,-295780699,-209352885,1155279996
5,6,1,1,10407,-514205323,-972770924,155336848,-1967703502,811414594,-1146194658
6,6,1,1,10407,-1027385400,1058796138,-785370940,691903107,-308440187,1648754641
7,6,1,1,10407,1222358504,54088872,-1353878787,1863342489,-480696616,109311657
8,6,1,1,10407,-1451437376,-1769536916,-1661201477,2126838849,-1745062162,1377770019
9,6,1,1,10407,1342171784,-2019161694,842899272,-442503930,-2019250282,-532255844
10,6,1,1,10407,-2076220690,1832843504,736496240,1745537026,-1652289734,-2138808573
1,7,1,1,10407,203114650,-241937741,-1705100712,1427942099,-820574832,-765966836
2,7,1,1,10407,-642139925,1627231479,826620006,1086671672,1700876762,897081602
3,7,1,1,10407,-126088032,-321479381,1784506269,1071900693,-1111328696,-1003533736
4,7,1,1,10407,2031285382,201073691,387111548,-47064353,-327667172,931766092
5,7,1,1,10407,-855490009,-951615621,-92851461,1611467172,-1818874587,479276976
6,7,1,1,10407,-2016379205,-588088195,75369690,268946067,-2057277324,82774574
7,7,1,1,10407,273693634,1131325958,-1959515485,-1737863890,-171527339,-2136981299
8,7,1,1,10407,-1580594180,544041124,-1325826312,-348054489,-1933522859,2030031278
9,7,1,1,10407,-69771863,1053678027,-753383450,430279236,2097316482,-1701173850
10,7,1,1,10407,1876200168,450342991,-882785936,-1633351024,-1822586797,-447345608
1,8,1,1,10407,164312993,404631513,1248421186,-1689223284,-994975997,-892959193
2,8,1,1,10407,-74520040,-1293902936,-284563928,267921280,1558435254,-750417372
3,8,1,1,10407,-513143453,-1673607959,1680728033,-1024082068,717127728,-460100026
4,8,1,1,10407,859746066,916117258,1182794038,549846126,935107625,1638005339
5,8,1,1,10407,-1598347368,-2010165371,536558373,-1875255592,-1201750939,-1545059084
6,8,1,1,10407,909368272,949303506,171358551,-1924224640,-1561950685,1394011816
7,8,1,1,10407,1163283054,-1755180052,315506003,1189030325,1946153646,-2013041450
8,8,1,1,10407,-1607636492,-762887731,168642524,1026702246,2063032432,-280519085
9,8,1,1,10407,-691912796,1574704046,-1289657187,-1661213384,1872177697,1737571122
10,8,1,1,10407,-2039679447,743704888,569097165,1144960771,-814546746,1465449770
1,9,1,1,10407,1178300473,890221785,-2082632918,679453719,-1119217922,-1198082957
2,9,1,1,10407,250986967,335615796,-435675998,-1662405949,-1328674213,-1348645424
3,9,1,1,10407,941866176,280214453,-709292362,-663348490,-1715116160,1259890590
4,9,1,1,10407,79156333,-1660813884,-1719004150,431460945,-1825652252,1620766334
5,9,1,1,10407,1841632344,1156610647,140878038,474580210,-887076399,2066975839
6,9,1,1,10407,945415196,-1005292108,29274058,1964702217,918067581,365577422
7,9,1,1,10407,624584983,422217012,-63220886,-461777602,1297152654,-625901776
8,9,1,1,10407,1077923900,-2120698312,884095723,-1374036927,-1241886405,1379184392
9,9,1,1,10407,-1973771451,-1997528959,-594265803,-1946945851,-996292930,563852747
10,9,1,1,10407,-259377829,-1760346600,404079418,-2003233742,59639914,-80862571
1,10,1,1,10407,1884434495,2088261380,1241176646,-786743316,1042722505,-1214978192
2,10,1,1,10407,-2011960915,373509257,2052411435,313295557,1815885978,702039195
3,10,1,1,10407,1911518717,1197191660,340114921,-1686363840,-1818247388,369790800
4,10,1,1,10407,406178464,-1626852710,-527948223,815259492,-461023952,-1888681617
5,10,1,1,10407,281152503,-807706240,-511865802,702086937,-1325795944,1463909640
6,10,1,1,10407,-1791014397,1108640215,-1984044852,-225990838,1337199348,1059417120
7,10,1,1,10407,136786878,-715437282,-1065611196,-1983549929,-511580744,-1250107467
8,10,1,1,10407,635391657,550349227,957651364,-545460501,1739865539,-1413608891
9,10,1,1,10407,118749098,1188875584,-1425292667,-1283104410,2131098999,348630411
10,10,1,1,10407,1156736478,-974767482,-124195652,-1656650703,-1461135896,-2055697716
1,1,2,1,10407,-1802612755,1490589396,197220355,-1698511592,1212050068,-1580168199
2,1,2,1,10407,267844940,-274094075,1490167254,-2096014750,-1258564524,488594038
3,1,2,1,10407,-746382859,-1324942067,2044501112,594570032,-379998989,-32101677
4,1,2,1,10407,948428853,-1228143190,-886728792,-1118263253,-2140465038,1701015447
5,1,2,1,10407,-66834973,-1795824300,930237631,75581482,2005663591,973723798
6,1,2,1,10407,-7662110,-628065397,-486620162,1932863288,-1740049216,-2113441686
7,1,2,1,10407,658608795,-548833321,712928024,1753831341,-1750017398,1140218130
8,1,2,1,10407,121315753,760441047,-1735701174,753440820,-1613419985,601365823
9,1,2,1,10407,463505388,-1835353739,811193662,-477678350,1051270713,1489816211
10,1,2,1,10407,340366878,2070447841,78022079,438152434,756713748,888965272
1,2,2,1,10407,-611921012,-955328047,31356530,1323864706,445653327,-86190385
2,2,2,1,10407,2065340890,1092031875,-242548749,864730624,-1171107767,-1890851105
3,2,2,1,10407,-1927786516,-79013926,-1917966110,1449091868,-2102753201,638628182
4,2,2,1,10407,1515517529,1057992329,1464452311,1597343934,1976160184,1392832634
5,2,2,1,10407,1669149740,-494478699,1040585975,815239756,-62146091,-124547220
6,2,2,1,10407,-159779033,-1384901270,1815430056,663829869,1870802113,-1345803916
7,2,2,1,10407,-454890138,-798940412,2041210960,969986089,1592139260,-842340654
8,2,2,1,10407,-890237798,-1727937380,-1912374191,90720754,1567823526,-1160622436
9,2,2,1,10407,-1681808100,849525362,-1267346576,-760426769,-1292031255,1627575556
10,2,2,1,10407,1674599069,221927444,62218913,1844251288,1466512809,-1771708394
1,3,2,1,10407,2014107709,723596684,531093716,-1876908579,-463624709,455933424
2,3,2,1,10407,1351173333,1461614978,50376505,-1878342521,-202380648,-290704303
3,3,2,1,10407,784605291,1786276506,-1258102620,-793984264,-327806910,1761126629
4,3,2,1,10407,172558086,-1784809400,94245604,190314448,-1725663593,-185630809
5,3,2,1,10407,1304324110,-1605837545,-1851330784,-1611322093,70900918,-1843386654
6,3,2,1,10407,-2115488645,1488056894,2097625640,1015266340,-1130074990,-895730364
7,3,2,1,10407,885915873,-681191427,-1712948387,1190049043,-256029446,-51327710
8,3,2,1,10407,-1106926822,-297789784,292472468,261093602,1841251819,499330854
9,3,2,1,10407,1052451562,426275235,-201241917,1332610103,1553259177,1771268832
10,3,2,1,10407,-1536496322,1240221853,-1955621701,442507740,1464025920,2122693775
1,4,2,1,10407,415434866,1963825169,738551706,-1290558301,773674576,2057851299
2,4,2,1,10407,1184401910,-1360964180,442026723,1865934025,1018384099,494882605
3,4,2,1,10407,-993132455,-1800215638,1586057138,-680814364,-360116226,-1100425169
4,4,2,1,10407,-1020215589,-2047416181,1266365723,-1620882022,-265450168,661173519
5,4,2,1,10407,952855006,-1794822256,-1184354056,-1818525222,-445211807,1469406961
6,4,2,1,10407,-1450234649,261823172,704022408,692702537,-1739775415,-583121225
7,4,2,1,10407,-1579243526,1091618600,-1596038841,1752911725,-1490982792,-1408588799
8,4,2,1,10407,-1921399562,-2147255090,-2093896927,2080800050,983339126,1428940693
9,4,2,1,10407,587021613,-1177060910,-347975787,432242770,1310538351,-1558499899
10,4,2,1,10407,-418145564,-1931286287,-1648716046,-2034495198,750503045,481084443
1,5,2,1,10407,-1679190869,-766667644,-89081285,-988902089,60097283,-90491311
2,5,2,1,10407,-309923151,-1819815882,95367958,-2011179464,1797449786,700440508
3,5,2,1,10407,-402855643,1081677987,486397145,539249416,-167776113,817046941
4,5,2,1,10407,-734399610,557157637,1497567033,1299678359,1544755283,1155592772
5,5,2,1,10407,1789180501,-558735157,1369989727,-1441695811,-1991474716,1490968517
6,5,2,1,10407,-1712396352,-534589678,-16900125,-34808360,-1239298874,-595114408
7,5,2,1,10407,2037728140,-967744518,1764247831,-1025570133,-1296766167,-832450663
8,5,2,1,10407,1703007801,7297573,991988235,1373362297,1894525770,675175278
9,5,2,1,10407,1535813816,1863653818,771483240,-515728082,486576771,-1239910718
10,5,2,1,10407,113076926,-2045349084,-426934486,-890078493,-1481051912,1490641801
1,6,2,1,10407,800849161,1831222412,-1281322689,-455904494,-714966559,1695039328
2,6,2,1,10407,-1649380330,-1859634388,-1560308247,874969834,1231489003,-731338237
3,6,2,1,10407,-1322561213,914858445,-1315756964,1502921376,1679253207,-1559518680
4,6,2,1,10407,1861588436,-250798902,-1610969577,-1172087913,1496491106,-657803683
5,6,2,1,10407,-1851542462,-248784104,1485759864,-1740959046,1433785318,-1333445193
6,6,2,1,10407,1922625145,1319876710,384414883,731058249,-805289811,-1590966888
7,6,2,1,10407,151255654,998723128,-2015960565,-1490000654,35290230,-494961734
8,6,2,1,10407,1086741760,228909319,2059424270,-500529030,1010261085,-470791013
9,6,2,1,10407,1381678423,71687785,1058241493,-69752665,701602436,-402241780
10,6,2,1,10407,-1948940988,-423332826,593366158,1672232915,19021289,283359252
1,7,2,1,10407,543742692,939189130,-730177796,1179708114,230455424,719704572
2,7,2,1,10407,28607864,961488783,-1211890450,-1163088017,2140433758,170586860
3,7,2,1,10407,912946484,-676076492,-818553954,-1639557661,251163325,-1800698541
4,7,2,1,10407,-429492500,-755965385,860572582,2059036543,-1023915377,-327490607
5,7,2,1,10407,716968614,-1440025633,1005326680,1722098541,1268174941,602670422
6,7,2,1,10407,-2041636666,1300880928,-390315119,-1985365943,-2092984721,-625955237
7,7,2,1,10407,-198554598,1839783873,-2068520549,682245799,146583619,944471727
8,7,2,1,10407,-1350749455,-2018452637,-2092048296,559417290,-26604273,-1906225996
9,7,2,1,10407,1833533535,-1446270745,-1487482152,1014647509,1354529134,1145853276
10,7,2,1,10407,-1956998279,-1481920128,1112249198,294879962,1178940779,-2013249007
1,8,2,1,10407,-1667613531,703417737,-790757459,1395508755,-1923918533,-1169318943
2,8,2,1,10407,1237530078,-1936249495,348585498,131237138,1556674427,-1144033638
3,8,2,1,10407,-365799411,-145055761,2123046818,384344491,-1241678360,874841324
4,8,2,1,10407,-1220471618,279728036,-416073091,-1212212697,1530430162,1374667094
5,8,2,1,10407,597373540,-1697593234,943687000,1830136300,1218726600,-166449935
6,8,2,1,10407,-1531414089,1558168101,1893795459,-1279958827,-28669045,-419574634
7,8,2,1,10407,-1695141524,2038489704,1631266926,-1753267767,382344141,575304707
8,8,2,1,10407,-471506557,1208812803,1903684720,-1075125507,-1420174713,1604395624
9,8,2,1,10407,1647080824,-177958565,914805420,1503276653,1817834996,-1167294440
10,8,2,1,10407,687445094,-1408972531,-341333977,1330575624,1834022248,1995879659
1,9,2,1,10407,-933595597,-1898541234,1407813499,-1019008975,-794966786,1823132710
2,9,2,1,10407,-1565912092,-2114383990,-763683865,-527066849,-131871950,-204187627
3,9,2,1,10407,1145080590,-682345286,-2037427108,-1141361737,-181335099,-630590583
4,9,2,1,10407,1224203630,-1115338783,2118775430,-1738849870,-1904107960,-1600396139
5,9,2,1,10407,-41994067,-1777880524,-106928762,156406916,962369867,1550021001
6,9,2,1,10407,-1218683890,-1548784926,745394911,-113443194,916935086,1518897648
7,9,2,1,10407,-2000557149,335763141,-1498733720,963653034,937679503,1961124655
8,9,2,1,10407,-2003584833,-1393547720,563177670,-1605127179,1002309129,-1963324980
9,9,2,1,10407,1315944812,761449287,-1920571236,-1676409198,-977611598,1491505223
10,9,2,1,10407,2081559890,-591546219,-682747089,-1078327672,-1051132198,-451851847
1,10,2,1,10407,-244793979,-330157876,-1263448916,-765557722,1290721614,-17020631
2,10,2,1,10407,-1281283172,-1655558391,-479791719,1749167549,-1783719034,-1075404
3,10,2,1,10407,419247070,1622316469,-1116870877,357105450,1302225022,1596781924
4,10,2,1,10407,2043407755,982599432,1283896454,1474003047,2002727494,-335837442
5,10,2,1,10407,321600854,-206065834,169978375,-302379141,757717598,-2063406178
6,10,2,1,10407,1299605393,-1450890321,1823991534,-1896102600,-373288746,1148089717
7,10,2,1,10407,841474219,-1110090481,-117346078,196504183,726446798,-624383876
8,10,2,1,10407,936624612,1314135976,-1875255976,329491145,1386500019,-1969076464
9,10,2,1,10407,-465896222,-480120068,-996521859,-1752752715,-1503971522,-1549745059
10,10,2,1,10407,-1068324255,-1319881623,-712712382,-455954233,-2060704423,1637379523
1,1,3,1,10407,2098979752,1822532820,-1364006309,254524747,1710107282,862499028
2,1,3,1,10407,474645758,1300075017,629674132,77499352,1718094306,517587799
3,1,3,1,10407,-691604436,1784508549,-113316631,-1063117687,-1668606657,-1152784234
4,1,3,1,10407,782346249,1743559600,-899752611,-1986283407,-953412616,1842714023
5,1,3,1,10407,302245518,-1784674290,1604679526,2055702195,-125640408,1293921584
6,1,3,1,10407,-206163,-1168606693,-333757161,955399030,-1294862453,1483562271
7,1,3,1,10407,-146871024,-179894673,909909579,1286238107,730337829,-1566087054
8,1,3,1,10407,-482005354,1746525500,-1447076010,-1081010028,-860229475,1373101643
9,1,3,1,10407,941626341,-1464615516,-1764933571,604027588,-77378534,1783790200
10,1,3,1,10407,1500636517,-445816625,-548282318,978999920,682609147,757317306
1,2,3,1,10407,-1646361213,-416238640,631204102,-1939844533,531027507,169214752
2,2,3,1,10407,1074243228,824930680,-1489179908,-227683980,-2147120713,-1218150358
3,2,3,1,10407,-426788382,-2080143908,-2033485757,1661932434,-1291285995,-2090920851
4,2,3,1,10407,-1351555503,723573104,699431992,1231333136,1586391380,-1415232446
5,2,3,1,10407,-417880346,638613674,72575874,905015227,-1978455055,-871591077
6,2,3,1,10407,-1249576598,-724243867,-1265132490,455372747,-1874693378,-583218001
7,2,3,1,10407,-1332945116,2048214278,457935360,1454950203,-1321006204,-2007707045
8,2,3,1,10407,1213003849,116303350,-1259652281,-1020548342,1342181374,-978957312
9,2,3,1,10407,914392856,-1093731889,592544284,-1691092521,-576576562,1118613382
10,2,3,1,10407,-266434029,583384862,1249874671,-1931401032,1218853011,847989009
1,3,3,1,10407,-1409245190,1421093695,327731382,436783182,-79468639,128381774
2,3,3,1,10407,-1612334829,376455031,-87688139,187298506,-481199767,656460096
3,3,3,1,10407,861871672,-292788971,-1484936699,1389525122,-1718671493,-784041940
4,3,3,1,10407,1814284625,-1127014414,1621932803,206113798,-210273949,2100103074
5,3,3,1,10407,-997631590,-959074818,637886759,-1210750669,-36337654,-2052720893
6,3,3,1,10407,495316601,-494805431,-999281497,2146062255,-1813876314,-913647260
7,3,3,1,10407,526241011,73452549,480376553,-745248941,-803119548,-438007965
8,3,3,1,10407,42064242,-1713034162,-29032208,1567101659,-2066468467,855948872
9,3,3,1,10407,-386279253,-1300811692,1345276346,-1626351684,-2058955506,1683835355
10,3,3,1,10407,-1827154340,1918975749,2068268528,-2142216555,-1378717061,135577083
1,4,3,1,10407,2055734540,-1630812719,2028430878,-2145797478,-1838277850,-1501238979
2,4,3,1,10407,-1864258969,672043415,235215778,-1008178084,-1029561858,-487260685
3,4,3,1,10407,644819694,-801899004,62423801,1322690720,850596926,712963880
4,4,3,1,10407,567394570,-673541094,-1124840735,-1341427530,958789213,1373895811
5,4,3,1,10407,1588666988,1212486185,273882455,533062286,475139626,255553019
6,4,3,1,10407,-595113404,705101224,1590929641,-33908602,-1370744354,739309307
7,4,3,1,10407,995833768,-1497002472,1626391627,-1234018411,-1935018880,-286396662
8,4,3,1,10407,-347492655,1024882727,-1269631323,-2023983659,-1774339173,-2103459833
9,4,3,1,10407,-1997003309,-945300399,786941669,779794477,1213393759,-1999140525
10,4,3,1,10407,1368574579,-1017208222,705690306,1525155818,116727570,-190721140
1,5,3,1,10407,-1851884445,-461297115,773301075,-845859479,2112312687,1437420329
2,5,3,1,10407,811583238,-1422086547,655729746,377183372,532844356,250276934
3,5,3,1,10407,-186352258,1347266174,-953851830,-249416408,-572219266,1963676747
4,5,3,1,10407,-1322834596,-963236807,-1225805982,-1151289079,-178515550,440928436
5,5,3,1,10407,1634699219,1450051920,679307089,-121309233,1349401939,-1476743825
6,5,3,1,10407,1051178847,640185290,1716733725,-1444533647,-1456034035,1565687674
7,5,3,1,10407,1448903005,-1354773206,-963889383,442215748,-2029515682,-401866662
8,5,3,1,10407,418683311,-1502765750,-133091097,1325715704,1907261639,1291399467
9,5,3,1,10407,1977366629,-395675763,1992497051,-107012296,-1171757402,1973892100
10,5,3,1,10407,1406168991,684940713,-1285606078,-1310435836,2115403370,384713112
1,6,3,1,10407,-2035426862,-1126525886,1354125119,393454897,341478082,453371297
2,6,3,1,10407,597046796,1881465020,-589114997,1028890069,1722050906,-806211667
3,6,3,1,10407,658683949,-1645665437,929778022,-215101881,-784041595,1947024440
4,6,3,1,10407,1978656784,1244759242,1908764044,643614387,-159978123,-888026258
5,6,3,1,10407,-2081197479,-570944202,-1218652330,-389981968,1094679618,-275049309
6,6,3,1,10407,-1040103927,1441055067,-703942831,1451508004,1562807895,-907593536
7,6,3,1,10407,1597001406,276895930,-583716009,-187361543,-1404463075,1801854677
8,6,3,1,10407,812856953,-1115197507,1667602102,1592476692,-369640720,1061603930
9,6,3,1,10407,-53170188,1043323337,791853178,61674636,541131583,1497706195
10,6,3,1,10407,-258392348,-1040827114,1716663947,-145180868,1243540275,1604117044
1,7,3,1,10407,1121473110,-340809787,546220681,-1089950922,-1040764216,-329854596
2,7,3,1,10407,-1482142938,-457409056,1202834229,-249726854,1443491490,1565052707
3,7,3,1,10407,907533380,1113253801,-218638615,1617745929,-274026418,1621505713
4,7,3,1,10407,1382718734,1384546166,919121842,-1094263179,-1695155345,205452139
5,7,3,1,10407,2024847197,798641162,637985135,1063571965,1357531084,-1822485801
6,7,3,1,10407,-351962016,368388143,-2018445434,-780457031,1312440805,-1699049696
7,7,3,1,10407,2009100406,-1565446250,1860752269,1344208704,563137169,1471863447
8,7,3,1,10407,-822917533,695865956,-833446043,-1211103508,-1492055220,-750673691
9,7,3,1,10407,1355147341,560246631,1810364394,-999972800,1449048191,-916613977
10,7,3,1,10407,-1293995289,173105091,-1817752300,702755678,-763482470,2122216301
1,8,3,1,10407,1425307981,-38204507,-2045262494,-1581188052,1159898411,-1638625997
2,8,3,1,10407,-390635483,422426481,-1618643811,-238017927,1619623142,578013794
3,8,3,1,10407,-1279446128,-1466730893,-305826412,-1670210567,-1457743218,192075216
4,8,3,1,10407,-716486564,1809051788,-1153975306,1661703824,1873856665,-366148923
5,8,3,1,10407,-1172625863,1868253499,-1731784316,1616445108,-1343956694,594946086
6,8,3,1,10407,-206514516,-2047866055,-1872174031,2003719667,8290320,1457975440
7,8,3,1,10407,2020142660,-1887803996,-803449803,-1944202079,-1615924909,-1094940852
8,8,3,1,10407,-509156795,1075190693,-537491564,-1348862817,156886429,1991264377
9,8,3,1,10407,79142091,-629710789,1582778865,-788093425,471749026,2141498443
10,8,3,1,10407,1363449931,1882436996,-1585419097,718064635,-551345466,116616788
1,9,3,1,10407,-1316154158,2123360669,858313969,1972012223,-422757418,780618450
2,9,3,1,10407,-365947576,-2059457398,1844738402,-435747304,-1732735037,253280349
3,9,3,1,10407,1104827171,150210216,-13447036,2052474040,-1466428731,-1672975952
4,9,3,1,10407,-1569981727,1295403067,-566967986,1999195652,-1197838237,-251572553
5,9,3,1,10407,-677118408,1731197524,1224340651,-1536275206,931556093,965828764
6,9,3,1,10407,1345649380,-1167387047,-1637273486,1720280235,-1169585855,-1554307613
7,9,3,1,10407,-1820269696,-599577357,-731412971,2116944215,499573702,-647068016
8,9,3,1,10407,1506928843,1388357592,111722917,-1927264355,-346475625,-1103917190
9,9,3,1,10407,-242629218,-1821999924,1111230401,-734756528,-2061261319,-42004252
10,9,3,1,10407,-1081084808,-21152156,-1791351287,1109612370,1753059662,891092585
1,10,3,1,10407,953010224,347869351,-1211067635,-1195202263,-889582025,738949516
2,10,3,1,10407,-604472662,24093755,-1724104547,-1129155636,-450348956,1302706445
3,10,3,1,10407,1081392464,-1669028652,212942046,-2129129657,-1433385441,858962586
4,10,3,1,10407,-1566768924,-696287009,-117960479,2052175113,-79138832,-147541973
5,10,3,1,10407,1874161687,1917182819,728283079,1544593514,-2015717679,261115955
6,10,3,1,10407,-1772747942,-1928430231,-192845008,-451430076,-1977494695,-550352263
7,10,3,1,10407,312521996,1697033078,-1261574950,-630242235,-2012250730,39573669
8,10,3,1,10407,-2029386668,-2047061171,-1959917701,-1859163552,1446879137,238995730
9,10,3,1,10407,2073526857,1245648702,258069768,35860420,-1084014682,-1106580973
10,10,3,1,10407,-551055816,-1904220898,-205790445,-1673293289,-2034453964,1511668358
1,1,4,1,10407,-703982788,-1047527702,2123432419,504710945,1719249145,338685978
2,1,4,1,10407,-1049524818,-1606598708,624081608,1480287003,1282697521,-120960025
3,1,4,1,10407,1141569511,1476699522,862397175,-1640888925,1099521262,-1146063639
4,1,4,1,10407,1070742506,207204372,-650632524,-845755176,591849470,-614184289
5,1,4,1,10407,365320067,-1716646697,1303382743,-1990975418,393551166,-284132714
6,1,4,1,10407,1282893727,2031797448,1709424694,811907182,-1449326560,1751517413
7,1,4,1,10407,1030206217,1089968351,1996246287,1952214908,451900830,463129101
8,1,4,1,10407,-1023084368,-411397365,-1000530416,-1296634133,1762271019,1033659112
9,1,4,1,10407,-1743647163,551074835,892034127,-1528645992,-907904541,-680892239
10,1,4,1,10407,-1791628534,-783437616,-394812505,1684827793,-29307309,-906393729
1,2,4,1,10407,707495096,-1150813151,-375478332,-308696965,1701033622,-1749480947
2,2,4,1,10407,1031870061,-1780062668,-150564103,-2142366665,877248137,-1849077440
3,2,4,1,10407,712794038,-374195273,-1786829004,1507937321,852766351,-552523890
4,2,4,1,10407,1691057057,324857316,2070877681,-1668202210,1867983347,1220596999
5,2,4,1,10407,-2112227335,-2100710658,185199808,-1113930425,1284528524,-1106571257
6,2,4,1,10407,1703860681,44077285,-891747868,1107430446,-165869063,1157241063
7,2,4,1,10407,1883158537,1369808391,236138367,1234763374,-560925987,-1427238848
8,2,4,1,10407,1630672432,-1895213483,-1751093619,-2087073972,552679342,142535118
9,2,4,1,10407,1016143293,674329794,1484608288,-624100431,789496307,-1046155855
10,2,4,1,10407,550859935,1892406466,1317553932,1160041178,-893450694,-1862260188
1,3,4,1,10407,-1775783144,-1892454225,434001565,84017809,-1716261583,-1748843102
2,3,4,1,10407,626974210,-1381173485,1868451031,-486424400,-188420670,273672717
3,3,4,1,10407,-171147333,1560502302,1895321378,1315151716,-1201659161,-1502135619
4,3,4,1,10407,167447223,1069886205,-1849884399,-756630577,734243107,-301035788
5,3,4,1,10407,1347583710,346549982,1229098804,2018658917,-538694700,391721937
6,3,4,1,10407,-1101594699,24901567,-162593456,-1786094221,617557218,1915209544
7,3,4,1,10407,-586205717,-1891874875,615968897,287554423,200450797,-133217432
8,3,4,1,10407,1159779608,-1922439953,-1309508861,1750844443,-883604923,-2025511020
9,3,4,1,10407,1627926946,-835754120,-1293337413,959662935,-1122193209,681626205
10,3,4,1,10407,-177474316,1369644895,-730933723,-16277276,413001259,1180520733
1,4,4,1,10407,1262696543,1692563257,1443557679,-1564572507,-1158518923,1810609912
2,4,4,1,10407,-1327885384,-1517822537,-1825332525,-669847903,14258443,-1331005848
3,4,4,1,10407,-355383758,1672293489,1589915022,1933719366,1705573496,-183271329
4,4,4,1,10407,2141580929,448939516,941010069,-1456660268,-870039105,281351558
5,4,4,1,10407,1431511510,1040227039,-1437817995,-924512101,-1597521330,-805632253
6,4,4,1,10407,-183998618,1511045172,1944527891,-547035435,-2898676,-1384855443
7,4,4,1,10407,360262877,-93517196,-1233427007,1004441802,888613563,50976165
8,4,4,1,10407,-1809876089,-2012847918,-624115563,551851627,251995413,-1453804388
9,4,4,1,10407,-521046208,-1128348053,-1226049859,-962612353,2100580690,-566645032
10,4,4,1,10407,-1350671984,-1187969930,-128632659,-1360270942,-580616628,1246084366
1,5,4,1,10407,-654131033,1886791435,1645636752,1779706980,-405491175,1873762726
2,5,4,1,10407,104758197,875974311,149853619,1875994932,1668700001,29028175
3,5,4,1,10407,-1460646197,1082760553,1949854008,-2085065756,-386340580,-873043409
4,5,4,1,10407,-377021408,-1517526895,-111399563,-440953034,-12790930,-1546112673
5,5,4,1,10407,-748488164,-1752874300,-192188245,-54998588,-1853792118,1984982707
6,5,4,1,10407,1289178826,-288386714,-1339453351,-1778644897,1490339530,-204016539
7,5,4,1,10407,-607485066,-1910845826,-588687223,919191101,-1067306813,1049265794
8,5,4,1,10407,-1435696967,-922188459,-2068421759,-1955405990,1246053547,-2078153226
9,5,4,1,10407,-739501296,1912295210,1462375025,-2100993545,-1400176548,-992031672
10,5,4,1,10407,1894990388,-2033167986,-1740378398,-1486620971,1040171346,191941219
1,6,4,1,10407,-589717350,1866871481,-1900889059,-1152625952,525341623,-133004340
2,6,4,1,10407,1179856005,2007822980,1260171346,-667395008,-1949867308,28388510
3,6,4,1,10407,-616730522,-2108681551,-1340234408,-1745038253,-1809186048,-748518492
4,6,4,1,10407,-1193243738,1896710855,-568002731,-1981953960,52662698,-1166801736
5,6,4,1,10407,897562128,1944827303,315840172,-1553540867,-1503237521,-87357874
6,6,4,1,10407,-1572428440,1818229938,-845643304,-2097573830,-541824642,-1140998243
7,6,4,1,10407,449396515,1086639739,465057867,-1550732422,950514056,682538921
8,6,4,1,10407,1675836219,1994627524,1921526018,1593997474,1868381243,-1384463650
9,6,4,1,10407,-1959269170,-437051038,-181594097,-31666748,678046548,1964319395
10,6,4,1,10407,530526588,-454853044,382284769,-802734702,364569338,-531071448
1,7,4,1,10407,-670229013,614962982,1486955505,-985522365,-1340448024,1145862643
2,7,4,1,10407,2106022944,-1095016040,1014187359,1304421553,470243424,-1886980156
3,7,4,1,10407,1612703528,391946645,819875099,-408575830,-206177348,228031927
4,7,4,1,10407,-873418852,2004629222,-1216385888,878142903,-1799958234,2039768043
5,7,4,1,10407,179986336,1106270033,-1794379023,-793525468,-883436265,-1368430495
6,7,4,1,10407,1862055914,-1329013583,-1107791697,580516954,195124760,-1044537529
7,7,4,1,10407,2003877350,19090382,-923095306,1739757615,763391230,-997067851
8,7,4,1,10407,-120467883,908727730,236140636,1843997145,1501727694,800904933
9,7,4,1,10407,-83710290,2088349053,-1421506048,1849545700,-1803871602,937544426
10,7,4,1,10407,-1830507343,-9294328,-449709004,-1368855983,1548442063,-1355284494
1,8,4,1,10407,-565969979,1193170645,147743829,929787979,-281326258,1121476575
2,8,4,1,10407,1813884561,-149968241,729092595,-891758488,-1899972891,-1994943951
3,8,4,1,10407,-706572059,1048852891,-1296993331,-195223944,-1585171896,-939983327
4,8,4,1,10407,-1718546504,15602649,518618147,659083322,96162384,-2114693349
5,8,4,1,10407,-380155757,1554496800,-899476468,-1020812793,626941701,-1313825482
6,8,4,1,10407,-965290132,990006553,1724217759,-1977764805,-700443804,-1612593243
7,8,4,1,10407,-1668211929,-741944861,380305482,2130322758,2103407406,632431106
8,8,4,1,10407,843924490,1351993033,761837194,1429620142,1214343665,1599377322
9,8,4,1,10407,141677062,438945025,-517267185,-37365677,-660313241,851514364
10,8,4,1,10407,-839390146,862948222,325390728,283584691,1055114404,1070140700
1,9,4,1,10407,1327633832,-200455488,1551873759,-1981246019,-1375569200,-1327366629
2,9,4,1,10407,1951020488,-42479187,1615912389,922308870,-2047032338,-1023012581
3,9,4,1,10407,930592889,1325366808,-695719989,-973069682,-1839976919,-1327054962
4,9,4,1,10407,1643699934,1658683219,-1059875145,471155969,-1980218856,1208371461
5,9,4,1,10407,-1177940565,855387272,881080154,1100769031,1486404048,-562721922
6,9,4,1,10407,1021680881,-476346383,1373184033,-1516369096,923672854,-1955887909
7,9,4,1,10407,1366854881,-996023745,-1872539898,1466009576,-1686925919,1476952459
8,9,4,1,10407,66078301,-323630093,1673440118,-121617232,-1783782466,537467743
9,9,4,1,10407,467862678,-549958454,-1171016212,1164833135,860537303,-74430317
10,9,4,1,10407,184720967,275850647,-707346708,-196149482,-1950714347,-1597041209
1,10,4,1,10407,1890234645,-284959504,1045062175,-605357649,-1712196038,834894108
2,10,4,1,10407,-1976043692,-1820723110,-968668525,-369067131,-410078853,-411493440
3,10,4,1,10407,-1848577981,-579242589,-1758975730,-1390306336,-301844486,2037889609
4,10,4,1,10407,1385111026,-1789404114,-1813475,854261472,711719061,362517535
5,10,4,1,10407,-1855509262,-299024578,50993712,-1678887534,159638573,-1564999316
6,10,4,1,10407,-258566874,201463178,-914328625,-1479890500,1035442026,482400909
7,10,4,1,10407,1902481774,-562092963,1365212390,-1246252972,654914253,586204111
8,10,4,1,10407,-1997145424,1608767196,422718464,216625709,1503509345,-1934174469
9,10,4,1,10407,-1684159808,1137049272,1801357372,447638040,739355496,788667623
10,10,4,1,10407,1181895321,1238834678,-1776186042,104357569,-356228706,1866894891
1,1,5,1,10407,2047390639,-2127672024,-1614210126,-1743825157,1171851938,-2123567816
2,1,5,1,10407,732043682,115906520,-272779076,430814887,-681019048,1511834355
3,1,5,1,10407,-946416145,-62541580,-410948397,1336270465,815498460,982609188
4,1,5,1,10407,-307481378,124935754,266055708,-1956966990,1527695238,344509494
5,1,5,1,10407,-1828106394,-1750566480,447912525,-1668463058,-1162033005,-1195780843
6,1,5,1,10407,1936264538,-832157182,-1102444538,-795942154,-1377824830,-461154074
7,1,5,1,10407,-1501143675,-787689641,2018130060,-1988705031,473006614,1861730731
8,1,5,1,10407,-1954251400,-104358112,-2131705299,1744545819,-687913850,-2064049395
9,1,5,1,10407,1161917487,-580201983,1377684756,587269741,-1914899349,1949100354
10,1,5,1,10407,386125405,-727758378,74728637,-1822351808,373343449,366076589
1,2,5,1,10407,563336739,-397104075,1267400772,-1391650647,1536315319,-668943404
2,2,5,1,10407,-671467602,-1689521448,-1382693292,2001074299,153482478,812314528
3,2,5,1,10407,-2089461119,770385161,-4561382,1697154356,-1930969123,-878860592
4,2,5,1,10407,-58517864,-1103880113,-335537575,226756907,-234818902,-1121677003
5,2,5,1,10407,-132321899,1486331016,-1920664476,1819850738,-1514566101,826629428
6,2,5,1,10407,1733741762,986300763,-467862528,-1694122963,957334651,-939757232
7,2,5,1,10407,-2020722353,372788212,2100486989,-414367822,1147858765,-191477022
8,2,5,1,10407,-374464427,117623759,-2139983362,-1520179754,-2059897119,504633345
9,2,5,1,10407,489751206,-298442501,1705916879,-440666185,-1747645718,-1437980426
10,2,5,1,10407,849988644,973983403,90478534,1469939111,-836168890,1897480825
1,3,5,1,10407,-39786309,1619887206,1203019999,-1007640309,72205336,-1118283306
2,3,5,1,10407,-841545264,-1845749932,618821937,2102625045,92578404,-603184240
3,3,5,1,10407,-687329393,-9966243,909351293,-232844838,-180677155,-1194069026
4,3,5,1,10407,-1108396520,-260839219,-382158210,-1360951888,1501140645,-581935961
5,3,5,1,10407,1468717636,1017729357,645503521,-1169790112,-401171875,-1966414977
6,3,5,1,10407,1455002765,51739169,-268234456,1294921696,-1372186972,-1199018945
7,3,5,1,10407,-1036358319,-1277342826,434766733,-1896613097,-103501238,1495375355
8,3,5,1,10407,-1603078315,-1960500168,-789229143,-2098045300,2094327660,1189825704
9,3,5,1,10407,1072735448,252095373,242687320,-1697158633,843923767,1261634617
10,3,5,1,10407,-1607728587,246315874,481574147,-877306094,-1706041732,-426463229
1,4,5,1,10407,-135224924,-2132040179,-1252874433,113889192,-318982154,1555682839
2,4,5,1,10407,1077867371,-1686762653,-1824921203,1490076546,-435013862,-417026734
3,4,5,1,10407,-711564124,1917458477,117544243,1428676310,1710882583,438863549
4,4,5,1,10407,-900502821,748946230,-409652196,1048051871,284849725,-1249091625
5,4,5,1,10407,148009637,1415007950,180915387,-2064246738,-1887812154,-1996449759
6,4,5,1,10407,1737420005,2056532596,1461068042,-503025032,1776775951,-1692499923
7,4,5,1,10407,-1010736334,1759405637,314224662,1034791403,913313708,245342397
8,4,5,1,10407,-1846903483,1187707652,1541385127,119083176,-1809111193,1248070695
9,4,5,1,10407,726342106,1817215293,-1432417928,-1601699700,2121700343,1335820232
10,4,5,1,10407,1486204704,60323834,-1906401240,572222825,1755168167,-1762406445
1,5,5,1,10407,1241806847,1940503621,1639864282,-1506281549,-465899652,-1498079294
2,5,5,1,10407,280070845,904613217,1211950621,1043300198,1753167245,1566118783
3,5,5,1,10407,491407017,721271015,1100277579,2143723801,-2028876106,-538083152
4,5,5,1,10407,-372110276,1458140735,147224052,-847095843,1239124013,-2068830773
5,5,5,1,10407,-28414075,-825656161,520926904,-259795623,-1228678032,1874064780
6,5,5,1,10407,1646826883,1536979331,2102592702,56571953,1582983264,-1138229843
7,5,5,1,10407,-233198020,1449054416,1360453006,-339986779,724004698,113935249
8,5,5,1,10407,1647930668,-1708277463,1780861296,-1749752636,-1216583655,-1758657267
9,5,5,1,10407,981426422,577931739,972578300,658595319,1504231974,708880145
10,5,5,1,10407,473849011,-947165939,1160090227,-1339842720,-2012921288,-1939992805
1,6,5,1,10407,103189264,449999015,804162962,-1316725588,-1428577759,-1476757747
2,6,5,1,10407,1227886333,1106026683,1808120539,-1666422224,753742351,138328613
3,6,5,1,10407,291503211,116821637,1522710206,-1577694124,-1924475190,-217190349
4,6,5,1,10407,1024993344,1109635924,-1204558880,-1950660982,1236350275,-112416728
5,6,5,1,10407,-2088091446,-79022509,-749678904,-273085709,1243242294,-186703400
6,6,5,1,10407,-862406930,1196931249,215973690,-1210336996,1328417570,-342191749
7,6,5,1,10407,-1674203497,68992408,-1131645997,1661088675,1960508983,-1398901194
8,6,5,1,10407,918509366,1311889981,465749948,-70339926,1872860719,1762652987
9,6,5,1,10407,-709060038,-883210131,465975866,-1276430889,-107181533,190320633
10,6,5,1,10407,1014915620,1201371545,-980961967,-426924974,-1549478474,1014098489
1,7,5,1,10407,1010455585,316196640,171524264,-433614399,427079383,-2657584
2,7,5,1,10407,1851056335,-683746576,-893021410,-1894066326,-1704223242,1999366239
3,7,5,1,10407,1377477196,2051441194,-1797969429,-1942404298,-1922308826,-1346904258
4,7,5,1,10407,799021506,610349543,-1902075605,-218640452,-1085871554,2041491579
5,7,5,1,10407,1701991361,1378765389,2127952419,-698853079,-1297641616,367345951
6,7,5,1,10407,-75107825,1506350113,-1523515055,699133616,1402106988,1421815976
7,7,5,1,10407,-520351395,860393290,-62203038,1055160465,-73972183,1886736531
8,7,5,1,10407,1289590380,669664438,59639718,1693010100,-695823044,-560833066
9,7,5,1,10407,-356223630,-72777021,2093573182,1811185313,-1581560610,-1993467566
10,7,5,1,10407,-835152343,-693886104,-798276559,324917093,-1773690222,-1645411377
1,8,5,1,10407,-467097068,893898195,-725948104,-935838359,540811957,-1444194098
2,8,5,1,10407,1839301479,-1849471762,-971780089,-205954479,-534427211,448719182
3,8,5,1,10407,-187871843,-700030883,-1791272107,-803618577,-504187634,341787279
4,8,5,1,10407,1589907010,1847095947,-505154078,-820071351,-1516187135,-1651918486
5,8,5,1,10407,697358551,1367830264,1443209123,1859166469,-1032598552,1176388775
6,8,5,1,10407,-1711652013,1051716251,1623730549,2042621389,434432809,1523349791
7,8,5,1,10407,536677936,1462879783,-1647513672,-405468657,1731763711,-1897075306
8,8,5,1,10407,354905293,-78774290,-303327127,-1937244367,-1502186929,-366579431
9,8,5,1,10407,-1040376253,2081377423,-482763164,-1045049394,1195089814,-1728434307
10,8,5,1,10407,14045352,702826578,214481566,382649060,375536808,947111549
1,9,5,1,10407,-2130370958,-618745140,-1360796057,-1129775378,2053345068,2052864860
2,9,5,1,10407,1584087431,709738220,-361829307,-741931468,344685051,-1276382802
3,9,5,1,10407,929862919,-1060807633,460253189,-143578639,511856083,686261836
4,9,5,1,10407,376361422,273190553,-2041640101,1231185646,895371925,-1192045832
5,9,5,1,10407,1898726683,2065245674,-337933918,-1907643224,-975649390,-2126094553
6,9,5,1,10407,65816706,1874564104,1793751705,2067304426,1099361132,290221708
7,9,5,1,10407,1639908577,-1139095952,-458676582,550422967,1445442636,1177224088
8,9,5,1,10407,-948589692,-520880678,-256789032,-238107172,572308177,1383765784
9,9,5,1,10407,-7382956,1577327207,1824615992,-98352829,381669800,-1738450895
10,9,5,1,10407,1388494574,506156458,207859757,374098289,1240037498,664755977
1,10,5,1,10407,-902763053,1005728393,-1997924805,-1853862684,1988736726,2009838633
2,10,5,1,10407,-1194796718,-1608514835,452291111,-2115645613,738166045,969242671
3,10,5,1,10407,-1243471600,22822534,-1769783495,224614681,-1092862318,170159551
4,10,5,1,10407,2023551564,568368886,-1660368881,-1501561344,-162166008,-1032889170
5,10,5,1,10407,1279298991,2133911834,1762534315,-250125037,1870783075,432046044
6,10,5,1,10407,-273224603,1543296047,2073790781,2097645618,-1639636280,1516229636
7,10,5,1,10407,2054698726,-1831519531,1633235347,18957813,-1808033107,-2050281036
8,10,5,1,10407,-623304788,-1899199971,40657796,-1958025645,2068140834,-69038355
9,10,5,1,10407,-1469468459,-177197007,1237679080,1039550625,-41476964,-964253833
10,10,5,1,10407,1345967906,1165802509,-1312141533,-250302389,-1886039713,-1261884739
1,1,0,2,10407,426146842,1269065660,443747508,1976538610,-289245170,2008181311
2,1,0,2,10407,159531159,30836447,933343164,-948746165,2089205552,-1737642096
3,1,0,2,10407,934013157,2056813519,1402407541,489777068,-1403316471,-530435479
4,1,0,2,10407,-1492885252,-10629288,-1660364023,-1036626503,-268030142,-1433816335
5,1,0,2,10407,-1108098901,378924009,-1036943072,-902362968,1973605265,497594878
6,1,0,2,10407,-655652395,-906496483,570888778,2035990798,-797168463,-1612085173
7,1,0,2,10407,-508736372,-463780193,17307045,1314074464,1652113059,1385517459
8,1,0,2,10407,1330712697,1975102711,-1248797601,-268943332,396805409,-771891116
9,1,0,2,10407,2047285695,1758356258,-696014660,1395905747,-261117341,139308260
10,1,0,2,10407,-720810081,-306634693,-1673552387,448591075,1288513634,-572213332
1,2,0,2,10407,-1540812676,-777110597,27051082,858998167,1775786303,524036327
2,2,0,2,10407,119077677,1993737218,-2006837117,-624346518,-1310061865,-1362184
3,2,0,2,10407,-51228654,-1363446100,-1424203949,1365110948,631173333,1811632903
4,2,0,2,10407,1593117624,-1784027606,-138355477,460507575,1762797631,1048663331
5,2,0,2,10407,-1680190738,-761012923,-355231238,244675009,-1086993707,574156367
6,2,0,2,10407,1310484542,-571770606,538682295,-885232990,816577991,-1282626768
7,2,0,2,10407,1562996513,1762934527,-1119895853,1398464445,334920522,1109521572
8,2,0,2,10407,1586063939,-802804593,402934500,1947964451,-1538790882,-524254965
9,2,0,2,10407,1681057405,113277314,-58467305,1590192124,21828246,-1428492310
10,2,0,2,10407,1867955708,-1710182460,392113637,-629762844,-265081194,-563443622
1,3,0,2,10407,1339258717,-790062282,-1067059695,1064439286,673902325,-1823072425
2,3,0,2,10407,1142926478,-630864397,1802964683,1255891191,-1655620281,-1457733346
3,3,0,2,10407,-934574115,70310343,1616410775,541570945,2004819505,-669713888
4,3,0,2,10407,-10776866,-557607792,-80027201,-2051019008,64657427,2107201760
5,3,0,2,10407,762038230,-1344597908,1161651821,1589923857,-1522966184,979096299
6,3,0,2,10407,-1941635692,1610454611,760540404,186600238,-769501491,900401923
7,3,0,2,10407,-1857533185,-1115599902,284590609,1950318021,-1532562293,1438720133
8,3,0,2,10407,-1686329226,635513805,1269198582,-127282249,-1029299134,496957394
9,3,0,2,10407,-1150636785,854525817,349629534,-1391168725,796620583,-1398415222
10,3,0,2,10407,2078112853,263560648,-2110388208,606468058,41004088,-1698393378
1,4,0,2,10407,-515301376,-956957075,-2046296950,-855886826,-485752555,-1309286611
2,4,0,2,10407,-748219760,1798977284,-368760640,-1659553184,621958845,-910940688
3,4,0,2,10407,-823983064,-1313527161,965739954,-436856161,-679220231,-1277155187
4,4,0,2,10407,1086891760,355860184,286289383,456546840,-1146785458,-227914159
5,4,0,2,10407,-2141470743,1213675023,1507569011,-1091855535,1999753057,-603364829
6,4,0,2,10407,2146428742,973859577,-495585745,562585295,-343759051,-562821795
7,4,0,2,10407,1520606179,-47087716,-1640404367,-1126324013,40954210,-659337829
8,4,0,2,10407,-1075930548,1826758527,394029210,1434119784,238597845,-986089927
9,4,0,2,10407,1289614031,1895978606,-1191941155,-7810050,1727716468,406217688
10,4,0,2,10407,415741595,-1522783364,-732681016,-595408962,937220765,1864298979
1,5,0,2,10407,-823499268,1094821943,-447788697,1918755441,1505033546,-1745122401
2,5,0,2,10407,-1119874826,668076699,738029311,-1522323194,-2076415602,1692373913
3,5,0,2,10407,920794036,-66655582,1749532320,1284177932,-17015574,770773524
4,5,0,2,10407,1476821357,-1377902305,-770126979,502802746,927699229,-1522817865
5,5,0,2,10407,316325352,-1469378128,-1659087841,-721801138,-2121149507,-1465438715
6,5,0,2,10407,-1071349753,-1219220636,885687277,608533695,2065709370,-321161977
7,5,0,2,10407,-1927581973,-1840027247,-50233198,-1514858642,-859180627,61107839
8,5,0,2,10407,1379605673,1688924685,-379635475,-221042540,-1028934836,-766387425
9,5,0,2,10407,2118251635,-320867993,465414821,578961760,22962596,-1140364947
10,5,0,2,10407,-179158349,552180243,237127866,519236159,-1088784928,1904471709
1,6,0,2,10407,-1687691237,-876940042,-78947430,1312583102,936977327,-415158772
2,6,0,2,10407,-1458993745,-705503057,-614696724,-806675483,1482338478,-28982457
3,6,0,2,10407,-1910427183,971181041,955206285,-333288346,905852133,790249543
4,6,0,2,10407,-1934444168,-1383924313,172320,-2111750223,1065790585,1855165129
5,6,0,2,10407,-428681541,1210298206,724803079,-210338861,1595998730,-1443127089
6,6,0,2,10407,134051279,771523693,633353771,-1832733411,-52704341,1584816617
7,6,0,2,10407,37830296,1201184487,-1698208252,460196756,-2065517109,-1146707466
8,6,0,2,10407,-1806813905,-1238133966,-519188983,1423371749,-522177635,1378327805
9,6,0,2,10407,1206523231,-1757407934,2146746536,-2006831722,-1437982381,1548237089
10,6,0,2,10407,-762475996,-361309728,-290885023,577034692,-1860440016,-1340196978
1,7,0,2,10407,1633523601,-1458388445,-462590545,1063683502,1362689012,-2142451732
2,7,0,2,10407,-1499620461,-836695492,1216296212,1476733066,1546019431,-1140486513
3,7,0,2,10407,1092321612,-181580886,301647744,-230046529,476134215,615246962
4,7,0,2,10407,1987051865,-67742494,1223795602,1315391803,2088424061,-670557758
5,7,0,2,10407,-678407369,-1447265042,1527871522,-1791695405,-470961436,-1726502426
6,7,0,2,10407,935393161,1513492826,448248011,1886614237,-1310925903,1218549379
7,7,0,2,10407,-317908388,-1594918283,787426254,1914719387,1488182070,590636969
8,7,0,2,10407,1527513673,1326598517,-1174973768,-446063009,-890591120,1972081972
9,7,0,2,10407,-1043878606,-477244032,-672187389,1476696453,-567702129,1588822917
10,7,0,2,10407,31385335,-1956743437,-504348972,-1220725321,469524643,-201392160
1,8,0,2,10407,1837504541,1802569228,-1300425424,-647691280,-316785322,1763943796
2,8,0,2,10407,-209980649,-1310259946,432608821,-273754874,-1255201789,-631503446
3,8,0,2,10407,420797582,-618546018,1623542893,-99574751,1552719997,-1719378410
4,8,0,2,10407,-974141308,-374220853,-173891964,1676543373,-770761162,2002913274
5,8,0,2,10407,1621346298,-661128075,1326768894,767021342,44949890,-1501504096
6,8,0,2,10407,-1393432504,572441668,-2147061330,-510812265,-940629578,1068544545
7,8,0,2,10407,-42633246,1971425955,-404901284,1324903521,119164217,-1152597308
8,8,0,2,10407,2070666310,484319702,1277697452,1109165561,-198141833,-788453317
9,8,0,2,10407,968346149,1948649103,2073063257,1315722714,1148575143,-402968837
10,8,0,2,10407,-807958608,1696472505,1859962602,-625870251,-42744234,-1650286957
1,9,0,2,10407,-398894361,-1473634296,1748467841,-1437628304,1100681670,-351918890
2,9,0,2,10407,1268374939,1489242674,642165020,-1369022743,108807404,464806726
3,9,0,2,10407,954274119,999610739,1063592779,185311365,-552596282,340669358
4,9,0,2,10407,1616035371,1745222988,732444562,939731716,60818102,14201494
5,9,0,2,10407,-979080421,-1095915269,1330903953,264956697,1049148218,-74962585
6,9,0,2,10407,-584010612,-1156874261,46112311,413435464,-1615278401,586093560
7,9,0,2,10407,-1464770195,1570681461,799041437,507509197,900573701,-367231622
8,9,0,2,10407,-856696926,1170126579,1156386403,-951008669,-1308420822,-151005541
9,9,0,2,10407,-882383826,-1332814336,1504120227,-389216911,-1516775854,1025319437
10,9,0,2,10407,-79410144,380051729,2092738635,-1207496030,-1526956519,-1624523622
1,10,0,2,10407,-1015576641,837928651,1933876579,1017974815,-26099543,-1336064740
2,10,0,2,10407,721338812,719246821,-168048303,970440936,-1071405524,404132688
3,10,0,2,10407,-466836144,-1264872775,-1390050296,1010206714,-400428784,179856673
4,10,0,2,10407,-975280844,1534887223,-1441418415,1677246855,688150204,560027072
5,10,0,2,10407,-956694033,-1611339183,-870756956,1253057342,750850485,-1713950865
6,10,0,2,10407,674872187,-1607534497,-2137569266,1240359956,-1552741904,157723715
7,10,0,2,10407,-896333792,-6319208,-810429703,2102005861,1256645279,-197132813
8,10,0,2,10407,1749346354,-1077472766,-1869054744,-1433819923,284791305,-1082625404
9,10,0,2,10407,-1202635380,-345185978,-1796266273,442895180,-714367635,1190513160
10,10,0,2,10407,1022162574,-1731358065,2081552980,1117875715,-1051869080,1938069782
1,1,1,2,10407,1730415124,727932226,-1843124221,-623380279,870417687,-1574808879
2,1,1,2,10407,1136425989,-1710818669,-1676815316,-111344951,-108399316,-1078919916
3,1,1,2,10407,2053248329,1098384682,365424974,-1579969825,-1576156798,645028842
4,1,1,2,10407,1724609401,-147410414,-167333833,-497816783,524916996,2054399934
5,1,1,2,10407,-454840366,-1187253870,401191134,-1661102922,806816561,2137015045
6,1,1,2,10407,-448859427,-699681578,-1746635128,1802189843,615860174,330629863
7,1,1,2,10407,-308780333,1284053947,195360875,-163504103,-1415712773,26588282
8,1,1,2,10407,389744203,1366571510,760756987,844736642,-1340570127,1529450288
9,1,1,2,10407,-1831782682,1782275115,1073083666,-241817364,432674058,41278860
10,1,1,2,10407,-976156782,-1577863845,-1986703172,-1944121174,-1987195870,-1868814860
1,2,1,2,10407,1781123242,-1598767190,914092882,1484694987,-2116113210,-14336564
2,2,1,2,10407,541719099,-1840164466,1180998840,-178180128,-1473868558,262286842
3,2,1,2,10407,-269879054,281488109,-2057524976,122353770,-1496506609,-545042475
4,2,1,2,10407,-588873849,-27745655,312064790,887362053,-1282266360,-1105505623
5,2,1,2,10407,-826441490,1379733595,865870638,-1165585772,-159043366,1996805348
6,2,1,2,10407,753016981,1535338667,-2053931305,1293945806,-985879315,-1507296724
7,2,1,2,10407,959475689,1769451386,1683295385,-202614759,-1299924491,-699580189
8,2,1,2,10407,303154733,-268091365,-1820171157,-1509815034,396555674,-2034996631
9,2,1,2,10407,414737765,839395664,1010134373,238660174,-619878813,-1196709641
10,2,1,2,10407,1936022389,1432107977,1766553738,-1156059814,1910910249,-1001065413
1,3,1,2,10407,-1267119847,1396590117,1140829139,348265234,-1126995852,1591226270
2,3,1,2,10407,-1077103230,-947904277,732542507,-1086403449,282428203,-1102372024
3,3,1,2,10407,1800457125,1234447057,394831054,1946306836,-923097043,761316330
4,3,1,2,10407,-945942907,2079805453,-219036999,-1693037226,573597089,-1869174891
5,3,1,2,10407,2095412148,-204260702,542281497,-2021169889,854442809,424224043
6,3,1,2,10407,1896472311,782675631,1356847510,1706328462,-1014458023,519302471
7,3,1,2,10407,-1890844488,-460109390,-200833556,-2080493356,-1410313529,-580825140
8,3,1,2,10407,1583317469,927429237,816194818,1214444305,-1933138900,1412826847
9,3,1,2,10407,-1266959399,-71799928,1418578586,1818323775,-2107579717,1203823177
10,3,1,2,10407,-287293509,-248646323,-1740214580,-1536950094,-1193620984,626540224
1,4,1,2,10407,303804170,-1032084997,15803070,256371066,223755751,2038643630
2,4,1,2,10407,1477462672,-352566742,-1200822940,1805527824,1364647552,-1810673995
3,4,1,2,10407,1691493558,-422756958,-1986631402,-297183029,1133852923,-217387220
4,4,1,2,10407,861448432,1272895700,2140454280,1207263768,1338295066,502033250
5,4,1,2,10407,925871013,1915547058,-283367954,683792249,1313960873,994636080
6,4,1,2,10407,104084268,1905755720,-802541406,1075971368,-1763736051,1427280795
7,4,1,2,10407,-1180520992,542461142,-1429540538,1634877370,1560765697,-1656993796
8,4,1,2,10407,-1565719077,1829368347,1545573503,834808450,277459444,-263402313
9,4,1,2,10407,-839504089,-1261097568,1699475464,190621560,-964110100,-1400329505
10,4,1,2,10407,2043928057,-506492165,1274124909,-1847271580,543866006,-1105068830
1,5,1,2,10407,-1911462091,-1809668161,-1611122348,-1268764791,1907711178,-2045816229
2,5,1,2,10407,-500402659,-44120046,1929208975,-1314036148,-1101111307,575254339
3,5,1,2,10407,727773134,2132678475,1390184054,-1952917138,-242366120,362393191
4,5,1,2,10407,-255723655,-878796843,-888195998,-534869951,-742651818,-721246147
5,5,1,2,10407,-483633965,-895298811,1715675505,1737414945,153097025,1130911807
6,5,1,2,10407,-528317245,-1915592794,1582149361,-1256879465,40839996,713115467
7,5,1,2,10407,528287627,-92789689,160532367,-284824024,1733226480,-595999780
8,5,1,2,10407,-1109576106,-1448333573,-1900504936,-541420945,107051934,2112611075
9,5,1,2,10407,-1547250967,-23510342,796254997,-1292825086,-2101344135,-1760571376
10,5,1,2,10407,1519359605,-459429456,810572706,1149742021,-331479792,-592158418
1,6,1,2,10407,-1290526836,1319060819,-1511284741,2139736076,-735330697,1535635879
2,6,1,2,10407,-2021435084,-1308229750,-1879499551,-1278288828,-2006438531,1854238910
3,6,1,2,10407,916985402,-2138483890,-1234833894,1555538774,-1052723511,-1446885773
4,6,1,2,10407,1896296663,2092702763,1458979257,-1865747526,1180146857,151442622
5,6,1,2,10407,1438680866,-1642497901,1583988083,-279396650,1905598553,-1753094930
6,6,1,2,10407,1691355490,-1624076218,-572789408,-674433489,67917744,1121610859
7,6,1,2,10407,133283746,-1180977455,1222035090,-1058322578,-1943166138,-1976682292
8,6,1,2,10407,-647006982,-135452977,1227217406,-404365133,1514876466,-1144507312
9,6,1,2,10407,576780856,172932564,-1195997209,929169248,697403053,158607418
10,6,1,2,10407,2131610045,-647129400,1119982667,1306810208,-163285261,2134923902
1,7,1,2,10407,2073912662,-533457334,-1132925235,-1870274068,-838280574,1729954278
2,7,1,2,10407,-49513020,1830997168,339144947,1449495197,1954908966,196846524
3,7,1,2,10407,-2118167118,133255123,-1977100843,-1455995294,2122880474,-1206456504
4,7,1,2,10407,-543485613,-1241561319,1454442745,192575804,500704929,-1590333225
5,7,1,2,10407,-1822490255,2091179187,-1261464053,2145717498,1014174170,1297448596
6,7,1,2,10407,1249987665,-732617838,40380511,225045786,1458109970,1208684971
7,7,1,2,10407,-981472564,542314677,-1566912331,-157323750,-2126213040,1836407256
8,7,1,2,10407,-518911851,-553798044,1123361440,-360333630,-190324463,944945473
9,7,1,2,10407,944474929,906712705,651477257,-1219875059,-243424046,-246835271
10,7,1,2,10407,233032275,1711258203,-466300361,-530069763,2079616583,1351926503
1,8,1,2,10407,-603354250,530129643,-616444189,-2222064,-669177992,1590901556
2,8,1,2,10407,-2115322362,-1645948931,1339536229,-48890214,-1695962154,-525545809
3,8,1,2,10407,-1363617514,697084620,1624937716,1069421957,-75274146,1319254072
4,8,1,2,10407,538897487,1379022624,-546993714,1582921124,-432314446,-1096908454
5,8,1,2,10407,-702766319,-389533231,-1858137281,1045372951,-932356358,806657961
6,8,1,2,10407,-546475902,120870242,-1393805998,544323650,-394196535,-911017996
7,8,1,2,10407,2110881928,222969993,-1907195838,-909881583,-410305418,852926456
8,8,1,2,10407,1244065447,693238852,-661142583,705852479,175716763,-795682553
9,8,1,2,10407,-1271945089,-237782530,-1580793477,487316428,123850411,-929571606
10,8,1,2,10407,-1919014767,368050706,-1725703505,-1549726617,803731851,517514662
1,9,1,2,10407,110618084,-143384749,817486679,-304165873,1005521811,32360727
2,9,1,2,10407,24024872,-1237353812,-1051985836,-531786867,-339378980,-1898719889
3,9,1,2,10407,1175327633,-1882391986,-869795472,-149667921,-1200410751,1843271985
4,9,1,2,10407,890786562,-171494818,-1265578856,338519552,-888967462,-166371033
5,9,1,2,10407,-637870512,124869251,548992522,-1380495530,-993680083,-308925661
6,9,1,2,10407,333143070,1663011151,-1713981567,-1952926283,986231766,-1929063477
7,9,1,2,10407,-299843309,-383298893,-1818486894,1943603836,971946583,-1545743522
8,9,1,2,10407,-1427194789,-1526126817,-1902102447,-2042194190,-705818777,-915591495
9,9,1,2,10407,1097696588,591537940,-286460434,-267152598,-1849782322,-553497150
10,9,1,2,10407,-1748483301,-2117072867,1245326287,-513829420,1566383704,2083288920
1,10,1,2,10407,1571165218,1487495444,-1233942066,168069060,2106372741,1803998773
2,10,1,2,10407,-1417933519,1796995360,-569092771,-613743057,-10805012,440748836
3,10,1,2,10407,-1272885026,-2031515826,-1366725290,-1778270753,797021261,1117287485
4,10,1,2,10407,1919044596,-1418351769,740867486,-1417813396,-1156940824,-1176598132
5,10,1,2,10407,-870357102,1688927352,144601802,-2051943864,1207173560,518713147
6,10,1,2,10407,633039105,2131385992,439066593,1052725651,-536066545,-1302628832
7,10,1,2,10407,-1534889545,-1513741665,-211324689,324137588,1084310824,-2141705780
8,10,1,2,10407,-2142823406,-64007488,-893664829,-801128984,-1055271514,-1776426753
9,10,1,2,10407,647096846,-982972744,-1839979012,-745778941,-144857438,-420012213
10,10,1,2,10407,-386709400,-317080518,1301241365,-744614036,-41839396,-1257205898
1,1,2,2,10407,-440885589,1880687112,-1745993257,777428450,-1200489959,1990265400
2,1,2,2,10407,-1845171517,766324184,-540355634,-1904844283,-696421407,-515270457
3,1,2,2,10407,-1959256316,-1516886107,1626298091,-1153609099,941338269,452237707
4,1,2,2,10407,114347138,-1204847485,-512647025,2086387874,984759761,47274557
5,1,2,2,10407,1920179241,1309224133,-1310987359,-1027477437,-1914447037,-1575809767
6,1,2,2,10407,-1985878533,1453825055,-1588716541,14459854,-2146315157,-1130396224
7,1,2,2,10407,-1025864312,-141776803,-1342084144,1311049901,1145164653,-1118342296
8,1,2,2,10407,1829261806,1119128435,-1087360319,298170208,2129931239,-1970592750
9,1,2,2,10407,-1597690954,-989312649,79444270,-1665732448,606294116,-1772046761
10,1,2,2,10407,1529763022,330728868,-1166252646,1653841230,-1620896737,609387680
1,2,2,2,10407,-2046258168,22088567,1005514680,-2076964665,1999300518,762841424
2,2,2,2,10407,-786240468,1599578463,-22875173,-1006276269,1658723631,-743866073
3,2,2,2,10407,130784830,-343730668,1269249293,86392607,1234242489,1038901000
4,2,2,2,10407,-1377932262,359328290,1902371585,1040818601,-104432974,1965604732
5,2,2,2,10407,-1319113499,-1249018007,1715073365,1120327777,-423521006,2068568882
6,2,2,2,10407,-1758522610,1166777916,2049645426,-779104590,-712201515,1060876919
7,2,2,2,10407,1299834727,1830887130,-940103681,-2075239356,-1702976226,1810786194
8,2,2,2,10407,-1913268546,1087479392,1127528522,34616147,-610218049,-1725882025
9,2,2,2,10407,-1829586619,416171231,246943601,1990997510,379756969,1098648614
10,2,2,2,10407,1102614906,2034428505,879530698,-1565053122,127374420,-456606671
1,3,2,2,10407,-1358274994,-992148980,1302224014,1335205651,1696498038,-190367540
2,3,2,2,10407,1160885186,-1864265604,-208203558,1751094900,672987726,-1243493855
3,3,2,2,10407,-577771059,425840398,-924382732,1009256178,-960670796,609942610
4,3,2,2,10407,1129487160,271120127,-1142073323,983454025,573565148,649779114
5,3,2,2,10407,-1348976102,-1273274730,-1982296290,-1774175397,132237717,-1302896600
6,3,2,2,10407,-1969921108,-1350902466,1733102104,-1798577211,-1247479942,-1892314817
7,3,2,2,10407,1610254772,364365031,1552471936,-2039890392,86074270,1813374293
8,3,2,2,10407,-361771724,1627461240,-1385561277,357972476,541917481,-1255134363
9,3,2,2,10407,1578493300,-196184260,-775606638,-843067340,2014696957,907651788
10,3,2,2,10407,1060895526,-779241765,-1568835741,-348013767,670439657,2131175522
1,4,2,2,10407,-645519209,376022350,-1997149884,-1170634176,327962644,596059970
2,4,2,2,10407,-435836082,1829572292,-1502870714,-1383585175,-1236357247,-2140264414
3,4,2,2,10407,-974963828,-773406740,-2050763185,1161880611,22596449,1312707225
4,4,2,2,10407,1321436664,997081326,1474176365,107001286,-626022919,911889591
5,4,2,2,10407,1315077838,21457005,693979488,660968751,-619868207,-2110952713
6,4,2,2,10407,77830396,250079106,1742788407,-522843949,-392503158,1066551614
7,4,2,2,10407,-16638752,-2090696835,1208150741,-922441219,749022858,1192382561
8,4,2,2,10407,123060511,1762585362,-569965693,-625654807,618662219,-807091836
9,4,2,2,10407,2000253588,-1091645802,756134984,-1443362265,1350400744,549717372
10,4,2,2,10407,-1267493117,-176949366,-244744063,902671364,-960930011,1872327611
1,5,2,2,10407,-1145469617,-1326346130,-2074621040,-2103503527,948339883,-1413268393
2,5,2,2,10407,393331294,2062059716,-1899448430,-416491313,1589588246,227273235
3,5,2,2,10407,825448661,-1774812768,-417024342,1636335414,671963710,1543744914
4,5,2,2,10407,-689660326,380191340,-1868884809,-605943437,754261577,1823089775
5,5,2,2,10407,1639479080,-2050393075,-261421926,-1189300549,984170556,-138119893
6,5,2,2,10407,2061916488,-1393015798,-1497695519,1717966749,-80502410,-1717484846
7,5,2,2,10407,-1792219555,1533104869,-1168960403,857348883,820394602,-1393155732
8,5,2,2,10407,-1580217373,-1834937886,-1696653074,749252754,1853232642,-1703492855
9,5,2,2,10407,-637329468,-1828290331,-74424466,-1355549729,36178115,383436215
10,5,2,2,10407,1652954876,-700810277,1878902467,-2082266285,-1314273203,-1415272595
1,6,2,2,10407,-1341597971,248686280,-1905222719,2127337761,328396831,-649432542
2,6,2,2,10407,-875834760,-1361552885,1493294723,-1767857581,654275820,126087215
3,6,2,2,10407,-1069077838,330413839,-1545565927,-1253865128,-27800168,1008720367
4,6,2,2,10407,1396035770,1849660247,-1075483873,800074165,685491025,1261734844
5,6,2,2,10407,1149196901,1808132137,2098872333,621263146,-1993059073,-1271140907
6,6,2,2,10407,617595243,-1169913858,895664055,-106771012,-2070904747,-1476909252
7,6,2,2,10407,265980154,-2006500590,1423761382,541451281,1949808325,-1392108877
8,6,2,2,10407,710855232,1714517792,-528743039,1660658485,464666640,1151148007
9,6,2,2,10407,536853070,354767866,-1493634411,2681344,-13963256,-942254805
10,6,2,2,10407,976611881,-1807448362,-834006299,1254670901,-1858240822,-864430613
1,7,2,2,10407,471797121,-1132021364,283031726,1896857167,-1358209754,751354582
2,7,2,2,10407,1156331288,871524435,49960417,728015070,-443547323,-983993999
3,7,2,2,10407,539395549,1128093437,-1057620121,-512408206,1269011252,1080850458
4,7,2,2,10407,-1586833530,374626993,1846418793,-409933735,-302097958,-832069827
5,7,2,2,10407,-48790670,258026395,629711513,63922419,-557958467,1221862135
6,7,2,2,10407,-1277849603,-286200544,-692936778,-1966548650,1230013152,-1042626322
7,7,2,2,10407,-1990386155,-1594016018,839417798,-607541799,1042186973,1938342544
8,7,2,2,10407,1083990608,1448129609,-1529641940,-725392586,-1800234028,-924494422
9,7,2,2,10407,-1299676572,-512148824,1687130443,-532058514,1125010222,-313896894
10,7,2,2,10407,561317268,-268289752,-536677629,-883210126,917576249,-2145805319
1,8,2,2,10407,987667808,-1700130956,-1936311590,1980974618,1357703844,1960565499
2,8,2,2,10407,2038208969,565101649,1353217319,66450835,-1647352614,1404298628
3,8,2,2,10407,38794271,-2142790108,2079300076,-776271882,1057464166,757775755
4,8,2,2,10407,1927374436,-635008635,-1705348310,1764402730,-2125815306,-447691549
5,8,2,2,10407,-362301384,2107448972,460353928,-1484263247,395091492,1235737234
6,8,2,2,10407,-602554752,-462833589,1374180139,1503048623,-309828744,-324073785
7,8,2,2,10407,-650056437,-687942403,-1514606829,-2069677457,-478912140,1684032471
8,8,2,2,10407,-1319742424,-1941203820,973359771,-1918816995,-1086681519,1315093736
9,8,2,2,10407,-492995819,-79334838,1449191161,1015215242,147520639,1755088525
10,8,2,2,10407,-538465774,1154014050,462785764,536383991,224314933,881927407
1,9,2,2,10407,-2015267309,1127368850,-1724693211,-1102621322,-1052252710,1488051925
2,9,2,2,10407,909304413,-2118240452,-218611669,-584246805,-550544275,758063533
3,9,2,2,10407,-697327375,1754039436,117696636,528194054,-902272896,400877811
4,9,2,2,10407,-1686827703,-1915629186,187927860,-1427682158,1729586316,1652682727
5,9,2,2,10407,-1463124246,382709592,-926630665,-607318067,2092810919,725552471
6,9,2,2,10407,1356399318,832449302,-57852231,1695368737,-1805989155,557784263
7,9,2,2,10407,-2029117285,-834936002,-1880152933,-549479322,151268803,2081529431
8,9,2,2,10407,1963635367,984516353,1946305870,1299080510,2060771484,121660279
9,9,2,2,10407,-1944091225,1901837803,-1592454347,219748792,225372571,928882162
10,9,2,2,10407,-108608557,-1881724193,-1285936803,1946470793,1474417677,-1600163180
1,10,2,2,10407,1301913169,-268264741,-1044121912,466212245,-851687253,2005286891
2,10,2,2,10407,-2106054845,-1593982180,289161099,1780853127,1439272879,1032017189
3,10,2,2,10407,-262296368,-1853566276,1201157951,1046232931,-482041348,-1493733947
4,10,2,2,10407,-1153552106,409209079,56225427,850089022,-487813188,1730282605
5,10,2,2,10407,1164636180,-713389129,1261580622,-890584648,1259007622,-663346813
6,10,2,2,10407,-1743604693,-2104503496,1750472466,-1055358713,765147664,-55890194
7,10,2,2,10407,332745607,586942680,-541505801,-1907390848,1297458341,-652656819
8,10,2,2,10407,977991827,792871000,-972442465,-514717249,1218764946,-49813685
9,10,2,2,10407,494125472,-1304557360,1827959168,-1175296365,-874644559,-2005242065
10,10,2,2,10407,1688287550,225486595,1298365372,257836786,-840616568,1982442483
1,1,3,2,10407,-863010894,-184940616,498233900,-1272884053,-1747394325,-1241929789
2,1,3,2,10407,-1529566345,-381448141,-940006483,1872478930,1185425201,-2027505742
3,1,3,2,10407,-1235082209,619478024,1059445468,-1856654495,1517538900,216903866
4,1,3,2,10407,-596482003,73126685,-131967519,-1088679988,-1181453635,-831971899
5,1,3,2,10407,-819579634,1955653297,447317374,1204517188,-382370809,-79094448
6,1,3,2,10407,-1850946421,-1997584345,-1159105441,-510161861,-502943113,770568471
7,1,3,2,10407,97260459,-1203060083,-12009237,-2068819744,-918826602,-413895291
8,1,3,2,10407,454534401,-61864563,-1509419987,2104396167,2121660181,-1611850940
9,1,3,2,10407,-615126749,-1506791867,-1256781700,-1278759487,-471718450,1940960919
10,1,3,2,10407,72420927,636318238,1075281708,1175197117,-445994115,-355765387
1,2,3,2,10407,999096590,-331500664,-321258065,-377617511,406756999,-1795350788
2,2,3,2,10407,-1890504868,-1132943232,447746004,-847579087,-1056773466,1207510223
3,2,3,2,10407,548957377,-1020959538,2098062942,-2062014816,-1228631836,1959472028
4,2,3,2,10407,1892332091,-1014590669,-2011315887,-1798014234,864163769,-1780490195
5,2,3,2,10407,1207353967,-1739650340,-11479029,1604832033,-244387937,-1032973293
6,2,3,2,10407,762332075,875992253,-1708963305,1842225915,-482662600,-2064154357
7,2,3,2,10407,-391512727,76000709,268523334,375047816,-1198020770,1053755243
8,2,3,2,10407,2011614287,-444638787,-536332870,1486540574,1492254178,1530547606
9,2,3,2,10407,2064129571,2101233893,453363030,-773054894,-2055827898,2117743520
10,2,3,2,10407,102568128,2023134315,253225304,-1578423590,858818037,-423107037
1,3,3,2,10407,-1950375680,-1728668697,907366270,793927626,985274517,-1858712373
2,3,3,2,10407,1605444322,1953775803,420291544,1234579840,-1571380469,2102800009
3,3,3,2,10407,-813033719,1777318039,-536175282,-1228230024,-152583748,1940158048
4,3,3,2,10407,844915444,-1130044225,-1500467726,960952509,-443203347,1880567966
5,3,3,2,10407,998855993,707443547,-1375277688,1259842466,1835642203,908409002
6,3,3,2,10407,-1590441424,-404993041,2121674722,-964875375,-475891559,-452827463
7,3,3,2,10407,-952057080,1535277731,1964430636,2006464633,-1181532803,1169088366
8,3,3,2,10407,-1223659918,-878225260,-599426107,1398570309,2092550775,205979892
9,3,3,2,10407,-1477558549,1017146837,1638606148,-1947169629,1919608240,392725018
10,3,3,2,10407,-1795566583,-1919805275,1706600807,69056674,-547806730,-1449174988
1,4,3,2,10407,1291892910,1497017582,-1198843889,-781343986,2049140714,-102808864
2,4,3,2,10407,-917818367,2057717250,1137165874,-688255998,74998882,1342146652
3,4,3,2,10407,1766050524,295486973,-1475469305,-1252533749,-1178874873,664051
4,4,3,2,10407,644166498,-1178861283,395849760,-1255852922,-1172109592,1376612096
5,4,3,2,10407,471571439,-533816048,-1946147322,1570093524,-1317861720,-141012342
6,4,3,2,10407,1242601785,886324987,-1820506873,647441423,-89185125,-785395016
7,4,3,2,10407,-1156441311,-841003147,-1858929172,-563861197,990378441,429324683
8,4,3,2,10407,1318781335,-430471090,2087681618,256068974,335670844,-1175740205
9,4,3,2,10407,-1439756797,1141641513,-353300935,-1782882466,118770695,1487983565
10,4,3,2,10407,276113814,-67825876,1351028239,-1217309161,2046607198,126813604
1,5,3,2,10407,-293245068,-833380300,645985617,-1441001240,2096177423,502515543
2,5,3,2,10407,-1939985934,791542052,510026870,-489023705,2103109348,-1342237992
3,5,3,2,10407,-124454851,-1384972613,658419584,2136871987,-1112718314,-1340761589
4,5,3,2,10407,1627527704,-1800517021,-246453425,1657570461,-542459141,338871574
5,5,3,2,10407,-767076425,1887434785,-962272841,86218665,-745198122,1778361590
6,5,3,2,10407,171480319,-645379409,1022356537,-1487954229,-626962520,628721556
7,5,3,2,10407,-867439007,1336774047,-602773636,79341374,1345261010,-846341989
8,5,3,2,10407,-873671483,68733127,-140199427,-128298294,146159332,-1887955466
9,5,3,2,10407,572618145,-1975033987,872000773,593828245,1547781427,-1497999290
10,5,3,2,10407,1622887716,107868570,800802756,-1806815217,-975301859,1671263537
1,6,3,2,10407,1097091305,1977407860,-863659079,-1661516502,-1331890558,1709534591
2,6,3,2,10407,-354195204,1153028638,-1770396847,-1482873133,-1958228361,1295330880
3,6,3,2,10407,552996248,421298394,745521027,668612739,-531842088,-1887616578
4,6,3,2,10407,-1898791471,1932181332,-1913147165,536989524,696923825,520268437
5,6,3,2,10407,-281406691,-1931163294,-2117635596,-570085403,-1783578844,-311749664
6,6,3,2,10407,238616567,-407455932,-944149006,2045144739,961082746,-1451337951
7,6,3,2,10407,2140977222,1464456271,-1093978034,-210992377,-556412000,79815116
8,6,3,2,10407,1648755399,-979516839,-764115411,1534201339,989250967,-1861787839
9,6,3,2,10407,-1435713888,-368511228,561429152,2064989402,-1926306303,-109301432
10,6,3,2,10407,-991299902,693473261,-1659362998,1839464491,1382103597,-372723978
1,7,3,2,10407,-629682016,-1485249078,-1326476280,-1608646045,-1823030104,663562573
2,7,3,2,10407,-506239398,1538014322,-159932260,-205040123,1090777249,1447834838
3,7,3,2,10407,-941765297,-124124833,641290674,-1498178095,1901672181,-1904984142
4,7,3,2,10407,747552003,-2041448975,-1637957706,-44996126,2050588348,-1100452313
5,7,3,2,10407,690524622,-1296660585,632159806,28275277,490614078,-523884559
6,7,3,2,10407,-88339784,-711488241,1316674619,567687691,1208635541,-255752012
7,7,3,2,10407,-876215495,650696585,-653875480,2010320039,-528792619,-413183104
8,7,3,2,10407,714629279,-1273902686,-1773736067,-1484283465,-1660736720,-1546710
9,7,3,2,10407,295204739,-1838868319,1292629815,-1467159248,2117031061,-1849679982
10,7,3,2,10407,1888660542,-199036172,-2145854481,-1057743401,2067034888,731749817
1,8,3,2,10407,1586733786,595621792,-1178619815,1501093259,-1693220211,1928652230
2,8,3,2,10407,-1636541786,-710903807,-1418667673,420334007,-637797155,-1904213142
3,8,3,2,10407,-2091233413,-1373431356,737433517,-1736000003,-366567622,1347412166
4,8,3,2,10407,-1363357361,175130578,1277153557,207523956,-1283221130,-474884965
5,8,3,2,10407,-1505376639,1734363461,429302541,894810055,1563062586,-2104928446
6,8,3,2,10407,-293821268,-381970767,-1945465832,-1708261954,-512382497,540571614
7,8,3,2,10407,-63536775,-1212993087,973246567,-2140750520,1164435454,871453092
8,8,3,2,10407,-675546606,-792724011,881893981,690080200,-1363472689,49551110
9,8,3,2,10407,-365372867,-1390735565,481770070,1120890349,-375257058,-1353221355
10,8,3,2,10407,1472540982,-35038234,1705215029,1864540485,-1941632586,353330817
1,9,3,2,10407,1846624823,361428522,2023668393,-1057510240,-1668389257,-1496927977
2,9,3,2,10407,-440956453,526877650,-156499197,1929305263,-910705190,-513689977
3,9,3,2,10407,-329312863,32243088,104368081,1510298163,-1961708036,1399888205
4,9,3,2,10407,1157067874,108442114,1054077103,-905425652,-1424279974,-185448812
5,9,3,2,10407,1387941438,-376468567,-808468752,-1370513679,1724878597,-516648596
6,9,3,2,10407,-1407060674,-866630122,-1783188248,-150442880,513850461,-16634443
7,9,3,2,10407,1718669203,-114984918,-1206614664,2025594782,-421552288,-1227314294
8,9,3,2,10407,1023346069,-949967806,-1856966640,-125536642,-506331016,339884896
9,9,3,2,10407,855309127,-795022517,624435587,794398778,709993831,813248002
10,9,3,2,10407,1435237772,-1534607913,281694676,-800343391,1948267092,-1391277913
1,10,3,2,10407,1268063271,125196571,-248073399,175420213,1898488631,-1982513510
2,10,3,2,10407,-542780077,-1981810271,-521391946,-1631813426,-275597756,1720150838
3,10,3,2,10407,1007456750,398113200,-1316794481,1206709419,1398156864,667293710
4,10,3,2,10407,-2085759772,-1831725477,1465930584,-1813590738,1649323202,826145987
5,10,3,2,10407,1270012824,-861218592,-1156349729,-91001251,-563816501,-1774067508
6,10,3,2,10407,177028109,-861721848,-2091247739,-1337092250,1925228837,1040761617
7,10,3,2,10407,-59903900,1735678881,-1531520570,-60076562,1067528644,-1689593053
8,10,3,2,10407,-1698897612,173369100,-887087268,-1164485520,-300499245,1851658590
9,10,3,2,10407,1557278661,-283062564,1832783258,-706138249,1761484021,-38347808
10,10,3,2,10407,-660968469,1331070108,1001506468,1657201697,852302425,1627466376
1,1,4,2,10407,338096899,-1862160032,-1002963130,-238756763,528830724,1604810148
2,1,4,2,10407,-948311626,1983326741,-1265477580,-12037536,36671707,1249127454
3,1,4,2,10407,-1449966308,-945321959,167137428,1767934058,-1126892532,-1885528973
4,1,4,2,10407,191189041,179378999,61615273,-574023239,63025546,-1712526484
5,1,4,2,10407,84415855,1463506623,-740234890,1062513957,2053975772,-1661120720
6,1,4,2,10407,-652667391,-242467074,-2078970734,-646312658,-2138242625,-376351568
7,1,4,2,10407,1330729335,-391412217,-96911817,29054999,-156800306,1823535860
8,1,4,2,10407,1806559223,-1904351093,1682631735,136986828,1634799631,-1119266288
9,1,4,2,10407,682757645,2103396243,-185565319,-1519609203,563616108,-492025897
10,1,4,2,10407,-1380737248,801846831,407957148,-1908828700,-133962588,1953023474
1,2,4,2,10407,-1678477972,-1778247597,-921974535,485742636,1366684612,-1351865882
2,2,4,2,10407,-1432938650,786186634,-1703944214,1967653564,-238741683,245229965
3,2,4,2,10407,-52030746,86548737,-130591599,-1756309367,-2085517267,-495499053
4,2,4,2,10407,2072537345,-345591425,-1314382075,1214097134,-129228242,-428306286
5,2,4,2,10407,-425395302,-787929380,-691760194,-1543290919,41868706,1416658347
6,2,4,2,10407,-868513909,-1530896486,-1224450885,622453047,2026010548,769424367
7,2,4,2,10407,-2018951323,-1350540764,-122384956,499628386,1847167399,-1229852806
8,2,4,2,10407,1830530192,2002767641,-2025785291,-1500266311,-708290073,-1174458754
9,2,4,2,10407,198067251,-2047333930,-283883090,-299206838,-85588519,1435772228
10,2,4,2,10407,-95062863,-2137183182,-1043004912,446238474,-654172846,1460203671
1,3,4,2,10407,51015370,746879473,-2014178718,-523801971,2004922476,-829068915
2,3,4,2,10407,-2076243542,1119458201,-973851963,1736421738,-268219632,1793781663
3,3,4,2,10407,-30650971,-87165800,-1266544389,271918170,-1659852509,1335551482
4,3,4,2,10407,846932981,-2108031671,1499566221,-1407499641,-1915742945,-509931763
5,3,4,2,10407,-1562734597,-1132708005,1837449469,-2030987026,-1110809354,-849559538
6,3,4,2,10407,200570036,1340542738,518199146,-214610376,1104830405,1966827303
7,3,4,2,10407,-661505698,-2134817601,-412183239,-924742651,1170967144,1974234718
8,3,4,2,10407,-149993338,-1384486547,769807784,1345413006,2011380206,-1937366428
9,3,4,2,10407,2094419873,-803832748,-863580318,1282193469,785097493,1016182799
10,3,4,2,10407,-1862162490,-888791186,-1561411293,428888224,567184954,193766511
1,4,4,2,10407,1269929225,961114351,-819625571,482453112,1053518005,696817625
2,4,4,2,10407,1254867600,-1711081993,-2003700190,-481067288,-87766300,378281342
3,4,4,2,10407,-2039971762,-1550124520,82747823,1912680963,-174059817,1832043554
4,4,4,2,10407,1003915556,1591531727,1578694173,517399266,-1266200722,-969147367
5,4,4,2,10407,-1181880507,149115660,1102896012,-988598291,-828694246,1899095587
6,4,4,2,10407,-1570861066,-498667562,-133787262,-2065851844,-248307012,-11069781
7,4,4,2,10407,-829069570,449063613,-1353342599,1811525036,-1890155293,-707803055
8,4,4,2,10407,205142311,-180500190,392159073,1175490864,-1108256405,-2059897965
9,4,4,2,10407,-1453634944,1843749964,-932909865,948724302,-1168090843,796789034
10,4,4,2,10407,-788423094,1081377393,-242815725,620338380,163439394,1325664881
1,5,4,2,10407,-605029794,-2134720161,-1092041805,-1386373632,-1239975862,-159940512
2,5,4,2,10407,199402777,-265310918,-1492285511,1499567072,-1939456218,-1188693553
3,5,4,2,10407,1232427232,-711685509,483887369,1909842429,1524134182,1405589743
4,5,4,2,10407,213912249,1303896208,-860160479,-495744983,-1566071411,-965697525
5,5,4,2,10407,1307214629,-96119880,1024834328,397016710,1269616073,-1292104131
6,5,4,2,10407,-1081096987,1534168360,-1524153593,-2101278742,-376867586,191560887
7,5,4,2,10407,1830367785,-1293286985,1859996704,1718571678,552424781,786586458
8,5,4,2,10407,-1182044983,-1654537867,-1916137569,-290209161,437764678,1521037051
9,5,4,2,10407,-798657771,1932061229,490125380,1999079462,739743678,1679307478
10,5,4,2,10407,-1140371222,962887984,1635179747,204695272,-1971639919,-22284959
1,6,4,2,10407,1233580688,-760662809,2102611902,1939018981,-876691482,-880382662
2,6,4,2,10407,709788789,61538514,286262156,-1571624259,251055400,-356012196
3,6,4,2,10407,-1128304114,2081684965,1673417161,-815784460,139837577,-1080756525
4,6,4,2,10407,-1330935605,-921762747,644792716,1347300875,-824892010,-1312595964
5,6,4,2,10407,-483758120,-510251257,1724237445,-1850064836,-32993964,1389752990
6,6,4,2,10407,-612181131,1738705165,-982160545,-1941166418,519125142,-97049872
7,6,4,2,10407,315096301,-1949161288,-1021658828,-668548593,-1374403631,721363748
8,6,4,2,10407,212069768,-1815167876,-1795441036,1670178765,1497486252,1979409340
9,6,4,2,10407,-71296861,-497596862,1120978766,1171987165,-1347360792,-1792986161
10,6,4,2,10407,-673368976,-1916222972,927313485,1545362039,470907998,78116124
1,7,4,2,10407,-1478448650,193967399,-904536771,-93049125,1975278641,-1794450252
2,7,4,2,10407,1838208379,57491619,1681612654,-1718571031,1871798637,-416464017
3,7,4,2,10407,-696110174,1573927180,656450926,1951954733,1370639250,-1053662075
4,7,4,2,10407,-1862823821,1216523806,210019670,-1912624616,2029494824,-277972733
5,7,4,2,10407,911500672,1102469116,-1436793936,410176690,1128949061,12838817
6,7,4,2,10407,-784957933,-389180594,1569883022,-1422661339,-178162108,-80860665
7,7,4,2,10407,1157873047,-1009225070,-2009190014,378796263,867645684,-190807821
8,7,4,2,10407,1041669279,1956389704,-1025579771,172291149,-1661729220,1214835733
9,7,4,2,10407,-1291702874,1634200131,14837665,1291048058,1008277674,-1791570612
10,7,4,2,10407,-1398514450,-779800031,-1464346251,1581220712,-267210406,2097063126
1,8,4,2,10407,-634146658,61601322,1259246261,-1573821646,-1269534971,1086646169
2,8,4,2,10407,-1437062737,-1033267820,97485609,1118240456,-1760661641,-592139379
3,8,4,2,10407,-917122628,-278992216,-1536898759,1093155528,-683473932,1821902486
4,8,4,2,10407,-170216805,-663677837,-1130549705,200077357,-1112433727,-1800550737
5,8,4,2,10407,149208483,1937368943,886490918,-2056744004,-1344037590,-912760470
6,8,4,2,10407,-1158732202,-70449383,-1837058804,66387199,168679477,558398943
7,8,4,2,10407,-1187951704,843571552,51720793,-1363460096,1320067138,1323869030
8,8,4,2,10407,-2096309433,339516886,-781017538,837199367,1652843823,-1338951235
9,8,4,2,10407,-1684264122,-1434309607,1572556680,316126613,-2039256398,138769167
10,8,4,2,10407,-455555361,690405430,-621926485,1492932904,1126442676,1409561553
1,9,4,2,10407,-592749881,-812278407,1014262667,631816193,-2114880063,2110262824
2,9,4,2,10407,-2049377635,-288903990,-700000557,-1119109130,-1396865262,-42392385
3,9,4,2,10407,1253926134,252996778,-1538032258,-1421518492,-709628121,319539154
4,9,4,2,10407,1880640679,-1215212582,1604967238,1634267576,-2115909996,-182185517
5,9,4,2,10407,1093722806,-885885865,1961271076,-867280446,1935264159,-950578859
6,9,4,2,10407,-1590247420,-1791247704,-2009829896,415998832,-1984737906,-2048672878
7,9,4,2,10407,68383736,-175194374,-897916875,1292283558,208333554,878578967
8,9,4,2,10407,550089807,-1553801763,1336866978,-377921350,-874305765,-112183713
9,9,4,2,10407,-2075194720,414323757,-1086722976,-1412411933,-199108824,-1079013539
10,9,4,2,10407,1525255214,1372340554,1321763197,-774453692,135187822,-819789970
1,10,4,2,10407,1276525424,-2071604467,-2009431809,-1408241873,1526176503,1285397132
2,10,4,2,10407,-1887375725,-1612922716,76526940,821925792,1135699503,1197331014
3,10,4,2,10407,-1444908054,1552181897,-95365312,-1069825773,1015748602,307203628
4,10,4,2,10407,810079924,1648615386,-1343143299,-1051325850,-1941545244,-2106504010
5,10,4,2,10407,1439864602,-1706352590,1508982372,-1292346086,942819204,-784816355
6,10,4,2,10407,1279830872,954464065,-976998038,-1078200865,391557183,-390002787
7,10,4,2,10407,406864896,1209989379,-464492912,-528724061,776862625,1986967827
8,10,4,2,10407,-1072580403,-526221510,-1010648780,-258181419,-431540181,-2031126451
9,10,4,2,10407,-551572190,-818572847,-811451575,1286885063,1954418464,-1956586407
10,10,4,2,10407,-214713133,1074453358,1068995733,656644930,-130872437,-946162135
1,1,5,2,10407,-1503534237,270463358,-511435693,813281159,958696781,1499759352
2,1,5,2,10407,-1062483236,-1415333893,-1730372142,491636217,-1665230431,-93538755
3,1,5,2,10407,1500127311,-1914667229,-381418268,1594049278,-890280691,-1824620003
4,1,5,2,10407,892302531,616854597,955219920,966958900,-848387077,-752808575
5,1,5,2,10407,524437593,1907670731,1449150920,552922193,-1069154016,853033985
6,1,5,2,10407,1292380501,1964618447,-40291669,2108565433,-617140527,1305141497
7,1,5,2,10407,-632960816,-2068860301,2102930465,1438560766,-1005463729,-1007668324
8,1,5,2,10407,1113153464,-430808663,-1381536239,2037279027,-2028671662,91982325
9,1,5,2,10407,-1535816475,-895554231,-346974167,-1695378589,355203236,836517694
10,1,5,2,10407,-1778841143,-948519724,-1434688076,7773248,-1994307535,1514430768
1,2,5,2,10407,-2139411230,1842578936,-813538949,20523230,-1609908545,-1488737501
2,2,5,2,10407,-710877087,-1225713471,1404740495,1718344702,-1679203300,-1381049316
3,2,5,2,10407,1498909076,-1608999643,-529728524,-841862992,-336279957,-982357905
4,2,5,2,10407,-1725895232,1912197753,-1036636585,-1695206284,-477847712,-428385042
5,2,5,2,10407,659909477,-132123522,-1725024207,434594652,1723324638,1702710444
6,2,5,2,10407,109072193,-2063659338,2077578892,-1040833879,1885654321,-1813559847
7,2,5,2,10407,-1387685872,214484982,2122320858,-237301884,557624488,1848594625
8,2,5,2,10407,1114812722,2106141729,716811609,-564700845,-509539623,1173304993
9,2,5,2,10407,-1404422839,-509404019,710580681,-1494849641,-323072429,-1731957791
10,2,5,2,10407,183366541,1421801384,-1032700829,777822658,1905320768,-1267474656
1,3,5,2,10407,-684402368,1366110899,1560047490,705150962,-851249313,477440201
2,3,5,2,10407,716644799,2080631590,706581687,238574383,-1699635846,-577339322
3,3,5,2,10407,27355434,-1373801984,1870986544,-1689808507,1790823603,2043784494
4,3,5,2,10407,-1281448707,-932826465,-1130345570,-36450427,1559957630,129400374
5,3,5,2,10407,985280414,-1318900374,-1851378167,-913448070,1019439916,1650704512
6,3,5,2,10407,-147869952,-1548954910,-1992150958,-635275364,667395407,965956451
7,3,5,2,10407,-1848402211,-1957153810,-1217260998,831261358,-1708354346,365118181
8,3,5,2,10407,128928242,-1467341354,1560351100,1017440686,785332049,1577868531
9,3,5,2,10407,-30930458,-328306630,-794778318,1522198099,-858153065,187348063
10,3,5,2,10407,1483209048,2013374500,145901387,1229231215,1812977018,-1635965893
1,4,5,2,10407,-791505922,-264095423,1963794998,360754128,261875022,1679780395
2,4,5,2,10407,-2123627799,-1968206757,-1832439081,-2085683297,250203480,404055511
3,4,5,2,10407,208006984,773918904,1689446955,1249008361,-1418044176,-1502659277
4,4,5,2,10407,-1474442407,-857492194,533333084,-2107963516,-1152318023,-936164410
5,4,5,2,10407,1320103366,-2104407809,731983305,-959055844,1842290759,1649363711
6,4,5,2,10407,-331127566,-1899893847,-686627620,-968304072,1770494500,1100370949
7,4,5,2,10407,-716228326,-1869870188,1653228412,32574145,-1646589750,-2145267615
8,4,5,2,10407,59015353,1909300234,541632199,-655769384,1078982031,1867766962
9,4,5,2,10407,-312333644,726054558,896011476,-1253147071,-2002021887,2090132842
10,4,5,2,10407,-581086501,568299764,-605945778,1977355492,709923438,738416319
1,5,5,2,10407,-67189145,-235109057,1413826968,-1528555236,-1917056391,706345021
2,5,5,2,10407,-2127293754,-1404275667,1408633572,-1625771000,1275353015,-1160980603
3,5,5,2,10407,-887119007,-744620171,292521254,-1971427748,1522173126,1293557395
4,5,5,2,10407,1693850288,50062468,-297276954,-696329500,-2008775269,1304245523
5,5,5,2,10407,536426945,-1061846019,2089529338,233579610,-1875953553,433180836
6,5,5,2,10407,1575421738,343768274,486571901,-983634478,1733630973,-1565266523
7,5,5,2,10407,2052401554,1262023298,-2028745833,-808989421,-1022003491,-1883335575
8,5,5,2,10407,548011594,-46522589,-757147246,-679380742,1407207890,410030022
9,5,5,2,10407,1031269853,-1247854705,2005012399,789485516,608464034,2087055785
10,5,5,2,10407,-1524166500,796667139,2121216265,1381652693,-1174487754,1615135844
1,6,5,2,10407,-1346008657,-1195498599,-1084213112,454181620,-1383840886,-498631421
2,6,5,2,10407,1061491234,-2100564523,-1401075227,-73066143,2029889651,-1674734562
3,6,5,2,10407,-732023997,1488103250,-2102409347,-1996171542,166017177,-2050745816
4,6,5,2,10407,1624290416,687367060,-1331333705,-1153263315,-592314849,-1744369607
5,6,5,2,10407,-1466038996,145660208,-1904110043,420851394,70277647,-2100925151
6,6,5,2,10407,-74230054,997745400,1102532725,-1814414579,2139142757,-1135634102
7,6,5,2,10407,2111238739,1701163968,1759800003,-1552900143,679055050,711117205
8,6,5,2,10407,1580430402,1540838020,-65165123,-2106429845,-1537127341,474207441
9,6,5,2,10407,-715339893,991224663,-61157377,203052184,-815312725,-884049726
10,6,5,2,10407,1596129852,392005960,-1015800723,-1065118029,-1271179262,541678217
1,7,5,2,10407,373354676,-1041777120,-2090600089,1922187565,185343669,-502238819
2,7,5,2,10407,2131037339,1426630530,-410352488,-1709664584,-1611939200,1234202146
3,7,5,2,10407,-1402195398,581740514,539928004,-1807391108,1874655666,95617268
4,7,5,2,10407,1904605762,-748477720,903497086,-931328006,418184739,1968397569
5,7,5,2,10407,-1624358440,-702678028,1794584414,1162115886,-68424682,612826375
6,7,5,2,10407,-1260217395,735820231,1993426980,682375907,-1917238621,1395690007
7,7,5,2,10407,-1671354470,-1998364581,1140474328,-1634723339,133267870,-846111414
8,7,5,2,10407,-227601819,514243542,1869696277,203612645,-1684770083,-1205894331
9,7,5,2,10407,64414741,1767348471,-1729835810,-1629697523,1739926306,1253007905
10,7,5,2,10407,-1928772269,1114880670,1854650816,1171462023,-54983692,780806027
1,8,5,2,10407,2081546256,-3490264,1417885515,1559323773,281901184,-103599943
2,8,5,2,10407,-1407696745,343327012,-2049295179,-976476294,-540789835,724929578
3,8,5,2,10407,1696019058,-1051334511,457075393,-1683731534,505862626,-1578888989
4,8,5,2,10407,184288773,1494291717,-1406949305,1210625733,-1647213862,-1593438559
5,8,5,2,10407,665570586,1201197631,305047164,-2040854373,756445293,958949331
6,8,5,2,10407,1707766317,1518372607,1451283815,1020157300,-1801251632,-1969900922
7,8,5,2,10407,625664649,-613476364,-151978841,637274993,-1714121090,2141069621
8,8,5,2,10407,-871788615,329451213,-1279292559,1296707288,-1948303599,-67645274
9,8,5,2,10407,1855643317,1343657246,141359913,464956722,576824116,-1592017048
10,8,5,2,10407,-813057613,-1745665468,-385489418,1646826640,-562675139,2071265710
1,9,5,2,10407,1359666794,1261328907,26164690,1717697997,-1518508221,179375096
2,9,5,2,10407,1975781852,-250810676,-2134886069,-1602866343,-819390614,1569560515
3,9,5,2,10407,1959293996,-1574164265,-1353300437,624108570,-284587957,-504765277
4,9,5,2,10407,152008232,2043297725,-729146777,224112655,-1799105627,1366212445
5,9,5,2,10407,-259524094,1521017995,1401754698,-1122126399,871061484,-1616091022
6,9,5,2,10407,951881637,-1778007066,-33014162,1312844858,-751980428,1231390205
7,9,5,2,10407,337333542,223140526,-194206319,114350478,137791294,-535002389
8,9,5,2,10407,-1532413797,1162355721,-1552812779,-354971191,-1347316784,1392675727
9,9,5,2,10407,-885620599,-2037646317,-734530539,766304670,1400864706,-145874972
10,9,5,2,10407,2115130689,939326416,-1459594892,-2103044964,1591275849,825636600
1,10,5,2,10407,-524823395,51492089,1856508485,-911042354,63387680,297071838
2,10,5,2,10407,-2102013197,-1328213661,569819650,1736420550,-1072524730,-229531283
3,10,5,2,10407,235628588,-640434027,-889977313,1840528709,-2093436937,-541276369
4,10,5,2,10407,-7341194,-1519156374,-1578543652,-52039876,-1196279806,-1614028339
5,10,5,2,10407,-1587529742,-1468607828,282473739,-648080085,-693742586,774483950
6,10,5,2,10407,1695360393,-1333889655,616720716,586745837,889957931,1510506649
7,10,5,2,10407,-831656057,778280391,19461129,1897804112,594495570,455254156
8,10,5,2,10407,-143865500,109624008,-1165364043,1467365834,349056968,1822590972
9,10,5,2,10407,557430764,931444590,240724912,38231193,364157472,-1857669320
10,10,5,2,10407,1885334415,-241119264,-1869826754,-2092515061,-2115107096,1736628329
1,1,0,3,10407,1392928851,-1456694893,-1597515771,1346005007,-1392572211,-1990986300
2,1,0,3,10407,616222537,-1415697794,-1452976003,1266889789,1085847697,-475731944
3,1,0,3,10407,-1792485051,-1262168698,641093006,1011523075,-766857158,-999605388
4,1,0,3,10407,-1115547823,-11699792,1615153852,1569977984,-102391939,1081112481
5,1,0,3,10407,-872676436,1511733483,-1322901990,879377977,-948418198,124098752
6,1,0,3,10407,-1349377530,12198694,1102151632,716854752,-996269102,-541633469
7,1,0,3,10407,1578153719,-1899750922,2033420103,1774509275,1350615393,-230008546
8,1,0,3,10407,1528902575,-1359956926,-1514721796,-1193306672,-821092669,1117339430
9,1,0,3,10407,-1786685384,-140559732,-764536657,-9105040,1104905662,-1315184861
10,1,0,3,10407,1894179929,-1051602671,-511561853,-806858347,2119070981,1946973266
1,2,0,3,10407,-1122685687,-759429029,-1291585044,1196180272,447540135,-1928591753
2,2,0,3,10407,-115043011,-45268450,712981091,-1919085245,-721244075,82542625
3,2,0,3,10407,2040862676,1789699451,-1819425382,-568982152,2025806287,1773539163
4,2,0,3,10407,-1497197317,181859775,-1087185892,-579656939,-185989831,195829072
5,2,0,3,10407,-717270531,1360227182,2089480485,-1132415317,-1199756503,1352499811
6,2,0,3,10407,1451210271,-2141730124,-1445156177,-1807468393,633179962,1846998145
7,2,0,3,10407,1550039356,1246596654,-1086238756,-432677759,844120450,-1831713677
8,2,0,3,10407,1381278081,-778066421,-1953988083,-1282281699,-457054393,-1626572449
9,2,0,3,10407,874396962,986536540,-1567960254,-1232113286,1969416881,-1941171146
10,2,0,3,10407,1453201031,-1440240210,-97189539,-970537074,1094225164,1183842492
1,3,0,3,10407,1696443983,1985896838,1553980587,-481174381,1350923590,-559566730
2,3,0,3,10407,-220131909,1309870966,-475828793,1997836674,-1482496714,1459075310
3,3,0,3,10407,-1599455121,2054089972,435198312,-2004178529,1778840958,-486226505
4,3,0,3,10407,-631558181,-1346612495,1631092953,280553519,-1722395541,201720833
5,3,0,3,10407,756657125,125540975,33135727,46605824,-2025827617,1327794772
6,3,0,3,10407,786443786,862238047,2027045105,258899315,851516162,407612524
7,3,0,3,10407,-991909132,-75892694,295361255,-1948364796,1154824869,-1113828139
8,3,0,3,10407,1899871792,1451112583,861872015,1928641450,266394570,1907954391
9,3,0,3,10407,-964739477,-1152436823,-1141767459,634362566,1279852244,1710203303
10,3,0,3,10407,1809393673,-762877561,163346548,-873119703,1402758707,-158039145
1,4,0,3,10407,2011145704,1855541598,1462296557,416605053,-1659724315,-249966413
2,4,0,3,10407,-676471495,1961366202,-2075073340,878161096,-511462307,2030771310
3,4,0,3,10407,944770203,1801045515,-312997736,-682390491,-1209134547,663214963
4,4,0,3,10407,-1377096450,726649005,765604733,980377766,-1644854771,-673237842
5,4,0,3,10407,-1957758841,466794220,822572420,182325534,-1457836071,1009780844
6,4,0,3,10407,500686250,1930804682,-265228522,-537452388,858119226,-1006210226
7,4,0,3,10407,-746578878,837677312,-1552469416,168029055,558401343,-1728843592
8,4,0,3,10407,-90239976,629138320,1531747780,2004451526,813244946,-1280134700
9,4,0,3,10407,-669278122,-242324005,-1817437951,70943060,581385878,-577469327
10,4,0,3,10407,-308110701,611672507,1298731415,-994761378,-79576281,1634552261
1,5,0,3,10407,-1035676876,296853821,-387964734,1962704305,-630364887,243185826
2,5,0,3,10407,1118617009,1236133089,1294216431,-1268100634,1770262367,-1240539360
3,5,0,3,10407,1984869071,212009790,185801936,1657358039,770458707,1012137044
4,5,0,3,10407,-688885502,172302223,-936595684,-1168752126,1609995694,2129662856
5,5,0,3,10407,42650761,1319123672,895081363,-2124253052,-325287800,-1351767378
6,5,0,3,10407,-1911213484,2071244958,217935137,334560209,1185033584,125635789
7,5,0,3,10407,950695487,-1083875627,387566439,1116408715,-1629513628,-29061853
8,5,0,3,10407,164263618,-1994859757,343361906,-209485544,-2034290406,1968067818
9,5,0,3,10407,-175052009,-1104332694,2144368928,-1513065816,2096531538,2137711148
10,5,0,3,10407,-763363193,925196622,-1749489229,-1377766736,1867448551,-1310165298
1,6,0,3,10407,778487823,1934644368,790502120,158769775,1781443463,-248226626
2,6,0,3,10407,-320184647,-1091388938,-1020302161,-242442463,-1148118946,618913568
3,6,0,3,10407,676139518,632091690,76691618,-564479083,-1033799314,1617114671
4,6,0,3,10407,-929576407,-1314459171,-2037885713,1492802260,249577995,1288111924
5,6,0,3,10407,767979674,1706057647,-863801292,-1156117353,287923754,933315880
6,6,0,3,10407,-499333045,1113831683,-897370319,-222532084,1085465915,866790751
7,6,0,3,10407,-1971876934,2119958299,551646786,1407857270,-367830584,-456978058
8,6,0,3,10407,1463938482,1798732795,-1709950911,-685611859,-863295453,-792013757
9,6,0,3,10407,-1864232435,983099577,-611700024,-1825191461,-143892162,-458728219
10,6,0,3,10407,-1005794969,-1738511261,1421346084,-1319675851,1183069730,1817230413
1,7,0,3,10407,221693617,-1776190902,-1490312531,-1390443709,320385830,1482368000
2,7,0,3,10407,541442515,-1269070407,1553818809,-733597528,-27814981,-1156180244
3,7,0,3,10407,-1376471050,-1588191473,1646759848,-522649265,-806131288,-2142957363
4,7,0,3,10407,-981485989,577097148,603391882,-68393439,267213274,1083502589
5,7,0,3,10407,-663969470,-1673441591,194414010,1197841678,596032597,104107198
6,7,0,3,10407,62452040,880157774,-2064902255,1481211624,-960304872,-1590816314
7,7,0,3,10407,1803003386,1073497969,1208081842,-211033582,49964259,-1209150799
8,7,0,3,10407,1107065649,926262110,-887980632,144548682,1625592761,1104479340
9,7,0,3,10407,-2112871458,-962395167,370622754,-256044853,-322861949,777056791
10,7,0,3,10407,1660550586,-1070823944,1543181425,-1408573899,2084507898,1371401455
1,8,0,3,10407,-264244590,581489648,242377959,-104846786,1222670662,-1052066338
2,8,0,3,10407,2109872500,2118684792,-1002118917,-1705609703,1809307197,-180331838
3,8,0,3,10407,508335074,-1878716656,-468132478,-399769619,840106465,1651467464
4,8,0,3,10407,-685915264,398744244,-1189581662,-1875614037,-1771387651,1659543398
5,8,0,3,10407,-1157677925,136615648,615998465,-33026243,297119022,-1691757379
6,8,0,3,10407,236832773,-1388956647,-1522071266,1965327642,-1462444555,476094874
7,8,0,3,10407,-1217312424,-994060817,-460264284,476238433,-1389938339,1207951141
8,8,0,3,10407,1952924966,1548709178,-907037910,1289800621,-325993230,1509421292
9,8,0,3,10407,-286752486,1230307155,1944708131,1395516524,-1933071691,-162100053
10,8,0,3,10407,597584207,-906091773,2011231765,470699733,587972705,-424388547
1,9,0,3,10407,-373713984,880758854,1534717549,743442227,-1499308475,259848616
2,9,0,3,10407,1963376419,-656222516,-1730137786,1372123101,-955583465,-1741498815
3,9,0,3,10407,771393717,-2097328102,-1556721480,-786069156,-1421092646,2049798243
4,9,0,3,10407,2060828378,1724362847,863168450,1949466688,504922164,-1818538707
5,9,0,3,10407,-274037152,1693924644,-1666833474,-688828148,-2028172158,1420558565
6,9,0,3,10407,1166865383,204316208,1630735891,-952782703,-656515307,-780199483
7,9,0,3,10407,-580781857,-1342815229,-188367623,-719040882,1324916337,-178942150
8,9,0,3,10407,-847730178,1091230150,-513544448,1140703998,-859925193,-462415918
9,9,0,3,10407,1291830585,-349170087,-283494345,-409496825,1802017697,109085175
10,9,0,3,10407,-300780422,1945640143,1218718114,-155163315,848147740,-329721814
1,10,0,3,10407,-904625860,-1090361056,749134728,-1823903207,-270417686,-1781516152
2,10,0,3,10407,1254333340,1040867294,1142808779,1862575182,-508725221,-238154680
3,10,0,3,10407,2095944886,2022375280,1724823569,-1883907486,1670428785,1385282958
4,10,0,3,10407,-1809478601,2049485078,1768997755,-1697738487,528162504,1629672108
5,10,0,3,10407,2124575443,-1195174317,-1713099131,1541376535,25059380,-1045130741
6,10,0,3,10407,-1096243524,-1940086961,-1881201250,1174146066,1602356458,1262794988
7,10,0,3,10407,-840260510,1456154765,772878986,-1262227340,-1798440381,1188493533
8,10,0,3,10407,730018157,-153283444,1242171820,-757856584,-1425967887,-2055966507
9,10,0,3,10407,1610824213,-1835082842,-18760771,944964014,1800940706,-149651762
10,10,0,3,10407,1137091024,-1071269139,959373266,-776346935,832966493,1856474061
1,1,1,3,10407,-1221610652,-1710341065,1950048546,2055029041,1433485632,706209452
2,1,1,3,10407,-2035066330,-46458040,1391891228,2001975823,-122100614,-1571517485
3,1,1,3,10407,1307205254,1192427891,-123585013,-409494194,-1678321706,1477909474
4,1,1,3,10407,-672697523,1723569239,871332236,-265112843,-431136889,1107778358
5,1,1,3,10407,1384626145,-236987113,982629247,-2103675634,1786448712,1906114736
6,1,1,3,10407,2023716174,-579410206,965150867,890207797,203372784,-328438424
7,1,1,3,10407,1626424417,1828214480,-1267508624,-1794423655,238811114,712619937
8,1,1,3,10407,-1610000874,1841352553,-107642714,648212605,1115707707,-1104374637
9,1,1,3,10407,-1285446525,-2091036355,-1198827208,-2090409977,-1880680314,1578234805
10,1,1,3,10407,-11404643,2142939949,-267605566,-267174013,-1788933427,32487492
1,2,1,3,10407,-486954797,229607231,1292061517,1869826091,93606470,-1271310208
2,2,1,3,10407,1576253129,-2027463767,-1777223574,244367082,954580671,-1030846776
3,2,1,3,10407,-1688470207,571695294,1609713469,-4555468,-1204593364,-1411148317
4,2,1,3,10407,-1684024980,85664725,-1039122495,-508820943,-1410664738,1472184423
5,2,1,3,10407,460354,-1249148900,-1944989315,2076502154,-397903163,-1284244359
6,2,1,3,10407,-919436362,1934358653,-865917005,-1535438436,-1571101767,-1809972659
7,2,1,3,10407,124069579,1438197763,1858299270,-1424177045,1584055483,-2017331511
8,2,1,3,10407,153668184,167406088,1330037227,983916902,-333236128,1996487278
9,2,1,3,10407,977598380,998731305,832924461,-242664932,-1273840193,1521507178
10,2,1,3,10407,-1251397659,-1386350135,-671533198,-460125479,-1809581562,676973999
1,3,1,3,10407,10066592,-2014725582,-584287623,1272520122,1039934598,-942879609
2,3,1,3,10407,-512360005,-423969211,1796856062,-841308670,-606438569,-128996342
3,3,1,3,10407,-1856791519,-1726626538,-836894437,-52680232,705188944,104858831
4,3,1,3,10407,-1951376647,-1499777509,1608938250,2115469396,-988431321,1685563822
5,3,1,3,10407,1505286362,-1337321605,-1345785122,-2048526821,1593040411,685895131
6,3,1,3,10407,1999779701,-1850154000,835897964,663924598,1037051122,923841604
7,3,1,3,10407,-1538691157,1946060168,1486426963,646613959,369077014,-312819431
8,3,1,3,10407,-1809438967,-2032273871,284557713,-1876262365,1489549014,1991168477
9,3,1,3,10407,-128194107,-284841498,839850761,803104912,-646156748,-1010148427
10,3,1,3,10407,-2014660973,1698613662,-9686896,-324921280,1303836253,850519837
1,4,1,3,10407,466575720,-1004415499,-1118480212,-1573477721,-1921561599,-1464671463
2,4,1,3,10407,1618931575,598517830,1209537929,920340628,-865074559,2044539876
3,4,1,3,10407,1714964875,1852541082,-1595345753,-229874905,-642552850,94700010
4,4,1,3,10407,1493037812,1460162794,1380617496,351090279,-1165713220,-991462264
5,4,1,3,10407,-2095328381,-1753079348,1089721807,1681282471,-1559810082,-415409775
6,4,1,3,10407,-94920217,2083027355,1819913282,1232520308,1643977414,-2144222093
7,4,1,3,10407,-1901642911,1136091772,-67730809,-2010371958,-2094124404,-1264044018
8,4,1,3,10407,-517463724,1475993747,-1122021744,128608008,155519508,1329844493
9,4,1,3,10407,-1154426673,681358442,866092221,1575604173,-889509212,-85407404
10,4,1,3,10407,745208621,769111115,-666625994,-201531939,105600559,1873904659
1,5,1,3,10407,-1353411928,2106263281,-1243415688,-539106546,-1752065696,-1777147068
2,5,1,3,10407,471096488,-379082882,1122471561,-1706448359,-997321776,306726135
3,5,1,3,10407,-295683063,2068015163,172937736,557149183,99414006,-104300431
4,5,1,3,10407,-510899978,1324777134,213823029,386853024,1351534275,-380076732
5,5,1,3,10407,-115808904,2041055556,2103536248,678797983,1009186248,-278204053
6,5,1,3,10407,281993227,760211283,-1819740486,1133936155,1020840998,1777750844
7,5,1,3,10407,-941453822,2132734257,1994211980,-1200642088,283858859,1122935426
8,5,1,3,10407,-1196609841,-1544708532,910349678,-1041138811,1387148095,-2139983902
9,5,1,3,10407,-351407402,1098502147,769643129,1621352186,1132878243,1158002278
10,5,1,3,10407,-581233188,1765475215,-855550322,-39135288,-711530281,2078714630
1,6,1,3,10407,-515478559,1221338075,18913645,1756757445,2081164591,807009011
2,6,1,3,10407,-1222479594,-327168735,1990889400,-1945235033,425474147,-1054050050
3,6,1,3,10407,632681358,-58045232,-1249044390,-1546350621,1375233931,116484947
4,6,1,3,10407,1709491404,-542317330,-109547225,-1110695848,-1775920330,-1165529508
5,6,1,3,10407,-1724056331,-483841786,1534083243,-1729586840,1347962792,431834315
6,6,1,3,10407,-1984106597,1548887448,-176035691,1884088378,383279235,-123282894
7,6,1,3,10407,1890304183,1906955312,597186118,-831140242,-1316992699,1298024638
8,6,1,3,10407,-875696599,-1433818716,612752607,1197598510,2098926194,-1884205538
9,6,1,3,10407,-662135284,980437047,-820191629,-603516389,586818617,199876738
10,6,1,3,10407,-965944241,1997708928,-119714462,-1530167135,1332200256,-1691974769
1,7,1,3,10407,-1640183322,-815318093,-2005312595,-424460135,-2136587084,1032425658
2,7,1,3,10407,-329223956,87871438,65101381,1360237497,30493467,1610073838
3,7,1,3,10407,-579314946,320932046,-1623596436,-1539354505,23582231,-1523685300
4,7,1,3,10407,-1304143316,317282374,1045310428,399657335,-354760387,1665366542
5,7,1,3,10407,-1404827852,-1139940102,911597344,969674269,-1537631243,-683661941
6,7,1,3,10407,-24771842,-595124717,713762417,-1864921879,-1104618890,1310271449
7,7,1,3,10407,-1812225512,1652341958,-1150513379,-904113723,-2037351073,-201346675
8,7,1,3,10407,72966459,887218674,-1006211102,1460289330,1207553360,469238774
9,7,1,3,10407,747700871,2042151278,579905449,-89556902,-638110670,1961908887
10,7,1,3,10407,-1669707592,1139901237,-1166478456,-191883155,-1637428682,-1022676300
1,8,1,3,10407,-1603292874,-1627823138,1020515842,-601089628,1697279867,1948847170
2,8,1,3,10407,584148164,151945996,-733765669,1729226929,-1161832068,8239187
3,8,1,3,10407,-625311192,169699069,1819725575,-1437022225,-1776076843,2032365600
4,8,1,3,10407,834087803,-1026101850,1589638460,1318321682,282741669,-827944535
5,8,1,3,10407,-183760450,-320830226,-1378009564,969961667,144207096,-1541268188
6,8,1,3,10407,1775183528,-1980140755,455599243,1256465800,390234710,-414082126
7,8,1,3,10407,1206738426,-1207205125,1504795839,-1526751441,-1301515287,-335888076
8,8,1,3,10407,-2113229935,-996703131,-598775636,-1023702091,987749687,-1812976523
9,8,1,3,10407,-1328349379,1282385726,26575929,481759114,-1964341509,-2094084296
10,8,1,3,10407,-427940870,-226276095,1402762783,-764862202,782811243,-271823115
1,9,1,3,10407,-2049301705,508361442,-1596788375,508260425,-23018732,2054849401
2,9,1,3,10407,-1197334396,-231851206,192724779,896561271,-970140189,-1610358434
3,9,1,3,10407,-1988332781,960838894,2103194320,-1023115708,-1731666530,-774060276
4,9,1,3,10407,873779768,-2034821638,1220915410,1849899974,1607198699,1120525647
5,9,1,3,10407,989738094,588735464,204867483,-1422557156,-946629851,1834062046
6,9,1,3,10407,989077331,-1574410373,-1249557248,1553943128,-1767890597,1530851024
7,9,1,3,10407,941341291,-1107704943,-1121289904,2008739028,-1784012705,2040782127
8,9,1,3,10407,131816918,-2032493272,928176809,1160664892,-474554532,-1410986080
9,9,1,3,10407,1260514536,-1020050859,-1580489090,-1074741376,1345127608,-1682830331
10,9,1,3,10407,-987488074,721658452,-685488661,1640597793,1761136412,-368459851
1,10,1,3,10407,-15335419,561035000,-1296440736,-578419664,1516201850,-906380208
2,10,1,3,10407,2058346594,912638559,1111051639,-1726381090,-805948394,-1285950630
3,10,1,3,10407,-328416971,1577016246,2129264129,-1010309936,-1975317954,-791139082
4,10,1,3,10407,809494257,1339591062,1173287099,223608891,-879797721,-138267005
5,10,1,3,10407,-1675996523,814125850,88870326,-325234505,-942517519,-967298353
6,10,1,3,10407,-131269364,1058985905,-613319490,-709824080,373483454,-1035352322
7,10,1,3,10407,-1305593452,-580329044,1861006202,-12640200,-987977826,-1830003312
8,10,1,3,10407,1755449830,36119491,1917550462,586823209,381351448,1110692054
9,10,1,3,10407,1812019827,374123081,-241653728,1903523377,2041944005,1823664185
10,10,1,3,10407,-1383640354,1585828015,1847252894,502893088,782673891,-1620752330
1,1,2,3,10407,734770428,-1020437641,439944498,-1129031758,-1082503271,1946819838
2,1,2,3,10407,-25097831,1963070851,145725194,1124695345,-1760989227,2041420392
3,1,2,3,10407,-2121171097,-28622376,1141155809,-1959680413,1456646334,-1558402519
4,1,2,3,10407,974921668,1221476114,1684397046,-1911144049,-815240344,17746436
5,1,2,3,10407,1224409890,790524344,142861693,-989526933,-634358260,925231379
6,1,2,3,10407,815831209,401148500,-369953464,-1316187440,1065432353,1951973394
7,1,2,3,10407,-2027047644,1790570438,-1724916819,1338213369,1066121902,-174400802
8,1,2,3,10407,1545349316,-2068109822,211560990,1313885077,-2135366964,473556832
9,1,2,3,10407,284183612,967999070,-1767528319,1886472449,-929011369,-563671352
10,1,2,3,10407,-1413405005,-1691902128,-1088131427,-1268451418,-1125552083,-496132940
1,2,2,3,10407,1222671006,-1271325683,-1874494100,261280554,1363751494,-778675507
2,2,2,3,10407,2128648806,-438167974,316649833,246796049,-1982131038,1331042745
3,2,2,3,10407,1642093194,-517105439,1608686096,670102018,-1003447587,1019709216
4,2,2,3,10407,1065218307,-856789609,-1370802783,-719083341,639691726,-1596581467
5,2,2,3,10407,1209740034,999521189,809200442,1434707406,-1124674396,490072467
6,2,2,3,10407,-460775580,1055523934,1899858417,-1176571423,-1833885949,1923796811
7,2,2,3,10407,1722296272,-1336596792,-52858629,-1435030338,-811358835,702216248
8,2,2,3,10407,1275418884,1905926556,-61907032,-1828354414,-719863139,-769654891
9,2,2,3,10407,-1560153412,1087572281,-733637634,715294715,1329319322,-2003576454
10,2,2,3,10407,-1223622398,-1436227326,1761408909,2113599543,374239402,1818738489
1,3,2,3,10407,307203513,-1764281862,-991289203,-1306438512,1510008140,1742837068
2,3,2,3,10407,-1178240498,1852097020,532880059,-41948117,1077494941,-2058074397
3,3,2,3,10407,-2073700651,1907007350,769376019,42435186,-578040147,-976093009
4,3,2,3,10407,60990903,819474065,106581249,-414947134,-1518061637,1952773851
5,3,2,3,10407,-763655348,908053032,1107649969,-1667869762,-1957090918,1185071575
6,3,2,3,10407,619306986,-130416126,65098686,849284824,845481106,1681925085
7,3,2,3,10407,-298922641,-1116778659,-125912475,765684064,-739629862,-1990399440
8,3,2,3,10407,650823450,1510879070,1956949339,1198003480,-1456642383,-1994730488
9,3,2,3,10407,1000826523,145928485,-1589763098,-1752672483,804633482,97085799
10,3,2,3,10407,-680152799,1991351184,-212442869,236306256,830604665,-1958851671
1,4,2,3,10407,-1131294255,-461978811,1610591348,-837998150,-1698037903,-1954707039
2,4,2,3,10407,966411075,1742946117,488565559,1423756212,314361908,-839748720
3,4,2,3,10407,-1390842686,-1137813669,1350607486,1686479071,-1307147760,607917565
4,4,2,3,10407,-1456725180,-1130185489,-569027884,892826055,913705138,-1241717709
5,4,2,3,10407,2027057642,-382229301,-212087010,-1089775190,1630608920,609901114
6,4,2,3,10407,-1792753630,256901013,1766020654,1539201270,-1653827752,-668074581
7,4,2,3,10407,-983083778,-1572283368,-1338090511,-332779356,311535574,740845802
8,4,2,3,10407,-507735023,-689536300,-1065949986,1211709879,272184326,-1544923567
9,4,2,3,10407,-2081875067,-877019758,-2053299228,769847094,-735934362,400478572
10,4,2,3,10407,153977584,-143432505,1651925398,-542600466,-1298626240,-150562263
1,5,2,3,10407,-1754431959,697818284,263579039,-152089755,196077070,-1575244315
2,5,2,3,10407,2030576765,1283243293,318045842,-943752620,-1257236130,-1622542162
3,5,2,3,10407,2088084998,325603560,-690793998,1641966843,-1234115749,2111006844
4,5,2,3,10407,716312448,1106886159,1110313383,-1236523572,-1773700613,-609573708
5,5,2,3,10407,1668605689,-791269796,592389285,1845130655,-841272357,2052362339
6,5,2,3,10407,-37767141,-1695245138,-1571517138,150659409,-656507775,2004783813
7,5,2,3,10407,-162799231,-619237618,857692696,-1132577672,-33635834,-1881207106
8,5,2,3,10407,-1264505309,-186458831,2100998694,1512065361,295175037,495925151
9,5,2,3,10407,1455007874,-1695504210,772560072,2076092581,1441975768,1283511751
10,5,2,3,10407,745235915,1084310011,286657699,-533287005,-1095533000,-1267611289
1,6,2,3,10407,1872341382,135640161,-2084767645,-1489493636,1806792129,-630445725
2,6,2,3,10407,-1299854765,1586841465,-1221439624,-224637308,290314696,-465716194
3,6,2,3,10407,772939143,-928141078,-1812823760,-1571652965,2046657166,-1817916739
4,6,2,3,10407,-736056517,935092457,-1908173910,99392248,-891003180,-396941228
5,6,2,3,10407,-1754544393,-1890656276,-1309401021,-2007356675,-1507500637,-1230039988
6,6,2,3,10407,1270382712,-2038261618,-1040811259,1695013730,-1970802734,-270077435
7,6,2,3,10407,-888066383,-1672814549,1739886143,-1964229476,92300493,-662960714
8,6,2,3,10407,-1854317011,-15359881,1083967457,-397854341,1328304657,69679549
9,6,2,3,10407,560396182,-459515304,-27385579,516380815,-587228883,2099602390
10,6,2,3,10407,237693913,1970573824,-943747469,612710520,-1708682095,-115312900
1,7,2,3,10407,1112877936,1414824745,-1416514346,1063041383,372887388,-72242283
2,7,2,3,10407,774543619,-932914425,-473044567,-1541334936,720708587,411247107
3,7,2,3,10407,2009785698,-268175105,-1457778688,1282991275,-279963914,1586389146
4,7,2,3,10407,380492348,-563213403,-6110020,1653279719,1594527008,1659721173
5,7,2,3,10407,255378232,-1031422652,-828535329,-16230906,-678420709,1124473496
6,7,2,3,10407,-11126842,1692334708,-463253184,1581315161,-1113496495,-1964160668
7,7,2,3,10407,861070799,580047115,-227182929,1223799559,-1380805380,2034397158
8,7,2,3,10407,-531566864,989824222,-1588162789,706866548,1723579978,1467027670
9,7,2,3,10407,-1071925640,-423888685,740795302,901555849,-605334210,-302930887
10,7,2,3,10407,571153910,-736014869,-1270540053,1446286660,-1065782200,814799847
1,8,2,3,10407,1761336660,533363512,-1548496885,1846075927,1922753461,-1684008096
2,8,2,3,10407,1710622658,487325316,-357334668,-1035762314,2006808511,-662170655
3,8,2,3,10407,-177156299,125159520,1480236236,371149602,939965598,-324327314
4,8,2,3,10407,-952539457,-2031436800,1819553249,911861302,453262790,-849098781
5,8,2,3,10407,-1380486846,-1706939757,1907687050,1082427773,-900496468,330241829
6,8,2,3,10407,755134693,608271080,413873406,-513387562,-1209057312,-569832994
7,8,2,3,10407,578716823,1953987353,1125745323,1297870402,732256844,643067193
8,8,2,3,10407,-1018864370,-1883328483,-14118502,837626845,-808801580,1686373587
9,8,2,3,10407,628054244,1179227344,1249807904,736508143,-253455051,405322157
10,8,2,3,10407,-1296469915,-1122824780,-192732186,1820191225,1566005227,1480301089
1,9,2,3,10407,705565008,1184380730,1117754142,235918159,-217794494,-1831411224
2,9,2,3,10407,-1535430719,-368808847,225439361,-140547527,-479770630,-2120218014
3,9,2,3,10407,604972185,-1454581507,195547217,-31651698,2131363421,1590809969
4,9,2,3,10407,131292941,1278092371,1494901122,-819632164,1541960379,-1117245182
5,9,2,3,10407,-469036238,-1412971884,-388858452,708096010,-905750471,607588414
6,9,2,3,10407,-1753429818,-1651762776,96220009,1399735672,982094532,-1971566040
7,9,2,3,10407,1701748355,1791892746,653724255,-984259820,-1331343242,-1591452837
8,9,2,3,10407,-1634572256,-203197046,-1245911310,684698333,-718412873,1548350418
9,9,2,3,10407,477790729,121788315,488502596,-1103316746,-1416343197,-55803381
10,9,2,3,10407,1417520557,907747182,-447210503,-922681427,-970485777,669213515
1,10,2,3,10407,-1445006919,-325778629,-959330290,-1821037249,-440395135,-650962036
2,10,2,3,10407,1444538591,-199742631,-991748704,992199883,1671663160,-1142122266
3,10,2,3,10407,-943095540,-399889003,487071338,1723028498,711200441,-149391724
4,10,2,3,10407,829578259,479068298,-1655250328,-195406661,723511811,-1718570900
5,10,2,3,10407,78876855,-1901672410,-1454213453,-152252386,-423911597,1575640640
6,10,2,3,10407,2050849523,1326575884,631087803,1174687912,172401763,820539030
7,10,2,3,10407,-1706722561,563753437,-870987961,-2020731217,-328354593,324072186
8,10,2,3,10407,1877088265,1216658261,-216248991,-899803918,-1837257812,-1438124052
9,10,2,3,10407,-1346166277,-1751837662,368023708,-671017501,1171804375,1423140505
10,10,2,3,10407,1212611251,-32873652,1815517702,722551883,630854708,-177620463
1,1,3,3,10407,-284568938,855335003,-440405999,1773223077,1200072204,-1821637644
2,1,3,3,10407,-1302406610,-241396807,756848113,-554512341,-477925018,-927217176
3,1,3,3,10407,748908456,1944582635,1873038429,-1352297589,188415063,186829290
4,1,3,3,10407,947332122,1994251656,1831760990,-399964774,-337784882,240623883
5,1,3,3,10407,337741852,-70249131,-1336945373,728034141,2120972825,-408451324
6,1,3,3,10407,655581094,345909165,-1944895201,123128927,1314711361,1318450894
7,1,3,3,10407,-1514798600,2099007938,574220960,-501011074,185090495,536982010
8,1,3,3,10407,-392924552,1049319346,856342054,-691358418,1148551695,1593452070
9,1,3,3,10407,168364719,-705342367,159534496,-1231224297,710553170,785478282
10,1,3,3,10407,373948928,-1082691307,906761306,-1161867548,-505737291,-1784632855
1,2,3,3,10407,369970727,1730441026,-378419953,-734358816,-950448352,-329151313
2,2,3,3,10407,1488668253,-1132489285,-32967758,-1263380499,-519670930,-383349453
3,2,3,3,10407,41938526,766596279,-1570631199,-1290118743,-1973704063,-694634915
4,2,3,3,10407,1200363777,2015980535,502676954,-1740451301,-1729601422,-42612551
5,2,3,3,10407,1241421249,1041892776,-979826257,-2085928015,-2009959072,-530432098
6,2,3,3,10407,-2061134138,-1489385995,154479484,-1358495370,-1885918758,-1584534497
7,2,3,3,10407,-431356946,-483152238,-258207690,-2138505378,-134744466,-449243488
8,2,3,3,10407,1856994773,-287490294,766628224,-1415283114,1783808138,-1862933268
9,2,3,3,10407,1302364448,1786106844,-1934401486,-1189554033,1073045527,-10030388
10,2,3,3,10407,-1680422269,276653265,-646729775,-616491187,890767267,1856964300
1,3,3,3,10407,-1045538916,1364329109,1399905985,2059789912,392872549,1265793700
2,3,3,3,10407,-461113056,1724869540,211957817,1505075070,-126922726,-333478586
3,3,3,3,10407,-26829505,1363585771,1304838836,200856898,-536818160,-1646642876
4,3,3,3,10407,161830244,696902745,-1887004194,1678638289,1609632148,2120665092
5,3,3,3,10407,218849309,58633028,1046291156,-1994051866,245500699,-675353947
6,3,3,3,10407,-17354437,448942736,303980367,1523843129,-1565101445,-2022452186
7,3,3,3,10407,1073839030,-1771321119,-775358473,-312606738,-970552278,657180818
8,3,3,3,10407,280922023,1304663772,-479409396,1184579654,1596622420,-981422711
9,3,3,3,10407,-1977587746,-1077827936,971125860,497047556,-1451667169,-1024401287
10,3,3,3,10407,1194846351,699903282,885742705,1114308817,1223075165,993906766
1,4,3,3,10407,768209003,-1628131536,-86546766,1866438409,1597154762,101331913
2,4,3,3,10407,856506218,178081815,-1206492807,-1909747987,-339539167,-704137791
3,4,3,3,10407,1137834808,785216439,209623302,1069491645,-1229612147,-1711425010
4,4,3,3,10407,518389264,-755586148,-124315505,1124022837,-1460028108,1143787506
5,4,3,3,10407,151899548,886421172,-473137126,590021750,885755273,-1284616350
6,4,3,3,10407,-1764639942,-531753050,865211753,-189019555,1394266797,557190747
7,4,3,3,10407,-962112530,1767338800,207735400,-15131604,775205613,-36689489
8,4,3,3,10407,455936275,-74585294,282430703,2075520524,-1686538600,-608915988
9,4,3,3,10407,-1893021395,431557877,91985933,-262808010,228154428,-1660780559
10,4,3,3,10407,-146632492,687495681,-2042829613,-2072085276,1965632493,2127865807
1,5,3,3,10407,1409759999,-693611449,-1247026120,-666087394,-69198986,-1558107075
2,5,3,3,10407,190831243,-1021915756,-471410725,1411690940,-918410015,1000337868
3,5,3,3,10407,-1212594601,1537378672,1300177892,144227951,1907565454,458465131
4,5,3,3,10407,-670735694,601960466,-1178837408,-1137040194,-1218524850,-1154776598
5,5,3,3,10407,815822222,-1078123108,1820069441,-106876352,-932126931,-1416493590
6,5,3,3,10407,1860985213,1094264918,-753613469,-1967697049,-1250296043,369930484
7,5,3,3,10407,272409488,1631446740,-1689547267,-1894324764,-1794604303,2098199500
8,5,3,3,10407,-656227484,-728469021,-293405240,-2103773465,1692295327,-1305751579
9,5,3,3,10407,1794377422,-1324946447,955622778,-450834057,-245577956,1086010771
10,5,3,3,10407,-2078092924,-2094511626,-106994678,-1394345869,-1523428284,-433246611
1,6,3,3,10407,-1517368297,-824949431,-1002070681,2116106697,717428224,-342627681
2,6,3,3,10407,-488566425,-1960260583,64428460,-1366017393,786293879,1420969067
3,6,3,3,10407,825968195,-1669100993,1913926614,1532168384,-160191404,-1766710737
4,6,3,3,10407,339126209,942560933,-723661902,-2131198086,966699052,1242922092
5,6,3,3,10407,-1727075097,-1619143295,-1422791793,-2099272307,1949610831,-1406514482
6,6,3,3,10407,-984834062,-176023533,554258213,746214721,-257281257,-366722519
7,6,3,3,10407,1995969460,24365977,-995816690,180516748,759940386,-117313062
8,6,3,3,10407,-1341324306,-1620424055,-1683304894,180326106,1987545850,-207435988
9,6,3,3,10407,-1799872535,-994538839,1284587349,-213039504,218920791,-1353595477
10,6,3,3,10407,358511719,-406393542,-1501378001,813008258,1440532104,88412890
1,7,3,3,10407,-976311015,-1251648520,-574700531,-1808928380,1289305872,1967315839
2,7,3,3,10407,-800948027,-1228659069,-1756117439,1962633078,-1230430758,-1656883482
3,7,3,3,10407,1501857160,423160873,-1125591715,1193229847,182417574,1309068399
4,7,3,3,10407,381967716,-2002346304,945461688,769561023,856562995,2049866828
5,7,3,3,10407,1054545540,-2064681426,1640594727,-1955930708,411813528,254371977
6,7,3,3,10407,1445542106,-1060332509,-1227069213,-1486368888,-1133083584,1127332947
7,7,3,3,10407,778667232,-776584067,515692027,-695175928,-1057805805,1062898874
8,7,3,3,10407,-1787045973,-705576885,-1911199478,-677095287,-1718330616,1661501112
9,7,3,3,10407,-1183634701,-1629781727,-647740018,2002261282,-2012251854,-442406802
10,7,3,3,10407,-1812527308,1444854165,-2001289076,670898033,-2090739028,-1150528002
1,8,3,3,10407,1544614100,-771824273,-757442573,-769652539,577393936,1072363146
2,8,3,3,10407,-476379513,1356127215,1301920244,-1177996207,-1196580525,-2090362936
3,8,3,3,10407,1557088755,-1311735714,-1244655359,-1373103321,-937473810,23221964
4,8,3,3,10407,-1175986466,1904169780,-38024595,254620852,1262293762,686744560
5,8,3,3,10407,698055671,-1435785642,2141910452,7839790,1491743009,-966757562
6,8,3,3,10407,-1235058622,2137549793,98455806,-1435611320,-1280478463,1078076639
7,8,3,3,10407,-632745116,-1542660397,1957400943,281812003,1083160020,964271621
8,8,3,3,10407,-1488607699,985888835,1756041823,1536941788,1338145463,1663490253
9,8,3,3,10407,-1960115774,1595559835,-1960356140,-1013565438,2002723831,-1450051782
10,8,3,3,10407,-1878807337,-1268889213,429539239,-1783267172,-1491966292,1424051139
1,9,3,3,10407,911978474,1246450878,-1607590009,695474144,70194013,-1960209031
2,9,3,3,10407,-1562337433,211669159,-1822117546,1229801066,-1840485332,1799810787
3,9,3,3,10407,1534976916,1389876536,-1679109329,-2044392478,-2002438948,-1006865429
4,9,3,3,10407,-1596433155,-980427604,-639518336,1716447074,-1456581460,54354827
5,9,3,3,10407,738410370,-1049898180,-381884259,-1355143605,-275080841,751338315
6,9,3,3,10407,-1799066353,1086493351,408999215,-246111402,1174594127,880961888
7,9,3,3,10407,-1072447209,57944214,330844464,-1927646065,-1776012817,1042935905
8,9,3,3,10407,-2018509276,-389060061,-335921054,551668116,2037585942,-13782132
9,9,3,3,10407,-712020740,1392142675,1347633269,-1887353693,-901661391,70037296
10,9,3,3,10407,127207079,514262827,-1071397168,1838319342,1563947399,-1656166102
1,10,3,3,10407,1829510766,-1234313573,-161540951,-1222943614,-447240941,1668962857
2,10,3,3,10407,-1277871146,-761408440,785046999,-467099135,-610207372,379075518
3,10,3,3,10407,383801459,-70526289,-1035328699,-433567099,-1188489814,-1929171421
4,10,3,3,10407,-1116623332,1072269462,-519801094,-2099876308,815925148,-698617054
5,10,3,3,10407,1976726292,-236239023,-1669602606,1512313982,1330183729,-1343032451
6,10,3,3,10407,-365107371,198248685,1949389916,-878036160,460602885,-1057086436
7,10,3,3,10407,-1045712060,1234454347,80014865,1400973970,-607062757,1474498602
8,10,3,3,10407,1975767893,-537828236,1696961216,1399729422,-1985368388,408237158
9,10,3,3,10407,382651800,-820704714,-1728690800,-344421781,-1301355059,-851893063
10,10,3,3,10407,886981768,2032231015,1090756568,-28980564,1755655974,1508742827
1,1,4,3,10407,-873554845,1894193496,-222931310,2128275059,-1338397608,-1522495908
2,1,4,3,10407,2036876389,-724992756,-943482131,-708370992,-1670321113,-73443161
3,1,4,3,10407,304179426,697188672,-1759510114,-573144920,1497712818,-2132323074
4,1,4,3,10407,415601270,-1089801479,3294200,-1599287523,1710620610,426892591
5,1,4,3,10407,192282455,-1324971937,1752341061,-1326869889,-2033305906,266176681
6,1,4,3,10407,-806846347,2145889563,-1696613007,1303330973,-1519230773,-848807898
7,1,4,3,10407,808013523,-1221695676,1216237510,-765818423,285376827,-1726097855
8,1,4,3,10407,-234912507,1782391326,1623579692,1267361844,-1936064793,-758201690
9,1,4,3,10407,-1682402597,1988580776,-1678804546,68095720,-596661569,-611269278
10,1,4,3,10407,-511570599,1978363216,33037334,1934065289,-915392363,482895923
1,2,4,3,10407,-929417658,1273117054,1481511227,-1392794169,647288079,647292019
2,2,4,3,10407,-2051194059,655396581,-68814049,1017634452,1770754426,-637655741
3,2,4,3,10407,-1019708016,2031683480,278691336,387833440,1814190435,-1518403185
4,2,4,3,10407,-1321283658,-1266709306,-2048252466,-1768211928,-1977549524,-590731613
5,2,4,3,10407,1204161525,-1509166866,1165363324,575621838,403470237,1793361570
6,2,4,3,10407,-572528493,1597490213,1703413391,-1803587727,971851315,2120382512
7,2,4,3,10407,22983751,167724564,-213623285,927976321,1115382528,-1202984095
8,2,4,3,10407,-1166887623,1697886771,-1259573678,258074096,1971222952,239566081
9,2,4,3,10407,-1659514022,217136827,-507065113,689930578,-2048356069,-917900628
10,2,4,3,10407,-1991564293,128726136,-1603865355,-1697477244,-782301622,-1894640371
1,3,4,3,10407,-522943972,1798531463,365402590,1011587972,-2084190555,-1966798250
2,3,4,3,10407,203260435,-247743798,-152694836,-1044690333,887886453,-658258771
3,3,4,3,10407,1509161057,1516628119,1123506357,-1247902047,-119394927,-1284316426
4,3,4,3,10407,-531172367,1187793373,-510509692,968731075,1181206317,228321523
5,3,4,3,10407,-382282682,2131977640,-471089865,-343432183,1603885774,321805698
6,3,4,3,10407,-242266625,661317841,-118997244,-2114689543,1883962003,-395161065
7,3,4,3,10407,-197585250,422231894,-127407206,274552844,101545394,-32505325
8,3,4,3,10407,-265005977,1248353729,1157704251,-364151073,1811429196,1178957977
9,3,4,3,10407,445739181,1905212345,-1621976338,1375376402,-1207007068,1505793374
10,3,4,3,10407,-690773346,-1311167441,-2103363736,471832735,-1773953798,1166686739
1,4,4,3,10407,1332738569,259252967,-1263110429,1405889332,367252654,1205183531
2,4,4,3,10407,-766591107,1851315242,-1037083967,-463518769,21961947,-791804919
3,4,4,3,10407,-742259810,2041136557,217389423,-1279034318,768339032,-1454670659
4,4,4,3,10407,721125473,479921794,1480892087,241190345,-1979738553,1213948704
5,4,4,3,10407,-480963193,1842310030,715922102,-30218842,114235107,778384731
6,4,4,3,10407,1945408749,-66986792,988869003,-1526940050,323654005,1755914525
7,4,4,3,10407,-1172105459,1917279544,-2006359086,-1477385930,-1197035671,714750682
8,4,4,3,10407,571626278,-472678395,-641799841,443189944,436671922,875679476
9,4,4,3,10407,1866528618,1016947551,331721642,-184169390,-1185721821,-479349938
10,4,4,3,10407,507962441,1817606755,-1748552171,-1370124715,615189882,552864038
1,5,4,3,10407,619758693,623241388,1507712911,829036340,183238745,-635981071
2,5,4,3,10407,-1493641851,-425818151,671554547,210149129,618173001,-746625011
3,5,4,3,10407,140306556,141296816,-1258147219,1411428963,643893742,-1978104503
4,5,4,3,10407,-1949688814,1224637417,34543014,958894433,2009690933,-1449442307
5,5,4,3,10407,-793252412,-1346664764,-1453418301,215567189,-1550442014,-305808749
6,5,4,3,10407,1221595983,463548218,-2000129565,639935231,-1579990411,1571797453
7,5,4,3,10407,-1927197431,-825477171,165363411,426681323,1277108341,731416754
8,5,4,3,10407,784732168,-964010480,150546984,-1472770199,-838502553,252218377
9,5,4,3,10407,1349652302,-553137756,-1410673461,37082185,565659314,447862250
10,5,4,3,10407,-1768463897,-342085885,1524848659,-1280670991,2122934727,1577232711
1,6,4,3,10407,570861348,1272321539,-1458895900,529610578,1008249618,962090164
2,6,4,3,10407,-230353459,-26536947,-1670947679,1357809478,-664117519,860723761
3,6,4,3,10407,1795589819,-1245972268,647428246,1201506768,1532309380,-689784998
4,6,4,3,10407,-1390685201,-1981035225,-360459655,1374532897,201493121,576113049
5,6,4,3,10407,-2143433995,1400459754,-181765482,-1858131149,1307552529,1292867155
6,6,4,3,10407,1772508631,-194840559,1563116720,743158843,-611662625,1584543584
7,6,4,3,10407,364645873,-939217073,188342663,826158423,1286798059,-427175672
8,6,4,3,10407,-1183199380,-2053226597,-2014462696,-691082773,99270194,1598339118
9,6,4,3,10407,-622208980,781963955,-2133216304,1672891763,-1949578740,-879122601
10,6,4,3,10407,-1931107665,-1483373527,-870162471,1820533137,1858671005,-441497106
1,7,4,3,10407,523252818,-1836393047,-1705318697,-881536786,1262317826,423997520
2,7,4,3,10407,-1443053942,-533690684,442352840,986762277,1103572245,30936166
3,7,4,3,10407,-1382909801,-1837546643,-181609185,944207925,1431202920,-1114340180
4,7,4,3,10407,1966993171,1144472450,-1165170631,1876276891,-1371897527,200278779
5,7,4,3,10407,1006523148,-141048535,1367656736,-1053399385,-1686452479,-1841260180
6,7,4,3,10407,-758820676,-516128409,-2132373278,-1343943575,1828303994,-1637680477
7,7,4,3,10407,211085164,1946907578,-920747753,-1215760620,-880174134,-1459473803
8,7,4,3,10407,960019387,-473596184,-987789750,1777915610,-1035927092,-528710408
9,7,4,3,10407,704835067,-611335356,-1865754939,-2084643844,-987950147,-885526765
10,7,4,3,10407,1343485240,-485770854,1792061478,-1602657483,1536425152,-350050047
1,8,4,3,10407,-611065779,-1994847283,1030109060,-126957904,-1501555821,1009310661
2,8,4,3,10407,-2015692830,-316083769,188875875,239261388,1331277698,265564439
3,8,4,3,10407,595859806,-17525489,-282911765,-28068398,1802009777,-1858954883
4,8,4,3,10407,1166933541,-54992848,-1802245254,1156368988,-671440401,1446693428
5,8,4,3,10407,949050815,830477993,-699857244,1810849869,1850729237,1233617397
6,8,4,3,10407,1186904050,-695424000,1864980960,1042523475,727940980,1762019127
7,8,4,3,10407,-639389434,386039276,833675228,1163606142,-1457517814,-2077109315
8,8,4,3,10407,61254215,928568826,-768750743,945504354,374033664,-1992147737
9,8,4,3,10407,-921836758,-965165630,1605493687,1308281422,-55811639,1050090595
10,8,4,3,10407,-1751657543,-881253051,-602115914,-212168678,1321821926,-578207428
1,9,4,3,10407,-1900876569,-1822681334,1873776095,-1586206475,193021476,1309204514
2,9,4,3,10407,376416821,1001595830,1697932690,794925390,253688801,-1676206672
3,9,4,3,10407,1945341640,382845860,1462908127,-1389384018,-108956603,-1999665785
4,9,4,3,10407,-68306290,1842539061,-2128834927,865863866,-681744597,210513287
5,9,4,3,10407,-1242683508,1334519465,-352344963,1592990432,-1890269402,1604104866
6,9,4,3,10407,1749503363,-261116898,-973637584,1409397158,408343992,-749067797
7,9,4,3,10407,-349622147,-1501943320,-605211908,1274173300,-1393410307,606827416
8,9,4,3,10407,-1944089603,1430917168,1602256357,1669330479,1212511586,393356938
9,9,4,3,10407,-1832735467,-874906033,-241070846,910705684,1373877811,-657388366
10,9,4,3,10407,11184933,905507103,484599119,-576577744,-1561273438,842954175
1,10,4,3,10407,-758506696,-1022252633,2056733318,1891526662,-800090827,1542732305
2,10,4,3,10407,1250398676,-927509882,115681780,791938481,-2024760134,-1406996411
3,10,4,3,10407,-728636207,-1909504449,-417798476,188219926,1156820101,960776155
4,10,4,3,10407,1068798935,-1691690706,422134282,-1231550589,1288646127,-1748333045
5,10,4,3,10407,-1295126620,909209375,392616199,-33980925,1919097693,862000258
6,10,4,3,10407,467894908,-124467742,1045430625,-400288564,1489695856,2129847745
7,10,4,3,10407,-935313011,-1765762395,-178166621,-984117728,-1152228727,-2040304315
8,10,4,3,10407,2009444259,-583580258,-2025209347,-91676379,-71730158,328629450
9,10,4,3,10407,-1561379654,1028386055,-1843194145,406895594,1050315338,-454182946
10,10,4,3,10407,-1938791695,-1006943909,-1606234366,-1173965346,535323180,-777117754
1,1,5,3,10407,1813131787,1049871633,188561992,737716450,-741004709,-1349137059
2,1,5,3,10407,-1133262039,-2114470785,-1012755480,2030432945,-4603533,-924598358
3,1,5,3,10407,653191002,-483953157,429703408,-1161417964,-401672262,-216710273
4,1,5,3,10407,-1311147378,-1073441346,537812483,-65759553,370131693,1240997405
5,1,5,3,10407,1651845813,-923088880,247749368,-1541248224,1245519520,883499112
6,1,5,3,10407,-697789357,1542721359,1339182370,-1197665628,76922074,-547694639
7,1,5,3,10407,-517953886,964930944,-1283833146,-588129875,1337428560,-1174340018
8,1,5,3,10407,-830733859,-694483325,614536485,-730778326,1435654946,1861743054
9,1,5,3,10407,-1302364005,965864543,803514011,1032031759,1432602236,-1143517095
10,1,5,3,10407,931879779,-1395850239,2048653476,-1338509482,-487569453,703946796
1,2,5,3,10407,1275297245,665445016,1075543598,1174679533,577450813,-1734177580
2,2,5,3,10407,742098959,2076075305,1533963132,-1561261214,2053502678,1521429407
3,2,5,3,10407,784057126,-564733973,-2088801665,1437914862,1719057390,-805848684
4,2,5,3,10407,-116995994,-750949067,-200243880,2012281935,1201140939,-413305121
5,2,5,3,10407,-1831015290,370759884,-861842082,1183437442,-1408564954,211133263
6,2,5,3,10407,-2134191851,295005837,-1595824305,-1229708089,1897843427,1137461652
7,2,5,3,10407,-1571470499,-1958360852,1170465728,-397620896,1561365686,1295885224
8,2,5,3,10407,2115301975,668234499,-2040150121,784380229,-506362054,1875773332
9,2,5,3,10407,-1764918731,-606399249,2060790,-979391886,-457931183,-721911831
10,2,5,3,10407,743946365,-1851010561,1996233592,2042902909,-1264750659,821928112
1,3,5,3,10407,1825223677,1219966212,312524938,1924171877,2092176079,976036997
2,3,5,3,10407,1903020139,1630616636,-298932744,-656569458,-1724490320,-1768202367
3,3,5,3,10407,-531540231,1115920623,-493557751,1084856380,789793642,-421102266
4,3,5,3,10407,-344964024,-435348915,-840676145,1577021964,-915795503,439435408
5,3,5,3,10407,2068211476,-2020375116,1830930381,-1013623830,-927278721,1595477470
6,3,5,3,10407,1953442575,1444018214,1036546818,-1414186993,-1853071908,15628145
7,3,5,3,10407,-1853716991,-1595751643,1601549499,-1090801903,-392413444,428698520
8,3,5,3,10407,-473667375,-1113613518,1767724921,-319687802,-367455138,885830458
9,3,5,3,10407,1847841860,2097522182,696840085,2102565661,942849111,213214777
10,3,5,3,10407,-736040629,2028788394,680633924,-1498044729,-1572582168,1625431304
1,4,5,3,10407,-811562943,1243028434,-2091128466,-1090999837,-796063891,-1258517655
2,4,5,3,10407,-1907446069,115139126,-932605124,1539317035,1365653819,1112945404
3,4,5,3,10407,-557570305,1478356302,-1676371277,-117312846,1178936278,830530449
4,4,5,3,10407,796994098,-394272009,-1377491281,-1515438215,-1407733915,-1082751536
5,4,5,3,10407,1844638713,-840476219,1561569933,-2103432600,-1167736968,-350294011
6,4,5,3,10407,-732766428,-315741542,210917400,-111825267,-65666302,-1596388598
7,4,5,3,10407,-593097229,1415013988,-1106007255,-2129784091,1234084508,-237983263
8,4,5,3,10407,-1380538503,-227938978,1375808356,-114999225,-96976340,1288107400
9,4,5,3,10407,-1223433015,-1861887303,-1008014599,-1354467591,-1361338573,-1213540820
10,4,5,3,10407,21311369,955687027,-1282743705,-356569642,-454380941,-171994216
1,5,5,3,10407,-1376494979,904014082,-729630340,-1525432719,-1546984007,331765553
2,5,5,3,10407,-741403359,695480778,400455686,1995655478,-1525556562,347485258
3,5,5,3,10407,-419372654,-1953590808,1322689101,555610837,1423226759,367554023
4,5,5,3,10407,-1028646317,-749181269,749426836,-1912796382,473506768,74941448
5,5,5,3,10407,-1573364503,501176551,-1150623686,144759083,-659792538,491376023
6,5,5,3,10407,-140944783,705349141,-1114569817,-127990003,-2083182934,-367318469
7,5,5,3,10407,867897942,-1007566481,-1907532814,1858850928,-359223636,1466455417
8,5,5,3,10407,-466614437,837905634,-1474641939,211734521,954137302,-917257743
9,5,5,3,10407,-265493567,-618210810,-157010656,715643203,-2046461141,130016828
10,5,5,3,10407,1269419569,-230086192,280795817,-1046006659,-559341491,1906353693
1,6,5,3,10407,-1121505025,365104569,-1370827739,-1049929617,420515589,1919091793
2,6,5,3,10407,-1127562952,1811176272,1736961713,-1077781327,-1628342179,822771022
3,6,5,3,10407,-1117863091,1264397915,1537853381,-1963786413,-666495807,1103219412
4,6,5,3,10407,-107951242,-1511267373,-188875680,-527756843,1926355201,-2139608492
5,6,5,3,10407,1657610790,-1446282065,-1985864451,709816219,-444689744,1327107174
6,6,5,3,10407,1197209412,1484581116,1751245219,-1849279795,1974094325,-1631630304
7,6,5,3,10407,747405657,48493659,1896744608,853699337,443825898,-654045584
8,6,5,3,10407,1106921398,1892595008,986525016,155619450,962317070,-847691519
9,6,5,3,10407,883118061,206683491,1708254804,1047470218,-1281041285,1126405322
10,6,5,3,10407,-555564701,-924157825,1308678803,-624991242,-1277136790,1487602143
1,7,5,3,10407,-1990884028,1498024954,1981219283,-1110126514,2038883984,467286823
2,7,5,3,10407,963470906,-159100280,748726111,1656443503,2082670155,888009344
3,7,5,3,10407,909576113,-1725344201,-1066814015,1872277742,1293128244,547870028
4,7,5,3,10407,1169299037,128708766,-2705236,1337065185,1635899572,135121918
5,7,5,3,10407,-1161400518,1009004831,1267170190,1425246597,740235562,2126631974
6,7,5,3,10407,420199214,624822372,1878563285,1359314426,1962142689,1254575285
7,7,5,3,10407,-550193942,922885834,-1210133456,-507707020,-1853781654,-678095152
8,7,5,3,10407,137340855,904743239,-1894877959,-1045243034,1375442336,-210620235
9,7,5,3,10407,1340996657,1715908658,2116258103,391461998,-235809662,-1951156376
10,7,5,3,10407,1958083294,-1160721561,-44594867,-1258477541,581098074,-1867211349
1,8,5,3,10407,2037528223,-1151347943,-1696824040,1660845810,387239916,1937842088
2,8,5,3,10407,-288490146,-1156302776,1685869155,1470123623,-1630322127,1941245143
3,8,5,3,10407,-1982688689,-377057776,-1133159486,697304280,-1360025222,538464570
4,8,5,3,10407,-487108688,-838251187,-505811247,1037567119,-1019764381,761467287
5,8,5,3,10407,45632295,1119346831,-2040427760,-1207497670,2065222181,-2095178084
6,8,5,3,10407,-1133973571,1745771842,2027666052,1072542881,-948717281,-1274497121
7,8,5,3,10407,729605423,716692134,-1915937954,-292960866,1809890301,-2008054946
8,8,5,3,10407,-1131568663,-84031558,-787697597,-1174322869,2100728395,-1729030212
9,8,5,3,10407,1356110018,-744406568,307662685,-1130209924,-1656900799,396164052
10,8,5,3,10407,-1429024535,791132056,-1645234637,1092462813,-2090673916,-1058249088
1,9,5,3,10407,-519239592,-630368849,-1680462918,470005585,-1667958147,707133374
2,9,5,3,10407,-181686707,-258627236,1503554392,893275791,1404033026,-709659266
3,9,5,3,10407,-209515801,-1923546624,-631639801,-1236724056,-521463245,1934935602
4,9,5,3,10407,-543099962,632206163,-1704712371,-485595314,-561409805,-708033418
5,9,5,3,10407,875080628,-1052161885,206895688,395145593,2038590662,-1320646186
6,9,5,3,10407,21943019,182023049,1585158591,1505744044,-748811326,791384271
7,9,5,3,10407,564787901,111533762,-2006123883,376671998,1377576502,-294233324
8,9,5,3,10407,1061170278,-1292071599,74764949,300563277,-806079915,-562247981
9,9,5,3,10407,1785870190,45734844,-1787085923,219050527,22863337,411541996
10,9,5,3,10407,1876141091,1680520680,-1799486829,-1067418566,1247249456,1345720345
1,10,5,3,10407,-1793583303,626908665,2006328940,496453622,-1696297862,319476683
2,10,5,3,10407,-1680930515,-1648910350,-435062111,1157759560,-1215454369,-99117664
3,10,5,3,10407,-1055732478,1154371327,-154437345,1584829286,1904080230,-1872068351
4,10,5,3,10407,-1042348846,-351601873,-1972480500,1890273861,-282861508,-2050592662
5,10,5,3,10407,-1942185421,1027270929,-1233762235,-548936560,-1312033715,-326657198
6,10,5,3,10407,1541064177,-410754787,199841348,40648400,2132262675,-416673978
7,10,5,3,10407,610027032,-687711662,-1437390288,1767252274,-394093744,-1351888182
8,10,5,3,10407,-2043602831,-1993060442,-1198455392,965494537,605303224,54752994
9,10,5,3,10407,-607565401,1212221449,-926078283,-1726836632,-1937931855,1127887674
10,10,5,3,10407,340546107,-1261629567,159193318,272423699,1507232900,1526360864
1,1,0,4,10407,220996300,-81925178,-1326619860,726244517,1435500560,-1569419473
2,1,0,4,10407,-1623672977,-455505111,-269892569,-1386490939,-276482047,-907588613
3,1,0,4,10407,456549598,-220328665,-2019263119,283125537,1566022943,-693000358
4,1,0,4,10407,733742808,948497952,-1848344423,-765282417,-60334307,344786561
5,1,0,4,10407,-1125527633,1161928438,-172241681,-1163024051,-1334169835,-2081859679
6,1,0,4,10407,-2021266874,-1809068780,1292069426,-616654230,-1446950374,1004429340
7,1,0,4,10407,-778890998,565618188,286548329,-686782983,763695200,414529033
8,1,0,4,10407,1866621216,-1029804325,-179625134,-302957301,187180101,173724480
9,1,0,4,10407,2012441591,1513014233,-1241146374,1273274599,756616645,-766079887
10,1,0,4,10407,1358263454,1498330680,-796047642,2118088787,1217255655,-566516105
1,2,0,4,10407,-872537542,98841601,397318921,1312623387,56809332,1353559845
2,2,0,4,10407,702828793,-1699831871,1984565336,61309996,351287388,1179325211
3,2,0,4,10407,1211716684,1230298539,-689469770,-1378508245,1096051856,-348346186
4,2,0,4,10407,-1340892351,-449840187,713459641,287569591,-1853916379,506864588
5,2,0,4,10407,-2125576935,-1625642820,445902462,-188420886,-734056750,-618674150
6,2,0,4,10407,1208547327,577374361,-729975484,1794192210,1248898767,-1728779996
7,2,0,4,10407,-1191260773,2064986327,1726932569,-1782618537,-1672452168,1548398272
8,2,0,4,10407,1365066724,-791262310,31149472,-761937541,-1327724946,-2131416185
9,2,0,4,10407,1361699780,-269601786,-1081628014,-1927204244,1138884984,366948758
10,2,0,4,10407,167404197,818735157,1669592092,923739140,-159974662,722597783
1,3,0,4,10407,-87243211,-672946178,-299481765,931500056,758019072,-296034429
2,3,0,4,10407,402906448,830438895,-1089219392,1291239278,-228807311,1531917401
3,3,0,4,10407,-1066652119,-1399076663,348166535,2100070796,-1017021764,-495393230
4,3,0,4,10407,1303336183,-1688199614,-653418016,1498075285,-1608138679,1841208796
5,3,0,4,10407,2041050732,824495170,-492874830,1935562258,1165382637,1348522544
6,3,0,4,10407,323153120,-1949794660,-1847917453,-790476451,-2146517077,-495233476
7,3,0,4,10407,2134939481,1442493079,-684254598,-370435915,1714336872,-2110524895
8,3,0,4,10407,-1030553033,-1683209628,1099030162,-946345148,169414113,-785203001
9,3,0,4,10407,1646694370,1538623943,2137028429,1957244682,-933797178,-1818608319
10,3,0,4,10407,889963084,-375309404,-1478561694,-813288476,1731131350,612330274
1,4,0,4,10407,-832348769,1698328233,-765377247,-52570394,1157851934,-975992014
2,4,0,4,10407,-564591914,1735198805,-2056403076,1185694144,1159988799,1630669377
3,4,0,4,10407,805657334,-208935681,-687266214,1260837295,169608709,263320838
4,4,0,4,10407,-1952432939,-140609859,-477134259,-1850999949,-169318215,-1511089536
5,4,0,4,10407,1048701782,-261471016,1005516398,1861987532,1455651514,-1007318120
6,4,0,4,10407,-1601872286,553591513,-681526483,-603818266,1981816676,-1840818969
7,4,0,4,10407,-2085119214,-660600627,-1647823883,-1867776432,-375591888,1292183291
8,4,0,4,10407,-2141895335,-1172665794,424589198,2106221374,-1716578063,-1990335535
9,4,0,4,10407,-1738555984,-803635456,887828258,43383630,-1560545229,272684993
10,4,0,4,10407,2113757850,-1700461668,694140152,-1837748998,1444991413,-627316050
1,5,0,4,10407,185392862,572064104,-1933097663,1735257877,-866697476,-272201131
2,5,0,4,10407,-305418468,-1942220257,-129423000,-1083108082,-423978342,377751608
3,5,0,4,10407,1399106334,-1237151194,-332781546,-1826527733,1494377853,759942065
4,5,0,4,10407,1418548743,-402965940,1564019274,-2067416936,1422352630,-1024747797
5,5,0,4,10407,-1073072948,-1586966032,2020253210,-419396481,1615922409,1898416199
6,5,0,4,10407,-570775754,-1450096044,677818307,-2094099920,-1400292643,1611803918
7,5,0,4,10407,926471568,-592167231,-276782631,-508942148,521560577,-1720291807
8,5,0,4,10407,1311105817,219219046,900056562,1436743768,1867037645,-1353184923
9,5,0,4,10407,1972315183,-1251995582,1950403037,-1650863809,492483901,1136732270
10,5,0,4,10407,-1986281439,1730214003,408038558,675760585,306127622,1667946895
1,6,0,4,10407,-313578979,-1352404253,-1705092392,763367470,-1100654851,1210484383
2,6,0,4,10407,1649308863,-1674974038,2019902167,1804783858,501286607,1296854823
3,6,0,4,10407,-2096279200,369745502,852697657,-1187752136,504307794,485716768
4,6,0,4,10407,910209225,1438011925,-1350305062,-891839629,749899507,1939972416
5,6,0,4,10407,1166961803,-1659840706,-766288484,1532740877,1061639050,-529424175
6,6,0,4,10407,-1535784981,-799843072,-1509619208,861592586,221402340,-791089972
7,6,0,4,10407,-107245261,1964128177,1907415918,1542353371,1768101797,1066936364
8,6,0,4,10407,609073259,473802102,2118925821,-567234011,857338271,-1421339990
9,6,0,4,10407,1777996048,459408665,793748270,1119257672,1134735285,1244155935
10,6,0,4,10407,730156404,477107416,1060584265,1100468574,790190083,924520233
1,7,0,4,10407,-1295789167,1390528777,2029100245,-2129357376,-836988297,-503025056
2,7,0,4,10407,-192066813,68603789,-1355482002,86632484,2065287013,-1344249425
3,7,0,4,10407,1651229708,2058597462,325904494,1753938151,-507825650,72994646
4,7,0,4,10407,1629385286,-19912621,1197090699,-1684602092,815228138,2028935011
5,7,0,4,10407,535919703,-1125704827,-1799044056,994505495,1056764571,339368018
6,7,0,4,10407,1883856446,2034047389,-1450825452,-1747614142,-1651474482,34137936
7,7,0,4,10407,-1925576634,1920170272,-46076328,-1788688941,-2048874266,-203117509
8,7,0,4,10407,1208544270,300226966,-1491021473,1602355063,808265629,-604790856
9,7,0,4,10407,-543040855,-1326134099,845469257,-221862346,1309815642,1718917194
10,7,0,4,10407,-69324881,-1813010864,643501488,-1584377211,-2077795272,1281136824
1,8,0,4,10407,1022555887,2118588529,457447029,-1704707368,247680769,1893251611
2,8,0,4,10407,-1549275969,-793878493,280405974,-1072270488,-1278074840,258946256
3,8,0,4,10407,-1027480811,1172053765,978016290,-1232280586,1434338,-842127922
4,8,0,4,10407,673590777,738165252,842084335,20614624,-802070659,-420437230
5,8,0,4,10407,-1497553427,-1361053511,-229813240,1147393988,183637867,-269138023
6,8,0,4,10407,-281274255,406399784,-714848442,463014277,-343182098,1616854479
7,8,0,4,10407,1840584229,-1411190791,1210014486,-659406870,-53074610,-1679246983
8,8,0,4,10407,2001548362,7146717,-1960761457,1836507815,1297128016,-1075334103
9,8,0,4,10407,-725197790,486769288,920021270,-1555677245,1600901878,-1393813780
10,8,0,4,10407,-845097987,-1022249985,-1402136760,-1612631101,-1505456204,-251438275
1,9,0,4,10407,-714875267,-2058324505,1506353041,-992441638,1723084163,473624635
2,9,0,4,10407,-1510443630,-811330505,-1224623303,1117156657,1696722227,-1937694801
3,9,0,4,10407,98276660,1066506894,-1568786034,-783768266,-562624941,-1458048325
4,9,0,4,10407,555838255,1897859902,-992423713,-185531379,-1852146821,158850020
5,9,0,4,10407,1055737779,181631741,847074975,189623610,1711516498,-1523319859
6,9,0,4,10407,-1539404804,-1129098,1505179564,1711372368,-1067105585,1853172470
7,9,0,4,10407,-2012678602,657487889,623204051,-118404403,-398647038,-1023976674
8,9,0,4,10407,-283793624,-1151606667,-1525382882,-2059271604,790479565,1531654012
9,9,0,4,10407,1188130679,-169497503,1135405199,1956338129,-296388931,-1671036221
10,9,0,4,10407,659036146,-733940079,-1332231711,1585188416,-351462782,1763909538
1,10,0,4,10407,-1607790309,586627660,557724689,-538879242,-1917803776,1155991710
2,10,0,4,10407,804290284,-124283692,1163437298,1959951862,-514490776,-1394654083
3,10,0,4,10407,-1761032520,1844544925,1628396006,2093035625,-1742084679,-1847946932
4,10,0,4,10407,-817721715,991939480,-1066297574,1697416106,-885319673,-65935605
5,10,0,4,10407,1044230478,-1862516005,-160923097,-972638205,-2009041370,-1161393256
6,10,0,4,10407,-1668082396,-1812713779,966049345,-2046363501,1657549277,1645919617
7,10,0,4,10407,1545947454,931931027,236882585,532986277,19206680,541647508
8,10,0,4,10407,-493986580,-634774944,-754619869,-1985270688,1752910242,418244286
9,10,0,4,10407,-541355579,1195389801,269920308,-1114206891,-2025269139,-1246862999
10,10,0,4,10407,2113658525,1011461267,-1640288158,-344202027,309981579,-952820831
1,1,1,4,10407,-696824962,-2063439420,-371518069,486095855,364315570,-1881894135
2,1,1,4,10407,-1795167390,1825816764,1781966641,-2100002039,-537401252,-424309581
3,1,1,4,10407,-2129273496,-1125493801,-1973931902,824766462,-936400012,1529452161
4,1,1,4,10407,1888469467,2084926841,279631222,660970325,-296705032,-1807403710
5,1,1,4,10407,383652295,-1707446356,-1786874447,671208323,-200784593,2117421427
6,1,1,4,10407,287265016,1540404547,-916481841,-1632227567,-1660814528,-1668332202
7,1,1,4,10407,-99892695,1037150873,195063045,-1073091070,-1921039716,-1950560439
8,1,1,4,10407,981684410,-1458399904,-2049398535,1573474360,-1630305302,1075035420
9,1,1,4,10407,496152078,-1882279419,-2125408978,-358609191,996026316,1266080677
10,1,1,4,10407,-1190178798,1368818488,302902365,879243111,1305742549,-2006971339
1,2,1,4,10407,-1173522832,1963897125,1782946246,-1972324373,2117953025,794511191
2,2,1,4,10407,1256292269,-1312967317,-1596480369,151001215,755481215,36474264
3,2,1,4,10407,-1732334880,167454892,1085432093,1182210595,-1671947015,1781214691
4,2,1,4,10407,1031245614,7262642,329006162,1839188407,-1334354929,-806937312
5,2,1,4,10407,-1349111193,761538362,-1573996846,-1432375895,892464620,400144119
6,2,1,4,10407,-350119761,2059728319,920309371,1926173296,-1587236553,-1651277509
7,2,1,4,10407,2134723201,-2066986256,1291295442,-893741418,-58971546,626977137
8,2,1,4,10407,917064965,-1905229203,1908332989,1527068342,463986779,-474782022
9,2,1,4,10407,350866262,-1076096606,-804535626,-2087173147,-791609073,-159475439
10,2,1,4,10407,1214541554,675488395,114040802,904956055,212854199,621006312
1,3,1,4,10407,-1587676086,-57924244,1074232112,1361446102,743235299,-1663328277
2,3,1,4,10407,-1599003170,-830405787,433985588,1343925136,634186258,-1243151528
3,3,1,4,10407,-1618607952,620994379,-1438036400,164467570,1285363796,-2005290500
4,3,1,4,10407,-2000025291,1803626653,-1207975295,-956393403,2032677047,-1942903070
5,3,1,4,10407,-1856943275,-304772894,-626957033,1973067289,649812552,2030844023
6,3,1,4,10407,-865888469,244124481,-957918148,-4091534,527982518,461759896
7,3,1,4,10407,-1703736611,-319570218,2004510532,-31445520,-1764442970,190121518
8,3,1,4,10407,-1123956715,1827136538,-1966253015,-2070348450,1079800168,1259335150
9,3,1,4,10407,172306566,-1664377723,-257434981,-1109511676,1842786193,-1919857577
10,3,1,4,10407,-20942137,-206475879,2075741478,-1337337942,167356047,104542876
1,4,1,4,10407,1821913825,738430130,-1225705159,-1258903515,1135559295,-1500243997
2,4,1,4,10407,-1763981051,-1444285465,129970849,-81234273,1794061936,-1860636516
3,4,1,4,10407,-1938089905,-553883522,380792046,-1610095619,321652667,1499782951
4,4,1,4,10407,-1233233715,1418852129,842288224,-1786758351,634819847,1710609709
5,4,1,4,10407,-1119303446,2004266191,-429130014,1169621781,-281298310,-1482010464
6,4,1,4,10407,-598941668,-1109887237,867789524,930959555,-707755311,-975781168
7,4,1,4,10407,-1768873179,-882264612,-1496105343,-638452190,-1871860289,1976928876
8,4,1,4,10407,-1668830358,1350612208,1168585004,-127868718,-981674258,-595741797
9,4,1,4,10407,-1411255950,-548526535,1298777807,-1125394080,432114679,-707204216
10,4,1,4,10407,951850722,928274797,1475298278,303762640,1061113509,-1313128938
1,5,1,4,10407,-1134826603,1987921930,692987053,-1123578184,-1622816897,1657782581
2,5,1,4,10407,-1298265163,-864390533,-2058856732,740823442,1069654461,1526675640
3,5,1,4,10407,1112944195,418906172,-1982723150,-1026105249,-1076309586,-712989555
4,5,1,4,10407,-1088854677,1635236806,-184252523,1214877613,371739459,-650345137
5,5,1,4,10407,-2110009002,-1713729856,-1805823926,132112569,1287372673,-1559968512
6,5,1,4,10407,1380639089,-1440037040,-812185102,-1179399404,-778472818,1893453326
7,5,1,4,10407,1562712001,361687825,-1925319475,2038142199,-189312675,1861147794
8,5,1,4,10407,-1326410175,-1911731814,605269637,753137786,-364823152,-190822692
9,5,1,4,10407,421070103,-523729387,596728168,-869027472,1723966661,-1652348830
10,5,1,4,10407,675077815,1319377577,995771995,-1752418616,846252773,613991198
1,6,1,4,10407,-1456150797,-2145699795,1272184550,-1245801426,-1108944205,-1792830592
2,6,1,4,10407,-1615286647,123398619,-539142609,-674665964,465099077,1821391712
3,6,1,4,10407,-519589078,-1877547649,1338130346,-131403713,-12327611,-216360220
4,6,1,4,10407,-569411315,-1414390150,-13579602,-455989811,-1453877960,1970887295
5,6,1,4,10407,-1101820615,-891902626,2000284206,-2144553117,530276285,-1165924060
6,6,1,4,10407,-1251430720,-1721337824,1536014156,1017781741,598014787,1954169587
7,6,1,4,10407,-1624593513,-1386567687,-2042121741,1451495675,217116191,-418380149
8,6,1,4,10407,-2024594700,45172716,-526985317,-607163792,1605764937,1224992850
9,6,1,4,10407,1373981022,1855769885,228956044,62720482,1998610314,1553086632
10,6,1,4,10407,-87826781,-1778229169,-1450714499,-137178764,673868987,907980600
1,7,1,4,10407,-696425326,-1178344862,-1650006322,2030117212,-1298154337,1687143952
2,7,1,4,10407,1124597302,1408131021,278833435,2007586292,-783138482,-1953198357
3,7,1,4,10407,-872654826,-1656045242,438220696,285725279,-1953898124,-1812839700
4,7,1,4,10407,1253243779,556325791,-1578656979,1424468749,-1417872786,-1663234824
5,7,1,4,10407,-1635515078,-441522599,-2677014,-1069465016,979414705,-1625806240
6,7,1,4,10407,-798249242,-126146056,243218474,-1998318367,-1695145345,762647089
7,7,1,4,10407,-2022322230,1248090379,842349455,-694172765,-1174794415,-1158638366
8,7,1,4,10407,693343369,-4420738,420278905,-1746427390,2130018030,-2129972180
9,7,1,4,10407,-1939278146,655791330,685935731,-940144629,-1075209108,-141850421
10,7,1,4,10407,-1236977943,-1802825469,1908460355,-165776328,-680521544,-975087627
1,8,1,4,10407,323841045,-553949623,-1950045347,874899566,-721842607,1190422092
2,8,1,4,10407,2120582792,46569644,-1288835121,432004397,-2096722520,-1244676783
3,8,1,4,10407,53983739,-1754163703,1013627130,484075994,846186523,1902138560
4,8,1,4,10407,415606179,1167157728,646793986,-1379949178,1439390688,1507191118
5,8,1,4,10407,-1758386740,1964583951,-1390773517,604162626,-1100176566,-1265868125
6,8,1,4,10407,549066754,-978916758,-305664637,-1401667255,-1885704094,-56054931
7,8,1,4,10407,-1793157901,221452731,1290536066,-1568542699,-1506760115,152110781
8,8,1,4,10407,-302511110,1019942686,1670006623,-321298824,572927755,-1500565879
9,8,1,4,10407,538062428,-1184471479,-1612189302,1410129677,-1358119537,1684337095
10,8,1,4,10407,2007180780,-494287735,-2081887643,1953041204,-527204466,-1047643774
1,9,1,4,10407,-729042590,1058681040,425196214,-749461698,-125835925,-665611344
2,9,1,4,10407,-41591428,1063302869,-768528012,-868593657,-241691604,109634471
3,9,1,4,10407,-1272783065,454356437,2023036190,2080261728,-808562677,-1206808632
4,9,1,4,10407,-1980573093,977631088,658800323,-1393948616,-368973707,286355858
5,9,1,4,10407,-892190301,-1414616771,1106946505,-1420816233,-769733189,471316175
6,9,1,4,10407,646032613,1737801998,-292392778,160222895,-570958253,433999391
7,9,1,4,10407,-1788876102,2094574181,-180855934,-448726665,127003864,-1710714516
8,9,1,4,10407,-54988796,605343535,1357892473,2121727917,1173496605,42207905
9,9,1,4,10407,-400202407,487405225,1583474738,-596384677,-1966520875,-834728421
10,9,1,4,10407,-407404920,412770662,-466253386,18952318,506629163,1968829763
1,10,1,4,10407,1406020775,-730256601,1338658150,1317743199,1834042151,1664030704
2,10,1,4,10407,-507444637,1919137621,1172391924,890388930,-539693234,957689685
3,10,1,4,10407,-641879904,32436584,-622673663,-361578865,1566272488,582697041
4,10,1,4,10407,887876012,-1785015149,-301105034,828703019,-525799061,1157434077
5,10,1,4,10407,1973375908,1557056046,-1666807905,1232006624,105413563,-990488187
6,10,1,4,10407,1423836864,-1162317917,537392121,-570186546,648658093,19343914
7,10,1,4,10407,158737155,131061955,2027073186,-1558422003,995994340,-609905125
8,10,1,4,10407,652621023,-1097626953,665339934,-1501511875,-1318064870,6829786
9,10,1,4,10407,-496666744,274906092,1549487052,-842234427,-226042631,1043526668
10,10,1,4,10407,1869547552,1334532055,124084591,-1592666125,793910862,1826006510
1,1,2,4,10407,-1166773489,-1082410462,-783888638,-1712887572,-211775894,1083056983
2,1,2,4,10407,119869968,1946626843,1393088481,1227128156,651626305,-476935996
3,1,2,4,10407,1186356888,2028337240,-1532377222,-1923831835,-1569388678,427776235
4,1,2,4,10407,-445384576,-215698012,1879588432,-1824686723,1592595919,2120887086
5,1,2,4,10407,-1414777299,1550650011,-326429585,-1531270730,-846788611,-373026802
6,1,2,4,10407,16215532,977811336,1252372361,1080895440,-475948182,-794443819
7,1,2,4,10407,-127807336,-1968778201,-1385080542,-627241684,602104876,615702019
8,1,2,4,10407,-358532113,-405266049,-1794317722,1310857964,1604273282,-630781521
9,1,2,4,10407,-1279411975,764680430,1089121404,248879032,-1151042387,-386845208
10,1,2,4,10407,1833505612,1661659560,-1959589887,1966063165,147007853,1611310697
1,2,2,4,10407,2055989041,1054226589,-1452154323,1445319647,1107579629,1804711631
2,2,2,4,10407,606353294,-27826780,1779261930,387595040,1647786743,2130173248
3,2,2,4,10407,2008534160,2054762478,-1109577555,-1843416730,1978282829,-1358779442
4,2,2,4,10407,-66389063,-1273052379,407805129,1141386833,-1294877947,1897496545
5,2,2,4,10407,-1345693425,-1201210311,-1901197187,520946613,-421260472,-406022857
6,2,2,4,10407,397640843,1145815455,1511214251,1038118313,996326863,559687658
7,2,2,4,10407,2054572694,-1427195152,-450139957,1080880925,95817817,679350311
8,2,2,4,10407,-965567483,-127468915,1845892419,1409496289,-562334606,-2124222141
9,2,2,4,10407,1639021298,1641483019,-1678557303,745988069,523393309,964258778
10,2,2,4,10407,-110723136,-1678104853,286243835,-1427439793,-1022628029,650295310
1,3,2,4,10407,-1083509881,-476766561,1400650074,-1417243370,-1343842607,-1501441079
2,3,2,4,10407,-2110815288,1564973862,-1371758484,-1196292462,233325929,-817371905
3,3,2,4,10407,-1647138837,-862876528,1282870657,1401717234,546917818,-86589586
4,3,2,4,10407,182279548,225006862,2037396917,653771739,-1029086069,1339809675
5,3,2,4,10407,-1608814335,-433126623,1301122474,-2014010118,-829500913,-1461423183
6,3,2,4,10407,435220628,8215263,-835646024,1409133888,-671219194,-660934459
7,3,2,4,10407,1699639927,-621471928,1078825596,-1461625794,743031071,1243413910
8,3,2,4,10407,-1476787109,1118488028,-1183068027,2091263577,1900835995,-2058319580
9,3,2,4,10407,-1045482798,-1227119945,-2032916603,-1484196782,-847591051,-1082409088
10,3,2,4,10407,1932688404,-1703625361,1554895894,-65481167,1399297798,40675620
1,4,2,4,10407,-1490384174,-1495164357,-2050510351,1579251447,-1587456877,-1236884388
2,4,2,4,10407,-2057444512,101122991,-1314040427,-939292585,-530485791,-1099287907
3,4,2,4,10407,1444295205,1546163244,-908467316,230106004,1602175194,-627242824
4,4,2,4,10407,123849387,-947188554,-218334144,-1708519385,1824693563,-271287807
5,4,2,4,10407,1682806674,-609779764,1345568307,588330507,-296963698,-1750252187
6,4,2,4,10407,168997559,1247177712,1456790284,957981263,-155097309,1401256911
7,4,2,4,10407,1942910574,317915907,1611811632,-114750460,1832561578,1246423766
8,4,2,4,10407,1454500963,1552884226,2030328783,1177600904,1743851351,965327136
9,4,2,4,10407,647719987,542502158,-285862636,735096606,-1093701545,369030499
10,4,2,4,10407,516296307,49266638,867996995,-307153341,-598982828,1970034943
1,5,2,4,10407,1338888095,-1203587605,-503536371,-238521243,1978724766,-29089565
2,5,2,4,10407,-2053541751,789083238,363761527,1853527208,-1989767031,-1906576811
3,5,2,4,10407,-843519455,-1164824344,622537888,-196503870,1594632896,-1561254990
4,5,2,4,10407,-945002241,316592551,-1453639221,-1495131073,-301287191,-218016668
5,5,2,4,10407,1137266219,1186153659,-966257051,201134104,895542005,520655621
6,5,2,4,10407,1840172507,733146372,1131761822,929803198,-640867090,-1922370760
7,5,2,4,10407,1265588071,765608815,145105553,-601997426,-1663767688,1230820722
8,5,2,4,10407,-252549263,-1715130440,-84643437,498011484,1674403942,1863757462
9,5,2,4,10407,-269711047,459621487,-1413542581,-367030804,-739203238,-925047705
10,5,2,4,10407,1990905870,-1622015404,2143701000,-1755826655,-190570161,1656974662
1,6,2,4,10407,-192103841,-454453421,232532929,2048208407,-1280272224,980505410
2,6,2,4,10407,1046351882,207291725,1589192478,-256306342,1788878145,989850400
3,6,2,4,10407,-639610223,-1343484864,797195048,1154552219,2109297581,556335020
4,6,2,4,10407,137042496,-655217291,279834125,1471737696,1484366932,-1610375801
5,6,2,4,10407,1641096868,1594024945,1776671963,-909898193,1269046779,-1782633233
6,6,2,4,10407,710526153,565164770,1846173624,-1125076956,-1377366587,-792790568
7,6,2,4,10407,580947903,80695095,-1276032268,653946524,-595971116,-1785720439
8,6,2,4,10407,-1281269995,-130634139,1347553381,-1608150616,-2104885758,12399644
9,6,2,4,10407,-1471992109,-1102831788,-2127512017,1053588542,1625112510,459670423
10,6,2,4,10407,804399364,-972563271,313527123,-400934109,-601643343,-1154080903
1,7,2,4,10407,-715376432,2067518455,-1541773765,-2002729767,1259173400,1451282817
2,7,2,4,10407,-934338329,-1837144542,-1983364703,-608064409,-320031606,280936041
3,7,2,4,10407,-700694205,916620855,-1618101149,-567595927,610369385,1842823146
4,7,2,4,10407,869776121,1155257101,-651770095,-1398564029,374084489,569627606
5,7,2,4,10407,-1927939436,2112316246,-787624681,-561463260,435691631,-1371837202
6,7,2,4,10407,-1223822516,111642744,-446403361,1947805076,-2128592861,3966161
7,7,2,4,10407,667681500,-309819852,-971283959,-657034899,-1487983436,-2106054550
8,7,2,4,10407,282043658,1321622407,-792105446,1467587097,-1982734440,-1120077442
9,7,2,4,10407,1399767899,1319580747,450598806,87376880,-674301526,393329421
10,7,2,4,10407,-418025769,1548412004,-127824121,-652516752,1330287128,124363650
1,8,2,4,10407,1478607464,2045647832,-1960776208,-1586305684,-1317124233,1948854427
2,8,2,4,10407,-2015155342,1958479262,893767943,1196427840,-1894609051,1478186348
3,8,2,4,10407,-545251713,153559323,-431155745,136383633,861083384,-989718147
4,8,2,4,10407,-281135613,-663215848,-1171039351,240695805,667704232,48368472
5,8,2,4,10407,-2081993888,1167728255,2049827578,-685493642,-980954310,-37271466
6,8,2,4,10407,541387108,-1676201340,497450339,-1288621035,1636269256,1084210844
7,8,2,4,10407,-113844578,531536510,1151431879,479246936,-355924700,-1545279288
8,8,2,4,10407,749729518,-1104397803,28254743,1757371004,1889968075,333998181
9,8,2,4,10407,1820533376,469664021,412145327,309641099,-1100518036,1359198109
10,8,2,4,10407,-452492086,1359432182,-442408137,-1510657129,1371887921,116142091
1,9,2,4,10407,-882750656,1376816649,455700262,272268722,1400838986,1693357907
2,9,2,4,10407,1304392051,-630499481,1868559376,-1694822301,-2022839372,1487419237
3,9,2,4,10407,-1717105621,-1101854725,198704593,-687822095,-2069713139,635243919
4,9,2,4,10407,-213269228,-301924999,-382823379,1641025273,-1853963704,-1756232062
5,9,2,4,10407,1503694195,1744974150,-1163763921,527598827,-314560905,-399239386
6,9,2,4,10407,-505484329,-1105903830,863588402,2117817297,679734165,-1012859035
7,9,2,4,10407,652828425,-815067663,1133641051,-1179957632,-1552356166,1103360258
8,9,2,4,10407,-2133574270,30792044,1017987865,539746632,-640240750,1538498455
9,9,2,4,10407,-340998829,-1838349675,1149807367,-2027854718,-1522443337,-302716492
10,9,2,4,10407,-260752736,-1911051430,1320445677,-1756591198,578287342,-1595824116
1,10,2,4,10407,-2110088863,165949543,-755824187,-3442188,1387932015,978814767
2,10,2,4,10407,136581988,-1708509301,-1175208795,963274213,769398514,1209542324
3,10,2,4,10407,-1651770494,14326841,176136063,1440982027,-458832540,365542635
4,10,2,4,10407,1587507615,1145452284,-140348272,1891541329,1251155299,-1197531285
5,10,2,4,10407,1086801865,-969245786,1052599706,-156211898,1898805433,2019342511
6,10,2,4,10407,-1552972321,-2098288489,940442859,712941722,1640289679,-1726820884
7,10,2,4,10407,996718824,2030991754,963380600,149453264,1820893603,-2129984036
8,10,2,4,10407,-566864532,-1645371631,-275655076,-65940757,521288770,1396814979
9,10,2,4,10407,855956807,271605199,842689357,-408281534,-437977888,-193748343
10,10,2,4,10407,1209982484,-1499258740,-477962500,464773683,-1328744455,1452686217
1,1,3,4,10407,-1731782795,-974569538,-2029142718,-1548045953,-1145418379,-980737512
2,1,3,4,10407,-1191698937,-1444225747,-2093610107,1864202657,-717540314,-1950680316
3,1,3,4,10407,-2018715854,-1256563068,-541005241,1257852233,-1854147084,-1816889174
4,1,3,4,10407,-2137255086,1468550845,28616416,2115271839,-161765514,-2121467403
5,1,3,4,10407,-458426818,-2103705256,-1012666571,-798478790,1699754363,1485735376
6,1,3,4,10407,1424356162,-1881404120,-1030944146,-1855763566,-253297006,793641780
7,1,3,4,10407,-873282772,1979883224,373600267,1750101676,1888078864,313534426
8,1,3,4,10407,-317567089,2077119207,-1129699388,-1539923415,92075733,342080268
9,1,3,4,10407,693407766,1753937600,-230083518,1751137326,843457406,-1290780072
10,1,3,4,10407,1768373654,-1404242689,911262805,-1044629077,-1214312599,696222493
1,2,3,4,10407,-1882067948,-1473192940,-1928340455,-2044091731,-1675789484,-256831969
2,2,3,4,10407,-444634145,-1219329376,-419904335,1022126170,-250033952,-1112376037
3,2,3,4,10407,-131372535,-1591990544,173635400,-99388703,-1796748757,390673916
4,2,3,4,10407,-761333565,389969471,596103331,-94005,-1712467048,-1940352601
5,2,3,4,10407,580991471,-1394024400,523859085,990658777,739671555,8424322
6,2,3,4,10407,2121840863,-1233041423,-1853570008,2070806198,-653866041,626581794
7,2,3,4,10407,-1693734006,1831610847,385290013,-1526857972,-915556559,986828703
8,2,3,4,10407,155713101,1312676492,-1594638540,-255945590,-408585087,1914284584
9,2,3,4,10407,1143777781,1721832006,-1826916714,-321131771,-682073222,2118538995
10,2,3,4,10407,-747625331,734681288,-219697002,108133336,1694809375,-854273180
1,3,3,4,10407,1604984597,2004318594,2023992314,960990635,1369665909,-1013805284
2,3,3,4,10407,431822086,815209675,1789939153,-1795006552,-16243966,-1825543599
3,3,3,4,10407,429755199,-304765501,1645997862,-1984986888,1640667539,-194861673
4,3,3,4,10407,790940944,746325412,1759291087,1162353260,-468567901,933133804
5,3,3,4,10407,845345922,704445930,-1387700462,-1941832632,1133032665,1903386033
6,3,3,4,10407,849911124,490269901,1136049434,263167799,-988808619,2029270032
7,3,3,4,10407,86650957,2107722179,-746331412,-1130003772,2132534272,-1673504226
8,3,3,4,10407,1209124929,1440897125,811762384,691174930,-2057312952,-1867712242
9,3,3,4,10407,1833879604,-1773172150,-1530740621,2052628383,1902821001,354516385
10,3,3,4,10407,-1148457397,-1290644679,2145961925,-145195192,133896482,716925064
1,4,3,4,10407,1333997208,-1641652573,950063123,147345816,-456060458,549942268
2,4,3,4,10407,1741586532,-1914309019,682263245,-969799738,173563956,-763428918
3,4,3,4,10407,1006513598,-4173544,-234840524,1172349264,-1336555666,330008766
4,4,3,4,10407,-47726074,569704063,-1481738447,2110643971,-396858118,1749264891
5,4,3,4,10407,112335533,169946381,1284078667,-23296902,-913349924,1202708647
6,4,3,4,10407,1837416062,-66981547,1742319774,1387353931,-2102036948,1250675668
7,4,3,4,10407,1982192887,535299193,1435165512,-673059997,-927780296,-450118608
8,4,3,4,10407,231866491,-1416296251,1097763422,-847146910,-1562065564,61746285
9,4,3,4,10407,-965282048,-487935998,136609510,-598642719,-2061699317,-799948445
10,4,3,4,10407,1412386412,1393798095,-2088248422,-229605433,-806129952,1207026286
1,5,3,4,10407,29657431,-1039589545,1636175659,922887944,-247710279,-1925157685
2,5,3,4,10407,-1023633011,1969137969,283150041,828214833,845646799,-1289135603
3,5,3,4,10407,182966106,1343433804,-929647221,-1601879280,-1234271141,-1501497219
4,5,3,4,10407,1540213606,-1090437630,-401167824,-1256517426,1256921116,1943674826
5,5,3,4,10407,1078577522,-1768768030,1242444733,1851204771,-146855247,1724721024
6,5,3,4,10407,-530451010,-1201089557,1163107460,1817738329,-1758833471,439826586
7,5,3,4,10407,-566747467,-985380010,-1457150853,1031151399,1391328363,762740093
8,5,3,4,10407,-1322881313,-1777321912,1185204331,-413733460,1617714927,-84475848
9,5,3,4,10407,1370754026,-386161343,-1090384857,1781449595,2069601223,-2132492617
10,5,3,4,10407,-129314885,1720322642,-260654355,262703344,-136625927,-1120710582
1,6,3,4,10407,-1252512336,286383820,-225997381,-125674233,1658865914,224151013
2,6,3,4,10407,1404970996,678287547,-414671609,-293019198,1036369841,-1796531407
3,6,3,4,10407,1853303171,116036984,2111296141,-1965079801,-1135369956,-54373144
4,6,3,4,10407,872663562,646863722,1797872368,-1554512932,1507217177,-1966037324
5,6,3,4,10407,1912419797,-837044470,1996055869,1792832658,484335189,2143304436
6,6,3,4,10407,-1898787574,1785107297,1255955884,-2011749809,-841613665,-1106329292
7,6,3,4,10407,150069989,549133090,1203044486,527309087,977730598,-436719620
8,6,3,4,10407,-1562265793,-1703844011,1047185970,-1885082269,1242529603,2027220536
9,6,3,4,10407,573424549,169104009,214098230,652150924,-2137841861,-1652467838
10,6,3,4,10407,1416465268,1550052737,1705708409,1873315254,1518859028,1905171466
1,7,3,4,10407,1188955442,627122481,1903316552,-870291048,-2108071116,-1747693245
2,7,3,4,10407,-253096994,-1168647911,-1691550173,456302491,-742727020,-1176498501
3,7,3,4,10407,-1512449220,-520425617,1521611889,2087038105,-1138715010,7595660
4,7,3,4,10407,-1261289901,-1950893277,892923207,1951964103,684232910,-311221413
5,7,3,4,10407,1597727039,-1941942522,368020249,-1549440548,1602200033,-132756259
6,7,3,4,10407,-687534676,-1088203243,-159219128,701518461,-1606920463,-1146791440
7,7,3,4,10407,2038476113,-583027557,1356089992,1989180026,-1405576057,-104044602
8,7,3,4,10407,-1516026622,-1808662055,-850319112,852033214,1123826427,-585403029
9,7,3,4,10407,-1183764510,537891826,-2029506113,-1542543333,1259743745,1637489141
10,7,3,4,10407,-919529753,1514925896,-2033700143,211807037,-903837885,424854306
1,8,3,4,10407,1396146381,-392394594,1632867347,-1939701855,-856568657,1783010466
2,8,3,4,10407,-738306606,544191080,493006379,-1140808481,161014792,-1002869433
3,8,3,4,10407,-2028690147,-1562279585,-621630798,38844705,-795413656,1381386009
4,8,3,4,10407,-209310040,-653048912,1960297684,-2044026319,843896266,1133356014
5,8,3,4,10407,2005968333,168869442,320075904,-636366235,-1815091587,-1123189020
6,8,3,4,10407,-873381272,-1291490842,1831084296,1120637295,2069665797,-585189787
7,8,3,4,10407,1008875178,1974273189,-844837182,-880789471,1658702145,-144088517
8,8,3,4,10407,928915548,-1271572597,1351321784,-595172803,-1435897348,2090510520
9,8,3,4,10407,-1461376446,1922789943,1085097139,532299266,1806233402,1597435392
10,8,3,4,10407,1069829446,1272805179,-1973268834,1797338109,268231598,1869088619
1,9,3,4,10407,935596495,-1996887593,362677883,1040550510,-429656158,365236014
2,9,3,4,10407,670506746,1393842118,1576474473,794399146,-1507768896,-1842905598
3,9,3,4,10407,-96452224,1318400904,-436819590,-2143651987,1102969109,429727778
4,9,3,4,10407,-1835409454,1275316784,-1885956761,784596253,-933031430,-286010834
5,9,3,4,10407,-1537642959,-811237616,1426281813,-1779993056,-44756389,595998992
6,9,3,4,10407,-1440857330,894982358,132193198,1634398506,-246850679,-530111633
7,9,3,4,10407,1174609572,-569042167,-1845459848,-53356248,1173246104,-1995186181
8,9,3,4,10407,-94539618,-907301609,-1494598744,1600409836,-2088521144,91271155
9,9,3,4,10407,69577883,-1676663053,-774556778,159762100,-713511802,-70900200
10,9,3,4,10407,-1363837166,-1485393067,-96243541,2076659536,-1577169806,-1183582022
1,10,3,4,10407,-1750389375,1885812348,-1594399523,-1219167661,1002880123,93413318
2,10,3,4,10407,1033676847,1226721146,1815556181,2102294902,1403079330,-1625389333
3,10,3,4,10407,-765119952,206160132,-2064878830,1781958192,1711950446,-1878463541
4,10,3,4,10407,-666642578,-723922591,-705196618,365063792,-1248246804,816599685
5,10,3,4,10407,-1899324082,-535586639,777697923,1355160790,-1325385218,1957626203
6,10,3,4,10407,-39485142,-624816860,669150354,-1925410180,-61020065,-202407819
7,10,3,4,10407,-104848450,1361059409,672918725,139873442,832317329,-1118290576
8,10,3,4,10407,486995094,277710918,-1244466197,-1340660469,-2003885345,1943694254
9,10,3,4,10407,-1349748471,-164606624,899021913,1413377303,489197986,1258182867
10,10,3,4,10407,-81324491,-919737193,275736013,392821392,-1276171855,-2008054537
1,1,4,4,10407,317778736,-603223111,39928854,-437933082,-1101068044,-271297268
2,1,4,4,10407,880024943,607560205,-1019566009,871705951,-270135757,1878207974
3,1,4,4,10407,1502316336,1348707793,-1964972130,-73707689,-1426544064,1586661690
4,1,4,4,10407,890686247,884232133,1246891520,-1106863578,1138875585,1407297281
5,1,4,4,10407,2014452905,-610962716,710469304,1616764080,-91773402,2103432081
6,1,4,4,10407,-688087677,-2105150349,-1445178968,-1758910683,1327791339,-1154256174
7,1,4,4,10407,-404966071,-677240135,-548560831,1934327627,900790326,1050824570
8,1,4,4,10407,-1398392510,1427965584,768962,-481921561,1127007205,-1413611659
9,1,4,4,10407,470819429,1047272021,-1040340091,1455314469,2016619798,74113727
10,1,4,4,10407,376394781,1288437414,-349993122,362346930,2055867054,-1448133219
1,2,4,4,10407,475770708,-1147957412,1124166222,-856861779,1300966138,-1932644748
2,2,4,4,10407,1911196962,1161896277,1975396932,-580552596,-442004475,1318510303
3,2,4,4,10407,-1603608024,-1522137433,1830089408,-18363705,-1747390459,1235200451
4,2,4,4,10407,1060621574,1627082296,-178044876,2140551570,-216445016,983848689
5,2,4,4,10407,-998365614,-457299948,-1558070156,-313933315,134174065,936903818
6,2,4,4,10407,-967750817,-292977112,2055274023,-292723948,-805595527,-1162898376
7,2,4,4,10407,-822579466,-546096428,1836076441,1846002939,-1290887842,-777160693
8,2,4,4,10407,-908327782,1669486330,1433577170,-805470496,586376312,-161779792
9,2,4,4,10407,-441799668,-91389307,-937385564,-1112021919,593498014,2146038508
10,2,4,4,10407,676859459,-1338988005,-684349277,188045256,-539651982,608080107
1,3,4,4,10407,-5045353,792541669,-1865286201,-1483117171,364963452,-929179792
2,3,4,4,10407,-527664226,217165703,14584782,523030619,1806880374,280518987
3,3,4,4,10407,-736988,367800880,1542844695,601102295,327704034,979351121
4,3,4,4,10407,-1701212054,2086031810,1393837904,-541989368,-1259255797,-859227546
5,3,4,4,10407,1920522731,-1897019014,-687795397,387148150,-1347121973,-1124655014
6,3,4,4,10407,-1132539643,-1021742881,-339785098,465526002,284117041,1464466
7,3,4,4,10407,-136603266,524793698,-1462722306,-888413919,41026344,1995697005
8,3,4,4,10407,1672502561,-1984913908,-47750833,1880571856,-1473438642,-1682973258
9,3,4,4,10407,-528711391,-1805939429,1288876722,987037326,495173723,-1102147596
10,3,4,4,10407,258198889,944082,-1760041993,106309285,1615601418,-1228008485
1,4,4,4,10407,1722851562,-1710988279,-457944726,656235710,12369162,2059678833
2,4,4,4,10407,1978085418,-1282285359,-590963654,-1745796767,-1849160469,-234086003
3,4,4,4,10407,-1950190645,1546121076,1116356319,1430152294,279859992,1372033849
4,4,4,4,10407,-1311898885,690923834,-1411362543,1068886807,2066806346,-1664687360
5,4,4,4,10407,1859195769,305887085,239897427,1653032595,-1804892321,-915855962
6,4,4,4,10407,-795139667,658555138,-1710865948,1834353832,1738359669,2022210518
7,4,4,4,10407,322806728,-1859970725,1909809684,1451822521,-873766217,1848149956
8,4,4,4,10407,21896823,331882230,1674315101,1818903409,-1026112696,-896811242
9,4,4,4,10407,514376812,-1372985603,1210865494,981921349,1726898751,783663568
10,4,4,4,10407,1194070117,-649803282,724074800,-524550045,1372588376,1957195438
1,5,4,4,10407,426748436,1901062405,-403492357,-1664354916,2110270779,-1307168375
2,5,4,4,10407,-248035169,567605685,-832947909,225772751,-701829579,1964365979
3,5,4,4,10407,-166516024,140858996,-1213195677,1340507185,1289468225,-20910290
4,5,4,4,10407,-2040488357,-2107471633,-380871811,-53289550,1326258067,1093243514
5,5,4,4,10407,667426837,-1799044440,353094615,-1482992336,-1786937495,1206428683
6,5,4,4,10407,948908221,-554375067,1511120635,-797448427,-781091471,-680081373
7,5,4,4,10407,599244241,392390371,579245569,-1411468331,1688066592,1988743072
8,5,4,4,10407,-1222832949,1862569990,1455725445,616899407,62755233,1273897054
9,5,4,4,10407,-2069673136,-1753694511,-461106506,-401985569,-213925361,19493142
10,5,4,4,10407,-1641254867,2142741840,-1898587512,-132361469,659848277,1632422404
1,6,4,4,10407,-1621366756,1136758016,-305468431,347304623,-691822215,226843057
2,6,4,4,10407,-1815174165,663827208,1303535072,530520704,-1997641382,-1579476633
3,6,4,4,10407,135594052,-1079184589,-1157672870,795142563,812543006,957996384
4,6,4,4,10407,-408998243,1416357548,632046464,-399234949,560373637,823781614
5,6,4,4,10407,794444067,-870931481,-1553988445,523524612,531851859,-1319039360
6,6,4,4,10407,-1655646079,-1766709463,-1533724060,1271924745,-444260241,-1988795174
7,6,4,4,10407,-26534691,-76738341,1535642481,-1238497436,1718799756,-1199131095
8,6,4,4,10407,-2140775879,-836678297,725203941,-1190847049,1435050229,-1349460321
9,6,4,4,10407,-898153137,-697039212,533712086,-1439691329,-675665523,992783314
10,6,4,4,10407,2023631638,1472905428,251176487,370435960,1688679678,-193631285
1,7,4,4,10407,-90806638,-970641044,614354074,-533322897,1348924755,-1205684454
2,7,4,4,10407,182736835,2141135138,1875384066,-1578275319,851644556,935178305
3,7,4,4,10407,741402484,-1727137440,-825337959,1084346763,-626180136,-944935808
4,7,4,4,10407,829927542,-1774739877,-809417085,-1532359934,1209364695,-1424419194
5,7,4,4,10407,-1432544998,1981432626,-1998792806,996834627,-1145815614,1084065034
6,7,4,4,10407,-602901457,-888580798,-1128784543,2104794789,966690454,290285806
7,7,4,4,10407,1777437489,1230980701,1995579782,1137815866,1669609118,1148866656
8,7,4,4,10407,777996851,-740354730,-697971097,-481182223,-1662656530,914658482
9,7,4,4,10407,541192938,-1482144571,476749679,-493055539,-48456055,-305906104
10,7,4,4,10407,-762183836,1341687078,-409397294,1002435264,-1239063104,1014421832
1,8,4,4,10407,-1992389379,87950386,889667091,-1472305507,-1245252879,678171999
2,8,4,4,10407,155800812,871137024,-352220908,-619060880,1359964966,-1492751638
3,8,4,4,10407,-1049817397,194537986,553986667,-108463262,1408346835,-1180394386
4,8,4,4,10407,-1313656866,189925939,1126197170,-1929767281,-1448787704,1572841480
5,8,4,4,10407,297588444,1764849473,-568148680,1575972727,205653345,2022619037
6,8,4,4,10407,1189297295,-405458430,1281854780,-1029874926,-1052708666,68528334
7,8,4,4,10407,-825100248,-1316229384,613615485,460512763,-1735121571,-543976911
8,8,4,4,10407,1427963552,-974960483,-799195143,-1785678728,740666766,910176947
9,8,4,4,10407,-2009670484,-460608145,-1719472950,-2092210177,-1661198659,-910443695
10,8,4,4,10407,-1127787858,1666032059,-642444039,-1658127824,332565101,1011288502
1,9,4,4,10407,-118412604,-1860515712,-2075500487,-1737320933,2033570763,327507588
2,9,4,4,10407,-36509336,62182067,-1444485391,-1688542455,-262253106,-1634526474
3,9,4,4,10407,-1790724357,-996669086,1539977338,51771953,1203090948,-857809577
4,9,4,4,10407,1574124781,-547965489,-866264087,1925667828,617639130,823771706
5,9,4,4,10407,1460725754,-1677858522,-1165899183,-1764165735,1588972699,-1703281200
6,9,4,4,10407,421094383,-745394989,-1785369619,138131110,-1188762601,-177416326
7,9,4,4,10407,-1018954383,-1080552612,506735407,-216037502,1471095126,1237488577
8,9,4,4,10407,-320876746,1575480845,-392108287,-1897339520,-1477455850,-691528781
9,9,4,4,10407,-895591712,1393655840,1734990059,-808521905,-1347559118,-1845096641
10,9,4,4,10407,-41415789,1509419594,126953652,-1395214863,-99711602,-1440828257
1,10,4,4,10407,-1334066280,571592351,-1329172211,2013490905,2115282622,1342995323
2,10,4,4,10407,-461277757,2137963990,1555313911,759868455,-50103720,1542644444
3,10,4,4,10407,106455896,474201554,1349673554,523860016,-866541151,-1738799473
4,10,4,4,10407,896536065,2010528094,811569850,-1213914212,-238679615,499113959
5,10,4,4,10407,-1517083618,-920776944,1720283370,816070963,-1105961812,-973024201
6,10,4,4,10407,1452480937,-643158443,-52435432,2014184679,1190866121,-1194680190
7,10,4,4,10407,1984581928,-414955785,-1398904757,-941324350,699045479,-196872961
8,10,4,4,10407,634088920,-1641638236,-1131089466,750957555,1368990071,431102576
9,10,4,4,10407,589677861,52076587,-249544414,986654269,-1035411092,-398051691
10,10,4,4,10407,-411951941,622474049,1115965167,-641158650,-764150144,368875476
1,1,5,4,10407,765231785,1305465735,-1550834568,1427317366,-2088733538,-1553522088
2,1,5,4,10407,-1741999920,-1927386457,1002818031,-840335445,1561579796,-1471151207
3,1,5,4,10407,-1985355961,-1790768618,653991375,689026003,1468168792,826883851
4,1,5,4,10407,2040436019,269581508,-2081392276,850417683,1315843675,1993844470
5,1,5,4,10407,-925927677,-1043199808,316363150,352336917,-1122820502,-2072810021
6,1,5,4,10407,1934699345,-509219610,1463839055,177669400,133626697,-842138203
7,1,5,4,10407,-1582292689,492377116,-1426849059,1991672646,1521198457,-180801180
8,1,5,4,10407,-703370725,-931981885,1825023498,-2092526296,176623337,-672900608
9,1,5,4,10407,763161203,1893203495,-64175014,1554007397,1864853014,-1207468152
10,1,5,4,10407,1700025475,363731758,-1547826373,523965580,1889685409,36083629
1,2,5,4,10407,-1652641527,2027494370,702783144,-806216420,243827724,-1166740422
2,2,5,4,10407,-1727694903,-232340206,-127901648,-1086295160,167206291,-1945219420
3,2,5,4,10407,-1422839089,-1784506939,654326713,1946685871,1952169321,-1648105400
4,2,5,4,10407,2017653703,1253921568,274524963,1190726477,-818518690,-1031505293
5,2,5,4,10407,1782059427,-1871666090,-1414550732,1352787849,-755685361,1143206222
6,2,5,4,10407,678152580,1006175598,1151301071,-257861931,-455261174,-2008710675
7,2,5,4,10407,823103889,-1751442470,-1960134635,207231244,1970215985,37409745
8,2,5,4,10407,-474947203,-2042872797,-1425747858,924335509,-1167398751,660959842
9,2,5,4,10407,-1895389938,-439109817,-371654468,286202237,-1277328794,405405650
10,2,5,4,10407,1478776166,-786346293,-1474932385,192823183,-605756987,1858210907
1,3,5,4,10407,-1100777046,-319122387,-831906007,206340023,-210961670,1405836121
2,3,5,4,10407,130155114,-655594571,-1492145590,940507905,441928067,-780651431
3,3,5,4,10407,2116051304,-195079824,-1025548630,1321386993,-1526164865,1349059648
4,3,5,4,10407,450669358,2016066157,1431722340,149074240,1707053020,-1324007214
5,3,5,4,10407,-717147379,51899134,1980081958,-1641050991,-1470977581,-1772129144
6,3,5,4,10407,-1630843350,1530553460,-1522211572,-456772588,-1010950882,-1570329631
7,3,5,4,10407,493449230,732381777,726465327,-1390422084,1330189586,-1641544536
8,3,5,4,10407,1154134171,438541847,1971600287,647893201,-2018705136,1181686068
9,3,5,4,10407,-306667270,-1712386664,-1309285480,1283406206,111145234,-1362294012
10,3,5,4,10407,-1925704030,-1567838622,-107508993,32293064,100190577,1306847043
1,4,5,4,10407,-275898272,1917429476,1541883584,1867760990,160887816,1605781535
2,4,5,4,10407,228510938,716597403,-1494733078,644522349,463460313,-1504350346
3,4,5,4,10407,890525537,-1364133453,1808488972,1174972673,857997366,2106868242
4,4,5,4,10407,-1319680833,-1739973489,-163926929,301421454,-857763471,-1320752928
5,4,5,4,10407,-662765527,990414619,2118221662,1497333716,-334075847,1180381876
6,4,5,4,10407,1690950215,645394475,205138410,332037441,1854863445,-1541346048
7,4,5,4,10407,-1831869613,-66900515,-1778058897,1701892680,595344526,1907540557
8,4,5,4,10407,-143496298,-719165940,2123619079,-1121286073,-405660925,-179980136
9,4,5,4,10407,2017610249,-913684051,-701997723,1922460101,-813495632,805589512
10,4,5,4,10407,314298765,1828907711,153183930,-1727883774,425087019,1697435379
1,5,5,4,10407,-1822183388,-1825641118,-1215245333,1865038505,1264483489,-1564806253
2,5,5,4,10407,1151558306,-534149955,576168919,373492511,-917895699,1226805670
3,5,5,4,10407,-1800417641,149825425,-103058951,-341512154,-1553204272,-1944948748
4,5,5,4,10407,-800071427,2007641302,-1250955631,911623412,151001324,-154884093
5,5,5,4,10407,-1890817059,869441812,-250760302,110451609,-3681378,-761116039
6,5,5,4,10407,201314094,551649181,-683260809,-1390621583,1640000815,274858673
7,5,5,4,10407,1225080369,-327036757,-1517820390,1358651949,42169990,1761765432
8,5,5,4,10407,282581911,-2080326064,1687596740,1514066457,-2044664254,525402894
9,5,5,4,10407,1356577756,1348888495,25637152,1083693509,-812686185,608691943
10,5,5,4,10407,694980327,-82762040,-1630481873,-1245674518,1339263653,2089620557
1,6,5,4,10407,452753365,415939219,1302830187,1002773742,-969132253,70050935
2,6,5,4,10407,357291659,113103633,-932073488,738769277,308179803,636431662
3,6,5,4,10407,369809684,-1960220110,786441975,-1516963436,558021304,983637314
4,6,5,4,10407,-1335915275,1718084234,1808806874,1865576357,620046534,1031577679
5,6,5,4,10407,-1496854031,241261149,-1966266559,-2131045323,1801920341,956351690
6,6,5,4,10407,-1671482433,2112139485,315211717,-761059554,1864524711,-1239705248
7,6,5,4,10407,-247091637,171580477,976459974,-84827771,1114678106,-1396908845
8,6,5,4,10407,1000905849,974607350,-1889249740,-1986322861,-1336097030,707173082
9,6,5,4,10407,1018778571,-298368109,-1879787295,682386722,59787132,193025341
10,6,5,4,10407,-806646668,-1016913215,-9967227,1520205954,-537446310,-1421556984
1,7,5,4,10407,846536058,-1557918002,-1795347807,-151000054,594309463,1804462474
2,7,5,4,10407,-2056269125,1905940301,-1746423708,-2145340959,-1505223149,11028955
3,7,5,4,10407,-572369860,-1017855441,-65919016,543851787,-514909183,-1749637163
4,7,5,4,10407,-1923136799,424957626,-1065161195,-97495131,870949452,-212516679
5,7,5,4,10407,1047673183,640782421,-1412905613,1646062197,-556286490,-1085814971
6,7,5,4,10407,-461312609,1201432856,706961760,316857871,1445871336,-440108318
7,7,5,4,10407,585769083,-545083268,-1511885862,-985727210,-372498537,109843
8,7,5,4,10407,-1077242798,1742229180,1509612229,-731229795,-2107739006,-2134627824
9,7,5,4,10407,1647882732,1054926014,945679431,891271864,1734610783,1306504923
10,7,5,4,10407,1903194862,-1775008109,146562825,-1929449580,-1254625492,1036480940
1,8,5,4,10407,1916318773,-1084767057,503519643,-412815394,-48838734,1862141488
2,8,5,4,10407,88163939,-1465461026,-1595452965,989663101,-234001917,478339672
3,8,5,4,10407,-1386171220,-1889642127,901858805,-1580706150,14062056,372446791
4,8,5,4,10407,-1653316686,-813029388,174147192,1164840472,-472436535,1307980074
5,8,5,4,10407,-197159496,128359347,48240792,-1060806350,323359945,-1524501447
6,8,5,4,10407,-957823118,1449463740,-1258217018,-1550956450,-927980223,-1496803733
7,8,5,4,10407,1772426593,1171609874,-1464263768,-1033542811,-1285133205,-1311993805
8,8,5,4,10407,-1066226945,2125943015,1378483016,510485518,-1345683732,-1695186908
9,8,5,4,10407,-360154497,96149017,-305828638,-306299806,908908508,-1196222871
10,8,5,4,10407,1072805787,-881526721,-2082561245,1836811862,1708325456,1322066799
1,9,5,4,10407,-93680303,712844834,-420256124,409694947,401419718,-385790458
2,9,5,4,10407,1311322829,-674592393,-1370870012,-697453674,-1914307505,-277717944
3,9,5,4,10407,1075127220,-2111539437,-1827103636,-1233510220,68985168,-597471571
4,9,5,4,10407,1841141659,391319202,-1123716313,-8307684,1426713645,-1548655520
5,9,5,4,10407,-998448449,-1453878156,1913326908,1806112557,-594482554,398618050
6,9,5,4,10407,-1970332839,1798625211,76345372,1789742301,1033461498,-1819841524
7,9,5,4,10407,-2010307567,927757549,-967777202,-1103905359,1757620757,-1823739862
8,9,5,4,10407,575938515,1493565065,1061536130,-1856071228,677171686,947529301
9,9,5,4,10407,-1954254836,-286089997,-1217549940,377240181,-1713449571,1685673854
10,9,5,4,10407,1447394980,-408141898,-1710779727,-185899213,-370925167,964389301
1,10,5,4,10407,166287222,158365735,-510955802,1569276400,1823294269,-2065667651
2,10,5,4,10407,-947372906,-1474279601,-154956832,-1654888257,520952820,-1343802578
3,10,5,4,10407,-1768308207,2118856585,-2053902897,-338365701,-1574300827,1313585992
4,10,5,4,10407,620897048,-1705762876,687620923,938534198,1668686938,-538102049
5,10,5,4,10407,1138635717,-1292169893,-958822217,-286148104,253601093,-2142733892
6,10,5,4,10407,339073305,-592381932,-1539454842,1794145198,280746582,1598011334
7,10,5,4,10407,-685143400,969590120,-2002884955,-568708572,405690913,1944343199
8,10,5,4,10407,955568986,-1082410853,694420669,2010237999,-756571616,1161590483
9,10,5,4,10407,795884770,866679341,587819969,1492840825,-273402264,1933521399
10,10,5,4,10407,523289542,1693446012,-1596041748,-2102624780,-1452952640,829772591
1,1,0,5,10407,1218938748,180582984,-59881804,1811308282,199548033,-1447733234
2,1,0,5,10407,849185066,884076500,1271138953,-257302832,1814720646,1196071356
3,1,0,5,10407,1409809527,1806096519,1422302707,-36978209,446305754,-1915764811
4,1,0,5,10407,380666667,-1661948598,1298841235,-1002678137,-106484059,-308600388
5,1,0,5,10407,1682244138,-746097984,-1443927206,1468652279,-160391584,-141837744
6,1,0,5,10407,-1517553147,115412471,1376923753,601603796,-592809644,1424303337
7,1,0,5,10407,-64440300,-32048249,-699641808,2042945513,-793644532,-1394469312
8,1,0,5,10407,2098373046,-430710006,887532868,1682916630,1268112200,126108995
9,1,0,5,10407,-988273808,1230344027,-1954356832,-751735697,-328693125,-712686092
10,1,0,5,10407,-1014149237,1588309351,774882122,1009698210,1474284591,345763891
1,2,0,5,10407,859424948,1983332736,-1855650994,-1587930860,-1757103144,-1157966830
2,2,0,5,10407,-980081896,-1417254284,1389475330,1386059511,129820219,512321992
3,2,0,5,10407,-1110474047,860450340,-741897269,2141631226,2038369157,689386143
4,2,0,5,10407,-927546217,-1257745527,899583633,-113453021,262323215,885976545
5,2,0,5,10407,93283674,-1831916822,1680589697,497273008,1180794863,-1862239593
6,2,0,5,10407,-699375522,-1047708110,779646224,1969275810,-1057792081,1349802649
7,2,0,5,10407,-327495012,662905394,1827514960,1689342446,1653401847,-1787573378
8,2,0,5,10407,-1047565609,960559684,977835899,1048641621,191466663,-25559541
9,2,0,5,10407,1834235894,747194958,-1614980745,-1068168832,-1575663020,1118115991
10,2,0,5,10407,-1470307755,-23926980,1091314295,983118722,1032355914,-1134097152
1,3,0,5,10407,-751853004,-162776421,-899740912,1544033319,258989252,1068076904
2,3,0,5,10407,1274694821,1475098696,206273601,1009411428,755768516,-1916593756
3,3,0,5,10407,1541967394,466067470,1555346654,-649173162,-514068705,2131260159
4,3,0,5,10407,1946021014,-1182621298,-1073506236,-1688257470,-2034523530,-1844562477
5,3,0,5,10407,-2107907546,-2017367465,1683460419,568469858,780476748,321055917
6,3,0,5,10407,-658040421,-1557027122,-1305783424,-44908401,-702423578,1614226217
7,3,0,5,10407,-2070105932,1762467508,-938844778,-2046638516,-387934449,5857696
8,3,0,5,10407,1170649632,1728428820,753889701,-829930447,-1277751973,-385203565
9,3,0,5,10407,-983078982,-675395807,-1869726760,-416725478,124763051,934421519
10,3,0,5,10407,1607711972,-1885396398,-48637376,1171085650,1028379523,1315716960
1,4,0,5,10407,719080468,-859924171,-1644819911,1518232567,-14009489,-2024281899
2,4,0,5,10407,542279799,-2079746032,-1294545217,-1126485913,887960837,-1554164419
3,4,0,5,10407,-2072756563,-1870826977,863623806,-887452484,1042518318,-1594089982
4,4,0,5,10407,-1954263274,522242326,-1304764810,-1605496965,1045213259,1483216965
5,4,0,5,10407,-1505212378,1869189185,-1948231241,-1435079172,392817582,1463862398
6,4,0,5,10407,-235704731,-249921889,337471357,-1895275890,-578008858,582620563
7,4,0,5,10407,640968203,-2059776402,2143700422,-715208467,29491435,1204107087
8,4,0,5,10407,-1006346739,-385413116,1513789397,1353877535,1432524697,1671994063
9,4,0,5,10407,2124880393,-498745243,-1307274884,-783948215,1166185761,-1039275146
10,4,0,5,10407,1923216050,1744234864,1407821569,-1108164872,1890981222,1435526856
1,5,0,5,10407,-1930209141,-1165234801,-1093789508,-1159133427,-1502494866,1068052801
2,5,0,5,10407,1279963669,-1658856148,1067980248,69194563,975517497,1785343844
3,5,0,5,10407,984519458,-940186257,1925477849,742857246,1934706774,612127819
4,5,0,5,10407,-1948740604,-744034161,617924899,804285481,718710433,-562146211
5,5,0,5,10407,347027188,-1150130909,-1651611287,-2136750266,-800563718,-1101323230
6,5,0,5,10407,-711220029,1786022297,1851675354,-1954608559,-723714960,-1940507593
7,5,0,5,10407,-1533222983,-1745972899,2088964371,-1426625144,1383965896,-2057642671
8,5,0,5,10407,-1385574366,1391600697,-672506817,21660973,-1374630714,2048210107
9,5,0,5,10407,-152509650,-1864596705,1033390047,1322447765,-1039189412,-992118183
10,5,0,5,10407,801925880,1355050628,1975032817,-74467015,-1004553179,1760333026
1,6,0,5,10407,1511436350,-1880252289,2038277988,288010111,-1483122589,1427373527
2,6,0,5,10407,-1738216931,1773035626,472912742,88367585,-1523413400,1514584637
3,6,0,5,10407,-362347031,-1337896881,-827790582,1667953194,-1227366263,1715111007
4,6,0,5,10407,1026465206,508414803,1590202085,244415060,1994250951,762897031
5,6,0,5,10407,-1048304606,-412158987,1999163689,-297341828,-994749653,-980435780
6,6,0,5,10407,-951349035,-348901949,-2088306675,-962887354,982162601,1400414750
7,6,0,5,10407,-1994679447,-1898925036,-24869930,-1320785028,1076433553,-1050852974
8,6,0,5,10407,-1441080065,197225262,-211020548,429290771,1471525979,660877105
9,6,0,5,10407,947529675,-814835485,1741848188,263009491,-1253449142,-1018167780
10,6,0,5,10407,-571123130,-1855285444,-1103600649,-2042454274,-695858042,-2012555949
1,7,0,5,10407,997584543,-1612428822,1873186268,440278727,1205417105,326842983
2,7,0,5,10407,-364046599,543165175,2074550109,-941568395,-1987446426,-1872513866
3,7,0,5,10407,-299243984,-1068296604,-1834016044,980336727,1030030599,1760003368
4,7,0,5,10407,634379552,-1743157249,-517492053,-1028770999,-1489063914,-856503054
5,7,0,5,10407,-944280317,-1281721189,-711706833,-574757825,-1786209390,146979907
6,7,0,5,10407,757949856,-460497582,447785282,2146999642,-224156745,2043277012
7,7,0,5,10407,-174903726,1349669415,1100329211,-1305001173,494249135,1103322340
8,7,0,5,10407,-888693724,-413956179,-1420553806,1668062046,793554247,1941199288
9,7,0,5,10407,-1305478507,-2011134346,-854208933,-844500183,-1664462632,1750975188
10,7,0,5,10407,-1805756870,-1328813510,-1233991050,-1569364735,-460520775,724309179
1,8,0,5,10407,-2048418056,1826724379,1876888223,-294712423,1845792296,-404936126
2,8,0,5,10407,492908074,825013462,-429360589,78979994,-205018740,-822248704
3,8,0,5,10407,878132977,346132234,-1697216190,810380721,-349675099,664675235
4,8,0,5,10407,1521219496,1232580301,-1259304277,-1349036067,535170877,-1567266974
5,8,0,5,10407,2106466816,2078008019,32130024,1078235862,-1012116095,-746490967
6,8,0,5,10407,-115828462,416705950,-1049916068,500719880,-122177168,-1459477843
7,8,0,5,10407,-1844822811,1614162984,78688798,849308095,1561819866,-224180802
8,8,0,5,10407,623012814,-1907698261,-1897535767,-222423042,-1623508647,-2075100333
9,8,0,5,10407,1818949955,837589262,-1537599959,1090243205,-399375733,636057835
10,8,0,5,10407,1414054394,-1960999452,-1472591889,36537450,-2094709079,-1688094401
1,9,0,5,10407,-65769808,892359116,1359182197,135415271,-364420161,2061487768
2,9,0,5,10407,1005690942,141928936,-882755864,-2054343508,1559545847,-1619774847
3,9,0,5,10407,-1798722539,1562189316,838184669,-1135800525,441521435,-1196914564
4,9,0,5,10407,-337828477,-1943347148,227676865,1191520316,1841633955,409435690
5,9,0,5,10407,1926678421,693236041,-714981248,-1336269020,-817711672,-1817564773
6,9,0,5,10407,-1403952889,84396500,1914265414,-1852113246,670831050,197298254
7,9,0,5,10407,619999009,1453660938,131299230,314252831,-2054801821,1673867557
8,9,0,5,10407,-1887422585,2126817316,164693027,1741395682,-219020777,1040366465
9,9,0,5,10407,694417062,247326734,1577640742,-1262203025,-162692066,1895877275
10,9,0,5,10407,297644125,-2005006176,1645054357,-688757002,1135828753,-1130151265
1,10,0,5,10407,157299411,-404719216,245941051,-349180806,-1988822669,972893538
2,10,0,5,10407,502603315,1647538464,1456629402,-584179343,568072236,267155105
3,10,0,5,10407,1582002955,679175634,1338301435,-1858078926,-523002099,-551593820
4,10,0,5,10407,-726649049,-734580795,-2069375452,-1588559986,558854270,-1421381798
5,10,0,5,10407,-1423631775,-772644845,1465649375,784885974,-1203250091,1112063069
6,10,0,5,10407,-1005781788,1135737359,205487371,-1661012792,-868244595,724026959
7,10,0,5,10407,92555454,-1087733442,-425378266,498804576,438136955,825513303
8,10,0,5,10407,1068888106,-1686941244,-1734566142,-1920358743,86004172,-1046967237
9,10,0,5,10407,-1333750837,-97521965,1293009985,1756458796,66164033,-722119307
10,10,0,5,10407,-1854566904,63128959,-1132503885,-342656231,1125792625,-632845468
1,1,1,5,10407,925599463,1684349790,286281707,2038991317,1538234220,-523849569
2,1,1,5,10407,313031314,341763510,-407398798,-20823459,-262731047,-750967637
3,1,1,5,10407,723991278,1910914543,-185134655,-491674873,-385765236,204224115
4,1,1,5,10407,-1121852940,-2100503127,276136481,2041319665,1144363182,-996037654
5,1,1,5,10407,-1453167982,256822742,524462784,-613472775,-512447786,200741650
6,1,1,5,10407,-1222626760,-1139480399,484189449,-870573157,-798099268,1101632106
7,1,1,5,10407,-2146315915,-1843539465,1692534939,370042590,-942803501,-1791735105
8,1,1,5,10407,1818768499,908149544,1954414160,1315771762,254969078,-293338931
9,1,1,5,10407,-91899384,-1374756663,1560332088,1995560942,-1308988785,-837445461
10,1,1,5,10407,809645065,-680428332,-1655773608,53907329,1732804377,217198599
1,2,1,5,10407,1958569819,-564096358,867463289,-2147089524,-1047428528,191604775
2,2,1,5,10407,846685880,277711363,-1897218126,1771860778,-1294627576,-1868335028
3,2,1,5,10407,-1019974599,1978452997,-1395073237,-847901814,322712657,-345263533
4,2,1,5,10407,-189722615,1816977464,1745028575,163998919,744431398,1052165871
5,2,1,5,10407,1917358547,820388996,-1688809224,-204494134,1310699011,-1844783920
6,2,1,5,10407,-746531293,704137346,-2097302050,1996080023,3784475,-1407399997
7,2,1,5,10407,224892938,147936051,1121848882,258185776,1763898888,515834422
8,2,1,5,10407,1453331882,-250576088,625607256,198048991,-1306925895,-915299469
9,2,1,5,10407,1409659101,763413604,1559716869,-15795464,2073317298,-1855844656
10,2,1,5,10407,242988602,-420987741,-968340916,650546104,81428583,-1768441367
1,3,1,5,10407,973881734,-2039588154,-1208774072,-631233754,1285487685,-1337844996
2,3,1,5,10407,-733749565,24259530,1258501512,1876770489,249874633,54709213
3,3,1,5,10407,415400560,-1070981285,1532068829,1760388044,-1407044713,-1627848480
4,3,1,5,10407,1775862734,-1107804673,1187941950,777513149,1563427998,-90383488
5,3,1,5,10407,-2131840503,-408417453,-2004706894,1889487713,254748442,1345269260
6,3,1,5,10407,364485234,-362625284,-1093308161,543807558,1385741863,1547065309
7,3,1,5,10407,1318201512,69218547,1769068902,-830222300,-1831619647,-2100301316
8,3,1,5,10407,442417465,378475205,474674012,901255921,1302621907,-1425789570
9,3,1,5,10407,-134047823,-289233229,-1961338247,1414065695,737538798,1491073446
10,3,1,5,10407,244724003,360048745,-345559546,845211598,-1308993462,524645649
1,4,1,5,10407,-431888863,1024845179,-786999437,1110516470,1379435604,847772056
2,4,1,5,10407,-327756738,-1722013686,-1290705554,2134533042,1771767490,881383040
3,4,1,5,10407,-1570201499,-319264457,-335518231,-2102989794,-1374577232,-1215494796
4,4,1,5,10407,-22127201,1663089911,1170970246,1735021537,961243481,1566167786
5,4,1,5,10407,-927169101,-870697420,-1915903464,-1975223153,-1263472499,-1651440575
6,4,1,5,10407,-823591536,-1872761368,-1071375862,-830728776,-681777766,223808230
7,4,1,5,10407,-891212793,-1277516953,-874294006,-141812120,2140715250,1439706881
8,4,1,5,10407,301007193,1048549196,256550312,-120389078,-149857018,-280037007
9,4,1,5,10407,556329196,-1782473392,22578289,-1746955749,-600480440,1582623677
10,4,1,5,10407,-827083037,466554309,2045924996,1319159293,-244022062,1153428113
1,5,1,5,10407,756880565,-1413129955,1011828478,-2131687956,1454996492,-1651181496
2,5,1,5,10407,-473138056,-1732414828,96653531,1197911643,-723067545,-1220259125
3,5,1,5,10407,-416531801,1247986651,-1880092062,1836769586,210557335,195648735
4,5,1,5,10407,1625685474,542807680,-1318399227,-434698332,-1333286141,-45616347
5,5,1,5,10407,-489714289,1585920026,1300932816,-922175490,905336583,-877646703
6,5,1,5,10407,-210024973,2139027245,889795447,-448823050,469722310,-703616820
7,5,1,5,10407,1104072744,1668590870,-1816307448,545786860,-643623103,-677135157
8,5,1,5,10407,-1052148942,1373089394,2078302680,-35211568,-1214521387,-2130336932
9,5,1,5,10407,-10371533,-1751082824,-2106240428,240254438,449782463,487202885
10,5,1,5,10407,-1443166982,1607999633,-1806781626,-894970667,1387534817,-1769086807
1,6,1,5,10407,100449366,-512666190,571078500,1384188366,-1373324573,418824763
2,6,1,5,10407,619553219,-1061500632,63159339,-484671252,-1467221811,1526456985
3,6,1,5,10407,-341132014,-1508489345,-1500974365,-1835211145,1360813016,1200243582
4,6,1,5,10407,304024839,-612071886,2059586389,1179759036,-1316377769,1886366440
5,6,1,5,10407,529586749,1594385764,1767737029,1208635495,-144314116,901458149
6,6,1,5,10407,-214774626,231115156,-1358268354,93351627,-1510074797,296784031
7,6,1,5,10407,544199702,2048009286,1358653074,-364368386,-1994577160,-2079379561
8,6,1,5,10407,-291458504,1320156245,169213455,1752895717,-1940176843,1098646751
9,6,1,5,10407,-412952651,2110573998,285699444,1853863787,2015730075,1000533191
10,6,1,5,10407,716207915,555630430,-1697782890,1873091403,-429704908,-1949545122
1,7,1,5,10407,-1982873057,-2047428305,-859521944,-1038685835,-578764616,-1125032960
2,7,1,5,10407,-1193001335,918739825,1504046362,456926940,-2094868761,836494771
3,7,1,5,10407,498699241,908320538,1950199388,1722063837,-1079543963,1774964997
4,7,1,5,10407,-1436086269,1672911818,-224067306,-1707604428,-1012801518,1885169871
5,7,1,5,10407,964652781,-2448077,-136112604,-1200751596,-463888575,499193973
6,7,1,5,10407,51162321,-1219636966,441805847,1439670360,2090016848,-699599882
7,7,1,5,10407,1509807125,-780617604,-1140707272,1365975042,-437416934,-1306436232
8,7,1,5,10407,-1310844605,539134016,-893897078,204158156,-1991412362,1797921448
9,7,1,5,10407,-730143723,-553848279,-1425397976,2111877436,-706529075,-624032748
10,7,1,5,10407,1743471817,1733637424,-947151113,529307497,711289001,2119371970
1,8,1,5,10407,267245094,862595804,520634768,1349197668,1967878720,606577760
2,8,1,5,10407,-1605502618,-1301240902,-1121127115,832540781,-1799870556,-1423464818
3,8,1,5,10407,582074130,-1121436872,-1809531505,-1756721320,530680461,-1520750956
4,8,1,5,10407,1157986879,1365719785,1729407109,283802425,-47621840,542977389
5,8,1,5,10407,-2000364100,-1550376650,-134082653,1449506576,1628623941,-1188586596
6,8,1,5,10407,-4247959,1357378002,-792858349,725672252,-2135272844,-1436852246
7,8,1,5,10407,-1832385108,870197354,2145025165,-2037211593,288243178,1839239266
8,8,1,5,10407,651291315,581728866,-1368566292,-1644278483,-947316518,-1719068916
9,8,1,5,10407,-2118321936,2073290917,777962314,2091554549,2001976165,1445420193
10,8,1,5,10407,777557068,1635328799,-123962856,986385991,-590789766,1152026997
1,9,1,5,10407,-406554094,441173103,-805491614,-1559122268,446898625,-1525459465
2,9,1,5,10407,122738833,875891323,1722079490,1139659086,-1838826699,1351457114
3,9,1,5,10407,-829274393,101182972,692050370,-1150503413,-1099002191,-64303316
4,9,1,5,10407,188562053,193194892,-424510495,1537695183,201878374,-733260016
5,9,1,5,10407,1648403374,-1254052494,331471293,-339272120,-458392513,750737490
6,9,1,5,10407,831210150,949623751,-1717017280,1109265333,-1993120918,-1122198862
7,9,1,5,10407,-1768210452,-752538834,2027233236,-1855896031,953404021,-16575331
8,9,1,5,10407,-1175917692,-1745831130,338917614,1100629950,1510755865,164277241
9,9,1,5,10407,-2000025842,-444798459,2105621585,2054225945,1764687916,1246436529
10,9,1,5,10407,-1366530516,-1137109657,-1859197311,-1350876837,-1629242007,932438567
1,10,1,5,10407,-1660803583,-915900239,244848596,1211464578,1521048831,1961315230
2,10,1,5,10407,-770086716,408582690,1091857935,1590003379,847056493,-647392092
3,10,1,5,10407,-1239026748,823398062,2038849020,-364970801,-177934431,-2102571348
4,10,1,5,10407,-1032341597,481125478,-1220600452,-141740311,1225710835,2109015267
5,10,1,5,10407,12923800,1131160569,-2063957631,1901209880,-463522205,1137144377
6,10,1,5,10407,663490848,592904205,-107553647,1818189346,-994261006,-790900854
7,10,1,5,10407,-1933227191,-515062526,1457127865,1003289635,-1911661201,15936221
8,10,1,5,10407,1012128640,-85193303,-192273700,-623522541,-25349722,-343594796
9,10,1,5,10407,72421398,975057991,-1196526068,-360897215,1879630955,-1750827077
10,10,1,5,10407,-405530618,-443163840,1153216681,353467883,631013608,23610811
1,1,2,5,10407,-1925619194,1747457435,1677299608,-611066468,-2005238505,368925301
2,1,2,5,10407,-1168104190,1500095044,-1702176332,-447111240,-1905166922,853255693
3,1,2,5,10407,1635278249,1784532402,-878211519,904070736,-1702538364,-1737156638
4,1,2,5,10407,559273429,-1028648314,-1795056610,-1303271072,157084645,-2045564172
5,1,2,5,10407,1735495585,-775803781,-1947545002,-1518192725,493529596,-1943211400
6,1,2,5,10407,-1841702420,-144082123,-1206340795,594118936,-1200140174,940160647
7,1,2,5,10407,1806441260,190774994,-760264812,2013173008,-387477589,-1067714622
8,1,2,5,10407,-1430530887,-95365992,-1453122274,1979319836,538666389,387533610
9,1,2,5,10407,1800851576,-660746015,-1722115975,421627574,-306888914,1878983603
10,1,2,5,10407,-1473241254,228327703,2072665996,-629387035,-1685726146,1538858877
1,2,2,5,10407,-1653241869,-798586387,-310178745,916706865,-912971633,-1871147383
2,2,2,5,10407,-1166023675,-7746438,-10902099,734273262,-1194974442,1653752185
3,2,2,5,10407,-651100421,-1800519375,896667439,-247732936,345276737,-953629536
4,2,2,5,10407,-1533650824,-645947462,-1138599559,1305278206,2030274744,641490649
5,2,2,5,10407,-1456995750,-706234137,92903318,-364471180,-1509097019,1141665643
6,2,2,5,10407,726574120,-24251798,-121634420,726885181,1142831240,960141301
7,2,2,5,10407,-1968376526,-483619596,2087642314,1065873580,1095688958,700210155
8,2,2,5,10407,11892243,1862599585,1423480276,-1520601849,-822418247,-1347341250
9,2,2,5,10407,-282866822,2064589337,1292845625,1860680520,109385665,2070557460
10,2,2,5,10407,-1062124213,374627762,-1963901949,1768119449,1793140548,795847436
1,3,2,5,10407,23812774,1790715347,427617732,-339197664,-1962640419,1672279471
2,3,2,5,10407,1246538587,-1903722556,-315967059,1930904000,-3195936,-1838744845
3,3,2,5,10407,-238713960,407761469,1961564757,-1507465435,1557356115,1709239280
4,3,2,5,10407,512885634,1697542907,785236215,-774582527,-416239338,760727909
5,3,2,5,10407,-1779375324,232478688,870147282,-1458666725,-280263026,-1678881873
6,3,2,5,10407,-819249553,1902687204,927351192,50607501,-1844823340,2241155
7,3,2,5,10407,-2022920045,1301336136,-3289682,519945096,-285459508,-133955497
8,3,2,5,10407,-1977390409,684020500,1443991514,334060055,-1391149382,1899925771
9,3,2,5,10407,426507495,354197526,1608918783,-784552656,1277265736,-1166710363
10,3,2,5,10407,-584989390,1196754103,347528,-446272661,-79099125,1153742553
1,4,2,5,10407,-902416748,-348783550,237787946,493473627,-2047851833,1010410566
2,4,2,5,10407,719760347,-163859630,636035908,285011063,-362164099,-1745778242
3,4,2,5,10407,-1061058608,-1359587825,-290381000,-1942391667,143679633,-1376030156
4,4,2,5,10407,86826073,-1029781987,100097380,-153562878,1920519424,-472128132
5,4,2,5,10407,-687247351,593636935,-879442880,-1570564898,1664509869,-279268754
6,4,2,5,10407,964019678,-1756825515,-2002766334,-1731202971,-1411355154,-978357469
7,4,2,5,10407,1935329583,-1994159950,-242581214,1690891889,39913955,-1110423514
8,4,2,5,10407,-667284467,-1497486839,-1876232180,-903785169,-245022895,-137554250
9,4,2,5,10407,-1818992366,-1468840056,-735623757,-803040237,1567985863,-554953219
10,4,2,5,10407,1340012889,-947448485,-1371347174,954581496,-938030339,-1372970012
1,5,2,5,10407,171491643,-1570097316,-505763136,35270813,-1645933131,20283141
2,5,2,5,10407,1161705594,-2086778614,1665545945,976315921,-2091136363,20655959
3,5,2,5,10407,1454292336,-1467388916,-717083563,-1921818146,-571899396,1381630149
4,5,2,5,10407,1097963571,1626638296,869461594,1066429982,-757333793,664374011
5,5,2,5,10407,-1995464136,2079124318,-1043746900,2029229691,961851369,681139920
6,5,2,5,10407,908205245,-847076816,-869822706,-336636312,-1113188662,-723639930
7,5,2,5,10407,2002371341,-780628267,-1041176468,561405123,1010548121,-143172779
8,5,2,5,10407,-583918227,-1522178422,8046176,-969679829,-363450679,424621851
9,5,2,5,10407,164593236,-438930760,242334372,-938453364,112864883,1922657764
10,5,2,5,10407,1351440816,998998956,1094240138,1027810845,2048801422,-1229513592
1,6,2,5,10407,-540386027,-1669965915,1789566422,1338993203,-1486699528,931418559
2,6,2,5,10407,2084131934,851266948,89763012,-784090466,1353310099,-2123324446
3,6,2,5,10407,1112421774,1511643125,1186266639,-1223366432,1007305638,1870219117
4,6,2,5,10407,1571357560,1481155184,-1469681059,481325481,-931956072,1591875231
5,6,2,5,10407,1963823868,-952442118,1190892815,1489335412,275476268,1974333569
6,6,2,5,10407,-1938552938,210988123,1915016159,-174858705,-1712643947,-1418702612
7,6,2,5,10407,-259614659,-612853995,-2056891096,1278655424,538340924,840275614
8,6,2,5,10407,757477946,850975957,1051780517,1801468207,1434956263,-279736274
9,6,2,5,10407,1910299498,-275247766,1648784542,-594469695,-2127958271,395323674
10,6,2,5,10407,670002653,-1009706084,-238259211,949662481,504233736,1759311363
1,7,2,5,10407,1789891042,1259286894,44727399,332474633,-567825907,-17461029
2,7,2,5,10407,-1964649405,1531801312,-835672445,464755283,-869381668,-388429675
3,7,2,5,10407,-1881971435,1329825201,-1955110056,-1705249688,191211695,-1380414110
4,7,2,5,10407,-2067705778,-1202793590,-1238401762,-765300952,1803439254,-2021163342
5,7,2,5,10407,1735095014,28456158,-1418222079,751965661,54908414,-1695922136
6,7,2,5,10407,286963548,-472853606,-1367135252,-1775930660,-1822224007,912536977
7,7,2,5,10407,-1009497433,754787192,668041876,2032759788,1782900000,1024981437
8,7,2,5,10407,-1107414356,-1026937129,-408919391,13672089,908337569,1908827402
9,7,2,5,10407,-264539539,1364334282,-700358531,-412938589,1997935335,923975526
10,7,2,5,10407,130341420,531522295,923623481,1808042292,-2077773615,1313467981
1,8,2,5,10407,-2020648406,1453505226,2009108070,1438114206,1497010773,-557312938
2,8,2,5,10407,97897450,-1294420813,53126994,189068432,-2016094392,877869351
3,8,2,5,10407,933334152,417579291,-1711779037,-1891862734,-2081094072,-1738498316
4,8,2,5,10407,-183370591,1218872912,2094141485,-935626656,-714463090,779956775
5,8,2,5,10407,-332590431,790392853,624889705,-1791779307,-1898879542,-92865095
6,8,2,5,10407,-13017883,-366033724,-129605986,-915022689,-405728730,-747236947
7,8,2,5,10407,-584221222,1231323045,-1358479312,-706572271,-849872602,32189229
8,8,2,5,10407,-398649020,-918112326,-1073719989,1530632912,-877950137,-415931306
9,8,2,5,10407,-942620406,1207125086,-1256930535,-1851825408,-2094631924,169647646
10,8,2,5,10407,-1540542155,-1407063955,1598474379,-1842743596,-145715664,740603963
1,9,2,5,10407,1089233858,-805021816,-1642873459,318447548,-37411387,1992373073
2,9,2,5,10407,-616881909,-450951608,325891302,-1809206951,-686737758,897418766
3,9,2,5,10407,-303580763,1542901580,1905970808,-1036257149,-374706694,325700629
4,9,2,5,10407,-877502438,1846970708,-1038171459,-74864381,1530544692,1673922265
5,9,2,5,10407,-1518829908,323497538,602261478,784134366,34776650,1501711750
6,9,2,5,10407,936682532,1892690593,-2112602343,-1646856631,105602405,1816064684
7,9,2,5,10407,1869720659,-807151268,-1898617788,-2139024142,-934770635,245178517
8,9,2,5,10407,-1553141992,1245916985,1146366464,961938815,-1384459024,-622264561
9,9,2,5,10407,-1062000914,1287102527,-1344156373,-1328704858,877750614,118697575
10,9,2,5,10407,2017411436,2032281988,1158221167,9522848,-632946566,-1287153731
1,10,2,5,10407,-1907355595,-343502573,801091521,1143956944,-606482659,-2117467228
2,10,2,5,10407,1861047678,1551665816,-737475583,-1057411302,1394000834,1755525749
3,10,2,5,10407,-196845815,295370300,-192927184,267432531,-64536467,-198583643
4,10,2,5,10407,-1867849091,-1085137882,1677103411,1469383750,-41798693,-2145984382
5,10,2,5,10407,-380066781,1306025061,-128871615,1461437114,992705416,-2090542990
6,10,2,5,10407,1023424736,752453203,805654892,-1021557260,1443073843,-1840567999
7,10,2,5,10407,415372670,-1081877967,1542799987,444271947,1270425209,-465511720
8,10,2,5,10407,-116087461,-564383047,1948971860,-1298713314,1923520141,1483329631
9,10,2,5,10407,1186110011,-1050577739,-1357339923,1037575123,1911724878,-1176352155
10,10,2,5,10407,1919090973,975902406,1412020282,1592495673,-1838714541,-1331542292
1,1,3,5,10407,739666325,972900598,-2140231003,-2052406823,-1442024882,-1615830766
2,1,3,5,10407,845455611,-1902136676,-426196635,-42429481,1480461171,-2138133722
3,1,3,5,10407,-1180840389,1275825745,1222839414,-168682361,-796447452,-1958236230
4,1,3,5,10407,1343406613,-2011218731,510309757,1805375303,-1471321012,305253997
5,1,3,5,10407,-913636876,-1139188289,1165820340,-572583401,56139376,-1041211033
6,1,3,5,10407,-1886517216,-1947058858,-506905068,-1131712657,135313320,-1342454588
7,1,3,5,10407,1678337642,-368079270,499125901,344973895,-1033802432,950605126
8,1,3,5,10407,1210641496,-1198011167,2077053191,-1731528212,1378943110,-419772786
9,1,3,5,10407,861874928,-1621572742,1170680427,-1712319716,-213113449,589545229
10,1,3,5,10407,-550250107,1552570693,70679244,1951320091,-1216490503,-1641659705
1,2,3,5,10407,1655574161,599555833,-2033290477,-542965868,1327447893,-2135191027
2,2,3,5,10407,-1820134567,861625372,-1073235417,-37768494,11457753,-162090450
3,2,3,5,10407,1173687273,-1885293548,1504773287,-986458176,-1684068126,-1146913376
4,2,3,5,10407,-2024359352,-1624464874,1033057721,-1900397986,1449936428,49270519
5,2,3,5,10407,-1126777951,1190814541,-1194783936,1836579329,1722751224,1313985629
6,2,3,5,10407,-1858758327,315295485,231448605,-1886282844,-686825238,-1372014554
7,2,3,5,10407,-1173069723,-559740714,-858249407,-1893321681,644649084,2108663010
8,2,3,5,10407,-1972313101,-500446890,-570652778,-497513912,-852679053,-11319972
9,2,3,5,10407,-1492132604,-1792183567,-1625949407,-439027291,-1012780503,240093363
10,2,3,5,10407,71980503,-960333396,277266937,344033597,2026374016,-1929566415
1,3,3,5,10407,1256876684,1415314047,1525381145,-1521640394,-1262463682,343043162
2,3,3,5,10407,1710010055,2100383128,1493523016,123241903,915786376,-577252349
3,3,3,5,10407,427960404,-104667159,1650451853,1961779848,-1263860346,-1048969513
4,3,3,5,10407,-651341773,1500873607,1750711686,-1345574236,823083982,791115792
5,3,3,5,10407,1559023906,-1885245195,239381375,1441042460,447890854,-1105386695
6,3,3,5,10407,17255503,-110302561,2068945890,-1558592142,1806803697,1025380769
7,3,3,5,10407,-794424269,-580550705,-1561227800,1500789617,1727339731,657514359
8,3,3,5,10407,-2078396092,-128630794,-646031937,1134237571,-1550809044,-1528586033
9,3,3,5,10407,786595963,-946782387,409575294,1484017328,-1928216855,-1468775279
10,3,3,5,10407,-715528008,-954563641,-716243722,48565796,-574248871,401521132
1,4,3,5,10407,-2123056364,1836725421,-1236017996,-1026266576,-1681225133,-828171497
2,4,3,5,10407,779373135,94342809,464967397,-1145462688,1631824292,1642951960
3,4,3,5,10407,-1982096128,-1175753222,-162507856,995252619,674510173,1954078393
4,4,3,5,10407,646630959,-770100943,2012116749,-2127566950,180148909,1826348989
5,4,3,5,10407,526037889,1843095833,-67161643,894654325,-456547677,1031861797
6,4,3,5,10407,1536358241,1181830420,-1842715360,-649517984,572906877,310693630
7,4,3,5,10407,-751941782,998145107,1830293239,153178212,-1069243349,-1391932833
8,4,3,5,10407,1423686958,1457148156,1676175376,-732751647,-1934861381,-1213438648
9,4,3,5,10407,-1415613455,-87277589,202364269,-753098295,1780086435,1039886304
10,4,3,5,10407,-1828848002,-241754289,753498376,-1771323071,684795368,-1099207550
1,5,3,5,10407,-383047043,1888137286,389029745,-1852962510,2141562365,989465881
2,5,3,5,10407,1360922100,-1094251484,-1358503109,-884572776,-517184377,-231268960
3,5,3,5,10407,85286800,1421692871,-1400630068,916706517,1585065201,-1597325611
4,5,3,5,10407,-1662168822,1053298377,1525188882,1768409989,973641680,1077167015
5,5,3,5,10407,-430432722,-321752301,-30614594,-1945214979,-94483815,474558164
6,5,3,5,10407,-699868416,838928964,724730098,1666490426,129535151,-1822274692
7,5,3,5,10407,1405901748,-70920072,-1550922245,1578222996,-570008223,1187236265
8,5,3,5,10407,1938441081,-611519583,847227171,-22906779,-1696049741,-881299596
9,5,3,5,10407,1295424391,1727427457,2123267932,-618118646,-129647991,1335680991
10,5,3,5,10407,1558900932,467899334,1471566531,-1614887294,-1435159611,-1788437150
1,6,3,5,10407,271268881,895105452,-1097452473,-2058510529,-2134989139,1843002507
2,6,3,5,10407,-271521462,-1434814634,207516524,-429130308,1931287354,982883458
3,6,3,5,10407,-1980928477,22937705,-303211298,-522276601,1044920321,1113867355
4,6,3,5,10407,-639260868,1281816020,-1126565943,-280976706,498989691,-1479740124
5,6,3,5,10407,-573658849,100232645,55996810,287857663,-495786068,1580640199
6,6,3,5,10407,1668560732,-689625176,1561818041,-1560463277,-1312319025,461137010
7,6,3,5,10407,2075642956,1856336133,-1924534527,649890546,1099848765,697365835
8,6,3,5,10407,1116816531,-8704243,1161984881,1840238504,-253508380,-192931505
9,6,3,5,10407,2099494360,-2059877323,-2082481011,-2086293217,-288469622,675814523
10,6,3,5,10407,-1659367871,1885425896,-343377540,2061464735,-1080734378,1286572181
1,7,3,5,10407,1269805493,1439091658,1905790359,-2127233201,1267295548,2116321788
2,7,3,5,10407,-67398359,-1225765849,-1754260418,861889564,-767765448,-1974684926
3,7,3,5,10407,1429368218,-1008788660,-1780768873,1334338919,-588105111,239732340
4,7,3,5,10407,-2045266379,489199933,-1522160999,-1157598466,-569384146,-938671406
5,7,3,5,10407,704513704,-2034746074,-2025233083,-573805072,1451702010,-409720058
6,7,3,5,10407,2045867582,-276278232,-636125008,1695850499,1161940177,929732543
7,7,3,5,10407,569374010,-1051670553,-172922735,-1705212705,39747911,-1043901488
8,7,3,5,10407,753962968,232759524,1486549758,-1118777173,-1519846675,275369513
9,7,3,5,10407,1531725510,132795128,279801407,1856540027,2101184235,-2113572273
10,7,3,5,10407,-607818740,2122508627,-1940566800,-1157168277,-212255178,499211918
1,8,3,5,10407,-1411353816,1398416376,-935803242,-1589837897,1577509192,55391287
2,8,3,5,10407,1701591788,670205659,688127306,-485268184,1314861826,1527385404
3,8,3,5,10407,23848131,1657940983,2030985760,-1567977014,1875983867,1926178565
4,8,3,5,10407,1643552383,1571778686,1590149592,652121548,-1132039272,1806563975
5,8,3,5,10407,-2131939260,-1422330598,-556558583,-476914561,-472169807,-1139179981
6,8,3,5,10407,643078364,626736349,1066907273,1721922238,275754799,617166469
7,8,3,5,10407,363594939,326679926,1018099934,-905874098,-807186481,652174113
8,8,3,5,10407,-768248508,-715861822,1114157869,-1352596623,-1905517714,-653765541
9,8,3,5,10407,-46667580,255733137,-1028580809,223272781,570504858,-558203505
10,8,3,5,10407,-109839759,1532279472,473203434,-1996012098,-1610671357,1215878657
1,9,3,5,10407,908940162,1192683159,-2021372025,1001204239,-6617719,-1550708713
2,9,3,5,10407,-545441007,-1840465622,1283331450,-754112954,557155443,405142969
3,9,3,5,10407,1827441267,-927934709,540627170,-807319356,39604624,-1365876953
4,9,3,5,10407,-284615434,709454568,-1632451297,1227182542,704083119,-1398085472
5,9,3,5,10407,-1535337219,194542339,-1204139398,290526022,-1061795607,-541688741
6,9,3,5,10407,774403254,-2070746661,-304458203,-470299557,192354771,945005963
7,9,3,5,10407,-239311393,-1525124367,1393215072,721388940,-1022586002,-123896317
8,9,3,5,10407,1636043661,1013843615,-616164223,677443677,-1595644493,344942166
9,9,3,5,10407,-1337737587,-1164432087,-2040117231,-1651791533,-228021143,-1090771986
10,9,3,5,10407,206777494,2007314957,1907241704,-773194573,-730994102,-1848947889
1,10,3,5,10407,-673313496,-1700152629,1398030307,378548147,-1724227726,849581917
2,10,3,5,10407,2141000987,-862298069,784438174,-1804547349,374365399,-2011626419
3,10,3,5,10407,401080042,1976302431,-1053843523,-900151732,-1847884247,-1104894232
4,10,3,5,10407,878905641,1433371229,1419852006,-1169405589,-1498739775,880588668
5,10,3,5,10407,1764458421,-940330158,1690385701,403322369,-375811392,-1687645868
6,10,3,5,10407,-863885884,-568607771,-841521036,1399887005,1868836264,1288084177
7,10,3,5,10407,-479289578,781813322,-2056689654,32402447,1965821734,-1546250284
8,10,3,5,10407,1956524100,-412427008,-705125369,-651214535,-1424078161,-742545630
9,10,3,5,10407,1814734975,425597559,-406508943,-1368296422,378919973,-1508642278
10,10,3,5,10407,-1542494147,-1382261134,-1061707318,415053705,327611658,17481761
1,1,4,5,10407,-765768457,1814830641,-1959894438,-1765483105,340001619,-148065411
2,1,4,5,10407,-1530212051,-726476041,-985932086,-931664953,-1507941799,-763924725
3,1,4,5,10407,1520695837,86971038,-150874010,-1612785796,568933072,811072198
4,1,4,5,10407,-778343390,-1960443840,1469561680,-1696275346,144063581,-575012872
5,1,4,5,10407,748185667,514255641,-1033971163,1790854075,533989813,1204527369
6,1,4,5,10407,1299530674,-526102031,-421906996,62100324,966501372,554839707
7,1,4,5,10407,-825031655,-1437261266,-1786233651,-888259160,1405692459,-289801262
8,1,4,5,10407,2002420374,1281722792,188768555,1681741894,-1220771116,-2143141072
9,1,4,5,10407,645355724,-694223285,2073092852,-1337598232,-241750148,252668956
10,1,4,5,10407,-179430925,2026052637,455706606,548398806,-541483461,-2143308642
1,2,4,5,10407,258618141,-1564297324,1650130259,-1697570244,-1651298257,330134624
2,2,4,5,10407,652898274,-1732195884,265197093,-2046999404,989288864,748633764
3,2,4,5,10407,1729778583,957781532,229534135,-726270299,-1906669372,-1847434358
4,2,4,5,10407,1511222951,778955810,-1682309966,-235230472,-1600920654,-1753109424
5,2,4,5,10407,70118114,2006381705,-605796517,-1211579053,837678453,293448549
6,2,4,5,10407,1876954031,468506110,-1270124967,-478016751,533462350,971800862
7,2,4,5,10407,2102498041,-1122629861,-1658363859,-776663174,1408406943,834033730
8,2,4,5,10407,185885764,301082204,-1442696457,1967549366,-1115612453,65456378
9,2,4,5,10407,-1741035812,718644662,-1303308541,1073116878,-1135602521,1317659764
10,2,4,5,10407,-1346036732,2026153315,-1268222477,-6107862,-1841685470,-1924730239
1,3,4,5,10407,-926980873,-1286506303,-521428911,1608954017,833138059,632600563
2,3,4,5,10407,687013752,1442867341,-1544404738,-1071819940,1077556171,-1791149394
3,3,4,5,10407,1277155595,1406102786,-1986757315,1131475832,-1980695795,193222441
4,3,4,5,10407,-593546216,1115192018,-1114548945,-1332406171,904679091,-276795447
5,3,4,5,10407,-2004242669,1283451307,-1609430839,829323786,-1113427375,949502887
6,3,4,5,10407,-1613648605,-1681696997,-401630797,1817489779,-749084333,-543183660
7,3,4,5,10407,-1989881147,-1091969448,60298802,1300216781,1126868942,801474620
8,3,4,5,10407,1738969432,736536091,514872418,208360586,1782120844,710057566
9,3,4,5,10407,72125288,-488252813,-2108746884,761707183,2013974681,938167833
10,3,4,5,10407,-607023177,554992791,-1720832183,1212543504,636348062,-275327245
1,4,4,5,10407,-396561189,-688788763,1942063518,-1607942662,198021168,625499528
2,4,4,5,10407,1423612923,-2001627607,663196856,126208844,1715960012,892790118
3,4,4,5,10407,-411285331,-670957906,209538973,20563201,-1623938428,-351070683
4,4,4,5,10407,-387500328,-1352763137,1145284177,1363299511,-180435688,-1434389423
5,4,4,5,10407,-109008690,1967987731,-245538749,-1455318732,-1248948217,1915028367
6,4,4,5,10407,1034644704,-1243680389,1677918288,1131366535,-1527015367,-153352624
7,4,4,5,10407,1274292229,1372896272,709624843,-1432386934,390786595,-1627171254
8,4,4,5,10407,-1293325546,-913357787,-2133273718,1142061603,-1037315572,374571518
9,4,4,5,10407,593863684,2078720225,-1752814605,-1728005571,1493053974,1539894070
10,4,4,5,10407,1936601659,-574607288,1708422109,1526676780,-1779313195,-1322824260
1,5,4,5,10407,-23612217,-887338325,1637182176,-1084396981,-1664294860,923090580
2,5,4,5,10407,235362660,-385920876,1372829064,-2141759719,-47312987,-1387315417
3,5,4,5,10407,1853601258,-1576306137,1673214539,-1526663854,2019354857,1014696697
4,5,4,5,10407,-381634165,-820722258,637672330,135357387,2075150057,-1730853615
5,5,4,5,10407,-708502833,-1147727196,-638825379,-629101073,-1093015497,1819145998
6,5,4,5,10407,762567018,-1811469812,1634321110,289357093,1671961343,-374807590
7,5,4,5,10407,1157291959,420553899,977546684,745791502,1871009717,-676488209
8,5,4,5,10407,-2106759631,1157058289,-614177755,-1204864442,-1292836825,783641143
9,5,4,5,10407,1308844826,68239058,352707350,-1339962784,-473629861,-590687527
10,5,4,5,10407,-591897402,1239498905,188323074,-2048458023,405944861,-1587062310
1,6,4,5,10407,1804831090,-1028352782,1102484208,-400413185,-1734449709,372915568
2,6,4,5,10407,1778124110,29622065,-1708613548,1842750545,1699010767,-483427921
3,6,4,5,10407,-516153084,1449737476,2121774720,1354995458,-2006908325,-390899662
4,6,4,5,10407,-1157378738,-1253261338,1691655393,1452157879,1065256217,-1346125002
5,6,4,5,10407,-1064159030,1614599957,-1692829696,169397125,-1160753695,1395536657
6,6,4,5,10407,-976970930,-2144815945,-283762992,-155225569,-1289396840,1246318082
7,6,4,5,10407,-1907253481,-806627521,-428582190,1410193261,-622321320,-1194412545
8,6,4,5,10407,469804928,-790533144,805683875,363032569,-979461138,479175486
9,6,4,5,10407,526547489,-1786035943,399987415,1210619674,1841471728,-1025666031
10,6,4,5,10407,921299611,468158172,-1195262913,-717677499,887555534,764430143
1,7,4,5,10407,-2090061110,1631856171,161353236,601795311,2037605423,1876742909
2,7,4,5,10407,119189781,-576263658,-602969245,1557809343,1595464563,-1258397845
3,7,4,5,10407,-906384336,1022777767,1870415663,-2127787944,-1609212084,-603377698
4,7,4,5,10407,-1890930049,-196843473,2092175288,792730932,-2143696568,523537523
5,7,4,5,10407,336199567,-878578715,-675214107,-1850543092,566893434,185679673
6,7,4,5,10407,1266224541,282665523,-1817634904,-164929453,-761562562,-1651784234
7,7,4,5,10407,-504907199,-1656573271,839006032,2027432347,1547997366,624083103
8,7,4,5,10407,254115774,1492147614,1782198275,129354657,368300769,-1953090232
9,7,4,5,10407,275579602,-1609861789,-294855628,-437063779,-510712466,134993279
10,7,4,5,10407,1276645328,2080328339,-1020067042,-72534673,1031153965,-1987726677
1,8,4,5,10407,841827136,1372859926,1988002775,1964198990,-35785266,2067860996
2,8,4,5,10407,-1662698220,-491941273,780153953,-178076999,815193086,1582550140
3,8,4,5,10407,1834462337,1878058522,-1179767027,1398374952,394235572,1132049749
4,8,4,5,10407,-1596368379,-1002406711,-2122101178,1098767801,-1278661524,-2023259130
5,8,4,5,10407,304541589,-1523078710,-1074014589,-1975694131,-1542090178,1949631456
6,8,4,5,10407,1331171127,666345869,1680843008,1141657170,453108931,-1987493683
7,8,4,5,10407,1257939678,262616823,816642352,499210814,-1932326599,-408517608
8,8,4,5,10407,26229075,1741859568,-1239288503,957199081,-6756965,1162327326
9,8,4,5,10407,1888766118,549762544,1331740349,-1019954996,529607985,1438267540
10,8,4,5,10407,-851569936,-18247230,2052286040,-1051943656,-253579903,-1248600112
1,9,4,5,10407,-1181252646,-1317540233,-2084148049,1699552196,2142275154,449474349
2,9,4,5,10407,-1792922547,-322587737,713906803,588331571,276758499,-111968244
3,9,4,5,10407,1691920450,-2034780449,735864669,715185613,-1649551675,174504232
4,9,4,5,10407,2056232827,667384735,1616621027,-1857622716,692957795,-1569159477
5,9,4,5,10407,-1257082416,803386131,231578148,1852741516,-1060940349,1448612849
6,9,4,5,10407,-1444478127,-974815543,1975836476,1366133404,-317363516,1214713577
7,9,4,5,10407,-910315214,-12248759,-1379534645,2076360167,-1821901473,-202488105
8,9,4,5,10407,2039731272,-543752791,-1179970125,-1486829523,805030456,2094682125
9,9,4,5,10407,297442182,1417538228,1383295905,394437859,-84480281,268955398
10,9,4,5,10407,-26452429,1272183561,495744275,928873605,-289399726,-2072470278
1,10,4,5,10407,685314574,1424699398,-506046086,-142139628,952000760,-247674786
2,10,4,5,10407,1008143840,1742581932,347429040,-1084836624,-321097999,-2108670214
3,10,4,5,10407,1464519720,1911473175,366489006,-881324169,-1807353796,-567551677
4,10,4,5,10407,1428718268,129936097,-1307130394,-2145250436,1821027531,847085448
5,10,4,5,10407,1418607075,-1252262751,-1064342128,-266433298,1729843902,169631171
6,10,4,5,10407,883837101,492743541,-808360028,-1754078237,-308324931,-1566339737
7,10,4,5,10407,1624491306,1162065830,-1934374129,-72996894,-1253654185,-1007021415
8,10,4,5,10407,-845668017,646483272,-51622382,1930697049,1989232547,1379553821
9,10,4,5,10407,-1864138358,-1715399511,-1543834975,840991618,-558655733,1727588741
10,10,4,5,10407,-660847407,-1450978581,2068812661,1105375334,376457793,1121761103
1,1,5,5,10407,1042144377,-1903732659,1202376252,1790108200,-977776542,-1966227189
2,1,5,5,10407,958660485,1490713462,-1581171104,-2023829272,674108998,1519978943
3,1,5,5,10407,-1491975821,148700842,767281709,1976301103,219021201,-1146486086
4,1,5,5,10407,1032228183,1123842609,-2009123040,1643958383,689354173,-821723432
5,1,5,5,10407,957841594,-1436733754,1528958881,-548464253,-885928224,-1899621753
6,1,5,5,10407,-772700745,1082540644,469570192,2125409590,-144396908,-262534900
7,1,5,5,10407,-1564880344,701302721,1076605894,-1805715707,-1467595010,1166025732
8,1,5,5,10407,1155949827,-1417560926,570180713,2089192462,-1570212148,-436835201
9,1,5,5,10407,2038978505,-480332885,-2118480910,1078966409,-1626770330,285295444
10,1,5,5,10407,-1126113652,2070060592,-223083120,-1414697037,1250748338,-1259729136
1,2,5,5,10407,-1362595998,-80172729,7258399,-1493546491,-1779600425,2143878395
2,2,5,5,10407,-1660973331,-1208370193,-1466330116,-2139706748,-43351957,-1847693583
3,2,5,5,10407,-153654920,-1993551288,467626608,-737642947,1801285500,972569764
4,2,5,5,10407,1879262021,328388873,1632014961,340718831,-1159377049,-96127116
5,2,5,5,10407,-1263151492,1440426976,-13616290,1803374624,1463691644,-1019496367
6,2,5,5,10407,-1507035708,-5849334,34599698,-665414962,1254689765,472284385
7,2,5,5,10407,-2038173190,1341555641,-1815158622,791967990,352123264,393287287
8,2,5,5,10407,670552189,2058371102,657969273,2129975747,2119161492,-1378604541
9,2,5,5,10407,1420997611,-1406796659,795709281,1917884513,-655761953,276255087
10,2,5,5,10407,1833967236,1283844492,-164383498,-1621146061,395649467,-176654774
1,3,5,5,10407,-24628947,-2016694532,-830083804,-1525773145,-1469579330,-215438055
2,3,5,5,10407,828080653,-582501075,-858343372,1870070198,-1163567528,1618628839
3,3,5,5,10407,-770482558,1342226434,-1294660237,-2059010824,1115312773,1260170564
4,3,5,5,10407,-1576009153,-792076489,52656066,-1148494197,-1709876469,653241210
5,3,5,5,10407,-1153954246,-664084906,-776927089,-820000072,-969212181,-1132385784
6,3,5,5,10407,-1736254568,223577410,-782699701,-78811753,-607545343,-951624981
7,3,5,5,10407,143207243,-849192544,554178236,-1203917049,-903399242,198896465
8,3,5,5,10407,-446214342,1170908637,-1977582696,-190796483,1639803664,-1901332643
9,3,5,5,10407,-1068019386,-522476408,-1812706827,2077907431,-461587661,-588759994
10,3,5,5,10407,-1808844656,-1693097071,-83089871,-743789467,-2110058159,1943839444
1,4,5,5,10407,-1819625357,397809481,-1695616783,-1943273838,569450176,1162975984
2,4,5,5,10407,-2069403767,-1011947508,549546095,304869894,-1479564080,1086539105
3,4,5,5,10407,1646750825,-336569542,-1070298145,2108277370,1688796735,462155640
4,4,5,5,10407,645323848,-1901028001,1846224175,970687175,-1417309546,748042665
5,4,5,5,10407,-1067119772,-1209896629,-1948678792,181790790,-683691624,1082852967
6,4,5,5,10407,1689689205,126071194,-1600228501,438925057,-1261720687,1759269271
7,4,5,5,10407,-1949723095,1688818037,710554303,1260889952,-1039076809,-1987690075
8,4,5,5,10407,1070602360,1709108569,-2016021315,1691595924,314442557,43794497
9,4,5,5,10407,599251198,-582358862,60465078,1098209307,1629749734,-2076928050
10,4,5,5,10407,195899354,1804470540,712221264,-1751503490,-748975001,-728962637
1,5,5,5,10407,2034094312,1155820600,-664932944,481709071,-741819331,1803231851
2,5,5,5,10407,-1322713737,-2109674798,855515271,6985109,-1809729067,1363619459
3,5,5,5,10407,1674033018,1476443067,654041398,-143933604,-383027966,-1251011742
4,5,5,5,10407,-138819777,-847535580,-75835442,-1514270447,-979414376,182200914
5,5,5,5,10407,329967883,904642515,-926369530,-1440090322,1223552505,-1255084920
6,5,5,5,10407,-1007587676,-2121685880,-1325626668,-1867772509,1545147330,-520469934
7,5,5,5,10407,-55374269,252864980,1073341912,2013111104,-312600746,-262843650
8,5,5,5,10407,-2133482460,928674845,-96246922,-1997845478,1802918887,-1221123999
9,5,5,5,10407,1056603792,1839419813,-1061877082,-231638358,-1252426771,-614394336
10,5,5,5,10407,1280467121,-829256196,510180529,-429817024,903827857,774982275
1,6,5,5,10407,-1122194425,-329277089,-104033757,251936689,-1259647091,267896273
2,6,5,5,10407,1899229580,1336141523,559508638,1858430797,-732060576,1036844876
3,6,5,5,10407,-1493692029,1532251114,-97831979,-671682509,1722791737,-594349561
4,6,5,5,10407,-539147851,-65410185,2050875598,290060563,-1904403399,663990539
5,6,5,5,10407,-1456034619,-1271526697,1570106394,1336012081,484140842,1247521428
6,6,5,5,10407,-1531277506,1421123535,977696225,-1591517735,-62007398,1404909701
7,6,5,5,10407,-1677912482,-1436324482,81163788,-110264003,969047711,-925688866
8,6,5,5,10407,479184062,-2113930852,-901960359,-74929880,1841636870,397966257
9,6,5,5,10407,1329409780,-414681623,-1105540191,-1546763119,1817173701,2039696425
10,6,5,5,10407,1982417802,-1925750065,1957479224,171489115,845687203,-846894495
1,7,5,5,10407,950985650,-1806540787,9769731,2138537466,1896331382,1126277791
2,7,5,5,10407,729074543,1062889568,1121670355,950969144,2126407834,-543689381
3,7,5,5,10407,-157814430,2094246314,-2038858052,-1355247182,-2018118567,-1157061910
4,7,5,5,10407,1509710042,-1014406552,935535759,-1580352830,1013520854,926118057
5,7,5,5,10407,446678530,783615692,-975749490,336359370,-1940041443,1646472087
6,7,5,5,10407,969243516,-1771229936,1328897314,1634078352,1339999521,-1697393023
7,7,5,5,10407,-1972469444,-600463500,-1077622652,2103972666,-1015126016,506886872
8,7,5,5,10407,-799744384,257203836,-1394583039,-2130733441,-34466502,-1830264234
9,7,5,5,10407,-1169360496,-520140746,-707494856,715704152,1683814638,538127754
10,7,5,5,10407,-1643878472,-1373132610,662568480,-545068600,1868312764,-1630630772
1,8,5,5,10407,-1977406922,2037605867,-743704359,2085653893,1569135007,1286850721
2,8,5,5,10407,-565370805,877954429,344364204,955696746,-1774381493,1950595826
3,8,5,5,10407,-2056075641,370277370,122117015,-338939770,-751458671,-198972609
4,8,5,5,10407,-45570284,-1941220274,889376018,-867944532,242272365,1652281622
5,8,5,5,10407,-1163321280,-1286828025,-1120717679,-524211699,-1913389127,2078998813
6,8,5,5,10407,1368804317,898815828,-657110648,856000711,238728863,-1194516173
7,8,5,5,10407,-715199266,1128478361,1302316004,362864343,-661870780,1132884504
8,8,5,5,10407,-780789847,-1692976931,-570536844,1715428601,278768740,-889471171
9,8,5,5,10407,843984873,-1550468679,-484872882,802950687,1717448696,-1648886706
10,8,5,5,10407,290839736,-1446224528,30340503,-903551282,1517543242,-994315676
1,9,5,5,10407,216140121,636092928,-1129597847,957947478,-1745261235,156425834
2,9,5,5,10407,1567822979,606365656,834643429,-1398539027,-675659819,851003810
3,9,5,5,10407,1141100469,-1341734903,880291344,-794320824,65314094,1286243791
4,9,5,5,10407,778377171,-487659908,-1175141030,-768243325,1289224977,761175557
5,9,5,5,10407,-214489942,44868101,-1883555795,2107779241,-2145567091,1001407348
6,9,5,5,10407,287406984,983571159,1791697075,-1418819512,-1937441213,495439158
7,9,5,5,10407,-213225724,-2031751708,-1000779319,-1502434723,-196554325,-1424180608
8,9,5,5,10407,-1279207563,1183478531,-878270409,1487185095,-1588963872,-547102001
9,9,5,5,10407,2039466583,-1098928963,-207737136,-1197296365,292594695,1438574715
10,9,5,5,10407,1164100452,1599169275,-1890047282,665113624,1274899809,-1505591296
1,10,5,5,10407,1869990692,537450409,271268223,1395632435,1240329640,-1484221404
2,10,5,5,10407,-2124863592,1882669427,311475128,1828017487,-782331270,4892691
3,10,5,5,10407,-1758021550,-1069870044,1480460629,-700714995,1268701868,-1891320867
4,10,5,5,10407,-1339491166,382836405,1740106013,1949663224,681259982,-84538006
5,10,5,5,10407,-1996918914,1716549701,1158279627,-26435966,869859831,1690364148
6,10,5,5,10407,1213801007,1358795380,1035390690,-1657398379,1250580233,1397555763
7,10,5,5,10407,-880984993,1063997849,229918357,-1077157294,1454292741,-1028835086
8,10,5,5,10407,-1691429616,2093347723,-822348060,1774445999,666503314,-864178059
9,10,5,5,10407,-1181000523,-1763604421,-1277178548,1818744708,70797510,-15796798
10,10,5,5,10407,851260179,68428235,-1368195078,-142335780,-1230606327,1269918531
1,1,0,6,10407,-1184119665,578947923,44349066,-564786745,-762620715,-1904640105
2,1,0,6,10407,1904016032,144379797,1995476717,-1936182640,-2146679348,71365234
3,1,0,6,10407,1388839694,-347351103,2117378323,-1119217590,473078018,1166404325
4,1,0,6,10407,332412939,-1545777558,838815645,194953437,1506152406,-1695820137
5,1,0,6,10407,-536248672,2021771254,1825770437,-684779843,750215596,440116566
6,1,0,6,10407,-1473238832,-1998844910,951986104,1945753822,-2023069355,114629741
7,1,0,6,10407,-421988144,607619881,308987934,683087549,-580156643,477659352
8,1,0,6,10407,-1493072768,1689000945,-1811870021,1900378457,-1906387158,325170730
9,1,0,6,10407,1904567524,-804583749,1084744350,-177550328,-1378970125,800637620
10,1,0,6,10407,-402100128,1247587554,992506871,-1325669500,2054159865,438200827
1,2,0,6,10407,-1184820861,2043145891,428216396,-760733730,1769684123,-1277953912
2,2,0,6,10407,-1937045956,292859011,-1435069780,-1731858284,1540353430,438072432
3,2,0,6,10407,1051757036,1403617479,2147206972,622870191,-930202295,-1522565931
4,2,0,6,10407,777331958,-598024367,-174568103,-1977568480,588101781,-774830956
5,2,0,6,10407,72192546,1796510597,1274773133,-1841615303,993572030,-578811569
6,2,0,6,10407,-261537550,588887665,-647807157,-1280215778,1864859462,-370114761
7,2,0,6,10407,1936464660,1354024367,-1790230105,456282187,1872522342,-241982480
8,2,0,6,10407,801666155,385464909,-588401223,-583722424,-1132275865,-143628865
9,2,0,6,10407,1907176066,-1041252507,83441700,1075751423,353267335,-28639525
10,2,0,6,10407,-188690875,1471578789,419511979,1104483171,1766486584,-1310151230
1,3,0,6,10407,-1801688456,1329356202,213377818,1482126786,-2118200741,1496663813
2,3,0,6,10407,-1746441037,-1620348371,-581498806,820657949,-732928038,-1097901788
3,3,0,6,10407,187982607,540684429,-2109741134,89870545,309845274,-1293143299
4,3,0,6,10407,-1197462001,-640494324,2137358996,-369566668,29773857,-1158416158
5,3,0,6,10407,89369082,-1128342289,1403782979,-136217988,913337456,1550286598
6,3,0,6,10407,-1010544790,1329655210,1440801784,-1437721405,-1033707297,239467035
7,3,0,6,10407,1308272046,-1036332583,380109871,1830734385,-1007588829,563374080
8,3,0,6,10407,-820512614,1960840824,975648878,1252620373,1993602628,-66132122
9,3,0,6,10407,-1690350706,529702795,1488588903,-1660344254,1286689536,826424143
10,3,0,6,10407,-38031899,-21412013,-821247207,746555515,-1147266196,-20049897
1,4,0,6,10407,734266353,335027174,-666171077,1543564920,-2003418738,-369340189
2,4,0,6,10407,79806620,1522583799,986883277,-1958364651,280271288,-1836985524
3,4,0,6,10407,-1228771503,-1602500265,-1376415309,-674989859,1828774231,-1080573333
4,4,0,6,10407,-849115587,2019733304,-561822905,-2007288067,-679151423,-673369890
5,4,0,6,10407,-564117738,1917186031,1728217996,958419126,1008162647,-1719647216
6,4,0,6,10407,966233396,1161134593,1394575697,618924785,-1750893734,621730502
7,4,0,6,10407,2047906776,647990917,-1851030298,1680308353,-75363647,-569791291
8,4,0,6,10407,529383829,1884132466,-1714677286,-139895919,620348483,-740035208
9,4,0,6,10407,-1459349029,-244546529,129685931,-154784038,-1505325335,304434338
10,4,0,6,10407,-590099501,2026021975,-349694452,1471928700,792059768,2089217130
1,5,0,6,10407,1014561198,-1241163137,-2085109983,942564523,1613906402,-448573884
2,5,0,6,10407,1571523603,-425281553,-792518900,-1702806141,1548874839,-1784272509
3,5,0,6,10407,-1714226975,697862478,1515036836,-513200671,-1604390179,738902609
4,5,0,6,10407,2111056062,-1127884495,-821818653,483976639,530193188,1174570947
5,5,0,6,10407,-1839357353,1733256797,1165528799,-49226184,-2093104806,2068248601
6,5,0,6,10407,2096085092,-180931832,1278822749,-105416859,975462334,131908353
7,5,0,6,10407,-1565207525,2093586717,387272386,-753901190,-2052453360,1151466997
8,5,0,6,10407,62889611,-1384234525,2036325031,141521953,-1295593368,1353682262
9,5,0,6,10407,1758924163,-625801623,340841978,1173890811,-382210917,-1449928145
10,5,0,6,10407,1746886004,977127358,1363548711,-1570479932,678008082,-1056952604
1,6,0,6,10407,1539785284,-643343703,-1561267035,185341032,1619156193,-1348907389
2,6,0,6,10407,-507407147,895188123,-2038745028,-1094339962,458796516,454618027
3,6,0,6,10407,617253705,-1413199401,-556916000,-1021313770,1511997413,1710117485
4,6,0,6,10407,640547373,-584340649,-724605853,1490916402,-1535213850,-1115388994
5,6,0,6,10407,2127510791,1880625427,2048958123,2079315312,-523335147,828283154
6,6,0,6,10407,1822295077,1138202052,1427926649,1691617178,1385125903,1976815277
7,6,0,6,10407,-1368894805,-2144075122,-221567056,1960044075,105088089,399312675
8,6,0,6,10407,-152488808,1970318459,-819101550,2052175047,1979574322,1488133860
9,6,0,6,10407,456860460,-480007500,975303067,1416873573,-1451856021,-37476546
10,6,0,6,10407,908543770,1954235311,1125753815,-1983582903,630858583,1625485574
1,7,0,6,10407,-150930460,-1215442200,-536001645,538670042,-669678653,436803881
2,7,0,6,10407,-1320982872,871812122,-128792141,-292553198,-729638951,-404035795
3,7,0,6,10407,-883556255,852681547,821216553,-1895433345,-97638596,654870156
4,7,0,6,10407,1255220416,-3145057,-1882159913,-1329517528,301017476,-786862123
5,7,0,6,10407,2035363010,-1856533534,1910750405,881936754,-1033321844,1176014050
6,7,0,6,10407,3300582,-1571056557,-1472267048,-930626462,-1033833134,558011353
7,7,0,6,10407,187254936,722492853,138421961,1839383871,2003467778,1258697791
8,7,0,6,10407,-1319619271,662058070,-28240416,1283558328,800609895,155596646
9,7,0,6,10407,176514388,-1205136347,814072013,-1859079094,-1116443473,-1427763759
10,7,0,6,10407,36768013,1067607231,975977508,-1287529785,-31252047,21577226
1,8,0,6,10407,173556275,-1189967287,273209858,-1317339581,560448328,-444267621
2,8,0,6,10407,1697334953,-1692980912,-195783414,-1541308400,-494808715,-677539608
3,8,0,6,10407,-1719551101,1027016959,158524767,490671430,100959856,-1848562998
4,8,0,6,10407,646899975,-276554615,75591358,476318506,-451087088,-1856904905
5,8,0,6,10407,-431253038,-737854580,867301112,-2110705107,-2032631012,1496935572
6,8,0,6,10407,589700728,91563794,598579743,977729703,-1311882349,911074704
7,8,0,6,10407,-235223777,246717322,-116137088,1609917131,-646978029,465943353
8,8,0,6,10407,-1693515734,1665659801,709199938,-1385265482,282938815,1353736816
9,8,0,6,10407,-1575426556,-768838448,-537824868,-668768431,287977984,-2062328869
10,8,0,6,10407,688195803,666848242,1280766048,-725221461,-1817039612,1886159615
1,9,0,6,10407,-1737424394,-965025629,540500893,1312873767,-1497473700,1639686922
2,9,0,6,10407,1569852867,1606329918,-1793481420,-1227025038,-536020784,1138302107
3,9,0,6,10407,-469009482,-484146403,-350141964,516228821,1367351531,-949171002
4,9,0,6,10407,659976489,-1041082918,-31367270,1250800873,618468473,1134974586
5,9,0,6,10407,686835992,-804530975,-283919277,-1413409144,2143962902,737572232
6,9,0,6,10407,857116877,-977340691,-887311673,-1891997639,161496167,-1243937496
7,9,0,6,10407,-1265748531,-337413004,-894561016,-660725421,987155907,1626173776
8,9,0,6,10407,1982360302,-512308614,-2027181827,1314850580,927556233,-1640750045
9,9,0,6,10407,636184378,1967602152,-112011370,435583653,-1596544920,-1492370041
10,9,0,6,10407,-2036894782,-641850044,-2048589177,253464931,-175432394,1431773982
1,10,0,6,10407,1156994218,-40591002,1531002660,-72095752,323150783,650947032
2,10,0,6,10407,-639866131,-2023620249,339327821,1689289620,1626164399,-402664955
3,10,0,6,10407,86762600,1367895273,-487591318,1103644965,-1850268878,-507374713
4,10,0,6,10407,-1809656749,-559331961,637518578,1056661531,490811766,-1325833673
5,10,0,6,10407,-297128170,1158956874,1493551209,-2111489040,1698173532,-1971893054
6,10,0,6,10407,-194525006,-753748034,-671699382,384390445,-1918093185,1211506893
7,10,0,6,10407,1141649632,-1839782361,-364713178,-1833488008,250430560,-13669998
8,10,0,6,10407,-1684180372,-43395226,471287225,2024719730,32298583,-73176533
9,10,0,6,10407,566130209,-2067740546,666912579,959735017,1247594441,-1203291281
10,10,0,6,10407,546068446,24684106,-426921407,857935796,-151624347,-1371799834
1,1,1,6,10407,1526799347,772300838,1542234080,1111108133,1566014040,305366334
2,1,1,6,10407,340291881,-2100424771,865680588,348937062,57931145,-1529092414
3,1,1,6,10407,971026207,-2050966663,1191837859,555939480,-82664741,-841768979
4,1,1,6,10407,-89497924,-249640527,-2020069760,218222712,311943225,108695367
5,1,1,6,10407,2090447332,-663805133,1647236170,-1744186831,-758166358,-1869256541
6,1,1,6,10407,-204404241,1298893930,-699139257,-355349577,-700004642,1221239403
7,1,1,6,10407,-294473148,-1018490159,1629627446,-432128804,815849197,1687173676
8,1,1,6,10407,-1979161284,290672242,-1824011932,-1009624430,779723516,1098290290
9,1,1,6,10407,4860380,1164490357,-1174516411,-809956337,1732578361,-310631907
10,1,1,6,10407,1683954851,1498630592,315051471,-1168835927,-1451604539,414226369
1,2,1,6,10407,-553878966,-1954580017,426512927,-319232652,211787543,278839894
2,2,1,6,10407,1813449429,-1200051621,-819996169,-382688899,1528801507,-222173822
3,2,1,6,10407,-15092941,1211431911,1051312505,-340729463,-1083722054,-851948266
4,2,1,6,10407,-539398732,-172984622,382000098,-1722197340,-868816970,492043646
5,2,1,6,10407,638833806,-1421426159,1425253301,1529300550,-1272677590,2051008206
6,2,1,6,10407,1008471329,-2084699390,686830898,1432050017,861399645,-178932411
7,2,1,6,10407,-921900862,-426415294,1969797526,-736662366,974861877,523787748
8,2,1,6,10407,1874058540,1358387712,115123426,1306639346,-1337156954,-1707163191
9,2,1,6,10407,-1929900446,-1048133560,-1823421860,-726361588,-1646569209,-1410079391
10,2,1,6,10407,-571896342,-628388530,-2008179000,1210999828,697829104,1412635582
1,3,1,6,10407,-1924119641,-7109459,765161558,-867675480,-363054920,-1702388794
2,3,1,6,10407,408528526,-1452953287,1243050194,759416534,586890775,-2089977411
3,3,1,6,10407,406906845,-2127179942,-833834372,1024000986,440564808,-556659661
4,3,1,6,10407,-1564460450,313396420,1721154342,1770333493,-273743846,-1637972097
5,3,1,6,10407,277599982,-1999282047,-1452120540,255612694,-1827165290,1410427626
6,3,1,6,10407,-702642638,1722592145,782945962,-1712993427,-1823529813,1766692276
7,3,1,6,10407,795974098,851901766,1594132180,1070855781,504998000,2018163744
8,3,1,6,10407,-1978122440,-621834083,63146063,-163528548,-915176741,-1528863584
9,3,1,6,10407,-1232799193,-1956513091,-275405448,-289936656,-1639172701,-428345163
10,3,1,6,10407,-278547033,-318592184,-1135047400,1242852063,1262216174,853168671
1,4,1,6,10407,1753813803,-767344515,724000208,-824537371,-1484875591,1396872421
2,4,1,6,10407,-772839465,-1641546455,2094541651,-1295972211,289679882,-455025326
3,4,1,6,10407,-1156890111,-1717314079,-1840892935,-939194363,-1051040237,2080901053
4,4,1,6,10407,747649604,-918600751,-1396665710,-1565898719,-2093109924,281177010
5,4,1,6,10407,-821752573,-758163053,1282054454,-2145831539,158535608,-890158633
6,4,1,6,10407,861801530,-1967583656,-1611771908,-381129897,-1487647643,1530512597
7,4,1,6,10407,-677196519,888740188,-381101570,1939582922,243729243,393266842
8,4,1,6,10407,77344798,-1841104443,672379611,1460255101,-1804252163,196489398
9,4,1,6,10407,1802956713,-2012060852,883792250,579204577,168762467,714897037
10,4,1,6,10407,-1847414613,-1836880947,1280725448,-1148328850,872737736,-1506528193
1,5,1,6,10407,-1301444563,1624809268,-193983528,-1473366653,-692319697,-183224825
2,5,1,6,10407,1546203788,955479875,434009672,1778381085,-1224803326,1261469861
3,5,1,6,10407,1357805700,1100468432,-1749970576,-2010735996,1508632502,975961716
4,5,1,6,10407,-2105016634,-1904274460,1891563579,164105736,364144956,-2051512287
5,5,1,6,10407,1612040467,-1989549675,1944723524,-231413176,-923496020,-1949455875
6,5,1,6,10407,1587846917,622353230,-698855353,-2019841336,-1048884399,1853891965
7,5,1,6,10407,687579960,-172624268,96837978,182093620,-240877030,1623851290
8,5,1,6,10407,577144624,1937244666,-566345742,1035027485,1375700184,384587008
9,5,1,6,10407,2018241958,-1831339025,1283154880,-841750000,-2125146358,1215268866
10,5,1,6,10407,-41948634,98009977,2042305358,1670316689,-1758266167,-35646882
1,6,1,6,10407,1900271402,144780529,775035111,-580253867,-46752482,186591049
2,6,1,6,10407,2121811432,1985521544,-75609234,-1233670921,948309314,-2077760321
3,6,1,6,10407,-1996535859,1339456287,-150640955,387794307,-45036084,838471322
4,6,1,6,10407,1746072053,1708765661,2053720054,457379328,406113468,1396000890
5,6,1,6,10407,-1137877639,-581552155,-396311591,-2079254591,-200793082,1116357164
6,6,1,6,10407,-1343897233,-689875285,1071332300,1450169787,167007271,-100351320
7,6,1,6,10407,-252835604,-2037735042,-2097900398,1645476295,-1742075613,-1299865234
8,6,1,6,10407,675417905,-553253447,2016976221,1350742350,1175867613,9238704
9,6,1,6,10407,-410533577,-457315565,427903433,-1185417743,1790684767,1501348698
10,6,1,6,10407,-977241977,2039821168,1046367519,-848218004,2102379500,1686560361
1,7,1,6,10407,-1525655703,-1205296466,-12334520,-723050721,-1416725965,1873969655
2,7,1,6,10407,-372449082,854212869,-1527666013,-1660558834,-1035505528,368082541
3,7,1,6,10407,-1931648063,1508398455,-812594448,-1803815127,2064254889,473007807
4,7,1,6,10407,-2065511883,-452125081,-1175891128,759099637,782995575,848452836
5,7,1,6,10407,-809920244,-1186287469,-815078888,65454858,-1761383067,-1086328741
6,7,1,6,10407,-1192035728,1435779814,-1033966321,-1451250818,33716537,-298680623
7,7,1,6,10407,-28175872,448014635,1905249052,-1942255262,-364705476,-438650917
8,7,1,6,10407,64990629,-1881801869,1278138500,1734895319,1092553756,1557252034
9,7,1,6,10407,1086319438,-2077292447,685514358,2015961921,-406614942,715724327
10,7,1,6,10407,1918945526,135835540,451775346,1372767528,1591164719,1451570553
1,8,1,6,10407,928990412,1596821255,-2016784619,-1881965321,-467060933,-1778737457
2,8,1,6,10407,-1646536578,-838983737,-568229831,-566621760,-1168052231,1924181259
3,8,1,6,10407,-229324401,959794267,-178637017,-1095310080,-14147966,-1056468886
4,8,1,6,10407,162715893,-553952249,1402479735,-283723240,1248218147,-1019554481
5,8,1,6,10407,929100754,680038442,-56603255,1046824063,1226148406,-929454409
6,8,1,6,10407,733019274,-822451679,-1789627354,-1427829581,621039638,2078296585
7,8,1,6,10407,-2064055074,-837557296,41307870,1072964581,-2000027921,-1650494405
8,8,1,6,10407,-227463720,910937948,-1641793102,-1202663576,-2129300330,666220176
9,8,1,6,10407,-617395381,371455706,-1720955694,-325488621,1761807736,-341082931
10,8,1,6,10407,1293557402,-1268648431,-950839324,-1770945993,-1223245063,-36436274
1,9,1,6,10407,748551555,849427065,1528847139,-1857288587,1498378251,-1344402075
2,9,1,6,10407,899959477,-629011504,-1867028567,-2090495138,2090381843,82650299
3,9,1,6,10407,157092323,166861031,1911409666,1161874812,-986212725,1198158022
4,9,1,6,10407,2010001582,-1025649472,-383636560,1300338116,2088824947,-1620667458
5,9,1,6,10407,1020506364,-270865350,584010107,1212303304,22826029,-851624579
6,9,1,6,10407,-1433072076,-1315806101,693667722,-12052195,-1451485730,-343311523
7,9,1,6,10407,869932110,-1526181285,-1978580739,1559775222,-331197667,850596079
8,9,1,6,10407,1729825507,1819773267,1844128763,-1200474150,1329646833,1284262479
9,9,1,6,10407,2064179277,505468913,-2058090195,-654382961,1955504895,-1582044398
10,9,1,6,10407,1481519148,1599044686,-727321889,-485135735,-1115686926,-715699291
1,10,1,6,10407,2004827026,1513947481,-1605635752,53268728,-674540246,-365174479
2,10,1,6,10407,-1860106035,-796720297,1962824987,-329038143,1415899937,210934617
3,10,1,6,10407,1472034273,1343940673,949907750,-1187096268,1485262731,-639863599
4,10,1,6,10407,-778877688,1821260794,398634740,-866365832,327013221,1895794451
5,10,1,6,10407,1668138077,-1893050686,-1255963734,1728348027,1577126094,505620936
6,10,1,6,10407,-1600392863,347707672,1271154047,-667753740,-418985278,575335239
7,10,1,6,10407,-1132951022,2048501712,1323179206,1448264360,-1718064033,1650321323
8,10,1,6,10407,879020346,-2009644180,815229331,-1339324222,-673026114,1357338531
9,10,1,6,10407,2066357738,-727745695,-1804116662,-206465143,752424738,530012117
10,10,1,6,10407,-612211617,-147310672,-1421760424,1746894355,-648882484,-662482577
1,1,2,6,10407,-1269637902,1369587199,230938432,-489882742,-302721876,1974667027
2,1,2,6,10407,1581533917,807949843,-1703825938,-1444581992,-593621300,-810005408
3,1,2,6,10407,-1633907170,1876077828,-679115329,-2074845660,-2070203602,2065340968
4,1,2,6,10407,69968614,-1473818071,-995949146,-849804464,1956322338,1612538279
5,1,2,6,10407,1581538864,558682555,-2108473548,-886891311,12132302,-791746954
6,1,2,6,10407,1064721830,-239494133,-546140339,-1728876583,-29836839,1598939524
7,1,2,6,10407,-772865563,-1576045720,-942997797,-1797245969,-2052950074,859055850
8,1,2,6,10407,846544363,-420336367,796786050,-1276830907,-433283667,159021315
9,1,2,6,10407,-366473504,-265871163,-2077438377,401806017,137603887,-1900504858
10,1,2,6,10407,1260860334,-984713420,-1609649602,-215650883,539594200,69885143
1,2,2,6,10407,1723897076,750137757,1670008413,-1258912435,-961390249,1539409989
2,2,2,6,10407,-1554378586,337237551,14055459,1321156028,-1678362998,-314379590
3,2,2,6,10407,1024452646,-890980475,315188884,-1961294986,1529674560,-1580357360
4,2,2,6,10407,1473572347,1392683697,2133464400,-1753809133,543794022,-1931642050
5,2,2,6,10407,1941737238,-674575504,-1356409993,305249019,-174516575,-75535775
6,2,2,6,10407,1091521718,1311192609,520834259,-2028259615,1630731253,-205538261
7,2,2,6,10407,360150888,-1697578550,781240593,1584255886,1754101112,1175269588
8,2,2,6,10407,1559354264,-617301412,-1840679744,1124804794,-1018653964,-1301823534
9,2,2,6,10407,1347992810,679838549,-870390395,-464999428,593508977,2093474801
10,2,2,6,10407,49951208,-331680365,-1282876461,1089981813,-555553168,1838602349
1,3,2,6,10407,-532609035,808800781,5057292,1749630481,1150890876,873641680
2,3,2,6,10407,-613616200,-1358624417,1535416978,-35957643,-634642110,-1631093159
3,3,2,6,10407,-1443118662,469848567,582581404,-1399608659,-2031243074,2058358987
4,3,2,6,10407,-101171217,1108792735,56420280,-286677752,1468601436,216521005
5,3,2,6,10407,-1463997753,1204515160,1033696985,-1376741833,1120433808,1456863496
6,3,2,6,10407,691261246,-1981558434,-1615300906,287529280,-1300262434,1841632519
7,3,2,6,10407,1329321917,-1639314048,-1525391695,-1866213893,-951930415,1773555865
8,3,2,6,10407,247067230,20040456,679190637,-1747371242,496524050,-1895249133
9,3,2,6,10407,1135469314,1679406777,1133124999,39125049,1332820889,-708678662
10,3,2,6,10407,1431763589,-1846320526,1868889331,1365727604,1248572476,-1058084241
1,4,2,6,10407,1119072305,59531009,853551321,-2029966161,-949108223,-1451064896
2,4,2,6,10407,240277922,333283029,-1030034623,-2065749791,932675124,-2135061864
3,4,2,6,10407,-2095447220,1626926140,437726119,-666410014,1834065536,1501426238
4,4,2,6,10407,1973279489,1186638885,72083176,462670201,-196896391,-1127530865
5,4,2,6,10407,820359377,188291114,1186735241,636139908,-728984546,-1293756522
6,4,2,6,10407,1022061994,-1160278185,1661233040,539042776,1566093866,-1109998188
7,4,2,6,10407,-660390262,168626990,1033019673,-937784228,202454710,1908873125
8,4,2,6,10407,-1498250331,170752797,-333568745,1568669830,-1532508801,-1045284598
9,4,2,6,10407,-1254916678,-706370097,-1714604224,1150689019,-1077947264,-1568830492
10,4,2,6,10407,1468461561,1468874112,-1084567342,-2023130839,-902256518,2056530445
1,5,2,6,10407,-1360323336,1933698283,1536179293,38108353,-159766641,578589741
2,5,2,6,10407,2008992919,1365718161,-282446,1648314516,-1253873075,-270740479
3,5,2,6,10407,-1122685824,319371589,1258030094,1915221573,-1288454351,-877535698
4,5,2,6,10407,-873997977,1288294887,-992977912,-599995710,1930296807,952044590
5,5,2,6,10407,948225721,-1451211980,1845553491,1143948312,-2136932537,1159993847
6,5,2,6,10407,1676084684,1925731311,-50324057,1421315910,-889794409,-1144962330
7,5,2,6,10407,528760429,995485454,-1885540379,-1855298365,1037546120,-628997049
8,5,2,6,10407,-734635466,1758456158,2066480400,-1919720105,-1364722192,-186152045
9,5,2,6,10407,-2083803919,-664313280,878442164,1806707351,-353886507,901864380
10,5,2,6,10407,-225097261,-459159017,700906502,-1924853335,656593298,-895576105
1,6,2,6,10407,-967135518,424128616,1567075744,814578910,-1974985812,1758946954
2,6,2,6,10407,335808067,-1731235943,202917194,-1211329100,-1030510851,1533165576
3,6,2,6,10407,1518124575,1145412081,1698177239,1477707053,1794462766,804654923
4,6,2,6,10407,-1866375328,1661942108,-1616161605,597217476,-1948460412,-2101801614
5,6,2,6,10407,-1107797083,998311929,2124883945,893494123,843319865,713845294
6,6,2,6,10407,434192798,-864960678,874346219,-995303154,-1702855337,1752653103
7,6,2,6,10407,-363333488,1928665078,-217284377,-1026866968,536290027,345013707
8,6,2,6,10407,-1778108324,901553098,1119619268,-1711178676,-1902898240,-161907544
9,6,2,6,10407,1804790809,539748715,2044225094,1933636433,-1692085441,-1117000295
10,6,2,6,10407,1258666729,1831146980,-100241432,-1291368481,-1203332523,19162022
1,7,2,6,10407,32025623,2108778752,-120610951,-71368523,2032346876,286562726
2,7,2,6,10407,-1293979511,-2136968641,-1084117745,1821956050,-842564420,1231976706
3,7,2,6,10407,-154760719,1645180928,-510881285,-1617195558,-996324798,-565624540
4,7,2,6,10407,27999745,1273292407,929822060,1395582294,-162031225,487620317
5,7,2,6,10407,187318080,-92469539,-1943491548,-189943522,2080352631,337144742
6,7,2,6,10407,-885017332,1925015840,-631828686,1093459650,826618294,-835940542
7,7,2,6,10407,-1400611858,242717504,354437272,-1243053442,791510682,-1650720273
8,7,2,6,10407,-424589608,698325074,-995944898,-1200728490,-538553697,1471372208
9,7,2,6,10407,-595362628,-709360642,88731452,256499649,-1687466695,-697126127
10,7,2,6,10407,2091504123,1944031763,1054557666,-688988334,-329118266,-502814096
1,8,2,6,10407,1546868869,-1725699245,154739221,-662027542,-2000184048,649948849
2,8,2,6,10407,-946582714,-332474501,1500976596,-1571398021,-1372848554,53721135
3,8,2,6,10407,-595865596,-1840424914,-512924559,-2010572205,2125456301,-870834096
4,8,2,6,10407,-1877544508,1602308988,-985988184,-196355619,-1767976493,1129538942
5,8,2,6,10407,-1244315785,-44692004,2115905165,368124708,-1883682420,1684042624
6,8,2,6,10407,-1762690499,-329461019,219345070,1890207002,1134454182,-1285247530
7,8,2,6,10407,1534429087,-2009409667,1420568236,693977915,341520699,1869564642
8,8,2,6,10407,-1249597345,814544634,806850858,-1605174413,-1999012021,1553545802
9,8,2,6,10407,2006344472,1305318359,-1597314954,695914446,1853719658,295722897
10,8,2,6,10407,1477376617,-140574902,873490469,1008419941,-1972053574,-1802287367
1,9,2,6,10407,-1038745116,-1942448308,705996557,-1473944150,302254963,1832803021
2,9,2,6,10407,1668001829,-1169165838,-306537066,1743507385,-585223919,465940206
3,9,2,6,10407,-1561638514,-247316453,1183101529,2035468713,2126984703,1441809551
4,9,2,6,10407,-989053956,1915271228,-596700695,1103309006,1014735474,989381900
5,9,2,6,10407,-2087699585,255620177,1170561449,2082913038,989015960,-2058090946
6,9,2,6,10407,-1797608020,1203334319,-227613320,83623336,730694892,-1333281603
7,9,2,6,10407,490511955,851167071,-1921058667,-701153697,-458692377,-1111959289
8,9,2,6,10407,-1219171377,1140681292,-391382413,1437129069,937879649,-1049137366
9,9,2,6,10407,-850587465,-496686204,-1866526545,-1579350366,170013059,-1427129681
10,9,2,6,10407,-453622961,-950419054,-1765577978,1397015543,-1323630684,550596336
1,10,2,6,10407,1896443014,1561035429,148917439,-454611501,74419297,-999552211
2,10,2,6,10407,1769906101,1088414829,22771735,822337500,1820562990,-354239728
3,10,2,6,10407,1903504549,-2042636332,-1398183205,-704823634,1628920769,1142673301
4,10,2,6,10407,426810678,1098587362,-1113584281,2096500429,526598565,-909784321
5,10,2,6,10407,1567494804,-1762015314,-1784988330,1314469587,-1605884781,-1632573630
6,10,2,6,10407,-1848654362,-2147085692,-1493386288,366687033,931749460,756114918
7,10,2,6,10407,-809971036,969042487,-657589653,-1750766746,-454138706,-60133560
8,10,2,6,10407,-87383576,1102354152,-974319280,-1129038086,-300898586,392349458
9,10,2,6,10407,-261083823,-284467854,1303425031,1313358219,-578221721,751833878
10,10,2,6,10407,86295629,-41471570,1818821278,1337762529,-139914805,1450714712
1,1,3,6,10407,381177019,-2030900923,474592243,-54720415,-134976068,-2089103630
2,1,3,6,10407,193819397,172663734,1837495113,582405758,-1685957844,490852558
3,1,3,6,10407,285345623,-1760426580,491060389,-565804721,-1038438490,2117099491
4,1,3,6,10407,176012742,-1625547232,-701972492,-1047319252,1952226970,-1776664797
5,1,3,6,10407,-1666323850,-262029280,1191433755,-1329616307,1092044599,-645423339
6,1,3,6,10407,-391586123,172724163,1751872578,-1237359949,941799521,1684963071
7,1,3,6,10407,-913075969,1692746347,398521432,786705662,127816736,981716459
8,1,3,6,10407,568420113,-825283519,-327421476,1803948313,324532803,-1521356059
9,1,3,6,10407,-1603295220,1998842867,1755624167,1332630005,-169944164,-1738871416
10,1,3,6,10407,34892838,-1275081047,-1983239241,1122877883,715516182,-1536212142
1,2,3,6,10407,-1378160451,-547283056,-515126994,1145583665,1559385331,-1325734525
2,2,3,6,10407,538614547,1691189739,-2017743529,523936328,-1756260689,317650328
3,2,3,6,10407,-864494762,1292165034,561477964,509130132,-726675513,802093395
4,2,3,6,10407,-122207404,-1094336588,-1478571428,-325606188,1944464602,486238527
5,2,3,6,10407,-1621959798,-1118019227,1180704771,508675477,2088675756,-1358996457
6,2,3,6,10407,-1536646424,-1856450190,2043523257,1452019185,1515124954,627158196
7,2,3,6,10407,697370342,-853529550,1179561661,399906903,1007367070,-1940662415
8,2,3,6,10407,1376910298,-1587937292,-240900611,347120986,164642666,-1273557636
9,2,3,6,10407,1034923245,-1152930862,-2017223849,-1322809132,-1038460366,-1943315165
10,2,3,6,10407,-1521248641,1129120530,-257907068,423985627,-825127456,952262437
1,3,3,6,10407,676747440,-648738069,-395111640,-320102945,-601536619,283316796
2,3,3,6,10407,-166576822,674293601,648231085,-1857152739,-617575607,-1621218100
3,3,3,6,10407,520372381,-1049599432,-305135055,-418748695,-1985227161,586758854
4,3,3,6,10407,1336430772,-1201791513,-1575973955,-1428407110,-1353472758,1963555158
5,3,3,6,10407,-317122497,-456341130,-1769414351,1068804911,779731006,-1743061688
6,3,3,6,10407,-338408698,-1532554348,2041851464,60219300,1349325965,597086099
7,3,3,6,10407,1522548750,-944957903,709177607,-645890236,-129649200,838562466
8,3,3,6,10407,-1615790059,1994264905,-134155828,1204494144,754056322,140225979
9,3,3,6,10407,142804987,-703248688,1840119431,1043399650,-136030496,413805034
10,3,3,6,10407,1234218342,-1025855045,-344184681,-1860296688,1311644260,-183697713
1,4,3,6,10407,1505817145,691224936,1663432686,775174311,1758886953,144355805
2,4,3,6,10407,383644549,1446453383,730344015,1938657764,1931095916,-1072637305
3,4,3,6,10407,1472591500,-611237839,-1664728192,-298165839,1899402020,196260545
4,4,3,6,10407,-2000476639,1989292622,-432674155,-379219562,1586997635,-886351362
5,4,3,6,10407,-496000163,-1356980762,922950260,1119630083,1621000469,-412922673
6,4,3,6,10407,1410688902,1436529636,-1314664675,-389811804,-941198643,963948251
7,4,3,6,10407,1681428547,-1707499730,-197598464,-1599686113,-1910240545,-1417495357
8,4,3,6,10407,599974532,93489663,-485028113,1331256936,912408641,1416067146
9,4,3,6,10407,-1748566991,-1104774097,-1464183889,1333617774,57690114,481270251
10,4,3,6,10407,-1826712861,-1986527358,720289479,2042453150,-443342086,666119315
1,5,3,6,10407,-1599755022,592133111,193616955,-1673597296,333749526,-172634520
2,5,3,6,10407,332383626,-1492654766,-1928500153,-387383199,524315329,1787304661
3,5,3,6,10407,-2009943793,807232517,1719235186,1079403979,-816260911,1429813688
4,5,3,6,10407,601150658,-1527733718,-2044518255,-1031959982,1346764997,1257426156
5,5,3,6,10407,-1707101189,1523070096,-1573058560,1278858933,-965172918,1514830841
6,5,3,6,10407,1783719208,-576924093,-1670246316,-461027952,1281152832,-176996396
7,5,3,6,10407,-367809488,-845220731,1910708280,1745737423,974781789,-1695932471
8,5,3,6,10407,1568861971,128852575,-1158372240,1639343755,-1107097440,1767075150
9,5,3,6,10407,1761094608,1565420884,515679292,1817098003,28913883,1723050527
10,5,3,6,10407,386218622,53094105,1918080866,-1214424869,118348156,1417446409
1,6,3,6,10407,2100754588,1237769815,902391769,1794904487,1573460964,289316788
2,6,3,6,10407,1205482081,1759876011,232131973,1648483449,-1195361018,-2071742540
3,6,3,6,10407,-1371613940,448504673,-1014482133,285715437,-1623561421,1682478944
4,6,3,6,10407,1314652826,1574621737,-1628166707,1073506345,-431775171,807286686
5,6,3,6,10407,2046050183,-799998532,-954709319,-979021969,-474469958,-1662205985
6,6,3,6,10407,-302774389,2071474794,-1246904897,2095768051,-12613775,-1107200703
7,6,3,6,10407,951352652,2000514063,263795744,-1804438573,2005323104,39837925
8,6,3,6,10407,-1947191429,-2007895113,-1761103840,-2106241854,-1313005003,1261753081
9,6,3,6,10407,112225571,1037326574,128178774,-1382478087,1231984428,-1855343525
10,6,3,6,10407,641322449,-898626383,-813700083,-1551682995,-332399392,-1990724884
1,7,3,6,10407,-1025259688,-301540437,-1962500768,16370350,1492744760,1866738297
2,7,3,6,10407,675269573,-1197879696,-681401949,1081073634,451362791,-765596331
3,7,3,6,10407,664791068,539792471,-150075661,-1164091121,1573156508,2118284035
4,7,3,6,10407,-1711054722,-714169979,1398550433,101257130,-1745065989,1734600950
5,7,3,6,10407,-1947105884,597562655,604546718,1514023006,1924065024,-780188020
6,7,3,6,10407,-973326410,1376607662,-982050609,-407784269,741964159,-597883354
7,7,3,6,10407,1921738676,790374630,1008336837,-940300154,-662027457,-213137706
8,7,3,6,10407,676564471,1305119075,1571943702,1942133075,-1008838845,-840784910
9,7,3,6,10407,521319534,2016651880,-1131281637,-2044166054,-1585613355,934850779
10,7,3,6,10407,-1937284144,1902837685,137746686,-1073979534,1119952589,-898877590
1,8,3,6,10407,1918326722,1766553777,-426873858,746655638,41474452,-609911140
2,8,3,6,10407,-535817936,1703769205,1854174926,2084471182,1329105534,-321671577
3,8,3,6,10407,-1171620108,-1232577177,670565731,2111067199,246545500,-897323291
4,8,3,6,10407,-1393237456,1817417078,-1807950296,222079596,-636138376,-208735550
5,8,3,6,10407,1609412369,-1375200575,1317632717,-1096472406,1183783857,898865102
6,8,3,6,10407,-1043666204,855122973,-1977138607,-2011641772,1997434811,-1656962590
7,8,3,6,10407,-1726763441,-654208516,304907324,2094376422,-591926168,238037126
8,8,3,6,10407,-1502614652,13658349,-1906504308,440563950,916885138,1876231235
9,8,3,6,10407,2054589723,-645819384,-360899706,-33165728,-346152038,776552668
10,8,3,6,10407,1142089073,1984962608,583530119,-312792384,1274587496,-2116986443
1,9,3,6,10407,-1388102596,1864438189,-1395388086,-314405490,-1626486509,-420942986
2,9,3,6,10407,388367262,701996248,249315251,-542563060,1339305681,972515557
3,9,3,6,10407,-109478590,-1138542202,899439072,1605866890,-567467681,-238111283
4,9,3,6,10407,-237246414,-1111001385,-2009094869,-1961844284,357884141,724098237
5,9,3,6,10407,2073136603,1998104332,-1951317464,-769863821,1190854067,1658474419
6,9,3,6,10407,-735644382,-1593689108,-1673694145,-5186748,1653068058,672911998
7,9,3,6,10407,-1102897556,1905675818,-1729739054,72743766,-2068311190,-1473257456
8,9,3,6,10407,1090890141,-466772209,1191655772,1522172944,-1744222551,920594168
9,9,3,6,10407,2146012871,-1879537938,-801573705,243807674,1425902853,1067226009
10,9,3,6,10407,-794669595,44438022,341156567,-1450887879,1264633206,89300939
1,10,3,6,10407,-82469713,1893843344,-1029160622,2131697527,1328156190,242080015
2,10,3,6,10407,-1283360344,2021326221,2134052091,1363405743,-452347958,-1047269282
3,10,3,6,10407,-208492276,177188881,-1210007570,-1554844797,665202781,1297905040
4,10,3,6,10407,1076509241,247418369,-143206212,1375417090,-868450080,-1400188637
5,10,3,6,10407,-1119420171,-611338363,1811415413,661194314,1492322588,654593387
6,10,3,6,10407,1995305855,139498017,-837704715,-1142183223,586335669,1973734997
7,10,3,6,10407,-759639901,-932402613,-1060053349,607345496,-1231330452,-1109472053
8,10,3,6,10407,356592378,-612862589,1672801781,-343894668,1503277631,-1030278652
9,10,3,6,10407,-248488230,-1857803507,273582288,767549267,901532767,-1153755651
10,10,3,6,10407,-1440018586,1793436294,-793036236,-793228317,-208009478,-1768291363
1,1,4,6,10407,-644796927,-1147365004,-1139787782,-730175416,-1560100147,-302631403
2,1,4,6,10407,1644945346,1565552321,1930567786,-1173170019,-1928851595,-1533868679
3,1,4,6,10407,-924997534,1687676987,-1446743343,1460501718,2060111413,-1907192641
4,1,4,6,10407,-518813120,1744188350,12792562,790002765,-2045510406,-106992572
5,1,4,6,10407,-1863976129,-178024140,1007672379,-125960402,1519253513,-630474832
6,1,4,6,10407,1064029726,1311555811,-1779154167,682961426,-188034430,-907983874
7,1,4,6,10407,849722255,1591198219,425113646,-466224750,722835252,2098347006
8,1,4,6,10407,166027019,143055310,-1005497552,219769972,1686749631,-282530659
9,1,4,6,10407,-832452272,1668532120,1813545085,1306064155,-1135820650,-1579469447
10,1,4,6,10407,771126457,-69434082,1196733388,1044082173,-776260765,2028432619
1,2,4,6,10407,1571514799,26794522,1380331676,195932317,-1985202302,-1650456651
2,2,4,6,10407,-397167730,2026221788,766399421,-1853696729,1654494696,335074776
3,2,4,6,10407,-142933426,-1850053411,1203374766,453166798,-942045318,421731593
4,2,4,6,10407,-895919607,-1980380730,1735786936,-2123553063,-1411417912,115340973
5,2,4,6,10407,-541687822,-639785571,213288273,2092627387,263149996,-1627816611
6,2,4,6,10407,-1163347211,-1220010343,14843226,-632170637,152714159,1333157181
7,2,4,6,10407,793037842,1545629600,-541077839,805149783,-1901062802,1199404638
8,2,4,6,10407,-1473399505,-1048093502,124878103,-845696196,-350130301,-1078049540
9,2,4,6,10407,2092596029,-739349250,-1950042690,540828406,-58883226,-2096825809
10,2,4,6,10407,-1129855075,-781786250,604551294,1171098267,-1322027653,1585683548
1,3,4,6,10407,-175888714,706465332,1877756967,191735346,-451105849,-1139607360
2,3,4,6,10407,-507826170,-2103474574,-1886015283,-2131618453,-159065764,768430192
3,3,4,6,10407,-638575855,1978767803,1788564572,1311947747,-100140583,-263171450
4,3,4,6,10407,-101886654,-1335436243,-13265478,1576316850,-503375263,-1621606106
5,3,4,6,10407,1247570320,-361813210,-76373642,-1863552171,-300599819,-885632289
6,3,4,6,10407,-582327464,1233892348,-179615700,1324665198,1056070859,-742361577
7,3,4,6,10407,-2124446720,-1923227831,-847784809,588462005,166860217,-237101041
8,3,4,6,10407,937522745,1515874001,871291599,-223474348,-432858023,-1398319936
9,3,4,6,10407,1259902714,1753038489,-1510733175,-1866309592,1337126738,1088005280
10,3,4,6,10407,-731621286,1938820437,332308441,-405698793,607608993,644933921
1,4,4,6,10407,-1481043698,1378117815,-619842980,988008471,2046513303,-135225863
2,4,4,6,10407,-1926447639,-576606851,568891027,198179133,-499155086,1264342442
3,4,4,6,10407,1612712626,32907366,-18710135,-2091965287,274059664,-1653181806
4,4,4,6,10407,1498973105,461917138,1198014636,1901809102,1486815803,1499636877
5,4,4,6,10407,350734939,-1824892742,-148013420,-1713389171,-936585414,2021786745
6,4,4,6,10407,928919372,203251896,-1300628095,999476901,758179911,1298886409
7,4,4,6,10407,-184183707,-540865659,506634033,14086587,-51047095,-675042079
8,4,4,6,10407,-797609973,1627701507,726544160,-1806831186,-353428168,1489630533
9,4,4,6,10407,-430547547,-196619215,-1647360588,-838717434,-1782933085,-1440374505
10,4,4,6,10407,-2050993189,926234967,-548512605,110562541,1914989809,952493196
1,5,4,6,10407,-1011443003,-1318119109,-1461312099,-1104192775,-94010573,139049349
2,5,4,6,10407,-1579014285,296391931,-1537888830,968284852,324794119,-18850535
3,5,4,6,10407,1888709126,790455606,1479873109,-1856421742,-2063117234,-134603950
4,5,4,6,10407,1557696196,1069270790,965911083,1466630445,2027634869,1525321456
5,5,4,6,10407,527383679,287377831,539292714,1063422111,947820688,1802076094
6,5,4,6,10407,1641852676,279916078,-319789802,-1081630660,679471163,-1843558495
7,5,4,6,10407,1240666665,-771254201,1128710672,1952595149,-1805418964,1508837395
8,5,4,6,10407,-270735132,1596482242,-67093652,1415400939,-44081920,-557985710
9,5,4,6,10407,-347998183,-1774869844,-1338819244,211901512,-444977382,-372414297
10,5,4,6,10407,-1527659324,368378950,-1822774474,1305165740,-1944599768,-93513646
1,6,4,6,10407,-1719798950,-1476103703,1668957420,-1635507503,852565626,-1075519172
2,6,4,6,10407,-1076631205,-987316309,551790578,1900104890,1607781451,-1618044509
3,6,4,6,10407,1822866301,648500957,699164296,-558402860,2067297006,698887606
4,6,4,6,10407,-1264508450,1302808070,-1768764870,-1763716976,-1492512581,651085725
5,6,4,6,10407,1108486397,1476917844,731710982,-740514588,1069335116,1288223423
6,6,4,6,10407,26502633,-957732455,1207218031,-539120340,-474012122,-1647002198
7,6,4,6,10407,-795598976,253652882,-1395639934,1659302610,1778462635,-1937722292
8,6,4,6,10407,-2093040980,-421790458,-652180651,808040959,65252870,-772152156
9,6,4,6,10407,500236555,554768470,-1179159983,-1213515253,-1151206647,1865976073
10,6,4,6,10407,49256020,60930859,2110026599,-1125727036,1093349605,-1398835027
1,7,4,6,10407,1830260458,-1309907466,-373707814,1396381095,-1299541058,-348480356
2,7,4,6,10407,2010090744,-936634124,-1417011334,-1345710870,-2109998612,1965043354
3,7,4,6,10407,-1735876912,-1699851738,-1975071181,-1524870388,675692843,-737615076
4,7,4,6,10407,-1149643742,790866995,653355383,1849934344,2080659202,-2052008410
5,7,4,6,10407,808147482,1677327348,-815375484,652530473,1093591531,1548785876
6,7,4,6,10407,-232233439,-53061282,-972029210,1544082697,420455510,1234959550
7,7,4,6,10407,1049705616,-55317554,147807146,246508892,-1862831090,349157264
8,7,4,6,10407,-742104833,-781044336,-1914731054,1809663855,1864648266,1706610709
9,7,4,6,10407,224532538,1701571095,437891687,333547614,1332709176,-1203512651
10,7,4,6,10407,1671285585,-2047325283,-2063257969,231040125,-1925705349,648470717
1,8,4,6,10407,-182920748,2030681339,1178784360,220705686,-831288549,-570596208
2,8,4,6,10407,-761896780,519244266,-1250990582,1391999930,1269090895,-1989452108
3,8,4,6,10407,-484597688,1679991826,471377563,-69310267,989292095,619500706
4,8,4,6,10407,1451108998,-1742919476,1133832345,332557018,-1598713306,-520432697
5,8,4,6,10407,-239401292,431679808,-1904203565,-1089824120,-407966864,-786423632
6,8,4,6,10407,-305169021,-1397514591,-965028429,-566036273,326952791,601249893
7,8,4,6,10407,-1037592306,1983366903,-1569901318,-276460313,349181397,-1484478049
8,8,4,6,10407,639649450,-1125617147,-613886711,-305843182,984299452,1372288813
9,8,4,6,10407,-1944183651,427570751,511388138,-137806471,918293668,1577334957
10,8,4,6,10407,-219716988,-1480926566,925791379,-435536753,1811815798,372746601
1,9,4,6,10407,457728586,869955337,1481593125,629727353,-2126260469,710835301
2,9,4,6,10407,204548568,593127027,974100447,-1800825175,-145036689,967939188
3,9,4,6,10407,-1772244640,-692904766,1140528358,1684747639,2080654363,1299630455
4,9,4,6,10407,12184637,1408364839,-1613394991,-1907298390,741123687,-1128446378
5,9,4,6,10407,-1622756745,1242053843,1674108278,-1006158625,-458120591,194490290
6,9,4,6,10407,-191100644,1458226945,968891492,-1689138624,-1242075341,1543763129
7,9,4,6,10407,20732342,239978828,-1521448443,-2139138876,-1717412888,-988874704
8,9,4,6,10407,538588447,-44252873,-1902882182,836236584,-113392760,-1688523324
9,9,4,6,10407,-1264635725,-114752513,-100116417,445454923,-462254368,-1222110390
10,9,4,6,10407,-940895649,-9697698,1080149477,-359295068,1474339452,-1439311453
1,10,4,6,10407,709561678,408518333,2131915049,1844895972,-1733707224,-1268647298
2,10,4,6,10407,1716799963,-585915738,-745849286,2046394107,933202580,1128964221
3,10,4,6,10407,1790089237,1866534963,1839561916,-2125997624,211227296,-861974951
4,10,4,6,10407,2047205814,-1420713470,1359043183,-864145845,-274491853,183228503
5,10,4,6,10407,-1558639723,-1031066709,1831769922,1702378046,-75553216,-465352573
6,10,4,6,10407,1515799971,136983201,-316094404,-899024242,-1227304489,-59159259
7,10,4,6,10407,564897096,-363557159,269842095,-1487673880,-1294978365,622630142
8,10,4,6,10407,1525339733,-639462953,1846408429,626253429,-1735144891,1939808947
9,10,4,6,10407,-666980556,-603060557,-1304703571,1196483594,-891697627,1217659885
10,10,4,6,10407,459836458,-1802670832,191765977,576760675,-1269063975,24350965
1,1,5,6,10407,-1158669073,-473829066,113541928,1582426881,-369462647,909013225
2,1,5,6,10407,2113544580,75039652,-284486451,-518930846,1332621408,-1455401994
3,1,5,6,10407,-632770403,-415162226,756363373,-408152402,1252543338,768886204
4,1,5,6,10407,1877809580,-312973923,915394641,1715473329,1587761455,2070896100
5,1,5,6,10407,1110917310,-692433072,-2033242561,-1862553133,-14474875,758621111
6,1,5,6,10407,1135269673,70396877,-1808169667,-1114365982,-666798718,-1802846305
7,1,5,6,10407,320639803,332865969,1574099825,1985018250,1501459101,-1304346103
8,1,5,6,10407,2004799448,536759278,-1300782145,929269922,1455048299,-446632898
9,1,5,6,10407,830817628,1128469598,1485076291,-1970426903,-1889169950,1590084398
10,1,5,6,10407,-963407836,-2050287061,-1139193865,1071735402,1402036353,-1147995731
1,2,5,6,10407,313731269,880567691,1906588236,-1552119261,1942524783,-231957414
2,2,5,6,10407,-494575930,1505913939,1560524793,-887094760,-329685719,-1044948539
3,2,5,6,10407,-551552575,-1974003428,-1585482374,-1742154102,-2103224970,-356154294
4,2,5,6,10407,2010303587,-1638350892,878218879,-1155597638,1087434878,64843823
5,2,5,6,10407,755246785,-30144336,1935516804,-275840383,53648745,-1792825833
6,2,5,6,10407,-259414200,-1466433959,-214093360,131403283,-984663603,530000149
7,2,5,6,10407,-1336041025,-679403516,756354940,535358658,-764865062,1328599585
8,2,5,6,10407,235807885,1419695678,865186147,312268338,2044035615,579718090
9,2,5,6,10407,1015868595,1411915228,1133070210,239949807,120271596,-762483646
10,2,5,6,10407,1564109633,769822556,811591522,1520001330,-1299247441,2020423277
1,3,5,6,10407,607363391,1431656700,-1731914697,1638337088,-75638017,-1866272916
2,3,5,6,10407,492988984,817903156,916657148,1231916862,-793637908,-541077062
3,3,5,6,10407,-1192667611,-1476076648,-932540093,729202178,1130596516,-133770553
4,3,5,6,10407,231359857,-402768027,-2067189454,-317080914,-135343149,1785401021
5,3,5,6,10407,-949291442,797703081,535860594,2078926718,-634308054,-504702216
6,3,5,6,10407,-855108768,1142887145,295366545,-1370111404,688642909,267697644
7,3,5,6,10407,-22099237,331232729,-788972703,-402640515,-1517089072,1934898287
8,3,5,6,10407,-1551956632,-116761838,-663293976,-1973089714,-75302068,2107211532
9,3,5,6,10407,157423820,-1516927372,209737410,890379860,280110690,778145634
10,3,5,6,10407,600657703,723167798,736449401,-1741189232,-1247263481,17489974
1,4,5,6,10407,-345878145,-2129928314,1218917591,1909056005,26206760,-144249543
2,4,5,6,10407,-1381256585,1400888929,-1836126068,1568613474,-136244536,-871695812
3,4,5,6,10407,215808583,1179470932,-1753483229,1038639995,-482289349,722231165
4,4,5,6,10407,755987029,1577616119,1464687732,1586803262,333020587,-958928083
5,4,5,6,10407,-1128083424,1028656132,752732650,903457263,-2052329129,-61100333
6,4,5,6,10407,-950542504,1567347112,-462329622,-2069751109,1099852125,-1645215330
7,4,5,6,10407,748501808,-282610031,-1245142289,2138881338,281157740,2103024586
8,4,5,6,10407,-679625481,1931384108,984049539,1192491821,1725899987,-1821224635
9,4,5,6,10407,-1260262858,567255036,1126385274,-491958132,-202803356,2123444598
10,4,5,6,10407,1912306998,-1910033019,1497794168,1612581549,1778627543,-249183181
1,5,5,6,10407,1648503781,-1219849037,-818665734,1308230018,349465229,-1431185015
2,5,5,6,10407,-865381778,-1744283195,-92572451,203515388,-1335780764,459904771
3,5,5,6,10407,372585385,-1473711705,-857543961,-983984399,560178317,-96563381
4,5,5,6,10407,-1995120687,823895389,966946091,-1432508683,1618906321,-2143884215
5,5,5,6,10407,2028188020,597486122,-443176564,-1856306897,-1096958979,1088520461
6,5,5,6,10407,-576163332,-1263607247,-541061293,47567213,279861474,-123060780
7,5,5,6,10407,693857180,1368499021,890207002,-1925407605,-467848654,1990942791
8,5,5,6,10407,303581195,854053511,2045747033,-1609637553,1118812908,1830348244
9,5,5,6,10407,232624330,-1638188166,2020380375,-1479534390,-358516275,-1585380936
10,5,5,6,10407,-1731859738,-1963103771,1465701158,982324876,678933744,-438187151
1,6,5,6,10407,-651513500,2047688630,-1564437372,-863611413,842552459,-475425516
2,6,5,6,10407,-1854434854,1124153855,-2126523114,-234392301,-1334427764,-529411855
3,6,5,6,10407,1643682786,-309522413,360595755,-1693247654,1946012718,79995206
4,6,5,6,10407,2018632201,459526286,1166688948,-207400052,340144988,-335476966
5,6,5,6,10407,-1951009879,-718878875,1981176342,-1480360260,-189118136,-1692975269
6,6,5,6,10407,1845188132,-1078168260,-601354709,-214769197,1526937532,-779867282
7,6,5,6,10407,-1391234343,-1487408255,2077327237,-771451147,754165384,1490316702
8,6,5,6,10407,824411116,-484067621,2075540522,-2085001642,-1550825999,-480685749
9,6,5,6,10407,-1473683114,-1925751492,346356212,397835870,-1630506456,48004973
10,6,5,6,10407,-398013479,722100471,-1587410893,1860845717,-1715390264,989652927
1,7,5,6,10407,132885976,-696836414,-520129471,-1263379569,1346857700,2094311310
2,7,5,6,10407,1305043682,-648429206,-452252942,-1538219776,-2113132693,-1670461023
3,7,5,6,10407,-286277774,-498862406,391379122,554768668,-462819072,2124419328
4,7,5,6,10407,-284723829,1227073105,-1206721413,638804373,-403188954,433112540
5,7,5,6,10407,1302383562,-841730690,1965213833,1823132510,681061169,-839501506
6,7,5,6,10407,-1229518310,1574288347,1122649509,661698755,1691278479,-1174936788
7,7,5,6,10407,-1641134103,-292707679,1207715943,-1545446260,1419747346,-624237224
8,7,5,6,10407,-1044651727,-230631174,-669137904,-1464624422,-442022835,459974297
9,7,5,6,10407,1147579052,2139526426,-1870246568,-1467203956,-1185306171,-1913768572
10,7,5,6,10407,-983292496,-1823472646,-1042175448,1237001924,1418375036,-912258637
1,8,5,6,10407,585532646,-1034304322,-1430715758,-2063512115,814078533,523648568
2,8,5,6,10407,1758589364,691022746,-199232898,-505580934,-920310873,-1722378944
3,8,5,6,10407,-1015572760,1707056691,1549612854,-2010744715,-1771211476,-1381757887
4,8,5,6,10407,-1111014767,1402743832,1149130307,-574039043,-1837743879,425351259
5,8,5,6,10407,-2022619702,-1483008621,-1047455022,1683188179,-458964301,1723178533
6,8,5,6,10407,1394566571,1047064380,-682556407,-1443091290,-546062017,-147375722
7,8,5,6,10407,-792596578,-218094438,-247458700,-50437857,90555130,553144622
8,8,5,6,10407,2100245041,-1235926996,-626789100,-182844687,1802927764,1980927209
9,8,5,6,10407,-1003131532,-9253018,719978202,-2014833846,15041575,2077203945
10,8,5,6,10407,259686470,-1909157918,-1048532711,2023405867,-185083200,-1238666500
1,9,5,6,10407,-1174936636,647819656,1850517374,-2119891420,-512464568,-1537764408
2,9,5,6,10407,1733696790,1727470882,1412239854,24559236,895561700,-2118382713
3,9,5,6,10407,-1663069942,931928265,-1412859727,-2497039,1557786754,-648202746
4,9,5,6,10407,-2059768468,-620072443,-2092612831,75982950,-1861107025,-732643928
5,9,5,6,10407,-1430124412,1529878559,1521777867,-1871685412,-1287920255,1084826273
6,9,5,6,10407,-452983733,1446774052,716169178,523386716,2074353648,648732872
7,9,5,6,10407,502781951,-293276957,-1664217609,1963007318,-978544968,-617363729
8,9,5,6,10407,1920193067,-1135235503,-1885264836,804531400,1011409427,1739459920
9,9,5,6,10407,256162150,-1710706042,-975161239,1957517745,-671402407,-1160275130
10,9,5,6,10407,-237183597,1485347056,1545353833,905250005,283698451,-1864005673
1,10,5,6,10407,901526167,1839461211,1969754936,-609283163,-272726179,1347097454
2,10,5,6,10407,140706549,-59423219,1914147889,-1704757426,-509899091,-834096550
3,10,5,6,10407,-1513658005,623528448,-790519775,1178334260,-944319934,1702791464
4,10,5,6,10407,1404064727,1919356954,878966290,1516396362,-2077587736,-908713361
5,10,5,6,10407,-617816713,1427940062,-1446235803,980761720,1473467632,-1597868266
6,10,5,6,10407,1180909175,-68494206,-2058011524,-1098930152,1060634601,244250476
7,10,5,6,10407,1255353133,1659983977,-263051196,-1340303959,885043505,-1359978913
8,10,5,6,10407,854797297,-670470033,-464645747,1180951056,-1952822669,-650436467
9,10,5,6,10407,-929055663,850665987,1810123010,587569562,-512936860,1623041892
10,10,5,6,10407,2074883707,-1182413968,2060815614,-1018371893,1603435367,105394871
1,1,0,7,10407,-810214255,-1666643064,602076522,-1260520413,-909174414,1545665619
2,1,0,7,10407,1477775424,659245730,-695896392,1854344365,-722074255,1464676266
3,1,0,7,10407,-1749327596,-1604370898,1161213650,947232206,-1212842235,1079139619
4,1,0,7,10407,-1489437185,-2018777900,-327521150,1215406619,-917137731,1056054296
5,1,0,7,10407,-1058815258,1584137004,33474884,-1218546900,1707348012,-1861712054
6,1,0,7,10407,2121855847,-462747066,-73136644,297421111,-1170269685,-772942337
7,1,0,7,10407,306575876,1632683278,-2042855859,-438146244,1048774061,-359058989
8,1,0,7,10407,794793303,-1346593196,2086729903,582078385,1423080510,-1814893245
9,1,0,7,10407,-1064126500,-2099877646,-902519512,411298039,348028390,-1011239718
10,1,0,7,10407,-650033115,-641669685,1661322733,1828027173,941417838,-1680295576
1,2,0,7,10407,361584357,-180071108,363612357,133455847,-1879228238,-1038627726
2,2,0,7,10407,1574966261,1599985197,-1814648437,798127413,1518693937,-670774334
3,2,0,7,10407,423607773,769658216,-597894311,-933664128,44909765,-46274426
4,2,0,7,10407,-717220949,471134758,1691258588,-650847552,-1952958170,1794519118
5,2,0,7,10407,-1731452006,735754280,1029858316,1177098163,-1110144197,-794349830
6,2,0,7,10407,1407048733,1952708538,1726008725,-1670076645,-737835761,823886417
7,2,0,7,10407,-1545886342,-378834812,544272050,979488848,972988472,-1747279795
8,2,0,7,10407,356577129,-1952986603,435101468,1056263552,320165703,-260981627
9,2,0,7,10407,915649130,1845554849,-1612010048,578082373,-178249918,147022890
10,2,0,7,10407,1465489567,1473257662,-1530406449,814072209,-1652746268,1703561679
1,3,0,7,10407,268368384,415458225,722533356,320723308,2130303687,-1878672799
2,3,0,7,10407,680847130,-1402211858,-1197267323,553472540,-1001047853,-2035852510
3,3,0,7,10407,-940863194,240404667,1098433951,-336520948,-30136304,-903487713
4,3,0,7,10407,759333571,-621844667,-1230047762,1896585639,1916371075,-1116167694
5,3,0,7,10407,-1094413644,1432794559,1325802348,1013038237,-1818982564,-1388073470
6,3,0,7,10407,393642555,2117592872,-1153513832,1847108316,-1722965757,1826338836
7,3,0,7,10407,2126181230,-1861339903,-1243709884,-707419705,-1117875166,-434298111
8,3,0,7,10407,-1181589066,1531817661,542740317,-1895141810,959402094,757819201
9,3,0,7,10407,1347342065,-2138809854,-479913351,-1375580183,90827803,-1177416562
10,3,0,7,10407,524582909,883155925,-1274561338,-455389380,1250015802,1350612867
1,4,0,7,10407,-160110875,-108398983,784967589,259812313,-599551267,860306115
2,4,0,7,10407,2021372753,-1894353893,-706888833,-289881058,908169782,-532101405
3,4,0,7,10407,-1627298451,-517626763,-952474836,284442473,418416009,1797945480
4,4,0,7,10407,-251268600,105107999,845719978,564807531,1407129760,664658674
5,4,0,7,10407,-756883500,2089479896,-1690336859,-1310357673,774477144,-808063885
6,4,0,7,10407,-200894370,1700529156,-942818437,-1212278792,1513891708,1055126636
7,4,0,7,10407,-1855978604,-1277092051,1945835468,-1511569614,1338134567,-1229540268
8,4,0,7,10407,32941943,740715272,-2114585664,277267714,-1082122611,-704724399
9,4,0,7,10407,1969240128,2060489594,1481184987,-766076751,856970196,-1075548936
10,4,0,7,10407,859046509,-1670226534,-74610311,-570951956,2070755827,1083352168
1,5,0,7,10407,415083063,-315940801,219881510,1141143377,2017580283,1881305776
2,5,0,7,10407,-973539696,594747976,1560703425,1490215106,-1911756887,1282788100
3,5,0,7,10407,-391299778,-1355566222,-593239088,-1868963778,1299715783,-154811752
4,5,0,7,10407,983524978,887846587,-204133797,762766163,1619460408,-1774220494
5,5,0,7,10407,-1259985558,-1447244248,663029608,1294371236,1288217314,-308703125
6,5,0,7,10407,1153911660,-339567734,-827781770,-733397979,134157129,472252616
7,5,0,7,10407,1168186123,1398164276,-395277688,1778794675,1663602088,416698167
8,5,0,7,10407,-1208665325,1617362510,-1695789278,1349868334,998882713,564988585
9,5,0,7,10407,-1123001338,-113359654,120914878,906894591,1229073265,-1198697052
10,5,0,7,10407,1219525625,-1433573803,-421235696,1598417073,1656743593,-1848965934
1,6,0,7,10407,-2108257016,896974193,779821326,-101393145,2023725546,-9339279
2,6,0,7,10407,244908002,1547564008,1960723673,1342560864,-1304513377,-1313197851
3,6,0,7,10407,1753935867,392220798,-334416183,1650728098,-294346730,548393351
4,6,0,7,10407,812444750,845020427,-2140359078,1969978262,1560540962,1771079364
5,6,0,7,10407,72438573,1257480454,-1908463668,1988203822,773913128,-1598555653
6,6,0,7,10407,-957759557,-962742775,1980086953,591899381,-2132983106,-1019957058
7,6,0,7,10407,-1758678464,1864350475,1388612361,-1297662882,1103475557,544238365
8,6,0,7,10407,-1534599501,-68857638,-2141405990,-802756724,-450005470,1127432854
9,6,0,7,10407,1285411009,1950694880,-1908646632,624747901,-863217071,802745738
10,6,0,7,10407,753589011,-296943344,1591942867,671593422,295163401,1350647532
1,7,0,7,10407,1244550182,1772996995,-1492320268,-19081100,652801129,1043688333
2,7,0,7,10407,-1085411362,438827896,842937372,921910625,-1931913852,-1897995528
3,7,0,7,10407,-1098825064,557355567,437613444,1870440750,370708231,348723247
4,7,0,7,10407,80582810,1799007117,-474493198,1797739855,-580809963,-766492292
5,7,0,7,10407,1567304749,997591959,1380718734,-1891010527,1802432176,-876373341
6,7,0,7,10407,408288077,654694858,2010006725,-905258166,-1017281800,1919187873
7,7,0,7,10407,-1057871502,831458316,-1971507830,1272612396,925573429,231787058
8,7,0,7,10407,-1162359362,1266784052,1373093445,-2063685858,1669903599,-1912140889
9,7,0,7,10407,-1437319089,-1273186247,1313934060,2007620465,-1461807680,1557524008
10,7,0,7,10407,-889498331,1461140269,1488584806,850303875,1160440258,1008262105
1,8,0,7,10407,1338316923,-1946169347,1571270204,-785777917,-691756010,-1059778721
2,8,0,7,10407,-485548101,779818314,173935360,625894327,1944783471,705595715
3,8,0,7,10407,-2002363586,-54914163,-519209868,-2105202960,-1979164289,-1814953639
4,8,0,7,10407,765329379,1015564463,-1219401516,-1953207339,-1392531053,-941346427
5,8,0,7,10407,-912421076,-1012981347,877582426,-546631239,16897880,-915495123
6,8,0,7,10407,1311483381,-497727437,81993215,1686483205,-920271616,-1014987491
7,8,0,7,10407,1385043306,1467566842,-1011750341,957603082,666310244,1935898586
8,8,0,7,10407,1895804876,-1628397601,-9064205,337371346,-1966135490,642710602
9,8,0,7,10407,1729903495,871936071,-2046900077,-820531033,-1786590141,998698998
10,8,0,7,10407,916050197,-299685280,-1235978888,249981809,-1998322843,1263933618
1,9,0,7,10407,542281600,-280845456,-1888312097,-786683847,-305468470,-599261820
2,9,0,7,10407,-1236489161,973949000,-54073769,2114441325,-58280806,1146786235
3,9,0,7,10407,-1646118575,770344509,764116162,1870797981,-834252488,33133679
4,9,0,7,10407,979471996,652348386,1403050282,76070145,1836137851,1789960070
5,9,0,7,10407,690957802,1604555870,-1895813435,17871972,1942586795,1324455775
6,9,0,7,10407,-649796538,205140931,-1595073373,-1611605694,942496130,-209119654
7,9,0,7,10407,-1388187167,345092084,-1650879267,-553080890,-583069915,2048178244
8,9,0,7,10407,130737077,-1662598403,1919211652,70196479,-304122156,-1597301398
9,9,0,7,10407,-374178469,-1126308848,-37509443,1574554616,1723508854,734113276
10,9,0,7,10407,1959808248,1258108987,-672061125,2013499864,488729602,-502726119
1,10,0,7,10407,733800320,-1676105099,-1603068036,-752259001,419450990,-204119105
2,10,0,7,10407,8705017,1370432781,-1484153849,1443041952,-1963953571,-1992767859
3,10,0,7,10407,-1467212427,-659719102,-1642567676,378292536,-640894200,-282398387
4,10,0,7,10407,1121229140,2013028657,-1895199901,1876242895,2116673184,1424714029
5,10,0,7,10407,-198805011,1065318486,-1987439072,547003356,154474927,-475722252
6,10,0,7,10407,1258558658,-677045058,-1401451501,410413211,124842802,-1241015573
7,10,0,7,10407,1890302039,1939237321,1618634699,-110089533,803352221,-1807645230
8,10,0,7,10407,-761184039,-1961466693,1582321311,-1287546094,-603237084,457724316
9,10,0,7,10407,139156746,-1345160988,-1383806450,-215365333,2013648319,341432044
10,10,0,7,10407,-854370318,-2023727227,-1512463624,998789290,381429178,-1200619212
1,1,1,7,10407,1546682374,-151199346,-2060063178,1786458727,1733792849,445636669
2,1,1,7,10407,373011734,-1101464373,2145375406,-1341634813,-1138240445,-51829914
3,1,1,7,10407,-1018001835,-1631167293,-958715786,-415115816,-1441720164,781170807
4,1,1,7,10407,-1873415429,-1763628559,-907172347,245169420,495767800,1795967805
5,1,1,7,10407,-319750891,1901150407,1723777597,1353046065,-819248735,464857363
6,1,1,7,10407,-36295969,-289697211,1456690521,554677499,-826913611,2037836728
7,1,1,7,10407,525088169,-708600546,116749335,1483421823,-1247057893,653428847
8,1,1,7,10407,-1461001695,1679804167,382369880,778885911,-856743028,1687952383
9,1,1,7,10407,-703971448,186014371,326715483,738845759,1860689109,-1703184903
10,1,1,7,10407,-926931281,-698390186,-1389670498,981544510,-989740662,745475879
1,2,1,7,10407,2132607126,1878963274,-1384045286,-2112183164,653015250,456637525
2,2,1,7,10407,-1625441868,-1020631188,1062569050,-833774920,1906030120,1288761919
3,2,1,7,10407,-1798834663,359370807,629880497,-1459654610,916558339,-297535456
4,2,1,7,10407,-1682052285,147039671,-2046369866,-1008819408,626691227,-140129875
5,2,1,7,10407,-1230688723,-66370120,-2077777014,-836059004,1969325387,2079560601
6,2,1,7,10407,2095672254,113888452,-1266849823,1208299992,1243297457,1001282447
7,2,1,7,10407,2121274962,-1084244464,2028102844,-1433502562,536745593,412348847
8,2,1,7,10407,990390404,-886280659,2146507029,969539309,-1471101890,1511400083
9,2,1,7,10407,-421179336,-1485112659,110312283,-1933814503,1748677831,1953653565
10,2,1,7,10407,-1027960658,-570996010,-1027584753,-1009096478,1968047828,1915225753
1,3,1,7,10407,2125669827,-60497985,186658010,246810873,-625538372,757833095
2,3,1,7,10407,1885959802,918383757,69110369,949692087,-1992122251,-1566148465
3,3,1,7,10407,-152980794,-169872442,-1158799342,1081463082,451753176,-1010379142
4,3,1,7,10407,-901312649,1423226740,1419911100,-769558143,545004072,-1255402334
5,3,1,7,10407,-716448057,-1961971736,-127824772,1440560299,1325389625,-1716473238
6,3,1,7,10407,-532792349,548436967,1147912219,1066851939,863716503,-82935988
7,3,1,7,10407,-12521032,-851544806,-919579477,-217874517,1366804506,-298257730
8,3,1,7,10407,2104020923,-329571317,-1751233671,807346579,-1526667868,990070026
9,3,1,7,10407,772000700,1042093224,1452398780,1918768195,321419051,1328643712
10,3,1,7,10407,-1338554827,1636062239,-962259762,1239689444,1988453782,1241306767
1,4,1,7,10407,-1801981011,-584591672,-899169095,915551631,-755929825,545275627
2,4,1,7,10407,-1689435202,-876516996,2142045016,-1808292203,458779867,-496273773
3,4,1,7,10407,-1022272044,1497047440,375566882,594189745,-1122535297,1815231249
4,4,1,7,10407,556123877,1836629338,-1938871374,1087213285,1390102597,-778348888
5,4,1,7,10407,-720900128,1515988191,703599301,-1130311920,18295210,2139658452
6,4,1,7,10407,-1884275126,-1781003456,-1412221016,1515361292,1362580414,82369973
7,4,1,7,10407,726949068,250524981,1031471441,-1389598544,983568252,-1581923998
8,4,1,7,10407,-2090150523,-1961224552,549001542,1227663019,-1552423208,1996986890
9,4,1,7,10407,-442587861,1529055541,1953064574,-886719657,176906719,-300597657
10,4,1,7,10407,423059284,588597464,-727267217,1353399352,-286540292,-1261670596
1,5,1,7,10407,1171608760,-1538494785,-166320205,858380192,-1431924184,268639549
2,5,1,7,10407,847454101,1959310557,-1956914445,339660622,1974335305,-48106905
3,5,1,7,10407,-1626345299,980623461,2052521221,1234710530,-776347698,-764207160
4,5,1,7,10407,965751140,2080741815,-1739969245,269236002,685023874,2099354399
5,5,1,7,10407,624993543,1837952101,914521719,2092997960,-1573836558,-1049195771
6,5,1,7,10407,-730658033,344327462,-1738269612,-543363556,-349642625,-891553460
7,5,1,7,10407,-2048509987,919266722,2090823827,-1226118516,-742168316,880308489
8,5,1,7,10407,-2124243774,1202205766,1668133153,1987050177,-1431536132,1336115178
9,5,1,7,10407,-777620250,661111544,145582798,-12672968,-14529803,-836409088
10,5,1,7,10407,1718697540,-1495883135,1851602959,-757452285,188686087,49816342
1,6,1,7,10407,2070622867,1794045595,-1255276488,1695218562,38478731,2057876473
2,6,1,7,10407,2084536011,1156397216,1519127831,1834589409,-673919373,317576292
3,6,1,7,10407,-1394047636,431561939,537249198,-1623129869,-798257019,1132945836
4,6,1,7,10407,-1360441216,-658837729,1955422367,1009214170,-1035596629,1762003926
5,6,1,7,10407,1232716725,979812415,-427425532,-270787517,1372124825,1921075469
6,6,1,7,10407,-495776399,1083319678,1708095673,-312598280,-964983751,-331839024
7,6,1,7,10407,1098579646,1600838501,1828113691,-1460801245,-601089607,144311244
8,6,1,7,10407,661332331,1945139878,-797916319,1121746936,432636816,-602241062
9,6,1,7,10407,441451674,1601492298,167030166,1679564090,-1958262164,-1810521345
10,6,1,7,10407,1808411520,981628228,-714928052,-1298037652,1780269335,477868707
1,7,1,7,10407,-981423330,-1152113222,2063464956,305542586,-834172905,-258589063
2,7,1,7,10407,-2015867673,884519222,-1071922392,810995144,-1087034641,-1586767810
3,7,1,7,10407,498678804,919851678,-1547490389,841308314,-1951843687,1059700274
4,7,1,7,10407,1054062522,-899133302,111342670,1966000665,-128718824,2006267576
5,7,1,7,10407,746996745,375695201,2134163878,-337984821,-1840074265,-1970319587
6,7,1,7,10407,-1034944687,-1923079763,-1543231879,-1494931778,-271415213,1745884492
7,7,1,7,10407,1623345094,348719682,-15655372,-1042684410,1173375753,1291316298
8,7,1,7,10407,1905972516,-662915183,-2125337453,-1226761489,-836782331,637287979
9,7,1,7,10407,-1614304005,819908139,1225876395,-738768671,-1874584211,1348538759
10,7,1,7,10407,-166902515,-1938589180,1301807040,1111815380,1820324239,-1516746036
1,8,1,7,10407,868800912,-410037802,-1464559271,-1414729677,427205943,1688856929
2,8,1,7,10407,2007276564,-1495660472,-1312383189,-1008659791,9407202,1961597887
3,8,1,7,10407,887980658,40900698,-881374431,31835539,686202130,389143977
4,8,1,7,10407,1057135307,1193341577,928956407,-808996241,93335744,-1188661666
5,8,1,7,10407,1181155452,1527192340,-2024644468,1166739049,-1607358551,1887332654
6,8,1,7,10407,2114350890,-1005388599,379748610,-1825142625,825973897,284864138
7,8,1,7,10407,-8897061,1061325781,2140279586,-1572938955,-1215022339,1337148861
8,8,1,7,10407,-800772763,-1900194399,-1175298559,-1844134718,1753797971,-1255687477
9,8,1,7,10407,-167559248,-1130883950,1582755784,161551363,375847047,-1581201510
10,8,1,7,10407,-960787573,-1896078821,1601066556,1855905404,1821758400,1391248660
1,9,1,7,10407,-1127349005,-71322586,-1352296237,470527850,-1809788912,-1321423359
2,9,1,7,10407,-444149548,403393371,-892596590,-1240737795,-923103588,562576453
3,9,1,7,10407,647021398,-1506347974,134161847,274504418,-1311760706,2075004050
4,9,1,7,10407,1129856678,598070406,20012600,144377107,-1743452604,-458130735
5,9,1,7,10407,1663804567,-1840298420,560650402,-746246307,-1347601942,711296713
6,9,1,7,10407,-1299910885,-153740942,-1177041056,-474995268,23726811,1145330639
7,9,1,7,10407,1728645647,-567920012,1073830302,978686403,-172154452,-537135128
8,9,1,7,10407,376398180,-1148453494,-269525506,-1207547407,1033312608,135214871
9,9,1,7,10407,-1886019336,1931719105,1739145219,-1580229010,-524501999,-726763504
10,9,1,7,10407,405072981,962756461,438155050,522331370,-41099566,-1012202227
1,10,1,7,10407,-1206177358,-978109356,-457196684,1986384513,2083169081,752589660
2,10,1,7,10407,1002336242,325010704,64598083,1130916350,-1020658661,683635598
3,10,1,7,10407,-1280325565,688671700,-662254700,469932587,2034694753,-211768947
4,10,1,7,10407,-1007960614,-517745232,-1202613637,1422831942,285989137,984058711
5,10,1,7,10407,-949268718,890387724,-445282540,-973134279,1253706493,-210899806
6,10,1,7,10407,-525710085,1511705242,-1093567954,1507570574,-849951229,784355879
7,10,1,7,10407,1243038049,-404933014,1125629824,879261017,-1185291768,-1228503754
8,10,1,7,10407,967220176,388584714,342251878,-1006676005,981068529,463434186
9,10,1,7,10407,-1165028244,702529155,2070187052,-927970697,-35662806,-1409692532
10,10,1,7,10407,-672898149,-5171550,-610239928,-85678475,1713859257,-1335039957
1,1,2,7,10407,1415171165,1858029922,-985626025,1811217921,912670106,1919754253
2,1,2,7,10407,2072186610,1195758275,-588850594,197297384,1193108376,-1630832220
3,1,2,7,10407,-699850989,-873695564,400140548,-1493405091,-1323903000,-1622897962
4,1,2,7,10407,-1952237807,-494880667,-1506275445,1523195492,-1431250125,-562915418
5,1,2,7,10407,901986236,78561875,-1620061152,719238123,-607798377,-1016235406
6,1,2,7,10407,-1533885344,-920829777,1441978154,460078388,1677245123,-1998649763
7,1,2,7,10407,1622951939,1694553573,634630798,-12054397,937694451,997909173
8,1,2,7,10407,-1063733116,795339471,-259987117,533537970,1120766946,-1505075636
9,1,2,7,10407,-2064830382,-2064910561,700877930,-888825822,1514015642,-1996857875
10,1,2,7,10407,-1591123994,-699124524,-599364101,-776491843,-628529202,718606479
1,2,2,7,10407,-1105267863,-1337124149,-1455814735,-1633415441,-2135353505,-1752337321
2,2,2,7,10407,-1591298944,319119359,2086122245,-1197506423,2093815897,-1152708722
3,2,2,7,10407,-428217819,8103443,-1194987098,1778820043,7781825,-1711162401
4,2,2,7,10407,-1125921715,-1026759968,1529884879,382090649,1985590258,-313593454
5,2,2,7,10407,740482826,296596532,-1376258560,-233346165,-89792698,277402631
6,2,2,7,10407,1071136489,-1647521963,-143318462,-1795100466,-1233312871,850955139
7,2,2,7,10407,1604646165,374980237,316919401,-2078009952,1624835760,1932105482
8,2,2,7,10407,359398276,294510283,-1394482559,-1004054500,-1711217131,-1271224510
9,2,2,7,10407,131180628,1447329316,1380389984,-300632056,-420249149,105340111
10,2,2,7,10407,1608924004,-1238761818,-1161183545,712448228,-100945891,2017355034
1,3,2,7,10407,-1993899508,336738741,1159496940,-132966913,768056652,241363507
2,3,2,7,10407,936076435,-1231370722,1593409211,-271850099,2089158696,1354571692
3,3,2,7,10407,43999928,-809559488,317148581,-1399355410,-75956102,370090033
4,3,2,7,10407,-31349386,-415901273,-1333680194,-1758189321,284711797,1258427687
5,3,2,7,10407,1048521693,336339602,499801154,1599656146,589356245,-1967792288
6,3,2,7,10407,1833150969,-482349325,-547167847,610913083,-64367747,-1137144982
7,3,2,7,10407,-1410419176,1629187318,-2030239065,1015518324,305127496,-473939330
8,3,2,7,10407,-473640834,-1092092551,-453553557,1767405306,163586358,-1933658144
9,3,2,7,10407,-74865883,-162087984,-703589924,-1586499736,-1661408590,-30564495
10,3,2,7,10407,907421661,1911223384,-103761672,1696083513,-486509463,-1946526613
1,4,2,7,10407,1139894333,620100976,-1405366971,1509083002,-1276424628,-1172958132
2,4,2,7,10407,-435066053,2026476565,-618709306,-357253626,-321166190,-1272940113
3,4,2,7,10407,-214723710,421605111,1529695657,1466503698,-1627409990,-1816924954
4,4,2,7,10407,-526645873,-1661422765,1328576008,-621880507,-929639171,-1895044281
5,4,2,7,10407,-1940405058,1657477194,1966213385,-1669346434,80784187,1287853890
6,4,2,7,10407,-1436596305,1445252861,1696510307,1737381286,1718088631,1370270606
7,4,2,7,10407,300316062,-130226353,-696652696,-1403042606,1538637042,893271686
8,4,2,7,10407,1602808131,-268230351,343242049,896647440,-250002256,-1999726780
9,4,2,7,10407,-1638164116,1215015577,-1545367883,1398615946,-1442555331,-1912020695
10,4,2,7,10407,1954523294,100420153,-477507488,800946790,1276195978,2125868824
1,5,2,7,10407,9448930,-1715758322,1163226393,325698925,1717033832,847890743
2,5,2,7,10407,623543802,-411656368,-1593766775,-804398636,34522322,487759104
3,5,2,7,10407,748627524,-359404242,768575375,1788644606,706169316,1883957395
4,5,2,7,10407,-478877798,-825409804,1477359482,1885298374,-1520929391,-1956311039
5,5,2,7,10407,982203638,1458631211,1506995940,1084903949,-1370843136,390198083
6,5,2,7,10407,-1665607348,636845341,-275616526,1404339488,-979442302,164697062
7,5,2,7,10407,-92179017,966962676,-149080936,646815427,-1877701579,91127868
8,5,2,7,10407,1115214323,-1589627564,1283356548,-1328671885,-372434305,1226288829
9,5,2,7,10407,293848469,125249094,-383301124,-290134985,-1588122621,1914812006
10,5,2,7,10407,-393085878,-116615680,626962208,-745155006,35517648,-182979546
1,6,2,7,10407,1169925327,48544593,-377383322,380696826,1073829492,967720017
2,6,2,7,10407,1641244840,1491826122,572146866,779775913,-1140537191,-1700679594
3,6,2,7,10407,-1862603750,394697608,1609708363,1980335108,303676717,348430947
4,6,2,7,10407,-1496056238,-807541758,-384527805,-1422040880,798103271,1651919145
5,6,2,7,10407,20200956,-1542780382,-277163510,-1561755887,-227006154,697259212
6,6,2,7,10407,-441363923,1505749060,1782753077,-83803579,1194393145,-664768971
7,6,2,7,10407,-1498755552,334598687,2016570486,-1263018926,1006738877,2064923893
8,6,2,7,10407,-284810303,171000534,-2085419508,227130979,2088731403,-1937505249
9,6,2,7,10407,1815513459,-568561597,-1347573207,1274781384,-231634570,-705740032
10,6,2,7,10407,1440316809,-208492451,1678962281,1743123263,596022313,-2066185378
1,7,2,7,10407,1993663598,-856485201,-1157857161,-2047626270,-413013948,-1006696438
2,7,2,7,10407,-154760427,1250045188,2086375148,727264824,1448009712,943278275
3,7,2,7,10407,-122315792,-1211360430,888933057,1472619289,-168251216,1765314615
4,7,2,7,10407,-1309936942,1383706482,1487579092,690292747,2038510638,641383257
5,7,2,7,10407,-2023977649,-295267709,-1042753524,1910240370,-5917945,643149338
6,7,2,7,10407,2080287084,-1038795286,1552880226,-764122979,-1587778838,-932236517
7,7,2,7,10407,-1502681823,1736157255,1624103993,1353097327,1630620745,-956638288
8,7,2,7,10407,-1623122412,1487628531,-275821910,561930352,-2110664168,-158975925
9,7,2,7,10407,630575579,-2079229700,-668146859,1899493646,1453257129,1257396703
10,7,2,7,10407,-366275683,-442084226,896652048,2121947295,-1043692269,-720543479
1,8,2,7,10407,-893087727,-110610525,-1603242126,-1864461226,1890888109,-1352528317
2,8,2,7,10407,506195442,-883138420,1119288634,559675631,-696586605,1795168510
3,8,2,7,10407,-1208205801,-1543463689,-1899759826,634559854,-867018099,-222252538
4,8,2,7,10407,180980774,-1164028897,-1907156358,-1584038157,-1312630582,-1178676878
5,8,2,7,10407,387506865,-61150451,-315788876,-2147366900,-666609507,1543869853
6,8,2,7,10407,-1283055577,-298025584,-468671182,521297529,1859023391,-456585747
7,8,2,7,10407,1739928862,-733752622,-2044719400,335154729,1382873799,-1129937345
8,8,2,7,10407,-624143164,614163050,-700078225,1129989484,2131441213,-312879048
9,8,2,7,10407,417584004,793681637,1195796127,-1541686969,-1923581421,-277118476
10,8,2,7,10407,1015651991,-996312882,1070844278,-302965520,-1257747837,-2072179145
1,9,2,7,10407,1161891405,1624630933,803939908,-230143402,-1759480324,1045767509
2,9,2,7,10407,-692253641,-1331752460,-1756272571,-1007084368,1783296430,1664713902
3,9,2,7,10407,159413938,-1833213427,1302415604,-479369986,-1758762447,-764320394
4,9,2,7,10407,-708151328,1475647732,762130755,-1429836845,-1442336477,-1984473521
5,9,2,7,10407,721877649,1405835778,-148273196,150580825,-659866774,188284675
6,9,2,7,10407,-189598348,1796127479,368155485,-783965323,982895466,465750043
7,9,2,7,10407,-92063895,-986582304,408331356,1166965388,850429801,-1083134651
8,9,2,7,10407,-402394165,1212854270,1674241547,-1268718530,-2029196376,1273273190
9,9,2,7,10407,935490633,-1267624746,-1415345202,-1744113936,944418662,-243852510
10,9,2,7,10407,239059668,-825467216,1476745258,-658316661,-1284236696,1483249593
1,10,2,7,10407,319775208,-2046042643,1096404649,2078820170,-2113676437,-1170520687
2,10,2,7,10407,1529195316,1524218229,-752295714,-2077014391,807510112,-1526451455
3,10,2,7,10407,1196228871,-148863306,1498812039,887272717,1985430257,-1573906605
4,10,2,7,10407,449271434,-354869740,-1672721236,-1996035789,-2132555908,-218085337
5,10,2,7,10407,-1670402300,1941002829,1012103268,-1579838805,-1960734962,-504885286
6,10,2,7,10407,-561606405,-387445360,389809258,1660799769,-877690539,-119715057
7,10,2,7,10407,1855372550,561256195,-1016400698,1577551317,-1168114383,647550047
8,10,2,7,10407,1753647186,1720196190,785872317,636752016,-324328927,1903573151
9,10,2,7,10407,1019907207,759061249,143633325,-160021361,-2126489353,2100263264
10,10,2,7,10407,1500654703,1560004542,-1789439037,-1206433138,1702657596,245897849
1,1,3,7,10407,1769196652,545269940,1756208649,873064789,360876476,1377125798
2,1,3,7,10407,250916497,926748170,1276938386,-1537184350,-2145888747,318283067
3,1,3,7,10407,473330638,1280759228,-1356654215,2136151094,-712981708,-797707021
4,1,3,7,10407,992801011,1541592440,1373686174,581516927,1756328640,1252899005
5,1,3,7,10407,-393516327,-1148808777,-42723621,625857570,590389833,444989858
6,1,3,7,10407,-1269693652,-1375755748,-2015323360,-147000454,-1052048595,-1196349492
7,1,3,7,10407,-381407042,1091601031,-666615932,-519068306,747255709,242800866
8,1,3,7,10407,-970586989,1562387675,910785208,543828710,282908,-641701747
9,1,3,7,10407,1146547010,124217562,-814790652,150954547,814596548,1213838093
10,1,3,7,10407,2143567315,-2119765298,853786388,1574663838,2138034532,-1219518167
1,2,3,7,10407,-822194142,71038985,-1333809320,1678193280,-1658647343,918547876
2,2,3,7,10407,-1400896922,847536483,-1646998098,-1285473711,582706850,-1551916044
3,2,3,7,10407,-1062768614,-1625817268,-2031195357,1639557622,-743259525,2025550757
4,2,3,7,10407,-94243450,756758001,17001024,778389719,-409749705,1978408698
5,2,3,7,10407,-1435591302,-1780979345,535799947,544680127,-405050871,123532178
6,2,3,7,10407,857362061,-626218908,1837295749,810804238,929880519,1269544163
7,2,3,7,10407,1874293643,-1823691510,-116789017,-481064058,1053346252,-262026010
8,2,3,7,10407,-1877085860,-1228697475,-1869241642,-1845890283,1467552183,-1385555325
9,2,3,7,10407,171342642,-2083589309,42753304,-1375516330,-1302645422,685865780
10,2,3,7,10407,839330674,1030030891,1358497858,-1822746925,985197184,-1424154807
1,3,3,7,10407,21305675,-1505664128,1252281750,-720809503,-1156373619,-1594180337
2,3,3,7,10407,2039777439,-1557555734,-332944189,1586074291,-587885668,-2024477967
3,3,3,7,10407,-127576049,197983324,-636451915,747146498,487775880,-1722528765
4,3,3,7,10407,-696343670,375527314,1955043416,316691272,-955579401,602369448
5,3,3,7,10407,535134202,-1364593655,1937085120,672028491,124154099,-1359834645
6,3,3,7,10407,723335871,-1549464673,994225457,110229387,-294417694,1731424435
7,3,3,7,10407,-451386537,-1684914007,1436035265,588534727,-1066043417,-664608074
8,3,3,7,10407,136837648,-1934228705,-876607692,-46744655,-1790865910,470298462
9,3,3,7,10407,-627500851,1173034259,715346613,-1272261165,-1864776965,219198607
10,3,3,7,10407,1581237112,1681921273,-1412152618,-2083155889,761982257,1018101050
1,4,3,7,10407,-1660650207,-2003127963,388613686,-866512368,1539170494,1810701735
2,4,3,7,10407,1046882681,-1130217474,-1645821939,-140977512,-824559547,-869684532
3,4,3,7,10407,390054681,-2095759589,826607124,340502896,-271168715,277956021
4,4,3,7,10407,1388655973,-500032358,-1125817012,-1638840032,-1454240303,-1635200114
5,4,3,7,10407,1044800113,532450631,1096739433,710528786,1691633808,-25978328
6,4,3,7,10407,33291364,1964523498,192269752,406841799,-1478420792,825483776
7,4,3,7,10407,-751043121,131628898,858519668,-1071061357,945380113,-252837721
8,4,3,7,10407,203326546,-1089854705,256364700,779522821,-15339771,-1778694123
9,4,3,7,10407,1071171019,-312699585,-1300794335,-371679120,-832568745,-1877261522
10,4,3,7,10407,-1804592333,-10420945,-1391355926,-653081034,173747816,-1136144328
1,5,3,7,10407,1920388159,1015159203,-821758007,-1933137833,-35015570,1744253049
2,5,3,7,10407,-2014261207,1687043797,-833137522,-1851966610,-1858835825,988971715
3,5,3,7,10407,220223745,-1673445042,-1249181841,1561235506,551838249,-380762316
4,5,3,7,10407,-526975796,209651528,-665399371,-518258232,913430653,-226172186
5,5,3,7,10407,1979874995,-887562612,115578340,-613932193,-1025169151,-1518738468
6,5,3,7,10407,-1342044538,1320101129,-1899594623,-839560364,-2119784842,-1925491258
7,5,3,7,10407,-1045584048,-191918332,208139041,682767227,-100803080,1468979028
8,5,3,7,10407,1970183485,-105479897,272940961,-1002420212,1202988418,-1726957501
9,5,3,7,10407,180335260,235060600,1867232984,-1547002524,1601481425,-2091073712
10,5,3,7,10407,-323760131,-330971952,531276743,369915466,1777017923,1402164105
1,6,3,7,10407,-1777146346,189663077,486946905,-207812241,1297773987,-957064617
2,6,3,7,10407,130971032,-548018028,1404367353,-8530165,-1558142631,2115754162
3,6,3,7,10407,-578773092,-1034138741,-1247821641,650252125,1406142292,2070668141
4,6,3,7,10407,327929170,947137922,1051594415,-916478328,49637629,-1142017678
5,6,3,7,10407,-1766757122,-1072320105,1596272538,1566181262,-550383818,105005956
6,6,3,7,10407,116356647,-202809582,892136085,-2087931563,527397100,545022033
7,6,3,7,10407,-1265593462,622025770,2107036446,-1259512890,1516304685,-1783791658
8,6,3,7,10407,-1204991484,-32037362,679266758,1070287841,-950315453,134311364
9,6,3,7,10407,1731533773,556048730,-1000301980,-461249209,818176332,615795462
10,6,3,7,10407,-1518158441,2019518945,-78349511,-1895905969,-933751494,1690708414
1,7,3,7,10407,-1561363402,1686663992,-1378536968,1477662494,-1158485229,-1208538580
2,7,3,7,10407,85797906,829495306,-966028080,528549402,1600327745,1776697998
3,7,3,7,10407,-1575256115,1973047072,-472967209,1467844739,1157020109,-578910692
4,7,3,7,10407,349996465,-1006875613,-834546041,-319877665,-1291172673,-2146513948
5,7,3,7,10407,434415727,-550757509,1903131983,-1655264925,-301083787,-1151495044
6,7,3,7,10407,-811100464,244200742,-155315964,966187584,-109077929,936649505
7,7,3,7,10407,-1148630972,-608981983,1579691802,1115686418,-578471749,-186181269
8,7,3,7,10407,1168474763,-2081654587,-1616551734,-618149220,-752996188,1842626054
9,7,3,7,10407,-399650119,-1563853652,-1406351443,-2026823677,1260444067,-956841236
10,7,3,7,10407,-1098458763,162525216,-689548862,653018456,290931088,220007695
1,8,3,7,10407,366553432,739760604,-1719611119,-1834727683,441958922,-995087523
2,8,3,7,10407,49167405,-109616019,-1525575017,1104434686,1490101642,1123408843
3,8,3,7,10407,1453482843,-1451089207,-1952676789,2040800351,-1553534403,618217537
4,8,3,7,10407,959917399,1033826210,756473294,1199169225,-582691641,-523777737
5,8,3,7,10407,-139890523,-864006202,-1258325369,1772713666,1538312617,-618927389
6,8,3,7,10407,1711164026,-1258911764,1368027653,-942787560,-1678077778,-1643498460
7,8,3,7,10407,1231938359,-2069157714,-321080886,-359001407,-42695786,2127494163
8,8,3,7,10407,1880493109,-1795934060,1815064322,834054979,1918926477,-436640599
9,8,3,7,10407,1378670318,142778063,-1893432471,-1283825995,1530363390,-708228684
10,8,3,7,10407,876692294,1421261636,-1591046379,1526949621,-988964541,-151461309
1,9,3,7,10407,1560161791,-20917529,-1010239782,-1621996909,-1500482404,1911647548
2,9,3,7,10407,-724008282,-616731200,-258898113,-504083592,809869572,-580580369
3,9,3,7,10407,75751183,188774132,-1163637466,52826875,295508462,-922226578
4,9,3,7,10407,-1045327939,-1913811249,1599403218,2145768411,-668055268,641540476
5,9,3,7,10407,1919889489,95792648,990031466,521315502,841160006,419266076
6,9,3,7,10407,1712527167,2058816406,-645997853,-1677924975,-1987886839,-282057119
7,9,3,7,10407,-1229023102,1007907739,-204702703,527940766,2106898161,-1168113149
8,9,3,7,10407,-1723155466,-128952431,-202510109,-1015996363,1480047279,764615119
9,9,3,7,10407,-1819481451,-1514838752,911556909,631887627,460267427,1799206745
10,9,3,7,10407,-270363054,1980909157,-1245999804,789903456,-314781469,1570782224
1,10,3,7,10407,1480938564,784908919,-1393539076,-1914151081,2145193318,-1487859238
2,10,3,7,10407,-2118936242,-658638302,2137591525,1208835765,537798805,1920773369
3,10,3,7,10407,-676898282,1478283673,-1922262888,-1842285401,818094664,1259002181
4,10,3,7,10407,1554916178,716921383,-320896094,-1290275560,155926326,-115295531
5,10,3,7,10407,-308499720,-1627106704,1510488779,749117816,908860972,278198113
6,10,3,7,10407,22799823,787586111,-1900994276,2104829783,-734301962,743186990
7,10,3,7,10407,727971113,-200314198,-720888847,-1873986940,961506395,1700353818
8,10,3,7,10407,1615312078,726186807,-629004359,-654037803,-1265793836,-478321386
9,10,3,7,10407,-770395692,1651345984,-1099668896,656407534,172976719,393769601
10,10,3,7,10407,-498310089,103390993,-1970512714,-879688964,-222763941,713160876
1,1,4,7,10407,-2008833470,348930500,490109904,-2038388925,-957991880,-374703799
2,1,4,7,10407,-429688126,-586017665,71099402,685313257,-1401755226,1095689787
3,1,4,7,10407,1656253990,1906714698,-181927457,1582203833,-1713312536,-1157160429
4,1,4,7,10407,1988361441,-810168059,-1713891669,-772263404,1693910506,-1599658075
5,1,4,7,10407,1400399436,515834465,-60670833,-1556105584,-1898962607,-1473232943
6,1,4,7,10407,149540323,-236051900,-1686515157,-1816694513,22920738,316556463
7,1,4,7,10407,-363295256,-1725000185,-138145601,1205099819,-250561337,54852486
8,1,4,7,10407,-1206815245,-275757998,-1762268040,-2100429065,1377120288,1077033000
9,1,4,7,10407,976580654,-1382172099,806354578,-2124188180,502775820,-1950190694
10,1,4,7,10407,-203341468,-1537755190,-821448975,1120686258,-1640433906,-997903663
1,2,4,7,10407,-1794533823,203058982,1844977612,-847150829,521496367,-331897901
2,2,4,7,10407,2096313726,-573692854,-650404928,1139512720,59067874,-1802338831
3,2,4,7,10407,25997646,1834462955,-49741934,1989978613,900853433,1773399958
4,2,4,7,10407,-397110555,-987635849,1287993446,-867286394,476499425,-1232642206
5,2,4,7,10407,-1749912348,-1744679711,-727917522,-258374661,563374409,-1327976069
6,2,4,7,10407,1423553788,16015207,295986167,1373400133,1055497593,1902285175
7,2,4,7,10407,656811092,-2126870556,293383271,481834529,-1068060272,413537524
8,2,4,7,10407,-2111095814,-1428168854,-1306239655,-1042840386,577161839,1097545487
9,2,4,7,10407,1441377744,-2135857223,-251550794,1537926713,1990737949,1619186832
10,2,4,7,10407,-1841746477,808594133,1637675314,-211446984,-581169849,-1650650288
1,3,4,7,10407,708244547,-1356846995,91370613,621101704,-2082928423,132518158
2,3,4,7,10407,1784726449,1882749127,2035400825,113081378,1003553433,-368389289
3,3,4,7,10407,675672832,-618513013,-1863402875,-1740499957,-1055701160,-1033598851
4,3,4,7,10407,-1445791277,28220636,910235072,775493214,224684976,531695350
5,3,4,7,10407,1287558056,-2040206870,1344425680,1893225462,-2045550068,74087670
6,3,4,7,10407,1391857375,426582861,-1610535712,-602641124,-589002527,1084524477
7,3,4,7,10407,1898696189,-1399397063,336100305,812160930,1808283400,-111601820
8,3,4,7,10407,1408592572,1330249746,-1285635893,152677691,-1033772738,48823371
9,3,4,7,10407,-496132680,-1629002806,-619751188,1923384183,-515560608,-2051365035
10,3,4,7,10407,-565946523,395866903,515872214,675358925,-1545623058,1541089748
1,4,4,7,10407,-1971823318,1244307280,1905123219,1041809064,1081297927,-935274327
2,4,4,7,10407,1787490012,1580690496,815287964,291757360,914731844,-1203971635
3,4,4,7,10407,-105068047,1528580583,-1894810263,-1949045021,1148039590,958043490
4,4,4,7,10407,-1712128571,-1307775472,1733673933,1344182754,1261631741,1651694372
5,4,4,7,10407,-729554905,-517763497,-102890390,35756732,1052233534,-1515695672
6,4,4,7,10407,1675113514,-330816831,2072742443,-186938570,-157012206,-564249739
7,4,4,7,10407,247361689,1083674645,-1939704251,1073022419,739076267,1820457535
8,4,4,7,10407,-890284158,-389569797,1804708584,221560881,-1712891662,-346929857
9,4,4,7,10407,1828731435,624426097,267332805,-1799176713,1662882731,-2129557886
10,4,4,7,10407,-637220810,480095167,-975617642,-2075348824,-1441238111,-54725781
1,5,4,7,10407,614253815,1594924556,-1246051113,-161246102,-318841758,-1069405397
2,5,4,7,10407,-589980190,-394822838,159139548,-440998237,989759008,344096566
3,5,4,7,10407,181806251,-654315819,1813507138,1785621725,753550111,1762401203
4,5,4,7,10407,1183133263,-879896333,805875385,-1478500528,-1688640064,-1208345007
5,5,4,7,10407,826120905,1288163957,1808322091,-38432003,-1081539105,819909654
6,5,4,7,10407,-1477994099,256371743,1341273650,543669970,2015351421,-256930729
7,5,4,7,10407,-716782467,1433334754,-1709813103,-1830420748,-1625134422,1846537969
8,5,4,7,10407,629575451,-272727877,2053988703,-893603277,-562024532,-914172005
9,5,4,7,10407,-1343798793,1165662326,1429102784,-1780240846,-2076212569,654237843
10,5,4,7,10407,1644520789,-1355210955,-435518936,670086674,878576636,1250043051
1,6,4,7,10407,-1556505745,-1153927635,-1769371483,1207851972,-1039876384,1269394658
2,6,4,7,10407,1973258919,1930656618,1630375116,-625222379,-302403496,59502606
3,6,4,7,10407,-1419483965,1718788709,-577692762,-1729761841,-1627070445,785840249
4,6,4,7,10407,795586066,-1121036738,-477957371,297900267,292266722,728512993
5,6,4,7,10407,2059933985,2069173988,-187652877,1714700819,1834029026,-188611766
6,6,4,7,10407,-1623557724,2104019411,-955277208,1627023197,183527177,2072165422
7,6,4,7,10407,246105322,-905003560,2008012343,-617893545,-353782783,-1333251561
8,6,4,7,10407,-133961859,-1761187993,1444634808,1935767226,-1743479514,-234014972
9,6,4,7,10407,1010954497,-77429703,33671635,234758717,1775030437,1821775725
10,6,4,7,10407,1433708549,1579024904,-1902814369,-1911418515,363542794,1395903702
1,7,4,7,10407,-1544495818,764284854,1148992778,-1421813737,1832153018,-288623858
2,7,4,7,10407,-1440049524,-2079907203,-1960074623,-700526866,-1906442397,25137542
3,7,4,7,10407,-1609621392,802419420,1905408591,-663258811,-1253824291,770405703
4,7,4,7,10407,-997296297,-217730606,2027939302,-612873380,-740555430,1012527953
5,7,4,7,10407,-64337370,682330054,-2097690939,-339719723,-324930710,-679675145
6,7,4,7,10407,-1726174659,231690693,758337198,1516663097,-601582900,-1034892363
7,7,4,7,10407,-104587119,1482877258,-994857630,-39434046,1847311614,-610202594
8,7,4,7,10407,738116005,-709392278,-1159306867,1931255098,-436841543,481408369
9,7,4,7,10407,857312693,-668974371,689864905,765062832,-626085070,-52902421
10,7,4,7,10407,1853530472,-1870570311,-1974929277,326720782,68422635,-1279860055
1,8,4,7,10407,909356308,134492034,124969060,1772854515,-619748132,1313344418
2,8,4,7,10407,1671922775,1697047907,279883413,-1268534976,1989700302,-1325395953
3,8,4,7,10407,-2034249040,-237141175,-957283252,-839903097,2124162380,-517908316
4,8,4,7,10407,-1877298267,-1829305835,253135698,1923158999,622965259,-472238492
5,8,4,7,10407,-1380407631,-495727136,-656790465,-675987723,-1260553518,1493131096
6,8,4,7,10407,856627910,179310756,-306285056,226125150,470969014,1933045205
7,8,4,7,10407,-2032850817,1988417269,-218085083,860250118,-1125464207,-174072144
8,8,4,7,10407,310613219,-1007512417,46333241,-1581637705,-827201220,-483613518
9,8,4,7,10407,813210414,277759954,456065249,-1492665610,-597463232,1601844166
10,8,4,7,10407,983915993,-647527033,1516597460,2020101484,-373940247,1823184935
1,9,4,7,10407,-698671208,1421769745,-631139954,30072547,357497385,1502462138
2,9,4,7,10407,-429182745,710287525,-1232377378,808408039,1509060245,1169065601
3,9,4,7,10407,-2146778239,1921778227,1195293617,1215915020,-1953084832,-800079180
4,9,4,7,10407,968790650,-905908096,1648938818,-1250869825,-226772984,-242687435
5,9,4,7,10407,-1314791050,-1187528463,-1793426781,-641750717,-1529272610,870005852
6,9,4,7,10407,338280215,1613559879,-1095138337,113631477,1250517343,1188474172
7,9,4,7,10407,496273879,-1095566970,674610461,1062537166,-667323982,1867772250
8,9,4,7,10407,-1087707374,-254262098,-968497334,1448247845,52123081,423310103
9,9,4,7,10407,-1334596762,2131242351,1499414837,1078177845,-1198346953,796117545
10,9,4,7,10407,1822337508,-2083064278,1917012030,212775784,-1891445960,1505284167
1,10,4,7,10407,1961040883,-1598354162,1722054336,-77508813,1209110767,-1719290908
2,10,4,7,10407,-1702258202,-1321042955,2085578672,-1511369576,-759320083,-1069458676
3,10,4,7,10407,1620508592,1271404763,1448354146,1444353448,-757610848,1594829601
4,10,4,7,10407,446861442,1973519161,-1170694483,-449396625,1945768189,820810657
5,10,4,7,10407,1957765302,953017510,221954090,1514386540,200919434,-1837886458
6,10,4,7,10407,-1363943195,-22346215,1277066662,-105602492,888311952,1797455772
7,10,4,7,10407,-1088922301,2109571352,1962391100,1034014366,-537413045,1378376152
8,10,4,7,10407,-312460350,600736383,497056098,-543175777,-494773364,499163898
9,10,4,7,10407,287298853,928476990,1417140389,298474736,-1060207855,-1781316663
10,10,4,7,10407,361543056,828008665,-1342204082,582841683,1917846875,397231636
1,1,5,7,10407,854674394,1922864614,-481719868,-1018656203,-962972375,-665869716
2,1,5,7,10407,969388578,963536965,-660465739,-1577697337,1772172913,-480768121
3,1,5,7,10407,2042194655,-1572353748,-1942593929,40950343,1585014410,-1283083657
4,1,5,7,10407,1748897325,-590217712,632795629,1806700409,-1807974951,955086794
5,1,5,7,10407,-1974489858,2061485213,-2076395163,-1274558354,1675960803,1682101856
6,1,5,7,10407,-793087622,1661319289,1357135746,1992715692,1233808666,-1584568762
7,1,5,7,10407,1174977024,1782756822,1283938566,-1324861338,-2044789391,-739803541
8,1,5,7,10407,960740650,-1759911286,1270719105,-175302098,-663353149,925626944
9,1,5,7,10407,-28160805,-880155753,504782869,1104226054,-1321956631,-289447906
10,1,5,7,10407,-2078846862,-1113578344,-782667447,-445018754,1316401660,2121811670
1,2,5,7,10407,-1378462453,193668876,176726247,413521017,1461387596,-136918929
2,2,5,7,10407,-1256274801,589094340,-1877365693,-1357551076,-2113552399,-155072216
3,2,5,7,10407,-723420639,408210269,-1386286129,1921596865,2119624639,524226168
4,2,5,7,10407,832933495,452439193,1999132858,-112163064,84278816,-211410841
5,2,5,7,10407,-1256063350,-1755021667,1056953033,1529227211,-1261298401,-356720375
6,2,5,7,10407,872926268,2107659606,-1951155561,1367501393,1042341993,1753408278
7,2,5,7,10407,-1843976847,-39131287,140487959,-1132423545,-403988793,-743901730
8,2,5,7,10407,-527356918,-472668618,-25420494,-377074134,-128867378,1933835414
9,2,5,7,10407,-950495503,945715949,1606548151,1486361404,1719264657,1159976721
10,2,5,7,10407,-428230333,1744852466,-455705572,1971556250,1715065579,594721756
1,3,5,7,10407,-329958865,1311039765,28425687,-980020901,1739356079,110849513
2,3,5,7,10407,2075473935,756137172,-92812195,-1309048955,-801975458,762741322
3,3,5,7,10407,-2003175668,1421694911,1043488539,-646629930,1403959802,-880177054
4,3,5,7,10407,1358545052,618647024,1992582365,2066307042,1022923030,472122814
5,3,5,7,10407,-406847248,-1137064183,121913483,-734228809,61356461,-645643572
6,3,5,7,10407,1246627510,1274631850,1779642274,949746517,-776439265,584936390
7,3,5,7,10407,-2031902939,2028836681,939632355,257410859,-7413891,1082962803
8,3,5,7,10407,663572091,1968735069,1640801089,-232329993,-1503636364,-17356673
9,3,5,7,10407,1986039959,-2097695421,1468853074,-1641268822,1941833595,-1289377536
10,3,5,7,10407,-81872114,-82215829,2041906684,-1738296088,-1187983851,-1008999738
1,4,5,7,10407,-1869100073,-650200642,364353501,-1470903494,-625660963,1140155261
2,4,5,7,10407,1408611564,1016094705,147406173,1976803928,681314019,1399106284
3,4,5,7,10407,1342186159,610431133,-694664144,-863455486,1290811885,-519827875
4,4,5,7,10407,-316803349,-230607027,-2084774984,691487620,523164412,768984951
5,4,5,7,10407,-814279726,397939487,640520403,1805569420,-1140137059,-2097368361
6,4,5,7,10407,-2110302718,-1367977168,663875881,-486457856,-1131742993,-1828741802
7,4,5,7,10407,-1452492989,226430687,1885383286,970808871,2060927764,-883272720
8,4,5,7,10407,-299957499,-839633144,-515473653,815882886,268070876,560167921
9,4,5,7,10407,-937215357,1049887335,1460246874,-1441089242,219921853,520219750
10,4,5,7,10407,-2016205371,2007658484,1191249213,-1196084533,-38731034,-300430484
1,5,5,7,10407,-1011283146,-1009683775,-771010202,-1076685447,-273567404,272025829
2,5,5,7,10407,1014931322,2113458478,1073679185,935899744,-227200878,-123722341
3,5,5,7,10407,1981801261,2116817897,1073250175,-1868156285,1642413392,-790650148
4,5,5,7,10407,-1184027031,-1333126092,1135276025,-54803674,-1756201925,-1881157804
5,5,5,7,10407,1050991535,943510321,-1224736118,876394381,-821092620,200184295
6,5,5,7,10407,1366037252,-591254731,-1378741945,-2018673333,862275501,-1823745376
7,5,5,7,10407,971835717,-641963568,-1342166325,1652305239,-908330811,-123461493
8,5,5,7,10407,520755613,-672585389,-396532290,2026194521,-812085207,-190847272
9,5,5,7,10407,1458440968,-286045873,911391517,866687795,1182045536,1053859647
10,5,5,7,10407,-199936846,1447891441,-1791419824,738101055,-1578294783,188115261
1,6,5,7,10407,2002793285,-1892460236,-575876458,1680235470,2130627182,1150163302
2,6,5,7,10407,-877207497,-1535633045,-1887350105,1101792231,880223115,219887908
3,6,5,7,10407,2016195266,-1459996667,-1619071111,-174732462,-1729631777,1114570255
4,6,5,7,10407,458745561,-1511776733,55242228,971980719,2043650374,165343021
5,6,5,7,10407,-1152674678,-1270013438,-1581248909,555785957,2050797146,-1622602171
6,6,5,7,10407,179466460,686809501,1843317609,-1921268340,1814069866,642053225
7,6,5,7,10407,-343181734,-1845142339,-1125267116,2074661145,1635043440,-1174192985
8,6,5,7,10407,642015085,1813926782,-625146493,-996604425,1751374934,32431412
9,6,5,7,10407,-1465543950,1345515488,-1694410726,1394105317,-770588335,1040518719
10,6,5,7,10407,1294903503,1574342163,738101043,1158044258,-1755233808,-267393082
1,7,5,7,10407,-417521698,-488490142,307735669,36537518,-762866765,2119555380
2,7,5,7,10407,-743335138,918019688,-1771610573,1407142375,219178441,1563384316
3,7,5,7,10407,849650147,71645776,2117058084,-536858541,-1921212387,344829085
4,7,5,7,10407,2014405475,-1717937840,-82975794,839527737,1499498566,404260954
5,7,5,7,10407,727416159,-1129362057,232757765,-1079298597,-611395934,2031578125
6,7,5,7,10407,2084899474,1616051115,-665834135,795516296,-1420864890,-452960429
7,7,5,7,10407,2085595743,-700863226,-757663348,-1510933823,-458329106,-964782625
8,7,5,7,10407,-1671177146,967845008,829615362,-2001741958,609277757,46509542
9,7,5,7,10407,1491791527,1592910071,1682481049,1196903839,5663771,-1250054045
10,7,5,7,10407,-2112523397,2135722804,1801641228,-1823059138,1788260735,-566188410
1,8,5,7,10407,500671068,955099341,746198702,1588950261,-1581841585,-137283524
2,8,5,7,10407,911564353,-471228821,-1224364024,593861865,-781283193,-1708728593
3,8,5,7,10407,-1668941551,-494003094,-271262497,1083546410,1328182366,-1109719521
4,8,5,7,10407,-1562714427,-468935562,-1817593845,-1586479131,2070729016,-543412297
5,8,5,7,10407,-1257506469,-282798992,398649184,-800184431,-25449714,-1768175706
6,8,5,7,10407,-1107207163,-634015242,1829987336,-998746202,231223368,-482893941
7,8,5,7,10407,60180397,495531795,-1337563018,16952095,1486008778,118453014
8,8,5,7,10407,600526659,-1348103356,-648046667,-889553720,1044243813,-145717038
9,8,5,7,10407,698127406,-874342984,-1578873399,-1440604633,-48589988,296623859
10,8,5,7,10407,-963339845,-1224895494,679282048,-1175391937,-1755559304,884190348
1,9,5,7,10407,-1504736137,-1691305213,-1135051886,1941592998,464713183,1617279875
2,9,5,7,10407,101981896,1773567756,648984451,179125616,1743158346,2027996716
3,9,5,7,10407,782548862,160283070,-1021354211,-842640952,-1549387588,-1147152840
4,9,5,7,10407,-1120526804,-1020233301,1991269960,2062645274,-339710275,1048439505
5,9,5,7,10407,720011714,1410214731,-1654590223,-1923585915,791654582,-1965373882
6,9,5,7,10407,1933193183,-41987973,1334976204,20517562,1882021651,852245629
7,9,5,7,10407,-1562628638,297182078,57508235,492985010,-2050615322,490758104
8,9,5,7,10407,236552728,-1625787755,1005177498,-1731447779,161750631,340481614
9,9,5,7,10407,-1059672233,1636554547,-1787010961,-828382157,1535776763,-501974804
10,9,5,7,10407,774398389,506753657,722336681,1722886657,-1459156043,1559163125
1,10,5,7,10407,-1674225515,1921252751,-955579935,-691319513,1074295427,141593772
2,10,5,7,10407,1966261994,-447647255,303145958,-1502772145,-622087410,821516486
3,10,5,7,10407,-1922634217,790037925,-1414998059,1911807459,-2056933629,1922413168
4,10,5,7,10407,-1527708947,608895404,-1099025225,-1088008632,1518292351,333604277
5,10,5,7,10407,-815232320,-1185245868,-1689759015,-1094543806,-1218506241,1458974353
6,10,5,7,10407,1016365866,2120360537,282974748,452887549,-1361347733,1885986479
7,10,5,7,10407,-393761069,-1412204682,1624942054,-1380629615,1050169677,1633793577
8,10,5,7,10407,712911610,-2026835147,989278806,-228122172,-1107041550,1045175318
9,10,5,7,10407,-427865626,584018887,-1620532006,-1978889494,702604284,-1943439331
10,10,5,7,10407,-2099330428,-1297501939,-345036579,1638014285,-1181822646,-990296243
1,1,0,8,10407,-1343292111,-985543709,571019493,748933305,-1137746521,-1246448722
2,1,0,8,10407,-758932363,123435876,1001968945,-444837846,-918070760,1152627533
3,1,0,8,10407,1388816907,-666405377,-803262730,1243586499,400044833,970702161
4,1,0,8,10407,70957003,579154939,-840835842,-1709974117,-1813298035,2055755806
5,1,0,8,10407,-1018966009,-577780905,641519619,-2035259671,318663381,1531004340
6,1,0,8,10407,-1232239127,1799313669,-357847335,596344790,1313347432,-1850951295
7,1,0,8,10407,546231460,746191513,-1467970987,870710285,-1622947443,-2117545335
8,1,0,8,10407,-1643040727,-1271616845,585204610,-1085032,-682327497,-1889006220
9,1,0,8,10407,-2100729708,-1725645233,273139170,1132346362,-1944039043,1468304277
10,1,0,8,10407,-961813450,-1696384456,1611171123,595953577,680673077,-104017404
1,2,0,8,10407,393730595,1839365478,1493402136,-467981872,-2138779518,-104895439
2,2,0,8,10407,-4728243,-1309473929,-1497949764,681559522,296280466,-1822524303
3,2,0,8,10407,-1714685873,717385670,-2052078425,-1991567812,1351867338,449226334
4,2,0,8,10407,232829711,1086711824,2053452,355475521,988802410,-952235611
5,2,0,8,10407,-428449274,-1123727821,1396758901,-469356960,-671129759,416750200
6,2,0,8,10407,1500890561,-1149521455,-934604152,-614176267,-1731317097,1897907511
7,2,0,8,10407,301907617,-1893320899,892060322,-593431083,-2016334640,-1433103759
8,2,0,8,10407,958895133,-1251081218,-2130066031,-1727373606,-1582161496,1515045628
9,2,0,8,10407,1291672000,576863587,-855064483,-54757248,151147923,-310741142
10,2,0,8,10407,418612674,-1990631692,91186417,1422590339,-304980002,809988026
1,3,0,8,10407,-734896857,479845717,53957487,1233511218,1837045863,1586951747
2,3,0,8,10407,736741168,-1520104356,1253306319,-957711210,-1370427929,-2061756534
3,3,0,8,10407,-2099244600,-1638274329,213198442,-389016078,-2102377631,746012829
4,3,0,8,10407,453542419,-1252900927,1881231302,936765622,646122156,-125094671
5,3,0,8,10407,-1747928396,-1847507418,-371733795,-1047327338,-1036473993,-1693941064
6,3,0,8,10407,-87838437,-1784755707,520128178,-1127708757,-1536883234,-2061801524
7,3,0,8,10407,741190022,1859382203,-687195193,1578387317,1164814191,-606494593
8,3,0,8,10407,-1390987049,1156989350,356082800,-1645178224,103890261,-130178383
9,3,0,8,10407,568540518,-2081639205,936172579,1468080235,1443477272,1396427572
10,3,0,8,10407,-98624655,921007764,-482212816,-422183744,-380174937,-434521944
1,4,0,8,10407,-226990476,1446960508,1149426587,-1145122427,113445934,-1416364669
2,4,0,8,10407,-246584705,481007431,-112776609,341798265,608390406,-158661124
3,4,0,8,10407,214475124,-749043146,1770853944,-875778113,-2038057494,1694599795
4,4,0,8,10407,-1034736048,-1809520051,442766221,1905401250,87458154,1974879818
5,4,0,8,10407,2110998191,1660128632,-394169240,-966427165,-1743895361,2092947577
6,4,0,8,10407,-22405361,-1866812901,-1112815619,665124020,179411243,-171581069
7,4,0,8,10407,351341108,-532437567,762311022,902385835,-738159631,-750312330
8,4,0,8,10407,2089011728,-1981045086,89710163,2039863632,833164614,-2068185888
9,4,0,8,10407,487424618,-1591293600,-2063626566,-1757989687,1762128946,-242791413
10,4,0,8,10407,-344476172,274516636,1279244792,1937323135,1950262747,-676578822
1,5,0,8,10407,858417326,499200760,-1453415025,-1651449336,1094446758,-292843171
2,5,0,8,10407,-926081249,1711832906,1189879177,405941438,-1168873152,-338205777
3,5,0,8,10407,-319510829,-1959972272,-553566705,-1145036089,2013456263,-1612824244
4,5,0,8,10407,-1312761710,1771872644,214264692,-2089529696,500025263,-1958998835
5,5,0,8,10407,-1024194362,-910662278,-1787478482,1753364338,1142822410,1227148835
6,5,0,8,10407,-36894979,551483484,1196067977,-1022563346,1812619613,-1784776065
7,5,0,8,10407,350318331,-1011903682,125328801,1979079010,-1359640422,1216863525
8,5,0,8,10407,145866384,-1421630914,233197046,814109449,-667119567,1581472532
9,5,0,8,10407,1279990685,-548194805,-331333072,1612834274,-2075657755,-322982422
10,5,0,8,10407,-1934560937,1345429922,-1095236643,-205235543,-1044200110,1999174589
1,6,0,8,10407,-1577078715,1731796428,2112938107,-2128710124,-447784308,313707364
2,6,0,8,10407,-401028531,1631457299,734010983,228913637,-1362053310,2047973373
3,6,0,8,10407,874675581,-512942065,-1103613212,-309408747,-1230541241,350805394
4,6,0,8,10407,1953752660,-1821852695,1637798357,797159111,720089879,-1372992065
5,6,0,8,10407,-760416288,-2090042166,-165099908,-566243542,-1619330379,-1183754622
6,6,0,8,10407,-318312925,-1188241268,-1191976561,427721295,-1613024962,235452539
7,6,0,8,10407,1787324613,-1427196517,-1215911954,-1272163723,1758365426,911011878
8,6,0,8,10407,388382119,2062108057,500861035,-560789500,-1657458238,286510688
9,6,0,8,10407,1201554463,-1895573268,2021919311,-329390018,-898593018,92778939
10,6,0,8,10407,1970720453,-916648339,-379755102,1604764555,857587702,1329473381
1,7,0,8,10407,1763539361,844162856,1903538274,-1782399032,681680629,1910084673
2,7,0,8,10407,1579398650,-1366080539,-739266386,-1893559628,773629359,-2011397886
3,7,0,8,10407,381360479,-316545644,1014853096,1408801219,-2093880488,1778523847
4,7,0,8,10407,-405914539,-1927647386,1763781242,-962080926,1321669910,-1256530398
5,7,0,8,10407,546597270,-348667857,1199820485,183015996,1425421862,-689386213
6,7,0,8,10407,1409076246,-1257634818,1365962225,897342576,-1299647781,-43195773
7,7,0,8,10407,1161386856,-63820529,1920991571,-1913446937,-1106553774,-2022217429
8,7,0,8,10407,-2019037489,643810349,-1682879749,-568809706,-1350155085,990846392
9,7,0,8,10407,1743063949,-1357168775,-2017175756,1051177066,734505205,-709343651
10,7,0,8,10407,-1504489934,-117438945,1661257235,1219508749,727967495,100636579
1,8,0,8,10407,1504015938,-1868633570,-1935059132,-1932627662,-73158128,1076783163
2,8,0,8,10407,-1977746292,1523089505,-898446492,762573046,1637773135,-55297104
3,8,0,8,10407,1132193392,-1299514838,-2109663969,1920444496,-2034960934,-1033422646
4,8,0,8,10407,-859954838,-594842055,1699697753,2098498620,-1674624371,908098832
5,8,0,8,10407,-980856839,301916280,389591175,-998167146,-1882368489,139913109
6,8,0,8,10407,-1170306789,-777053137,-1650994013,-307233783,-2099271699,-1255092734
7,8,0,8,10407,1584774961,-247385733,1042216088,762739913,-2048278953,102376950
8,8,0,8,10407,1271903411,1389498441,1445110154,-1444831090,1624966594,1566301332
9,8,0,8,10407,-45843167,-95291322,73750970,-773272071,551743426,1661457876
10,8,0,8,10407,-1720285916,258933445,-1964070654,309147578,-650999469,950548715
1,9,0,8,10407,-212239305,-1908637990,-259778119,-370879302,1886464754,-479384971
2,9,0,8,10407,-219154247,-67751730,-1993497552,2146086752,-1631006931,354557604
3,9,0,8,10407,715088365,-291926897,-164218020,360599808,-699033414,-256535680
4,9,0,8,10407,-1337847078,442504995,768161017,732756131,2109323378,2067567450
5,9,0,8,10407,-813210169,1437792544,1593081964,499734184,559097469,754647484
6,9,0,8,10407,1414019096,384656783,-544463525,-1736041542,-2044804844,-1882857524
7,9,0,8,10407,1768707824,1060781800,154847612,635077502,-1483447845,1940750055
8,9,0,8,10407,-209628434,1854146754,-21242623,1687452428,760988583,1914186619
9,9,0,8,10407,-239711093,2087555251,1961403201,213590243,234052580,-1475147098
10,9,0,8,10407,-1340338986,249026004,-471084254,1006216777,-592559231,-1950576347
1,10,0,8,10407,-847494703,1736195455,1528309623,479787331,-637257318,-1510158990
2,10,0,8,10407,-1537383317,-759586560,2032203173,-1631008545,-1956826661,-838230354
3,10,0,8,10407,894700279,855519013,-1487678092,-180843862,-1495360101,-2098007295
4,10,0,8,10407,718282924,-1344357085,-934638393,1426588859,553867594,-1732917498
5,10,0,8,10407,174672017,1155413085,35632718,-389377802,201467336,-909019962
6,10,0,8,10407,-34664860,-227137469,1717413020,-1234295883,-912522538,14704782
7,10,0,8,10407,-1509775708,1060844410,1402807917,-1594545039,-1806139475,-581328555
8,10,0,8,10407,1260270460,-1647139962,1776038455,1444337848,-2009600236,1003972489
9,10,0,8,10407,525628277,-1689770490,-620654386,-1985743741,720750621,845938092
10,10,0,8,10407,-1520444638,-1224557597,489944353,-5387613,-1074407958,1426661065
1,1,1,8,10407,28178743,480214800,1352847332,1907546279,-683739425,882918963
2,1,1,8,10407,2052517231,-1907128857,-1721396025,-558715010,1490397084,-151900754
3,1,1,8,10407,75427047,282463865,873946427,705828414,428832557,-203116383
4,1,1,8,10407,-703285960,-1944556992,-552584641,-1583505734,417520797,-2033880138
5,1,1,8,10407,-32436526,425165999,-765629712,-2111225201,-754431601,1524354091
6,1,1,8,10407,-432260413,-1724672999,1295214200,-170104143,648723088,-1985691735
7,1,1,8,10407,1325272942,497619503,-299668004,2116965226,-1566037613,-683801908
8,1,1,8,10407,-788344365,-787195064,-1168323756,996343450,1611330545,466539727
9,1,1,8,10407,-1995022703,888239852,926942316,-162053297,-1217731320,1082042850
10,1,1,8,10407,-557414978,1380838529,-1657462425,-1378149754,-1487547902,-2119774940
1,2,1,8,10407,-1799032622,291936609,309240691,132248856,-1770499508,1956155662
2,2,1,8,10407,-1125386285,695457451,-1967951312,1423442471,884726838,-1945784198
3,2,1,8,10407,387157767,822586088,1760976592,-249391594,-1567605736,32261383
4,2,1,8,10407,-8101158,-997147275,-1414815113,-973691917,-450114705,1638242046
5,2,1,8,10407,262741375,-24975473,-1825704192,-1545156629,-1428160296,-1224258069
6,2,1,8,10407,-1108691825,87734677,1865395198,2106052453,1078955654,1124081852
7,2,1,8,10407,792790575,-446781404,1965834678,502630908,-1455787881,-1522911981
8,2,1,8,10407,767624609,-1160984752,-1416979639,1259275177,1776863448,842268483
9,2,1,8,10407,-154085224,1658800722,1912030906,-2056631683,1436803126,2116300624
10,2,1,8,10407,1013575529,-1345220946,-100619013,-461974916,1301639192,1459318785
1,3,1,8,10407,1651468802,-1486899086,1958881608,-1562946566,-1324790744,1007054184
2,3,1,8,10407,-2058336054,-703183494,-30419847,-1727466048,1000308108,-809524542
3,3,1,8,10407,-1487584492,1405056067,1906832851,1426339968,-1706462081,317433286
4,3,1,8,10407,1724883086,-1041089745,2007545677,-1554676972,1951289804,-1793077289
5,3,1,8,10407,1408906124,-485749407,1630948376,-1114313063,-1100537814,1024270210
6,3,1,8,10407,804494900,1332296964,-1508654749,-1082148292,2045397303,671254868
7,3,1,8,10407,558548625,756610594,-841962044,163777375,716426845,2118517272
8,3,1,8,10407,-1151838446,-2027636989,-1940862400,1529637352,917605364,-1071301732
9,3,1,8,10407,-1914458912,-1134048019,1863500587,710708092,-648295976,-1065377488
10,3,1,8,10407,2088896611,346234359,935001930,959580622,1984648882,-415042165
1,4,1,8,10407,2025051816,-93915913,697987274,-456286985,-979944949,-177845385
2,4,1,8,10407,-596086203,412863761,1108788380,1920850945,314045719,-1048563185
3,4,1,8,10407,1159113099,-595212072,-578662040,661817415,-96606281,-1707516648
4,4,1,8,10407,-331209148,-1467095821,871176555,1780044847,-1854701551,2035036497
5,4,1,8,10407,-464085556,-2063060774,-1246941478,-1510702366,1796758813,-1228273584
6,4,1,8,10407,1595645315,512686733,-309497732,1375169441,-1335485391,-205291360
7,4,1,8,10407,-1679365627,2103869909,2053501775,1287881538,1590693949,-460394075
8,4,1,8,10407,668648377,-1787717720,1505752906,-428566133,-1836441170,-1189518217
9,4,1,8,10407,-1291607544,-1088986728,1687990212,965189385,-1405480996,-1064513604
10,4,1,8,10407,1671635484,145000538,1800152600,581929216,-52380736,863325343
1,5,1,8,10407,-1991710282,-1538813368,-1774116791,1565871399,1970636040,-901433045
2,5,1,8,10407,66593775,-189301441,-2137592247,1369019802,-70592575,-1318377855
3,5,1,8,10407,-1087509988,-257644158,629898396,-560941120,-1586102486,109109997
4,5,1,8,10407,-1056189995,1038181479,-1280509315,-24505820,1469636141,1613952627
5,5,1,8,10407,1637728377,100733308,-1244341363,-1756706054,236958866,-1705522202
6,5,1,8,10407,-849347878,-254456500,-857365464,-1068823538,1227671083,44721096
7,5,1,8,10407,1226992735,441572517,1948135278,297727216,-544679571,-523347493
8,5,1,8,10407,-2065239585,2061625766,1277475867,322381651,-442556794,-1279678332
9,5,1,8,10407,-658191222,-1961699265,422215261,1728754400,-1008999220,-1686787642
10,5,1,8,10407,1131713844,-859980351,1279926689,-652712576,-236621077,-1848175927
1,6,1,8,10407,-1618373010,-1006635584,-1220878877,1339204148,-49994413,-324038660
2,6,1,8,10407,-1410990650,511444724,776871089,-1234136862,468833744,532072967
3,6,1,8,10407,-140926573,-112894000,-1251801057,2077642467,943447426,1464955866
4,6,1,8,10407,-1406980949,-1922569255,213017285,744044705,-1091572005,1958915043
5,6,1,8,10407,-1411327931,1545646618,-594149712,-719813886,-139379739,360113529
6,6,1,8,10407,1197720634,-289237807,-1010129116,1306827442,1458816987,1632214376
7,6,1,8,10407,-1322513536,-1538528586,1312866034,1732151072,521180439,-138491712
8,6,1,8,10407,1781577448,-267726519,1188261125,1737109735,-1479545955,-581709581
9,6,1,8,10407,-1921952969,855542188,-655066947,-1573532062,1761705429,955284621
10,6,1,8,10407,-1833620340,-422842823,1585773663,555274809,-436876590,238960066
1,7,1,8,10407,1374433896,1223378490,710906095,1085714676,38004298,264528234
2,7,1,8,10407,-854349605,-159969667,1139855781,89345386,-1006355499,-1129740217
3,7,1,8,10407,1699390466,1326432238,1762339467,1814654856,-1841765067,1711191176
4,7,1,8,10407,963428563,498750289,414823311,1723323505,-1054025654,132779244
5,7,1,8,10407,-1322961890,314153128,1822075799,1523170502,881175482,47425860
6,7,1,8,10407,-1591640004,-327354056,2016836165,2086623731,-1436765452,2125744541
7,7,1,8,10407,-2061034891,1225175790,-1755528217,-25024584,-1470723214,-1719953832
8,7,1,8,10407,474810864,1549008820,501291759,-674623142,1730012895,-1795132422
9,7,1,8,10407,-2146379738,2120973081,2111562140,-1776585431,1026246060,-760504431
10,7,1,8,10407,-1515652431,1488943399,931091671,-165839757,1847161399,-538645769
1,8,1,8,10407,1489360589,-62525290,-817936699,1257262556,792351865,-1396530826
2,8,1,8,10407,-1991938685,-1821965432,1842179072,-382214672,-1885969674,2141371041
3,8,1,8,10407,-1248581970,-1667339648,1751360212,1004604423,-1089943948,796316762
4,8,1,8,10407,668676076,1401121078,1008846591,958215563,-2111043670,1165273771
5,8,1,8,10407,-526113386,709572050,-1190983073,358602233,2110375743,-1156765495
6,8,1,8,10407,1075428664,-1332566815,-746484483,111308990,-502421969,598642390
7,8,1,8,10407,2013871264,-469253864,-1078709634,1679630186,1293434707,1777687325
8,8,1,8,10407,218851138,-534517919,-521780486,521506303,1545768295,1664264456
9,8,1,8,10407,2102131018,-951373489,1930031251,1808814678,204868964,-21494488
10,8,1,8,10407,-344146837,1399896259,496236534,1345902918,1394767452,928250030
1,9,1,8,10407,-1975622226,1850576738,-1599299092,967720253,-1769769408,948739780
2,9,1,8,10407,-1410257597,-1265328561,-1912515104,741510860,1251485045,957081067
3,9,1,8,10407,280104229,-1544666213,-1857234211,-1410827481,997385609,-1371744911
4,9,1,8,10407,-1181515497,1269775615,997013556,-1670474155,317788634,1771939672
5,9,1,8,10407,-1382933142,-1966825596,972506545,538513880,84230064,880144106
6,9,1,8,10407,391771940,-1743094727,602573888,-1638018717,-767665371,1171098672
7,9,1,8,10407,-34155477,-1959918831,1261389404,118220659,2014710434,1182468903
8,9,1,8,10407,-1607660642,-779717224,-40726105,-402234131,750858173,-201698601
9,9,1,8,10407,1121093233,-432130437,-1970686073,1723014639,1920600229,-509530266
10,9,1,8,10407,-1120986797,664236589,-1698753018,-367583678,-726787823,233462598
1,10,1,8,10407,-930822825,-1782141242,-984868816,-169770477,-29714345,-154264222
2,10,1,8,10407,-1017068473,-1661675942,1768399961,474570535,-1843703684,1121694731
3,10,1,8,10407,875104100,-1821779112,-1993577783,2098759168,200740795,-1436388868
4,10,1,8,10407,789816944,957329737,1070964785,-2004885505,-1723765180,-897403676
5,10,1,8,10407,827788870,-1298914425,508201036,1304164288,-1477328355,474896843
6,10,1,8,10407,-1761355671,2042938502,2119155652,-1000013606,307042272,1839613220
7,10,1,8,10407,698267907,66065203,-372637407,-128622196,-131415930,-1273674165
8,10,1,8,10407,-602392262,277605797,-1717274691,-532366416,1497470922,133207571
9,10,1,8,10407,818099493,1872500184,1929621238,-1210690175,-81965765,-437247146
10,10,1,8,10407,1464638339,1333656779,26381195,-1645240314,-1498301379,1108192800
1,1,2,8,10407,-1380130569,-1012540715,-1594137009,-2410168,323095058,49412953
2,1,2,8,10407,-1782257266,1804961778,782010940,343956099,-177407441,9334356
3,1,2,8,10407,-142632888,1672096131,-1027831176,1324837872,783137098,1034355207
4,1,2,8,10407,1978482146,1515486483,-1982687642,-1576499401,1423980455,1027193136
5,1,2,8,10407,1674785326,1854886620,-611126085,-658224172,-458168051,-1503996983
6,1,2,8,10407,-1258024359,-1880189697,-1437517913,633535177,-2000579202,-1869090108
7,1,2,8,10407,2022348152,-1540712231,-847958439,-2082523165,-1514978621,1557196501
8,1,2,8,10407,-1956605395,1288306785,96074965,721745335,-1163507048,487563137
9,1,2,8,10407,909787039,1324122620,-282942505,-1587969930,1947294099,-1996140034
10,1,2,8,10407,794096417,-304141050,1964268700,-650498496,538632735,517018082
1,2,2,8,10407,-1319617069,-669959545,1365767937,2004644718,-304021409,981073249
2,2,2,8,10407,-1572626860,-273605258,-540558817,667462955,-1610420823,1412162932
3,2,2,8,10407,653626409,1025427084,1224031406,1569991123,899081408,-1128779110
4,2,2,8,10407,1710653830,1797158961,-766855103,-1171795709,2122227673,6702665
5,2,2,8,10407,1489646173,-2037378472,-986600912,-579921263,-242537789,1284052469
6,2,2,8,10407,-1141428609,1379303610,1845946021,-882635913,-79024853,378809330
7,2,2,8,10407,577916722,599126709,-972026747,-73886964,108002610,-727762586
8,2,2,8,10407,-1640888103,-137624143,853033664,490641786,662220732,-207028882
9,2,2,8,10407,-184230776,151442125,132463331,-634283533,-1622292000,-96158962
10,2,2,8,10407,2110080921,225913779,440275734,410478315,-1407582024,1258051971
1,3,2,8,10407,611476924,-762284893,-2014301289,1350107450,-266033664,441765099
2,3,2,8,10407,1657594835,643311259,746132844,-2101957045,-1725750860,790053743
3,3,2,8,10407,-2135310331,1179105813,-1710513494,-382417895,-737162468,81905118
4,3,2,8,10407,-2110347927,-1525037959,1711767021,-1592941993,1064590430,1080614162
5,3,2,8,10407,1388084415,853052288,1252340154,340716361,-1372484863,637404199
6,3,2,8,10407,-1751787746,-1559302591,-290827505,657488284,1999691157,-1028703173
7,3,2,8,10407,-1899213974,-125995453,156309124,-233172457,-1488875401,1517457623
8,3,2,8,10407,-2056218559,-137219111,-1800768989,1944884003,-2007436576,1265806330
9,3,2,8,10407,-232321184,-1741684528,-565224050,-466345537,-228985987,-1329512671
10,3,2,8,10407,-2127141377,1900042506,-438989519,-1634357616,-828549444,-1307469651
1,4,2,8,10407,-1966953645,-212237595,1731975893,253505955,-871749260,763618516
2,4,2,8,10407,-1629129146,1679393704,-438323810,1202433360,-290939606,70675138
3,4,2,8,10407,879559025,-1774356213,112420029,171513500,1184366982,-1149663821
4,4,2,8,10407,893286068,-1405694355,674796699,-1961311280,-557765695,1615234137
5,4,2,8,10407,-1176038124,-1332226704,-289492411,-883060443,-956704418,-522953237
6,4,2,8,10407,1939325097,173122367,667040638,1431609142,237000713,920010017
7,4,2,8,10407,-513071650,-382130349,1978943765,222791189,-1467656830,-291885357
8,4,2,8,10407,-1701572174,-1563665067,-1645675973,-1595177538,1050602647,1849357886
9,4,2,8,10407,2100211794,2115521315,1681499339,327464466,379517164,1151320017
10,4,2,8,10407,493453976,535886484,-634969895,65649609,-1194688265,-1475119581
1,5,2,8,10407,2142556967,-1020740623,-120375294,416493912,500131824,558722363
2,5,2,8,10407,905806190,2090759788,-622739258,1754555687,53495774,-885049354
3,5,2,8,10407,1118907424,-894097009,-1471953491,682101261,2114672734,-1968533721
4,5,2,8,10407,-980162830,-1065623876,1286147745,248512114,-194789924,-1002660498
5,5,2,8,10407,1765761181,1669846643,325715225,-449033791,1453994267,-1454202341
6,5,2,8,10407,1175160976,-2010632954,-1662947681,-1916816586,514886538,96825905
7,5,2,8,10407,-1815803993,-1684287933,418133935,-1691537344,-2087737001,-1009414665
8,5,2,8,10407,649296786,-1089742516,-362753264,825172816,-75231128,734970341
9,5,2,8,10407,-925785395,-2048456372,-1159777615,-662319045,311986609,1356501563
10,5,2,8,10407,787895526,1429028746,-755134651,-1126399535,1198469024,-918238882
1,6,2,8,10407,-1127386686,1722305316,1518145816,1055575069,225935732,-670105609
2,6,2,8,10407,1888065174,-278906619,882516868,-412471641,1087547469,-845747823
3,6,2,8,10407,2133327964,305977134,2048053395,-2009252698,675784258,2025677570
4,6,2,8,10407,-2122537047,1834433239,418488255,-1257980454,-464841061,657590774
5,6,2,8,10407,-457557992,143319008,625808393,-712505522,-1433005900,1710623232
6,6,2,8,10407,-1444405741,60508829,-1746395001,-1101451772,-2064714238,1709339435
7,6,2,8,10407,-299643460,-408804351,2086363313,181605904,2078184637,1884741766
8,6,2,8,10407,1838826397,344970798,1420778100,-1301161606,-1969683168,-2091319094
9,6,2,8,10407,-1423396661,-234153678,1936141196,1524009766,542237777,1522412068
10,6,2,8,10407,-938970288,-956151614,-1059481502,977718852,-475475852,-387701665
1,7,2,8,10407,-131007423,311057809,445262337,-859256048,-669611540,12483334
2,7,2,8,10407,1883155318,1397931099,-751941548,1057145327,-1577735176,1466605710
3,7,2,8,10407,-770828643,-1899787706,1489214619,-1868750652,1950167608,1106427602
4,7,2,8,10407,-607320504,-331230192,-1878097434,-1079804867,326575370,658427024
5,7,2,8,10407,1319694428,1899158482,924687566,-1400333492,542257414,-181116451
6,7,2,8,10407,-221000752,-239218031,-1431372977,2018808608,1730978805,1945091929
7,7,2,8,10407,72952116,1946686162,445834849,-695192191,544920334,-580266320
8,7,2,8,10407,572497426,1047107540,1027592351,-100903164,1851719648,115347699
9,7,2,8,10407,-866927188,-1745042582,1102816481,-1836606190,-641694349,-1379381109
10,7,2,8,10407,-954790706,1858121220,-308373489,-1704570493,-1049997687,-870342089
1,8,2,8,10407,-557910849,495074966,1343003803,-1597514423,1119850902,-324733076
2,8,2,8,10407,-832786380,-613948206,-1485675063,1752010163,-1631259291,2082676517
3,8,2,8,10407,-1744422333,201663929,985592504,-220839183,-2114342340,-50924726
4,8,2,8,10407,607458400,-1748851281,-1337360110,-1618179297,683543502,-145344678
5,8,2,8,10407,1084849220,730831148,-668972119,-723681616,1935734040,118704463
6,8,2,8,10407,-1942169549,-823002842,1953796581,-529566341,-795110252,1829902164
7,8,2,8,10407,1249301780,-374966170,1053311515,-1537664251,-435380415,1419842927
8,8,2,8,10407,883753991,834342552,443017266,2038964797,-655102881,20526739
9,8,2,8,10407,-1394957226,1280077318,1469425216,-1693254662,-1322017618,-2131409543
10,8,2,8,10407,1527907326,821568444,1721845284,-2068604443,-932291403,1642577908
1,9,2,8,10407,-839834062,-820953762,2087623914,-186625604,-681141320,-1622195929
2,9,2,8,10407,131087320,359726771,227853987,-806720610,1379623827,-1244121480
3,9,2,8,10407,387348483,1475843841,-1135309276,738595831,-530397891,-354545159
4,9,2,8,10407,1598916148,-1409201717,-1392635254,887113501,1820347807,-1700825578
5,9,2,8,10407,1926371763,1671955423,-879673522,1621421809,-128546786,419830013
6,9,2,8,10407,1459067551,-1317187143,-443975289,-966899497,-363405392,943022787
7,9,2,8,10407,-799668494,-1826144293,-218606998,-1594692456,1168366121,1379462742
8,9,2,8,10407,1582836948,-20765885,1437703118,-112694496,-1441963400,-1129924760
9,9,2,8,10407,-1648585656,-62235092,-218226044,1411343989,-568814558,1814253873
10,9,2,8,10407,-239964301,-324891851,1954266862,2033388987,-485229629,-1305621232
1,10,2,8,10407,869642820,373627413,-558131332,2088662199,-122763759,-1189832204
2,10,2,8,10407,232701406,1516824712,1566850072,1779090893,-49736868,948307402
3,10,2,8,10407,880806914,1128815618,-77244323,-1709840138,-1518825305,1488734852
4,10,2,8,10407,450847753,1117202168,-60562795,-1894317021,-205479014,1090481917
5,10,2,8,10407,-135388189,1686372436,593871378,1128263990,-1294815930,749799694
6,10,2,8,10407,1712256897,-19238481,-916339501,-1898462140,266393257,-1681022572
7,10,2,8,10407,-1427645940,-441712145,-1954542613,-743543482,-2019747246,1602814648
8,10,2,8,10407,1989011258,1288742147,-621034157,-783648638,90936244,-1342957457
9,10,2,8,10407,-1667425860,725722611,229741580,-804548857,1367079207,422758318
10,10,2,8,10407,-1189977744,2046859477,376628201,1245266645,303721337,-584579539
1,1,3,8,10407,-1876068266,540576757,2017976395,-1727775604,-1677572913,-562528736
2,1,3,8,10407,-102644179,1447481050,-2061543205,2056210037,62945502,407586039
3,1,3,8,10407,51452276,306393313,1408240724,-1097970449,199770894,187164484
4,1,3,8,10407,-457848598,-1458864804,1163811320,1210512243,-94089838,-199183816
5,1,3,8,10407,-2054358841,-1818430828,883162961,-2072470797,-2072518299,-615815761
6,1,3,8,10407,-2114730852,1377485364,494887324,1083714936,1307721751,714955757
7,1,3,8,10407,1039911097,-378435519,-98566963,1597872262,-283618819,-109313995
8,1,3,8,10407,747831785,-270030336,-1191484138,-120877240,2031641883,725439385
9,1,3,8,10407,-540168869,-1293573852,1331360960,-432912301,656194275,-1177685639
10,1,3,8,10407,-1022430280,1994702642,1301749050,-280285130,702951970,-1095788088
1,2,3,8,10407,175387833,583207221,1615205883,-71522909,-1413418821,629910451
2,2,3,8,10407,428501479,472847911,-1250433172,-445348508,960837043,-641282170
3,2,3,8,10407,-1452926135,-753205714,2137498698,-672640771,-395025482,1917460196
4,2,3,8,10407,-273733627,-1673055599,464406239,935249482,-1465758177,1008317956
5,2,3,8,10407,-1053114928,-1168474432,-484130927,-451953170,351921925,-1987878253
6,2,3,8,10407,440966502,537753667,2131693559,-76849496,-594301900,-1002179497
7,2,3,8,10407,1272971729,1555862858,-1961334720,-371084591,-1067662932,-494821247
8,2,3,8,10407,-1386062598,-2119701318,-1706529134,-269250808,-1652851670,1225276108
9,2,3,8,10407,-1252001153,-874623129,157874024,716161662,711896245,378280916
10,2,3,8,10407,1557304438,-155185068,-1262033135,419237111,-762157209,-620098041
1,3,3,8,10407,-471888057,-2038059694,2075365977,-1378352202,-465889384,-702182150
2,3,3,8,10407,120423913,-804946091,1622591583,1788875304,-1445762796,-409113438
3,3,3,8,10407,1362990622,1514148657,207996650,-1462746039,-665475709,-522693438
4,3,3,8,10407,1584454944,-1639817506,1208437158,-9151440,616512933,860279257
5,3,3,8,10407,-1620599926,-1021429309,1892869077,496602949,-1411747930,875982976
6,3,3,8,10407,1348283300,1638587140,2050757189,-1893253093,-1181092761,-260010369
7,3,3,8,10407,-2121030430,1383366154,556629522,845132271,-1932296454,1665069801
8,3,3,8,10407,782257024,-144919868,270029204,697436062,-1642321659,1694761834
9,3,3,8,10407,-424035949,969859257,1688965684,-208932114,605702554,-732764410
10,3,3,8,10407,-1881517384,2001929593,83484655,-727145470,-149947259,-1494015036
1,4,3,8,10407,-1911320897,-1904459502,-309737794,1877907448,1295151315,-1424779238
2,4,3,8,10407,-298789779,1183147556,-1133412459,-1516131712,1462881183,-144828040
3,4,3,8,10407,-1758758866,623710360,-549013170,484447600,-1396329601,-2097089620
4,4,3,8,10407,-1990379897,548109618,-1288157798,-1399206686,-1664426910,1694138346
5,4,3,8,10407,-520988783,-133413864,833912232,-11012161,-1839024725,604697739
6,4,3,8,10407,1636706681,-2074804994,-1761564679,1634448775,-1677870470,-494141951
7,4,3,8,10407,-1375501660,-1061494734,776526104,529209343,-245473700,999246155
8,4,3,8,10407,-1202315513,-92917128,2074313147,-1307245810,1497861254,1597272207
9,4,3,8,10407,20897506,684779174,-964876061,-1121062174,467763609,2073904344
10,4,3,8,10407,1489621857,1735854561,-2141670505,1706969141,-1671839146,-697900171
1,5,3,8,10407,-1030719488,1755068035,875514366,-1027682500,-209047554,1079645219
2,5,3,8,10407,-1668815777,-1828640147,1566188690,1111938697,-1975514240,-1683536770
3,5,3,8,10407,-1919613902,1671658299,-760971438,-1803375761,114166129,-183043249
4,5,3,8,10407,1005714739,360980162,1897322052,1980853616,688054853,-478180752
5,5,3,8,10407,-567769088,1002457015,-1279126484,-1071694771,377810396,1558634448
6,5,3,8,10407,1399223415,-1095556374,207783373,1574801057,-434817178,733761412
7,5,3,8,10407,-2145447196,450928499,-623186956,1959695445,1473200977,-1747317117
8,5,3,8,10407,-815930932,2135150508,1136179460,-803632649,-360481582,-384631204
9,5,3,8,10407,1046228664,1825483569,-1649747271,255062984,235371393,-2023980365
10,5,3,8,10407,-1063421958,-1734790662,1181115841,614579674,1159577388,-1138022117
1,6,3,8,10407,2084197417,236081144,164043635,778423284,-1159297981,872126169
2,6,3,8,10407,-1474916075,-1645532912,1179496425,1082150286,-1333952338,-914811437
3,6,3,8,10407,682928988,-651975295,-285282395,-967313924,-684437280,-192853667
4,6,3,8,10407,-1167225306,1056364382,-1862612156,583456099,-1177201693,560666219
5,6,3,8,10407,-420212766,-406259881,1696454801,-666964915,-1130879420,-1279271331
6,6,3,8,10407,-1004796788,888942007,1178106805,1985905613,1804711371,2008021379
7,6,3,8,10407,1351360748,-367092414,-1699898374,-2021557278,-1516719178,-1163931169
8,6,3,8,10407,-658197038,1833782714,1727789463,-817161986,-605853660,478420227
9,6,3,8,10407,1227668845,1896969121,1612087554,1119057094,1299891420,104254681
10,6,3,8,10407,1033563979,661542489,640162298,1842458,1122693001,1773936849
1,7,3,8,10407,-1657892587,1410761240,618160982,578267173,-524893340,-728439842
2,7,3,8,10407,-2135071259,778388810,-41769950,-44597754,313068550,-1413311076
3,7,3,8,10407,-271087872,345375404,-404428461,1332095011,1139834540,-315249074
4,7,3,8,10407,428228242,-347206935,2110341946,1417953560,-337780678,-324553394
5,7,3,8,10407,537983092,-2003812315,1606359092,1563114317,-1804372412,1711961995
6,7,3,8,10407,-1268046232,-735044268,980528133,1675391358,-305197106,-653445549
7,7,3,8,10407,440322113,605508132,1006367265,-1627325065,-375743844,-129141347
8,7,3,8,10407,70049223,-1463827818,1240697241,1647693910,1253351815,400676825
9,7,3,8,10407,1982955383,-843650948,-1049568829,-599757013,-2048619055,947850802
10,7,3,8,10407,-1248215228,-1939220991,1089171810,1314256362,-1453399679,1900234496
1,8,3,8,10407,1343588614,1074717641,-957319630,1926157836,1310390849,-1516790892
2,8,3,8,10407,-1953601211,-2009695374,-1740575279,-1915929247,504146376,-630750979
3,8,3,8,10407,1261740474,1995880476,-1792275429,1640863074,890608282,1324135908
4,8,3,8,10407,-230825929,1316090352,-851548125,-1675030299,204975926,1135830519
5,8,3,8,10407,1818571850,-788034709,-1676598390,-667298742,55459441,-826304064
6,8,3,8,10407,-261384098,-2124569388,1470740618,-1277299917,-1973770253,-1164888447
7,8,3,8,10407,-1706675053,2031043573,-1641702389,-1238968534,1491430647,-2055705875
8,8,3,8,10407,1488378256,743842561,1857234216,865268988,150477,563606131
9,8,3,8,10407,1232390789,694261738,1719606285,1468900932,-1312624525,1649198665
10,8,3,8,10407,-44490192,998273610,-2076456255,-792109210,1805617627,-1466323865
1,9,3,8,10407,1936124425,1152358121,-883578141,-985401123,32978498,-1849090005
2,9,3,8,10407,-1475004766,788050408,-939196590,2007449570,-1854085234,-310947123
3,9,3,8,10407,605673143,-1366624279,-847929448,-28152506,763175119,-363044342
4,9,3,8,10407,17007960,458424021,-1634695505,-921297369,-1469887264,340144869
5,9,3,8,10407,539406540,-1866190923,-1558990114,-787557227,91948269,339047877
6,9,3,8,10407,710628698,-847419411,-513686767,1905288098,1184775881,1209185290
7,9,3,8,10407,-626675702,443078858,524987355,1770614714,-698224296,842243309
8,9,3,8,10407,-547897381,-605201067,2142485765,-276827964,679815415,-1598863641
9,9,3,8,10407,1669970434,1456815311,666877220,-1942925888,-1290398635,-785686986
10,9,3,8,10407,-2118992888,-1397424680,-691544353,1093927652,-1239957241,-397000448
1,10,3,8,10407,-1921293955,-1790908248,-1502934598,2003341233,352738906,-837342111
2,10,3,8,10407,277110118,-482059777,-435405489,-35696053,1194941127,957917518
3,10,3,8,10407,334626404,-1214749544,488867670,1145336728,-1996346905,1306082778
4,10,3,8,10407,1184023882,995280215,-2128889256,-1385204886,1598405212,1472234347
5,10,3,8,10407,-1553037191,-2132274890,1586372257,749760566,251974170,675226709
6,10,3,8,10407,-482320707,1781518563,718938268,1279821471,-1664923554,2026524871
7,10,3,8,10407,738789170,419508709,-1137128230,672954426,395825767,-2097610981
8,10,3,8,10407,-1641623367,-454966263,-939547062,-1893900747,-19731676,1941476760
9,10,3,8,10407,-289860352,-856743815,1768869407,-1957787878,1548926464,-1775991714
10,10,3,8,10407,416808524,-786300675,-1444717262,-937607334,-872669180,-2053624465
1,1,4,8,10407,1932717133,-1466951026,-463956161,-353293333,-1447645622,7696398
2,1,4,8,10407,484546393,-1811874446,-1918369421,596269509,-908813255,1490648536
3,1,4,8,10407,1141140477,1185184830,602968625,-1745426340,1810401035,-1444744587
4,1,4,8,10407,736684232,-1694583028,265801593,185916136,910705020,24348596
5,1,4,8,10407,131105467,-1607161215,1521531950,354771895,240801146,-1289389684
6,1,4,8,10407,2060817543,-1401738408,63925663,1640390769,-1945162181,-1872063014
7,1,4,8,10407,-949998160,974453112,-330465174,-1888249669,-51208027,1066834787
8,1,4,8,10407,-314062546,-40251156,1645258001,-1121282924,-1722970366,1929784693
9,1,4,8,10407,1234747424,-588811077,1155925807,306874555,1425257668,-1709475411
10,1,4,8,10407,714309695,1302616544,1431142370,368666469,847292551,1384223316
1,2,4,8,10407,-1872908819,343289085,202194334,-989494328,-811423647,-1207324888
2,2,4,8,10407,-122140681,-1100412022,-1832050492,-2083483054,-1250192367,1896221019
3,2,4,8,10407,-921010449,-25684250,30426685,481848286,-684460948,1080384021
4,2,4,8,10407,-1918920805,-91382427,-1042072675,898760911,-1337250314,487137030
5,2,4,8,10407,1910558073,-725721799,-1135461935,-1973088587,-998734548,1668412045
6,2,4,8,10407,-1361322295,-1759148341,-1754011737,-1515906975,422311530,269533534
7,2,4,8,10407,-375461794,1077737546,-1120009046,1968951600,2022163951,2077884789
8,2,4,8,10407,-1194945495,-1816662437,-645519707,-1545559839,-1103084950,961193178
9,2,4,8,10407,-571586045,2096468554,894063564,-1812964768,155928066,-1908831479
10,2,4,8,10407,-825161494,-1088835072,-1443736287,-2075788068,666994348,1939648910
1,3,4,8,10407,214623478,81881002,543340702,626527544,942371547,562088554
2,3,4,8,10407,-1188745189,-975314666,-29697032,-1851131260,269489830,-1394966440
3,3,4,8,10407,-1170913969,1518431698,-643474603,1515415378,1398807561,1767406899
4,3,4,8,10407,342913350,1949577272,-1063276388,807460746,83865595,-1702055171
5,3,4,8,10407,509714036,-978191171,-1859621784,1814808260,-1589001785,-1578934060
6,3,4,8,10407,1864766869,1325754058,194025374,1239839429,-1102822750,-1652392939
7,3,4,8,10407,-1930922551,357299247,-1115660171,810057097,-724769169,-102847854
8,3,4,8,10407,-483579389,-511054595,-1855793967,198646956,-1805752402,999792722
9,3,4,8,10407,-8349443,-588424154,-604023285,-357045574,871615555,1460364505
10,3,4,8,10407,-1121459708,1117105762,439735493,-859284668,-1354564087,1907450325
1,4,4,8,10407,1534146871,-2044725629,-2016504199,918513956,1432328044,-1321267150
2,4,4,8,10407,-453318859,-1917334383,-1322532032,-478879399,1733827730,1142507128
3,4,4,8,10407,1633378279,-723885052,1090339218,1115348782,-1711000455,-1419818870
4,4,4,8,10407,1324381697,-151066025,-1740839210,-938448453,759189599,-1257256139
5,4,4,8,10407,1837420672,2072216443,418934855,662750288,1011463632,-2097701754
6,4,4,8,10407,-440058152,-1587865120,1674131271,-436744653,304061544,1983128798
7,4,4,8,10407,834692312,1330500929,1695604704,460790823,-1836764739,-703934440
8,4,4,8,10407,343319248,952724389,1742319886,-607934051,-901103724,-1774700942
9,4,4,8,10407,-518244453,55628728,601561985,-467931537,-232584953,-1370431105
10,4,4,8,10407,513387646,-996439102,1760303091,-184941090,-256390063,-1058727465
1,5,4,8,10407,-1327591627,1906165646,-737606754,1641959163,-33600183,1167531220
2,5,4,8,10407,1134479976,-1054366200,-592722456,-1455977482,861631973,-215263834
3,5,4,8,10407,-2059460722,-1987017602,-1258836756,2031264304,-1307907804,-503528982
4,5,4,8,10407,-1248237638,-848136683,388028691,-1440377297,839287969,-460415654
5,5,4,8,10407,-203506807,-1798074414,-1167020513,639651450,206455233,1377915264
6,5,4,8,10407,-2085283219,187869919,1707342773,-1507706115,-25167057,-852277889
7,5,4,8,10407,-968585658,2056498322,432848939,-1743785590,-243047835,-855039253
8,5,4,8,10407,1508473244,-1965854397,1782416583,-1500746246,-1668171280,-1273010652
9,5,4,8,10407,-478933374,-2015459582,-1894137659,710364699,1557855020,1181526549
10,5,4,8,10407,-412803685,1426451518,-1178631109,1698775277,369233940,656043546
1,6,4,8,10407,154590880,-1056632466,1284458382,565407021,230482175,824514384
2,6,4,8,10407,-2032313381,-1770817330,-1323936121,-949014632,1189077862,1372115281
3,6,4,8,10407,-398987282,-1629060620,784119705,1381663252,-1917589398,-1833574026
4,6,4,8,10407,2047187981,-1714639576,-1470120158,1332788164,1410005393,1534771876
5,6,4,8,10407,-1044288927,-717946965,-858690372,1017298838,50675929,746399362
6,6,4,8,10407,1146311657,-274402045,-1230105938,834818461,-535692205,-984507452
7,6,4,8,10407,732590729,-1437310470,496069479,633702849,-971170025,-350784128
8,6,4,8,10407,-1098736956,58702539,-1623197058,137783096,1887489730,-1911670467
9,6,4,8,10407,-225742241,-665943941,-983856902,-948419902,-82656262,255106427
10,6,4,8,10407,-685135391,-1004991889,1096338146,251978119,1915871006,116226368
1,7,4,8,10407,-1225494857,118906098,-2066449341,-1107841322,1806288824,1874253884
2,7,4,8,10407,-62879253,896950664,1594840630,-1128964988,1719247502,1537526352
3,7,4,8,10407,-958606382,-1214168474,-1728390061,1314838554,1102463042,271651323
4,7,4,8,10407,1393916611,193807570,1249773753,871317225,726490420,-1305955797
5,7,4,8,10407,1970498593,-984112342,-1700361618,771867857,81554796,-320288193
6,7,4,8,10407,-632857597,-1466320213,-1753421812,-104469501,1614552506,-1019858350
7,7,4,8,10407,-2139447139,-1047158022,-1241061040,24151501,-1588741712,-993216851
8,7,4,8,10407,1358275618,-484955097,-2018658395,203295381,1918018875,1949641709
9,7,4,8,10407,-1504351034,2065460005,57922865,-1077473368,870641143,-1849093633
10,7,4,8,10407,-87547568,1337929238,-27804687,1506084723,-883354377,95602323
1,8,4,8,10407,-2050891936,1792139221,-497220878,517929191,301290152,-11582707
2,8,4,8,10407,-1159584858,-1401835622,1144312527,1605125244,1646105406,1210695480
3,8,4,8,10407,1037888080,-2142311042,1349273626,545148344,1138145229,1263114701
4,8,4,8,10407,1262261532,-68354004,2094392370,-895572678,341540511,623664457
5,8,4,8,10407,828908860,-240666225,-1502738262,720307170,-821787857,1940011770
6,8,4,8,10407,594864976,91801415,919875651,699799436,1536809288,16867879
7,8,4,8,10407,1320666789,1081241100,471767960,-415170480,1015037476,-1567625034
8,8,4,8,10407,1433586137,999826878,-668713121,-1344541158,-1364283690,-906270639
9,8,4,8,10407,-863234444,1066021752,-1127069741,-745544005,-127869641,-389949952
10,8,4,8,10407,592150801,1236548139,1388143994,1903827826,-98497713,-264420260
1,9,4,8,10407,2106482721,-690307808,600506288,-1213010597,55783170,-1775060882
2,9,4,8,10407,-1411319662,-1880423820,-1926627312,398406394,-1450604936,647602353
3,9,4,8,10407,133214992,-1403103304,189257185,-1773861085,-1638377450,622009081
4,9,4,8,10407,-63982000,-1996260135,1793398860,1446168723,852408911,-1368725945
5,9,4,8,10407,1700315499,60295114,1392561588,1140883660,-569340759,-1875970371
6,9,4,8,10407,-1019684112,-217063243,2026569358,-25089605,145577045,1322879033
7,9,4,8,10407,653172585,-1119614229,1779796503,-587501351,1000125636,-764141387
8,9,4,8,10407,-1339724527,-694474398,727503357,-451574020,1368348966,1648654297
9,9,4,8,10407,-194720506,1440575343,1238557149,-1628903415,1967992927,138737580
10,9,4,8,10407,539937247,932840478,-640884685,454157091,-471728088,1955676361
1,10,4,8,10407,-759395829,-616249432,906494039,-761572699,-201472446,-1181705556
2,10,4,8,10407,-1105522632,39857772,-236236780,1215493635,1677044852,-614377649
3,10,4,8,10407,-1926473376,21134041,-515586426,1591900959,209438857,2075061271
4,10,4,8,10407,1595601130,-1154450440,1520068990,-691406453,-1898790684,495394326
5,10,4,8,10407,608539569,-547349199,973045139,-2010622760,-741898520,1354359776
6,10,4,8,10407,-1009359620,-521160986,708320753,-2065203778,-1620179554,-616454824
7,10,4,8,10407,-1392190383,-1033188979,1949637364,-634677061,-404215897,218204526
8,10,4,8,10407,-635862529,-1572415655,1123499026,366175987,-304395366,-1567347944
9,10,4,8,10407,-420649518,1503494994,-116813526,40086486,-272170600,-322498007
10,10,4,8,10407,-15029548,2124046989,848282884,686290791,-1009511117,-1554990332
1,1,5,8,10407,1677277554,-1520870956,516088109,104892428,1277330832,20133908
2,1,5,8,10407,-351702559,-1160841943,1969485615,748507276,-969906295,820645210
3,1,5,8,10407,-2091656984,1572019080,822099007,-2143554954,1206508609,-17054080
4,1,5,8,10407,580402610,-1623396397,-1516141957,1779763784,-1507659155,-1844730357
5,1,5,8,10407,-385446146,-67494085,1092717839,-1493063948,808091112,-870277531
6,1,5,8,10407,1024472373,21222871,-1510322147,-767413576,249999818,1760580425
7,1,5,8,10407,-344227265,1110172729,739361586,-532495001,1899538141,1527748681
8,1,5,8,10407,-1030678820,-594774600,1977448331,-698463806,-1478080422,647817402
9,1,5,8,10407,-1770342471,-792182879,67273219,-139852987,-1020479199,-1027490610
10,1,5,8,10407,2086783585,-1835616217,-613462408,1915210930,1580828411,846443888
1,2,5,8,10407,-1450383818,-1428748857,-1785282543,348775068,-721362150,-1967449620
2,2,5,8,10407,-1757180592,-1232069633,-732358241,848271341,-803053918,97861505
3,2,5,8,10407,917608063,1770892533,417565739,1892481320,-1701161559,-628603269
4,2,5,8,10407,536392467,-348331875,-180224191,-1584924717,1657191670,-81204417
5,2,5,8,10407,1353180416,395794227,1029578156,-1391652886,-2063667306,898303030
6,2,5,8,10407,2137820185,-1579166129,-732743187,-122737766,1654887633,612911417
7,2,5,8,10407,-743143210,-63281662,-1050100537,-1591706023,-2030301492,542103126
8,2,5,8,10407,1458457814,599981425,1510010099,2084885143,-2025532413,1197132422
9,2,5,8,10407,-1989164405,-918238309,-965109844,284621745,884892152,-969326343
10,2,5,8,10407,-1248054095,-862173837,-64625685,1708096511,-718487118,-426266113
1,3,5,8,10407,1441994504,-704994247,1610500370,1801905952,626642189,-793201817
2,3,5,8,10407,775226917,1426935671,-2034633954,-900175945,1072851629,-1455339792
3,3,5,8,10407,-46378474,-872281696,1722697312,1958972882,930570907,-1556741652
4,3,5,8,10407,1921985978,-2141607649,-859247101,1854011483,-1733876914,1239485387
5,3,5,8,10407,1791166586,-243211297,-1123346147,1140177452,128087398,-429923983
6,3,5,8,10407,761323968,-493165589,1467856665,758527599,-26474958,-456799539
7,3,5,8,10407,-1395337339,1428998451,2076256132,1749550203,-2043740026,-1670227163
8,3,5,8,10407,1541618626,784755859,24660775,1811042037,1704670368,-1221382314
9,3,5,8,10407,448869267,-1199139604,175887530,-586132733,555482952,386575794
10,3,5,8,10407,1690010003,-1411489215,-1278325761,-1467084150,-514889555,882566754
1,4,5,8,10407,-1205094930,-1619011343,1005204887,130536700,1603039861,1412669439
2,4,5,8,10407,-1070555712,651278803,774359599,-1315084685,637608161,1626866361
3,4,5,8,10407,1170381538,1735985007,-1971611253,-655849242,-544894546,824398019
4,4,5,8,10407,-387924772,-267547714,-1928058763,133718955,745549131,484295439
5,4,5,8,10407,-936275648,-451398962,-918057960,-671392612,630717453,-1598967705
6,4,5,8,10407,405390654,2084312373,-629010336,-69699753,276543038,1594565282
7,4,5,8,10407,1753989205,-883828296,-161094834,-1648076194,1867552963,855741746
8,4,5,8,10407,-258168790,-1882571904,1586631214,1348983499,-1981917137,-1268405403
9,4,5,8,10407,-1454060576,22481248,1139584730,-1999048286,352645468,-1886816249
10,4,5,8,10407,-152608771,1642018646,-1185129528,1968642931,1235120496,-1814722970
1,5,5,8,10407,5776749,-1708798271,813281874,1824675762,-638586902,712134401
2,5,5,8,10407,225527914,1790341036,1979477662,69427328,875286091,-555227346
3,5,5,8,10407,2052913446,-271294477,-1862923837,781538845,1612662279,150665735
4,5,5,8,10407,1989710030,544551833,-509262919,-382535085,1269514674,-1225137976
5,5,5,8,10407,-433979904,1056193159,-1436076326,1128923917,-883880942,-1117701203
6,5,5,8,10407,-717903726,-1239919279,-863800007,641000874,602784600,-1163564809
7,5,5,8,10407,-946226593,-611211223,918922717,-1432271952,-1933662015,1403632567
8,5,5,8,10407,-215761822,750078447,-441447367,1479183776,1724390700,1575664404
9,5,5,8,10407,1292797874,1802765469,-1777329600,-1967297634,1905733301,499002412
10,5,5,8,10407,1983880025,1460185931,970348947,-1570688339,1837261058,1375300972
1,6,5,8,10407,1721767821,-2098018129,2115638085,-1994769620,1405892869,-1665561086
2,6,5,8,10407,-836410644,-1743172400,-2134389689,-135790601,956416846,1158459513
3,6,5,8,10407,2047187401,1380633434,1715340663,389875786,-1360629851,-783968310
4,6,5,8,10407,1240958952,-1396180331,-998714214,877474407,-1215717744,541986718
5,6,5,8,10407,343224010,287881450,1388535164,484838715,1601519024,263589399
6,6,5,8,10407,-1988772816,-451594761,-965651983,-316901270,2094023861,1731506009
7,6,5,8,10407,1148808140,-645420636,-2062464867,669400222,-1421616546,-1133009164
8,6,5,8,10407,1713926305,-1723288292,1167851421,1595926113,301920480,-440626406
9,6,5,8,10407,2051762985,984567443,-824524696,1793448624,1722468328,985162073
10,6,5,8,10407,1063466735,-116646507,907302745,-1954446729,227495453,878145778
1,7,5,8,10407,-491417238,-1301607357,-1919351954,-1342870681,-1755089214,1051961533
2,7,5,8,10407,1727004939,-795218438,1149999750,-812879634,486960872,-560840650
3,7,5,8,10407,-1952934906,318850932,1827395052,1895741912,1094684413,153453553
4,7,5,8,10407,-155892230,2119814899,1655039095,743198611,1495774124,-399534799
5,7,5,8,10407,-1807251139,1700628609,-763680473,1378546968,-939417469,550724216
6,7,5,8,10407,86359815,-1111188840,-1719630517,-2143570837,432793895,1529326277
7,7,5,8,10407,1230816062,1815337062,1027711201,-628704787,1098601770,705180440
8,7,5,8,10407,622564206,584954338,-32990804,1195091618,-970000837,-547360906
9,7,5,8,10407,-1610546109,1956257769,-1456600061,1321139572,-1377020153,95545993
10,7,5,8,10407,925341582,206554210,798726813,-819942608,1007906206,-186442266
1,8,5,8,10407,386259667,-2078103457,-1719671736,-1344180418,-1357415234,1018085899
2,8,5,8,10407,1493521543,-1095740796,-203685421,-1393736999,-1256848229,-658871846
3,8,5,8,10407,-428226259,-849879042,-1869231146,-1363267912,-796022241,665226839
4,8,5,8,10407,1152596565,-269451933,920273038,1728677736,1053053810,-286265624
5,8,5,8,10407,1232893977,23145597,-351269720,-1151620290,1900443691,-1830418185
6,8,5,8,10407,-1568474512,-833183408,869286724,-309669699,-576490663,281010043
7,8,5,8,10407,304075435,-801595932,2143199795,368002831,943193664,1059242263
8,8,5,8,10407,-1754093711,-430604524,1612881237,380960101,940192329,1726776229
9,8,5,8,10407,-1981045979,253389632,1443208587,-624754860,1245616865,343940986
10,8,5,8,10407,-1659075859,-1430430288,2135998151,-1383487239,-812407050,2125193284
1,9,5,8,10407,901849570,1707304109,-76882530,220457011,1877466151,1501468476
2,9,5,8,10407,962870424,1478929055,-914837382,-1961454900,199590587,-1596567909
3,9,5,8,10407,-208078373,332534173,197241862,454759768,-312816171,445562339
4,9,5,8,10407,665703059,1933847172,-450059779,784813778,-930688818,1222454101
5,9,5,8,10407,2105165464,1044737828,1513452491,1189116281,-1339307864,-772684747
6,9,5,8,10407,559356986,1298822919,1539306751,613738319,540970441,-628774077
7,9,5,8,10407,-434532247,1021277398,1541594875,-1590930764,-259157594,-1700967165
8,9,5,8,10407,-1461021994,-321976630,1995446182,236627827,1158824798,-709596738
9,9,5,8,10407,442103132,-1801227348,-10800736,-1765959115,29169005,-1086714622
10,9,5,8,10407,-817009634,-12455617,-1906005553,-1981943295,152144700,-653150830
1,10,5,8,10407,362968224,1702905816,-1033897906,1131351935,-669829836,-1592410077
2,10,5,8,10407,1748108883,1519169568,-160467648,1873305374,878096337,322250505
3,10,5,8,10407,1955049684,1378825803,-1809189704,-847529454,347185363,-257205908
4,10,5,8,10407,1940029797,1862148175,825645011,205921297,458498761,641373743
5,10,5,8,10407,-1856151425,1182391993,2088863740,-1165244519,-1829766592,-26181595
6,10,5,8,10407,-883544051,-1438947232,-31458844,164795978,-1503978243,-1495453793
7,10,5,8,10407,1476888747,1414131163,902839897,244243192,589391068,1886622436
8,10,5,8,10407,-1563523912,-1642055092,1926525793,-26810935,1892420442,2113564062
9,10,5,8,10407,1711874155,-1113670631,-1213949694,-610197285,1706575810,-1823168735
10,10,5,8,10407,747983821,-1570166358,-204048757,-288133348,1105888521,-1223104585
1,1,0,9,10407,294543667,1480213765,-563368759,-667291681,-731405733,120207634
2,1,0,9,10407,1334767141,-1012780540,1166690244,1242143404,110738341,917996139
3,1,0,9,10407,1068308263,-884836721,1753905248,-1187081830,-824580426,-1219092502
4,1,0,9,10407,-612671238,-1428670056,-1280293996,556460663,-486390248,-461868614
5,1,0,9,10407,-1060475473,-887031149,-1766142197,1197494951,1792064514,1311312069
6,1,0,9,10407,-1717980178,-464433063,-2011036583,-300256260,-1239843840,-1541958056
7,1,0,9,10407,-1309846474,2001127825,2125807835,406320359,1100141454,-274990873
8,1,0,9,10407,-1075616415,-1451675599,-896411221,-2081350822,-1950332343,-1278458527
9,1,0,9,10407,-1251130118,403878640,-1519671224,1053873119,1059649520,1809744241
10,1,0,9,10407,744614604,580364954,426595996,154197849,928474287,-497310839
1,2,0,9,10407,-844375885,-1504899540,-1228631552,1851871428,1641316352,1986463064
2,2,0,9,10407,743547832,565898297,745575947,-343457518,-798662991,-527808010
3,2,0,9,10407,-620191413,1608843071,-1001267166,-1310138743,147343321,1590413263
4,2,0,9,10407,1969122606,2104610775,-1988106640,327355179,1190958316,1029717928
5,2,0,9,10407,876794423,612986694,-2050070508,-903150279,-1224367626,37624411
6,2,0,9,10407,-706585775,-1471472110,590499181,738780275,408936474,36684065
7,2,0,9,10407,-1902896931,861136552,239834059,-2128716407,454587440,-309272935
8,2,0,9,10407,1350880343,-1471093701,1179777127,-505698484,-1333042755,-1899153472
9,2,0,9,10407,1519313472,-824423940,-2035669072,-569825077,1049746290,-1588806139
10,2,0,9,10407,1605228402,-1741996100,1412510186,1249955678,-139450819,127882886
1,3,0,9,10407,-1345605273,1954847652,465076726,-479933715,-914759351,-1976390990
2,3,0,9,10407,-840595193,-75346300,775348476,-592774725,2104410027,-209975294
3,3,0,9,10407,-1276706035,-562709082,-568158398,467793167,1396548378,-719157607
4,3,0,9,10407,-12836239,-1352324298,-652689034,1161223685,-2062879271,-2046640217
5,3,0,9,10407,819746409,-1725142131,-1883255920,809937169,302146515,-41549731
6,3,0,9,10407,-806112638,-1775671119,-327539089,-1255334766,-1869391782,1071892592
7,3,0,9,10407,1427666019,226049159,-907421661,-756824553,-224516937,-1202347878
8,3,0,9,10407,1070618463,-1030101187,2014898936,-1611756976,-1374426658,1411901654
9,3,0,9,10407,1906692209,-216409590,-1371084781,1008248773,2020726063,-788043068
10,3,0,9,10407,-1058866276,-1129428027,-1817498729,-1370973930,-1296550578,-1985123569
1,4,0,9,10407,-1048629970,-1609065813,747419742,-1470035794,1804793994,-1728524908
2,4,0,9,10407,1245256599,561268139,77829423,-2052903262,1202263084,1895477531
3,4,0,9,10407,-1737453859,196286036,816485303,-1376072588,-1565594407,533337696
4,4,0,9,10407,299402137,846477621,-675520747,691072160,1994272298,-1984575916
5,4,0,9,10407,1006126520,-324662787,378432854,1747706155,1446169114,1536260883
6,4,0,9,10407,1123002910,-1949566558,7529739,464900723,-1315703941,-1718410513
7,4,0,9,10407,-1154781049,-356863050,-748138273,1209454808,1398755451,-1676945460
8,4,0,9,10407,-1813893472,-2084072017,-1707779259,-1712960152,-1861670302,1663632977
9,4,0,9,10407,1115000904,-1230391614,296759390,1623973944,-2000676108,990258125
10,4,0,9,10407,93301695,-1637427261,-276518971,1633235533,1455921332,-848112130
1,5,0,9,10407,-1611474748,1977024816,-1680406074,-2031990914,-1850852690,892064180
2,5,0,9,10407,-415409748,295985121,1297625001,1334696680,1736558465,-1440101725
3,5,0,9,10407,1996937229,-141064415,-1555444685,1136757967,-1409296495,1932240032
4,5,0,9,10407,300292148,-1347017236,479097461,-98115754,-1500769791,2051162327
5,5,0,9,10407,-1556542190,-1419203322,1021711446,-929052721,1502403363,498015848
6,5,0,9,10407,-1420126830,137739927,49239919,-159573018,-1190525267,1137071972
7,5,0,9,10407,-618467243,473674337,2051060509,-1832279261,524742780,1100093698
8,5,0,9,10407,1080402396,2057659981,255196294,-1845771492,947732195,-1411826373
9,5,0,9,10407,1715144113,101782087,1189571157,-1006625915,-1368654367,951049186
10,5,0,9,10407,-1679183964,1191585902,1351958001,1077016019,501892481,-193892036
1,6,0,9,10407,-263122810,1114302176,-1119438142,-227133301,1346782915,2126904901
2,6,0,9,10407,-1976669854,-44005603,-1360117714,-1545780241,-577983257,1227945985
3,6,0,9,10407,1120475360,-2115635606,-1896631668,636971149,532293071,-1112597671
4,6,0,9,10407,-674613360,-1967280094,1372826383,-823374090,1442723773,843383044
5,6,0,9,10407,138646929,-346347928,771801124,-1721179232,-252707972,-1557788252
6,6,0,9,10407,732549897,1413334511,1978216472,-477556863,21333447,1400296278
7,6,0,9,10407,-1307864294,1756069245,-2004574165,-944073293,-330223545,-775073800
8,6,0,9,10407,-864347445,-1266154062,-491657622,-59886256,-415217516,-1111057211
9,6,0,9,10407,1380690714,-252614902,-1824930989,-1243369005,-771460383,-924946124
10,6,0,9,10407,303685546,-672366463,1139625048,-1110388220,-486442526,-767899214
1,7,0,9,10407,-381599388,381077004,-1497153366,-988407879,-1651208307,-2072059861
2,7,0,9,10407,1875459923,-1957423920,2133996877,321373173,1738722775,275942300
3,7,0,9,10407,1654991452,-1237265234,1716502416,-1304258387,991319140,-863742283
4,7,0,9,10407,-469092896,1128644677,-2025007275,-947825632,762906593,1446714794
5,7,0,9,10407,1529680795,1804467371,1613843472,-436152349,608026986,-190172925
6,7,0,9,10407,-551016820,-272077518,-2009281615,277118228,678829709,1024224998
7,7,0,9,10407,-391902626,249828198,1482077085,-643259851,-837791798,2126043841
8,7,0,9,10407,264449866,-1340693642,-315042976,1270372035,816287114,-1529171999
9,7,0,9,10407,307231680,-370279841,1073379316,311582416,846181673,-1858353089
10,7,0,9,10407,1570889819,999221874,-368656575,-1110840484,-463097180,-796546390
1,8,0,9,10407,-822689037,-1559439591,-594914483,205633356,-276359221,1054891112
2,8,0,9,10407,1629776971,-756432129,1533508739,1835097143,1897672140,-914166333
3,8,0,9,10407,-2065400931,-1480106620,1997679752,-703593090,-1171533256,1559946077
4,8,0,9,10407,1724583938,-612572411,-1121261627,75732222,-1305118491,103945263
5,8,0,9,10407,2090615872,-1993969871,1815250991,1535335128,-429464336,-233374342
6,8,0,9,10407,-704049876,-1744678307,84644895,-1818556114,-1929198845,-730239381
7,8,0,9,10407,-1539718802,-558911809,-1655318549,-1638231404,-1394135718,-1292376225
8,8,0,9,10407,573805923,-1714623298,1974484149,135951287,2138765498,-330743800
9,8,0,9,10407,1175076150,-528452326,36021542,1785181264,1680988707,-1372671796
10,8,0,9,10407,227897748,1103425554,1057404871,848171314,529102327,-307394997
1,9,0,9,10407,139734850,-1735050936,-623434156,-169536659,1465177262,2122202952
2,9,0,9,10407,613732649,-1413751087,1561502447,-1605993283,-198531348,1978924924
3,9,0,9,10407,-877275144,887577887,1049739229,1151905004,-1892535902,-292248420
4,9,0,9,10407,-140113375,-1324878563,-1400607629,-1903886895,1014127470,853631019
5,9,0,9,10407,-1908387082,-212596400,-1803028911,-2057565477,-863057617,1133983103
6,9,0,9,10407,569768592,433617968,-1618054616,-229328415,1266675067,-1866642986
7,9,0,9,10407,-1637181288,-286455813,-1170238789,-1217620588,-2095108874,-1598616615
8,9,0,9,10407,-1686877116,1301320998,-1149082329,-2061485583,-454089902,-192057811
9,9,0,9,10407,-379592260,-54457948,-314187836,-1551322071,1257246854,-1568081683
10,9,0,9,10407,1163226638,-479343574,-442226911,-1815975306,1941383829,-970981023
1,10,0,9,10407,487067186,-690659048,2078103517,732141839,-696160444,2000004966
2,10,0,9,10407,-2140214046,-2038075873,-1781967497,1177296934,62180548,1691411049
3,10,0,9,10407,227251331,-1194017450,-125428901,-1059171967,-589325060,-1628321657
4,10,0,9,10407,-225567327,1425343923,-175825258,846398791,356190477,1902429687
5,10,0,9,10407,598119343,68344074,1907901319,-786788760,-763574049,-1863731587
6,10,0,9,10407,-1078952756,-1903540211,-1675700826,1982914982,1709736404,-1147341831
7,10,0,9,10407,-1941389437,36862884,-53947462,1553469381,-1209021434,121196766
8,10,0,9,10407,1799682561,1232345116,-673353797,-2049074482,-2141771675,453276919
9,10,0,9,10407,-625295796,1024798449,1430941741,-106426446,-192112390,727389709
10,10,0,9,10407,1294636960,462552078,872354142,613181450,-532819551,1225021337
1,1,1,9,10407,1733943084,1332855873,1741136015,1982049080,824348386,387119733
2,1,1,9,10407,-935669274,1262520222,-197817431,-2091644181,1750151381,-1675814222
3,1,1,9,10407,-817832549,-184794944,1492020587,-1850070622,1908401415,-1417745112
4,1,1,9,10407,-1296977548,1419684769,1386508346,-63929792,-1075871893,1521559439
5,1,1,9,10407,624509185,-798089090,1212855297,602364326,236585377,-1713868523
6,1,1,9,10407,1969272722,-332189911,1768650648,-48888374,-1360712900,2039318157
7,1,1,9,10407,469007399,-1776742670,-1827945993,920066558,-2004113707,1635761592
8,1,1,9,10407,1584611723,714863343,337444302,-834610436,1103771770,954999438
9,1,1,9,10407,-464473421,-1236146651,1869888441,-2059957362,-383454034,112351430
10,1,1,9,10407,1623516619,-1208586342,1405425187,790625897,-389018301,1453257327
1,2,1,9,10407,-203909787,204642919,1257592377,1156855559,1936953240,-1038197942
2,2,1,9,10407,1336568417,1046654311,-1593703238,-154960309,1384052401,2043947140
3,2,1,9,10407,-1145941818,1130139991,1576333009,409529812,525398760,1850119919
4,2,1,9,10407,-516385583,-1309383359,556018349,-376664701,1529498100,-156287504
5,2,1,9,10407,-1892187462,-1875706873,471452944,1169737202,-99392187,-1260596740
6,2,1,9,10407,-1819548425,1991372164,983946477,1566978209,1256117714,-1725730020
7,2,1,9,10407,473808079,-2046542393,1483885162,1000443957,-395537741,44166592
8,2,1,9,10407,-2073747994,784373829,1557210867,2099018858,112555234,83655476
9,2,1,9,10407,277177894,8498271,-388463285,1498034637,2125158358,780099563
10,2,1,9,10407,-1998781355,-1904847202,1196587592,-1013721057,-1569365410,-654433421
1,3,1,9,10407,-1283556925,1280240440,-1043928748,999590173,2046094045,2133051836
2,3,1,9,10407,-294635258,-1566956486,358248086,-1591899152,-262042031,1672510827
3,3,1,9,10407,1486742773,-1054268559,623105208,-1172162991,-389618740,-172306231
4,3,1,9,10407,-2079247537,-1063361910,164874505,-769020496,1426572419,1324760409
5,3,1,9,10407,23490,-981285226,-930359798,32035446,-211431163,645611813
6,3,1,9,10407,-1870275940,1272764758,608180528,-1195001914,1062176475,430249193
7,3,1,9,10407,741849598,-1282480059,-1623610390,-492626184,-1623147848,1520720217
8,3,1,9,10407,-117341717,447089482,-1141603228,-2083732465,-952845099,-735224822
9,3,1,9,10407,-1631690507,264767124,2069180677,-1967707333,164431843,286603942
10,3,1,9,10407,-1558125230,1353938717,-1061466857,1251104858,-442987103,1629025219
1,4,1,9,10407,-907677230,-494274439,1596850525,-315572026,2096075851,2028460334
2,4,1,9,10407,-446831873,1043109109,-1670083775,117970828,-472876607,448123877
3,4,1,9,10407,2026388741,-1914658077,1595928305,426106710,1345731997,-162919104
4,4,1,9,10407,413940305,1933686814,296370320,-885421369,898081574,-1343628264
5,4,1,9,10407,-698883553,-46773777,2087032180,565486473,1366107162,657429948
6,4,1,9,10407,-796447712,817545982,1943861960,1720787805,1573998818,2069182753
7,4,1,9,10407,-705380931,-1578535255,283372607,1028653184,1611460825,-639661352
8,4,1,9,10407,295099249,103465488,-1919073308,-2066520185,1664147497,1419062327
9,4,1,9,10407,-1234836603,925519048,-198616824,214062439,1067369964,-1222961602
10,4,1,9,10407,1617804509,-1719564390,708006116,-1985978875,-1311388830,210294316
1,5,1,9,10407,-1989444681,-2054940009,-1696409592,-1243057886,1705045057,-2117183992
2,5,1,9,10407,31004858,-652000991,-921475823,1768906241,-910517544,688198673
3,5,1,9,10407,317514156,-1520559828,2039194728,-442555073,1058360615,1828112058
4,5,1,9,10407,-1916173677,-588372745,1113541349,-995497322,680447548,2028614868
5,5,1,9,10407,-1202862829,-581318494,959764496,1883910605,-375492470,1808168709
6,5,1,9,10407,-1009104361,-604819853,-2016895008,81744120,-50414047,-298312966
7,5,1,9,10407,-1798110990,1557361717,-1490237800,662833659,2076240804,-848055013
8,5,1,9,10407,-339256341,-586936245,965578367,35824231,-327226665,58301358
9,5,1,9,10407,-1503110460,1284260931,1664712958,-1523955051,1107625982,-1570839781
10,5,1,9,10407,1732148198,1343037877,-1307598573,908844473,-1255243694,-418926580
1,6,1,9,10407,657149272,423842851,-927423668,1442939246,1001515357,765252578
2,6,1,9,10407,1379248718,-1038362497,1112784084,866454493,1899073620,2048523824
3,6,1,9,10407,-1716748456,2063389573,1880210876,-663756796,31337344,177508569
4,6,1,9,10407,-1026071833,2004232299,23479285,1348916955,-1426617211,690980166
5,6,1,9,10407,743110430,216605957,1136431101,-1466383160,258010736,2087777266
6,6,1,9,10407,-1969162818,-2026217534,1706417080,478444703,2021816128,1890559024
7,6,1,9,10407,1857071910,-454690160,-2103837018,973114149,-2053017687,-1440361947
8,6,1,9,10407,-1456697666,2076150565,1491969265,1117399501,27532707,718875380
9,6,1,9,10407,-184475671,1114583041,1788399872,1300785748,-441153898,-838483500
10,6,1,9,10407,-1651700360,-1648958180,1880661211,494311908,2113883884,-1982443044
1,7,1,9,10407,1029452730,955358539,-947540916,1020592677,1101734866,1652308435
2,7,1,9,10407,-81445946,1210381789,-2096710934,2139447878,1434383935,1602766835
3,7,1,9,10407,1628700231,-1475718702,-851399021,-287045024,657147065,-1510223608
4,7,1,9,10407,1678608778,615712824,1671170572,-1291242773,404368956,239432368
5,7,1,9,10407,-586258125,1812919818,-188257364,-1354862400,1697583035,-1288318704
6,7,1,9,10407,499301049,-1599761819,-2012527455,-1952992862,-1086448928,1438962388
7,7,1,9,10407,1893222141,-1101954382,2081152432,-979744087,-1671903054,1271793365
8,7,1,9,10407,-1768307810,-1519077262,1970518051,-2009037915,310370921,-1080140899
9,7,1,9,10407,1836105190,-1442428206,-219249010,8151095,1422017410,-503081948
10,7,1,9,10407,-379583055,-1290507100,-1734743288,1473317114,2012544861,-1559522187
1,8,1,9,10407,-1543929462,-1728956966,-715307917,-586626638,-433101216,1460763529
2,8,1,9,10407,18667352,732885198,-1942294063,-1857631646,2066367987,395844195
3,8,1,9,10407,536137991,-257985920,1010250256,961648539,1762081373,1532770747
4,8,1,9,10407,-1209448750,-131290238,-775430929,1232685344,-635168817,399880252
5,8,1,9,10407,1185858034,-264633786,-1385989452,1145699965,1123279527,1431850777
6,8,1,9,10407,-544777854,-2024377341,411464525,1673292250,-2053047473,1218209054
7,8,1,9,10407,361262967,1265969794,-1221166041,1565483576,-708151959,1844014223
8,8,1,9,10407,198368044,-2003778520,-395439950,1518346903,-1262096064,-1829151258
9,8,1,9,10407,1010645104,1596858306,2024147515,-1319084704,1547780590,-1080215467
10,8,1,9,10407,-2051986649,1363834963,-1979869561,-1153393829,-376714520,-702722044
1,9,1,9,10407,190541248,-678806778,1370906429,1797549550,972015314,-586846948
2,9,1,9,10407,1390183822,-1755263007,910993904,-1006640606,1008154775,465680589
3,9,1,9,10407,1879528160,-1958911033,896311686,-1903097592,270721477,1095038561
4,9,1,9,10407,-1179108853,-1121977446,-1029444519,1186197264,1179601463,-196853411
5,9,1,9,10407,1604316958,-1929827096,2085197514,-1014449351,-346690970,1757228109
6,9,1,9,10407,169918537,-923926659,-1941760545,-1424147435,1466507182,-191662720
7,9,1,9,10407,814059431,-674927574,1024878723,226859007,2097815102,64185866
8,9,1,9,10407,273541695,505758221,579371386,1810229881,1135563147,1759075538
9,9,1,9,10407,-2006001085,-1942075292,306867823,-1932368324,168235864,-1646558461
10,9,1,9,10407,-839508368,2062460640,-260585044,-1294401033,-1720312567,1091039262
1,10,1,9,10407,-121083995,-687612863,261464972,-1744244399,1075184320,1875336127
2,10,1,9,10407,-1547692546,499926180,-576282919,1434835613,-700082212,1434738109
3,10,1,9,10407,2133536432,1897629064,64700257,1903319435,-406270122,-331563746
4,10,1,9,10407,-699850078,568941154,-1475131304,1639469083,-1532118021,1128930554
5,10,1,9,10407,-2041895791,-2108106078,-1461923853,-2047202757,2119661031,1667261065
6,10,1,9,10407,-156508018,-628504969,-1069146382,576748854,-1750039979,970926502
7,10,1,9,10407,1520305396,1419383352,-1343445434,-603687418,1828828174,1538238679
8,10,1,9,10407,-1785206380,1852179519,-1434781516,-185287334,-1303428768,165806142
9,10,1,9,10407,1144480125,-1058478136,1861625823,-1390011344,810697473,-1042266241
10,10,1,9,10407,2073176966,720521138,1860692570,-833040448,1873995903,1157881467
1,1,2,9,10407,-1358421825,1772687183,935309961,1182780845,-2065948273,-127904335
2,1,2,9,10407,-1508599811,-180965662,-1626911754,-651079886,-1816517554,1460745057
3,1,2,9,10407,276145845,1726005645,-668891380,-378968908,-987718266,-43015107
4,1,2,9,10407,-655760458,1160925925,-1877162601,-383234482,506561037,-725971493
5,1,2,9,10407,2043073596,1538449408,-1615721542,-1217314313,1060005765,-161975755
6,1,2,9,10407,1181890961,154544668,-86691337,-704431602,-329629880,1261842291
7,1,2,9,10407,-525067170,223999671,-2142547080,-1774544863,-1595157736,-1176757886
8,1,2,9,10407,293439546,-1270668998,-794301064,1573858730,81570980,1536305066
9,1,2,9,10407,-1462734668,2043215263,112944282,2043409104,-1425706708,-861303401
10,1,2,9,10407,-2056386730,-304583433,-1217604006,1470261235,-1226506790,-901139907
1,2,2,9,10407,-68483233,-1145454097,-297712551,1005596707,-410217787,1452543830
2,2,2,9,10407,675682086,-121806826,504098226,2089700797,197328563,-803242384
3,2,2,9,10407,505978220,-1367481794,-1287637225,-1772390581,432844177,1172236114
4,2,2,9,10407,1092857875,-1467585842,1519322985,-915482795,1287704676,-1612085435
5,2,2,9,10407,1482372576,939827463,1567952760,737891169,71358046,-687178315
6,2,2,9,10407,-82184291,1596994240,-273634975,-1054835296,-1739919450,-85867223
7,2,2,9,10407,-1243686047,291604867,1145465091,727851524,-1206947831,1216071418
8,2,2,9,10407,1296437941,1192901093,1208347087,804915105,853360326,-1310400374
9,2,2,9,10407,2056649396,1208408310,-1418537284,-713513391,-1833156451,1668335811
10,2,2,9,10407,-357769238,440466560,-521820440,540189442,-728662319,2016737932
1,3,2,9,10407,805401670,-837035724,1501893905,1742078003,-33969735,-763254895
2,3,2,9,10407,1855825696,-1045089633,-1646856034,1016422999,-860332979,80972641
3,3,2,9,10407,936865564,1239173824,1454791294,441774797,1584478825,1381981066
4,3,2,9,10407,-870597188,-1758938465,-1114019,1690634789,-1983376982,23019813
5,3,2,9,10407,-1097278340,-1131448095,-177096646,1250630189,194446550,-1569325295
6,3,2,9,10407,822480104,-538464213,72609116,-702838592,-1312179526,-2007059269
7,3,2,9,10407,-856220683,1020428027,1221013902,199201738,-582886430,-1118957839
8,3,2,9,10407,-1053471679,-550539410,-1029493436,1215577833,-1864621648,-1014224393
9,3,2,9,10407,1055387157,1175780652,-1306391610,-1503155028,-469166853,2084256820
10,3,2,9,10407,1178645332,-773196927,-539787976,-1471076302,832898303,-1505376394
1,4,2,9,10407,2027549356,857169800,1113857566,1990249182,-425725427,175920907
2,4,2,9,10407,1630162654,182664103,1716099021,-1290334442,-1967164942,-242686554
3,4,2,9,10407,-750894361,-729509255,-332928700,186338483,843873466,-2012096403
4,4,2,9,10407,1027323570,1681228002,1956456644,1481591564,-22400953,1080330533
5,4,2,9,10407,-2094745075,1718447306,1843563842,-646210380,-1875778558,1091833451
6,4,2,9,10407,1292967682,887693611,1746420204,1297883093,1495992299,-774256690
7,4,2,9,10407,-1612399328,-1698356036,-2594980,-637596481,697181180,-1970381343
8,4,2,9,10407,-1629748761,-336649975,2073113236,-157016556,-845428618,1836534418
9,4,2,9,10407,208216628,-676720981,256789745,-436849753,-2144968977,-1679860149
10,4,2,9,10407,1950007148,-789420498,-227848636,-740583152,-1560148224,310523217
1,5,2,9,10407,-986771696,1586971021,-1063554204,1289327643,1585083557,-1267721843
2,5,2,9,10407,848434775,-1925305138,1799622303,1102573343,-2143763643,1701560375
3,5,2,9,10407,-1047543503,-1021176635,-1263175104,737908515,2061538581,120301461
4,5,2,9,10407,1915052299,-203129158,1049059955,815121969,2036571348,2067922730
5,5,2,9,10407,155015530,637080895,1771793439,-313250358,-1324628672,-1767646538
6,5,2,9,10407,1624519323,-1885571309,-1253328164,-1593640684,-129248494,409024570
7,5,2,9,10407,906280504,120448597,-1402298501,1592089755,900387497,1695061301
8,5,2,9,10407,1494704670,130030441,-956531719,-274177698,1961057807,-668357796
9,5,2,9,10407,582151526,-340808663,940872782,-235870613,-2048420099,-666718957
10,5,2,9,10407,-1752272149,541489747,-2099782264,1607834619,-641793886,2015106676
1,6,2,9,10407,-1900315117,-1167246511,-156745043,1686470582,-994997082,-1787330513
2,6,2,9,10407,-2015919720,-1448697021,1425586284,-1072751720,207460657,415122689
3,6,2,9,10407,229068886,1525874776,-320907392,561295399,-1558678940,750049672
4,6,2,9,10407,-906574015,227196595,816641994,-558713064,1102758716,-1538665087
5,6,2,9,10407,-1619844197,1244149452,1351728890,-915463604,-855170809,-268716043
6,6,2,9,10407,-326749411,346824465,-2060990533,-1313422278,-694670440,1728492390
7,6,2,9,10407,1065504021,1481373362,-1999341875,-1620714780,1464836951,1166126914
8,6,2,9,10407,-1434620301,-2047588437,-1778683119,1733364064,2046971969,289755429
9,6,2,9,10407,413738294,-666645050,1419847409,-868796297,-55088458,-1227353016
10,6,2,9,10407,-2005961564,-1355208753,1645336033,1730979740,229410170,1712745372
1,7,2,9,10407,-1833189093,-154215013,-1646830599,352885569,1822844537,-1663543163
2,7,2,9,10407,-2041190769,-333079452,-662027692,661445998,-127332588,861934627
3,7,2,9,10407,928610334,-1267673968,1249406852,-696786730,-853506521,-735136134
4,7,2,9,10407,-862473680,-1132958236,-388617013,-1621342187,-377334119,893484809
5,7,2,9,10407,-570411375,-742931595,505591335,771992174,2034004679,2113556981
6,7,2,9,10407,448955969,-1194264883,1622911105,1260393684,563761806,875154574
7,7,2,9,10407,1448158209,-4452634,-794225356,-2043332777,1339713,-1801098189
8,7,2,9,10407,-182309794,-577185626,-257427655,-1967891813,-793961634,1537434003
9,7,2,9,10407,386453326,1394670294,-10092848,965529488,1070144691,375096659
10,7,2,9,10407,-1174476705,305568996,-1555518762,967301161,1533434613,1458642084
1,8,2,9,10407,-2044855013,-281781410,1687108721,-903863593,1868713147,-2102179149
2,8,2,9,10407,-319085853,2132156013,1562166905,2109452235,-621542651,-773705194
3,8,2,9,10407,903131040,1129398028,1222906419,-978822706,1609612428,142180241
4,8,2,9,10407,-573926641,-1671968948,711679893,554885160,1582668708,-1875505548
5,8,2,9,10407,-2121038747,762236144,-1638436067,262752059,-560288190,-1597860304
6,8,2,9,10407,2114370398,-1441650694,-42369674,-1141777536,-1289024879,596025488
7,8,2,9,10407,-1812674649,813881300,1910392320,2034383570,1516306815,1216978754
8,8,2,9,10407,-309288995,1735084730,-300123614,8259769,1887602454,1008820170
9,8,2,9,10407,-33682169,752621451,1991236934,-524061686,1495137678,380891430
10,8,2,9,10407,-398209600,-1772656983,-2005492217,193334212,1223248313,1703587499
1,9,2,9,10407,1734631437,1358426043,-826891350,2104608264,-195943492,931008296
2,9,2,9,10407,1492410970,-1009968281,1045199173,-1105095546,927364384,2102031498
3,9,2,9,10407,-432864009,-446870888,-2005665995,265821693,560334743,-222117590
4,9,2,9,10407,-1045158179,-1126585986,-1854980917,1119382195,-909270019,-1309006874
5,9,2,9,10407,-1566596556,-352917049,-1810422640,1708993460,1541892905,122051359
6,9,2,9,10407,-1747191682,-551702860,1240812325,-1812379333,1242795781,-1955625614
7,9,2,9,10407,1656231015,-2059965881,-1179077276,1435521362,172373675,96545667
8,9,2,9,10407,-111320624,-1070537013,-1375733309,880317308,780700072,-847391797
9,9,2,9,10407,-647714427,-1551697231,-590631725,-1431146915,-1996273492,-1644028188
10,9,2,9,10407,243018983,291343330,-1181316167,1547711422,-1977260379,1229588667
1,10,2,9,10407,-1980501522,787342737,1751480498,458147369,-268292172,-98839421
2,10,2,9,10407,179831318,144739409,687332598,-318814854,-767192969,-360856507
3,10,2,9,10407,-336259805,-550154024,544984512,1454503146,322998805,1166563211
4,10,2,9,10407,728105024,531359556,-584336104,888824210,-1905521813,949726409
5,10,2,9,10407,-495705977,932707509,417395562,1988115839,1226339249,-2109158945
6,10,2,9,10407,-157811581,2011377902,-995249415,1689687377,1883830284,-1680266360
7,10,2,9,10407,1788230647,731019068,-1107965465,-2051318821,-929433397,-922387039
8,10,2,9,10407,-1115060027,-1215574610,-84508940,455845915,42618864,-670635
9,10,2,9,10407,315981880,-1719096859,213501389,2112832505,2087510952,-514996984
10,10,2,9,10407,-1199219676,-1509504410,1125863829,1986575148,-1544424483,-646178377
1,1,3,9,10407,-748354876,-1884281499,1579856005,1597409318,-796001384,2085211990
2,1,3,9,10407,-431511312,1179138193,-1609627587,-1382934236,-861177262,-636345394
3,1,3,9,10407,1768115546,430433992,439662216,1394121630,753623342,-1292605030
4,1,3,9,10407,-339014208,78350641,-1806385939,-801340906,-462557338,1446753300
5,1,3,9,10407,242229830,-1240220101,1544042904,1296006732,176468662,1359202502
6,1,3,9,10407,1859686102,-877942639,-1796795169,-563087105,-1228454211,574541534
7,1,3,9,10407,-1409351444,-608785518,1009800370,-1799262474,2133302037,-705316973
8,1,3,9,10407,-1518125158,1497196235,367997948,189586010,-680753152,-2138980824
9,1,3,9,10407,-1309080938,451712974,1563355307,-2057767282,231586838,-921295916
10,1,3,9,10407,655259335,-913826536,-309829470,218466990,-388338235,1252370830
1,2,3,9,10407,307998465,-1185085290,-1064471271,1736716157,631124517,-1737628471
2,2,3,9,10407,1016917539,-1272930888,-1125907358,491756438,36867499,-235243640
3,2,3,9,10407,99327407,630488418,200978816,1305945932,1706352289,17074343
4,2,3,9,10407,-923843300,803573790,1035305281,1307417845,-1328345846,-1062840119
5,2,3,9,10407,1136651838,1036949039,-321142063,-321359557,1277654555,-1996980244
6,2,3,9,10407,-963935025,584613242,-734317240,1616280509,-595461933,-786722230
7,2,3,9,10407,1299942614,-1853866665,1053605918,-235271659,1709361810,-936331664
8,2,3,9,10407,1170738879,1087913548,555186014,-785693796,-719905046,-1637290897
9,2,3,9,10407,84326808,1900079528,104172819,-728699926,-1732756109,-1495807818
10,2,3,9,10407,-1392469786,-222794905,-646217409,-1688124947,-1589954120,-203829521
1,3,3,9,10407,-2009864212,330684369,1416023336,626750133,-1073817864,1537117984
2,3,3,9,10407,147660755,116463440,1130054293,1793145364,2044365810,483109848
3,3,3,9,10407,-177295744,1984235701,2143318308,1270622704,-1068694402,-884351109
4,3,3,9,10407,467568916,-785348620,1977276761,-49363138,1239689449,553836449
5,3,3,9,10407,1096248319,-1807958095,-1252477936,-53033877,810722466,-1004981423
6,3,3,9,10407,312508538,-306409813,1637041276,758176848,-333416819,583017598
7,3,3,9,10407,327035551,1864767206,-2068695102,-1194715341,-1802856415,2078002512
8,3,3,9,10407,-687609299,1483035434,904569106,-762211530,-626873904,-1532393519
9,3,3,9,10407,-712147467,-113968243,1252470471,163305299,2013973282,1275007595
10,3,3,9,10407,1681393350,-20283306,1194990685,1346856754,980532004,-157331584
1,4,3,9,10407,-805248300,1940885566,1896079496,-1749331942,-1980715625,72948979
2,4,3,9,10407,-803203925,-1463367158,-451969429,2053671397,-579948744,1600574745
3,4,3,9,10407,-1970470487,-1677997484,-877746754,-1275499644,1211435880,693699604
4,4,3,9,10407,799614654,1929088575,632584901,1056200640,-1097615905,-1110789377
5,4,3,9,10407,1884572185,-2132006149,-1185431783,1636097001,613763323,-117265658
6,4,3,9,10407,1368850755,-1518461040,-1009928445,-906342310,-1549831576,61167159
7,4,3,9,10407,-1137362187,-1183433975,-2077088349,278784956,-740012206,-2038589697
8,4,3,9,10407,-1550260195,-1344463903,1252071341,-337195607,-1942690584,563021904
9,4,3,9,10407,569927558,2086451450,-1154404239,1589552432,916959975,2038268396
10,4,3,9,10407,-1217394137,-859839210,-546479695,372256493,661199197,-1464917613
1,5,3,9,10407,-1930051601,2147317832,-1848939748,-1208785252,1588957696,-1772099185
2,5,3,9,10407,-1905912069,1779760118,-469990813,-510744745,1390339170,-1100843840
3,5,3,9,10407,-1122756932,1089881367,-325597321,1633498535,-999722369,1939152667
4,5,3,9,10407,-18248560,-1774573142,1686702301,-1176279602,60734386,-1542025129
5,5,3,9,10407,-88976222,-958771600,-753331225,-2075818205,-866046292,1548985135
6,5,3,9,10407,-516539469,-1620784049,-1146431239,-793417106,-616830642,411665004
7,5,3,9,10407,873387173,-1018835807,42216120,1635475347,-1965628456,-1761322965
8,5,3,9,10407,-2053645788,2068908663,-910701328,-1784824872,-1536843076,-18927129
9,5,3,9,10407,583078295,-108740771,1188628800,-655105546,-874163511,1770093604
10,5,3,9,10407,-1335249467,1234888134,541246417,1391154110,-361658428,1115177369
1,6,3,9,10407,-35879837,-1767210113,1239859644,-1390624715,-900853745,-147523999
2,6,3,9,10407,1457120839,807196974,-1544547819,1786205532,378375378,-1048564548
3,6,3,9,10407,59367113,-184325254,-2079292043,917969230,1166866442,-767086298
4,6,3,9,10407,-1714991331,-1623585832,1546734575,-680089726,1589404280,611499571
5,6,3,9,10407,-1810257414,443677049,868758022,1449452612,-1577499099,980288924
6,6,3,9,10407,-392136314,-2028832480,443018220,-1740530780,-439499581,1890612799
7,6,3,9,10407,-1695333527,604179329,-1158367739,1367828067,-1218262975,1439072918
8,6,3,9,10407,-1832020658,1766185179,-1265544909,-1804699124,-7946140,1494764996
9,6,3,9,10407,-945322878,-1896902604,-850773592,-818562814,-1844518908,108583208
10,6,3,9,10407,-1269479916,1318886242,-1916639542,-7096857,33031677,-65923115
1,7,3,9,10407,375452229,-60938235,591645475,-1823085738,825735897,-2067545097
2,7,3,9,10407,2022614092,-1580445383,-959526695,999486998,1226462238,-1605466618
3,7,3,9,10407,1002760629,1436604175,-1666249067,1698387608,1981809565,-1166872476
4,7,3,9,10407,-775817001,-257624471,1629758752,-382835490,-1006298188,-483569131
5,7,3,9,10407,-2001183797,721174993,-2007041292,1375232676,-291126321,-1271449571
6,7,3,9,10407,-2057211797,-1323272833,-1596173254,-1692967195,-832765046,637414778
7,7,3,9,10407,1871960258,583307517,-1355963945,-165722223,-75144823,342781011
8,7,3,9,10407,326525614,1970354716,-2046865374,-1346525327,-452990126,539738207
9,7,3,9,10407,-632260930,-167401306,-972097617,-1164510033,1487581348,115877669
10,7,3,9,10407,-813026650,888870524,-256512039,731321386,1870080462,1804434963
1,8,3,9,10407,1740291663,-467860657,2083392831,322491368,1998182774,-563568584
2,8,3,9,10407,129903239,-1830585866,770137602,284063589,-573208914,1739151151
3,8,3,9,10407,-1874805523,1816758374,-1825113924,-1199707329,-1591303368,-175519218
4,8,3,9,10407,1762934460,-474146055,325426569,800406250,-624681654,-785128175
5,8,3,9,10407,-2138627976,1687838079,-1512543732,1618627837,659671449,-1320580534
6,8,3,9,10407,-293120922,79996062,1856251396,-1376543647,1810757617,2120807300
7,8,3,9,10407,-59998375,1020166936,1756205521,-1721370148,1776615205,-1593659497
8,8,3,9,10407,2063794427,1679393282,-679322829,-1463009701,-312975485,1281674051
9,8,3,9,10407,593982814,-115447604,-2095730346,1558740503,1394253476,-85457684
10,8,3,9,10407,793528370,-464888721,-175926105,1499271627,1595785508,462843826
1,9,3,9,10407,124022217,176749280,-1704511644,-844333412,1968140219,537881859
2,9,3,9,10407,1169754527,192108241,105411992,-1420932179,164264699,-321155615
3,9,3,9,10407,-750907303,994590194,-1290265373,-540492607,61328708,-1964648676
4,9,3,9,10407,-1374906366,1267791503,785947994,1633353379,-243117116,145995304
5,9,3,9,10407,1503344327,-1923259938,-614456189,1504395905,372866042,-1195374324
6,9,3,9,10407,-1601298200,961356681,969337303,276507351,1851147475,-770669229
7,9,3,9,10407,-1622418105,-129917663,1051801131,1163266320,1102816271,-1873170756
8,9,3,9,10407,2047805716,1591446655,1345275402,-987693221,947917667,-595983510
9,9,3,9,10407,-558403855,933426950,1833888258,-743106205,1884489151,667694949
10,9,3,9,10407,496412979,-1145999211,2059733152,-1175010355,675996257,-1886549579
1,10,3,9,10407,-36011667,832401959,1615448933,442759245,1541584063,772585444
2,10,3,9,10407,-1288020293,919311420,1574946962,-894517703,-1962214769,89672225
3,10,3,9,10407,-1053212506,785273160,715647402,1494392331,-750500532,840239256
4,10,3,9,10407,776520770,386343967,1929419043,573655697,722360282,-597380112
5,10,3,9,10407,1681183085,-350784271,118438861,232735774,1677616666,-827059060
6,10,3,9,10407,1332495826,-903463653,2145040505,-415872674,103510973,-599607218
7,10,3,9,10407,-218526446,-1893069817,1179818738,1602918332,-574891843,-1252796183
8,10,3,9,10407,-1899603277,-1191265958,-1739270235,-1862594121,753420966,-723092939
9,10,3,9,10407,-982975051,-1796477473,-868624835,1746679348,852849537,803022599
10,10,3,9,10407,-693897276,-745065991,-1479045761,69341941,-134351414,-1141604429
1,1,4,9,10407,304074782,385009108,1600095028,-1262753241,-433250568,1871350207
2,1,4,9,10407,2031312702,1120108470,-1200422711,-339068561,-1370659331,1647711565
3,1,4,9,10407,1210165475,1202635793,-988913328,-743758861,-200411321,-2014668914
4,1,4,9,10407,915270539,-1472417041,2039047280,1140056853,-2057102540,-1198986152
5,1,4,9,10407,1293397345,786529727,1727833901,-259617977,-270231523,614433718
6,1,4,9,10407,-1765565272,-1892341235,1142061226,1260460715,926456814,877880606
7,1,4,9,10407,-126832580,-1466796684,-94430769,-921929199,131467450,1494861043
8,1,4,9,10407,-363256526,1615647458,-759334958,-1317045449,1381450957,1888693632
9,1,4,9,10407,10764022,-1371742175,-56981797,-1994204264,1747608582,-1343972429
10,1,4,9,10407,75248243,1763373386,-166882476,-135267379,263676581,1052634174
1,2,4,9,10407,-2021231568,-1251982587,1904140310,-969715964,-1468064858,-17764420
2,2,4,9,10407,-1042311039,-1421305731,-2018318259,1172986691,942702165,-1138143292
3,2,4,9,10407,-544747557,-1033753331,-1504053717,1961717556,-2052353921,207444159
4,2,4,9,10407,1085052129,-374231060,1863145499,-1634298325,314120784,-1734268618
5,2,4,9,10407,775408480,-387880077,-189440092,78134815,1650479412,420285371
6,2,4,9,10407,157461032,2094200796,-947100857,1182385380,1070246413,1117398483
7,2,4,9,10407,-1568155354,1082246473,366029107,-1959801603,225258858,-469027512
8,2,4,9,10407,-1411311154,1004804173,-135570502,-2052758118,-1241133062,-620800777
9,2,4,9,10407,-511353505,-1893147538,2103559109,-845204261,-1905797172,931297211
10,2,4,9,10407,166094330,1189951902,578043298,1281224885,-155039870,873892909
1,3,4,9,10407,-475549693,1683708998,254331127,-665665032,-288294666,1688614404
2,3,4,9,10407,801723870,-1517385209,604161697,-796340302,658616186,-411915409
3,3,4,9,10407,1170552942,-1694528078,-1038009173,2059869416,1086816842,1544225379
4,3,4,9,10407,823128144,-1624152613,1584663388,-1644518178,-2024177188,-2104492281
5,3,4,9,10407,856887889,-1112088605,1385348254,-552156181,-636665899,2840511
6,3,4,9,10407,912079398,1327394887,205694143,-1361413272,-1751713677,1650410196
7,3,4,9,10407,-457847333,-911500718,-1215494550,-330148551,-440395182,913356093
8,3,4,9,10407,-1143570979,-1428344590,-1144688709,-2032834646,-452016806,-1705614123
9,3,4,9,10407,-354698805,-233987061,1377754430,1757791677,-1878201328,623476003
10,3,4,9,10407,-1119802047,2058612021,-142107210,825173295,164421139,-1008591748
1,4,4,9,10407,-1350074651,189163173,291433535,1030269621,-594762935,-2146349907
2,4,4,9,10407,136719460,1327071758,-1974046621,789899161,-156144364,-797232235
3,4,4,9,10407,460463711,-2067541357,-397892031,-778678528,-342554708,1564009658
4,4,4,9,10407,-2093748187,2010442834,209188140,-91815790,-302436106,-1898611695
5,4,4,9,10407,-346474786,173025756,-766416591,-1853762625,-216124670,-1609057706
6,4,4,9,10407,-1895789399,-843943937,852449106,2061671408,-1399921279,1414519091
7,4,4,9,10407,2136291804,-988167326,-166373728,-1915305829,1670149868,931708058
8,4,4,9,10407,-989239096,-938953360,1777510643,1623836542,-1247495281,219524269
9,4,4,9,10407,-1868671772,1705855642,-1539281560,-29832213,-1689163721,-168819555
10,4,4,9,10407,-970625063,-663593312,1816970581,1467867225,-1919044658,-247727567
1,5,4,9,10407,1214736181,-575354099,795453653,-87646990,1095814853,142604198
2,5,4,9,10407,-2004048291,-2074496312,-33049314,-1863776581,-725596263,1197103958
3,5,4,9,10407,1124725414,-1408608610,600995711,-241894490,-1646734389,781121496
4,5,4,9,10407,462672200,-1832011729,-1196744949,-2058181995,-1957216481,1656292294
5,5,4,9,10407,-1181710481,-1862094240,-478236311,-746235221,50883559,-809254021
6,5,4,9,10407,-332177983,179695701,-653835683,1088952123,702182163,-172173171
7,5,4,9,10407,1721154575,-1998577828,-2137312099,1746473051,-1343523681,-843601726
8,5,4,9,10407,-1900755645,-836890603,-886561901,1866278385,860215179,389840280
9,5,4,9,10407,1964174450,-1509006054,954759539,1213618919,-299593504,-1491402016
10,5,4,9,10407,-1365754134,683929227,-1533741818,595400011,584312375,-244828300
1,6,4,9,10407,-490581872,353453227,-39200027,552982898,1639890732,1436466165
2,6,4,9,10407,1822363998,657450360,1695694579,405410382,-1321422345,951311431
3,6,4,9,10407,1817563562,-1809790479,1209816210,1367622172,-1411556839,1327429721
4,6,4,9,10407,352695594,-1267532934,-1175892716,916068537,817730577,-1681907528
5,6,4,9,10407,-1198274083,-1923432676,533626888,917981815,-1101437553,39798716
6,6,4,9,10407,157346636,-978967307,1003472284,-1847119417,-985817670,45126047
7,6,4,9,10407,1629030801,-1326862836,1224198366,1205363976,-2076334312,-1699581412
8,6,4,9,10407,-579349468,-1054888569,-1987215284,-55617639,1663470338,595297337
9,6,4,9,10407,1297298593,1232262641,-822761,-1116047658,-1111381728,1267072632
10,6,4,9,10407,1138141073,2069728860,-1092476967,-354164098,-854294414,-776774359
1,7,4,9,10407,1473320636,1090328946,-1690682541,1132587469,1395214865,917987331
2,7,4,9,10407,-2032066525,1222111977,1881130864,100180877,820998198,1239002730
3,7,4,9,10407,1626839310,-1915651671,-1381010273,-1683209448,1830220161,-793561362
4,7,4,9,10407,1120804699,-183749147,1945201996,1033703992,-2108472567,-731565980
5,7,4,9,10407,-978414662,-1412398190,315826530,1143864035,368547280,1103301490
6,7,4,9,10407,-1141947429,1030199419,780644046,-1894437475,480053597,211763549
7,7,4,9,10407,256266351,-779505187,466993649,-634968854,210535144,1598815346
8,7,4,9,10407,588475126,-1645141159,40074146,-1030580188,-248236906,657913458
9,7,4,9,10407,-402670568,-1814255580,-1017064208,2112855092,782740377,1522707268
10,7,4,9,10407,-945281990,720576082,-510229902,-510762737,1894462907,1738172967
1,8,4,9,10407,1853770863,-2076596335,445416594,703241237,665507359,-1737367212
2,8,4,9,10407,9277551,1060085136,523502725,-362744564,783502139,1538591232
3,8,4,9,10407,-900779937,394707434,-1177940144,-551341446,-572949909,384395542
4,8,4,9,10407,437770739,1682378586,1074848646,-1654575935,-772053175,661929731
5,8,4,9,10407,-1065905643,1452138838,-127297424,1700230689,-1736739011,-2010809731
6,8,4,9,10407,-1824581272,-271917263,156921131,-763671832,-1670604943,1051432339
7,8,4,9,10407,124286485,1244400897,326624761,279450381,-1258969247,1973856916
8,8,4,9,10407,-310619232,-244746131,1720829310,-178447783,903885799,-421502027
9,8,4,9,10407,976101993,1264292667,1905456432,808718799,1788057841,-297261266
10,8,4,9,10407,1227769591,-970642821,-1735569194,-599476171,809287374,-1400605760
1,9,4,9,10407,-161087628,-1590180045,912547577,-1530978439,1515370039,-542369926
2,9,4,9,10407,1953135006,1420442777,-379860902,1170320704,-101221528,1288438975
3,9,4,9,10407,428509446,-1586421775,2090249523,-1465021132,456943567,-1538118503
4,9,4,9,10407,80994086,-551922788,-840659107,-1185094089,1476402842,-157306217
5,9,4,9,10407,-541995044,-251195172,-1032927657,350388427,939729739,1932543901
6,9,4,9,10407,267613689,-1350179569,1107624364,-850140345,-614355697,1150898822
7,9,4,9,10407,-606398194,-1632974225,-1179832597,-2100176515,-157246714,-1531969427
8,9,4,9,10407,-2048441100,-1610079820,-31984067,-442785535,-1637651162,-181792680
9,9,4,9,10407,-934322449,-1988936575,-1534760523,139482585,579263174,-1147209594
10,9,4,9,10407,-1906532769,-1024473778,428146582,-1303526142,-166673172,-577461986
1,10,4,9,10407,-1214652456,-1661946506,-1435163135,968421715,-106507925,-470909909
2,10,4,9,10407,228994326,-810029184,-761573671,413034226,1049554590,458487642
3,10,4,9,10407,215069748,1683074605,-910160165,1222560230,-1004367793,1363584566
4,10,4,9,10407,1061516448,-1369338715,438954969,-228544672,1656572825,211069258
5,10,4,9,10407,326579702,2101062618,-1929333906,98303470,1675597631,-2034170904
6,10,4,9,10407,-1639898223,2133979437,1773962022,-1266325750,1912169956,-2950696
7,10,4,9,10407,296462878,-942313706,-732264342,-1363588581,1400818994,-1449901867
8,10,4,9,10407,847332700,2025084200,-2140740448,1920257049,-52131448,1072908956
9,10,4,9,10407,1866371730,-246899387,-2094088283,-697767311,1716801318,1937939271
10,10,4,9,10407,294752411,547292509,-902436904,-2046216840,1269354230,-876450443
1,1,5,9,10407,-1860812181,1030440582,1933882563,1720172297,-902192504,-1033420830
2,1,5,9,10407,-1013748831,-268186450,1359060692,-585219087,-505866621,98979107
3,1,5,9,10407,2124241672,-1032647439,-950551836,1299308828,1361110612,1828449520
4,1,5,9,10407,540053825,1519974892,-1281359719,1330184664,-1843338820,-1713500159
5,1,5,9,10407,-235976606,-2098980780,-1993127939,-1564805721,-1607362458,1389902462
6,1,5,9,10407,-977384685,967563481,-1390861458,-2082051314,-760294586,-1828833339
7,1,5,9,10407,54354632,847313235,1795460593,-985528194,1317682902,-1515740359
8,1,5,9,10407,850012126,-216878148,-1404010156,982797157,-1285100124,-63016913
9,1,5,9,10407,-1735639609,-2114743751,131281328,-1321889415,1298883251,1672930862
10,1,5,9,10407,877817431,-1318558595,-1311659567,-1716871164,-696590843,750916619
1,2,5,9,10407,-2092412637,2112843699,-1681469849,-191515251,-1438408162,-302079123
2,2,5,9,10407,-579719456,84961822,-819894126,-925696887,-196550830,1700787810
3,2,5,9,10407,-431952489,-1892144170,812686553,-1181158740,-226840942,22122648
4,2,5,9,10407,1999639086,-334251204,-1742338829,-1614104919,-1407866809,2015477761
5,2,5,9,10407,-636905156,-1724182613,-1780244826,165461717,940283190,344016365
6,2,5,9,10407,1469996511,1042547966,673685278,-1504654690,1672558620,775909666
7,2,5,9,10407,-1006156643,1295285364,-209063127,1984375149,-1068748602,-1105877628
8,2,5,9,10407,1653210789,-1234498471,-1213590983,-1349354010,265654745,-907111619
9,2,5,9,10407,-1178633602,-219171321,-1073191849,983253452,630244253,-825048175
10,2,5,9,10407,222086844,1571348407,-189535500,892172539,2146059766,-1677497370
1,3,5,9,10407,942883853,1789037257,-41925922,-1284829253,29011134,562193476
2,3,5,9,10407,1457927020,-1655479476,1393036629,1751634182,-510499735,-1947102447
3,3,5,9,10407,-1660111714,-2108825507,-2118712726,1485819881,1419214387,-1131262746
4,3,5,9,10407,1132609149,1498403854,-601637319,-796737806,2118422332,-951702905
5,3,5,9,10407,1131666117,-918359813,-1025981672,-1000525917,647109085,2122756156
6,3,5,9,10407,-955127437,364250679,728699727,-1626464488,277583764,-1602610278
7,3,5,9,10407,-841410252,195974031,-843026358,-344992681,-195322009,950306515
8,3,5,9,10407,473947035,195047815,182959824,-1898807597,950639217,-1703556332
9,3,5,9,10407,-809110027,481744525,1839567628,917155279,-1309090959,976191858
10,3,5,9,10407,-349258751,-1104241570,525170680,-1131302164,-1386724607,1163179707
1,4,5,9,10407,694408420,2141037542,639050945,1208482497,-1822636550,-1760431257
2,4,5,9,10407,559341491,1478803539,840434237,382397907,-480974456,-181061690
3,4,5,9,10407,-1976659635,1834938467,446245777,-1557170844,-102126555,-267791957
4,4,5,9,10407,1548590030,1061987496,-1491432411,-1052736634,-1239697253,2127567427
5,4,5,9,10407,-1191633658,-1426395830,-2090465659,1838867640,2108269243,371386819
6,4,5,9,10407,-395205337,1126466767,1977771164,-401661530,-696753991,-1078001561
7,4,5,9,10407,-618412576,-548527977,-1581296827,-1526282599,300913360,240017044
8,4,5,9,10407,-742079917,1501966929,864728837,-1880037194,468542060,-1388403033
9,4,5,9,10407,-767113490,-2145009061,-1501223292,-133288050,801323921,1262507343
10,4,5,9,10407,-472274179,-1511865573,-1321080305,438194435,1006133467,549240248
1,5,5,9,10407,-1980621873,-1088687219,619227103,2030248259,-2067672572,313787931
2,5,5,9,10407,1155626483,-534164501,-705665068,1639163352,-1133524668,646485139
3,5,5,9,10407,-1666694571,1700483929,1886535320,-1782869734,302693224,-409616577
4,5,5,9,10407,-1392666901,-1736706239,975336496,462804754,-1556238223,1092836902
5,5,5,9,10407,257332707,1738024093,1757369549,103102502,184791604,-1035047745
6,5,5,9,10407,1028314828,-1031923400,1219562897,-445511164,-2126198586,-108396937
7,5,5,9,10407,1650651131,247650095,-1354382585,853187521,1086639520,-745229445
8,5,5,9,10407,1520465652,1116194875,864296297,-1608571568,-1294463100,-1260747110
9,5,5,9,10407,1430944691,336049786,-681645132,353377689,-553267022,-996790723
10,5,5,9,10407,1130917880,-1073604688,813673680,-311853109,172008145,223993086
1,6,5,9,10407,-1212033906,350359375,-1143077300,-1567224562,867315833,1915805940
2,6,5,9,10407,125668628,2043711149,1418333716,-75266416,2103853855,-1493481464
3,6,5,9,10407,1215921679,-1371903681,-1878934109,1298654864,-1078795837,-1711118603
4,6,5,9,10407,-2128468084,348654276,1280839551,-1121387325,117253640,949346011
5,6,5,9,10407,2036295518,482239003,-1978280425,964535476,-328849783,-767954966
6,6,5,9,10407,1539742886,1003466439,-21874232,356490239,1483309574,-167911780
7,6,5,9,10407,799580638,301362277,832584766,560937785,-500210326,-182465653
8,6,5,9,10407,975884223,508231957,737670642,302519653,285888640,1789868793
9,6,5,9,10407,-602268712,-937626206,463115806,1522116232,-1057590062,-378187008
10,6,5,9,10407,623842673,1821165345,794795232,-1706103013,-396636799,1873402243
1,7,5,9,10407,1257476124,-1345572775,-680486059,-1905238814,-222295345,-1858869628
2,7,5,9,10407,-1027629403,-559689494,-991315689,-1225497359,-435250297,449016441
3,7,5,9,10407,1197331552,-859007801,-678528577,1047246179,1270725452,-663330695
4,7,5,9,10407,-885370098,656303479,-270780148,-2008322030,1829119383,-207631245
5,7,5,9,10407,946675096,1592160429,-1005145267,-1468499195,1922344602,359214316
6,7,5,9,10407,-216954688,627895845,90600766,262810071,-431367933,-1731748970
7,7,5,9,10407,1504295997,-1560692357,-868069744,-1732836570,243765836,-2046180648
8,7,5,9,10407,215478112,2014538364,-1821361490,1262221770,1928763955,-1463936353
9,7,5,9,10407,-1284935559,327092547,-1723826648,-1407254269,139434595,281479080
10,7,5,9,10407,842971764,-1627199988,671109243,-1662023385,-1232009628,1466418648
1,8,5,9,10407,-361772585,153994447,2031703728,-584544338,-1055284817,-814629005
2,8,5,9,10407,88426911,-905803150,2096114862,1840655021,-602043555,-1407908554
3,8,5,9,10407,1316525862,-1827177887,-596653898,2077311583,-1389794685,737546694
4,8,5,9,10407,1967248546,1178586577,-106464571,1152920876,-1519264084,-1700536712
5,8,5,9,10407,-1170249282,1557685223,969794333,685286563,1809402561,1632798161
6,8,5,9,10407,1240262478,-238205395,210983181,-1998415840,-1671389087,1433409838
7,8,5,9,10407,526997895,-1409046979,492657628,-1306489463,22894739,-1609887748
8,8,5,9,10407,-657128508,1701417180,1132467915,1021570933,185498623,-1253912795
9,8,5,9,10407,-1753096210,-1547782894,-1073953922,-945527362,124663328,1138986046
10,8,5,9,10407,-131967526,942069306,579920046,-463279881,834427948,-1164529395
1,9,5,9,10407,-763203444,1264352311,1558080598,844564181,-1042112103,1977729752
2,9,5,9,10407,658021269,-534833323,-2033644694,-1766459792,-127133999,1241740433
3,9,5,9,10407,1037095510,1698834437,523469300,-1054324390,-1667988662,333324306
4,9,5,9,10407,-1311929274,-409832094,-821915707,121290995,-276945288,994651475
5,9,5,9,10407,953063225,-475963357,512891838,663973273,-290926573,-249856911
6,9,5,9,10407,-246973410,-1372242980,-1396895213,-1140453940,-1012335889,1073424091
7,9,5,9,10407,-33222448,1630875947,-1646677416,-839189273,-1127253866,-1532236370
8,9,5,9,10407,-1997929865,-584814225,553287626,-354073432,1119858299,-1955619411
9,9,5,9,10407,-785648615,-1556740384,39770715,393938565,-949077223,2134569913
10,9,5,9,10407,1858754185,-2064584660,-486497369,191670793,449399389,-1946724072
1,10,5,9,10407,-2098424241,641551770,654725288,1817175588,1718850588,-46185824
2,10,5,9,10407,-109476089,1319158119,1435199832,-547660083,-921416548,1321285165
3,10,5,9,10407,1917112298,658421529,1002271672,-1322311431,1736523421,-1052228912
4,10,5,9,10407,2029860750,-1324932888,-571000217,-78495428,-1697136741,18320537
5,10,5,9,10407,218884893,-1314183070,1294389677,-1809733349,209552137,397456021
6,10,5,9,10407,-1807883461,-131652591,-966094448,1468251627,371376324,-1187177949
7,10,5,9,10407,296903473,1893006427,-1010529180,432557119,1046354761,-1927871918
8,10,5,9,10407,-552269329,124978172,1347774615,-1222166461,-1519322581,785325750
9,10,5,9,10407,-1445768906,-365381873,-874827798,1538628710,-685642940,-7560347
10,10,5,9,10407,908936783,-1040817384,-1327144037,181445094,383268180,1900152320
1,1,0,10,10407,1263971159,1361676495,-71597785,-750475604,-1426776272,1921355210
2,1,0,10,10407,-306850028,-1084235362,-518399454,861653821,-813190652,756286367
3,1,0,10,10407,-807428177,-1097774326,1074911022,-1286815487,1732711781,-801208903
4,1,0,10,10407,784647883,-1236606422,-249638913,-485006809,1972323083,1203793669
5,1,0,10,10407,1396943308,-2079320391,-1218717171,1815295017,1383468943,1880242036
6,1,0,10,10407,-1705071010,132369183,-227337305,53301439,1296693551,1559482209
7,1,0,10,10407,-1083739761,-861276291,1251702736,-14708530,-145566735,-1175219002
8,1,0,10,10407,-490337218,1224616888,1755847078,217845907,-1962048140,1082047325
9,1,0,10,10407,720813338,1141807402,941033440,-188376648,-1292746802,-26338729
10,1,0,10,10407,-1770102982,-1357818997,-345517026,-1392839461,856228772,1095190147
1,2,0,10,10407,1064081355,-651133209,-464172551,-192616686,-628047270,-1439779420
2,2,0,10,10407,436450994,-544166724,-1369268851,950468617,-1077790719,2107655979
3,2,0,10,10407,-678180238,-776829595,-1992840358,-1985955521,1444712244,-53736068
4,2,0,10,10407,858808623,613022761,-749160129,1232178770,-1321467673,984725333
5,2,0,10,10407,-940068508,-983472247,893803926,266089363,1199192304,1892009396
6,2,0,10,10407,1122950615,893292307,225192192,1248915740,10076128,326538172
7,2,0,10,10407,1000549449,-569110195,-1426033657,-2111837954,-1500221017,-146232661
8,2,0,10,10407,1120762955,-1827475760,-277284534,-2038318088,-35658326,1821189558
9,2,0,10,10407,-720977572,-838330734,169001556,-297557401,-1379703313,69854474
10,2,0,10,10407,-1452247002,669816147,1522920218,794383876,346214774,1962004293
1,3,0,10,10407,907785475,-471163495,-131343548,1667266658,-2117850295,-708570715
2,3,0,10,10407,-2014827112,-1745173467,-411951403,-1815050329,-2056380585,-591362217
3,3,0,10,10407,-164954467,1208937315,-294357657,986133331,-480741761,1676255936
4,3,0,10,10407,1838811223,-394211681,1213835987,-1590542052,-1859614689,371805651
5,3,0,10,10407,-655888738,393494750,966348658,1976847692,763229533,899377854
6,3,0,10,10407,-1808063707,419519836,1258811906,-364223364,-505626601,1207693146
7,3,0,10,10407,1511015227,744135231,-607948046,-475973044,1730979980,1563802836
8,3,0,10,10407,-2095481956,780444933,-1008790029,1463577703,-978565651,-367434951
9,3,0,10,10407,1977092419,733635534,-229097096,142958276,902106604,-751961425
10,3,0,10,10407,-1083718559,2086659446,1436169579,1193544962,544247152,-1674415837
1,4,0,10,10407,1170757101,1368868521,1552841635,-118207151,-927891998,-124092183
2,4,0,10,10407,-1713884084,-266875085,-862170791,961258355,-2035950056,427086019
3,4,0,10,10407,-948526919,-1065927070,230957347,1942814454,-766174886,-835994499
4,4,0,10,10407,1364254625,1988995046,-2082495181,1300224363,-783073615,-964683943
5,4,0,10,10407,-267837377,-1327791830,1151133775,69125181,-1064406392,277690636
6,4,0,10,10407,297072832,-2071216749,886794261,798484664,-1183210695,-500682239
7,4,0,10,10407,1013110145,-1623073629,-263328950,-41263482,-2134513317,577079888
8,4,0,10,10407,739939824,-371533782,1663886160,961747643,-922019315,-231806189
9,4,0,10,10407,95669729,-1406012077,373363397,114315297,1275805794,1503853113
10,4,0,10,10407,1332484724,-2043662991,625492614,889819422,1901423813,-206381932
1,5,0,10,10407,-1887385637,161112947,-1368619524,1601025162,1665813437,2013035318
2,5,0,10,10407,543083662,1542526549,1791589241,167611455,-571776900,1620969873
3,5,0,10,10407,1561348207,1901544813,-1016069226,-1417057190,331661203,-863232817
4,5,0,10,10407,83369062,-1593501258,-660819160,1324034172,-411829506,-1861564574
5,5,0,10,10407,-57145532,-2104748773,-627923509,1473619985,1314956482,971271794
6,5,0,10,10407,-1869591338,1174533394,-1793618366,559461742,-886892899,1731509705
7,5,0,10,10407,724805905,1907803636,2093316216,-2106402879,-88158101,-208264488
8,5,0,10,10407,-1027380343,1714904485,905677943,-71934714,1490631184,-360138499
9,5,0,10,10407,1036419249,-1345160727,696596180,-338864762,-1347775486,-1774843875
10,5,0,10,10407,2136547060,-2050795125,-1747012370,-1782393473,53661651,-1392648612
1,6,0,10,10407,1977222469,1672214189,1738897521,1335502857,-1755709223,1485149697
2,6,0,10,10407,-1356290817,792889766,-1743922789,-1480351741,-59755092,606881129
3,6,0,10,10407,1986432423,2096940457,-31389910,1232694668,-902413154,-1168886535
4,6,0,10,10407,-1404904754,-2087669378,-57513469,1983143261,-2007573578,-1409168261
5,6,0,10,10407,-436930796,-1665483405,-1488320438,-576798410,1597696544,1582519820
6,6,0,10,10407,-1500200408,-32119196,-1533324647,1920345244,1911691039,-784691797
7,6,0,10,10407,-1705979135,2129650897,-1284751904,-169516025,-835516245,1015966398
8,6,0,10,10407,-507629779,-1506844846,-987816650,1676038405,-455161318,-1368562050
9,6,0,10,10407,2130233106,-1189968039,380726317,-2047378779,-1119356865,-623878721
10,6,0,10,10407,725595672,-862887346,-266655923,625889733,-1017258729,-362052764
1,7,0,10,10407,-1372763241,378708863,1855421268,-326847144,153252247,1332420535
2,7,0,10,10407,510304935,-144376298,1969062332,-381092758,2010740400,1016854308
3,7,0,10,10407,1983637180,-2052496041,-1176138116,-1623993841,1283249585,-330329645
4,7,0,10,10407,-1841980208,1147618712,1894526624,1821438156,-586672952,-355068289
5,7,0,10,10407,-1542951324,-1807062404,-1550204037,617877854,-1342748859,-1926903806
6,7,0,10,10407,269883084,-929271187,-1443234804,-629887851,-1729222466,-203110228
7,7,0,10,10407,-904843175,1294052456,1319940729,444410973,-216414387,-634956958
8,7,0,10,10407,1623146446,997496398,407567303,1455748433,1950059950,1289510685
9,7,0,10,10407,299672183,187867512,-1904655590,1832842499,-864203574,-1487679736
10,7,0,10,10407,-202619165,-1467227462,1665066186,1720161202,-613556451,858631032
1,8,0,10,10407,277262571,1659308749,-1271238699,-346303560,984004084,-1342618970
2,8,0,10,10407,712868394,982132785,1941633091,1859076524,2116251529,442246778
3,8,0,10,10407,1149355377,400304207,-234430508,1125304782,1424197098,517458963
4,8,0,10,10407,-398946221,929907415,704348245,1244306591,-944660868,-176834541
5,8,0,10,10407,1264852325,1816564788,-940443320,-806676609,-929266583,1201108252
6,8,0,10,10407,582456929,-1087897216,760051120,-290315781,-61943655,1849339081
7,8,0,10,10407,1623103913,-1565211503,-146362901,1333019951,621434744,-89131942
8,8,0,10,10407,706086366,976901672,1745532631,426064966,664796743,1650413975
9,8,0,10,10407,415599468,-628090756,-1899704955,-1388058009,-379331026,-836856569
10,8,0,10,10407,1511833980,-1775819718,-9036992,2140352895,-537122225,-2145337602
1,9,0,10,10407,877346845,2136774841,-1698282672,493115083,1815886873,-1536097909
2,9,0,10,10407,737495539,2135213764,1683916197,1530623044,1431400149,1830590922
3,9,0,10,10407,-2034261693,-2119295435,766752201,2020840765,-356842779,-1188638918
4,9,0,10,10407,1068429818,837737507,401620770,-1596279738,-1801765486,-1291145314
5,9,0,10,10407,1007513416,1020313411,-923089966,-1787863682,1923244951,-311083891
6,9,0,10,10407,1261711654,1930869061,-1237128673,-1074548385,-202380379,722033342
7,9,0,10,10407,-1994320125,1933947017,1498117939,-16351253,1795906460,-2048852465
8,9,0,10,10407,-1279607486,715851008,1610716640,260568281,-696478212,-836197606
9,9,0,10,10407,1277784412,2115020128,893320872,828736466,-1742796115,-1583038185
10,9,0,10,10407,-458807092,-1110502288,-2065269258,-1908190681,-858531687,1303464796
1,10,0,10,10407,-577597309,830753182,1608571331,-196748341,814292355,-188171647
2,10,0,10,10407,-1841718513,985133964,-1911420408,-360955896,-51789587,-1346634246
3,10,0,10,10407,625487310,-305298379,-436078052,-321586606,18342778,-1860870944
4,10,0,10,10407,-1330587688,697051077,1006026949,-1809811824,-1361141780,-540610704
5,10,0,10,10407,-1567994042,505264472,1826493719,-1880301252,1522730621,-535841172
6,10,0,10,10407,-2075255916,-934543430,-1168813390,-2138253248,-973586679,354646310
7,10,0,10,10407,-1087006677,-846792849,822011355,-217420430,215447343,-507543114
8,10,0,10,10407,112308708,2142250503,813667392,539111539,984507726,-1993036531
9,10,0,10,10407,-1300481258,823250935,2025403044,-399471862,304277090,-576006319
10,10,0,10,10407,-1984356460,169479867,1270270367,-1200043636,-2053031457,-1530883277
1,1,1,10,10407,1362204556,-209079522,-835374398,937292911,-1060610213,-386395316
2,1,1,10,10407,-883359100,623777570,-171157157,-558561591,724289497,-650940084
3,1,1,10,10407,-1799911782,1831717175,547095949,-1606046403,282568696,-33580888
4,1,1,10,10407,-727316690,-531798005,1705087389,-1812662031,1706167879,-414308470
5,1,1,10,10407,49336685,1902063084,-1839276119,1025072058,-541418917,695533010
6,1,1,10,10407,-786605176,811130208,-1255970928,1151482458,1035470590,-1457056296
7,1,1,10,10407,-1130790298,-1866223192,-413471004,1825126337,427238527,-1732776942
8,1,1,10,10407,-725508054,613379595,1856225840,2122338801,-2111597205,-530818272
9,1,1,10,10407,-527631600,-1989317284,-1310327959,-732208530,-419498100,997375933
10,1,1,10,10407,203508933,142896475,970361353,-698830095,2125484893,922944164
1,2,1,10,10407,-791649486,-1782454039,-417728547,1442221519,2000559458,1491654574
2,2,1,10,10407,1726906204,-483766462,656513221,-1409662913,-186807998,1981694367
3,2,1,10,10407,-623579659,689932069,-1977500495,-2043130306,380092500,-1845469582
4,2,1,10,10407,-542212862,1355893811,36439846,-327574202,-1440545711,-589118396
5,2,1,10,10407,1767372338,305430616,1254917153,-120330962,-174882097,-1228192218
6,2,1,10,10407,1235411367,-1762025502,1253503355,-1238045822,45330071,95359559
7,2,1,10,10407,1980430161,-85559978,1839809507,1209101398,1522859734,1723889648
8,2,1,10,10407,1519582469,126555618,1980328223,-1233055017,-209050050,580429408
9,2,1,10,10407,387178142,-1857062475,1393912082,-392826673,-1367885801,1668331578
10,2,1,10,10407,-186102897,-627338099,1026627100,-1229385180,401032796,-179710103
1,3,1,10,10407,920119822,269849506,-1160070553,1690022173,383915040,-1940470036
2,3,1,10,10407,1105936763,1540102,886821546,17367671,1519779727,-22850644
3,3,1,10,10407,-1502863602,1553925756,-349721849,-1906861290,-1368196983,1419793781
4,3,1,10,10407,1517949823,216597160,889786218,-705524820,-62310061,-475433168
5,3,1,10,10407,-1196136067,1480530480,343460266,-526019167,1519153937,-664544812
6,3,1,10,10407,695019335,234061212,-355891127,175227618,1693603503,1992875508
7,3,1,10,10407,1910901672,67854688,2073215246,447074940,-437984980,-1943386815
8,3,1,10,10407,-724408383,960721055,1553215253,-62969941,-1424213978,-1633036290
9,3,1,10,10407,1650614306,1816827405,808530687,1851616082,1823646844,-228687065
10,3,1,10,10407,1379720794,1712832015,2021050709,1633065000,1592388054,865919489
1,4,1,10,10407,-431515447,808274859,122576945,-166168744,172127512,1420600665
2,4,1,10,10407,451250811,-1333844571,-1248573443,-1933389959,1459952730,357664802
3,4,1,10,10407,198163437,1678771372,549627039,-781586596,-675524538,-1961889441
4,4,1,10,10407,-2011833900,527266528,1379370739,-117431566,-1872603387,1769758132
5,4,1,10,10407,1233974338,83121876,327719590,1874470220,-1203237391,-1072973256
6,4,1,10,10407,1397139298,-135150333,-1087306775,628205678,1975951307,-808611942
7,4,1,10,10407,1497172969,1689558475,-1167711173,633560339,-1749130713,-598095983
8,4,1,10,10407,-37259494,-1978363622,1964786137,-1008282099,-68134744,1845708341
9,4,1,10,10407,544377546,-207547079,18720999,-73127748,-822989982,-1746143088
10,4,1,10,10407,-570868231,-847536262,88305498,-171942560,-1761694818,532265210
1,5,1,10,10407,1858215494,-1764724355,-141971161,-332945896,1415946956,1348643557
2,5,1,10,10407,-1204281060,-75394943,182147026,1962938400,-790395721,887528404
3,5,1,10,10407,1605545156,2115713068,2067233320,1333291443,1284393082,698635526
4,5,1,10,10407,-351664182,-1188059401,-1414310670,145093655,-1878947027,-759615752
5,5,1,10,10407,-1820351448,-1478578525,-1368316946,-134601119,108673652,612394653
6,5,1,10,10407,-1273300309,242016206,1556659382,401421196,1657443723,-1363376302
7,5,1,10,10407,1662309737,838967066,1330152208,-499082347,-1211370382,-1829050687
8,5,1,10,10407,-421492039,1198865067,1174686535,-2080468612,-158816655,-448021686
9,5,1,10,10407,797350711,-628261346,2096032830,1238135254,1363630290,705968761
10,5,1,10,10407,-1595859524,108079842,28743565,-974032995,1053486673,-1665232498
1,6,1,10,10407,1639348812,1820072747,1453087152,-534275072,-50706942,-1189392963
2,6,1,10,10407,-1968071385,761416414,2015519043,-25140510,1891410022,-728613711
3,6,1,10,10407,432143218,828060563,1257635312,-934830126,1539728276,625122632
4,6,1,10,10407,-1229641325,72468616,-956332462,551654818,-1853715500,-1392209390
5,6,1,10,10407,26517300,746687069,642577423,-1309513034,-239347153,65877915
6,6,1,10,10407,-1464584765,1480373512,1395391998,859651485,-804892357,1284801160
7,6,1,10,10407,-1394752930,-964903203,1110532767,-1808534705,-1404027375,-356716158
8,6,1,10,10407,-1063583133,570497163,708606516,2014143234,159259557,-1015441474
9,6,1,10,10407,1313593619,911660965,1360872394,760752842,639754827,-1796271081
10,6,1,10,10407,-1997697832,740863827,-1223239756,1373734663,-574297286,330991947
1,7,1,10,10407,-631865630,546104176,414278319,177408514,-1854219609,-1066801174
2,7,1,10,10407,1315576976,1860699428,-1176616693,-627981217,-762458202,1880759368
3,7,1,10,10407,16532234,-1238502992,-4361432,1106473526,992180230,-1170869334
4,7,1,10,10407,-940508114,-1749783087,1812438442,409148645,-2146822176,879428133
5,7,1,10,10407,242210509,984854310,1245459394,-1752938001,-1489174067,-855300624
6,7,1,10,10407,-321916559,-1743053186,467970832,-1168840985,1897500587,1191377652
7,7,1,10,10407,735004658,320098445,1185173565,-360946998,-221127978,1590802756
8,7,1,10,10407,760724485,1414110509,1040963572,2023214977,1377538615,-1059358852
9,7,1,10,10407,2133925677,321960152,2031756120,827271839,-1404276058,1631096432
10,7,1,10,10407,1547756803,-1091556462,-1698330851,1847563079,2069828374,-2094554147
1,8,1,10,10407,229211981,-138839765,344751114,-251940702,-308463666,-1026322211
2,8,1,10,10407,-1040040151,1729627620,282450555,827030209,1356206861,-1264397189
3,8,1,10,10407,1364131863,-213937840,1906449536,1484871194,735978437,-636818874
4,8,1,10,10407,-219635665,1709951289,2023147367,1688022315,428879219,-1388274128
5,8,1,10,10407,830575174,-1751757517,-1697869935,1043087052,1873216572,-1474703902
6,8,1,10,10407,1433298842,-1414012266,-2017833801,-55676552,450753202,1009401787
7,8,1,10,10407,264251588,574661331,-367476232,1643107846,-382813378,-577327811
8,8,1,10,10407,-1843339179,-1389555818,-532863268,755101060,1323181431,259098713
9,8,1,10,10407,110448689,-2037724499,-1888710932,-2005820684,-406187532,-871260027
10,8,1,10,10407,-1543568835,-450955842,2064861232,999996124,-1948122608,-1804473150
1,9,1,10,10407,-141862604,458106190,-107023705,285362118,-1181255362,587492111
2,9,1,10,10407,445794659,-404081185,1578700135,-1938223851,-737336430,1901743061
3,9,1,10,10407,1240571822,-77854128,1663494370,1441541128,-785605051,-1720824723
4,9,1,10,10407,1295157574,131866308,2108076646,-649778016,487369840,-345415794
5,9,1,10,10407,-1522950907,1383815419,-1052982161,-1051291062,-1075830649,2130368247
6,9,1,10,10407,-1872315704,-542626948,346092502,-1783622151,1666630987,1443965040
7,9,1,10,10407,739439507,726223336,1618146125,-2041035412,-1545083510,1284872772
8,9,1,10,10407,492829945,-1525652866,-1894590641,-1612041193,-1099549208,-668776636
9,9,1,10,10407,-1265666622,1096594343,1680818973,1889622791,943619801,1307219207
10,9,1,10,10407,434815290,82698832,635687625,-642423221,1001577217,-1655562654
1,10,1,10,10407,585355231,-1316973903,-1662433373,446484394,1608090647,1330620694
2,10,1,10,10407,-274845585,-840707696,-1839291473,1753157202,-659733218,-2101351658
3,10,1,10,10407,-1404921604,-30424913,1374226277,431712341,-1176405269,-1836724781
4,10,1,10,10407,-194463708,511306105,-81095424,1411470119,-704354928,657022399
5,10,1,10,10407,653871020,-1596559784,718497669,1647195270,893775295,-253553676
6,10,1,10,10407,101164484,538613125,-320704589,-1092984099,-429453789,1299853281
7,10,1,10,10407,1477022323,637746863,296873473,-1018303510,-1251405351,-93818550
8,10,1,10,10407,118520513,-97308604,1680670056,-176700800,1865883984,1333366215
9,10,1,10,10407,-1584422004,-1788630872,-243960926,787998062,-307234681,-2059365765
10,10,1,10,10407,2016486421,603887463,1049095642,1607496491,1476402549,-607035750
1,1,2,10,10407,220364017,1462061447,-1669766578,-1721827256,-1382968678,1804227215
2,1,2,10,10407,-1915969326,-778084076,856442554,232995895,-1400004028,406574180
3,1,2,10,10407,-103403051,1803980314,-1935960126,-1229591103,1203550390,-1944377731
4,1,2,10,10407,-240049749,-1896160850,-54314429,1379057794,-1702979196,-1436590066
5,1,2,10,10407,678914322,91079240,1597531911,1557443113,-372914198,363385017
6,1,2,10,10407,1544202783,949640902,-445835235,1328895225,1325331488,-1248472501
7,1,2,10,10407,286683867,-2122068482,-98689184,1466190045,-1747044,-1709627684
8,1,2,10,10407,-658857375,1524626458,1696240190,2111190934,-861922951,-2104587624
9,1,2,10,10407,-322099548,-1267867822,1758162948,-1039829302,1040088487,-1730862848
10,1,2,10,10407,-675140542,-2004302596,-1865139471,1450473004,361375259,-1021407118
1,2,2,10,10407,1989521829,-114380444,502605179,-1135538286,1606573537,-2136867603
2,2,2,10,10407,-1748409264,-1498699415,1533967225,-1962832963,1591727538,-1821209441
3,2,2,10,10407,154987437,275457795,373777971,633989618,1897186116,-708044748
4,2,2,10,10407,-599014915,-1591536647,-465112120,-1155567122,1424465396,-89504639
5,2,2,10,10407,-1033773996,-1898825587,-675490855,-1558393419,-537551242,-243557224
6,2,2,10,10407,1090329512,-284215539,-11314531,-1085464844,-1415586842,-2086866485
7,2,2,10,10407,2118145191,-784094759,628021568,-2105990709,-303215822,170164226
8,2,2,10,10407,-2132530217,-2127415900,-574878869,150307163,287015229,995795527
9,2,2,10,10407,-851053141,-1628283606,-12130409,1407775091,826100300,-1902553692
10,2,2,10,10407,523310649,2039365116,-1150801112,1658035898,-468515550,2005031897
1,3,2,10,10407,727275880,725792115,762941033,-140279264,1797148443,1575806124
2,3,2,10,10407,-328724414,-1540669085,-500797698,279621538,1065959208,305097469
3,3,2,10,10407,-745908022,-805564984,686619963,740130801,-167863615,1068596538
4,3,2,10,10407,-1172182602,262464147,-544166502,-74117037,-1645729738,1393931711
5,3,2,10,10407,-1325930712,-2138400742,-2054213012,1538079411,-174604247,-268283062
6,3,2,10,10407,-1807197919,-1103588703,-1446181828,-1623836722,-768456077,-2033724728
7,3,2,10,10407,-1302819996,1587083740,-1760761511,1227761438,585628608,-1048748986
8,3,2,10,10407,65490896,1025725054,1379473377,-315373583,1388581238,-854087503
9,3,2,10,10407,-770437960,-1643013491,660244655,103385478,1713943113,-1149919782
10,3,2,10,10407,1679113592,1250109617,591461199,1142996141,-198507633,-699136220
1,4,2,10,10407,-748268791,523537593,1365247800,337267576,-2102925117,1887829459
2,4,2,10,10407,446593387,1124150567,-2121171184,-1694250008,1971100161,2062309226
3,4,2,10,10407,-316777888,2091681825,64728298,-1732523754,-676437529,-1350847054
4,4,2,10,10407,930459814,86202208,-936232395,-1999439632,115785763,-544865276
5,4,2,10,10407,-1836647479,-772311392,2123111393,-496698963,-621401300,-578528559
6,4,2,10,10407,-1423466783,426663865,381887470,-2090832730,100901042,-1429837750
7,4,2,10,10407,-1179938217,2099539548,962975384,1956736016,-553146750,1852363377
8,4,2,10,10407,-1782922313,-337057341,759016774,-1287077162,-370997628,507004019
9,4,2,10,10407,841685496,1127177252,-472951414,-1393513514,1612321920,-1665219014
10,4,2,10,10407,-1723168187,1352469914,-161038464,-464773739,1373703407,-1192040083
1,5,2,10,10407,842559378,-89516633,632328117,-450372411,-2027431168,-874385894
2,5,2,10,10407,-1323461970,1692580519,-13638238,1678898281,251538020,-31637555
3,5,2,10,10407,-786524787,-2013529578,-1974619537,716118373,-1673589884,-1114050660
4,5,2,10,10407,-1956149375,1808524058,1186973523,-494350884,1285531036,1009805994
5,5,2,10,10407,100011873,61741081,1078525535,-603300488,1829901569,153240641
6,5,2,10,10407,400673298,-607998121,-1704971578,380534356,1278393317,803614960
7,5,2,10,10407,-836108468,2065615279,1281712914,1553521266,-1464324837,-706393635
8,5,2,10,10407,1752375846,-1043243639,-1087404359,1102375508,2071413851,917223872
9,5,2,10,10407,-1796378111,1087492081,492542534,-1911861871,657699902,-714962356
10,5,2,10,10407,-432106272,-446004200,1195310974,338750518,767977097,-1663446701
1,6,2,10,10407,1027540443,1130313858,-418696834,-1901413420,-200072975,-451490206
2,6,2,10,10407,-534359335,688699656,472666637,-1372428056,-1023961163,1066746758
3,6,2,10,10407,-2006797034,-1582230288,-748848534,-1984225318,504263367,1276280348
4,6,2,10,10407,-38692396,1630941505,703518651,1168943462,1644645626,623486798
5,6,2,10,10407,-531715534,-337868346,884941179,42584328,358527412,800269974
6,6,2,10,10407,1464537494,-1750392421,-163248500,1019625238,365582842,175510642
7,6,2,10,10407,-612233555,-109071495,317472905,-872362616,-240845112,-1429548421
8,6,2,10,10407,-348766450,2067735689,61636191,1783194239,1267307179,1926398546
9,6,2,10,10407,-1993387176,-195458159,-1770365659,-795509738,-1196852914,931162047
10,6,2,10,10407,-1839702167,-913325379,-2117958204,1295505294,-1631325720,-856102249
1,7,2,10,10407,-1810178683,714056959,-780572632,-1929355405,378133202,1113042778
2,7,2,10,10407,-1528727008,2037726730,1571952503,-1760081565,-1756480879,718475437
3,7,2,10,10407,-874294215,639615620,146141852,-1394890807,-1247903929,-1067667335
4,7,2,10,10407,-214915962,-654910981,1241127469,1534730256,354228230,1775587501
5,7,2,10,10407,-458926285,-188314412,-1678856674,798833484,1338048503,895407150
6,7,2,10,10407,-1521981338,-1615310628,228025945,1821007165,-1854136684,-874902202
7,7,2,10,10407,-1264400492,1899282383,-1257863445,-663059367,-1969384141,-1438345487
8,7,2,10,10407,1021738356,-1107650033,-1556228838,-385342979,-1906344280,1966441150
9,7,2,10,10407,2078173526,-407777351,-1709350264,-1681306726,1559982134,1609695875
10,7,2,10,10407,-593216128,-1058526147,1256916465,-89723211,305914317,-2085345484
1,8,2,10,10407,-887110848,1594999292,113387767,-599694961,49596429,568342943
2,8,2,10,10407,-1455686881,315889947,1769930763,846235164,-500959083,2044647276
3,8,2,10,10407,67184490,-1592237823,2129266912,1681797877,1754828802,-480835946
4,8,2,10,10407,450879610,-884451166,508700836,-2105782045,2106374621,1262593021
5,8,2,10,10407,-344478513,-742385306,916706720,-750228237,-2141510873,-596257239
6,8,2,10,10407,33036984,-1405572795,-1500779635,1216659577,1418200146,-1406528964
7,8,2,10,10407,-1283899906,-64677939,1468668897,-1754957769,1961568406,-2038156776
8,8,2,10,10407,273301181,-1235588232,1171992723,739057988,532570487,1155380105
9,8,2,10,10407,-437405572,-303245678,-520594205,2131622156,1581798504,462803104
10,8,2,10,10407,-1339374490,1254597276,1877700937,-565928889,1289160290,1375541926
1,9,2,10,10407,-1207589326,1371463136,756542502,2142586712,1148100851,-2109254125
2,9,2,10,10407,146386187,1591594157,68379036,1626838405,-1351174037,80297653
3,9,2,10,10407,355778865,-1817536143,2111862708,-1215658001,-1259520330,332687127
4,9,2,10,10407,-19553334,1474897307,222708044,-1034010893,462012827,450293135
5,9,2,10,10407,1649587824,-196422210,-1509427945,-1019119534,1301699231,-1049149277
6,9,2,10,10407,-35548665,1309349656,-1671122336,1071736771,1292975297,378594711
7,9,2,10,10407,-1554523100,-104615427,278058896,-570809080,447993424,-114121727
8,9,2,10,10407,1074038921,574722791,-788482308,1742406625,241257757,709988040
9,9,2,10,10407,2119452942,-1116055201,-542958299,-1611325392,848866440,-3036435
10,9,2,10,10407,1197514955,-1457015027,290541675,1454272019,1716909186,-1694211819
1,10,2,10,10407,1461686417,527583631,-557720319,-262059403,1715843446,1767349932
2,10,2,10,10407,2068467202,1683564979,-1599645892,-542735,-2114748398,1687364370
3,10,2,10,10407,-101431564,-1830301634,-713546362,-370253616,-502183264,978640210
4,10,2,10,10407,-1193722414,-1152334273,428785116,-1609964695,1941834993,-858919544
5,10,2,10,10407,364827693,1666030971,783208735,-548315261,-2136468015,-1112529449
6,10,2,10,10407,1940035974,1506085762,855127539,1201673504,-1205141755,1034146339
7,10,2,10,10407,-1268234075,2022783333,-135992193,1169166240,1511743233,906613206
8,10,2,10,10407,-858524713,-1195698036,-1344503574,321014104,1856403222,1598974893
9,10,2,10,10407,1051555301,-790643305,2143391884,-814846830,1114183475,213168814
10,10,2,10,10407,-804064722,1197782365,-327349149,1587319563,229391922,1722180629
1,1,3,10,10407,1453208057,-822068191,1534284683,1721380820,27931490,2089340286
2,1,3,10,10407,44016707,-1073660165,1453853251,1745905596,-2036587982,652122295
3,1,3,10,10407,1301251021,1942565646,-698741095,997810684,1467219554,1384331938
4,1,3,10,10407,1997539058,1863419704,-927790031,-465597934,349882433,-496311381
5,1,3,10,10407,1841213619,-656665119,-1392032158,990026300,722289319,-2082877254
6,1,3,10,10407,-599208303,-1876813354,-1033396294,-1556087283,2053619767,121511939
7,1,3,10,10407,760831543,773070892,-1409904641,430390075,1828687586,1952805911
8,1,3,10,10407,577772689,-1515888017,-936884394,-867764736,-171613626,-1386087610
9,1,3,10,10407,508134748,1877220719,-1313317467,-379167489,-273939143,-690452724
10,1,3,10,10407,-530392268,1163875675,1335404109,871421778,-1842530877,755251389
1,2,3,10,10407,-617673211,-2037252329,74872492,234048705,2058215434,-1877824302
2,2,3,10,10407,1054875772,-224213791,129737365,-1719691515,1701404322,-22145824
3,2,3,10,10407,-375663301,941727808,751879888,-1157834089,-1857677284,2030503224
4,2,3,10,10407,-1054645892,-1940112027,-1495085251,-1073064505,-330025185,1054276741
5,2,3,10,10407,1704119559,-605307944,97615198,353555426,1054939759,456370807
6,2,3,10,10407,1823919978,-1883912250,-1541576641,1006584459,919563662,1929082240
7,2,3,10,10407,-1703688864,-519302914,2029224162,706172894,687407195,-688152614
8,2,3,10,10407,-95988938,-2014885925,-2008338583,-393555178,-75162808,1277538293
9,2,3,10,10407,1906496013,-662667181,-839713751,101376130,-131074665,836563387
10,2,3,10,10407,566677619,1183422222,576890797,-433693278,1747495854,2022746004
1,3,3,10,10407,-1505125421,-744046948,-409964510,1681387212,-145940564,-1006217244
2,3,3,10,10407,1238782090,1544122616,897915440,679693675,1673765756,1591921530
3,3,3,10,10407,1933609477,-159950394,1372964782,-787502133,-490453791,1071983533
4,3,3,10,10407,-1151657713,-275035112,-1611111579,1248556839,308244531,-369588534
5,3,3,10,10407,-545579201,-1057802900,189431892,-332591364,142041893,-705755175
6,3,3,10,10407,-1833955125,-481943838,1926079912,-1374221478,1673379546,17490457
7,3,3,10,10407,1376674657,-643653780,-736470519,-2009296654,1705373433,-336816355
8,3,3,10,10407,527126985,-1480307068,1800997653,1533892655,-1547927424,1989716193
9,3,3,10,10407,-1696962477,-1780970351,-164119927,-768224468,189852946,356734307
10,3,3,10,10407,-2048258424,-185855847,463668578,-1719130078,-131683605,1726512683
1,4,3,10,10407,-2061176223,-1750333274,1087139573,-1776724796,-1305461704,1832055141
2,4,3,10,10407,-1410091189,641862931,894568855,38469389,-1322796838,2128541063
3,4,3,10,10407,-677973345,-205119838,-196000679,-889426557,815441010,589453772
4,4,3,10,10407,1718089817,497995521,-430262994,-555688381,-1861671462,24533004
5,4,3,10,10407,203691408,825032756,1021925810,-2087963991,-370517083,-170989816
6,4,3,10,10407,1736886027,-1169935143,-1574656287,-851612896,1223632980,2030509987
7,4,3,10,10407,-2118267943,-1752746277,690171409,1065911591,-1604947063,-1983054012
8,4,3,10,10407,-237268485,1062146008,-162038562,520473903,-1017643735,-1041037212
9,4,3,10,10407,1333722754,-419699008,-1771429645,-1132367467,342909830,886051211
10,4,3,10,10407,-529909697,972077551,-225093191,-1784000322,832821766,-817314425
1,5,3,10,10407,-1086927210,-1428105508,1443398654,-1527990447,1877551463,1921653823
2,5,3,10,10407,44254441,-1811825651,960233704,-105817244,1412974768,-344432454
3,5,3,10,10407,1235230209,292503925,2087901415,684620296,1083453195,-1992026648
4,5,3,10,10407,-2127064171,882671852,1132951470,1469442774,-1257399923,980516267
5,5,3,10,10407,316405323,1018544246,-1048332522,860805393,1928209465,-410588728
6,5,3,10,10407,1366929971,1404042701,-811062623,-992862225,-117588193,-1508981735
7,5,3,10,10407,745467585,-1889659783,1400508379,423551452,-487305039,372387646
8,5,3,10,10407,-2133042911,657705910,1461304995,1376028501,-365210780,-1959571651
9,5,3,10,10407,-976441353,-2127836529,371880540,-516607431,1587830047,-1443397637
10,5,3,10,10407,-780821378,-933050417,1341477881,-667761198,-1223342674,658345815
1,6,3,10,10407,-2097360884,-2078807319,2141537919,-1126400942,1899306335,1952759322
2,6,3,10,10407,364161459,1158748670,946715028,727297556,-1153221100,600576608
3,6,3,10,10407,1454546775,-1779272477,862522562,-2105459820,588297001,-1806040208
4,6,3,10,10407,-68774922,-799533070,1523773890,-1037224610,347069081,1729929700
5,6,3,10,10407,1797304243,-1574707812,-1104049509,1997386817,1479798964,-952457430
6,6,3,10,10407,1085673842,843482289,402006121,482533492,292595931,-855824910
7,6,3,10,10407,1544392192,1710705743,-662604638,-1504419514,-493305056,-2019051343
8,6,3,10,10407,-1868375316,-1125943990,-1593093511,1333446416,532384291,2100887320
9,6,3,10,10407,1573911425,-1423547335,1910002721,-1976154350,1944690586,-1827447458
10,6,3,10,10407,-703570245,1384302499,-1138446281,1344744471,-419138239,991997383
1,7,3,10,10407,1293105653,-406983702,-207333077,1485147634,-2048937223,-1435034874
2,7,3,10,10407,-563532169,-530630589,1058553350,-464952232,2067149926,1346448595
3,7,3,10,10407,1091593483,-524772838,1087771697,1035231220,-964137578,-502119075
4,7,3,10,10407,-16129840,-2135107752,-968176254,325637581,158667197,-1987288396
5,7,3,10,10407,1081257298,-1656860425,-1361366529,-840742500,952021759,1994458258
6,7,3,10,10407,1528003610,1852292334,-2078935347,-1519995710,-755284819,-1577385847
7,7,3,10,10407,1474776346,-1605388630,-842647850,893715243,-112902775,-1802803945
8,7,3,10,10407,-182248446,-69020751,-998355781,-1238105459,417416347,1365933020
9,7,3,10,10407,-1932028461,-1612325929,1964058734,-2145467696,-2098679156,1436559103
10,7,3,10,10407,851928411,-36139055,-852181904,-820334616,2120196823,1581838264
1,8,3,10,10407,-148573139,-794496405,635899848,-722492095,-1067586797,572375069
2,8,3,10,10407,81462914,161602616,338321255,-1489482748,-1142335836,566486954
3,8,3,10,10407,-467492336,1754822976,454694910,-2002821726,1125468410,220009920
4,8,3,10,10407,445327938,1871751705,-1760563001,-442607053,-209353177,-1785632948
5,8,3,10,10407,423084245,-1574845261,1038197050,-313159649,1170262777,1780377526
6,8,3,10,10407,-124262164,-1874780555,-267492949,311125477,-710376811,1751171489
7,8,3,10,10407,-161959203,-1571136817,-1500098077,-1039790757,-1049145838,-1492029467
8,8,3,10,10407,-2003529095,88820648,1748715872,432091434,1171283308,854205361
9,8,3,10,10407,-157991034,-1801902798,1583925236,-2119857659,-407983814,1389872463
10,8,3,10,10407,407385093,-1930118066,1993798881,-478538659,545476665,110501455
1,9,3,10,10407,-676604453,-922947825,-1949017201,-895633222,2076627621,-1644039157
2,9,3,10,10407,2116589744,-1946130609,1643227498,1274952295,-61669744,513323050
3,9,3,10,10407,1133138197,-1462768157,1485558298,920005075,124058474,-1137646353
4,9,3,10,10407,1871767637,1918694183,1227274398,941008060,2066974940,193414962
5,9,3,10,10407,-785446808,-1662801976,50128949,1072277745,1602483768,-1746908625
6,9,3,10,10407,62711654,1001841927,1117794076,-2001769337,1532090974,1144592207
7,9,3,10,10407,-872646472,-811320308,1522630015,1796845951,-1243751935,727547939
8,9,3,10,10407,-163044558,1835002673,1218745397,-1051413244,-690241642,-799319864
9,9,3,10,10407,-1005710676,-683928792,1701780761,-679607210,58870688,1742357031
10,9,3,10,10407,-654362324,-114639074,-1662828830,1916478085,-420524832,-2145386644
1,10,3,10,10407,866295114,961882751,-391252133,197516512,2041630554,-2125065442
2,10,3,10,10407,476793596,228704639,-1324096146,-1246599669,-1261746751,1348857667
3,10,3,10,10407,735320358,-493888317,-1519419703,-683216433,-1344967266,817590618
4,10,3,10,10407,-126628495,-1494054424,1965186901,1323446855,-1763050562,-273979638
5,10,3,10,10407,-1365519723,-1271417478,-1098599228,-1565400909,1958108795,745036262
6,10,3,10,10407,571906744,-1781550622,1780107421,720651306,-833430838,-213175738
7,10,3,10,10407,-204320515,1304330326,823240928,1802478537,-1250861994,341147953
8,10,3,10,10407,-2016468282,1124678702,1560369470,1431695788,1885326428,948982905
9,10,3,10,10407,483587795,395782036,-1223726744,467207722,525337249,1400316952
10,10,3,10,10407,1646519320,-1162491424,-3090748,2099289143,254411452,842207816
1,1,4,10,10407,1958805837,1554488734,-1145708010,-1423091203,1403258211,-1509457695
2,1,4,10,10407,1388141760,-360806198,337314043,883514929,1573778523,-256753937
3,1,4,10,10407,-1977830437,-1630207156,1950833906,-1631179237,1210230989,395218377
4,1,4,10,10407,1660296470,1971945044,-1918714890,2134933744,470503328,-2095068300
5,1,4,10,10407,1141696800,-292235311,-239736904,1709212751,510632486,-387574135
6,1,4,10,10407,1764744445,-145916584,-1534817393,1359029036,-1450541977,860902167
7,1,4,10,10407,-1712834675,1241664623,-973159935,-24577289,-382193132,-1108480772
8,1,4,10,10407,-1575820057,88291864,-608418252,-572393444,-1497032285,-130275137
9,1,4,10,10407,1003357743,702050362,2116389159,-106066258,-1103554546,471468021
10,1,4,10,10407,-594341517,-1917203411,-574108857,-507990938,-1987231961,-590284833
1,2,4,10,10407,1185029623,1147184846,-39302302,967045172,-379111399,-1127394730
2,2,4,10,10407,-487950788,-1296659160,-199137056,693908919,1784088022,1946013762
3,2,4,10,10407,-277557330,-246006589,-115987135,-1564453705,-2007946002,-2089525404
4,2,4,10,10407,-1606386167,-20267989,-1038109286,-1342500049,-783916992,-1634986751
5,2,4,10,10407,-284372345,-507270303,580752587,-1857292813,-328864231,1807626207
6,2,4,10,10407,33719649,81816121,1737714680,-464637093,-10473369,1358750414
7,2,4,10,10407,-365096284,889052649,-449422665,-902303272,146242964,814385369
8,2,4,10,10407,-1014652894,739583754,317893461,211902670,-1533952916,1300611660
9,2,4,10,10407,-1416588613,138428236,853568515,727740978,-766658021,1917346840
10,2,4,10,10407,345326710,1067972534,-272475737,-55314517,1261537876,910650165
1,3,4,10,10407,-2064381491,145391751,1363597274,-1372552201,-905514545,-1057309151
2,3,4,10,10407,-886842806,-1247574844,1059937179,278958277,1374019716,1113413185
3,3,4,10,10407,-834969531,681239794,1841521843,-1041861078,-1950923160,-118108434
4,3,4,10,10407,444820931,-1856489573,1008266945,1520826556,-58093841,-1316989215
5,3,4,10,10407,-664105880,103868461,176188688,-456633398,-801132083,454027406
6,3,4,10,10407,-1068562985,797577012,99283447,-1834303521,493356960,1835586122
7,3,4,10,10407,-426398462,-1445016795,1794502965,152601083,-756783285,2033214845
8,3,4,10,10407,51279147,-1583091997,-1495532050,-1578136919,1270157674,-1508978423
9,3,4,10,10407,-430729846,-1631489647,-463716667,804541248,-1605283537,-322566781
10,3,4,10,10407,-1171494127,-853200013,1884035747,2075783489,1390458352,-349933913
1,4,4,10,10407,-612790066,1973952813,613338473,-109165876,286414094,432363662
2,4,4,10,10407,-1475869846,320315437,-303666171,-639814496,1226244051,1321025150
3,4,4,10,10407,-753071900,329887708,1426769946,64906596,-322317740,-1749441562
4,4,4,10,10407,-631502446,-1062191430,-1027738272,1966040856,545541059,776496421
5,4,4,10,10407,1573254007,1680832813,2144721504,-504135338,2094188365,-1373479204
6,4,4,10,10407,1586297268,515643097,-1406672261,-881218372,-1129748852,1848915960
7,4,4,10,10407,-849735884,1677550828,1824930431,-2145953072,1755741427,-924230671
8,4,4,10,10407,-1759110086,655756036,-1935291934,-1560363074,-1003817962,1901367858
9,4,4,10,10407,-1063346780,1886432845,724450794,1141471438,-1920157883,-1686253665
10,4,4,10,10407,201989757,-1016976769,294616142,501529032,1502993461,1222239132
1,5,4,10,10407,-578029636,-1964134769,-674153828,487652431,259275706,2063093030
2,5,4,10,10407,-2039706580,1969899736,-2037546929,2135107517,1340947241,1060075475
3,5,4,10,10407,1830372745,-1411496976,-1152568575,-367716247,1820650334,1633885067
4,5,4,10,10407,1161409664,2061788541,49311275,1697679293,-1763605657,1703268803
5,5,4,10,10407,-1439046856,1016054083,-1052955975,200340899,-810000013,2040639618
6,5,4,10,10407,-71287832,-1683706905,1881236357,246713057,1970773611,-1142089856
7,5,4,10,10407,-1376795720,-720200208,-1450179481,-288749027,-347805485,76198131
8,5,4,10,10407,-804646768,-88769205,881616769,1306791392,-995870608,820469479
9,5,4,10,10407,2087686020,1473616495,-2017024983,921194618,-165739352,-624877928
10,5,4,10,10407,1657764820,-1756127463,-1348324775,1589403827,1889898014,-736844337
1,6,4,10,10407,823686237,-1422241472,1959006269,-792362970,44339939,-1803914384
2,6,4,10,10407,-1794150848,-1397079482,-185145587,1467515367,1965972722,-1338009885
3,6,4,10,10407,124181358,-984394166,-189697782,-1707674663,1451397459,35534533
4,6,4,10,10407,851743398,-1958139892,266477426,-127960903,1492674155,-593306431
5,6,4,10,10407,-1027227520,-1578815211,-643423336,-2132068688,227004192,-224838165
6,6,4,10,10407,1859338971,971252714,616749795,-1158863972,1220510329,2011727355
7,6,4,10,10407,-1026868266,293221917,1877385504,-369564865,-1544954671,1464451308
8,6,4,10,10407,-37836816,1170942108,-436161626,-1989223124,451767136,-393998277
9,6,4,10,10407,2092004987,-183858739,-828439412,344833020,1081446290,165679073
10,6,4,10,10407,644764541,1554277014,419186842,-363040562,-525825734,1505173341
1,7,4,10,10407,-674775643,-139275415,1544482763,-392731902,126697524,784497892
2,7,4,10,10407,-1703451652,-1932752569,22529724,-1069475247,1845823681,1140357540
3,7,4,10,10407,1503849148,904247683,-580806747,1515571837,-1255957838,817190562
4,7,4,10,10407,2047022166,-1135962137,250098015,-1586573028,844789718,1484340493
5,7,4,10,10407,1947839213,453758777,1355476180,329089885,1831560343,-437525359
6,7,4,10,10407,-171420293,-1205766893,-246548981,2001741507,1400278357,-1103872072
7,7,4,10,10407,1943391347,-2118692507,1156784733,521267019,1009697395,-346993899
8,7,4,10,10407,1466587266,-220207546,1932536737,-1520081497,-698355370,-735541019
9,7,4,10,10407,-1124846401,1780295178,544335278,1419545911,86609737,74524110
10,7,4,10,10407,2017068426,870058511,326583467,-70983317,305692649,657206288
1,8,4,10,10407,-1476552446,198225044,1388617989,254276922,-572327333,908913347
2,8,4,10,10407,-1600608385,-918140300,-964120312,-455912645,260115440,777312234
3,8,4,10,10407,-2117366969,1178752796,-1529432686,1732046878,-1681104414,-1233064047
4,8,4,10,10407,-507640526,1087233549,954549855,772951359,929642731,137480183
5,8,4,10,10407,950269439,43871950,-2021584233,2096301446,-1918654177,763727727
6,8,4,10,10407,892349492,570853247,1384302329,-1775577694,-320101053,-1659024224
7,8,4,10,10407,2022380226,-1315780883,-1597710822,1371429980,-984450633,-654540022
8,8,4,10,10407,-1896240855,127547793,337423800,-1245800319,-1742029499,-964473887
9,8,4,10,10407,-5762757,1995247282,1473556688,977192694,-1586032579,1111848
10,8,4,10,10407,1275386688,-1096549212,-988280556,1330560123,1532666117,-247751732
1,9,4,10,10407,-682731128,-924752071,1448983939,382341394,731614282,-2060171428
2,9,4,10,10407,164306828,1044245507,-780339985,1825453596,-595421162,-1448022016
3,9,4,10,10407,-467174884,737700151,55122633,1994099028,-1222019866,-1566898367
4,9,4,10,10407,-2071944725,1882780395,911064692,-1560044685,1147252106,2028062371
5,9,4,10,10407,-719621652,-1146286329,2061203197,-398949740,-1266312962,677082978
6,9,4,10,10407,-1985379725,-1930449482,1052466130,-1714136321,-834163590,-2095595752
7,9,4,10,10407,-1157376553,-881851402,478156927,900068748,1650240354,-2031775714
8,9,4,10,10407,1793217817,2035054937,-589683335,1060884953,80939762,-891771043
9,9,4,10,10407,-2085035727,-1936884690,-659406183,-1674386444,-83340901,1080676956
10,9,4,10,10407,-771023009,-169300626,352648838,320669377,2028611779,1904452249
1,10,4,10,10407,-714431545,850587237,-1116064231,-264888237,-216357520,1003115769
2,10,4,10,10407,862121716,-1010683654,-90221665,1487160917,-132969306,1391106888
3,10,4,10,10407,842778488,1788970900,1786992427,-1762941733,-1289372106,1236772885
4,10,4,10,10407,305063516,1177493084,96465804,-1372387422,893026589,958719921
5,10,4,10,10407,81556033,1313416450,166294255,-47315097,1527773991,872349345
6,10,4,10,10407,-1495723356,-1960090798,-27602602,-440305832,-783553878,-1723536236
7,10,4,10,10407,-1768793778,-1710825837,1650368326,-1771130952,1351169837,-1120444983
8,10,4,10,10407,734699387,-1942408466,1539923267,46338630,-1824222809,796120124
9,10,4,10,10407,100819817,285615876,2100297346,-2031493645,1979458149,2102201091
10,10,4,10,10407,1811855429,400851801,1572981279,-1324685962,-1812276229,-1958905879
1,1,5,10,10407,-763763206,2098740786,-758874087,-303948381,-273523292,-726818889
2,1,5,10,10407,1601695097,-690275511,-433600912,1700094250,-1437568970,-204101293
3,1,5,10,10407,322188706,-1991410036,748174541,-259907258,1693870803,-633286328
4,1,5,10,10407,-1295259041,-1847894865,2085051505,-1523709616,53951156,-1452887000
5,1,5,10,10407,2088335750,-1764562851,-1278939486,910511056,-3182098,1416630638
6,1,5,10,10407,1870320812,1912145273,-104564710,-450693822,-2037620020,1665666839
7,1,5,10,10407,112558532,1239582044,1848285470,1421788736,1330865093,-1212946544
8,1,5,10,10407,1412924077,276191593,770606820,1631844560,-1150614864,-1772656427
9,1,5,10,10407,-1686327281,-1105384851,466409533,-1677553480,-517904807,912385007
10,1,5,10,10407,-1428871767,161243690,1840045509,-870813853,-1837520323,904712432
1,2,5,10,10407,1637864425,-807456539,566414216,-2036893584,2071348474,1055294289
2,2,5,10,10407,-942092668,-465360404,1167628134,-434719023,548425531,1251134101
3,2,5,10,10407,691995002,1952675551,955943285,291888865,-1087732211,1427162293
4,2,5,10,10407,-957536619,843778677,-548061422,-746399724,290405028,-1376521212
5,2,5,10,10407,1041490203,1766490,-1710423351,-169104690,1013131477,-1841182791
6,2,5,10,10407,-922169565,649251134,1915366349,-803398642,87863731,-1428913149
7,2,5,10,10407,816328183,366836112,-1025162166,-1308393791,1892765957,973303876
8,2,5,10,10407,463854848,-349220172,-1392906889,-79855716,296616715,3213614
9,2,5,10,10407,-19131781,1494457288,98884083,1451249877,-552163564,566791538
10,2,5,10,10407,-585742534,1376986425,-585302032,713443658,-975223954,-1560255115
1,3,5,10,10407,-751654376,-1763726904,65293950,968597302,-925662755,-1904179530
2,3,5,10,10407,656691279,-1673863716,-1690542846,290535419,2071521199,325364899
3,3,5,10,10407,-892523050,1082890029,-1290595165,261496573,1335705388,1847553854
4,3,5,10,10407,-381736553,-1615465534,1971974449,1189317629,1080114651,-1033694520
5,3,5,10,10407,32965179,-1056724147,1267493102,-970233544,1974795329,-1626895101
6,3,5,10,10407,-1650486148,-1117899556,456267452,-793109575,-1071414625,894100728
7,3,5,10,10407,-1175693787,-1128719646,401489835,-1612847368,-137124140,-1709335580
8,3,5,10,10407,1908691929,264308396,66738769,-2072271500,909555976,-1194485901
9,3,5,10,10407,-638967220,-778174991,1207473783,-1715196507,1855327055,420473773
10,3,5,10,10407,-1893021744,-1275745754,-1626451058,-1112184465,-829334038,1196951465
1,4,5,10,10407,1920503459,-1062709262,1212685617,695489076,-1887333412,-1814552064
2,4,5,10,10407,-1749666224,-466680481,70841258,1040836517,-1175485693,1808748111
3,4,5,10,10407,-1653464027,-1095108691,2120939289,-1594726284,245091273,352132936
4,4,5,10,10407,984106090,536626426,1698348254,-754977520,387782503,-1409998301
5,4,5,10,10407,1839618603,-1651847726,899197841,-1230381779,1697475004,-1659956133
6,4,5,10,10407,99230185,467068158,859562910,2134489993,-1892535319,-1657417393
7,4,5,10,10407,1549671514,370510313,-75110438,162549820,1364449131,-716448445
8,4,5,10,10407,790323001,-895799188,1189206045,1460246288,1304600665,1463025867
9,4,5,10,10407,-1591408284,-1310463514,-543332014,-252928552,816600256,561154739
10,4,5,10,10407,-1760926372,1636740833,1514963490,1630077732,-970137927,524381080
1,5,5,10,10407,-238152064,-1417588717,-1352164695,-786404403,239893609,568498703
2,5,5,10,10407,1296340687,-715981787,1295708469,-1972271298,-1049198026,-695211277
3,5,5,10,10407,1799648313,513732362,830029199,-61957769,1442996806,66675552
4,5,5,10,10407,-228923326,1557397735,1460885428,-838469930,-589343291,1507386595
5,5,5,10,10407,-626124167,42407976,938659234,-1634767665,1040594113,-1419145685
6,5,5,10,10407,1217169388,1193787631,887781651,1636938364,958217123,657332960
7,5,5,10,10407,826339772,-81945439,-91617932,924855352,789696504,-1084422876
8,5,5,10,10407,-817799040,618953606,-728633850,-224181113,13861382,-1906171538
9,5,5,10,10407,727281949,880913334,69719644,1218183061,-261604556,1060768195
10,5,5,10,10407,1958098547,893469062,-2095506494,1460020803,1770239315,933301689
1,6,5,10,10407,-1387884335,-1988714863,1014316304,-684244171,839842297,-1271237828
2,6,5,10,10407,-1499436819,-15561307,530677862,-687189378,2002718717,-240874290
3,6,5,10,10407,1591564341,873288380,-177873526,1470265205,77362573,812219146
4,6,5,10,10407,-916412685,829367780,-1379139629,-322863645,-1168009072,323574462
5,6,5,10,10407,1475234575,1861197119,-1601068177,466608993,-1492520027,2062828412
6,6,5,10,10407,-156768626,1601140157,-1300112763,1409992573,1501642075,162743573
7,6,5,10,10407,674895868,80803115,-1833431199,-163253903,-31304741,851091848
8,6,5,10,10407,-268408838,-1490019295,-421231590,1628170933,-1866891896,1064076920
9,6,5,10,10407,-766273658,1015537523,-2010737217,-199850420,1568710517,-1277871787
10,6,5,10,10407,1885086507,-1812203308,995561688,1734987737,-711946358,-678201089
1,7,5,10,10407,607515135,-579845061,-2053389186,1747487488,-1928022481,-672009850
2,7,5,10,10407,-2070726948,1450617202,1870078786,599967126,-1077015696,-198159745
3,7,5,10,10407,-44497019,2076097746,-689901793,-660146748,2074280295,-1463519170
4,7,5,10,10407,-1719998028,-875974708,2071981504,1773215261,-431354073,265797971
5,7,5,10,10407,858968542,70763666,-1243542219,-1863469739,-1061179972,-1943305620
6,7,5,10,10407,-68811450,1798732916,1412143986,-610130205,-1867384831,936724910
7,7,5,10,10407,-1010554260,1384048537,-1970873740,347487758,-1251476085,1778029031
8,7,5,10,10407,899461334,-1511170739,208708934,2113114982,1946183281,-1691950805
9,7,5,10,10407,-1856382620,-516358988,1283486487,1686313399,667957388,1729342155
10,7,5,10,10407,-1325343076,-1714794321,360958129,-1227955472,-792312214,280442636
1,8,5,10,10407,-1599371310,1470035852,-1686778512,2136397326,-1834863329,-608122922
2,8,5,10,10407,-159552919,542153248,9532327,1875066027,-509821589,761016563
3,8,5,10,10407,851070323,415325978,-169396306,116961598,615659235,-1897299544
4,8,5,10,10407,-1653549952,1060191560,424145255,-1684202817,-1731794322,-686764059
5,8,5,10,10407,-1654624294,-1503443756,-833826332,-482490718,-481682370,1831089116
6,8,5,10,10407,779534884,2116255723,-677214166,-1320043821,-2051888666,-556872408
7,8,5,10,10407,-577153027,-280886858,2082682463,-524238655,-256232915,-786001734
8,8,5,10,10407,-1933850873,1139691514,-1082352386,2019316237,-1630566332,366840358
9,8,5,10,10407,217370916,-1624684759,-2006318815,-662046749,702990038,-1663147413
10,8,5,10,10407,-337148367,-1572196795,322919617,272886461,534466658,1469132869
1,9,5,10,10407,325092262,-1786527333,2091782365,-274270870,22284607,-1035424739
2,9,5,10,10407,-734535804,-228040962,1673862708,-1929535537,-499007160,1510506008
3,9,5,10,10407,649089893,-446460916,1503922776,1006687850,815254357,628876676
4,9,5,10,10407,-1763529143,-41165426,-992431450,1604696848,-1579119519,-431458974
5,9,5,10,10407,1396177346,-559426946,-121748938,-540571594,1609412367,-1767811434
6,9,5,10,10407,1556058155,1481322947,-1374949587,522244508,641353436,1230903898
7,9,5,10,10407,1676112424,151592763,-1754610858,1525145074,-2097023528,2004660588
8,9,5,10,10407,-157391326,-1171536113,1699440193,1134522210,1908895013,1839620238
9,9,5,10,10407,-1085560575,-1490990288,-1992837363,-720296001,-654247170,1892311243
10,9,5,10,10407,756131484,-479832960,-335618305,-1449677645,1735724677,1701770504
1,10,5,10,10407,878479142,754880724,-1280829681,-132601574,1652346102,-519992452
2,10,5,10,10407,-1691789636,475152294,-1076888703,-789689539,-1149806944,1357046691
3,10,5,10,10407,22468029,-19505925,-249185722,-252581795,1334256216,-1486403787
4,10,5,10,10407,1665085090,90919967,-1274070219,-236874097,-2035608843,571913911
5,10,5,10,10407,1918679456,-1170303833,655058483,152590779,-1040250081,-1691242096
6,10,5,10,10407,1224749063,-1892075597,78362972,-2056497215,1965778679,-75910335
7,10,5,10,10407,1861514189,-1637095371,1319254731,129598819,500571569,-344769198
8,10,5,10,10407,-377796301,-170682341,-1947411519,-2145061334,1704145609,1563478742
9,10,5,10,10407,-1794328314,-1786272497,1266589021,-432802672,-646333675,-369391873
10,10,5,10,10407,363299386,-1441523596,-1741552902,389809281,-1525648126,-243351944
