"ialpha","ibeta","ifold","irep","seed1","seed2","seed3","seed4","seed5","seed6","seed7"
1,1,0,1,10407,654482784,-59382303,217481774,1748014295,2068650796,-1035207107
2,1,0,1,10407,574736058,-1764446907,1465369997,-975212806,-499115757,-721572347
3,1,0,1,10407,-682887063,566781970,-1933117131,964586864,-1647262330,-883456509
4,1,0,1,10407,-240200554,262585505,-100612700,112070945,1351532481,-1422187257
5,1,0,1,10407,-278516273,830158586,1296262333,1203780477,57922797,-1358892596
6,1,0,1,10407,649476458,427105974,-1898985246,-757199583,-246883411,1474379233
7,1,0,1,10407,1390378237,685276338,-1704685556,-1656069584,-874198111,-1010168030
8,1,0,1,10407,1400311690,905119972,1230645576,-2142664852,213437122,-59718209
9,1,0,1,10407,1259075337,1146938078,1450024579,960536589,1931064570,-1713459601
10,1,0,1,10407,1242003165,-1949668196,-1213002071,81401905,-1669695524,-350255205
1,2,0,1,10407,1102592263,1351338936,1648619638,-2010412260,1400157341,1655847982
2,2,0,1,10407,-433134468,239146640,-731945936,-211745701,-523354307,326310789
3,2,0,1,10407,-475302293,-994971759,-785449076,-311493685,999721126,-852884034
4,2,0,1,10407,-942084948,-1458411766,1515817666,-680757809,-549277585,1941429229
5,2,0,1,10407,1971192763,1423904990,271837555,298936200,-55869194,-1131069609
6,2,0,1,10407,-2119591749,832530274,1321723052,-596876487,-450998631,-268050033
7,2,0,1,10407,-472420382,-690424004,-877340700,-1331521932,-1197565728,-177405423
8,2,0,1,10407,-291060028,-1602314863,1595656076,-1806561987,-88247789,-1886248459
9,2,0,1,10407,-254037288,-266971868,-1119724246,1619967069,1527478275,1953476087
10,2,0,1,10407,886207579,1105317587,785063732,-1904152365,2091816997,-2098035541
1,3,0,1,10407,732752920,-1463304305,-51851039,1053466445,344192237,251921129
2,3,0,1,10407,1577777884,-119511611,-1423766993,-2109614332,1095479982,-2133766930
3,3,0,1,10407,990109003,937037029,-158849268,-693742469,-483481985,-546458126
4,3,0,1,10407,-1047106969,879252994,840115053,-1074953143,-2137072619,-729370564
5,3,0,1,10407,88414075,1739632376,-31498368,-1618929693,-2136631376,1053866834
6,3,0,1,10407,-876291753,-1829231196,1892816272,-1848108538,-349885608,-2035598640
7,3,0,1,10407,259618717,-2082797750,287285811,-1181360517,1616399869,1989070455
8,3,0,1,10407,-1195954351,-1924528218,453330615,-1359353811,-814878479,395303188
9,3,0,1,10407,-720851909,-1520041243,-1660841430,-1977450903,-2092041689,1482076007
10,3,0,1,10407,-648203881,-683994405,977356512,-341354736,1940581541,-1051755914
1,4,0,1,10407,121000776,-135411859,-876936951,1313437555,-1450447771,26477361
2,4,0,1,10407,-994371213,-221150358,1856507466,106666653,156622877,413363119
3,4,0,1,10407,-1415593781,-618169161,-1345334839,-1904447080,-109409534,-929026152
4,4,0,1,10407,833269011,-2125411228,598795805,-2103763988,12574577,-1342173221
5,4,0,1,10407,1752029234,689500079,-562504263,-149715278,-168012285,-1626457364
6,4,0,1,10407,-957562675,-933508508,-678071134,-1421461973,470162174,1519578899
7,4,0,1,10407,918739298,-844883715,-864501873,223718740,-128062129,-899148312
8,4,0,1,10407,1205167406,-658358166,-1962791936,730884396,-1377900508,-2030559711
9,4,0,1,10407,1288831598,1223676536,1837583166,-1574923191,1468091950,1513014502
10,4,0,1,10407,-466697767,98839953,1391500253,-379047202,-1114359110,1652713847
1,5,0,1,10407,260210742,1747597986,57919801,1003803267,-538320119,-629192655
2,5,0,1,10407,-2118146230,1021588661,-1229679464,-820066218,1582290090,1755897831
3,5,0,1,10407,-1198606382,-712296253,-1698880237,619224194,2040440500,1599167859
4,5,0,1,10407,-234719627,2122444477,1881854959,231716783,1419850444,464799187
5,5,0,1,10407,3272013,1325764195,-1876103067,-180823383,366181688,-318394655
6,5,0,1,10407,-1684277786,-1291263553,-1751129776,942263605,-2011283511,475443330
7,5,0,1,10407,1134933967,1852540001,-679245143,-1267834125,559368452,-1071156788
8,5,0,1,10407,1884627906,-659269682,-1521203384,-209863065,1213020043,-475576091
9,5,0,1,10407,-187705894,-1397786022,-547403187,1094470082,-140747586,-1344227107
10,5,0,1,10407,-2040979677,583594996,-156807857,-917489273,-1894705133,1027285627
1,6,0,1,10407,-1087267370,-1578366666,1275898464,1899989434,1623801866,-1593550332
2,6,0,1,10407,-1009966059,-485307039,-1737371844,154910088,-568362876,-916700998
3,6,0,1,10407,394079270,-676399971,-52048997,-616099639,921236095,-391946112
4,6,0,1,10407,340580339,1356600260,1447091250,1597938712,1051040426,263141188
5,6,0,1,10407,647948387,349012260,93636135,-1332968082,1733539999,-768600314
6,6,0,1,10407,1429040730,172548386,373335806,-1199760050,-983635336,963297741
7,6,0,1,10407,1518428723,753321999,-1662062959,-736015097,1301973829,176324650
8,6,0,1,10407,1524308721,2104013426,-482147680,377801920,129991387,764463457
9,6,0,1,10407,890271091,-622626580,1517951080,1491226594,296675860,-363276038
10,6,0,1,10407,891249742,-809481449,1808729815,-513168321,-41868159,472578682
1,7,0,1,10407,-685226220,1115251859,-703879544,588737788,1345534918,1878400008
2,7,0,1,10407,-472385876,-935483927,1006482653,1932715310,635832144,-504655073
3,7,0,1,10407,1239549894,-881503392,-1479500353,-494465742,-1123266136,545281163
4,7,0,1,10407,-749187257,-1335498375,-1615927197,-497640094,1862147863,-2078571408
5,7,0,1,10407,-708816769,-1699240142,-202214838,-1133644052,282908313,-1464326759
6,7,0,1,10407,138779653,-1819029633,-1831661971,202465395,1368971993,-1368266546
7,7,0,1,10407,434043520,1632356152,-1094925325,1265852417,425386364,-1043101732
8,7,0,1,10407,-16128929,-1937579979,-1942131901,405305806,272817347,-1948226529
9,7,0,1,10407,1660300212,-1978409622,1690107641,-622382880,-2035051751,1266864719
10,7,0,1,10407,-245150648,-1310496106,34988046,-1911311162,1907161740,705697613
1,8,0,1,10407,134301403,-704207802,-737765910,741586412,-1507710439,383644942
2,8,0,1,10407,-1824732430,1178943584,-1010134769,1057464671,-1542036536,-1222789037
3,8,0,1,10407,1320637999,2080280752,-1685850989,-396690095,719942421,1101115323
4,8,0,1,10407,-2081226564,757441715,-1525455449,562757726,875805300,1672285237
5,8,0,1,10407,-1676242438,-1457696857,-1938091175,-1179299032,1400064237,-441233238
6,8,0,1,10407,1589439442,218087750,539526630,-1097656180,225903766,1474226994
7,8,0,1,10407,94966082,-1386015868,1529352087,221772221,-2094528130,98120808
8,8,0,1,10407,639698919,1302011420,958206547,-362603062,-49425414,673682673
9,8,0,1,10407,-1868973291,-2127463122,808417841,-936033462,-935245874,2092958349
10,8,0,1,10407,-826661439,1929149397,-1451047200,645809434,-1034716451,-1127675751
1,9,0,1,10407,2095565102,1081421259,1994501854,-575097697,238701967,1801811469
2,9,0,1,10407,-65342444,2025778601,-1391957166,1796615257,-1620279903,97068038
3,9,0,1,10407,510195054,-1194472153,-14157355,-1520586404,-1831093174,-1394389173
4,9,0,1,10407,1818329266,1314931048,1649414408,-1005261197,826557605,653488652
5,9,0,1,10407,-1056299141,942916996,-380738591,-70129236,2087844986,-1032145588
6,9,0,1,10407,-2128411504,1017882792,-576532389,242134935,-423782302,-1166546034
7,9,0,1,10407,1599855505,965087982,1751803005,-194100406,-1629118910,-1189547530
8,9,0,1,10407,-111909791,-515424190,1962047512,33549498,170141302,-671842846
9,9,0,1,10407,-274543778,1751195687,-1464488333,-1009415443,-1061578563,-1028826992
10,9,0,1,10407,-1723450124,644759675,1255824569,1307246481,-72589300,-2008674084
1,10,0,1,10407,432797542,1687925141,1785921807,2025932599,-1100050884,857336749
2,10,0,1,10407,-1866692671,-195085617,111445070,1542061886,870199656,-884528534
3,10,0,1,10407,-1204274872,1457342917,98161474,-614667524,-1117942309,1898751848
4,10,0,1,10407,-116557723,-552659544,-901693672,-2075256316,-666533102,1089914392
5,10,0,1,10407,-176105541,90919808,-1827141028,-529342364,-1309451826,931104443
6,10,0,1,10407,1087050505,925660109,763379883,-499570600,507217638,1170776420
7,10,0,1,10407,-34799395,-405246575,-1186346565,1263561972,-1517917651,1700410847
8,10,0,1,10407,-262214847,-1470634001,-1098758294,82570286,-2133273421,-1688830577
9,10,0,1,10407,918180553,216868036,-306456280,724989391,592535286,-1022031074
10,10,0,1,10407,-833381203,1654496396,799325165,-1336299676,-2061775169,-338780203
1,1,1,1,10407,-47260439,-1207033740,941971878,-2081113072,299564714,-1502606909
2,1,1,1,10407,-847875575,-1476691259,-92661950,1828230531,-1820795571,-1991044821
3,1,1,1,10407,-724889741,-664737271,-527498473,-1709894986,-1098353203,-1140374571
4,1,1,1,10407,-1511685524,-1134926473,238752006,-1127649680,1075527983,-1128668533
5,1,1,1,10407,81505298,795818109,-79006483,1616420634,614003712,-1972682897
6,1,1,1,10407,1837708825,-428447912,-1774984692,827216083,-1205526081,1669361162
7,1,1,1,10407,-733318880,1388204696,1611285177,433076056,2028626092,-489892547
8,1,1,1,10407,-1171855726,-78758272,-1023223439,-398439632,270819359,2023008573
9,1,1,1,10407,725518735,401486114,1530936761,703455963,734016049,740514889
10,1,1,1,10407,1791399152,-1379628509,-813315877,-2147069852,1288405518,1780369888
1,2,1,1,10407,-2142384972,-1223663326,-1976736044,1800282825,-1474409617,-1211763050
2,2,1,1,10407,2078771553,-543287122,-1292336394,-131493259,383249334,-555009369
3,2,1,1,10407,494319711,-975483583,-1739069729,-1903221607,-58337702,1816968913
4,2,1,1,10407,-218953425,705727652,-1934495531,-1630971728,-575531203,489103594
5,2,1,1,10407,-1174301316,1735385865,125731375,1978725848,349325460,2028502515
6,2,1,1,10407,1273982633,1423398404,-199348598,2061596524,-374596579,-1059426163
7,2,1,1,10407,617020112,971949051,1709942568,1934668197,1493339386,636910068
8,2,1,1,10407,-418239575,710042078,-1978072421,180159426,-1819613054,-736931064
9,2,1,1,10407,941105976,-1960495733,-787907682,-2117244402,-1136368329,-15775369
10,2,1,1,10407,-736033990,-977687815,1603837025,1656388416,-1989703178,1697901643
1,3,1,1,10407,-1999218442,-140689395,-2030562046,2104896058,1839376606,-1881425696
2,3,1,1,10407,-934305611,-1973780027,-942919052,-1806939352,-1744786651,1750043136
3,3,1,1,10407,1625652883,-1376131458,-1502197558,2083335111,-628743941,-1284506316
4,3,1,1,10407,-998369019,365514483,-1191576122,-779276206,-447133034,2141834119
5,3,1,1,10407,1645637800,-1422590,-1379977275,-563243341,-1106717591,-410181290
6,3,1,1,10407,1154963115,1403363556,1963165995,1737049705,-624360058,-1788771703
7,3,1,1,10407,-1950006417,-1026406863,-1444125336,-1593084706,-1868759492,-839218661
8,3,1,1,10407,798763706,1314816875,2005900277,-1997677566,-1939941546,-859489172
9,3,1,1,10407,-1978458377,-622635138,1248080614,1302378053,1507879129,-1849718595
10,3,1,1,10407,810836635,-1469859648,-1938616182,-1800310346,1528040518,-47481814
1,4,1,1,10407,1459576333,568825464,-1936183509,-2096992943,-1486804774,1455599305
2,4,1,1,10407,635928433,243260160,1290406816,-1122182807,947290620,463016688
3,4,1,1,10407,-2010470493,653175769,1935158074,1743878561,-1884566493,1168079020
4,4,1,1,10407,-362481614,-2059873937,291685253,-1608351104,-1867704186,342481672
5,4,1,1,10407,1043771027,1472945203,1625172267,1757845442,-255275777,-820184614
6,4,1,1,10407,188223134,919714023,-964495959,177346688,-1068817331,-1928540580
7,4,1,1,10407,699811550,1734996969,1305753045,1927932471,1204509575,-313331757
8,4,1,1,10407,-932525821,-1248920089,-1919339891,-535490674,-599204939,-3583925
9,4,1,1,10407,642642773,-402351243,-47929116,-443863902,1533031799,2114936464
10,4,1,1,10407,840648543,1514592770,-1444013798,1129580786,868768044,-1934234351
1,5,1,1,10407,-1759177125,-525291021,227403795,1845332671,420227993,-686279702
2,5,1,1,10407,-185288477,-1646510181,-1439947655,-1392551321,-1145547550,1305292729
3,5,1,1,10407,1303423299,863255020,-237954099,-996259970,-454602340,1372279520
4,5,1,1,10407,2060971811,1564928469,2085472928,-1089251921,575660975,2030287256
5,5,1,1,10407,1151144528,1852158505,-866629785,-1642760950,844987253,-1608737208
6,5,1,1,10407,-944674576,1751324890,-2080632670,-443484130,1062901005,1378959176
7,5,1,1,10407,-1486673910,-1374333361,1874832933,770842158,-981538328,-2134041239
8,5,1,1,10407,-596207413,436977316,2122150723,1243000055,1860206486,1144557600
9,5,1,1,10407,-666943139,1523858586,-640377834,1485127911,1998780925,1783999115
10,5,1,1,10407,-1376771926,-1092175689,2023841034,-398427124,1055954848,142376758
1,6,1,1,10407,1691175577,-1253143801,-1492639646,978904614,859701699,48615104
2,6,1,1,10407,236341223,13936522,-501282077,-956588717,-2091228275,-451546999
3,6,1,1,10407,-844863421,252541174,2057451743,-517085591,558332650,-1532381204
4,6,1,1,10407,-614320647,1473171971,1326146434,-1581561422,-356380072,-889300246
5,6,1,1,10407,-2092730487,850986918,-828839890,1008524956,85742585,850185553
6,6,1,1,10407,-153543043,-2054147751,188000053,48441749,98131138,159621094
7,6,1,1,10407,-66941781,2053754906,-1776449022,-1164175783,2056072593,1529760868
8,6,1,1,10407,1897306457,901040860,-617102850,-1595788867,-1742376808,-340620375
9,6,1,1,10407,-157777376,910824252,393142319,377672943,115664742,-1909380896
10,6,1,1,10407,1083538144,-1024403351,827612273,337923446,-1242405346,214415711
1,7,1,1,10407,-1360635308,-1067853647,-216413746,243790441,1163349642,135942269
2,7,1,1,10407,2094414023,2057256518,-1253045008,-1831192488,899691505,1252450695
3,7,1,1,10407,-210071323,1591782853,1295322700,-992313939,1988584702,780866592
4,7,1,1,10407,1256601399,996658469,-1379361710,409291799,233442175,1987107986
5,7,1,1,10407,-1010857747,-1088770846,610439305,62086978,233894801,-517295259
6,7,1,1,10407,-1616367856,1351669757,1947716293,-1105340818,-2078785825,777067664
7,7,1,1,10407,416440952,480703604,-279919811,-1957920540,-1207304668,-671754256
8,7,1,1,10407,188302522,1852161594,-701201132,-2032594325,851638774,1432861753
9,7,1,1,10407,-270830682,-1803003477,-832404462,-914486191,199905372,-1840978270
10,7,1,1,10407,2019608121,1745369312,1481834659,1741669881,-548489075,1925659571
1,8,1,1,10407,-1566244688,1178589903,73888124,-763042951,1524974392,210424648
2,8,1,1,10407,745277205,-458458122,-1082949773,905023883,256520407,-255978940
3,8,1,1,10407,1422028090,-2111134704,1259426897,-572229056,-1068313050,-426582749
4,8,1,1,10407,134393501,-1984836474,707358605,659425812,218617737,746041699
5,8,1,1,10407,1932199514,813441965,780563766,786298214,-2117133312,840928239
6,8,1,1,10407,972389729,558166556,-4256068,-1018713370,-545392256,-1945848158
7,8,1,1,10407,1976493690,-1211156229,-1789054382,-1298844069,1601760071,-349707344
8,8,1,1,10407,-1685364662,1962722823,-747023659,-357319411,-1070234702,68923330
9,8,1,1,10407,735794874,-816625350,-45979415,1886368690,-698192138,-1679120337
10,8,1,1,10407,1923575702,731175381,-1353582708,811572604,-105355735,1276201667
1,9,1,1,10407,-194405218,1404134050,756166379,-670435177,-1199416516,786402214
2,9,1,1,10407,-1882004955,211727848,-507582806,-1314602311,-569047508,604799365
3,9,1,1,10407,-1389945401,1848294103,-877117191,-446098472,557349674,629111468
4,9,1,1,10407,1320449922,-894955622,1973220325,1772213401,-1552170607,-1401003843
5,9,1,1,10407,1606575424,923776231,-271289405,-1280620159,65824941,216622080
6,9,1,1,10407,-1239716082,77142426,-2098346210,-1599130447,267902122,35837833
7,9,1,1,10407,-1910575443,1856494760,1462263924,-145489828,-1586540924,2084822950
8,9,1,1,10407,981421534,-1755248879,1320694321,-2037471245,-1770365591,-1554934538
9,9,1,1,10407,-244016210,-535896478,762155395,870392199,-931206937,-543014566
10,9,1,1,10407,1678321356,2021324471,292498148,87455020,-1216074597,-1511217751
1,10,1,1,10407,1132822542,190419287,-736727484,1725091586,-1092299378,1937388082
2,10,1,1,10407,-1320584130,-1642698945,-947484345,-954454496,-920419280,-1055799041
3,10,1,1,10407,-768091733,866086912,610225619,-871636461,-872135505,336266025
4,10,1,1,10407,-1745890248,326552862,1298006973,99171928,-1264149874,-328739007
5,10,1,1,10407,-1417658537,133307433,625175653,-309496699,458451138,1605127227
6,10,1,1,10407,1119069996,1420284092,-2142655575,-1645900858,-1316265171,-1420212022
7,10,1,1,10407,-1023039170,-3387125,859700215,889540989,2099407284,-41679368
8,10,1,1,10407,-759867898,1755670532,-493205530,-57379607,-958000675,-1043984264
9,10,1,1,10407,-1317687839,1507622699,-512857550,1720748538,-317708182,1758621343
10,10,1,1,10407,-1577278989,1130756676,1153035149,-888152760,53655743,1188741344
1,1,2,1,10407,539146460,-228047239,-1275312884,-1311246806,-1043266754,-1440764350
2,1,2,1,10407,-245619703,-891944880,-1508185629,2108420463,-222344482,993196605
3,1,2,1,10407,1509775905,-1916648369,598051637,-1480211914,-2069205493,1476075700
4,1,2,1,10407,126237949,-1076929106,1076426339,-1906360283,1079185547,1915380391
5,1,2,1,10407,1863282388,-1489563510,1414647981,-1429613391,342274809,1968006604
6,1,2,1,10407,482373668,-1866103384,395089593,1360173281,685036930,2072024579
7,1,2,1,10407,1059337342,114166897,-1716319182,1160477827,911648042,865205742
8,1,2,1,10407,-2007702784,-390984032,-1794808723,-1525727360,-2104877024,-1380773060
9,1,2,1,10407,-1868239932,310425,1614678736,-1779179996,-1888349196,-1078127039
10,1,2,1,10407,-844598761,1521628617,-871374619,-60508254,735692858,807451315
1,2,2,1,10407,-1726010623,1229183410,-1618309380,35026586,636550113,-591108454
2,2,2,1,10407,-2028574467,-562961878,1719538096,490812002,-1924613855,1835085686
3,2,2,1,10407,408060466,-768982596,-1709611373,1070828381,-51195608,-1345002594
4,2,2,1,10407,1273738963,-69788165,-1663608737,2136646317,-628914869,-1318773743
5,2,2,1,10407,-759999105,532494926,1642455028,1739626230,-1258676068,1553419888
6,2,2,1,10407,-1337661441,-1481414433,-1558135785,-1940513869,1984475583,1876310116
7,2,2,1,10407,-1406202621,666479307,-1622870259,-851975375,-498902352,375917293
8,2,2,1,10407,220687287,-94266310,-2069802953,2043919362,1404740652,1992590732
9,2,2,1,10407,-1875773860,-1976107694,-545177165,355895210,1382218203,1727159621
10,2,2,1,10407,-2041849163,693329633,209384190,-992738021,-1790464102,202443395
1,3,2,1,10407,1472042419,1730237262,1524196720,-49762351,-1298143576,833951019
2,3,2,1,10407,-1527791376,1606428060,-911058220,180393167,-2115909269,-1844863889
3,3,2,1,10407,1458635057,-556250014,-636213386,-1124413938,-1780039077,-551219065
4,3,2,1,10407,441499718,655986991,575514713,503293470,-1372192517,-735842786
5,3,2,1,10407,206816905,-1248711598,600603046,612800497,-511181802,310942427
6,3,2,1,10407,-300218441,349014380,1361684408,744291274,-1833932359,656358137
7,3,2,1,10407,2066611515,-2078202304,-867296850,-1707833013,-685157927,-1710710318
8,3,2,1,10407,-1112689426,-138259300,-2115745849,-1936499340,1700744238,1057447851
9,3,2,1,10407,-611795232,-1424495887,-1150840933,-398864481,1679559208,1633418065
10,3,2,1,10407,-1075994444,-1978594812,2004493508,1473430348,-18654723,613891032
1,4,2,1,10407,-1007347420,682078099,-155758801,-236275210,-1145460697,321524356
2,4,2,1,10407,-726977275,199353127,1969387394,726785539,237334901,-224763042
3,4,2,1,10407,549330853,640972968,389385418,1500022656,-1868091097,827066150
4,4,2,1,10407,-1791019002,1414719503,-217395208,-648451823,2024444708,-1305779090
5,4,2,1,10407,-891368256,-585663547,-1342490051,1818621538,-1664881258,1965082824
6,4,2,1,10407,-642526211,964537321,518303767,1723672628,475080600,-1215019025
7,4,2,1,10407,1928997273,1468141175,-2107780088,908874341,-1986177582,1599169957
8,4,2,1,10407,659657627,-1236878495,-603611198,773910508,666431212,-1316772143
9,4,2,1,10407,1641657803,1521264397,-1742123019,-2108641727,-1196628736,-655222322
10,4,2,1,10407,-2040034526,-1489269885,2130440999,-760614693,-2039369736,658473601
1,5,2,1,10407,532945184,-1583357842,-882683624,379517427,-194287034,-1348435819
2,5,2,1,10407,-423569485,-1154492424,130394185,1243965083,-900794950,-1002352158
3,5,2,1,10407,326407602,924290166,-694497764,453521563,-1452259214,-2088347196
4,5,2,1,10407,628286918,1026631607,747260324,-1212368426,-261061417,-642449507
5,5,2,1,10407,933407304,-611291504,1166557324,-1554953719,-1373441645,-40568414
6,5,2,1,10407,-1037581856,1009500053,-1194865100,387648212,343561303,-1014069343
7,5,2,1,10407,1953073730,-201987930,-1078688632,-1821995235,-641444001,-1484963440
8,5,2,1,10407,1551363920,-874254393,164936572,-2090832222,-1820148242,-1638846936
9,5,2,1,10407,-1513062422,1946511535,-1230011879,1012121226,-910800901,486597689
10,5,2,1,10407,-489657399,-1623761819,34063323,1832570883,-763802120,32028120
1,6,2,1,10407,-706735231,1992682935,1229813359,632879543,-2082456500,-1293926883
2,6,2,1,10407,219520368,2051727277,13751360,828182719,1226806038,-1679147041
3,6,2,1,10407,-1157443505,199397251,-427790062,-1444166151,1049548775,-1773085432
4,6,2,1,10407,-877170496,-824299173,-155446775,1442532843,-1775170164,872225406
5,6,2,1,10407,-147840950,1778917347,211515275,430021517,-1169015015,1701014379
6,6,2,1,10407,269181830,1184912399,2016205603,-1976681773,1122498933,-621701191
7,6,2,1,10407,700520317,234455650,973792901,949649158,-1304388879,31804631
8,6,2,1,10407,827079869,-356707197,630988014,333451529,296659125,1470673011
9,6,2,1,10407,1449660299,1159289396,1108853315,-1180743583,-292172331,-1679700637
10,6,2,1,10407,-808254107,1032092208,-1336925613,1079054151,1775211713,800979161
1,7,2,1,10407,-1300273507,387398355,-959424590,449819254,-449958546,1819856187
2,7,2,1,10407,-339920943,1272873587,-249651289,-2065007960,-1316281224,1269247596
3,7,2,1,10407,977662514,1713224484,1849186292,-905985217,1716263665,247282908
4,7,2,1,10407,2131402263,-1555731921,1793119053,5223619,-959724900,-274225240
5,7,2,1,10407,445630338,-359680986,1582981783,-1338421661,-699910842,-1953677657
6,7,2,1,10407,1443762742,1725796482,-1211516173,-641054919,-1330707869,194149026
7,7,2,1,10407,-692381700,-107690451,1166607393,63384334,2069901673,-1221694994
8,7,2,1,10407,-461469308,1666865401,-1839034145,1078427135,-1622518470,-652033627
9,7,2,1,10407,-995299808,-531074367,426310463,-1611752916,-1707505611,69632448
10,7,2,1,10407,-1514923641,1960628130,-522204235,-422376420,-15538252,-1475580506
1,8,2,1,10407,2013755012,-1500351422,155185300,518190971,-2140206279,839309235
2,8,2,1,10407,87898305,185308202,1894385237,-1159950295,1002299307,-338890726
3,8,2,1,10407,758655098,510192466,1247435965,542239115,1075304509,-2046367128
4,8,2,1,10407,341957037,417637737,-1072410875,-1730960201,-1421006244,-680170374
5,8,2,1,10407,-158849318,181981240,1293569220,158228564,352334369,686671351
6,8,2,1,10407,-719383890,781635826,491836364,55984393,-1397785997,-2036191338
7,8,2,1,10407,2099882546,378096183,-1745115893,471176318,-540510246,-1162374224
8,8,2,1,10407,1759364032,474309379,-2139732524,-1330195976,1881767988,-1570340837
9,8,2,1,10407,1786723753,-1141361770,-1632767843,-1614554812,1648457639,-1610489425
10,8,2,1,10407,2082237522,-383984220,1222799022,-296442787,-511542963,-1226885961
1,9,2,1,10407,2086973849,1926183506,-1141963134,412242616,-2104803157,-1634974403
2,9,2,1,10407,1301901822,-222503832,1787695100,-520673998,-904314559,-91008969
3,9,2,1,10407,391782023,-445882740,943891200,1161889989,-1411515254,624138200
4,9,2,1,10407,-1556457645,644821256,80081665,-442219335,-688847945,1401901066
5,9,2,1,10407,-144883851,-1971601478,-843764251,-1331829935,924886854,-975824745
6,9,2,1,10407,-293958116,-1133643689,213444349,1973888926,-1870825226,-1550366100
7,9,2,1,10407,885018327,-993225878,-988458429,-883658571,1601936819,-142676476
8,9,2,1,10407,1995134780,-964976956,1783598331,542955547,1785443463,-1540636166
9,9,2,1,10407,-37469814,1830360057,-1112042745,1098416614,-1301368902,-602215753
10,9,2,1,10407,-706199153,889036850,1741515213,-1349145157,1674851159,746437267
1,10,2,1,10407,-185826798,2083197481,2055029885,-1765821601,1287865922,-1364002581
2,10,2,1,10407,-312937909,812057668,-1009216055,-108510519,-2108835893,236313027
3,10,2,1,10407,-1584776468,1161257424,-1929946196,164254463,1963985392,1498837186
4,10,2,1,10407,181345388,-1181278875,479120201,-1670901547,-685313423,-821919836
5,10,2,1,10407,980448129,-659635340,-1772591426,-1943234681,-545195652,-1713586950
6,10,2,1,10407,-357853779,-2037225850,1228052981,1559975622,1039130660,-356313447
7,10,2,1,10407,-991660953,129861267,306315367,1155432251,-1485318384,-1917966717
8,10,2,1,10407,639555792,717460777,330195982,-102469738,833809478,1508390223
9,10,2,1,10407,2133569479,1130372375,1625138451,1893170755,-989169682,1554276813
10,10,2,1,10407,-685025159,-862761258,170653229,1179121849,625391257,-1005187438
1,1,3,1,10407,-998126981,-1535065801,-102195774,1636293087,-54670332,1331809139
2,1,3,1,10407,1077059890,-621984117,1640643292,396949847,1980582983,903872690
3,1,3,1,10407,699667985,2016197394,-1571537689,-899954235,828501290,1561329233
4,1,3,1,10407,1812845754,1722768184,265178600,1061287604,-1315486684,-91006505
5,1,3,1,10407,-1904968309,-1774495576,-1308748014,-1266205082,2010278569,-100454213
6,1,3,1,10407,675702074,164826311,-1214827482,-1595690212,-115370327,1439645906
7,1,3,1,10407,1790300266,-476674941,-745629253,1258757776,-133554644,501494310
8,1,3,1,10407,826135802,-97992538,86241063,32500429,1226904172,-783024267
9,1,3,1,10407,-720553270,-1861526427,1038761361,-186354621,-1765738869,2031142604
10,1,3,1,10407,-2009782329,1754423490,114367775,-270759195,471028910,-1926552513
1,2,3,1,10407,-1168362960,1044029957,1491294410,-1400536276,-1904978778,-120801478
2,2,3,1,10407,-400160616,950049101,2112600731,-803515371,773301381,-2059350167
3,2,3,1,10407,-769197704,-1183909720,-1419042234,1301725880,-1858814801,1109124320
4,2,3,1,10407,-56388281,168702789,-1297269651,-281137258,-1443759573,1764307623
5,2,3,1,10407,-1001607630,-298476374,-1631659239,-1771328475,-1152747660,-14087177
6,2,3,1,10407,870218146,-269139479,637423480,701188755,-997342605,-1076786094
7,2,3,1,10407,-1881141206,-952560664,-432354018,298968602,-813048393,829977835
8,2,3,1,10407,462796208,-379615786,1125719534,-123771925,-411928799,1817321315
9,2,3,1,10407,-1545525746,-481338070,1207797714,-2025051258,1998197470,-1587724463
10,2,3,1,10407,254091098,1520170374,1275494254,-201288042,499759286,5861970
1,3,3,1,10407,1411832041,262322369,72224723,1545936598,-1106249672,-1613217037
2,3,3,1,10407,337531669,-106556181,1375077463,676040179,-108568230,169733066
3,3,3,1,10407,-1050519403,840344597,500297746,1597334256,1865240029,969560244
4,3,3,1,10407,598405936,-1448937046,1960781895,503739045,-517336663,1212587867
5,3,3,1,10407,89213684,1214766077,-994366004,605708557,865280238,245510166
6,3,3,1,10407,-1783840895,-769763717,-413807184,-459793155,-455580592,-688087554
7,3,3,1,10407,-1765406595,-1843971094,-1008837830,1800989470,1248267943,-1823518009
8,3,3,1,10407,1062069918,1129836083,1938793306,-1999912906,-1875142489,-42590893
9,3,3,1,10407,-1229674666,-428343524,1700345954,-771084266,270450687,1339311144
10,3,3,1,10407,1157694036,1266215749,93760821,319640156,-1541019362,1474098357
1,4,3,1,10407,1135395571,1686075243,-1840168264,1808537359,-400827725,1103361548
2,4,3,1,10407,-1155326735,1226088586,-1391736655,1502055268,-1322440952,-634530592
3,4,3,1,10407,-175334144,-85114376,-1503412235,1727603420,1514085617,1260005794
4,4,3,1,10407,-1873670571,-1608913234,593415473,1974583413,303251270,1703556654
5,4,3,1,10407,-371648795,518627244,374485048,101020360,-205674241,-759577998
6,4,3,1,10407,1439351424,-222220183,799578365,-767114197,-418887413,1040660032
7,4,3,1,10407,1805101334,-849481301,-1890538449,-1821295108,1338328861,-1962325552
8,4,3,1,10407,-286218379,-506202029,1572852390,-985788307,455051353,212203128
9,4,3,1,10407,2100084581,-625906013,-372279871,-259685160,1003058637,-1316944251
10,4,3,1,10407,-1557486695,1864055293,-1276092706,1278219248,-889455169,-1450858529
1,5,3,1,10407,-148960346,-962490031,-1560880142,942830363,-1833834644,396458209
2,5,3,1,10407,1508034968,85526375,526625759,33369289,1319583055,-1686503200
3,5,3,1,10407,-786688135,120944781,-611983854,1585128022,1668077464,-1169387038
4,5,3,1,10407,410496495,-472414459,1755067502,251948176,123447692,1800214127
5,5,3,1,10407,-149738957,-404507689,527850987,-1948019360,1025666915,-439438836
6,5,3,1,10407,1374653550,597756439,-712768217,-496745456,-337605069,660472176
7,5,3,1,10407,-376905986,-1084478501,749947257,-492514250,-886885338,840422733
8,5,3,1,10407,-1765520384,419465659,535908267,-1738180166,-549554910,2079181407
9,5,3,1,10407,-246505044,1301206774,-1819528272,1330650912,1172080387,2060615400
10,5,3,1,10407,-1810403694,-680564350,809182626,-1866544102,-1665411729,620153020
1,6,3,1,10407,432844860,-981018326,1646864719,469861176,-865403409,-761948434
2,6,3,1,10407,530139595,-614598902,1103320368,952845752,1373460865,1242558126
3,6,3,1,10407,1636179042,-1983288543,1125165780,732370796,888723370,-1740432941
4,6,3,1,10407,-1844842914,-178229878,-1871138121,-1351330764,-1962376875,350312366
5,6,3,1,10407,-1445225407,707357834,693463631,-338427874,957920921,-508966948
6,6,3,1,10407,-163620791,512586839,435472763,-1395534957,351220132,596114860
7,6,3,1,10407,-1265441973,-292447431,-290090867,-1716468616,-1720631807,-1715913910
8,6,3,1,10407,-2098982645,-1682006829,1224675102,-2087223060,2135027812,1806356779
9,6,3,1,10407,-1836907605,2006621910,871598111,1042581690,-598747213,1492414510
10,6,3,1,10407,1194130605,89547231,-399529796,-842859813,-2059908379,777294965
1,7,3,1,10407,2044857981,-1376343299,1463183603,-370314143,1642115191,-448752648
2,7,3,1,10407,1743453328,2093585144,2118349298,-605778083,-1846657796,126392995
3,7,3,1,10407,720701958,-1875790219,-1966191420,764334673,-1548440232,1567568846
4,7,3,1,10407,-684228926,547024288,-199540926,-1348096906,1004116691,-2108588942
5,7,3,1,10407,-1374574825,-1587386619,-2089540635,-1089066397,177896314,-1616987995
6,7,3,1,10407,-1759115767,-654523249,-1838232749,572489439,1939975657,1526085534
7,7,3,1,10407,1079139281,137767628,-249048864,-760580681,-938908503,-1191764959
8,7,3,1,10407,495163301,-1553326947,1007378790,1814461323,2066094014,-615161164
9,7,3,1,10407,1618094375,1388812151,-1996097991,776460446,-679654091,-665045756
10,7,3,1,10407,-612720709,-721851609,572592507,2005090123,1635907300,-598719748
1,8,3,1,10407,-2006018218,317855388,1130394612,1128826658,-107292717,-135547286
2,8,3,1,10407,-229413785,1388042866,-813099283,964593711,778007371,-1295245556
3,8,3,1,10407,1151390025,-1771680812,1328660857,-595266765,-634921527,-84803975
4,8,3,1,10407,1483067564,2098703953,-2011196449,557241402,-198634354,1771747554
5,8,3,1,10407,-2108026151,-1652635581,1509862940,97178804,828886312,563555412
6,8,3,1,10407,-933498611,-380585595,83472372,2045675331,150544722,-1504887667
7,8,3,1,10407,-614121206,-991128269,-180579393,1686151291,-449918459,-625287860
8,8,3,1,10407,-745385467,1811495065,-1481861583,-1622821365,-1829321278,-1979225013
9,8,3,1,10407,-994524495,-200451773,-1401433357,-1504321598,240091163,-1527245480
10,8,3,1,10407,-334484292,1821958522,-517180927,1572605306,-1665653662,-237473595
1,9,3,1,10407,-917522319,147702252,-776877097,-1137655879,-1136479857,-1268738701
2,9,3,1,10407,-1185874657,1782669635,1540292784,835314980,1925843081,-2088962183
3,9,3,1,10407,1560125361,3286867,779675439,-1106938091,1502429100,1010285308
4,9,3,1,10407,-1472708918,318751163,484739412,-320068696,-1639465191,924005580
5,9,3,1,10407,-1400122419,-1140643674,2053072110,1998642919,1421182334,5616581
6,9,3,1,10407,334532282,325401913,1813258977,1653999790,-260785698,67787119
7,9,3,1,10407,-816042195,980542879,-1493822217,1836196423,2048581650,1118808951
8,9,3,1,10407,-312755890,-1639906279,-2029936872,-2035981778,-1391065471,974491414
9,9,3,1,10407,655551190,-1535303710,-1036007366,2081603244,691567165,-866064723
10,9,3,1,10407,1382504375,1751617087,1105207181,584221992,1031347721,-852543347
1,10,3,1,10407,-1459279852,1817333625,-184372802,1907563494,-2099442302,1945080976
2,10,3,1,10407,820431339,-1564304945,947586277,-231623636,-1845084300,83390391
3,10,3,1,10407,-52990980,-186197937,508817948,12864278,818420171,-828459544
4,10,3,1,10407,-1698204979,622742888,-1006501490,808633680,1868746589,1411740083
5,10,3,1,10407,-390197661,-396440326,-1858484088,-1377195967,2134877460,-1175280787
6,10,3,1,10407,221838341,870556584,-1763871526,1631018071,846872151,-673047236
7,10,3,1,10407,-686564340,-878343467,869688565,-1374424987,1620712340,-1788386557
8,10,3,1,10407,-1669766944,582936359,931538493,-731026044,1295294609,1038960991
9,10,3,1,10407,-1570465732,-556105517,-2079067928,-253167362,-134324532,-1851570264
10,10,3,1,10407,1152502635,230898492,1415531646,172516224,1163792048,829897276
1,1,4,1,10407,1615403381,945821399,1744336067,-309123384,-512329089,287194200
2,1,4,1,10407,-1644755201,-1363131206,610053801,-178041887,1947804588,-358055834
3,1,4,1,10407,-1184668534,-237089522,-1485496496,-2025316730,-718176493,1606032837
4,1,4,1,10407,-1064213671,378346939,1003656621,-1138236909,1262985846,2053662948
5,1,4,1,10407,2031953043,1282769094,-564773684,1771853150,398992161,-911111628
6,1,4,1,10407,-395523386,-95382261,-1551724786,241428422,-1615540788,-1694100186
7,1,4,1,10407,-1427289122,-332926062,-2095046464,-23802681,1757354584,-1066250656
8,1,4,1,10407,1740126758,525362952,1349876646,-1230971279,1702795320,-1948016912
9,1,4,1,10407,1474345998,218883924,1182951982,576660865,-482032105,317406655
10,1,4,1,10407,-1896961292,-1422088794,1012210767,964827507,-1781235160,1443923217
1,2,4,1,10407,1124834470,-842339504,-77931133,-720802056,-1254210972,-2100583895
2,2,4,1,10407,-1699634328,-1840139768,2139695081,552155343,-331578452,1296750511
3,2,4,1,10407,2027722216,-231533426,1084550582,-1464420580,1135058335,-196125870
4,2,4,1,10407,1792751409,1197609199,1854472401,-1967947771,238687457,1203721542
5,2,4,1,10407,945089262,-1771298425,-313224975,-1682193546,761974757,1716101138
6,2,4,1,10407,1062142976,-531942821,-1949654373,910547676,1840868221,2035144994
7,2,4,1,10407,17159469,-1008006929,351501996,-185759641,-1246736172,529114717
8,2,4,1,10407,-479124334,507180522,1838023453,-1362535114,-1304338526,-847065721
9,2,4,1,10407,956337537,-732203729,-1814308753,1119085706,-894402602,439307969
10,2,4,1,10407,914229505,97819495,442772937,-2045742001,-807869425,478272008
1,3,4,1,10407,1539749151,-944964772,-1875820441,-1771295064,-1563688742,727545007
2,3,4,1,10407,-143838453,911058446,2043810631,1009786829,531066473,-565175159
3,3,4,1,10407,803662120,-1656410995,2019706305,229771844,-2109302146,-1442287858
4,3,4,1,10407,1095399445,107390642,-1092451166,872725428,-1319898736,740120735
5,3,4,1,10407,1550425669,-243873943,896308215,126187465,-1668298658,1639505015
6,3,4,1,10407,2045161053,1913388946,-1045962731,982341332,464366295,-657754153
7,3,4,1,10407,-1001582431,1528689650,-2092091880,612944485,1548136237,-305398581
8,3,4,1,10407,-1215819935,-639834614,782707614,-1278959844,630253499,510331380
9,3,4,1,10407,2094007987,1167874058,312215094,1920243481,872419599,-264351110
10,3,4,1,10407,-1256897540,894048819,-1744455042,-58703680,-1326629250,1494652874
1,4,4,1,10407,1609397664,-539539991,-1883369074,2128143401,1130795197,-272320040
2,4,4,1,10407,-1849661993,-203554623,-396312893,-1556468590,422600946,-2113467003
3,4,4,1,10407,-2049319130,2135080599,719745316,959505632,-464059525,-961724626
4,4,4,1,10407,-1130836187,-923065127,1775656477,1341177845,-1559981656,653100602
5,4,4,1,10407,1601058763,-1555646945,1840448925,-994042412,29560206,292474308
6,4,4,1,10407,-1669509326,-206714560,-1264978550,-1359265077,1831987218,-1344939626
7,4,4,1,10407,-1074853645,-2113876266,-1843857895,118588800,-1271432386,-1267102510
8,4,4,1,10407,27904939,-1809607950,840350869,-135510229,-1304650488,-116487203
9,4,4,1,10407,548744543,1887732496,-754531327,32934526,942122788,1497690383
10,4,4,1,10407,370528730,-521090579,602138162,318418876,651400730,1871380951
1,5,4,1,10407,-532321764,988020180,1512439674,1094853756,-946512787,279191461
2,5,4,1,10407,-1142510293,715785978,1184952918,-957255643,914039134,1298904876
3,5,4,1,10407,131860945,-1649767390,142120598,-167399986,1486288670,-1603768104
4,5,4,1,10407,754863430,182820737,45235736,-1284735007,-1917541835,-1593651518
5,5,4,1,10407,1058066168,-742910253,-2080375119,733782980,-1620304468,2116305446
6,5,4,1,10407,-1154439611,728887475,1623474349,-617777587,1769746473,735770467
7,5,4,1,10407,385541731,1962441686,670895730,1616217270,1773220578,726724512
8,5,4,1,10407,1544311999,1096831275,794682370,-1733028637,1030491983,1610029191
9,5,4,1,10407,484344242,516099558,-1369790649,640904011,-529340343,702558547
10,5,4,1,10407,-673607561,-1357461946,-1555812648,-2009510762,922366124,920750136
1,6,4,1,10407,-162973050,-853911060,-1022826085,-1061850097,870269014,-1074832485
2,6,4,1,10407,512670019,68191187,-1073180298,-1149789391,1785113802,2040763479
3,6,4,1,10407,327048194,1475074279,-12061864,1674656774,1401371067,-2010239931
4,6,4,1,10407,-672078033,-1843919245,1953940112,1900971270,1635082201,846421623
5,6,4,1,10407,-1779444543,-691730301,-2072137952,732517917,-569681022,-829050992
6,6,4,1,10407,-769388983,1040985984,-2113715807,1372651910,-1047165173,597484787
7,6,4,1,10407,-1055260775,-1707052488,-761851973,-5599198,1602467893,-1310784722
8,6,4,1,10407,-2112610718,-1846953406,263504215,-1183980008,-1606909486,1370490562
9,6,4,1,10407,1809805672,2038313090,189232144,1851773823,-1831925059,952891445
10,6,4,1,10407,1389650678,-734533589,509115907,-1185977105,489124932,1481236575
1,7,4,1,10407,-1778947685,-1976118852,1533842549,755716655,-175335416,871428406
2,7,4,1,10407,-1298574421,-502355496,-89505135,-1359723196,1727201436,-747201782
3,7,4,1,10407,589666029,-241806091,-771851459,700091762,-1907364651,1082945218
4,7,4,1,10407,1540521936,-132808672,-917181485,836390266,684712111,-1753185207
5,7,4,1,10407,-1305620304,1377506031,1360936048,1891496248,-1500747724,-729490376
6,7,4,1,10407,709444457,-1400044870,213438127,939928939,-1021504112,1548583425
7,7,4,1,10407,-517004210,401088749,1941633993,-694621583,-1419130305,-921291879
8,7,4,1,10407,-1359965820,-1882310512,1061297517,927618471,252169825,-802368902
9,7,4,1,10407,252492861,57970007,355163472,2129724557,608127408,-380016425
10,7,4,1,10407,-285066468,321668276,1441759220,1236145841,510402707,-1179605676
1,8,4,1,10407,1270686719,520482076,345806469,1159703247,-1402824008,-1124631982
2,8,4,1,10407,-814688382,1994034754,1324632938,-1693287837,-1132201045,1417279609
3,8,4,1,10407,-1085585811,-1275233694,-47648948,-281930659,1287311997,101585315
4,8,4,1,10407,1288049244,-185565057,-1706963061,-109373248,18564948,171890832
5,8,4,1,10407,-68581077,1323683908,-1248152640,1560313632,-1508201556,-762569700
6,8,4,1,10407,-727247164,1543945828,-501336599,-273004490,-721260798,1461050896
7,8,4,1,10407,-2096250411,-1558401427,1445754250,269085877,-362468930,-997933579
8,8,4,1,10407,2085595741,-1260941722,-28032150,473977098,-1418742317,-689590606
9,8,4,1,10407,-532695885,-1352431682,-1102133449,176180202,-1205539332,-1489079429
10,8,4,1,10407,-219740453,-1340073123,2037996910,1919890561,343751485,1534615002
1,9,4,1,10407,329108716,-885554840,-309593487,-132107488,544111671,-1523912079
2,9,4,1,10407,109180260,-753784796,-804697250,1571358119,-1959619450,2045372237
3,9,4,1,10407,-841179239,1088732763,1317158552,1742247084,-783594641,-1484013363
4,9,4,1,10407,-1199759320,470606477,-1671913085,688611401,-231614489,1360347003
5,9,4,1,10407,1934075061,1872463651,-422314664,-425212928,-1714065336,1587309244
6,9,4,1,10407,681765751,-1085548444,642044352,-1138401148,1624639611,1260545271
7,9,4,1,10407,-1995539375,-1631976198,-1384525830,-563155066,592743444,-1946313449
8,9,4,1,10407,399598012,-82874278,1464013798,1791617096,1241391531,2010929081
9,9,4,1,10407,1136555035,-232265956,-1927752994,-517617578,-1798870244,-1236586236
10,9,4,1,10407,-1096145198,-21059291,-1532340173,1422440173,245198849,-1113045750
1,10,4,1,10407,-389934744,679969548,1740703376,-696812527,-1215847089,723141970
2,10,4,1,10407,-615170493,-1975447866,1386875193,355917445,1066961796,380283374
3,10,4,1,10407,1769238120,-131383191,1296525293,-1377393319,-1862619773,-833192216
4,10,4,1,10407,-1555556054,1431017221,-695050312,-1957158552,697496234,1135339062
5,10,4,1,10407,276297470,1456045937,-1598650755,-1268787786,-1525655021,-327809749
6,10,4,1,10407,-872503873,-1602212218,-1293980099,-819153238,64819467,-729960755
7,10,4,1,10407,680925257,165496789,-231459264,265648788,-152314452,1942731343
8,10,4,1,10407,441711117,1835781562,347245764,2046930590,1882613933,-1995865572
9,10,4,1,10407,-2083613072,1166624346,-1659045824,-328754193,52203310,-367380658
10,10,4,1,10407,-1775587233,-2038172105,-825562329,-534012997,-957535089,-729413928
1,1,5,1,10407,666721585,1960774640,77591603,1486128244,-68528508,126656658
2,1,5,1,10407,1436646925,1736071047,219885129,578379458,1463384848,-1689032121
3,1,5,1,10407,1439815928,-1969667634,-2078264682,-1874018797,574129548,-78439924
4,1,5,1,10407,-455556175,-105666186,1867447859,1976058531,-878530117,-10039679
5,1,5,1,10407,-1676926936,-514826766,1328441371,2077449857,-1886893571,1841154570
6,1,5,1,10407,-1596916329,-1948082343,637786173,-387323087,1116186978,-396528447
7,1,5,1,10407,19071883,-1748020315,-1122949521,-1232982170,-1790075199,1886245100
8,1,5,1,10407,-1553997389,-1372815014,-816111800,519235941,-599811259,1139534320
9,1,5,1,10407,94555517,-1192535305,-1514723753,-481066364,-2035696519,420635442
10,1,5,1,10407,-767608627,117661710,-1539143196,-1386674719,-591444207,1945998567
1,2,5,1,10407,-1808532477,538653123,462402632,-1156306582,71563524,-2016274399
2,2,5,1,10407,-1864698696,-1453864862,77316953,-556899428,-1658602049,-2028767973
3,2,5,1,10407,-767800209,2051379914,-1186076242,956732002,1418463478,-2005833629
4,2,5,1,10407,2039695953,-1998165183,-1240916338,-635253719,91915236,1175614512
5,2,5,1,10407,-703907687,1021496175,1660407426,708302029,-996176634,-1392766611
6,2,5,1,10407,-1591922129,-867008170,1364622834,-906865801,-644628485,723023821
7,2,5,1,10407,-856456525,1609987681,-1219974259,-1385035955,677598639,1791719863
8,2,5,1,10407,506455519,-1497375080,1433243564,185461562,-772799229,-970329940
9,2,5,1,10407,-693274851,1180406810,825641871,753935754,-1872495110,1428182448
10,2,5,1,10407,1742792057,-2077916688,197619719,-1459909198,-2044491062,-1867330869
1,3,5,1,10407,1871209,1492035964,1751054680,407503918,-1982155139,1983645111
2,3,5,1,10407,-674290274,1466467979,-2043355177,-1289868575,-1670695341,768102206
3,3,5,1,10407,681929483,-408905808,523057848,1329081844,-925042373,1816279061
4,3,5,1,10407,-355385053,-1290444681,677169309,730014204,-716941052,769480579
5,3,5,1,10407,2072367749,897788573,-1324448482,1660379030,1783929060,-602990552
6,3,5,1,10407,-310233160,-1463303733,-337970088,-1264349908,1065307645,1902857158
7,3,5,1,10407,-1872016996,-560494555,-672309531,-1078215661,-470002234,-1610308023
8,3,5,1,10407,198318800,-411130671,-1911055319,309392613,1164990803,-998772744
9,3,5,1,10407,-1773745697,-1662960494,-238065774,-840555744,1604471341,-2077418436
10,3,5,1,10407,4676664,1277544051,771517632,1103931513,-2063899384,1673612221
1,4,5,1,10407,2024681184,236258888,299354408,-979080392,-1556649524,-2138031125
2,4,5,1,10407,2065616241,-2049573468,1041503514,-918938574,-672375249,-433116414
3,4,5,1,10407,242423315,-522403608,199286271,192374933,642260944,23863723
4,4,5,1,10407,1832247280,-54124457,-2124701459,1666391490,1590690557,-2139042732
5,4,5,1,10407,1132449765,-251464325,-1339592045,818493797,-1706427040,-1624565392
6,4,5,1,10407,-50363564,116715705,1150009503,636391164,-607360906,1055439956
7,4,5,1,10407,-1841362813,408522865,-1808288683,594749970,-739443702,-1151459463
8,4,5,1,10407,-1999840833,-325340569,450766405,-705393385,-553802045,-1214581834
9,4,5,1,10407,597805672,-421719032,996197963,444017941,-295456765,529432220
10,4,5,1,10407,-1164728862,1855630637,2048040103,336202838,665959706,-415444116
1,5,5,1,10407,19772083,793727086,-661873888,2096976633,705541215,1121770842
2,5,5,1,10407,-2103935624,-1371910970,-354177831,-886719610,1346989759,-268727602
3,5,5,1,10407,1997691508,2011007622,-1527684149,1995439752,687209586,1107642404
4,5,5,1,10407,-1972959904,771891864,-709049875,755620628,1457203257,-1822220564
5,5,5,1,10407,737626170,-1303900039,1553632843,-45356138,-779449793,326602387
6,5,5,1,10407,1694183660,-910755368,-139749347,830044684,1818283349,-1049235229
7,5,5,1,10407,2040863524,-1188604083,578206978,-745092928,-416606203,1964804364
8,5,5,1,10407,-1342675588,-2057295531,241878031,-1762759592,-978070863,-423644649
9,5,5,1,10407,-666250487,-744585392,-97340099,1462405311,-512877470,95245387
10,5,5,1,10407,-1837340960,-1561974520,1103068982,1341747136,-430069059,-751046013
1,6,5,1,10407,372435618,851542110,-1352183475,-384638712,1111666199,-1523689839
2,6,5,1,10407,1741941318,-477253432,1980892333,-1545209012,819781603,-672670813
3,6,5,1,10407,-791815737,2137339964,1287041124,1528095668,-1726792044,-1131140009
4,6,5,1,10407,874587449,1230580428,-835634983,-1834007657,710447035,-868281062
5,6,5,1,10407,-828807991,-1879839999,783122417,-444590173,-1997636375,-1178233849
6,6,5,1,10407,-573382800,-526422414,-1627698726,-1316938584,-151725021,47395183
7,6,5,1,10407,2025822289,1507854919,719183336,-1342172824,-1187476560,-1040491461
8,6,5,1,10407,-1422358230,-1964101962,1576646296,-1539699928,-917739837,-1167897364
9,6,5,1,10407,59945892,231830126,-503914853,1404032035,1060278221,-1794600603
10,6,5,1,10407,1347446629,548393050,-1245942354,2098496226,1431946197,-2029764280
1,7,5,1,10407,113689305,402018228,-365339097,1548337145,-214208314,6173703
2,7,5,1,10407,996167376,-825473636,-1879506449,-167217921,-1288961371,1922035485
3,7,5,1,10407,1583095398,322062480,-687608638,1380020326,-1517385219,-800705561
4,7,5,1,10407,1593302238,-1331340913,-1633514199,-1646978968,-18846688,908838374
5,7,5,1,10407,-563971507,-2143489538,-515016836,-869002676,1957493232,724704288
6,7,5,1,10407,1920608984,239928769,-742003340,-1213720569,-805414068,2105392012
7,7,5,1,10407,1618203435,-1472259377,969284038,-216777469,1579017207,-857620459
8,7,5,1,10407,390548250,1840931935,2070775958,1653134634,350478391,-181920565
9,7,5,1,10407,-331927729,-1067122208,182113125,-1544085165,-129642164,1595468538
10,7,5,1,10407,708764222,-316159853,-601239923,2018463136,723753567,-1382756813
1,8,5,1,10407,-1406034290,-956337611,-1121492334,-1879417245,-1540636390,1025930005
2,8,5,1,10407,1370545642,-303956302,1700865518,123780479,1455352674,-1203365138
3,8,5,1,10407,2073911151,1427947793,638891182,977570666,1111068011,-1822027478
4,8,5,1,10407,235451038,-1065109712,225720949,-1750784194,-181630425,1677977458
5,8,5,1,10407,-966310193,1419949764,-1859588897,-442479863,794656034,-1723580131
6,8,5,1,10407,-905292621,7678880,-265797375,343111480,-1697030315,-424690902
7,8,5,1,10407,1928094171,1664805645,-1378790809,1242303944,1273492193,1912309581
8,8,5,1,10407,726299927,1083177548,1681242790,1105516403,1764869597,-615110144
9,8,5,1,10407,705351245,197295535,2027317633,-1893688149,-588566653,815964074
10,8,5,1,10407,-204842111,2093928612,116884741,-484686789,-1434207438,-1630007556
1,9,5,1,10407,2131273402,1215290933,-1487042493,-1531507336,-948830170,-1064273869
2,9,5,1,10407,-715872759,766488772,-194744420,26563472,1415845465,-1581709668
3,9,5,1,10407,2076065432,-1932819822,274555438,-1477763582,927196132,796723544
4,9,5,1,10407,379998490,-1748485659,-2107958903,-836633753,-226809435,-120872560
5,9,5,1,10407,649778686,1405834621,2110391223,642774563,-131881385,1929993198
6,9,5,1,10407,608802361,-197431770,1599007408,1807952086,-2057059117,1628974039
7,9,5,1,10407,1246417483,1735096453,1248785350,611797612,2050605590,-2044543142
8,9,5,1,10407,530773025,1919068879,1442551157,942897784,528245246,374687011
9,9,5,1,10407,-1995774250,24514380,-1091540387,-11522728,-1322102822,-1698604636
10,9,5,1,10407,-442565618,-302846164,-1153013031,-1357546630,-88836979,954597546
1,10,5,1,10407,1402268556,-1379368737,732225528,2101377686,-1309907626,-534757417
2,10,5,1,10407,-988576427,-1643855229,-1436234028,603448278,2019584487,1207221113
3,10,5,1,10407,1350969546,-1497704889,1583437773,24072978,1148821734,1657477443
4,10,5,1,10407,1255568025,456675830,2136456372,-2092050451,1897123992,-1736315714
5,10,5,1,10407,52667529,-1006912954,1338369447,-1075450785,-1585123998,580335254
6,10,5,1,10407,1995460323,-1411304223,595386885,623717298,43205702,-188341251
7,10,5,1,10407,-82716530,-553897612,-1637467299,-1939684815,-1347571242,-1903030784
8,10,5,1,10407,1675122919,1298799931,474115770,78181528,-106368785,-1814703834
9,10,5,1,10407,1648516143,1183388551,-1883580037,-899548700,1777258425,-151684568
10,10,5,1,10407,-424667597,-1403973513,691040410,-776782450,-265379249,1353020523
1,1,0,2,10407,270561096,-625205765,-447464882,-996676887,2026735481,964536088
2,1,0,2,10407,668790653,-1008983635,1462149459,-1045969912,-193824365,-485667208
3,1,0,2,10407,918073380,1385972807,421581990,-687324051,-1485118563,1088313194
4,1,0,2,10407,1205020806,-1216876622,-1055863441,1304330127,1675414614,2085764584
5,1,0,2,10407,-80213234,807987139,-1670198166,-505576824,-442406031,450547790
6,1,0,2,10407,1666203307,135969620,184034586,-301444147,1240123046,1854586467
7,1,0,2,10407,1801326266,-1280591752,1225008935,1770964433,1160773983,-226538925
8,1,0,2,10407,1122964721,917016614,-1150676925,-1718961858,-1690738912,34390981
9,1,0,2,10407,-1032682855,1357869528,-418160637,-1272091733,-1419580946,-1773227085
10,1,0,2,10407,-809795206,687700197,1582961790,1008604410,-699725815,626728578
1,2,0,2,10407,25577326,-1243101965,321385192,-282942866,-1864339397,1455982448
2,2,0,2,10407,-667350184,-21271585,-563081242,-2036775889,899873781,1076385845
3,2,0,2,10407,1594175459,-1485183191,1052323882,1663448146,-1698520830,-1558469876
4,2,0,2,10407,-1105305846,99043181,-1315934802,-215740871,-980239811,1078615175
5,2,0,2,10407,288683825,-875257604,611919018,-861549957,1354971870,1678826678
6,2,0,2,10407,-1397174598,223246361,-1234327243,-193973328,1094425299,-439151155
7,2,0,2,10407,329733092,1570819693,-429320439,1600882342,70725708,-238328623
8,2,0,2,10407,-2106796901,1375878545,-935212203,687758776,2115940496,-1395767328
9,2,0,2,10407,-2025702657,-1082082937,-77224340,-1874183953,-1742546342,567553379
10,2,0,2,10407,925520129,650816969,-213556850,-1924919285,1509354094,-437005533
1,3,0,2,10407,1844702782,-1326268469,1903348438,-2069951762,718975440,174685330
2,3,0,2,10407,627293643,-1893381908,553294954,1507779264,888023469,759877609
3,3,0,2,10407,1381990574,-1443451250,185975713,2003500243,927435218,-766331932
4,3,0,2,10407,-1825287440,-545539765,30445151,1106083593,290164574,-812026487
5,3,0,2,10407,640823073,-1176551968,-2059587745,133372010,-366141888,1575862151
6,3,0,2,10407,-1615431941,1049364618,717475227,1671594562,194216979,-976033103
7,3,0,2,10407,241943427,320001235,-562045302,279437766,-949248291,-535605410
8,3,0,2,10407,-1213464049,319332957,-1348615774,402394443,1295749790,614106626
9,3,0,2,10407,-1970701182,-1328197122,-1312715975,9496052,726025606,-290439690
10,3,0,2,10407,-1159463178,-913578396,-346576652,-1645378417,1669481877,56279374
1,4,0,2,10407,1758734983,494209401,-8810317,-542977989,-2104193111,-426651282
2,4,0,2,10407,1486433609,421212151,93181598,-2144454107,656293275,-294204238
3,4,0,2,10407,-2063207676,-2112210843,1942618630,-1077184200,1522394588,-1536548606
4,4,0,2,10407,1624289265,153324793,52758823,-1338726763,-2008605218,812576889
5,4,0,2,10407,93832331,-1574548037,-1274809127,1126764295,294447403,698486213
6,4,0,2,10407,-499718172,1594184999,118723998,-1885546518,-678687981,-179057162
7,4,0,2,10407,-1864223584,-806055552,-1473234814,1223621848,-169588105,-1825588173
8,4,0,2,10407,-823545183,262606098,159434682,559638272,1462738316,-2000988985
9,4,0,2,10407,-264257802,-789807891,1134623843,535459602,-1165348518,297889070
10,4,0,2,10407,-72739391,-1771208306,1274908368,860966044,-322447797,1445359124
1,5,0,2,10407,-11840211,-517709600,352791584,1502826538,1102670334,842611294
2,5,0,2,10407,-1420029050,-1820243408,1705043287,64097400,1262024040,1497763400
3,5,0,2,10407,1509892544,-1053855561,-1889008418,-788995334,-151806872,-788462626
4,5,0,2,10407,935304899,-1151856392,-1247700232,-1398292627,2116603205,236001353
5,5,0,2,10407,-1487512207,923463674,-1166288408,-1383064901,-434326012,-260679174
6,5,0,2,10407,-196951176,-350210658,2088961236,64607011,-758290968,-612481268
7,5,0,2,10407,253757346,1187390728,2116943785,419257783,1498617429,-1142231030
8,5,0,2,10407,-416511451,-1303179711,552556258,-499796336,-2011631179,-480924749
9,5,0,2,10407,-751211141,629124876,206927561,444236525,-2051615826,1204020253
10,5,0,2,10407,1268031287,-694949454,1757331404,-517911856,-1924318875,2122648497
1,6,0,2,10407,957692402,-2110719503,1573423413,418867949,276841846,-545224715
2,6,0,2,10407,-1666655523,-1750593045,-1018126098,-1954697001,1045941511,1343964037
3,6,0,2,10407,2306237,905645146,-2043788829,1936295177,-288303355,-188886397
4,6,0,2,10407,623227430,-1114831269,-1812909725,1363723351,-1739343227,265691368
5,6,0,2,10407,172618712,-1976782433,1110458310,-1526289745,-220998731,-218785924
6,6,0,2,10407,-1373143237,1543625759,-2031644068,504500272,422792177,500297359
7,6,0,2,10407,1154889520,682353276,-1789574663,-2020501284,-1692565819,-865815308
8,6,0,2,10407,-269606627,-491132950,744508758,1210328040,1585851099,1544583868
9,6,0,2,10407,-468297175,-1323315698,389041230,-449033597,516441026,1300168616
10,6,0,2,10407,1145229995,-308597766,-858590990,1143336176,391547598,144243158
1,7,0,2,10407,1585485182,-211747200,384602120,929787674,-1840053875,-1780699511
2,7,0,2,10407,930423298,1815766014,-299756498,1712778160,1765812074,633489515
3,7,0,2,10407,304024970,1046378070,1554532203,1198981525,19152734,-2110772644
4,7,0,2,10407,-1910013534,1663337448,-101115277,-1948846309,-1196014353,-1098094812
5,7,0,2,10407,2095547590,1467963338,-1716621523,-1374408110,-816898712,1952942548
6,7,0,2,10407,-2053443370,-2063192270,-1931678446,1040854399,716615654,-1519352959
7,7,0,2,10407,2075348461,-1532914443,-435213066,1579461364,-1927769399,1218649636
8,7,0,2,10407,-1128219355,1490142538,-1568863708,-1884632227,769311781,966128336
9,7,0,2,10407,1109603366,-211600220,-1292094195,580966774,1038035475,863699866
10,7,0,2,10407,1478048546,1881637610,1017266904,437379056,-930355308,336023082
1,8,0,2,10407,-622678552,-28465982,-446932901,-1477303092,268193327,1730391570
2,8,0,2,10407,-1301345441,894062550,-1759260601,-1703634631,-98154217,1392814193
3,8,0,2,10407,-392314225,109343652,1791675325,-1754835412,-1764131832,-1811315782
4,8,0,2,10407,1512035852,292318458,260095430,545753499,-2114301666,-879756554
5,8,0,2,10407,1691516924,1455573297,165547883,-186966987,147954212,166234772
6,8,0,2,10407,-1424257162,-1040623570,-1774593950,-1798509366,-508510563,-1109481199
7,8,0,2,10407,1284997676,-1872630281,1180361540,145009523,-1125611192,991570085
8,8,0,2,10407,889853761,1001573635,-356251901,-2097014181,-2049079662,-932714476
9,8,0,2,10407,-1480760111,1873356080,-1525219670,-952848099,-495402844,1158522350
10,8,0,2,10407,1291557399,-1841186848,393990770,695865894,31882942,-1925179909
1,9,0,2,10407,-321690896,737028164,754254705,-1766204322,197414292,15699523
2,9,0,2,10407,-68143293,-2146779857,1144598030,-1723050171,450277373,82535088
3,9,0,2,10407,531833299,1190088107,1609050616,1505220944,-717596985,-617710139
4,9,0,2,10407,-291281712,-549296632,-2021827397,-1879472786,-1148504951,1172138997
5,9,0,2,10407,-12645792,-1557793259,-1061982604,1708994465,-277716329,1301214926
6,9,0,2,10407,-1035834243,-174020979,-543776610,1281918374,-1960960374,1744547678
7,9,0,2,10407,-730144832,529122974,-1710435215,1912729344,-1947301664,-1053495550
8,9,0,2,10407,1113290162,959484039,268626934,1352876827,-314462253,-958907745
9,9,0,2,10407,-2049754488,-917696104,-201933419,1439964865,1476373517,-456748910
10,9,0,2,10407,-1049764633,1182805750,1368749093,-280593927,-1382542200,930428588
1,10,0,2,10407,1973662206,1841857608,845047417,957499229,1787653607,-2094969557
2,10,0,2,10407,-30399272,961482240,-1901228070,1648834227,2064691358,687255498
3,10,0,2,10407,304319810,297741771,1720630939,-1785039626,1537138593,278858093
4,10,0,2,10407,1017114276,115419081,-1697016449,435482361,1809288676,-63828955
5,10,0,2,10407,1547582929,-1118180679,-1806209785,1496205300,-1310360782,-1867549164
6,10,0,2,10407,-990903375,-1910851398,-1755485697,-1340762171,-1857256191,114353532
7,10,0,2,10407,888349389,-1690767723,760772267,620249706,-1325376772,-14904342
8,10,0,2,10407,-141853181,1639392438,629609070,-2060570637,1904321557,-925056369
9,10,0,2,10407,1459114076,-564638451,994449874,-302062351,-498823065,-1967084662
10,10,0,2,10407,-1427168266,2010402640,-1922551135,-1897374165,1281423059,1900937024
1,1,1,2,10407,-554106185,473718403,1576294287,68059219,1414986309,393762254
2,1,1,2,10407,-352566537,2144739970,-36270828,90729437,-774095054,2073420749
3,1,1,2,10407,-1257559687,-1253526436,2001744406,-2107800572,-1388917103,1056751030
4,1,1,2,10407,941493483,-568826243,1026696946,-1642535351,-2000227282,-572441624
5,1,1,2,10407,1101268360,-1919506939,1959557599,-1543544929,-2137775030,1841956950
6,1,1,2,10407,787303815,1803943689,-1143657768,-977745952,1565608509,721796761
7,1,1,2,10407,-1597804709,-380331142,794606424,-1540323408,199137978,1081596503
8,1,1,2,10407,-384290710,-1629584350,-574908069,74347324,-1015065965,1219881901
9,1,1,2,10407,-1646064322,-1722818090,768819103,-154775117,524230755,-1799091240
10,1,1,2,10407,634279984,-1285179469,-1165603752,1272422186,-385569770,195401008
1,2,1,2,10407,-1010941038,1119832313,449269218,-1027899913,-357808037,-675711243
2,2,1,2,10407,-731923523,-1769071437,-1640676904,-849235274,1104200835,2053992275
3,2,1,2,10407,-1193744857,1475349085,521408869,1194347120,30295113,1367605633
4,2,1,2,10407,-1499750973,748334218,323845171,1038372941,1606591513,-1094585757
5,2,1,2,10407,-1801612322,670380393,506724709,1186158561,1774967582,844591203
6,2,1,2,10407,-703912397,1451728689,-115098488,-1706583740,489212477,733820320
7,2,1,2,10407,1786330816,-1628401898,-86597854,1657087168,-1956700238,-442215425
8,2,1,2,10407,1546406552,-1206522013,1255222221,-2064836312,2118957559,-1417287017
9,2,1,2,10407,-880145958,-723203049,-1984930485,-467089877,965239024,-576017337
10,2,1,2,10407,-797853375,-1633800187,1128724146,2003663434,-2037800550,-433192093
1,3,1,2,10407,-1882558258,-1796072345,349583346,-117162473,-1672495159,-547307728
2,3,1,2,10407,-1316997343,-1264166953,1365897311,1919070194,-1726756586,220375514
3,3,1,2,10407,-1121844911,1188313761,2064984239,-195166003,2090529417,-1360174706
4,3,1,2,10407,-1903247821,958095166,1150333149,52909335,1673461770,38800865
5,3,1,2,10407,-2052236050,-512127589,-141234516,-576672013,329563208,259894148
6,3,1,2,10407,-735056750,1620262301,-238078556,2011605146,-402154775,-624685058
7,3,1,2,10407,-364387328,-1843182944,-242790297,-1520344806,363683842,-1690561916
8,3,1,2,10407,1776901523,-265882574,-1788193813,147933705,1254995906,-1777706769
9,3,1,2,10407,-1678967668,1900618024,-1212291747,-713807844,1062141994,2126214535
10,3,1,2,10407,-1099184850,603175280,-633580427,-222630796,1458225809,931362929
1,4,1,2,10407,1964848614,1395730249,-50842553,933488670,-652629188,920828398
2,4,1,2,10407,-844830187,255335949,192734463,495455436,-430157487,1104277555
3,4,1,2,10407,575205652,-706215088,-1785689695,-1658525585,398291160,641541921
4,4,1,2,10407,-1508028308,-759339728,-1288665304,-1271430402,-882343380,1937349996
5,4,1,2,10407,2019138055,791710815,-2142885524,-605160232,1532891497,-1659115291
6,4,1,2,10407,475899922,-1953415688,2133138803,903845647,-389872585,1064300011
7,4,1,2,10407,99469293,-901297914,-1095058632,-497504474,1582611485,695494941
8,4,1,2,10407,1000317689,-1191071024,1904303803,-13992360,785661,-1899012162
9,4,1,2,10407,-447237746,-8215283,-1511788991,385316404,-1762397139,1545572018
10,4,1,2,10407,-462554686,-1636850526,-663590283,1053219216,299077985,286701346
1,5,1,2,10407,-271111965,-1611463685,1105642171,-333026297,-645599821,-1304828254
2,5,1,2,10407,1664080593,773070314,280360596,1988992220,-327014986,1091814101
3,5,1,2,10407,272163364,1110907945,276343340,1102568856,-713772854,-83519767
4,5,1,2,10407,75138918,491511537,1633684155,1442264751,-381447749,709411335
5,5,1,2,10407,-1499849524,-1592811011,-1947778972,484093661,2066711426,-403251566
6,5,1,2,10407,1222918483,2100678890,-1759693262,-952376548,58848042,-966860220
7,5,1,2,10407,612411128,938516799,592620434,146285383,-1398526744,-1990138624
8,5,1,2,10407,1393309862,-43574923,1650983166,-880995811,428750612,350658791
9,5,1,2,10407,-939672691,1816978456,2092748444,-1481871329,-1465215381,1030692292
10,5,1,2,10407,15812548,-818594792,-1249101514,506492482,681717196,-1843028476
1,6,1,2,10407,-957599993,-802063418,1128239610,210368206,105631516,1562411565
2,6,1,2,10407,-1530025125,-1535649523,743055631,113001051,1933012399,89236917
3,6,1,2,10407,1389569527,906840178,-1404216406,1421118704,653650201,-169247624
4,6,1,2,10407,1568126475,-1392867193,-2022980961,-1538778863,697029824,1900496312
5,6,1,2,10407,-187093496,-180158198,807159042,679222758,864528697,1483211824
6,6,1,2,10407,285813226,1128481212,1554978536,601554093,183276684,-563332289
7,6,1,2,10407,-449033773,-833320460,-2103551683,-1786276053,-2069517818,950741861
8,6,1,2,10407,-1012597059,819548365,-1779988068,-1435271030,1730151976,1122607573
9,6,1,2,10407,1441224504,-738100673,402155532,-77476350,503641260,-410221528
10,6,1,2,10407,750031849,1748945881,-1383829376,-327913969,-280236383,-594502009
1,7,1,2,10407,-22118528,-2091745126,1325008422,-1915387910,1066373076,789848736
2,7,1,2,10407,2114938470,-1592570627,-263437165,-1877592643,830370732,1591000116
3,7,1,2,10407,594126823,-1043840604,-818510443,-1895586910,-1975003528,-640382346
4,7,1,2,10407,1716477670,874555649,703264870,624440091,-1262452004,1740240335
5,7,1,2,10407,829653379,-1060110719,1700066001,1146235826,-1386346242,-1457912832
6,7,1,2,10407,-1259628509,147101282,1394730358,19760410,-672821153,569197654
7,7,1,2,10407,-210718776,721577572,-1474245230,1681088165,-990516372,959965756
8,7,1,2,10407,-1871682686,1849937640,-1615744161,1532546052,1556470743,-1949047994
9,7,1,2,10407,176040611,-1434753986,-245654494,-370659492,-428997467,450558100
10,7,1,2,10407,-1184896400,666084426,-974927795,754486132,742673970,2035682103
1,8,1,2,10407,195494025,-1905787402,1326982478,-33808355,1867934783,2039245310
2,8,1,2,10407,-785986064,-942061527,-565923354,-1198849374,-1564049,855032956
3,8,1,2,10407,-1739532881,-461747654,478226654,-1702065524,-859581277,-1790733896
4,8,1,2,10407,1107751968,1301579594,-1670382074,1563301129,-995770671,1284411989
5,8,1,2,10407,271463244,-293146945,764825241,-1866719235,1035424719,-334409328
6,8,1,2,10407,-384072786,1873469916,435601217,1850881134,1295879046,1554456370
7,8,1,2,10407,144965349,357192107,-173767454,702741318,-39913299,-498419250
8,8,1,2,10407,296109584,21917852,-1683130072,2129414738,-1292622245,224610269
9,8,1,2,10407,-1837910865,-1392925403,-1342061127,1369118181,-1592716278,485664467
10,8,1,2,10407,-1820777542,-794920592,-945916568,-1320878988,-236246284,-247956781
1,9,1,2,10407,318745452,1793639976,-1152690430,658673585,-1512506998,1285188229
2,9,1,2,10407,978820236,-275813404,1031560095,-1306531778,833152703,453820760
3,9,1,2,10407,-663630978,1732637687,-1764197947,-838304538,1589729389,-535592586
4,9,1,2,10407,1710301126,226289655,-2026188991,1510137693,-1664017007,299995830
5,9,1,2,10407,-180624240,1474854745,-1720406499,-2038477212,1923055135,-420488691
6,9,1,2,10407,-240193963,623349037,383817636,-1617008458,1020803839,1881335498
7,9,1,2,10407,2138830569,-1051652881,-1701010060,741924957,-1425443699,1347999612
8,9,1,2,10407,-652573609,-1866568244,1562192399,-1250971750,-181323125,-654823561
9,9,1,2,10407,-730566260,-501041948,-1245821623,369363245,-626178086,1649288978
10,9,1,2,10407,1804846804,-783603457,-1309748113,1232542876,1393499834,-31147997
1,10,1,2,10407,1649590637,793489785,710937181,-1564743291,647789500,513370925
2,10,1,2,10407,-1700837654,-1626706794,-1007016851,420899352,1278719273,-677933775
3,10,1,2,10407,520800590,-2111150212,1401615179,-134804604,1984951966,240672870
4,10,1,2,10407,673970209,249170849,-1485377945,1463893017,819428356,800604470
5,10,1,2,10407,-2067526096,603250507,-1870162079,-2139369686,-2117129442,-1926453559
6,10,1,2,10407,1559115348,1788533578,2051380297,23984987,88874865,569359379
7,10,1,2,10407,585709734,-1368930909,1690326509,-2081580813,-1425297541,680352919
8,10,1,2,10407,1142404495,-2047211858,1448787828,1715881006,-184184133,1300518004
9,10,1,2,10407,783205212,-464455956,1603211639,-629951785,209879310,-1538284909
10,10,1,2,10407,-1858431380,1771332501,1378928059,1547099494,1214892803,1859752442
1,1,2,2,10407,-1473004319,1816763820,380280303,1315399559,1703016181,1958056033
2,1,2,2,10407,469875059,-1044351324,-1218530154,1567904006,1266207607,669779669
3,1,2,2,10407,397252495,659648449,267331027,-1320134141,-937903464,-898556612
4,1,2,2,10407,-1749049568,1315686121,-254693656,-2022599584,-1422887185,-1945967150
5,1,2,2,10407,464186103,-1303905949,-777742158,-364897429,-416629824,1132306901
6,1,2,2,10407,693488577,104718768,-1173887447,-673886720,-822532301,1140743029
7,1,2,2,10407,1107092011,-601371443,696065885,896828791,289141212,-1076046256
8,1,2,2,10407,912621272,-204917518,-410539809,1571788280,-1465994015,1169901247
9,1,2,2,10407,-1054451367,-2072239044,2135691002,-721715265,210763010,-641621706
10,1,2,2,10407,2081207396,-1536585320,-1806109536,1776840057,792732948,-1074759883
1,2,2,2,10407,-958778415,-1096387516,1647365585,-457049496,1749164144,202859386
2,2,2,2,10407,1859181488,2004814880,1590341832,2130665020,-1495390337,1852978413
3,2,2,2,10407,415199302,2099040495,-1389648145,76552135,-2019222748,-519936922
4,2,2,2,10407,513552379,-1601474736,696339390,1346735126,-875698267,1982150217
5,2,2,2,10407,-465888558,433269789,446795864,-912467970,-1154200180,-1505226050
6,2,2,2,10407,288727199,-727566638,1846166679,48242049,-691646585,719517993
7,2,2,2,10407,-1878917806,-2090857099,1082359794,949255791,-1558674852,-257529230
8,2,2,2,10407,-536368091,1286755706,-634919706,-975390502,-607070910,-1719325297
9,2,2,2,10407,1826311440,1271115201,1421690906,1144109098,1453937288,-496215807
10,2,2,2,10407,139490755,253078827,366278134,-1634655739,-984292273,-1489775380
1,3,2,2,10407,-813905380,-506044844,1598951506,-1706822021,1304927581,-2015043340
2,3,2,2,10407,-170105438,-53560632,-1657369619,-174036127,1665581784,1204562289
3,3,2,2,10407,375969482,293824096,319180563,-1307673301,1494885253,-576501617
4,3,2,2,10407,1725477844,69199376,1325305458,1954251712,2094995729,1984310087
5,3,2,2,10407,954802616,-766390817,-1582651018,1106724866,289718742,184577473
6,3,2,2,10407,790188255,1722753910,-635444495,2107329880,1367448437,1483038082
7,3,2,2,10407,-613816656,249203142,-847821189,-685429044,64591797,604096532
8,3,2,2,10407,-1373850076,-1159600949,-1467437727,677925895,-1432590248,-590225084
9,3,2,2,10407,-16910336,581725243,-61710306,-601700133,782620757,-2050794754
10,3,2,2,10407,794095972,-832308028,1106307518,965341826,1609129143,166889004
1,4,2,2,10407,-184163162,287580108,1395525286,68671009,-1576797520,881958535
2,4,2,2,10407,-1529820110,-834109576,46385451,-1379873692,-232648910,-906304026
3,4,2,2,10407,-105149264,1399505001,478273799,-643613159,-1095650777,883055008
4,4,2,2,10407,1198250982,640919732,2142920170,404497689,1920183776,-5216820
5,4,2,2,10407,226922569,938970039,-774475157,-436219332,859514693,-1070254291
6,4,2,2,10407,1722878748,353788819,-1395433544,1489707353,-502997866,1092512432
7,4,2,2,10407,1290621064,-984361148,-1730634758,1793310156,1856079377,-1077159577
8,4,2,2,10407,-2122105660,187694352,-1922145902,-385287065,231352398,-188729814
9,4,2,2,10407,-580572085,652874227,-200428594,-1720061188,-1745470589,-1757617333
10,4,2,2,10407,-1049771275,76462554,-1931149343,1874352413,970684753,1014089025
1,5,2,2,10407,122819575,653576022,-52958212,1782763987,750289296,-1277037252
2,5,2,2,10407,-1159413821,548747964,1189283058,-1649140954,1242358264,1187109945
3,5,2,2,10407,-491347964,560999135,1673668229,-2094850166,-1871602997,-157238654
4,5,2,2,10407,593578774,1884876492,-239056651,-873355130,1327730240,-716232492
5,5,2,2,10407,2040168860,-2141626514,-973998330,-973222160,966283616,-1998149097
6,5,2,2,10407,1965904895,-1340624161,1177711227,-1258710462,613284532,-77340426
7,5,2,2,10407,1458307093,-1352792345,-1061851099,-1260471434,-348380164,-1267961471
8,5,2,2,10407,-1428432799,-1957245200,52919383,-1638030597,-1668712736,2047543235
9,5,2,2,10407,-1609925734,-542493434,1556831363,-1010947471,-1036282082,-1087444173
10,5,2,2,10407,-878947885,-130241723,1983363813,1699013698,269653028,-82764749
1,6,2,2,10407,355111163,-410640221,-975101448,-714110984,-1138210035,718641791
2,6,2,2,10407,561333964,-1639633206,852084389,-624540648,-1972275408,-742344177
3,6,2,2,10407,740675920,1185692369,1960811805,-1184109091,-21509330,772621202
4,6,2,2,10407,1512155282,-291640487,-1473354201,1367382154,1331428393,-727481878
5,6,2,2,10407,-2104527406,1289087979,675353300,270825141,1655554263,1233549137
6,6,2,2,10407,-348913536,-1424120793,1784244859,285349514,-1507979670,-1587700652
7,6,2,2,10407,-1986656729,1199265186,-530067142,-194397603,1393778861,-1342243002
8,6,2,2,10407,-59246632,30964390,-1446547688,492961974,-1428341575,-1602883125
9,6,2,2,10407,-1823736616,967689058,-1178492275,-977847678,553012360,-2046010453
10,6,2,2,10407,1244740421,-2043740340,2125942942,-2067927919,953764721,-252253154
1,7,2,2,10407,1855943456,1288386060,468987802,-195041959,-2038784875,-71959219
2,7,2,2,10407,2063317609,-1400732741,-1433288010,-1244385092,-1901891739,-21224789
3,7,2,2,10407,-1955408017,1740401886,-1315007783,667706840,1603308721,1510517974
4,7,2,2,10407,-1771980531,403788676,-706703041,-1657335827,297431758,861532983
5,7,2,2,10407,1868646067,-396372096,1448509696,975871665,-1539887141,-424365287
6,7,2,2,10407,-1667670343,1780265603,643338796,-229213544,1648649075,994108448
7,7,2,2,10407,-14913455,285060901,1123598842,-69190006,-275423077,1175240025
8,7,2,2,10407,-802780381,1869685085,1346922429,880296506,1493976811,1264376110
9,7,2,2,10407,2078617399,-1974720702,721051244,-1848512367,-185049838,-331359382
10,7,2,2,10407,799826762,1790050797,614352542,1702177713,19545,-1784222389
1,8,2,2,10407,2013577269,2125293155,654721925,922940067,886636763,-1920291803
2,8,2,2,10407,1626958197,-934397862,1869365609,-1998508788,119316803,290713720
3,8,2,2,10407,1992184048,-850407925,1478685970,860930444,-558645554,648229848
4,8,2,2,10407,-402514930,267429363,-1614929498,-1907398819,-100130259,-552183222
5,8,2,2,10407,-1982432986,-786133109,-1861666447,-1196046514,-1505613665,1422226572
6,8,2,2,10407,1140302117,673399207,-1550170453,-260620310,-149363487,162721352
7,8,2,2,10407,-1434746117,-723484172,352744114,1850086902,-1877465626,-1561033904
8,8,2,2,10407,-953760143,-83985323,293152913,1549808102,200355616,-1268181187
9,8,2,2,10407,-308359587,-989009060,2144458714,-1508669102,-1442376256,1915140311
10,8,2,2,10407,-606084065,1154432889,-454457823,-242723575,992018671,-816519981
1,9,2,2,10407,193751501,1151497895,121927742,-1531405561,33876573,-662624985
2,9,2,2,10407,-1870491469,201897818,-260477686,-1350360483,-1805428049,1308961924
3,9,2,2,10407,1731752440,982892679,-781544064,971608087,-1064489667,1272951695
4,9,2,2,10407,1166284642,187562158,1837363112,-595275488,347098814,-950434675
5,9,2,2,10407,220388183,-1634821736,-614248401,1181455551,1825188683,327058714
6,9,2,2,10407,433617558,296954892,1495364326,-1277135116,1017026917,82643645
7,9,2,2,10407,-1429195694,32810024,1238755874,1191722132,830219563,-1558613549
8,9,2,2,10407,340302115,1461510164,327334610,648745925,1309209085,863794132
9,9,2,2,10407,2037494117,1803513855,-1515018100,1433951468,-432276859,1282828218
10,9,2,2,10407,282428964,1323162869,1474201108,-615073976,1988407464,-1845376717
1,10,2,2,10407,39219910,983154169,-1530324470,-91581330,1473131122,-910341328
2,10,2,2,10407,-489663054,-1269328381,-1501100829,-1584173196,-425712876,951680528
3,10,2,2,10407,-2058314357,816729935,1571766327,-550697694,-672108361,1534910358
4,10,2,2,10407,-1064084461,1742441656,-860952182,-1216562801,154043215,543919221
5,10,2,2,10407,-1132061229,128140279,1200516061,-1136537992,1707040007,-306834944
6,10,2,2,10407,971248418,-939995880,1567960769,1614227551,1529715386,-1623603389
7,10,2,2,10407,-581512944,1165867550,-1406205831,-1920939511,416056277,611335233
8,10,2,2,10407,2111760941,797824685,-951456775,-1338392986,-552901711,1591405588
9,10,2,2,10407,-1499275175,60793354,11917397,-972791531,-1782972181,-549816632
10,10,2,2,10407,860365331,-1594999787,171576618,-1963175597,1125990265,-371176577
1,1,3,2,10407,2052859966,-990202184,-1216903241,-768570649,318885932,-1474515233
2,1,3,2,10407,-1772534958,-1674318894,-1252173309,1110546637,-1227288034,583145253
3,1,3,2,10407,1183359298,1192568071,1839727627,-1770513000,-1251367599,1984174841
4,1,3,2,10407,1594703515,402994227,451138376,-1102613732,1018221502,-1030139764
5,1,3,2,10407,1890195121,228271622,-569230631,632239389,-1117855518,194452737
6,1,3,2,10407,66449298,2084743710,1529836418,925429292,-1143115085,1649827336
7,1,3,2,10407,-1389453549,-924827927,2095335058,961734027,1067941435,277021626
8,1,3,2,10407,-1437778486,1882905072,-1621157821,867496216,1277854841,927902866
9,1,3,2,10407,1579653132,-500894735,-1009581449,629846071,1999647125,-605645577
10,1,3,2,10407,-1061323330,-322661982,-1397693215,-764883578,-212557231,786077461
1,2,3,2,10407,655718847,-1231392381,1849703518,1236509194,-280808777,-1112786612
2,2,3,2,10407,912581835,-1221773625,-422470200,-1685876481,429664180,485306022
3,2,3,2,10407,-894679361,2025636180,218333924,-515529721,1975345320,-248656403
4,2,3,2,10407,-1408307430,-1058822275,1679532309,182259716,918304247,-986863359
5,2,3,2,10407,269222021,-1673947362,-66756676,-455894115,500239605,1747300574
6,2,3,2,10407,-792371503,-1388432453,817394375,-1868818658,-1859299236,-1512267375
7,2,3,2,10407,1029863009,-2005606921,1107247708,91476394,729787371,1759077488
8,2,3,2,10407,8062176,1083371764,246275720,-57762780,-2096208187,-1257951204
9,2,3,2,10407,-2729112,534750431,-543352293,859327435,1418769945,-1982442256
10,2,3,2,10407,-1992501928,-699191105,2055188046,-402186847,-91613021,-954419797
1,3,3,2,10407,2110602657,1968046193,-263916083,-199827409,-2130109702,1227096190
2,3,3,2,10407,-889150854,-406622313,-1180850412,-566023402,1851425348,-1754291428
3,3,3,2,10407,-1746787777,993584189,1568900701,931777640,1000457493,1010825305
4,3,3,2,10407,-339323314,-589428064,-1915875094,1836346044,2113425373,112831806
5,3,3,2,10407,687624685,722688751,-431587827,323234123,-466405398,2043986685
6,3,3,2,10407,492374981,-1193528644,98580287,1491501362,-390513915,-2088608235
7,3,3,2,10407,-830404313,-158342546,806127904,845188329,192772139,-39126455
8,3,3,2,10407,-1110606595,1658147441,1270346238,-1845828577,-282315845,-1719867731
9,3,3,2,10407,1990419124,-6330848,-1518763573,-344124087,-1463522516,-1579070089
10,3,3,2,10407,-2029222068,512537879,-1837076696,882646182,1167057123,-701224310
1,4,3,2,10407,503240146,-87876382,-540771894,-1258069636,-648558016,1749591963
2,4,3,2,10407,-1312584454,-134960270,-1373325077,1231309076,-133659684,-1580256048
3,4,3,2,10407,-536189452,1840106649,-1801894840,1056504926,1769127092,-571769878
4,4,3,2,10407,-923855985,-1764241564,-1341442914,-21987274,858618889,-1692336892
5,4,3,2,10407,1031566708,-1889267536,2137450929,-425609811,770708127,1661104193
6,4,3,2,10407,1361814038,1071038678,-216135733,1435095948,2084247114,-840223066
7,4,3,2,10407,-111367541,1508518645,-32493434,-1168945597,454497238,-245818377
8,4,3,2,10407,2029695344,1744790541,-1811209843,95029471,993249683,1307758760
9,4,3,2,10407,-213887096,673491350,1663848191,-1632123994,1603090618,-299096238
10,4,3,2,10407,-1867827437,845841222,1849007381,-534920054,-307379624,-1793767695
1,5,3,2,10407,1658861251,-980795458,-209870430,-911289505,-560759698,-2011367916
2,5,3,2,10407,-481684874,-1886382210,616865052,1261206264,403587906,-434602913
3,5,3,2,10407,1260793021,1321048853,-691159921,-1349802394,772460584,1554850728
4,5,3,2,10407,-847678232,-699440102,239146604,1578306616,-4170834,316740902
5,5,3,2,10407,-2080308309,128933290,-2000463905,-1853614928,864532992,-1309261465
6,5,3,2,10407,-1368333446,1671747667,751110785,1664096768,-1361398867,-808057216
7,5,3,2,10407,-327302635,-24226039,-1790668797,855878591,-876105165,-1078011863
8,5,3,2,10407,292514768,1349154755,-300734255,-15602227,1979118185,1434136160
9,5,3,2,10407,1512416341,-809841333,1573627485,1987181554,1841818991,1210462924
10,5,3,2,10407,1711283322,486589238,1810983341,-593063041,-860912085,1706510121
1,6,3,2,10407,-686036101,520932427,237257404,-2066707345,-696683602,2071979356
2,6,3,2,10407,628965271,984289563,-1375511179,18618640,-2021300284,134319872
3,6,3,2,10407,1980888893,727894666,2055046937,-1279445750,404869564,-363330655
4,6,3,2,10407,365612985,-1652340802,899894044,-1097166138,1474031625,-1041821747
5,6,3,2,10407,1573124618,54908681,79651339,-232068727,2014300064,593974632
6,6,3,2,10407,-649054403,1319575042,2141190042,-213424320,2136273936,-1375937365
7,6,3,2,10407,844291253,117718753,1442545837,657250680,288136377,1891153279
8,6,3,2,10407,793822462,-1691084184,-680299453,-1985774065,1885163223,-1933940155
9,6,3,2,10407,354278743,377329847,20379261,-1154911571,-64401195,-220778122
10,6,3,2,10407,-1313115304,-1004033278,-1287589280,308080445,-1927435860,286201890
1,7,3,2,10407,578816413,56227854,-840875325,-1487823778,-1016175481,439331153
2,7,3,2,10407,762253786,1531845645,1341915381,-1518696729,-544209076,-1219856641
3,7,3,2,10407,-1262737875,-2135067772,-1347612190,88594815,1347253426,1625529823
4,7,3,2,10407,-675287575,941585963,580142190,-1119442998,-1104417762,-868081375
5,7,3,2,10407,-1931699668,1617082754,1954206236,-2111660961,412781576,-1707948803
6,7,3,2,10407,-150544386,2028073572,1113642459,1399422906,1920203230,1659388475
7,7,3,2,10407,-1282117918,-177211655,-1843265930,-1564117520,1510761323,435589319
8,7,3,2,10407,1794343971,1468337124,346461501,1530782908,606577168,-1685393942
9,7,3,2,10407,-276579781,-995412463,988012758,-1744582074,-1884047521,722219756
10,7,3,2,10407,-112205448,1352065002,-1358860726,-310741066,1987225611,1618347887
1,8,3,2,10407,-1876454913,1573544758,1267813320,2016368925,743076613,-375894885
2,8,3,2,10407,-324073384,1182356320,-501806976,1177428865,1992143290,-1503765601
3,8,3,2,10407,-1944343698,1423566110,965208968,1757554559,1474423068,-283018168
4,8,3,2,10407,161719642,-1203233119,1074973744,-473989256,1542829250,-918162341
5,8,3,2,10407,649268935,-1051406915,659146953,-1877409363,971050568,583912131
6,8,3,2,10407,833147395,-1722065727,-1334630150,789730770,-1715718483,1134604621
7,8,3,2,10407,-1577859670,1263216652,1432342651,-1908257208,-838193430,-333004244
8,8,3,2,10407,987801293,-205759227,853582959,573422794,-93883139,12577333
9,8,3,2,10407,1896873367,1383907297,203313272,1211212612,951428285,-1224647089
10,8,3,2,10407,274751625,455262084,-411247251,-1323010643,1973980667,-1170228236
1,9,3,2,10407,-2000566360,-229940034,-1277325140,64286673,-1186523394,-1821032509
2,9,3,2,10407,-431995697,913338472,-941627807,-301103718,353377798,947265908
3,9,3,2,10407,15759424,-2132650676,1245680245,-950723098,2022532796,-1992745517
4,9,3,2,10407,-1100772497,-365619327,62104848,-1729375253,150637389,-170746173
5,9,3,2,10407,1799194895,-787324924,109162893,-280952570,587285304,-974397842
6,9,3,2,10407,2135599531,-1464336512,1628714099,-61310637,1082527539,1380899926
7,9,3,2,10407,1297789897,1662373577,149553795,561591544,-1753550461,569429652
8,9,3,2,10407,-1407344375,632328557,936706819,-1777637370,1242374384,972077963
9,9,3,2,10407,1519286219,1678513727,1756879582,-164284632,-1961112051,718029143
10,9,3,2,10407,165861192,1578275963,1131780492,1905062316,-1535577896,1589841219
1,10,3,2,10407,1711959923,-632423083,-1286879800,-802489232,-45279897,-499318205
2,10,3,2,10407,2054014624,-551001717,-898781172,-90689594,1750017983,1902040917
3,10,3,2,10407,139363708,1253233962,751311794,-1871176477,-1635357344,-954778192
4,10,3,2,10407,1234145282,-1580753013,1422747005,-1581334922,1155634939,847351548
5,10,3,2,10407,1429429999,535851815,1677760581,-1241076870,331442603,-1352455546
6,10,3,2,10407,-813504503,-2090756622,-1065295674,-1706808608,899603961,-159840006
7,10,3,2,10407,1041477242,879822349,302734610,1026269953,1559900772,-1593916055
8,10,3,2,10407,420842940,79466511,-1243245730,-207603392,1310246779,834999508
9,10,3,2,10407,1669343792,-299337686,1693489492,-2053481935,1680075758,-859988576
10,10,3,2,10407,-561629284,-602276932,1342377403,296998119,-2128019507,-259205638
1,1,4,2,10407,-341488772,2033760110,1391096312,1796315280,-1477323379,631532644
2,1,4,2,10407,-404677120,499393196,-1089221889,2065235775,883370889,1559283245
3,1,4,2,10407,308009440,803506929,-1985912021,388629018,1545531596,949105525
4,1,4,2,10407,1543935027,-1513748290,-1685500977,1440561004,1981248693,-651203884
5,1,4,2,10407,1612290188,1142305643,-1992087570,516787601,-110136389,-782446352
6,1,4,2,10407,2056803065,-1539433580,-1331820237,522088593,-1730573395,1201717268
7,1,4,2,10407,-53944720,1876953579,-787655375,1653774897,-1520412928,139405924
8,1,4,2,10407,-1869560657,919643911,-1885854669,1595409242,-956324989,-2029912415
9,1,4,2,10407,-995294208,-1813024820,2084074120,1098332389,-250917590,-849257558
10,1,4,2,10407,653048129,1993746289,691606635,-1162497718,-1951752383,2064832871
1,2,4,2,10407,808428290,-38984312,-583183269,-1393848754,-1342126980,-643297536
2,2,4,2,10407,-1203884168,-102012521,1265227327,385142930,-1245736651,135846743
3,2,4,2,10407,519623416,-1328226009,-1255307850,1486056101,-1599154791,683621007
4,2,4,2,10407,-586544290,1281123386,-1235020909,-2052983460,1414175374,-1340162834
5,2,4,2,10407,-1581639844,-539894658,1400952725,-2130344483,-1623051440,1831309353
6,2,4,2,10407,146772696,198252226,-1682750486,459886353,-816435185,479213801
7,2,4,2,10407,-1329789478,-1493231340,2048441448,-2013751176,1072032351,2010298747
8,2,4,2,10407,-771417652,-1896177462,549065495,2116403493,881101022,989447592
9,2,4,2,10407,1351074235,-1320038215,-1728940508,1345201829,-1158540299,-740927868
10,2,4,2,10407,2042681386,-1884531952,1461448144,863517403,37746036,1936048096
1,3,4,2,10407,-1610367794,-1561929397,-957843668,-1632012882,-764481234,1076997246
2,3,4,2,10407,-22041459,818327882,-1464538144,-1517607426,-966891943,-2019414462
3,3,4,2,10407,-2113668958,-599840634,238687177,1607862390,-841134530,695745972
4,3,4,2,10407,-1153407502,409266948,-188620642,1626439798,1145878489,1278250109
5,3,4,2,10407,-1400421277,-1319018470,-835519329,886581370,1640132041,1102460303
6,3,4,2,10407,1045302707,-1103136965,411006551,-1313125568,1283814529,-963417595
7,3,4,2,10407,209261400,-249555187,-184852581,1355800376,303404797,-1844013128
8,3,4,2,10407,293483276,-1405452160,-1820345593,2024500208,-1457146254,-389118886
9,3,4,2,10407,-1941117442,1759066118,911011698,-1237494913,-981254178,1008338559
10,3,4,2,10407,655459442,546892633,1893951009,-325563514,-1874478091,1366399967
1,4,4,2,10407,-1519424188,1051668099,938556321,567486370,633296343,668149996
2,4,4,2,10407,1666638113,-396428551,-426631232,-228328130,1603389255,-813423083
3,4,4,2,10407,-1047949954,265892714,627137691,-1684795274,2023728024,-79546429
4,4,4,2,10407,-1472481776,-709157579,2120039701,-1608368739,-1934941197,1466967873
5,4,4,2,10407,-1368525149,-977308162,-263222001,1735410275,-1503917244,-326203826
6,4,4,2,10407,1923243890,1670737976,274885513,586545009,1869334836,-1347866217
7,4,4,2,10407,-682795993,-310185621,-2044253189,-2016345443,1751763811,923169055
8,4,4,2,10407,-1650617043,1600361353,-2006963152,-1633643922,398106669,811891297
9,4,4,2,10407,-468805684,-1471899501,-212343432,1952774681,533787114,-554463197
10,4,4,2,10407,537213149,-514370480,-102996047,-734392880,1276516677,-177839745
1,5,4,2,10407,-1168018944,1862928572,-98118424,544637126,-1924807932,112466691
2,5,4,2,10407,-1256457757,-1174234034,-1667265499,-1776511404,-1695272471,-596682267
3,5,4,2,10407,471695869,-965842820,443974931,611687286,-2071931642,210067722
4,5,4,2,10407,-522611364,1631647677,446198478,1957193860,1541593725,818748615
5,5,4,2,10407,-591651683,14948565,1814923306,1272324941,-1001213182,-722749207
6,5,4,2,10407,-1694476085,501326776,74368189,1957893178,1776164041,-1514789832
7,5,4,2,10407,-766181026,1686545126,105969122,2090316875,1264935574,451484181
8,5,4,2,10407,-425632886,1208571598,-1987949205,-1781684553,1052322703,-2082898850
9,5,4,2,10407,-749021070,150027662,-1654101342,-1863709148,1910288874,-1390163406
10,5,4,2,10407,1125760826,2020547496,-856110927,1079258912,-1061168109,-1532421685
1,6,4,2,10407,1102877277,-1581808212,-2025667355,608250025,412435946,1003154680
2,6,4,2,10407,-1110274412,1550483112,-918115369,-326377194,-1972561714,1381167203
3,6,4,2,10407,1383250095,-1801537994,-1406494607,514129805,-1527194128,700548422
4,6,4,2,10407,-593359439,-503275853,-1666102957,-1295881009,-292546056,2109937907
5,6,4,2,10407,-1083039001,382027562,1364221178,97554585,2005717761,-1586882327
6,6,4,2,10407,450811062,-998135580,1373588061,-413575476,2060105263,-741806212
7,6,4,2,10407,192225582,-959857951,1219660239,206176998,-826569373,-705055773
8,6,4,2,10407,1505712071,-544674324,-30135759,1197929327,1869375571,-712418034
9,6,4,2,10407,2124962634,645514487,299119534,414309329,-517015349,-1829061280
10,6,4,2,10407,-884882538,2040230538,41810131,-1287453655,-1153876152,-186286782
1,7,4,2,10407,1497541169,742727523,862881609,14425052,-805524497,1423504339
2,7,4,2,10407,-129632865,-1933151562,524486549,1533751421,1717472272,2063330279
3,7,4,2,10407,-227474229,-564692464,-160437099,936588948,-545149390,-2034991471
4,7,4,2,10407,-712126620,1535883023,-1050845995,-961500260,1363101411,-164114593
5,7,4,2,10407,-312352303,-445557113,306965325,2112577969,1855094263,-1042404550
6,7,4,2,10407,272517986,-1197978090,-1542827889,1522139903,680005786,-1144957282
7,7,4,2,10407,-1042315705,63109830,-2101839256,-744650121,291729628,1191957921
8,7,4,2,10407,-571255640,-1601407221,-191618934,1377328958,425554902,-964752419
9,7,4,2,10407,708852266,-466667326,-818836471,-77560170,-1637574667,1004389636
10,7,4,2,10407,-1677828642,-1325733070,-1354696935,-1082722179,-2049154156,1939920858
1,8,4,2,10407,550249394,589299921,1611768235,1884648338,-1383480811,517543712
2,8,4,2,10407,1919368263,-124800994,1928861896,1702816504,-1591520130,1069122613
3,8,4,2,10407,1718156346,-1359630927,261887090,708978536,393111699,-1251079091
4,8,4,2,10407,765249523,430706338,1639066200,-2038712230,-1960275796,-100368116
5,8,4,2,10407,-1002795349,-1135508846,-314981431,-1370565959,1194849706,90760554
6,8,4,2,10407,1045358349,-1362338,-584754075,-451436029,211566464,-20244752
7,8,4,2,10407,-1247352292,326955872,-815816333,1560650423,1329162178,198599776
8,8,4,2,10407,1974271437,875336478,-1793145085,264793792,1392513302,-1124985300
9,8,4,2,10407,-1364373418,-313795804,-2089137659,-1039586239,-1261487219,846159987
10,8,4,2,10407,-456885593,415623346,-2120277094,1201256195,-1254142750,307228577
1,9,4,2,10407,1572413047,2016950907,-1470520792,-1632720542,-1722498956,-706309200
2,9,4,2,10407,1026106300,-1338686614,753367475,-1236074873,1902831219,1398755847
3,9,4,2,10407,-605231890,-191237301,-1373634308,-240494313,431759122,-1225751409
4,9,4,2,10407,1586212534,-228548474,-564987470,1982423048,-1335476205,1839528706
5,9,4,2,10407,1393241486,-612700084,100192555,-578051287,1315236051,1069185301
6,9,4,2,10407,-949401093,1959788805,199375234,1862214182,497253801,932981110
7,9,4,2,10407,1869788764,1518656616,2135197717,-1855971502,-7179323,-1443880168
8,9,4,2,10407,2112155137,-1821037013,1931172181,-1322592633,2118264892,2034451653
9,9,4,2,10407,-372260232,1138249977,-1464102125,-423638136,-1448522267,2115961277
10,9,4,2,10407,1900921852,-296866576,-699827203,-1187716146,316355994,501739026
1,10,4,2,10407,-896130144,-2102025250,1905024526,489895535,201704532,-749736794
2,10,4,2,10407,-19215243,1468899376,1351848076,-1765027116,2024839989,175499956
3,10,4,2,10407,-492493682,566032082,-1931317609,390535534,2001036910,-790050257
4,10,4,2,10407,2013394677,-2112517768,-984011342,-1958420417,983805071,-780235092
5,10,4,2,10407,-2000147405,663561135,-58599535,-1182216791,-1112263990,-1578829334
6,10,4,2,10407,-1603053557,-908204207,1808115287,-1840358198,1703645965,903312256
7,10,4,2,10407,1288383397,-733208389,-319613080,-915012577,1814681327,-747025095
8,10,4,2,10407,2145283980,-1513594361,250142867,-156797556,-1603780083,-2038667940
9,10,4,2,10407,-2123989247,-992160548,1417161964,-774888462,-1221672897,-1861445804
10,10,4,2,10407,-332023950,1099020573,2098317743,-1314151571,46063891,-90537464
1,1,5,2,10407,560813718,-1448588711,1232819477,1290690796,-1663205642,80332266
2,1,5,2,10407,-1405319475,1710190225,1322263679,-302305314,1157241412,-356321310
3,1,5,2,10407,-787324809,-312086839,-1749104659,1064467736,-1700590095,1720348011
4,1,5,2,10407,-1944810282,203802808,657275222,-199111524,-232866724,119801602
5,1,5,2,10407,-1359205208,126842639,1044635734,1295759193,-1078814508,2045062232
6,1,5,2,10407,328588525,490255857,-1685589221,-814939349,-1036958888,-682700670
7,1,5,2,10407,152700774,-1675856027,-1906944363,806813487,2067624763,1181240852
8,1,5,2,10407,910780568,376179299,793695990,-378209230,-1808213733,-917237907
9,1,5,2,10407,1341728439,-1554303032,-2030998873,-1440766267,-1667819992,406121045
10,1,5,2,10407,462981897,277523510,-1512588136,-1944214897,1032101480,-675712308
1,2,5,2,10407,550233047,40877290,2088601479,1805852022,948786190,-1155561742
2,2,5,2,10407,1255485700,-767705931,-1743886167,-1924098222,119764601,735240277
3,2,5,2,10407,1443193468,788854739,15388779,363181482,1806037770,1086011886
4,2,5,2,10407,395406126,966407894,-731902091,1461608005,1929747356,1932446834
5,2,5,2,10407,720721426,-1354318622,-1980898736,-1450422061,-1589115916,-1242193503
6,2,5,2,10407,1406871228,1608703058,-1165329739,857927695,1129155606,359996250
7,2,5,2,10407,1158925235,246518371,-1155226394,-209179654,708702768,1596212394
8,2,5,2,10407,694741083,-1325158948,-1841228503,1411802802,588245556,-1167214535
9,2,5,2,10407,1098834896,73001319,-1290115248,-70008157,-1841563641,-1057303050
10,2,5,2,10407,852770505,848527796,-190267723,879031360,2012831480,-1330024689
1,3,5,2,10407,-25835165,-211999263,858920241,970757915,-187010640,-1152795007
2,3,5,2,10407,969488688,2146261706,-422393040,-1871611147,967519019,778372383
3,3,5,2,10407,-445461113,1988149498,727849094,50613024,-1240360449,1825327981
4,3,5,2,10407,-1752874972,1448979501,630926194,1235831560,2122030888,52692142
5,3,5,2,10407,-132521435,263780050,-45270291,1915483156,-1459242174,-107798050
6,3,5,2,10407,1931531195,1817166937,1414791402,1549235916,-1769003907,-1689094791
7,3,5,2,10407,1056919701,2103934224,1618600422,-1611373554,-2104305984,-1553002932
8,3,5,2,10407,-1316595237,-1359295028,2005700354,-2021752892,-334546250,-1046954224
9,3,5,2,10407,-1960451293,-1473981977,500097595,-583931613,-970985739,1663007598
10,3,5,2,10407,1336492458,217196791,169893016,-1559393948,1667972109,-1268488572
1,4,5,2,10407,-1754200333,1978977551,1190891335,903882461,242627761,-443508045
2,4,5,2,10407,316339496,238867935,-552079550,1030722150,-689660833,-1705013195
3,4,5,2,10407,1259238248,955836873,2031630255,-1611654592,320922332,1170110052
4,4,5,2,10407,-147784599,2141466560,-1762321965,-809758261,1784518161,-1245019727
5,4,5,2,10407,-968954647,-103374980,1835182040,1483070311,-616729268,1913903275
6,4,5,2,10407,-1243426686,-412143570,-127653875,176248574,1921407988,-2054524451
7,4,5,2,10407,729643889,1742944366,893980879,-520411744,-726103432,1460527131
8,4,5,2,10407,-2114610227,-1171901299,328503624,-1754801419,-829574559,885680783
9,4,5,2,10407,1963998290,-1461755755,847525275,-281595938,-1979065342,549481131
10,4,5,2,10407,-657194334,1682963196,-2139831278,-526234842,-1674907240,849068693
1,5,5,2,10407,498661266,-1879881649,-1440699879,879445003,1841652490,407650323
2,5,5,2,10407,-420781629,816569774,-212602949,237040790,589424334,-1531142331
3,5,5,2,10407,-1447822931,23297817,-435026313,-1678023409,259521215,48211829
4,5,5,2,10407,1188634142,1163102599,-982470776,-2045348636,1056869325,-1214902587
5,5,5,2,10407,-312143514,1512384297,463039913,1225239906,1525043916,1108650565
6,5,5,2,10407,1255925544,1299626729,1160854724,368266018,1193779174,-1055951559
7,5,5,2,10407,1260256850,-1132176700,-1099112649,823114238,1798938782,877800492
8,5,5,2,10407,1286396788,-1646821580,520292136,-1262743564,312150234,-1945511900
9,5,5,2,10407,-966256497,-785616130,-1878418963,-1438980020,1425369215,-864858994
10,5,5,2,10407,1164394102,401960549,884359306,1979657224,1734206439,-1510958949
1,6,5,2,10407,608257721,672429043,-669839061,-1538816137,1672198113,2050393176
2,6,5,2,10407,-310464348,-904378964,-1149525843,1543516165,-1723274922,1026448455
3,6,5,2,10407,-846354536,1641522906,-1315956934,1309183085,-97190923,490869226
4,6,5,2,10407,-1370090108,-1628947940,183914903,671321785,2093604348,1045714313
5,6,5,2,10407,755245361,-433454284,-1118273196,-1481685195,1266282468,-1200249068
6,6,5,2,10407,2025902696,205447653,113891041,1880751831,-1618509365,-1572430199
7,6,5,2,10407,-1409953896,832091384,-1215922102,-1837599872,-1169983154,-1291481696
8,6,5,2,10407,624869525,-1074224753,1834263029,483209156,1973629267,-390316401
9,6,5,2,10407,-1377750038,-1023219535,-1944620534,-2084367704,-1020493259,-1757433268
10,6,5,2,10407,-553084398,-1586795305,-1464045874,1059523673,-494605877,-1051683404
1,7,5,2,10407,-794386311,-2040389117,-1547992628,-2090614931,917395643,-844939245
2,7,5,2,10407,501793366,-420794949,-1587378570,1642937907,-602575024,235169315
3,7,5,2,10407,-905350927,-1412730681,-726064999,-828327252,130500994,-1910066685
4,7,5,2,10407,-1543599521,1759307392,-1008241654,-1091567957,-1249485694,-167634802
5,7,5,2,10407,-266020607,-166652643,866893678,247388385,-1118268019,-504348102
6,7,5,2,10407,-443497332,-2079798331,-752201587,2090736001,-1223549092,-1058527764
7,7,5,2,10407,669940686,-1508337818,-1585712411,-1705948042,2104968655,1179737046
8,7,5,2,10407,-968062022,1910840292,-1371341652,701142317,538351486,416705209
9,7,5,2,10407,1607343503,-2065605804,724946270,1425622394,1390551235,964899154
10,7,5,2,10407,1125150400,404894311,-1912440547,753292608,-1375426389,-1296938143
1,8,5,2,10407,-638493848,-1616114197,-222563646,456599606,-1145878371,1805993440
2,8,5,2,10407,562655253,1844682038,1382169974,-2062218281,-1601043426,1426296218
3,8,5,2,10407,1487357761,206560807,1419487380,-759528120,567725461,626590710
4,8,5,2,10407,-851284409,158280145,-132135330,-841590785,730424228,-1117683595
5,8,5,2,10407,151464,-1294790194,-1155005143,1665882056,-768289191,-1139405586
6,8,5,2,10407,138327346,-1943809257,279799556,599591888,1077620284,158880700
7,8,5,2,10407,764363092,-1656644295,-1411687901,497557904,-243462127,1565414203
8,8,5,2,10407,1087126385,700702713,50013269,-247351026,-694087457,-360851178
9,8,5,2,10407,1637733716,302644195,-386974117,-577409157,-438438156,1458135102
10,8,5,2,10407,-1607734460,1228622826,1747093653,-1247113636,1632601055,1560260160
1,9,5,2,10407,1521547112,865910627,549123081,447529608,99353805,482977416
2,9,5,2,10407,1150154164,2041475614,-150197617,1350675744,-1857752128,77275029
3,9,5,2,10407,2051096594,948579345,2137729617,1379401995,-55776686,1807333912
4,9,5,2,10407,-1417801745,826795040,-863051824,1110561048,-345754765,-1237300434
5,9,5,2,10407,1228838438,291318113,-205358260,475522912,412293497,-1620941887
6,9,5,2,10407,744834431,-1564996452,1730387204,434683420,1433225436,1063494042
7,9,5,2,10407,-556809225,-949723022,1409836656,1064917906,-1823829760,1195509801
8,9,5,2,10407,886726507,1855227776,1928840830,2034566006,587325624,-869820291
9,9,5,2,10407,-2046995434,-819130561,-1977148070,1399794730,-2052803855,1453598173
10,9,5,2,10407,-1399588199,-829350151,1974288521,1926275793,-867094799,1478592398
1,10,5,2,10407,-1354896832,1414491923,-513223727,-1401624563,-1983728375,-1021939743
2,10,5,2,10407,-1033795167,-2107357252,384572740,-2115603862,1748376251,-2138607420
3,10,5,2,10407,-593398854,2054848173,1202182143,-282865341,-140738702,1479588245
4,10,5,2,10407,-751225347,2090286839,1252740063,-1157581007,406738162,-878254888
5,10,5,2,10407,-2110882430,1102513831,787401755,-461927930,1876251596,-386979189
6,10,5,2,10407,-1697612970,-1259836285,1440149058,-1752233247,-12067137,342509101
7,10,5,2,10407,-1093795773,-830347567,-1053057338,-1278179570,1167329800,-1453612813
8,10,5,2,10407,1891314440,13573239,-641043542,466313241,-85833819,328160722
9,10,5,2,10407,744347128,1882968351,1476874280,1777124662,-2097161457,-1822920693
10,10,5,2,10407,1598025784,1734016847,-1724748482,917846855,-647076655,308865979
1,1,0,3,10407,210791048,649236994,510729236,-1536573167,367315440,-232288632
2,1,0,3,10407,1347355333,1615701545,-823962237,1351637295,2100064116,423409919
3,1,0,3,10407,-149551498,-995351476,1906103856,-780341781,-56933859,610617487
4,1,0,3,10407,662384226,-571373571,1414075647,1539584259,-755862448,-1732177536
5,1,0,3,10407,371814940,1339954158,1522164212,-1029498143,-1378319541,997294477
6,1,0,3,10407,1590911884,479904340,-474007252,742169335,-629600006,-748514517
7,1,0,3,10407,-934854083,-2052461979,-1092437562,771866079,1017667977,630261414
8,1,0,3,10407,705103682,1023250784,-347795178,-1694505642,-1624981752,36284506
9,1,0,3,10407,1067421114,1485832029,1157910031,237528975,-76648110,1911329294
10,1,0,3,10407,-826728451,910087433,-815041227,-541729821,-447219869,988640712
1,2,0,3,10407,-1589180254,-1617812999,-1996172635,332351292,-719233390,-1826429425
2,2,0,3,10407,-1480460126,-996299915,-515476867,571155537,464002387,-987283375
3,2,0,3,10407,-1953328135,-322011980,2075738442,1529112275,-99212488,1189648315
4,2,0,3,10407,614033961,1444182660,2080326900,-6579118,-2016920496,-543040744
5,2,0,3,10407,1550763826,1931972246,-364628129,1706540387,-2055315360,1845196316
6,2,0,3,10407,397591078,-1843337120,-1038170763,-2081935718,1227535942,1098111242
7,2,0,3,10407,498027044,-48022843,-173253019,1788455114,-314383222,-1820947876
8,2,0,3,10407,-163576300,-2099077017,-36941254,-224266448,-1988122523,-418701324
9,2,0,3,10407,-651343844,-1972120544,1558633085,-1201326427,1656918857,-690507912
10,2,0,3,10407,-571318677,-601946481,-1876435502,1278983316,-2088554957,1996353984
1,3,0,3,10407,-787751258,1430387247,-1947265299,-1360932588,-1079820125,-1537185558
2,3,0,3,10407,-1749919881,1931812972,359245445,-368796997,-1950132425,28309298
3,3,0,3,10407,1238958442,-1174198654,957229718,-2140383396,-1719312714,1413251815
4,3,0,3,10407,769815475,1796062137,-367371209,-1560680275,-1706992166,-782953403
5,3,0,3,10407,-1200751750,-577970097,-791555855,1721398091,1511407450,-90740037
6,3,0,3,10407,1550283331,290820616,2107026451,-410309778,-1643994071,345482825
7,3,0,3,10407,-1081374148,653018807,-1876607662,-1376530188,1439818361,1027491659
8,3,0,3,10407,-372239329,1739649980,1765815515,1654546062,404476355,1755398564
9,3,0,3,10407,1240636035,-1554767685,-83275703,-1553912466,-744645889,-1269851839
10,3,0,3,10407,-645941538,-1150950365,-649594416,945122867,309745801,14541980
1,4,0,3,10407,873111884,-455638660,424871263,1539886612,-1271000255,924932982
2,4,0,3,10407,66004346,-205920831,1853447236,-383079135,2114521424,122452265
3,4,0,3,10407,-170262392,1334995220,-391782047,-1939626053,-848209159,568438801
4,4,0,3,10407,-361300126,-2059917947,-822999055,1189141122,-1918673677,-89737360
5,4,0,3,10407,-223808091,-1575741416,-1673503262,1528594670,693518892,-1399191854
6,4,0,3,10407,-805684288,-1219244207,2052559111,1933293340,1576282597,-516103760
7,4,0,3,10407,-1936277580,-2043176530,-1587325923,1003945363,1969583378,746836625
8,4,0,3,10407,1976751293,216411981,-154219426,-392598309,2066602566,-1380208075
9,4,0,3,10407,-2134574552,524034479,-1735949854,-2065306419,-916816946,984223155
10,4,0,3,10407,-620971651,-1908674277,-875778156,1406083734,-1131546311,-1324685712
1,5,0,3,10407,-101715474,246293852,-609961528,971948092,1414714964,-2035983176
2,5,0,3,10407,728335273,1890576964,-1095564838,-1769217077,924316566,834931961
3,5,0,3,10407,-1942564925,353219680,-1056655862,-2064353613,1785431045,1429324752
4,5,0,3,10407,-2134145396,1090996411,27531991,1922036057,-793069829,-216169384
5,5,0,3,10407,-554536996,-755771377,-137395850,1651690706,2043749148,-1370488603
6,5,0,3,10407,-710569289,282906092,1734615430,1936368872,926896003,-1716109728
7,5,0,3,10407,1378952073,-782460353,815568144,1993636293,2100020430,-563779103
8,5,0,3,10407,2067278290,-788165164,-997372849,-687305329,2106617708,1413654704
9,5,0,3,10407,560500176,-1705575558,-820520751,-492025461,-1242297049,419262529
10,5,0,3,10407,180852581,616103461,1469308885,430318668,-333476644,-702230302
1,6,0,3,10407,-175350121,-510379810,513642255,478317794,-1031030142,-42465390
2,6,0,3,10407,-514085069,-1658225505,1325833873,-1172711732,431531881,2096316991
3,6,0,3,10407,-1106881801,605981589,1783327766,-1951219450,569129220,-287367020
4,6,0,3,10407,634080719,463193620,1476260653,-416076446,-1404303216,1826000047
5,6,0,3,10407,2124711917,1736670522,1567201704,302683081,-725860059,-1426578428
6,6,0,3,10407,-1916962788,1448454222,1302667342,-647517521,-553047352,1092434320
7,6,0,3,10407,-75741622,-1525824545,-1347719697,1934405040,1634971984,-1900775388
8,6,0,3,10407,1069183667,-645873939,635044393,-1022137148,160308996,-566251096
9,6,0,3,10407,-165774593,-278904666,-1882602132,-530539001,-1809650063,1780394813
10,6,0,3,10407,1467555364,2063825012,-1506225228,1096562231,1150440224,1234758221
1,7,0,3,10407,2075955943,-282946307,-897734899,446289858,439027551,507097889
2,7,0,3,10407,-1329749549,1596370585,697775547,1765898786,778579659,-456841210
3,7,0,3,10407,-87029538,1779274614,1436897035,-1064785482,849083198,-457165455
4,7,0,3,10407,1031841771,-1625518137,1822852714,579578327,258956556,-1656035715
5,7,0,3,10407,1821809407,-1431914410,-2003230970,-1514356169,-619113409,-1961234471
6,7,0,3,10407,863596980,459798731,1023442966,40285855,-1215260838,-572847285
7,7,0,3,10407,-979862490,-301207515,1898186021,334650631,1401503650,-562136644
8,7,0,3,10407,-2109011670,309911725,-1739012285,-974173633,1177062494,1349928375
9,7,0,3,10407,482594184,106058506,-468781791,1084191637,-153064658,248012548
10,7,0,3,10407,272172994,-1542179157,1079461867,2138363144,799445816,-1015538933
1,8,0,3,10407,-923342265,810072533,-1738906350,1095927546,1545328767,-264198665
2,8,0,3,10407,981507594,-1127841793,-1461118451,-1017781029,1572066057,1474654346
3,8,0,3,10407,696704433,-1669617386,-622685392,1634192545,1270196974,686183452
4,8,0,3,10407,1301602690,-1200481824,-1875102574,571472168,1791649154,-111669351
5,8,0,3,10407,-183136841,1682394344,-1710336639,1191800901,-1316931906,-1854151936
6,8,0,3,10407,1503548498,312645427,1875625230,-208197366,1219522915,-1604940138
7,8,0,3,10407,727594439,1180139797,1929915970,2130339222,1074262261,2099429209
8,8,0,3,10407,-533305635,176794104,-1159607368,598440459,-1813339243,1527498470
9,8,0,3,10407,-948252473,-91586751,1965392529,-624288925,-474651068,1419268739
10,8,0,3,10407,-1279344829,-274183371,-975333579,-1225229564,154998966,-1035217205
1,9,0,3,10407,802043465,1471479493,-2318703,2124601757,343478041,1284611481
2,9,0,3,10407,1145287094,1512554018,1351109549,-997419144,-491983610,-1784393112
3,9,0,3,10407,-1171245465,686293497,551689163,-1147262622,-930741847,-645359085
4,9,0,3,10407,1058744178,-991581774,-1321296851,608670894,-733565921,-806117849
5,9,0,3,10407,1982654380,-1392086523,1380441757,-749492119,1138378558,1267390032
6,9,0,3,10407,-795517541,413581257,-30062579,1152318954,1518235212,794693249
7,9,0,3,10407,-862196339,2143189502,1932630004,-649016738,-1266593056,1608145184
8,9,0,3,10407,1192620084,-1467349745,-1177751198,-2011832681,-2132949004,-590094318
9,9,0,3,10407,389542885,-293297028,-1883093308,-900412186,1605827521,-1204608631
10,9,0,3,10407,-176441238,1652309232,-1461583960,-1511819508,806398813,-712713724
1,10,0,3,10407,-875915412,-1211718740,-1668036694,-520953661,-1434370082,660666581
2,10,0,3,10407,1403666571,-1772417560,-624692788,-1782135246,856387084,-1271521917
3,10,0,3,10407,1319116282,169791596,637536469,-809240624,-684692980,-543654229
4,10,0,3,10407,465613179,-983577369,-1864633459,-1457223821,1417752529,1575266832
5,10,0,3,10407,-300231528,-449351008,1359393313,2141777696,-1921493351,1670150180
6,10,0,3,10407,988962720,229128335,-1417891750,715136899,-2038210641,28054686
7,10,0,3,10407,-899889427,338591708,-1809094897,-49259343,1859198280,832108392
8,10,0,3,10407,-966089456,239286470,-1740488265,1098085639,-1360057018,1432980965
9,10,0,3,10407,1788652343,1620460102,-1943047068,-1695689494,-1726556967,1053031745
10,10,0,3,10407,2067751587,1691093702,-101115740,2054549454,1538860074,1387879325
1,1,1,3,10407,-2063960908,64622748,465715487,114832659,1040981235,-52050946
2,1,1,3,10407,946118041,-1665741454,-1054373494,1963932309,1748350761,971672061
3,1,1,3,10407,1827900837,1913455541,1803815789,-1971287847,1208414480,1967104269
4,1,1,3,10407,1974680506,1809006257,-2102080633,1274762705,766788844,-626639036
5,1,1,3,10407,-883175033,500275338,1419759109,75307728,632379349,-728450222
6,1,1,3,10407,650832334,1773305734,-2032188711,-584014241,-889971341,-351654565
7,1,1,3,10407,-1035111353,-593160449,-65398332,1543397137,-9785503,1088882776
8,1,1,3,10407,593924430,282465041,1886448387,-1971019278,-1868408773,1577152985
9,1,1,3,10407,-493579949,1727957700,1482582987,56155833,-615853129,1010929141
10,1,1,3,10407,1028493600,-2141496554,-1144558587,611163047,-855113440,-528780084
1,2,1,3,10407,1423784382,-1212513916,-1035682344,-173482435,576615523,-1124391139
2,2,1,3,10407,1765676555,1941107775,761044373,1881907940,-1550039347,360696309
3,2,1,3,10407,1477866154,994088127,239988428,-1671084409,499358810,-1707667315
4,2,1,3,10407,1406682134,-1434214059,177455896,1424522434,1722881226,195287404
5,2,1,3,10407,-43257899,1492436702,1595945278,216280393,-235554163,-355113711
6,2,1,3,10407,-1296000775,1389979677,396075701,640289978,-2102609418,896118379
7,2,1,3,10407,811157165,2137412015,1673069525,-456030024,937958859,1135992401
8,2,1,3,10407,-919490803,-1489543660,1024021913,208800923,-1641783096,-1788324061
9,2,1,3,10407,-1568711974,1508811464,856557363,-579972846,1883747963,-575643413
10,2,1,3,10407,-2146782340,1497340697,2027536101,302360811,1917267865,-1714209575
1,3,1,3,10407,529857188,1733251732,-1611048666,1564744983,1472399043,431816718
2,3,1,3,10407,699107951,1581808157,2042850328,1047655857,1533229271,1594231156
3,3,1,3,10407,933498241,930835737,2020195993,240160960,-1245816701,365534181
4,3,1,3,10407,1373983369,-284842608,1867114680,1699097047,-1166965123,529592257
5,3,1,3,10407,737757117,1241552990,-132107302,660735807,-1926245511,1153688287
6,3,1,3,10407,189830171,-191697945,1894105746,-510534141,1768259173,-1399507988
7,3,1,3,10407,-314416586,-1265850953,-1150829317,1450343725,-1678607277,1002810322
8,3,1,3,10407,-1659610354,-2117219496,-1494611139,-1165100646,-1548332218,903678676
9,3,1,3,10407,15285937,1489746351,-490971835,620529463,1339617423,1088638130
10,3,1,3,10407,-389489211,1078954330,-1601190538,156354428,1788416397,-1309993948
1,4,1,3,10407,276279206,1806274707,-356400206,-1163868093,1403619724,773012636
2,4,1,3,10407,-1185590103,-970131791,-1623363433,-994927105,976712482,-891144322
3,4,1,3,10407,-1140109315,-134131851,663514866,281761969,34598827,-1273442800
4,4,1,3,10407,936277919,-687289464,-256292719,1733860252,1630201975,-131564850
5,4,1,3,10407,-1129339523,1956274525,1250759434,1802814620,-735115652,-1949332061
6,4,1,3,10407,561843875,-1871626899,-1098785863,-1368260100,-259828338,425678089
7,4,1,3,10407,-884814678,-818084489,-1185560357,-345326366,701964772,850281394
8,4,1,3,10407,-1981965326,278282947,-75206802,299714009,1798669189,-1231426364
9,4,1,3,10407,1161242192,-290518197,916870211,-145942165,-2107781241,-1772447693
10,4,1,3,10407,-205390311,-1914295839,-1090099364,796527849,257072663,963145415
1,5,1,3,10407,-18177080,1763814668,191235655,-916072187,-703960656,1806139645
2,5,1,3,10407,-903857751,-723261413,-820419059,-1967730673,-1357098036,2132293038
3,5,1,3,10407,1743164782,318822899,-1096862439,19777337,662825409,-781189584
4,5,1,3,10407,-204088832,-1518601621,387560762,-1783329014,1032379862,1231175049
5,5,1,3,10407,628446357,-709390255,-1573669429,-1768600552,1129066601,-1535422104
6,5,1,3,10407,-1572170278,410521986,-1860991150,1150197520,1916764614,1320230451
7,5,1,3,10407,-2141073074,1494032692,-952175305,1934904909,-1318249976,544584359
8,5,1,3,10407,-1793916435,1715954854,1987614088,-812315621,1677727106,1849422180
9,5,1,3,10407,1022508443,-664120488,-1239210078,1317447621,1516689544,188475327
10,5,1,3,10407,-516583913,102740118,-1237596862,-268214536,-1885800999,-685777636
1,6,1,3,10407,116187108,-1756946058,2104995901,1374060106,1811420409,-837879060
2,6,1,3,10407,-64661168,-1431198417,-71565766,-658462936,-1076021826,-1414585818
3,6,1,3,10407,-1324300342,-462211716,1740018436,2138255779,-651375864,2011885545
4,6,1,3,10407,440858930,-1620958437,-270483277,1941723609,-2015670638,-334033540
5,6,1,3,10407,-451962665,-1852004718,1004703430,1619372823,-38301785,37427564
6,6,1,3,10407,333965218,2097134226,663601384,-1052969090,-5545638,-313789336
7,6,1,3,10407,85982847,1630721911,2058312228,1193234414,1587033867,-1556163177
8,6,1,3,10407,-1920689765,1369115581,-1768854223,1811692943,-1186743428,-1760965976
9,6,1,3,10407,-1872321447,-948108636,-2057476714,-149935608,-1152565432,674261002
10,6,1,3,10407,268101833,373268649,-575205507,-458104671,-1611510830,31824779
1,7,1,3,10407,566491945,-1720262273,1675126646,59566547,235893259,712426028
2,7,1,3,10407,23943125,1190968058,306786091,2122276411,918761419,-1563716420
3,7,1,3,10407,1431309537,-401070709,1407468153,-1956756063,1621685838,1094447138
4,7,1,3,10407,556872600,1180039442,-1633236699,1023636337,-1035866179,-1985594277
5,7,1,3,10407,1904941697,-179947675,-1779067585,-1388840637,858523056,-497044244
6,7,1,3,10407,-1603934563,-731479671,292316904,-928494589,-1378215701,1609243511
7,7,1,3,10407,-1436285331,-1352282263,710709378,-998844819,1174817836,-717289395
8,7,1,3,10407,1259646469,1290193271,-136335964,-773682645,1332874549,-1104518326
9,7,1,3,10407,-873941145,902751136,-588570933,-1099426823,1425238563,-2139809857
10,7,1,3,10407,1677330594,1492012171,-669385461,-883779430,-1109073413,-581826203
1,8,1,3,10407,826252790,-684507998,-519786259,-750641107,1541042255,683702186
2,8,1,3,10407,663789798,1281357562,1835156697,1836697519,-234844829,1110673089
3,8,1,3,10407,1445660124,-1672178524,1693774909,-302931939,1980397046,1214326103
4,8,1,3,10407,-1270850639,1466507570,-1077194591,634074887,-244095580,1524863547
5,8,1,3,10407,-1318518793,188394058,1300128544,-793216869,-2091450413,-1176927094
6,8,1,3,10407,32148686,-2029691823,-1058342624,-2021653752,-1235327894,-1408890845
7,8,1,3,10407,592885145,1628005519,322786723,743453603,1186634329,452293648
8,8,1,3,10407,-1299764881,-679434759,-1601656816,1420672372,-946472180,-944189074
9,8,1,3,10407,1251862646,-975375174,-1395345589,535017255,1394979019,-1219419946
10,8,1,3,10407,-1637418571,-562804770,-1741947948,2094851962,1689176629,1290836202
1,9,1,3,10407,2074630625,141092736,1530658100,-2021489586,-626367834,-1159290013
2,9,1,3,10407,534193929,-1606681979,658060721,1208814147,523583003,1285014590
3,9,1,3,10407,778581457,665771752,1339590797,1630868565,1364836228,1954661090
4,9,1,3,10407,2044395043,1449668462,236041358,34651751,-478846866,-1975116946
5,9,1,3,10407,-827896218,985254718,-389930879,-1287337210,1241335878,1610801408
6,9,1,3,10407,1125455807,106184103,-74606319,-1631485938,-1811332759,-70756341
7,9,1,3,10407,-1869223240,515862340,1888279909,2098001857,1385289924,-1104150826
8,9,1,3,10407,-1002388478,62264453,-1299426296,728472966,-1862448455,-474555416
9,9,1,3,10407,754530902,1313802980,-1513163142,366460935,-1651329907,-557181993
10,9,1,3,10407,1598035098,-95338773,822698388,-1046217852,281356217,2106061850
1,10,1,3,10407,1004363341,-606244851,-44098769,32501365,-1954149340,32999243
2,10,1,3,10407,-112681929,-1892807345,40342586,140180294,2116419363,1997294073
3,10,1,3,10407,-163489645,-1857592824,-1403117454,-1511924991,2095293583,-530746855
4,10,1,3,10407,-1761595902,85256689,-1107124593,-1213353612,-949751714,2051115442
5,10,1,3,10407,1204550017,1403612186,1908632010,-1084555723,-476724325,-947988895
6,10,1,3,10407,-491750836,-1225104674,-2046089437,-531899249,1810633534,1794642358
7,10,1,3,10407,-389932405,-1759538743,118508093,-1715650226,980558990,-420896367
8,10,1,3,10407,-1499874151,480044206,107590444,-441894126,-914928653,486885982
9,10,1,3,10407,2071724430,558032494,816250938,-204041158,1550115902,1358347979
10,10,1,3,10407,388713336,61283031,613654553,346820563,-1127286690,1111528774
1,1,2,3,10407,-219382886,155270389,1416494300,-659395310,-1900403485,107044070
2,1,2,3,10407,-1168596060,-1281828736,803831941,771350010,-1231626389,-45989864
3,1,2,3,10407,-1582280711,-738717250,601703643,1698397706,1557773738,-1413113018
4,1,2,3,10407,76486678,1916562620,1148306525,-1669475182,-1148194093,823937342
5,1,2,3,10407,-507714704,-1767371323,-1957818032,1043251959,-1917972958,1978858165
6,1,2,3,10407,-1482932873,442325805,-366481481,-1916743860,-706906959,-1445288368
7,1,2,3,10407,-1901128796,496493128,-1487122288,-1509417022,-1726553275,1414514933
8,1,2,3,10407,-714645826,1696700241,-495889836,157163115,364317915,351590143
9,1,2,3,10407,-19521407,731921937,-617694638,1062218579,1366326827,791442993
10,1,2,3,10407,-800619910,-1434749036,185323043,-1923950667,-1335119716,-365086470
1,2,2,3,10407,-1150355608,-538809504,2061206676,2027666970,-1481536109,-2100696774
2,2,2,3,10407,-757389131,-1970729215,1957248224,-458306368,2080575348,1374251918
3,2,2,3,10407,1602619630,-2064929824,393109035,-1609687814,786230070,-752557346
4,2,2,3,10407,40484467,1941912840,494941959,1305935138,-102606758,1478446707
5,2,2,3,10407,-1703778830,-430045268,1492051223,34886307,1847645937,-1920676313
6,2,2,3,10407,73043779,1247138172,-480732100,1494888725,-1099931965,1026576657
7,2,2,3,10407,-1304023131,-1257462676,1221436005,-1575747574,-1303779305,-1138956463
8,2,2,3,10407,878345915,-875939271,-1426590387,55798052,1541471747,-213252823
9,2,2,3,10407,215875826,-1581848542,508527826,1468641022,844393582,551476419
10,2,2,3,10407,-1898434813,-603008236,1340880779,1140970427,749547316,278580117
1,3,2,3,10407,-1534537311,-436751939,1306447837,348664340,1696492428,-1995443740
2,3,2,3,10407,-1193246303,768123345,880855052,1299917991,2019999349,-1060507221
3,3,2,3,10407,22980096,-1027818636,-310849127,-1678828720,554401840,1934133559
4,3,2,3,10407,-1240218877,1736006620,-16137651,1403941546,-1599087648,1886988959
5,3,2,3,10407,1001277003,1364547516,1214606606,778196314,538432050,-957940453
6,3,2,3,10407,-1066368554,-1746210948,1197725179,-810214282,2136076603,-1851049654
7,3,2,3,10407,141764428,1014297539,1042822206,-581299991,120230777,-587453776
8,3,2,3,10407,-799031040,-1951169656,-1566523897,1962156078,-791848084,1211147329
9,3,2,3,10407,1837397160,-953518087,-1510140057,1614239415,1272320510,-480109853
10,3,2,3,10407,-304402814,-1250630874,35317022,1530203881,-1884460303,1805869824
1,4,2,3,10407,1525291589,-98311662,621357937,-1260749281,1831697533,-1441757289
2,4,2,3,10407,-569121739,-484258778,-1285667548,-1472747693,209625672,-1458172949
3,4,2,3,10407,616607295,670928919,-519174408,-61159189,-1820708508,-1760591935
4,4,2,3,10407,368067175,594539012,461347036,-963771112,-1991961643,-1062319187
5,4,2,3,10407,1846558941,-1568484676,-760043205,1911501181,214790272,-2136680513
6,4,2,3,10407,-797601293,77323684,37727031,-368287402,-2012199583,1753099922
7,4,2,3,10407,-1826182573,504886907,573982607,-713023182,351094452,-93548230
8,4,2,3,10407,-1348279247,-1277582574,-1803830744,-1526491430,-2020005873,-1959695819
9,4,2,3,10407,-398796993,-1053281404,-1536905054,-1439584188,-2113054308,86845261
10,4,2,3,10407,-2130173154,1639140914,-479157087,906019925,-1138854466,233143664
1,5,2,3,10407,-2080181724,1002987808,-988133827,281337842,1319105599,1621693168
2,5,2,3,10407,1054801519,564692549,1509866874,1693010231,-1347941393,-2103122782
3,5,2,3,10407,943289872,411370352,1916021959,-1992978940,1756793777,3473833
4,5,2,3,10407,-630770164,-864336660,1423132522,-652155503,-1474954153,-1138184327
5,5,2,3,10407,31406494,-352891742,308231464,-1728465305,41653847,2093791391
6,5,2,3,10407,-946909690,-1691582621,-55576957,1531603995,1570640140,-195621458
7,5,2,3,10407,605758891,429144087,-304414061,-399290779,473305946,-896406810
8,5,2,3,10407,2113452535,-314182301,1371275240,1999032874,-1880048154,639715266
9,5,2,3,10407,-960695582,-679904299,1610592799,1458381188,-1906154428,710422868
10,5,2,3,10407,-1643957963,-255223456,2006445490,334412987,-2075299539,-1414085595
1,6,2,3,10407,959721195,-804256131,-1343367515,-397830655,1145867673,2121993755
2,6,2,3,10407,-1512576995,1257310711,-1595626923,-834123515,1773909676,-1339927678
3,6,2,3,10407,-331428625,513541105,1368936709,-711307818,1733674335,-1206136188
4,6,2,3,10407,-1714066212,1691657846,1156515462,434328919,-1771429116,-848230024
5,6,2,3,10407,-2034245346,-242520412,1486247825,1978676740,1418288466,-1148984184
6,6,2,3,10407,1787443479,-1212640412,524740755,-2059856133,-1582796793,1929175918
7,6,2,3,10407,1873328351,-275356243,-405879193,-1695998144,1720013408,-427303764
8,6,2,3,10407,1654080184,-173571773,-1512485299,660532944,-2066979797,-291196793
9,6,2,3,10407,154592743,-604543041,391118930,-636768156,310215747,-586537818
10,6,2,3,10407,2083481494,2032822632,131939553,838503199,985297659,-1015459731
1,7,2,3,10407,597576420,-1061875785,881906515,-8476604,-943835777,1667056388
2,7,2,3,10407,602840668,2076950158,-1730017528,1818448761,-164005773,386295002
3,7,2,3,10407,-1525379519,-1475904928,-386526768,1388901185,-1673135899,306797923
4,7,2,3,10407,1913434471,-972751703,-1127476854,1203233278,1522372549,-2005937494
5,7,2,3,10407,-52189627,-2135825749,761778506,568128910,-1517014868,-503763960
6,7,2,3,10407,-2145517598,1660091943,896499145,1082315070,247651029,-1807477491
7,7,2,3,10407,1476104953,755304801,-237781066,581024435,1034123423,-971378892
8,7,2,3,10407,-534016011,-231654870,1978880833,521658316,-1011380611,-1089030894
9,7,2,3,10407,1157836902,489689123,1121190066,2099998424,392644423,2092509230
10,7,2,3,10407,-351017062,27308474,1033337032,-781376406,-657475308,2119303947
1,8,2,3,10407,896833575,-742795767,-983870058,1546513707,-1884918747,1809839126
2,8,2,3,10407,-2003577135,-1338282340,574621961,1111699537,567752060,-96400361
3,8,2,3,10407,-2141925648,944399857,1865993332,-1574795624,1689627237,760792848
4,8,2,3,10407,-1160235217,819180710,-939114828,-357263330,1149127520,2105877055
5,8,2,3,10407,59719196,-1492941939,-1507559535,-849879760,813568252,-58491695
6,8,2,3,10407,770280557,394247784,1814657561,-104902743,-985801189,2112218785
7,8,2,3,10407,560214017,-1795192022,-1592123583,43715636,-1512957442,-485799847
8,8,2,3,10407,1875535306,726040450,885673909,-1028640075,-2127674171,830770342
9,8,2,3,10407,1245274189,1100633478,929684920,493477075,383400061,-1152672087
10,8,2,3,10407,-1110588640,-14199497,-180085580,-1203712218,-1478443008,-1281680499
1,9,2,3,10407,1979240494,581235408,-1161212696,-709976710,2131826567,1892629063
2,9,2,3,10407,-993003836,-1871539337,247419127,1524561627,-1937017360,2119568603
3,9,2,3,10407,-853854809,-1431627157,-264742264,592133694,874416271,-1035672640
4,9,2,3,10407,877478406,847174714,-1235241404,865096196,-1196028946,-1511292158
5,9,2,3,10407,-1822144820,432842763,1216795203,1533567148,2136019686,1189289410
6,9,2,3,10407,189440992,306199715,-1105322787,-1327742113,-208392374,1167541801
7,9,2,3,10407,1581938791,-1154579579,788683701,2042463363,1952641035,1991905180
8,9,2,3,10407,-2057520054,1395795663,-1007799179,-1116628374,676193105,1997631985
9,9,2,3,10407,1257094315,-2061147618,1474734080,-973305203,929134066,1358857482
10,9,2,3,10407,599234642,-2024954351,-1105784256,-1566384606,-1823464771,1275173755
1,10,2,3,10407,-1572279207,1313453394,-1607275475,-1551936684,-1945184179,-1829496879
2,10,2,3,10407,1963218398,10930041,520748099,-530411196,417438890,-414412262
3,10,2,3,10407,-436468652,1733777237,-429471769,-1242087635,1575727579,-580953822
4,10,2,3,10407,-1524802233,-840999495,-1758453854,1155826947,2096903784,-56678968
5,10,2,3,10407,17654512,2088352128,1896345080,727268184,1602958595,-627902366
6,10,2,3,10407,876378737,-406106733,547531940,1554787601,1856126101,-914163095
7,10,2,3,10407,404645612,-1493619741,794373444,2053619972,1637601988,1643510810
8,10,2,3,10407,-1873675551,1407845883,530499151,838981084,796565098,1969369536
9,10,2,3,10407,-447079575,1488043788,1717701743,2040285011,1808529370,-932689530
10,10,2,3,10407,-916624310,1884265994,-851726709,-1755876817,1126604247,738309965
1,1,3,3,10407,-689315110,36409231,-1476226250,-1989948100,-26160751,1659238364
2,1,3,3,10407,-2005197402,229814571,-1295541535,1053265949,-1579262982,-779589607
3,1,3,3,10407,392360084,1260810887,3479611,381918876,1684979688,240667219
4,1,3,3,10407,-203023316,304380189,-1103877156,1796722807,-337320308,-1499841181
5,1,3,3,10407,1824565762,-2133209917,1712994675,-318922979,-2044235161,1549918297
6,1,3,3,10407,-1675708037,664653458,-627650131,-104046609,295632617,1565655732
7,1,3,3,10407,-91769740,-1251489949,209227251,1422118201,963404356,1417467866
8,1,3,3,10407,-1006705809,870862631,-919161389,-1720178494,739314469,-1354641112
9,1,3,3,10407,-334189425,942960877,1196112136,-1596045919,-152592615,-128898781
10,1,3,3,10407,1334127023,294456724,581116917,-773126278,393182848,-164500291
1,2,3,3,10407,-156073317,-859088274,-460884490,-1222192644,-53469414,-729688300
2,2,3,3,10407,-492167247,-109510137,887352400,-414106198,-368438882,1403452550
3,2,3,3,10407,1547854717,140576944,-161774198,-374338001,-1393204523,-21322477
4,2,3,3,10407,-2125517906,1983540454,-2143851728,-342591369,853272212,711631094
5,2,3,3,10407,-908074407,309171086,1030660253,-1291858825,-379093503,395511632
6,2,3,3,10407,-759248662,-1700708708,-23590808,-2045879900,800403952,1318410363
7,2,3,3,10407,2060123611,-564615988,793930523,421704783,-1072805382,-717325256
8,2,3,3,10407,-1013370181,-1770233285,-1823094902,-1409414342,-128096743,-1025773727
9,2,3,3,10407,-451656671,-1894611065,-1076912697,948880146,-1813055670,1098297800
10,2,3,3,10407,755840024,1884788735,486943653,1506800681,-2083625657,282689469
1,3,3,3,10407,133423249,-1321000780,1195228343,1457521210,-1483487594,2039549468
2,3,3,3,10407,-1013818665,1565233124,504120845,364507815,136270013,1008052644
3,3,3,3,10407,88147648,307795690,408092424,-1008198090,-294930736,-331791477
4,3,3,3,10407,590475557,-651375283,109781652,-1980956011,1994974058,-1718693086
5,3,3,3,10407,758373025,1586792449,2090437561,2091000073,854993136,80702173
6,3,3,3,10407,950298044,1076798090,-1090661186,1589035358,-2073010712,-178696211
7,3,3,3,10407,-184799479,-1498711317,1544381585,-1322208516,-843869733,1082706087
8,3,3,3,10407,-906472531,1790517301,-1138109992,761714906,634467005,-1136543726
9,3,3,3,10407,285617581,1498929736,1914813266,413620815,-1030751279,213260650
10,3,3,3,10407,7564081,395869100,266970514,-882068344,-886870448,-1608983616
1,4,3,3,10407,1456763175,1320351025,-1457179871,411510761,2004890730,-1088385772
2,4,3,3,10407,-758730970,209329861,-152434227,1513318151,1717215724,1817202085
3,4,3,3,10407,-2105359062,-549916750,799490709,1092549902,-2040972370,1000964155
4,4,3,3,10407,-1576803341,-1139872291,-567948393,1000871854,-72566582,1677149793
5,4,3,3,10407,88562625,696406333,-1903559895,-1763768516,-1040100786,-2144530086
6,4,3,3,10407,-340946002,1704309512,111262602,-935786706,-251417408,1713233948
7,4,3,3,10407,-1547946331,-1311313228,797913704,1567360820,-807366326,1466095671
8,4,3,3,10407,1305210841,-693677022,-94269648,1105969110,250860354,-1667681580
9,4,3,3,10407,334716370,-297686721,-946340083,-230299877,-550539853,-1749005039
10,4,3,3,10407,1434686456,-1130975211,624946682,-1256218617,351996092,-168594717
1,5,3,3,10407,-886586350,-1115560255,-500175555,1994483570,1926329155,-639283154
2,5,3,3,10407,-1781205425,-1891278387,666375090,1101220883,-342408870,1894057880
3,5,3,3,10407,1932145567,50522506,1179777718,328420982,-215266350,-199651356
4,5,3,3,10407,471723038,-1554412219,434727873,1263367713,-803626205,876735035
5,5,3,3,10407,-1409287507,1930028095,-55108255,-1509388077,220120596,722271702
6,5,3,3,10407,1198597609,969328312,-1303096449,-1479151908,1598667314,1464571494
7,5,3,3,10407,924068879,-1920510012,705439100,1810585061,-1661626085,-661679667
8,5,3,3,10407,-785103540,-1784866128,1186053295,-278408562,-221252533,1075332342
9,5,3,3,10407,-568451661,381784585,1996922150,-964955687,-416765611,-60170905
10,5,3,3,10407,-1157303598,1789809411,1746325179,1837790511,-1376687674,1902059127
1,6,3,3,10407,2100327169,863607981,-174763019,-935164449,-693046921,-769323792
2,6,3,3,10407,1868391822,-1087728131,-1481194609,1427955585,797048766,-733776251
3,6,3,3,10407,1629237817,-1459497942,-1375285221,2142948913,1486370123,-663189298
4,6,3,3,10407,348864932,4098379,1870146465,-466449609,-527443295,56525409
5,6,3,3,10407,673589327,-279334446,387445504,-418632196,-1412154766,-175669039
6,6,3,3,10407,-403526558,-1911770165,-1687204086,-1377723019,-1525694487,587970892
7,6,3,3,10407,-204747141,567034770,486500924,-879505242,-1370975206,-346057439
8,6,3,3,10407,1412535325,1767138515,-887014329,492525902,-166300798,1983184812
9,6,3,3,10407,-1265422905,674131454,830644231,1344852411,2147182704,-1632539666
10,6,3,3,10407,1827931969,-540954783,-296600507,-1656467216,1367664382,923935961
1,7,3,3,10407,549054057,-413055210,-902995853,-918170128,-794401764,1176719068
2,7,3,3,10407,-1865951160,892425329,438400447,1763797225,-424005695,-476869591
3,7,3,3,10407,1114654406,-1461158240,1667979421,1297991709,-692276686,-1709469383
4,7,3,3,10407,180117922,265089016,-670591228,1354105407,832858354,1507812485
5,7,3,3,10407,-1535760231,1296286685,275133001,-113712184,-1825879901,-484562850
6,7,3,3,10407,-1052227933,1567831784,18745969,-901035074,-1410833054,-71629460
7,7,3,3,10407,91811669,-552888292,-550271928,828604396,1130961147,1118526733
8,7,3,3,10407,-1876005935,-880759976,1035779914,402997526,1536616242,-876817969
9,7,3,3,10407,996951557,502300216,-133875406,-1840110997,266287007,-113001903
10,7,3,3,10407,-2062536209,-283971034,-473498434,-1716613383,-1980638005,-562022252
1,8,3,3,10407,-705671324,1354102363,-458521437,969232077,-805551530,-120149183
2,8,3,3,10407,-665475581,-1408983210,1410471927,-580291065,243384507,-763388460
3,8,3,3,10407,345080779,-1193047936,-83817858,-467098296,-1911599815,1374328517
4,8,3,3,10407,-484932179,-687727743,1927407772,1958139780,255781727,-892586020
5,8,3,3,10407,1249929432,-1390424699,905601418,2143297740,1167970219,221800235
6,8,3,3,10407,449479450,1881030988,968079925,22419688,1091705749,802434556
7,8,3,3,10407,778297645,1793987997,491092015,-444191194,236610285,338898602
8,8,3,3,10407,-209764543,1602937975,877254779,100816107,1131003141,-1463228082
9,8,3,3,10407,1980240053,860468313,-66596888,1626334714,-598919099,1551091348
10,8,3,3,10407,537030732,738565466,721093113,-1663296704,-936165004,-188509920
1,9,3,3,10407,-2047732262,-579273168,237284,342790223,-1850768719,102691694
2,9,3,3,10407,1602925632,1303894817,856931060,1625613230,675743100,1798123626
3,9,3,3,10407,-1483354727,1175142487,-1317903782,-883246209,-1994688464,-1487383702
4,9,3,3,10407,1891892978,559139543,-1996588765,1620036812,76574881,204889780
5,9,3,3,10407,-1888154230,705660023,1875217476,486215708,-85713078,-52610359
6,9,3,3,10407,-223225493,-2029450739,1692921347,-1094586875,489582002,-1777540886
7,9,3,3,10407,62336588,946403456,-2000899832,339186356,1170460154,916919229
8,9,3,3,10407,2038701239,-1448887302,-1029328820,162583547,-104600069,-419358981
9,9,3,3,10407,624271078,-203384726,1109647390,776964314,-35950079,-1430778154
10,9,3,3,10407,-1590939111,984422088,-764450736,-650731988,-71339764,-1903502649
1,10,3,3,10407,-317941979,-555582542,-1177078382,771445968,-600798087,-1800073524
2,10,3,3,10407,-1964928270,-1710177404,-1276674426,-472092346,-1795292789,-1412929872
3,10,3,3,10407,1004839466,855646940,1721607851,-1224754435,-569498762,212816851
4,10,3,3,10407,-1903558637,-1410965612,-495002881,410811516,1400690880,-367970367
5,10,3,3,10407,-1970889621,-260858901,523305398,393918176,1057349633,240999887
6,10,3,3,10407,138029896,-341348715,-167686346,1985151821,-1735542135,1766381434
7,10,3,3,10407,1594226822,-1313278745,-1702958978,-1454181287,-1128977806,-549546787
8,10,3,3,10407,-1469776498,-1056273063,-947383029,581327856,-1518284055,1667284537
9,10,3,3,10407,-1514305840,-2059234367,-1819878832,1781584286,551141038,-1671692352
10,10,3,3,10407,1402150860,-10953476,-1643680593,-1678500296,-1640531303,716071847
1,1,4,3,10407,1528055994,-897926576,-968595736,-288727982,-1621184093,-277024284
2,1,4,3,10407,-1806666539,1869397051,-493332874,-1942648140,648867594,1487459171
3,1,4,3,10407,-87977823,-1731499825,-1275014519,-576213629,23563376,-139639682
4,1,4,3,10407,-752518234,413945827,-1673242203,-294301278,2119501598,-65144894
5,1,4,3,10407,1693437830,-281507000,-2109628074,893272946,-395826250,-1397358525
6,1,4,3,10407,23634917,269774616,1067696747,-1083053045,428515743,568181351
7,1,4,3,10407,1756612166,-592326738,-642265544,1618682119,-111988235,-812125467
8,1,4,3,10407,2141876902,560275813,-616202553,202364870,-1569500557,-18992208
9,1,4,3,10407,1541874671,-1863251787,-1660628221,1550215310,1796134898,1784068140
10,1,4,3,10407,961439074,-2137807045,-1283131774,-2007522973,-327272873,1270198854
1,2,4,3,10407,389391149,-145105541,2099560342,-1067794116,-1391161532,-1150239833
2,2,4,3,10407,-392084405,-1885627776,-921601176,354253616,1770642351,-1939903500
3,2,4,3,10407,-1765865169,66429478,439450658,1092099564,1368339332,709150094
4,2,4,3,10407,-2122664328,-1941744199,-18070295,-1545658949,213957781,-458459770
5,2,4,3,10407,-216166846,1351091423,-1118054243,-819303640,1919131961,-307834796
6,2,4,3,10407,1253360163,-178873354,-204154811,-1190149999,979461699,928780571
7,2,4,3,10407,480988095,-428011825,-12731734,-932767652,-182889472,-253311823
8,2,4,3,10407,1099476507,-519605459,1276699180,1585052141,1862240889,1335950032
9,2,4,3,10407,-620274132,-310284507,2081729211,-1333966407,-1498901904,-589783480
10,2,4,3,10407,1281140085,-1365791986,919663891,252939592,1790895945,820466555
1,3,4,3,10407,-76215650,-902921257,2113995343,-2013349102,1913253942,358098249
2,3,4,3,10407,198765050,93188694,-260244874,1476456336,1308907934,501917062
3,3,4,3,10407,1322062986,2131150334,-1771621137,378151930,1886682797,1903317240
4,3,4,3,10407,-699355923,-1182936092,809552612,-62516249,-147860992,1610981645
5,3,4,3,10407,407078489,-34520234,1553596216,1012670890,-1995273151,1103415184
6,3,4,3,10407,1470835455,1481669055,-648856142,-162833988,749603733,182022026
7,3,4,3,10407,-925013434,-1094941103,1630113305,-1438570731,305785596,-1811501747
8,3,4,3,10407,1558272528,-1092018132,581292638,1584159480,-1580287697,-478956210
9,3,4,3,10407,-1844520939,1782243428,657133556,-1097728521,1759942466,1399205721
10,3,4,3,10407,2143026692,-1548504618,-1269372602,672253115,1322507310,-1124248652
1,4,4,3,10407,-890701439,1160443380,1907536149,-206466087,108242099,-1836689158
2,4,4,3,10407,851263185,-506475654,-1966816195,765183715,-154978764,-242006691
3,4,4,3,10407,-74456641,-1490542249,-919179218,425134821,2018005218,-900557318
4,4,4,3,10407,-1553577842,1624949756,738068844,963996114,-83152238,1306644451
5,4,4,3,10407,-1237778804,1447457460,-1514622560,1983468092,-1063019142,-285654367
6,4,4,3,10407,550746708,1095402876,2057899116,323610682,1985084632,1962249509
7,4,4,3,10407,577704794,272391924,969930074,2123071119,1712523153,196416343
8,4,4,3,10407,-839140507,1878449909,-849828573,1451346886,1800515185,778087116
9,4,4,3,10407,-58539241,-65036409,1378011145,640636678,324830503,-785029842
10,4,4,3,10407,75892457,-1462367315,-691972684,918296606,-632043046,-1083972259
1,5,4,3,10407,452919708,-1579641765,-1399363778,1367024851,-1143219101,-1510153299
2,5,4,3,10407,-1278955066,832893642,2026180439,-1250788957,1023402347,-891358521
3,5,4,3,10407,-384660717,2031146829,-283168218,1924412258,-1017505948,-1300600888
4,5,4,3,10407,1593114120,-1286966684,-1054810179,-96423568,-739952353,-1539943279
5,5,4,3,10407,263091036,-1622250138,647009374,-1316509637,265947912,1537338152
6,5,4,3,10407,1606026259,-443470850,-1398241419,-245490551,-1750835233,532251554
7,5,4,3,10407,-94469325,-816250672,1143576919,244361709,-1692681039,-920310257
8,5,4,3,10407,-782665109,-148133628,-776469672,-2088820190,-61561577,431961932
9,5,4,3,10407,-1781232675,1944328191,-1941010567,-876162566,-495893240,-878673724
10,5,4,3,10407,1814374444,-440969059,-1407413687,1589648823,-185959365,-968057573
1,6,4,3,10407,1536884242,2107911024,2049405288,-701420911,-1651638621,-1592993229
2,6,4,3,10407,322984678,379155990,1659437229,196040532,1143304717,-1948315367
3,6,4,3,10407,45693211,937912922,-803343879,-992848971,159566605,-664819250
4,6,4,3,10407,1600791278,-587720059,-972909626,127997930,-733616855,1183498510
5,6,4,3,10407,1072311800,1790968259,-753104677,1989330900,-1736785316,-382583769
6,6,4,3,10407,1653104725,30120747,206060078,1719299787,760747765,93879165
7,6,4,3,10407,265138603,869034394,-1963930057,1191378338,-259708847,1008264009
8,6,4,3,10407,-1418852042,-50491887,1943105686,-1781807376,-210545431,-1024603979
9,6,4,3,10407,1488900471,-977106404,560786646,-1531994924,-922653554,804663135
10,6,4,3,10407,-355699995,-1254447303,-1435105301,-214760974,-595506904,-304187243
1,7,4,3,10407,701281718,186289477,597624252,1393516766,1499295984,-203195894
2,7,4,3,10407,-501638883,1482553613,-683453989,-1212102020,1990515484,-932547296
3,7,4,3,10407,1047682872,-312601015,1046857768,416119733,277388708,1727297325
4,7,4,3,10407,-580646249,2043592014,1652207548,2038330142,-6174886,-635272628
5,7,4,3,10407,751646795,-1231717145,-1659275572,665663082,1015728701,-957618573
6,7,4,3,10407,1351576332,2050144160,1483531511,-1980773818,-1720929997,-23912280
7,7,4,3,10407,475300254,2083039801,-1295097146,153507044,11826325,1525773395
8,7,4,3,10407,2089057717,-160435281,762977932,-1575851585,1409918691,413154790
9,7,4,3,10407,1931292655,-1152354443,995743757,9832133,222252007,95078216
10,7,4,3,10407,-832585300,-38789119,1970133280,-808827556,-1128688740,496492480
1,8,4,3,10407,1959865039,-109779083,-341690455,-1918598821,1064436331,1875726861
2,8,4,3,10407,-656676285,-379528064,1412259666,-1594805081,265071061,863153196
3,8,4,3,10407,1222188174,787918921,-1066530545,-736699508,-494391541,-162660886
4,8,4,3,10407,-691006344,-1699560819,-660898227,-60251114,-1358372742,73905446
5,8,4,3,10407,269419916,-1339728739,384524941,-1725203705,1834366945,-703404858
6,8,4,3,10407,494388787,2037187629,544925142,1320144184,-1779633457,-1401181201
7,8,4,3,10407,-2026841607,-356621594,-1308988436,93890188,2077810146,1095976218
8,8,4,3,10407,621241807,521850870,-678726766,160645112,754473567,2052011742
9,8,4,3,10407,276755007,2034936421,1501725995,-108867763,-1226452013,-1379932400
10,8,4,3,10407,-590407515,757395398,1565371101,-733132542,-1447649140,-1005222887
1,9,4,3,10407,1489915618,-710911125,-361094351,1818983112,-1120426540,940843069
2,9,4,3,10407,-2060255268,-1241431969,-159506695,-1835383796,-1590894160,-1185167072
3,9,4,3,10407,-480322972,-669251824,-1760205759,-484448059,-1967348979,-1896245819
4,9,4,3,10407,-799643071,-1414046578,220808732,1043609602,1120602622,1397458804
5,9,4,3,10407,1976288451,1476098694,-117035950,-1282474126,1775805817,1229518153
6,9,4,3,10407,1279852482,1535947602,1699674589,1084022778,1010219660,1940279029
7,9,4,3,10407,620293783,1665975429,-738595376,-1266213612,-647837648,1827542508
8,9,4,3,10407,1025642209,-1372312650,-651173119,619142977,-1476837083,-2004336099
9,9,4,3,10407,-68850746,79663766,1420604470,225264240,-580753096,-1884862002
10,9,4,3,10407,-2071130537,-87434038,-1698445699,-1034856565,1888739452,-1824208528
1,10,4,3,10407,1022841255,-989918212,-2024987056,-583848220,-409718501,-526357677
2,10,4,3,10407,999309143,-529673468,522100738,-1766571959,1507589092,877087580
3,10,4,3,10407,1983134499,867741034,-2079673312,-1254299178,-613895308,-2029904324
4,10,4,3,10407,255778490,1726493382,860187911,-1990482598,446261120,889374477
5,10,4,3,10407,-453910344,-738352510,-4349510,1278930017,-1055857616,-47515059
6,10,4,3,10407,-1179574674,-1992382343,-1075988268,26045989,-371808308,-139148520
7,10,4,3,10407,529868169,-480880354,-1057408151,-1238775982,-147010292,-2090448744
8,10,4,3,10407,42571442,-415511373,1648092755,-1168816513,591084185,129836609
9,10,4,3,10407,225970538,-1402366639,809110748,-1296342604,-1960191636,1160043433
10,10,4,3,10407,-1274050987,757559783,-675919473,-2104763878,-692139657,-1411945904
1,1,5,3,10407,1912392782,-937377750,1952242408,112774314,500625810,829054541
2,1,5,3,10407,-1971060666,1028638785,-989781461,816320692,1446724520,-173831509
3,1,5,3,10407,-1174833209,1739215492,-1229645972,564632415,1491610324,1500726104
4,1,5,3,10407,671848754,-1733741241,2130308476,-1832595549,-1504459139,-1036843106
5,1,5,3,10407,633438959,-724956710,1582172471,-202978433,-1610798093,-1406606225
6,1,5,3,10407,-1484576436,-1148951403,-1456170976,-780609817,317056372,-591505600
7,1,5,3,10407,1373768091,922971709,1433688016,1737853496,-1628013817,154824526
8,1,5,3,10407,1826074577,-585309046,-1949106447,-65181341,190310826,-1857162776
9,1,5,3,10407,-1283511888,-335419879,-937310965,-1583654533,114258014,1487355302
10,1,5,3,10407,-507325443,693694444,1569770233,-1015641562,1551109413,200922606
1,2,5,3,10407,95852430,1959150497,1901031919,2110378683,-1404301389,-949469725
2,2,5,3,10407,-895815577,212459990,-1621251496,-1611360781,844851542,2016292995
3,2,5,3,10407,-1458786513,-815178575,-1218918721,-1013347319,-992531800,239901851
4,2,5,3,10407,-222230113,-920429566,751558779,1549220566,113770008,79708741
5,2,5,3,10407,-1003570046,-698852755,-1722190587,267791132,-416953157,2098701695
6,2,5,3,10407,1462038033,1550275377,2108911184,-367247303,-852923187,-926374971
7,2,5,3,10407,430387989,1579668056,-1458100994,-612009689,-358513711,1936492633
8,2,5,3,10407,-323973667,-2023287698,-927352051,-1102773458,-1117160725,-891454146
9,2,5,3,10407,-467472740,-155995935,1537376247,-1818665903,285099804,19568550
10,2,5,3,10407,1650678396,745508620,1238107127,-638683936,-1010782180,1068484490
1,3,5,3,10407,-1199204716,420573838,-2029028504,721892202,193172747,1679121892
2,3,5,3,10407,-90499241,-271710705,1645408137,402463973,-1556271984,735506331
3,3,5,3,10407,359873460,915320862,-80403004,-1226564224,1630857442,-1009215668
4,3,5,3,10407,-436786774,1141217605,909384622,1261649725,2006961121,-206416518
5,3,5,3,10407,476768924,-23157162,-660583173,665036324,-2067748388,1054532174
6,3,5,3,10407,369844970,-1659543732,-1569647719,377366381,838055196,-1979833069
7,3,5,3,10407,436321404,706238614,1938669019,-1550386631,1454667849,-1943015913
8,3,5,3,10407,-85359402,935134736,-226098496,-1124612029,-168902838,654538940
9,3,5,3,10407,420470388,-1819998313,965944244,965678859,-1121000799,-904396467
10,3,5,3,10407,-2089747983,1857309530,-1434246804,651204084,-935460261,-1119295566
1,4,5,3,10407,-2023537981,-1976355090,1273593541,-482181484,1951335137,1083905050
2,4,5,3,10407,-1119408456,-711772555,737855818,-676071133,-1084324102,2058141541
3,4,5,3,10407,2003196856,1664322836,-1741952476,-1712782997,256176037,-346583046
4,4,5,3,10407,-230432485,712589854,-126682729,-1578554485,1890267653,-1393758721
5,4,5,3,10407,-646753201,2027834331,-636654990,-1361074396,-629181794,-300172988
6,4,5,3,10407,209297575,1422250838,-1395076624,1283994365,159278766,-1278705031
7,4,5,3,10407,1808464447,195059888,-5778514,13071927,1508068261,-541673931
8,4,5,3,10407,1302560688,756619229,-1101257453,-1768855291,-1282643051,-804072521
9,4,5,3,10407,1464313273,-672598019,-1289883279,892595389,-982255263,-77321656
10,4,5,3,10407,-1246275973,1344766316,1984674802,-918549779,-1696131986,-43476128
1,5,5,3,10407,-554398315,1060886843,-254442824,528388092,248481237,1976659877
2,5,5,3,10407,-703493149,-1746444657,1468984248,1242756798,-2086723973,1876747708
3,5,5,3,10407,1139463371,1055227516,1886810575,-1141759936,-5391443,-1021686651
4,5,5,3,10407,-1565466570,-1885668908,1546956940,626375326,1947667699,-1020163217
5,5,5,3,10407,-217560021,1036160075,-416230523,-1414956077,1798322583,-1850739237
6,5,5,3,10407,1541367786,594390888,-1388505679,-431961052,-1474064441,-1755078494
7,5,5,3,10407,1665106166,-2012676624,760997822,119136538,1618695599,659075825
8,5,5,3,10407,-2023907706,-2132947738,1390070595,1975506695,-321339339,1522628074
9,5,5,3,10407,1952416312,-529908479,129975214,-1096190555,1770040353,1417637338
10,5,5,3,10407,195901281,-271249048,-648125506,445040725,1805589382,-575278822
1,6,5,3,10407,520376268,1225743015,556742767,-1326160099,1330403728,-1212105063
2,6,5,3,10407,-770382806,609242219,-1896169987,58676690,-1069770500,-241731090
3,6,5,3,10407,1424634490,-108120935,823756705,725935369,1281103021,-1069994907
4,6,5,3,10407,-1700863847,809763721,-815728761,-1747147391,1657210437,1058349651
5,6,5,3,10407,1337245508,1703473985,-606992646,-503139081,-760728965,-131965929
6,6,5,3,10407,-1465602862,1800303888,2077013187,-1875563141,1539592326,-2032187538
7,6,5,3,10407,-1175418475,-1989241419,1713572581,202476977,-1965872559,1092210853
8,6,5,3,10407,-1518454981,-1349624074,-250197160,-1450023643,-1282585223,1141104324
9,6,5,3,10407,560574616,-807418643,2098499872,-1970756014,-1801644180,1265971399
10,6,5,3,10407,356870658,612544916,-1425485126,2092945928,82928628,30429755
1,7,5,3,10407,-1822118112,1129268316,-286741011,-1773224941,314896243,-1505841968
2,7,5,3,10407,-1728150800,-1361526547,1424120141,1061209509,2029314064,1128130257
3,7,5,3,10407,-1543123703,-1944285490,-880040100,-2017870011,-1550351583,-1049916293
4,7,5,3,10407,-1547092815,-1627359214,-313883746,573780911,-1368183316,-2123640290
5,7,5,3,10407,-1859528039,-43833265,-2056944244,1848342078,545417930,-123573784
6,7,5,3,10407,794332966,556425564,-712970154,764153136,-555560205,46708002
7,7,5,3,10407,519806699,1482340692,1730448961,15989960,1238491942,-885846909
8,7,5,3,10407,1872489453,-2022132470,-1537126309,1482488353,1770627423,-1333994739
9,7,5,3,10407,342029008,1402723556,-1891841025,-1112206664,-919804419,-225902794
10,7,5,3,10407,1563641037,1770167291,578894784,857858553,1863697854,261331900
1,8,5,3,10407,-1033042097,258320714,-1280552443,1763555212,645900205,-569416128
2,8,5,3,10407,1626512734,1200875284,1000410053,-1127697494,-1708625869,1713341912
3,8,5,3,10407,806313965,-1200558911,-362531522,-1415907256,717229058,854171524
4,8,5,3,10407,-1512388068,35877262,1749424552,-1658580977,280375627,-414118026
5,8,5,3,10407,-1866178256,-120103558,-1338623372,226769515,1134743454,2093853987
6,8,5,3,10407,-166882297,997945564,671017429,-55510355,-156087779,-800659423
7,8,5,3,10407,872525446,625829791,-1760240117,-1319908278,209593768,-1135733888
8,8,5,3,10407,-346541165,-926958614,-1762831454,-1104343572,224249827,1222242255
9,8,5,3,10407,69145902,-858989779,-1552083508,-1881673495,1314073296,1207430875
10,8,5,3,10407,892551403,-1086327852,1218133249,1269310113,802344358,915597650
1,9,5,3,10407,-673916233,-382930097,868700235,626217244,422189266,19104608
2,9,5,3,10407,-85852487,-575353384,-258972392,1285305252,1740014225,86016348
3,9,5,3,10407,-1645100901,1959459138,1864239333,182583039,1389888219,-421049689
4,9,5,3,10407,447477799,-907616166,-342480908,511030218,-294153375,-1161324067
5,9,5,3,10407,-1989194427,1119337154,-1138453125,-314889870,-1800010674,-1916434288
6,9,5,3,10407,-677624596,1731257063,-1607486096,-1116631788,-934436543,491848012
7,9,5,3,10407,-730131646,-217328031,-588270398,-703458356,1238476771,287323240
8,9,5,3,10407,-1568436718,1956948318,25576425,-211102823,-355718460,536096373
9,9,5,3,10407,1944435068,-1448954267,-383968718,-1683967382,-632105154,1520005321
10,9,5,3,10407,-43608333,1675922773,1093048440,-2023960871,2019800256,-2146230931
1,10,5,3,10407,-228715640,-893223662,471633747,454044082,206033755,-2040624588
2,10,5,3,10407,893758451,1961842833,-200941333,-546495173,707583486,-1432780629
3,10,5,3,10407,910886596,-1414675394,785948122,-1805700120,-1007103366,5544446
4,10,5,3,10407,-1747340427,1547735397,-170141573,-209591642,-840060815,-1682075847
5,10,5,3,10407,551129622,-648766719,-275301128,1482338491,-1559885372,1495857581
6,10,5,3,10407,-421666700,1846764036,-877827082,-1020488044,2030688716,-1891585711
7,10,5,3,10407,1569447561,-1220103966,-403492904,1472674776,1203205527,-1474202078
8,10,5,3,10407,-887038203,161956281,1969235767,960879457,-1753432023,-202886061
9,10,5,3,10407,1695520970,-1419653625,-1668106153,-1990501314,-772299862,-275528231
10,10,5,3,10407,-1322738916,558141035,552868646,-416281032,1598427814,787869826
1,1,0,4,10407,1897049372,443463371,40686354,825574715,-444668296,-1771461890
2,1,0,4,10407,-147275659,-1769240373,-595869743,261881357,-2127217090,-393775461
3,1,0,4,10407,388048182,-1568932736,-1945012012,2030895294,-846159498,332990889
4,1,0,4,10407,-1667587695,1740184187,2013814136,756914494,-788541599,590623038
5,1,0,4,10407,-1715080639,587354350,1536661034,850184150,94732457,-739399546
6,1,0,4,10407,1157678205,1040648088,796084116,-891896788,928358547,-2132661355
7,1,0,4,10407,-1191106116,1636086854,672785859,-1022816099,821126756,1341249066
8,1,0,4,10407,-1562950700,-1642873199,-1844949193,1634585143,-2140434726,1171176313
9,1,0,4,10407,280203040,-206608198,803122620,804831169,-213627923,1740558951
10,1,0,4,10407,-1298455011,53745297,-1871602710,-131942450,-52293723,1032571810
1,2,0,4,10407,2130795094,-424745644,1179100957,8497665,616713644,-1751098486
2,2,0,4,10407,-1798995498,1430188654,-89693215,1683211032,-951023772,-980418921
3,2,0,4,10407,605534696,2032027344,481737773,1363692243,-1848957379,252013318
4,2,0,4,10407,-1052617886,-128271808,-1875075716,-1906715001,-1087751022,1500177503
5,2,0,4,10407,-620230687,-1286544525,-1454340226,-696046830,-1759333382,1045642103
6,2,0,4,10407,-1527607693,-2002948038,-1954174553,-13381499,-1505981011,356268877
7,2,0,4,10407,1597655874,255021299,-825195282,-783914994,-1495684070,-1098343266
8,2,0,4,10407,-435673044,-1546408791,-993905218,-1439909739,-476430190,-2083282838
9,2,0,4,10407,-1973724464,-1251517763,1750616942,-1899425911,1931060802,-1336866173
10,2,0,4,10407,202671601,64873552,-191204537,-1923825943,-515494201,805304081
1,3,0,4,10407,2090006740,1027246660,-987249346,1425610191,-591408124,-757795732
2,3,0,4,10407,-480279165,-1965995904,953773451,-187283318,-1008882695,-1548975176
3,3,0,4,10407,-175197813,-597359577,1468158062,-717513679,-2024115156,1233588314
4,3,0,4,10407,2062018382,1302409217,-1967437717,426604670,869693646,-369664025
5,3,0,4,10407,634754367,1280010846,-582191018,1518835221,1087311158,-261922387
6,3,0,4,10407,534865682,150056321,737089887,712445455,1875864210,561581303
7,3,0,4,10407,1805140087,1604210841,1206801732,-1134972128,268049339,260457215
8,3,0,4,10407,1597684766,646974585,-1519855373,1611175824,-50477901,-1700026629
9,3,0,4,10407,492230478,255605458,-302182601,763394384,1697437568,-908041863
10,3,0,4,10407,226757094,801740098,1222298156,1735735073,-721214491,-1196619091
1,4,0,4,10407,-1437312140,-2096667289,-1045471427,2001270575,-126592087,-1831393920
2,4,0,4,10407,1651820629,357573044,-510101460,1450765527,1146455896,431420566
3,4,0,4,10407,1228795378,1167821116,1939581948,852062595,-994794012,173408224
4,4,0,4,10407,594290723,-264760778,-912758786,-1106726756,-2024954513,502013081
5,4,0,4,10407,-679808901,-94346537,-1250450299,172277709,1542906761,1608759486
6,4,0,4,10407,-446455978,1911081636,181051160,517429201,310356681,1027333486
7,4,0,4,10407,-1842946593,40402414,1277048288,1864947532,1096348688,256118624
8,4,0,4,10407,-387651239,547861150,-1511115665,-1885621343,-845268936,-2024152294
9,4,0,4,10407,1168306133,1671725347,-331371934,-1264120448,356071450,230386627
10,4,0,4,10407,-1550099468,1156192117,1434994509,-489628388,-626288493,435094162
1,5,0,4,10407,1826699604,1697835098,-1220128562,1531690826,954754275,-127282443
2,5,0,4,10407,349661047,-707109007,1353731217,1004779735,-955236851,41729409
3,5,0,4,10407,-296587591,662577805,729733887,-628568007,-40796013,-2117945324
4,5,0,4,10407,-538276210,941319216,1024646832,-1720313327,-949549433,853303412
5,5,0,4,10407,-583642380,-366401938,-21581188,-1804386640,-851977180,531063919
6,5,0,4,10407,2125596961,1468866969,-1677311676,408406909,-1668827796,2005594621
7,5,0,4,10407,1754668119,-2113699095,-1052159259,662917342,-333848044,-347651389
8,5,0,4,10407,-814292628,1097558146,-647873825,2032175434,855031840,414225406
9,5,0,4,10407,2054325286,-617177106,1521336243,2118402295,1341973738,-88491122
10,5,0,4,10407,275651486,-939367911,-658373220,2022358259,1265732801,249009299
1,6,0,4,10407,808798991,-825220749,-107199580,715219494,-579559941,1716706295
2,6,0,4,10407,-1499285969,-1715989269,205478809,-1359586226,-1236875186,1733380034
3,6,0,4,10407,-959319603,-39535383,1715976012,-1205631351,-1682334608,-823972835
4,6,0,4,10407,395656184,151608266,1149797453,-314320436,1191064118,1346558107
5,6,0,4,10407,-1946986402,-1722929105,-1448637733,1985431104,-2135062952,1178371014
6,6,0,4,10407,-1703533853,828384308,-1979442516,1401603650,-438121346,1115680316
7,6,0,4,10407,1361859050,450253960,138985773,-250940403,318216171,-1185705591
8,6,0,4,10407,-1322894244,-554074058,-209422247,940551313,-1974427963,-1352362953
9,6,0,4,10407,-521061357,-59762599,-52267752,-517443056,1784192635,1460041613
10,6,0,4,10407,1102088320,-437772065,-1148046892,171183622,669759759,-765559163
1,7,0,4,10407,994526171,1591685256,-377506134,1896518392,-30644677,757897022
2,7,0,4,10407,373490823,-1418312811,-1779343506,881361728,980733037,2122203246
3,7,0,4,10407,1044192284,620283904,-1220675288,1257654922,977105291,969331023
4,7,0,4,10407,466624874,-317551180,1716875553,112108690,-1161273932,-1938489825
5,7,0,4,10407,1354094086,-455616707,-1113461163,1345485700,1689783705,-101278010
6,7,0,4,10407,641987610,-879333681,1353830234,811085302,269781096,-1338803740
7,7,0,4,10407,-56267247,1187679719,1945041923,1823294425,757419599,1671147273
8,7,0,4,10407,-1290693306,2099551878,1393199939,1029371294,-1097617551,-1029527077
9,7,0,4,10407,1353351909,-1265001832,-1200945295,-1902328664,-1727234105,1119692623
10,7,0,4,10407,365617380,311238824,1876176157,-634238254,898464231,-1495023043
1,8,0,4,10407,1962262903,-1955462158,-707595054,574923943,819201702,262544797
2,8,0,4,10407,1011194045,-824067067,-1375399317,-1528178986,-874252246,1135800724
3,8,0,4,10407,896389369,1324254405,-490350081,-884487821,-368836839,-473915853
4,8,0,4,10407,2063589820,-989475945,-241599849,-1350216685,-1073583925,-1484467574
5,8,0,4,10407,305340790,1593514609,793518745,-1608773151,1939867306,1798808478
6,8,0,4,10407,-1883183370,202660817,-677381677,416225594,2130545864,-2088163962
7,8,0,4,10407,-122325361,2129736215,1834443533,30999665,-1642877846,-468423218
8,8,0,4,10407,58569743,-1666185300,140485394,1371283308,501931700,1241234693
9,8,0,4,10407,386404243,-122953457,637239496,1171281074,-234252088,490039753
10,8,0,4,10407,48089955,-982859104,1863475364,-868485205,-2044546797,-196103664
1,9,0,4,10407,-1842488930,-1540769923,-1938285185,418728954,1582896117,-1469478572
2,9,0,4,10407,336521769,-1965973998,-1248390385,181851481,679624186,-1297569592
3,9,0,4,10407,-1758415865,178361387,-1144367557,-176607399,1330379677,-1033990619
4,9,0,4,10407,2127233733,-63290122,-1908543880,1061401906,-849145487,-72025331
5,9,0,4,10407,-682060257,1259025203,-1040163832,2027545057,364000934,-794891783
6,9,0,4,10407,-1106994137,1408925208,-1427562643,-1806657773,-614439448,308917057
7,9,0,4,10407,-1685435130,1944425311,-452693046,818485476,-1383593834,1298331896
8,9,0,4,10407,702176804,374908827,211492553,84880508,-1155044208,-1013741293
9,9,0,4,10407,-1096296708,1899768204,-2086111618,-1110417671,-455243950,-1622218159
10,9,0,4,10407,-891320481,-910432625,341001915,139083082,1559562051,-1977230988
1,10,0,4,10407,-1461871227,2069117742,-67002644,441465593,-2064543705,1632119893
2,10,0,4,10407,1704202588,1917276977,1145794333,1536275641,1048831950,-273302931
3,10,0,4,10407,499010891,1737162312,-537119122,-1274849409,758532900,1981363097
4,10,0,4,10407,-659394344,754128942,-1274815132,1545267292,331133959,-504591975
5,10,0,4,10407,-289178770,-1693514167,-1318513097,-777998214,1377031136,-2000033322
6,10,0,4,10407,821480205,-1500582917,-1342874232,-1130875237,321176828,-42318706
7,10,0,4,10407,1675725149,-1467400967,-396352207,-559719196,909641382,307851402
8,10,0,4,10407,748178959,-1220111172,787611447,1721663933,1040166314,-645024752
9,10,0,4,10407,-972988271,-1340847625,2054770345,-951921338,686264578,-1520787094
10,10,0,4,10407,652883683,-1934844320,2101356977,-137337696,1821628240,268001439
1,1,1,4,10407,-620977264,-1488220759,1426977998,891909280,1854408231,-94953440
2,1,1,4,10407,2091126741,468281673,350307137,2138416419,-1300783897,1778517379
3,1,1,4,10407,1442680964,-1215543520,222741607,864292227,-1283892901,1639297601
4,1,1,4,10407,-1859142814,1066036651,-216457918,492623341,1110779563,102424726
5,1,1,4,10407,937864320,-654771018,641775361,-323647002,-1796486084,2091102019
6,1,1,4,10407,1809410734,2044092002,261367178,975271418,335618667,1912344774
7,1,1,4,10407,889589222,-933218146,198098127,2027238859,-244560519,707909618
8,1,1,4,10407,1489945485,509435189,-1615762248,1222463645,667054473,501957693
9,1,1,4,10407,-1321079394,1180134586,-1292456965,543612463,-1471304535,1682650380
10,1,1,4,10407,1670612900,1712227289,-1742987165,-301912495,-1885530709,414709332
1,2,1,4,10407,-1377389969,611589568,2124674397,1694029182,-361838169,-269191071
2,2,1,4,10407,-871263507,81373520,1841970925,-859961311,695681401,294301574
3,2,1,4,10407,864121981,-635832906,-238470805,304633880,374740713,-1389091958
4,2,1,4,10407,-1148805627,775109983,1207109339,-673036372,-1968324715,-2131962209
5,2,1,4,10407,113033573,-1326776028,-1030486180,2005941931,-1831558803,-2045831009
6,2,1,4,10407,-598100579,-1792005419,-543827291,-85492827,-424751281,1992175095
7,2,1,4,10407,916196018,-495580793,1383778371,1076845758,1040612661,-556092358
8,2,1,4,10407,-156541456,122625301,115287536,-29520558,400066177,772648920
9,2,1,4,10407,873980918,-85732485,-1304736916,41715951,1094831184,-289239552
10,2,1,4,10407,1642938910,1208073101,-785469761,-325194460,561411621,-1199979909
1,3,1,4,10407,848925114,-629852869,1463389498,1625761836,1098283712,-1326478108
2,3,1,4,10407,-634042263,-693793856,-1774262032,-1958051190,280933255,-204618800
3,3,1,4,10407,908782692,-1945412246,-2109392574,130381658,-2011753750,1705738902
4,3,1,4,10407,1508244686,1022270358,1272852701,-1415106538,-382739007,-1731694953
5,3,1,4,10407,1515186582,1407764791,-1995226063,-413759329,1569116751,512517440
6,3,1,4,10407,-1490422504,412312732,-941329055,1574010799,-221243146,-1044203768
7,3,1,4,10407,-305283732,1932029835,793694205,-287148402,-3381297,-1552591805
8,3,1,4,10407,1580645977,-1813762794,1514078305,-702426172,1074866500,1978733202
9,3,1,4,10407,168218634,1045523913,1792912995,682282604,-1774025468,477243787
10,3,1,4,10407,2071335901,-825313370,-830603879,1996740753,550433144,-321927344
1,4,1,4,10407,-223616240,1721178686,-1265409943,903839586,-1699540605,-134657974
2,4,1,4,10407,541448733,-65499183,853590906,1053753450,-104824181,234204654
3,4,1,4,10407,-1120013326,1266927677,1676318781,-1541888702,-1466847990,-1792817120
4,4,1,4,10407,-816379236,1458745985,-1830112772,737217164,-645471560,2057243142
5,4,1,4,10407,919421335,-863694787,-1517737708,-437624659,1410316744,-1988606842
6,4,1,4,10407,-1388381867,500597992,329590705,161333091,-1505911094,-1831609706
7,4,1,4,10407,-58960685,-1852370606,675508078,1109726563,47837590,-1237867978
8,4,1,4,10407,745169511,105625211,47395444,451914791,1885563823,-947403387
9,4,1,4,10407,1979947231,-1460627015,-168525523,171817905,486462480,-1094639663
10,4,1,4,10407,1738357576,548181682,63506960,2046481127,-1670613398,-1710589014
1,5,1,4,10407,1441433586,1731084459,1005060761,-1877696324,345350383,-1378156186
2,5,1,4,10407,-1328743591,-165657492,-1015913698,-12407411,-1890531497,-1527324282
3,5,1,4,10407,-810097709,-1259903616,-666638584,-1250196701,647393885,-1520232489
4,5,1,4,10407,1694001910,1669468226,-479595447,-628125504,-1873312510,-1293189765
5,5,1,4,10407,-149652977,-1995497766,-841954018,426018464,-854322206,564681513
6,5,1,4,10407,-2127864369,500496728,-1690543034,230984428,-78606213,737461527
7,5,1,4,10407,601155790,1034535712,1619544192,-1156948751,1405400668,-772266645
8,5,1,4,10407,-2044619335,545241511,634439662,1176712074,757962856,389371618
9,5,1,4,10407,-983382124,-1997041299,-2069558498,-530973827,313587034,-1040623150
10,5,1,4,10407,1989960881,-139186090,-254242810,844065154,1344978284,-238174007
1,6,1,4,10407,740353382,-1562030324,307320907,-1477958087,412556642,2023974753
2,6,1,4,10407,1669694546,515181363,-2010297506,-754950346,-562532244,502793117
3,6,1,4,10407,668881527,1134951567,-1476467169,23953451,-1818574865,2064655693
4,6,1,4,10407,-2076741468,1245486723,-371649879,-347596166,303268933,1496344974
5,6,1,4,10407,1811628383,1986286028,-1436876349,-1428540576,1650366494,-330719604
6,6,1,4,10407,1983742911,537389137,-1220011434,-1471507005,1336531073,674051672
7,6,1,4,10407,1111811191,-1759451591,1359601581,-1996123506,698766374,-1532990779
8,6,1,4,10407,1301413814,1496967680,-1604618,-893645295,1967380020,167131520
9,6,1,4,10407,-1020368690,-1316681639,1801432857,-1223819829,1468014255,1343523196
10,6,1,4,10407,-305294223,-1037163209,1480082150,-272328226,-281271989,2117595506
1,7,1,4,10407,1708787492,-171809975,492457045,-1826005986,1339276728,380459460
2,7,1,4,10407,1062289959,-269633939,542925859,-1623764587,1360567217,-1990075941
3,7,1,4,10407,1653545035,1058000278,-1791938886,-576598781,-1822342400,-736888288
4,7,1,4,10407,-845597369,-1424590678,1920082848,2140580756,-1884717403,327798171
5,7,1,4,10407,264225322,-1909638938,1936588546,553887061,1067582824,2081579543
6,7,1,4,10407,-380069115,806487459,1269376708,-1251787212,-943274468,-1387385438
7,7,1,4,10407,-957287695,57491725,-2037699067,1550114229,-1089606659,-889151094
8,7,1,4,10407,-1217740655,1188905103,-1931538029,1963173202,723027852,-2088100092
9,7,1,4,10407,306696859,1755760112,-779305477,2106334596,1806923775,979979507
10,7,1,4,10407,367694870,1821389259,582333088,414372475,100500380,1629121405
1,8,1,4,10407,-425812095,-1522578883,-226884462,1189952749,-1452971115,328934733
2,8,1,4,10407,2026178085,2044652266,-661025746,-90987809,-1638958339,-896240726
3,8,1,4,10407,-1227334980,1379381091,931822352,-994763470,-635123253,826931593
4,8,1,4,10407,1261453418,279006242,387922823,85528409,1307496893,-105281789
5,8,1,4,10407,1407747696,-49669014,-1473284264,-63702953,-1533844671,780248904
6,8,1,4,10407,110711749,-2086499646,-911312345,-421423408,543211959,1782532707
7,8,1,4,10407,637195601,1424423106,-1127119725,583287359,-132257538,-1492213680
8,8,1,4,10407,-1894703928,1467362746,-1083518993,393296053,776637908,-350676142
9,8,1,4,10407,-1296146658,-890368231,-1114377536,-1351149778,1526035209,1420117677
10,8,1,4,10407,1137974250,-1231049742,483807629,147209902,-489867711,-1140737695
1,9,1,4,10407,-66234883,933682816,-1562604624,2096374360,1703296515,1515943373
2,9,1,4,10407,1597848201,-2135694888,-1811980431,-843736023,2131277280,-1232812762
3,9,1,4,10407,478467646,10063209,1791321354,1778274052,636313629,-183779930
4,9,1,4,10407,401182702,341332361,985884658,1707782369,780008243,-307246030
5,9,1,4,10407,1215528723,-977549369,1312246964,-1936014649,-550414340,-258807867
6,9,1,4,10407,-2070540966,1035069013,622879389,684592650,-1126172203,419705952
7,9,1,4,10407,1591664758,1585584404,1414385682,-1723496454,-732663191,-386959135
8,9,1,4,10407,1835283351,-1052703238,1953292002,542767678,-404306821,805857352
9,9,1,4,10407,1300975666,1961529005,942441873,-587444879,1364889004,-950680012
10,9,1,4,10407,1241356494,-1361240920,1349118022,-1836695502,1144913161,1112401138
1,10,1,4,10407,-1567044810,-1024798308,2023871702,2036734280,-1398710210,1979260192
2,10,1,4,10407,1528643248,469610702,-1152087878,767825367,558527346,989113602
3,10,1,4,10407,190806601,1476061987,1785130736,1803726331,-1517890619,2067279265
4,10,1,4,10407,741792047,-1800715646,-711602564,-1429437583,-1052363371,-3052805
5,10,1,4,10407,-206695475,199199320,1209365855,1675155950,858900466,664585689
6,10,1,4,10407,-433138289,-635528914,1496706118,485850858,1275239721,1784310610
7,10,1,4,10407,1257079538,-1429137427,-1323207636,1253781143,-1599204471,1834329712
8,10,1,4,10407,629639900,-1925798738,-1724404783,-1957521605,690894718,499263247
9,10,1,4,10407,2029132795,198803304,-1427426608,-1055437311,-2061115865,1547381790
10,10,1,4,10407,-1207856844,1548134063,-866167975,-267489303,363726048,-1073470207
1,1,2,4,10407,-2102507517,-147611417,250493290,-1741013536,-393964372,403263425
2,1,2,4,10407,-1290647945,1286788022,-1195951526,2009030702,1036529898,866395690
3,1,2,4,10407,-1883194551,2064691564,425141487,-386808743,1883119982,1523314068
4,1,2,4,10407,1019564895,-1194509051,-764245386,-1964474895,2129059919,-1720329191
5,1,2,4,10407,-1075785008,363675200,-785568485,1807907236,1817945126,1507181921
6,1,2,4,10407,1524348583,-2062375472,-1586069238,2068896283,1848125853,-1350498534
7,1,2,4,10407,-183945923,-791466839,356836557,-1393690455,-349077035,-1781457233
8,1,2,4,10407,933186266,792751017,1218538130,1035503911,-364259884,1975104851
9,1,2,4,10407,841740471,1941916513,939772986,340596005,-1647963780,-645427590
10,1,2,4,10407,45086577,729742149,475511484,-841917936,-719352199,2067813118
1,2,2,4,10407,1258416589,1096969314,-1067934900,202422316,201422553,-824385426
2,2,2,4,10407,2080319601,798319000,829047244,1533390461,-1365312419,1700869475
3,2,2,4,10407,-1046156399,-1236322608,-321120070,1820064774,-1213896772,397762835
4,2,2,4,10407,-1509776514,1379643232,-797979705,836089887,582086311,-485865680
5,2,2,4,10407,-1846042186,-194663251,-310729987,1676600385,-1994856649,-1073940466
6,2,2,4,10407,643353862,-727944493,1474926983,2092815688,35436887,-152781476
7,2,2,4,10407,-627848155,-1035189258,260743584,-1122547404,1889840849,-1529391048
8,2,2,4,10407,-1107566081,1087894570,-980753236,-1485710338,-1223812833,543569948
9,2,2,4,10407,-1329125170,1512638042,1529289296,-1941502775,1696103541,470040279
10,2,2,4,10407,-1045071412,2066163360,-2021237998,-478815031,91703382,-2023738707
1,3,2,4,10407,2089976012,-1420925689,1808876655,-1615899539,13731112,-1470107799
2,3,2,4,10407,-2100868171,2097953505,38449699,-193690387,-112459345,-1266250794
3,3,2,4,10407,486405040,-1056811671,1801329566,-1106000628,-934687416,-683442080
4,3,2,4,10407,130380380,1674212764,65878285,-2021326081,-1902499548,-1079527668
5,3,2,4,10407,1035844787,-1842204448,605331951,-57111154,1396754817,-2034102437
6,3,2,4,10407,-150743320,-244424076,149748673,-1357719878,-442087200,-1579857720
7,3,2,4,10407,-1425241297,460379234,-1539017923,1142970431,-1288180150,741529971
8,3,2,4,10407,1356299751,-278373113,-78018641,-677986418,-1222623859,940008188
9,3,2,4,10407,1887406615,-1076856670,472935050,-750331124,2035174559,-150714814
10,3,2,4,10407,-113571542,-430614712,-1781452541,-686391239,155289617,2142076350
1,4,2,4,10407,-537828188,-771643921,268704183,-219583646,-1727780074,-1851052766
2,4,2,4,10407,-1792189236,1209733796,1531184148,1648961958,370166010,-1354575933
3,4,2,4,10407,1738695738,1385908736,1823053436,377474894,-15107415,-1070884961
4,4,2,4,10407,-1027245932,836094129,1123971447,1229296461,-1854883219,-661852830
5,4,2,4,10407,-650623748,26977895,550330787,914678568,-1143012201,-2062985814
6,4,2,4,10407,-1754977635,812573526,936955364,1403039360,-1862612669,-304017346
7,4,2,4,10407,-1267542545,-1192592211,-1927644226,1541346035,-1469199757,-435350263
8,4,2,4,10407,-984818006,-1747699676,219286830,1936946804,-389276094,-415447738
9,4,2,4,10407,-342521588,-725444755,516092590,-1696641336,284189636,-432173025
10,4,2,4,10407,-1997467211,128855606,547399236,56911770,556013119,188741632
1,5,2,4,10407,1815549439,715448995,-651670879,204472500,1200555000,583486268
2,5,2,4,10407,344949174,833014715,588917570,4766504,320129865,1807675893
3,5,2,4,10407,867833931,-1370189573,414148927,1122217182,-721776627,511279197
4,5,2,4,10407,-1546459722,-2058036934,357277897,1264258458,-1725628311,-1676354455
5,5,2,4,10407,-325746224,2004095581,1726490062,-283635790,-1610237435,63899497
6,5,2,4,10407,-1214253175,1723660967,1586077689,-886378479,610044836,-1347607825
7,5,2,4,10407,816407157,66669575,168652955,-911344646,1184434431,-1499139388
8,5,2,4,10407,1163273572,16799351,-1360034161,-1545246221,775881083,-563452557
9,5,2,4,10407,77470710,1726755252,-2104305578,1906077078,-1249935864,-1854475823
10,5,2,4,10407,1210716635,1774676225,1412531987,-920662135,2070009502,502010301
1,6,2,4,10407,37054004,1866839831,-1879247516,1223663425,-1480507847,-2066822053
2,6,2,4,10407,212367822,-1017136592,-670096808,-79617243,1207097451,1997469350
3,6,2,4,10407,-1316671790,845426954,-1142083083,-2145528860,-1683399865,333856942
4,6,2,4,10407,-157493384,666040918,38772473,1552522501,288614687,-1202158554
5,6,2,4,10407,1142259596,-483912359,-425780683,-185551166,839864777,-165283633
6,6,2,4,10407,852186693,-1113531535,-465052259,-662350044,418771563,-1817929710
7,6,2,4,10407,1806379845,-1566316464,2059680649,1833754433,215879134,1236105225
8,6,2,4,10407,141701313,1766494613,595006232,875127646,1978220668,-6423665
9,6,2,4,10407,-1580477774,1978816959,1116938151,476157061,767837698,-1089827462
10,6,2,4,10407,-319810028,917207021,1088761844,-1963969765,-954373913,-940192475
1,7,2,4,10407,1711433619,-1368870811,-787105224,2037719836,1270217101,693057273
2,7,2,4,10407,1435900550,45479463,1267771890,-1957834443,-1229359590,-219637012
3,7,2,4,10407,-2030978799,-1176818473,-9496725,-1026573232,-882782425,1696619574
4,7,2,4,10407,1664031202,2133874118,1988110252,809428961,623583869,1867319156
5,7,2,4,10407,-1575700680,-800652893,-22494176,1481718437,1519051826,1255422747
6,7,2,4,10407,2091112261,-344498584,63182707,1060816381,1284795270,-1969782003
7,7,2,4,10407,418984687,451803975,-751575320,1297156428,-946589406,1082347537
8,7,2,4,10407,1526391950,-695946924,890486912,-899601285,976691800,-1561572622
9,7,2,4,10407,-420248322,-912818591,160693175,-1457810392,342388599,1827513194
10,7,2,4,10407,-242017291,915574254,-432584071,-559206706,926443143,-1079910732
1,8,2,4,10407,1806750047,694625158,-1047694788,-60821316,2075286684,1882920624
2,8,2,4,10407,-1124746959,-1117786201,-1819803791,473484965,-141628720,-1398878959
3,8,2,4,10407,-972078291,-1391928986,-1463227653,2140144554,474197078,1762655042
4,8,2,4,10407,63393776,-1845772189,160672208,-689239134,1112607274,2095340123
5,8,2,4,10407,741664795,806927396,1165044110,-493525452,-494706569,-1831791385
6,8,2,4,10407,-626736101,-1338459634,-486319588,1911093178,712106265,1195850211
7,8,2,4,10407,-531807957,-382257020,1595841091,-1646609932,-849462208,-1069528565
8,8,2,4,10407,1883767187,1306043596,-1601177199,-777502450,-1220544005,1193798112
9,8,2,4,10407,1853654628,1199449600,1797750843,1105039561,-1698289126,1590814946
10,8,2,4,10407,2125567903,13335648,-1086101416,599079382,1960915959,-1641572816
1,9,2,4,10407,89436344,-2030107305,-1350396928,-303614076,-1878843473,1207531103
2,9,2,4,10407,-763049309,-1669578434,-321463256,-1825315865,-1743996699,-932807434
3,9,2,4,10407,470611868,-1483540075,1270965275,-798754059,1129329124,-1542480031
4,9,2,4,10407,1578240084,-506879505,-1490695842,-1508508417,121538427,1808816287
5,9,2,4,10407,-777040192,-1725587269,714847906,1162029477,136977216,-1982245656
6,9,2,4,10407,1289235693,-903397305,1377094486,1373456187,-660641610,1072122001
7,9,2,4,10407,-1298991651,-1103479137,-1085710825,-643229381,-917091979,-1020475377
8,9,2,4,10407,-1165839336,50506194,2059014211,-438765207,1506994977,-1708317773
9,9,2,4,10407,1102242448,1610017846,-813352160,1865485322,-1601816233,-1812551975
10,9,2,4,10407,77521479,549478021,824398739,-2031561153,-1712254967,-1523976356
1,10,2,4,10407,1657294308,-1909288035,-1800631504,276588625,1254723280,1125938565
2,10,2,4,10407,-223525931,-64058733,64284326,-358961397,1752811254,-1708810234
3,10,2,4,10407,2067032771,-1996574159,1711835534,1572209774,-1209488415,-305970243
4,10,2,4,10407,235406577,-154460030,-1974795387,-1449717589,-1101030952,312859882
5,10,2,4,10407,868201069,-1481538147,-988498847,1044881144,-1996733949,1919228783
6,10,2,4,10407,1701097161,-926950087,-28431092,-2031467455,-570693653,300251418
7,10,2,4,10407,-1649366248,-1798334296,-398991733,-162791245,-708262189,1351226285
8,10,2,4,10407,1244969576,534650469,-462048820,-1107380636,716391234,1457174391
9,10,2,4,10407,-7781016,-1151633876,12485498,-2065030080,161411844,-1007556235
10,10,2,4,10407,99888379,1931815415,-1110665921,-962785846,808036583,319390299
1,1,3,4,10407,-2028747859,-300168909,1933723044,-732480197,-927185817,-816438587
2,1,3,4,10407,-1775744427,-1772056257,140786985,1230952387,-1471024075,-83498982
3,1,3,4,10407,1080879597,1375097367,448079840,-256985457,-1937645808,1788179277
4,1,3,4,10407,-1294244140,-1923767942,179486644,88458748,1571705538,2012480941
5,1,3,4,10407,1982316432,-1783515579,-260540418,2075629054,-2121233499,1710435372
6,1,3,4,10407,-1179369473,1577964464,-1419768068,-1621932629,-1703962353,-1557881362
7,1,3,4,10407,10347313,-1789027304,1317082990,1884227226,346226106,-171438847
8,1,3,4,10407,1531612817,67169881,1510897585,951875912,-1608831863,-252223008
9,1,3,4,10407,-983313710,1373650811,153780562,-1363519213,917749425,-1394217007
10,1,3,4,10407,1673438799,-419644616,272263244,2017980750,2048451901,-535232934
1,2,3,4,10407,-2105266872,1730717338,947463658,1586221432,-500074308,-713612289
2,2,3,4,10407,1062093120,1323102359,-735131585,-1103477394,1889128071,1516754823
3,2,3,4,10407,-663925039,-520137605,1994300640,2144102471,152944077,1261019589
4,2,3,4,10407,-1144115735,2029867175,-1750000856,311531683,787702656,1581761539
5,2,3,4,10407,-2114928862,-1528210437,277541568,-1778639144,-324482952,967844087
6,2,3,4,10407,107831911,-515931857,-1129440401,-1456064548,892715163,-791721082
7,2,3,4,10407,-1824597930,977374046,266990623,-1139508169,-1063265214,-157136327
8,2,3,4,10407,-1723906001,1047810709,-1832235478,124323247,-176852473,637105478
9,2,3,4,10407,-2018835138,1447322824,1122110625,-1441596068,-1229601292,-1244522371
10,2,3,4,10407,-1256487800,579638111,192810747,2142727899,1386636723,62294325
1,3,3,4,10407,-794737275,-393711475,1110880203,922901075,-1080027508,1397068619
2,3,3,4,10407,-1774797840,1672853716,109728287,1034765275,4895748,-612505602
3,3,3,4,10407,621655823,-1827314494,-1836547689,-2005882950,643316566,1615556736
4,3,3,4,10407,-1297198621,-2020369469,457070138,-375432571,-189016476,-1562588266
5,3,3,4,10407,-2013282427,-21667904,-621421563,595392160,-1439802373,1668128218
6,3,3,4,10407,-1694026946,-1287864396,-375068470,-1548132837,1428135131,341913123
7,3,3,4,10407,1555165020,1339956954,862150111,468933946,1205939288,-1740491971
8,3,3,4,10407,1920066248,381126782,1574203162,-32473264,-385787953,-586745118
9,3,3,4,10407,1432798915,-602652905,293767369,-18425114,-2086679746,-1571380019
10,3,3,4,10407,765966331,-253519320,-162484375,-1817302569,-1971195583,1259576909
1,4,3,4,10407,-21274052,-1400749069,1478928514,1920054523,-719061222,-261759934
2,4,3,4,10407,990885750,-1400306114,724132575,-203108565,-1389038930,-725562235
3,4,3,4,10407,1400741815,-1653573282,-648823195,-1778946937,1075720267,-442508655
4,4,3,4,10407,-508667288,-107260565,-1899790546,2119023470,1691567973,-584916702
5,4,3,4,10407,-1005601864,-278808588,1268430717,1533882793,-2034088726,-1782635269
6,4,3,4,10407,526016438,575299312,-1170421943,-812889917,-49794448,-1893791896
7,4,3,4,10407,1971464308,2103725951,-1409524496,707047143,1586659752,222043281
8,4,3,4,10407,2551206,1518378932,1423665933,-773209725,-49154854,123485754
9,4,3,4,10407,1971891323,-778603263,-1742159861,446336725,1452658158,395517092
10,4,3,4,10407,285808638,-1138688535,1560500089,558926934,15012395,1995850264
1,5,3,4,10407,-52017068,480223983,2161964,-1230831819,-37984337,-1134976975
2,5,3,4,10407,1525629396,463277485,838495864,-1397989420,621936732,-1866348815
3,5,3,4,10407,-357708869,823585272,187221675,-1945616586,-2018553649,-81407890
4,5,3,4,10407,1503680082,-1157992826,-1077894126,1311327090,1088056070,-1067355165
5,5,3,4,10407,176528517,770492426,727003967,-1502353048,-397045395,-346075022
6,5,3,4,10407,834218105,-592886581,-1463090501,1643344986,-921388729,534828109
7,5,3,4,10407,-1214268818,1513925920,-97325591,1175864331,-181321723,1803738916
8,5,3,4,10407,-803455854,-647493338,1171990076,-641483251,720042786,541548870
9,5,3,4,10407,1666554835,1650471770,2001639407,-342303969,2033835285,375166560
10,5,3,4,10407,2106420267,1450557788,-1302416744,-2074033230,-784545237,-2037319023
1,6,3,4,10407,-1933449544,-1486818733,307974098,178054876,1563608313,539144635
2,6,3,4,10407,-1571647220,-904120720,-1442588229,1158630698,-1835289613,-745564048
3,6,3,4,10407,-758957008,1499083410,-1571099428,1265487487,1467883788,1091946188
4,6,3,4,10407,1656182013,-1030944042,-997018598,-480471355,98340652,377090186
5,6,3,4,10407,1441737319,2118616925,836139171,-1501540009,-1742626678,1914128176
6,6,3,4,10407,-815968810,2131366096,1602343536,1040014414,-1031503591,-597114007
7,6,3,4,10407,666436196,-517858225,-454237918,-1476249903,863781050,-532712606
8,6,3,4,10407,-586836018,-1658047548,-79073588,-1119949149,-1122308497,310333493
9,6,3,4,10407,-1683519983,232165130,844562015,-1160157497,-204109245,512763550
10,6,3,4,10407,690056804,-1202394419,-503062061,-1412733234,1992126609,-1684227234
1,7,3,4,10407,1949636774,999327925,-1443234592,-973848345,-1798275849,-321557241
2,7,3,4,10407,-2038481298,-1406097818,-259143363,1125118308,-2042983475,-2067565518
3,7,3,4,10407,-711587976,1874046252,1423989001,-1543575443,-653899123,-2119154927
4,7,3,4,10407,1901740646,-1343709940,-634724787,-1529313970,-612700167,-1894495392
5,7,3,4,10407,734945889,-1509135472,944315831,-301783471,154797510,529034128
6,7,3,4,10407,-1601445589,-1591225761,1957390104,1315802822,227997364,-1922626704
7,7,3,4,10407,946189835,983014814,-977972813,2035930136,-1535568952,1017821132
8,7,3,4,10407,-1718845343,923819041,1920062220,112193929,1779451135,-719749431
9,7,3,4,10407,-356760351,1403641262,-1935460230,-1568319644,989548899,499356527
10,7,3,4,10407,1733727728,320978324,-864510915,-636087183,-1570040728,1352654084
1,8,3,4,10407,1698283466,352397681,446701421,1451426496,-1716557120,1186302257
2,8,3,4,10407,-323857561,214241462,1182521579,1320555876,-145777489,-200774510
3,8,3,4,10407,-494330699,1360147040,-678358452,-545298453,-1878520336,2060058078
4,8,3,4,10407,1913235257,1234125189,-2025197535,-1425310183,417800329,1116999234
5,8,3,4,10407,-736536897,1888543533,1608632241,1937316055,857823662,-1651387863
6,8,3,4,10407,-713931444,854807637,-86657024,-1980345254,1648806070,2078420346
7,8,3,4,10407,916736302,-545477107,-702773030,93112769,1978930747,-1515892753
8,8,3,4,10407,-957873587,-562305957,958168653,-1462684964,-1156647755,1451833951
9,8,3,4,10407,1404832556,-1376871998,-39012137,-1633030408,-530403523,-540430149
10,8,3,4,10407,1919695602,925804264,1701492798,-197008219,1866043499,148090378
1,9,3,4,10407,1723936941,1973686284,-1975766863,452571936,419642721,1846372073
2,9,3,4,10407,932747653,-330622297,995681012,1217586949,1240874328,-542484932
3,9,3,4,10407,540944044,167382707,1652340930,617727004,-1947902685,-2099394473
4,9,3,4,10407,1894221043,2129702924,-875037320,2136957032,-1620961192,-1807638647
5,9,3,4,10407,1854939276,1167944140,1375110216,1887388480,964835951,643934732
6,9,3,4,10407,-1676191337,1786145911,-553735575,1532720034,651017484,1009613298
7,9,3,4,10407,635314476,695556190,271023514,-1343855017,494111353,-1364638451
8,9,3,4,10407,-202695454,-1342985719,-745958712,572443922,-1122579969,-714817110
9,9,3,4,10407,584195751,1647926424,-1140365281,-920368635,380959244,238880416
10,9,3,4,10407,1420446677,-1128546453,-1959910269,-2008777328,-133229075,1708557397
1,10,3,4,10407,-92639007,1507941449,1109333233,1507246266,-1288108728,1278330105
2,10,3,4,10407,258024893,187447782,-1948029384,-1948728996,-2037098056,-1924136087
3,10,3,4,10407,1612578191,2137276210,1197951827,-425982296,-2054529232,1215737762
4,10,3,4,10407,1187444066,616559991,1578306407,-1819733595,-874405150,2014001029
5,10,3,4,10407,-1859253027,-1578094651,-1551510709,-197784261,1104007982,921910125
6,10,3,4,10407,28952162,-653255713,-2105709134,-1282297273,151024227,-1007638738
7,10,3,4,10407,439488921,-1216608512,202915513,-867149806,1094163579,360600254
8,10,3,4,10407,651170478,1871828039,1731167296,1769671371,295160096,2056168252
9,10,3,4,10407,-144125365,-1145726018,232021546,308092201,548602193,1296939438
10,10,3,4,10407,900631284,-1874140323,-678834638,1291033988,547413438,-430244170
1,1,4,4,10407,-52748780,-1021473312,461716761,-1167661290,-653148754,1005628212
2,1,4,4,10407,1447631454,1123543425,1862110806,1640699824,752028056,1416134345
3,1,4,4,10407,363334030,1587480256,-1134610250,-2010862049,1337268508,1220408856
4,1,4,4,10407,1633330354,-1267008176,2019438135,-1008056332,41377929,1580544635
5,1,4,4,10407,-370268389,426235640,359201359,91133775,722565016,680609283
6,1,4,4,10407,862929096,1875661723,56830049,454578751,356466277,1433213105
7,1,4,4,10407,-1209212084,-773925147,1507406145,-1701509371,1173183230,-1701573412
8,1,4,4,10407,-1250700162,-191852260,-460112146,823312266,-873515506,-512465568
9,1,4,4,10407,605182755,1982480575,-593710864,-860569142,-1203804071,-251262636
10,1,4,4,10407,-634923236,-119510587,-669353791,1864860316,-828117389,357168103
1,2,4,4,10407,-460514609,291596567,895977068,711331730,-452357299,-1014599101
2,2,4,4,10407,-902283454,1658519016,-412609781,-1115883152,-129357359,1947015377
3,2,4,4,10407,1805524320,1690071640,1708114967,1816113641,1769127939,-1997509482
4,2,4,4,10407,-409183123,-420989938,-1582132317,31216738,1205544905,-2002108587
5,2,4,4,10407,-1358899537,-927784662,-23055591,-1784232889,1094480063,-1792174170
6,2,4,4,10407,37452094,83028394,146020011,2104706146,-365666302,-2005034265
7,2,4,4,10407,-2134255762,437033223,-847318977,1757753461,-84172988,687840909
8,2,4,4,10407,-47827584,-568049273,1432839177,-1714282258,-90522918,-1267000196
9,2,4,4,10407,-1921259244,341356256,50951246,-797055208,836483908,2090454323
10,2,4,4,10407,176436464,-420588093,-20247097,-241671005,-382946863,365600049
1,3,4,4,10407,1657740534,-1030840291,2072243841,501217365,-564769879,-555330543
2,3,4,4,10407,-2001886481,2010051791,1775666935,-1580422364,-406985604,710723757
3,3,4,4,10407,-1890140984,84016262,-771856629,-1311847071,174248989,-634818763
4,3,4,4,10407,1553213964,2086401136,-915356905,1839444730,748357103,-2028491802
5,3,4,4,10407,2113076709,1825002169,-1951416045,1062437125,1393658977,-1318982708
6,3,4,4,10407,1515981995,2087460523,-48250715,-1288764041,1699741998,726368705
7,3,4,4,10407,603193489,-497576278,-400090492,1412309007,242675378,-2124073681
8,3,4,4,10407,250129503,-568393523,-1119723004,-1501204887,1645842425,2126425324
9,3,4,4,10407,-1171041863,1952142249,-390703431,-1339146367,-168339803,94515535
10,3,4,4,10407,1330301207,53840217,1901439941,1116190405,853561342,1591038769
1,4,4,4,10407,-1733387426,-1504654631,-1953510866,457663427,-1445906668,-826448663
2,4,4,4,10407,989184459,1436590902,161838786,-1942839122,33921395,-346810521
3,4,4,4,10407,1511553696,-612879967,-799942480,1424007096,534270116,555354766
4,4,4,4,10407,1348414111,423247336,-1815871396,1228043051,646503151,-1814020691
5,4,4,4,10407,436212321,-364433730,-789246834,1091724422,-71906185,-2026831297
6,4,4,4,10407,1771169902,799401115,-301922291,1832362165,-1028830240,336184466
7,4,4,4,10407,-230367607,1482586761,-1391979614,1368548630,831462724,233410106
8,4,4,4,10407,1278711562,-1694526737,1398417157,-648105521,-210780946,-2143936588
9,4,4,4,10407,-1825628783,176778615,1189492133,2110345868,-1215389113,895209003
10,4,4,4,10407,-31702680,399109065,133315068,2078123299,1463047404,-679786856
1,5,4,4,10407,1211470671,-933678330,-918657295,-164795991,-611100408,1556908177
2,5,4,4,10407,-1752592877,1178917753,-395188827,927384785,-579143894,1158020534
3,5,4,4,10407,-1010550526,1557499487,-2147015030,971165750,1684424973,1654138683
4,5,4,4,10407,167483492,1876929105,1697307092,-1617291349,-159306726,1493412686
5,5,4,4,10407,-1123914932,-1503622116,-926815587,1640053084,-785028582,981990891
6,5,4,4,10407,-44332827,-1486764483,-954532312,-1662727007,-461538239,1076184675
7,5,4,4,10407,1947030874,1790005793,1360905400,-966809850,2031860832,-515645233
8,5,4,4,10407,-1452959981,-1255025742,-2147083859,2029020194,-1319087378,309870581
9,5,4,4,10407,-1309944646,197573291,865334832,1402770645,-1057533265,924959230
10,5,4,4,10407,120402894,-1324359557,-787065662,-1920575976,-1244373206,1998431914
1,6,4,4,10407,161324808,-1047601621,2004348970,-665043107,-989314775,-1731932251
2,6,4,4,10407,-1962578891,-1186630387,991775348,-337328843,282994937,-381867862
3,6,4,4,10407,-4497504,885296769,-1165674961,-1097878716,-551082037,-385898815
4,6,4,4,10407,1394356638,194977149,-1158777706,1366812406,1954202981,1835279293
5,6,4,4,10407,-1418222232,-1660317260,-840627987,-1645567028,-652862799,944551001
6,6,4,4,10407,1628473331,-2003339419,-450430176,-597996988,1713048289,154821438
7,6,4,4,10407,-554742027,2024420795,-1427743275,1075731916,-927286303,-324049038
8,6,4,4,10407,-295787740,171366900,313121608,569311377,543596141,-171589985
9,6,4,4,10407,1082151986,-1438605920,2108953148,-322720385,-1152158289,1699875265
10,6,4,4,10407,-763936089,-2003074384,1408358529,-2039868022,-1371909504,776187049
1,7,4,4,10407,750950295,1245171847,765816451,605517521,827583560,740061434
2,7,4,4,10407,-221019815,-980262934,845495040,-845104286,273810420,1248789869
3,7,4,4,10407,-947787082,-737070897,-191225937,1570472281,-1534241520,-827472230
4,7,4,4,10407,1343588773,741619064,-359712668,1214323035,429036967,-18477516
5,7,4,4,10407,1714871675,2121463290,-484993126,-1508391227,657080397,-1711223209
6,7,4,4,10407,-1933360452,1789388035,1733736944,2041278378,1236297540,140631665
7,7,4,4,10407,1438223426,-2141838185,2031655345,335368032,-1508638901,1313388364
8,7,4,4,10407,-875176331,622442844,611246736,645032545,667397401,-45764087
9,7,4,4,10407,-158788030,-483897355,-579242143,533631240,1386539809,-647937687
10,7,4,4,10407,-1254211971,2106076105,233063975,1951156714,821087779,-56861462
1,8,4,4,10407,855393248,276864943,-572604303,68327486,-992602933,-1423876973
2,8,4,4,10407,969496052,-1299859824,-2089581451,1745205171,1421633184,-1465009137
3,8,4,4,10407,-507357001,1507822151,-43422123,402631503,1866235504,119226065
4,8,4,4,10407,-274936933,1067950743,-135566044,-912122309,-1025422783,-716941534
5,8,4,4,10407,1600194169,236364409,-299026944,456028248,-690780333,-837612026
6,8,4,4,10407,1886110686,382164454,1282598366,1970904806,-1006922215,248081950
7,8,4,4,10407,496408992,488376132,-165131627,-439691559,1439452810,-326914571
8,8,4,4,10407,-299979450,-1359182293,-1180709929,-434504909,-1303289958,-1520434298
9,8,4,4,10407,-232800936,-1216728237,848890730,-1709518940,1194072857,930177733
10,8,4,4,10407,-1234551527,-945447923,-814758868,-570215404,-1645076495,766340919
1,9,4,4,10407,-710335175,550460034,-325158374,1389735501,1101865325,-1672017292
2,9,4,4,10407,821090588,798391236,91616281,1887318924,-1774370801,1035159480
3,9,4,4,10407,-1018597085,-497280631,-197096987,-797682354,-1422318096,-377122437
4,9,4,4,10407,1232271111,739801974,482807857,1702007017,-1142240929,-15800928
5,9,4,4,10407,-323893587,481768314,-576207868,3403302,687007197,279458957
6,9,4,4,10407,1830615486,-406499154,-1585379672,-942823446,1445682695,-862812275
7,9,4,4,10407,1688067061,-252950983,-182013361,-839822515,632986449,1969727254
8,9,4,4,10407,731654607,1428946821,-137959223,926828771,-1976835702,599861512
9,9,4,4,10407,1845001607,1222867025,1026379794,1524329886,-8180050,-2028188095
10,9,4,4,10407,1300698259,75186290,-2040301710,2013355684,-1909250478,-1175967513
1,10,4,4,10407,866622416,-365558862,1348671864,-1848345382,119593502,-1270361399
2,10,4,4,10407,1887662291,-1085364975,833631305,1944512629,2133954424,-1482759835
3,10,4,4,10407,-1080060888,-1691359257,-1232058910,-2135116581,-1022668460,1576502468
4,10,4,4,10407,1253999673,103201444,-544956651,-1192698494,1866740722,57484343
5,10,4,4,10407,175615147,728620859,1013727393,-1753719219,221128143,539757790
6,10,4,4,10407,1226155948,1790025343,-1182102156,487500657,1137004221,-1585160560
7,10,4,4,10407,405901928,-298426658,757595619,102275752,-494824600,-1182747903
8,10,4,4,10407,-696585340,853583111,2112918463,1549387054,1092850704,-1160972520
9,10,4,4,10407,1192517827,42084504,-553128774,1821085405,-288710811,-1400159098
10,10,4,4,10407,-1663611819,506291159,1092597829,126126907,1808306419,1141088268
1,1,5,4,10407,-858455783,568806209,-873245827,-1986232399,-1037801265,1154079614
2,1,5,4,10407,-1196188312,1456031808,1596862290,-1662820521,-889622929,-994484394
3,1,5,4,10407,-550915326,1052957379,-1312459129,-1529038694,-863364291,526675681
4,1,5,4,10407,-958754705,-43518246,-1065518183,-976605205,307741522,-568503401
5,1,5,4,10407,-1426972173,-1012255040,887412046,-1417689126,1444777567,859315412
6,1,5,4,10407,-1460367930,2144961041,-274008398,-1362029502,233225749,1357790695
7,1,5,4,10407,-1021623357,-1154464254,1310040084,-980914770,-218630241,-778876888
8,1,5,4,10407,-162133975,-1436859336,-1589904114,503754571,-1995914510,64646343
9,1,5,4,10407,1369230942,-66156370,-962357279,-532955455,1591965886,1703805251
10,1,5,4,10407,-780550651,189757866,-1474200712,656206356,75854123,226690625
1,2,5,4,10407,-856370525,-1716070764,1535944548,-1723100876,115081563,107757491
2,2,5,4,10407,98773755,-1088764706,1788103878,-1377139769,-277394353,-468857698
3,2,5,4,10407,297514063,-2084177805,1831343302,-624271919,1063165623,2014377066
4,2,5,4,10407,-707713793,679708822,-1437469223,558506008,-17075562,-1944504074
5,2,5,4,10407,-1166027535,208904867,-399270299,-1106866578,-1553708853,1834205609
6,2,5,4,10407,-1080056916,-550601724,-280015601,-187890254,403805254,1290073925
7,2,5,4,10407,1196717859,-155394603,51333681,660149317,968722023,-1712515316
8,2,5,4,10407,-1310924841,1825295933,948160878,1422175489,1696706196,2027601498
9,2,5,4,10407,1603152935,-1060856893,-1720353088,-1656661426,670519303,865453829
10,2,5,4,10407,-899075454,2007342660,46369997,-1834138059,592684401,-1578348833
1,3,5,4,10407,-446919294,849744436,-1691786,1938077983,907963653,621317811
2,3,5,4,10407,736044443,-943734922,1553472384,1708635830,-1877855975,1682154157
3,3,5,4,10407,-699227322,565795654,1109376534,-827759332,-785687337,-2109911579
4,3,5,4,10407,-31258569,-1739941608,-355260449,1205078231,-586550442,1010125376
5,3,5,4,10407,1287076810,-1758705762,-2066833572,-187497017,-735856524,-2013224165
6,3,5,4,10407,-1833417367,79015460,113338065,158394875,2079087679,-208365936
7,3,5,4,10407,-655669134,-1400730852,-1911707704,-1738252349,-210620035,-1709473533
8,3,5,4,10407,-1199604148,-581833629,-1236672653,1003235028,-2116396429,1067306794
9,3,5,4,10407,1917694285,-1322731700,1789419611,-1499844885,1994904940,-454495313
10,3,5,4,10407,1370128583,527114553,-678005976,130408807,2081777120,1006092730
1,4,5,4,10407,2080945719,849278026,-1385763346,1340817068,-1734496833,-1398114704
2,4,5,4,10407,-699374712,-1911108790,382572816,-1971717758,556707433,1754911958
3,4,5,4,10407,-973050660,-1022466171,-827399789,1555356073,-2039302044,-613583317
4,4,5,4,10407,1315818590,-1268374688,1566971633,-1534973509,655805869,-605058383
5,4,5,4,10407,-2044548043,1097243882,-395780937,1283682651,-661809330,1549979999
6,4,5,4,10407,301768774,-989105862,-343102247,-1046637482,-678576091,-1601625612
7,4,5,4,10407,923569127,1212500164,142737195,-1289922062,667304749,244432787
8,4,5,4,10407,52084796,425481011,-523123030,-19924350,1933671911,-1446334487
9,4,5,4,10407,-1565579185,-162637544,584599765,1406089933,-271450911,1668324100
10,4,5,4,10407,1087154904,-1673295608,-112092874,-423100422,2128940959,-63044725
1,5,5,4,10407,-1214741263,1701106422,1308207500,1946679296,2093671595,-266598321
2,5,5,4,10407,-1106589453,-1200794040,-890431729,884109337,330692018,-2007086642
3,5,5,4,10407,-2108834785,1026053016,-1175634842,1651652171,-1686184229,774946143
4,5,5,4,10407,1072861943,-974497210,-909919110,-1991842618,1353017298,-1768238640
5,5,5,4,10407,-1951289970,707500335,573775051,-703313953,1067405461,-230758389
6,5,5,4,10407,-1965290396,1860807162,-2045558770,1003686989,1907816041,-765424969
7,5,5,4,10407,1260247718,1716065401,-1724640843,-1074211261,-560592010,613275023
8,5,5,4,10407,938740852,1939730674,521520762,-1567682542,476617747,36985299
9,5,5,4,10407,1654635433,-294299268,210878411,-1472026238,409940230,-838722198
10,5,5,4,10407,1361770267,1053625912,730232595,-359017920,-38441087,497515954
1,6,5,4,10407,-1693102022,-358506343,-842916200,-1782344337,-86079878,1952504845
2,6,5,4,10407,352634137,-706558742,-1688753495,-1183957316,1216503882,844490793
3,6,5,4,10407,-1974890417,215142229,2100275343,-86133544,1694770784,1176926853
4,6,5,4,10407,151099302,-2060469036,1897672178,1672955152,1912729526,-662014635
5,6,5,4,10407,-953438511,234640820,-1568570291,-731691792,1136003703,-641530048
6,6,5,4,10407,-493029214,-1738444663,38680189,614220542,866508040,2006140998
7,6,5,4,10407,1573191123,981452145,1285062535,-1046610675,1337033470,-885436384
8,6,5,4,10407,-534244060,1659455947,-1205416479,1441242973,302164125,-154647327
9,6,5,4,10407,299530103,-1813982680,-1477141440,-115742417,1494722129,1136019576
10,6,5,4,10407,-601437631,-522518910,-1407418281,581569233,-924662061,-2191319
1,7,5,4,10407,1967848346,-1626576129,-1441722203,1695532916,-1129288593,-1134752097
2,7,5,4,10407,-1009853239,848803858,-1049874700,-578958227,1451904349,1832882031
3,7,5,4,10407,906010712,-475068211,1881750879,-178991531,273531742,707434702
4,7,5,4,10407,481566566,-953207825,1550097273,275021744,-99692075,1819185823
5,7,5,4,10407,2033631077,1126894449,1986669936,256389891,-1284088889,-1138516425
6,7,5,4,10407,-1153895734,351632004,-1142511030,-2091423628,1980661928,-1313246179
7,7,5,4,10407,2058992956,-495842868,-18212557,640064854,98808310,870405356
8,7,5,4,10407,1039662696,-486561412,-205476314,847666810,686016478,-1185235863
9,7,5,4,10407,241277264,1269966851,1708390001,-2071796883,1883456153,1392524901
10,7,5,4,10407,-1159739035,441732423,1712653025,-1029766514,593232612,770509162
1,8,5,4,10407,975428068,884252417,618609850,1227612680,-723125767,164089480
2,8,5,4,10407,2048300214,928550889,-1337834636,-953604666,-1775116686,-1264375059
3,8,5,4,10407,-1020899324,-752836101,788238148,-1291604057,-436962895,608934799
4,8,5,4,10407,1604367935,1821274549,1237884156,-418766181,151701754,-693717387
5,8,5,4,10407,2015567404,-1225270080,-1201943937,993788946,1587787250,548666387
6,8,5,4,10407,-261478196,-775686612,1974000183,1287903125,1378718372,1625262420
7,8,5,4,10407,1299994902,893588947,395931295,-1982052957,-1651187834,1780913460
8,8,5,4,10407,743722137,678090458,-1781748514,-1189158172,-450292348,1948333134
9,8,5,4,10407,-442586860,-1972276874,796707883,-2089461025,968269215,-56241892
10,8,5,4,10407,1261386421,1625268044,77106853,212452727,-590630725,-1593499773
1,9,5,4,10407,-1424454288,1614412711,-1097054791,1097263141,-1560414433,-123451509
2,9,5,4,10407,1145966935,-1511500475,-152195412,-683427344,-796995524,-648451341
3,9,5,4,10407,1436619766,925289088,-826076700,-789837384,678150587,1238488698
4,9,5,4,10407,-638254826,-1006867955,666169418,-687349646,758766475,-782432674
5,9,5,4,10407,1230885852,2028286251,-58713447,1638541871,-651846513,-2042259904
6,9,5,4,10407,-1868398643,870839429,-1275560223,-2079623080,-157646638,410356862
7,9,5,4,10407,764189227,2023893370,-1527511644,1056482825,295270959,-985305830
8,9,5,4,10407,1065646686,1912240418,-363237868,-1602024410,-1381215912,712681427
9,9,5,4,10407,1964308860,-80710276,-1491784042,-1772988826,494345758,1486835481
10,9,5,4,10407,-148765102,-1125803945,741689689,-165682466,-1948050231,-181640072
1,10,5,4,10407,-1391237,-1466237632,-1674334164,281175299,546319130,-609888419
2,10,5,4,10407,1090409198,-38217191,-1746659049,-970776724,-1206563580,1023430324
3,10,5,4,10407,-1536596907,-798233373,-783167852,804334075,2117709608,-1229114667
4,10,5,4,10407,2018236790,-1305158037,1556116214,-1916394692,-745957001,1439274827
5,10,5,4,10407,-1061765968,-1032069254,-974027928,-188932980,2020438332,-1762465560
6,10,5,4,10407,2132448468,-264699000,2122985295,268407795,1309966872,-1347993684
7,10,5,4,10407,645821247,1430453875,1789950759,1690362340,1078045659,338748739
8,10,5,4,10407,-2087024338,-23795289,301800138,256646397,-493955313,115576430
9,10,5,4,10407,985423127,-978743566,-837322889,-828002094,-1478669699,-1540616676
10,10,5,4,10407,651979561,-1227404590,870699806,625256419,1485727605,670358627
1,1,0,5,10407,-1173063391,406876899,1782895639,-236679505,1290792497,-679803630
2,1,0,5,10407,975660028,-1151722734,581354729,746154724,501158472,-856485572
3,1,0,5,10407,-919818280,-1938082533,-2104750655,1988551681,630080267,904513725
4,1,0,5,10407,-1052871141,1090180158,-1273303275,-2133324457,1504454080,186885300
5,1,0,5,10407,1895635975,842031758,-292323987,-455311147,-137405431,-640805863
6,1,0,5,10407,871145530,405494358,-2077479451,1332134995,-630354810,1570561625
7,1,0,5,10407,1170228048,-1559708128,164542049,1013926518,141126565,2012914481
8,1,0,5,10407,-1813440302,464396501,-605018009,-364850486,-569990014,1607786313
9,1,0,5,10407,1498618055,1238712911,1150326912,653567255,-1411260256,317968711
10,1,0,5,10407,1243787594,-1666203073,-322951047,2062811307,963294076,529251976
1,2,0,5,10407,-852466952,453845396,551121374,1566916893,-1577450495,243303892
2,2,0,5,10407,-1507261410,427110956,-257611840,-1291182174,-1194076315,2071277222
3,2,0,5,10407,1606367300,-1034232566,-1863867689,1172043997,-1468270301,776308979
4,2,0,5,10407,336626615,-1437597272,-1594593852,386881602,-65854616,2010145191
5,2,0,5,10407,-1516875531,-792046624,-1563301211,1243221088,1910914916,1952022973
6,2,0,5,10407,-1936961000,1184414475,1197699554,140608710,-1093332069,-1127085673
7,2,0,5,10407,-665659101,1763014254,1863390209,221961624,90209739,378027694
8,2,0,5,10407,2078355678,1211580058,-161085983,1171457731,-1218668920,-170320968
9,2,0,5,10407,-1491051713,-1015110098,-529006058,-1069142432,923841661,348909155
10,2,0,5,10407,-666626470,362511696,-1449658656,-1871348501,1956805458,-1211141678
1,3,0,5,10407,269345350,309167239,1434599474,-74241401,-692724544,-1435875370
2,3,0,5,10407,5730769,479539096,2085859526,-1431847725,-1048512478,525986557
3,3,0,5,10407,-1906230797,1308411178,1309522774,-2112392080,-1323717669,1308063520
4,3,0,5,10407,160852784,-574150975,-582721206,101783009,1417946736,1853902060
5,3,0,5,10407,1499956017,1137991636,-365869565,-1027823190,114851329,-995460980
6,3,0,5,10407,-1373009478,-54571751,-1177566438,-768760707,832691709,2079430610
7,3,0,5,10407,1137923447,-685085345,-1011073132,-786579586,1354264439,-1686073224
8,3,0,5,10407,-172750892,736090187,-587117506,-1512272943,-1557600427,1304194013
9,3,0,5,10407,2057028371,1615792895,-1325517595,1030159553,1898272198,-706540914
10,3,0,5,10407,-1680895358,80191734,-491225022,238042169,-1633440990,455516481
1,4,0,5,10407,-1434952960,709987712,-1467365190,-1437368336,595982480,1296661281
2,4,0,5,10407,1152644173,281835193,925731404,-370900532,-1856048810,-783574929
3,4,0,5,10407,-1852315765,1576924878,2092333290,-2146833204,464062938,-302814665
4,4,0,5,10407,1444243431,806915367,-431032330,1928073818,-979609541,-1448901516
5,4,0,5,10407,639446282,-347481578,-176308962,-249184381,27393919,-1238527652
6,4,0,5,10407,673531546,-1707789680,293416177,1215710832,-738366460,624506570
7,4,0,5,10407,-488719535,514343318,565736283,-1160161522,1072472468,-223804559
8,4,0,5,10407,624126540,828832149,-500911010,-7604026,630060272,1233359279
9,4,0,5,10407,-761098761,157521664,1957388510,863903835,974112151,948105387
10,4,0,5,10407,-391236811,-53040545,-874424210,1689343813,892437556,-1737156300
1,5,0,5,10407,1485999332,-1417301645,-430858081,467278532,702162515,-616690932
2,5,0,5,10407,1444419200,-2017303926,-1827727434,1896689200,-1054321817,-1851993409
3,5,0,5,10407,1841045325,-281135435,692876487,610373668,-1906337623,7137603
4,5,0,5,10407,-114140142,696796333,-707826983,1134240289,1823723167,-871025749
5,5,0,5,10407,679313697,1700054167,-2026448049,1802200190,1114114358,887021070
6,5,0,5,10407,-1636344004,-888077571,-856769802,-1127555984,-1583968163,-1070786094
7,5,0,5,10407,421794227,1240833143,1284073685,430500923,-35510012,421652525
8,5,0,5,10407,1771724146,266316784,-730279154,1199110900,-655190894,-1748198209
9,5,0,5,10407,-605033060,-897694428,-753916221,-1078450068,-1389269782,-1941676272
10,5,0,5,10407,-648664081,-1013902950,-1745327055,-477281217,-1426757909,-1379057598
1,6,0,5,10407,-1878018009,-1989985520,1233021829,-401583851,1702875241,-1154718183
2,6,0,5,10407,-2015121253,1879316038,-1004752678,2063614659,1154683377,143208609
3,6,0,5,10407,1626626441,1182044362,-460483114,-452087768,-1860472715,-660524975
4,6,0,5,10407,-1077849285,934330138,976291829,1195465364,-1059775681,979095476
5,6,0,5,10407,-1312247007,-209008047,-1487464824,1612484174,1792203603,-1498629283
6,6,0,5,10407,1505585390,957475651,-1658757714,-595978560,-442628148,1380195764
7,6,0,5,10407,72948446,-2085193778,-829891525,947260911,966870773,776798312
8,6,0,5,10407,681028735,1963921473,1534311730,-940467172,-1333576040,2002505154
9,6,0,5,10407,360167681,-1825683571,-1723157585,-587918966,-1675499190,667786557
10,6,0,5,10407,-1024515404,1365707092,1885406575,-89299178,884915517,-760189646
1,7,0,5,10407,-421819310,1593483864,-947507804,-2005881585,1209407769,793795933
2,7,0,5,10407,-59157324,-1663486368,2005069911,-587367609,34318527,1346665974
3,7,0,5,10407,-944777674,-631683255,1340217155,1868810780,1221439472,-1520791828
4,7,0,5,10407,956686509,77061368,-1092914642,-1140097517,629989338,737060692
5,7,0,5,10407,335914513,-705473906,1886226706,726179409,353734366,1166548412
6,7,0,5,10407,-1600571640,518142391,976711944,650639889,1426038527,-737370759
7,7,0,5,10407,-1603162101,617796717,-1894008099,-320896829,-780114131,-535696893
8,7,0,5,10407,1848361059,-806702377,-914403637,-591655892,1339385596,1051285071
9,7,0,5,10407,2049436555,239895248,-629370602,82780096,-1435681222,-845864815
10,7,0,5,10407,1200724305,-875072887,1766381814,1340984891,-1560430671,-199745409
1,8,0,5,10407,-1432665945,312126936,-1088463648,-791686981,-1880433428,-1139032059
2,8,0,5,10407,1077345480,-1352916529,628372392,738135018,-1746697726,605102608
3,8,0,5,10407,1391063669,1846193930,1083229563,-761466594,-294230954,322794638
4,8,0,5,10407,276003698,818442407,168578289,-1754645619,-704173065,94365207
5,8,0,5,10407,-1501501736,-615491574,1318825181,-1608358840,-1553387695,1584229107
6,8,0,5,10407,-1420858940,2106881564,-1441355634,-656299398,-1566163828,1888564062
7,8,0,5,10407,963446155,-953266028,-959941067,791946540,-311489088,2059275518
8,8,0,5,10407,270439977,1429655507,1393557760,-2094956925,-1061412841,1149323900
9,8,0,5,10407,773757906,-1523007981,-1324666727,1782054943,-1557838958,-117365310
10,8,0,5,10407,-1076378613,-259121077,-1175005841,491662223,1741322221,1117201456
1,9,0,5,10407,-1276945979,2054337822,-1631837514,1656668101,-1226029811,412659110
2,9,0,5,10407,-835969217,1458247783,61442725,2121571969,-1444983404,-1074006259
3,9,0,5,10407,-1604115481,1066197491,1695480864,-2081505928,-2004651155,2074507809
4,9,0,5,10407,2027630199,1507064069,567013026,2104259494,305737762,116415701
5,9,0,5,10407,-575296580,518077100,2099149933,588549424,1745815270,-373114365
6,9,0,5,10407,-188650974,133741479,-1957876333,-802075791,-747061030,1520380254
7,9,0,5,10407,198594965,-1743582988,329169594,1012259639,2136795814,-681590778
8,9,0,5,10407,178331971,-2016465417,-593443556,1381881565,-1396492463,327722618
9,9,0,5,10407,1833759053,-472420579,-324529560,1698759129,629255150,1382617312
10,9,0,5,10407,1104580119,-99525172,605284047,-375714659,264577028,2138692457
1,10,0,5,10407,14648943,1844785849,1566913808,-1098533142,967961384,264125011
2,10,0,5,10407,-304006566,-61118434,1541338623,2065433709,-1845487213,-241749007
3,10,0,5,10407,1213746064,-228286286,650445795,384027029,-878734253,999701161
4,10,0,5,10407,1549791329,-1660797836,-266304059,555564245,-1050154555,-703363152
5,10,0,5,10407,-1905500659,1437592940,889435361,1220985587,-1275772064,-1195998651
6,10,0,5,10407,-893535050,253182665,-1380928035,325576821,-1537688207,-1216537562
7,10,0,5,10407,-859823060,1294877094,-1441379366,-1046446609,1467340015,493296848
8,10,0,5,10407,-879990300,1021855802,755670769,1677709912,248223204,133255397
9,10,0,5,10407,2058524667,1477094544,-1066132986,-1194291071,-1382444723,-941240702
10,10,0,5,10407,719564488,1489531835,-41892948,1164811426,1129125307,-1531721901
1,1,1,5,10407,1038008920,454661387,139787217,-924469538,1916540259,415621112
2,1,1,5,10407,1432943200,1989156805,263095490,188769047,2071863540,1168542478
3,1,1,5,10407,1686509518,-1547573025,-775471896,-271071703,-1863933414,-1251296761
4,1,1,5,10407,1677261791,-1630243399,803767952,-906738066,1782227443,1176339783
5,1,1,5,10407,473800189,1894712342,468603500,-112466146,-1661308610,-1396604950
6,1,1,5,10407,914395048,742416641,1636783685,-1610426174,2068658515,-54733729
7,1,1,5,10407,1805831765,-1065084176,-1661559899,694033491,-1095104424,-230042236
8,1,1,5,10407,1107714654,-1818659306,-1217357958,-1653134592,-91417948,-1870142334
9,1,1,5,10407,1142634946,-936251050,532442373,-1702312897,-1511525526,173516195
10,1,1,5,10407,632014553,1966117573,-1472270847,-2098467069,1191878419,-1080113896
1,2,1,5,10407,-761781926,933466282,-102918315,879813271,-12525592,-209628154
2,2,1,5,10407,-1056920423,-1017256956,-226169453,1982066669,1280325981,1750033397
3,2,1,5,10407,686932084,1296898809,-852617560,-591760313,25892109,-1397875640
4,2,1,5,10407,1206781727,-839959597,-1979354291,188067569,877949531,1295038459
5,2,1,5,10407,718072056,-372574812,94592726,303321191,1608936628,1543711691
6,2,1,5,10407,774700619,1418934596,2013194834,2090703224,-1644942252,-1709857175
7,2,1,5,10407,711373755,-1396007878,-816336403,1257184915,-837288847,-1753285427
8,2,1,5,10407,1803645364,1832583858,1616926032,67907559,-80385342,1899959259
9,2,1,5,10407,1485641584,-1672947181,-1885634241,-1992549491,509967922,-240468488
10,2,1,5,10407,732928433,55353031,-1173141076,481736689,-1002777753,-1688522954
1,3,1,5,10407,1615192906,1075244393,-1956069316,829644084,1548243305,1750188821
2,3,1,5,10407,-1936920837,-200577685,870739759,-677681205,2007552170,-1208825304
3,3,1,5,10407,-940046413,259189456,457466189,719904055,688571840,-873429528
4,3,1,5,10407,2023409495,1572498116,434117333,1708017866,225418077,-1471799156
5,3,1,5,10407,421749052,1966939988,-225289413,2115238526,-1500070548,2032302619
6,3,1,5,10407,1148215672,-1755996865,-1610556761,-1822433356,1679404437,1440705339
7,3,1,5,10407,-965252933,-1899524627,918238970,1398246430,1076501040,1693738119
8,3,1,5,10407,-1761530666,2111835910,1322013689,1461513523,-1719423670,540500184
9,3,1,5,10407,2013943937,-1470402588,1640163426,1369136221,-972004540,2103718508
10,3,1,5,10407,1108417527,-1444731937,823131891,2000210168,-1974288392,56817597
1,4,1,5,10407,-1771262906,1611011348,1380896892,628835497,1200331503,-2024818236
2,4,1,5,10407,-2120713110,2005826361,1809856569,109739439,-203572550,2144655572
3,4,1,5,10407,597227567,-507434807,-568456308,-1187804444,-727651439,-662334361
4,4,1,5,10407,-2086726723,1601266842,-517464371,-723371947,1448297009,-1242039556
5,4,1,5,10407,413074334,535261048,-480599826,2071664105,155650998,238509251
6,4,1,5,10407,1379092473,-21567247,1067558779,-1419361841,1873313269,-1776165777
7,4,1,5,10407,-822225132,-945135542,-612888224,-472420091,-451966173,-976156558
8,4,1,5,10407,-2044779206,-526071206,124004483,56497304,159857751,-1010753839
9,4,1,5,10407,2056891288,-348994633,753745113,-1560489236,-292729729,1754121467
10,4,1,5,10407,558448368,1196234330,1957686,-1026052220,-993906846,595954728
1,5,1,5,10407,999501918,368473976,-872935919,-669702399,1500240228,-2032071131
2,5,1,5,10407,2022493695,666029116,-281151038,-1383765745,820655160,-662151248
3,5,1,5,10407,1829536184,1597934691,-1638330618,-1034212527,1686412406,1429617169
4,5,1,5,10407,1329363547,1727022933,-1685957334,-801493348,2112781151,967995390
5,5,1,5,10407,687942314,-1412026061,1567595905,1859556897,-932881425,271679369
6,5,1,5,10407,-792692940,-212088716,1869627426,298190321,1913011449,-790047916
7,5,1,5,10407,-1957942784,1061365213,868398896,-216737520,1393614103,-1222382011
8,5,1,5,10407,1115974068,118770556,653210913,2132910500,-1311290952,289527447
9,5,1,5,10407,-2022206756,1607323536,1183470329,989330044,1371151659,1269321792
10,5,1,5,10407,-257435084,180308178,-935761883,113357028,1507291512,425678458
1,6,1,5,10407,720701776,567374641,-1450793904,-296466796,2113067869,-606557878
2,6,1,5,10407,716682106,-1121594226,904879464,-971267857,-1278032450,-844529857
3,6,1,5,10407,1951072458,-1785964387,327953306,271934183,-1377318572,-557493629
4,6,1,5,10407,-46402646,-430378748,129028987,-1944924889,-1823376954,-160600069
5,6,1,5,10407,1127516331,-385830804,-1579550049,437215097,-1147540608,-471456198
6,6,1,5,10407,-1811154473,-267203493,-2065231778,893943860,-1775919961,-485219824
7,6,1,5,10407,-2084825000,513961696,-1603894417,1949360143,1076371331,-394189991
8,6,1,5,10407,153911156,-486117517,1269176765,-34736029,24526986,-612931115
9,6,1,5,10407,1712311994,2129574143,-1419394246,-1365358735,-849550391,1762017401
10,6,1,5,10407,-1209544999,-1902610655,-786502496,-631021996,1876715683,1405688315
1,7,1,5,10407,-1335175972,-1604751922,-1114975166,881428381,1175273690,-301448826
2,7,1,5,10407,-7398979,917755435,-1644281830,1607262595,1944335160,-502390100
3,7,1,5,10407,366326382,-48639057,-38762176,-176361095,994361438,21876732
4,7,1,5,10407,1549211856,-585924784,163763809,-570238329,902271749,-470663735
5,7,1,5,10407,-459104793,509229364,42542214,1946443450,1394696290,1384288157
6,7,1,5,10407,1828834113,-132194330,1466670961,-1640386683,-228251425,-1503733483
7,7,1,5,10407,-1442869193,885850289,847306931,915234511,-317810311,1387162135
8,7,1,5,10407,-573841751,-392423217,286007791,-629643267,343282040,921498446
9,7,1,5,10407,-1107983697,1251357353,-157070931,-691618722,-1022399617,-2041632264
10,7,1,5,10407,397569995,-744080883,-1298006673,-925309273,213713409,350658438
1,8,1,5,10407,80411761,1743919047,1100155661,-344442708,576515314,-361408275
2,8,1,5,10407,-1711435456,1552682979,-1751482187,1807858337,562131130,-1867562251
3,8,1,5,10407,-341268265,-705534160,1897800408,-2003116496,810148858,507509604
4,8,1,5,10407,481431842,2017897104,617781638,1448175291,-575312765,695231567
5,8,1,5,10407,-1725267976,10720469,-139267738,-917088734,-268070405,58473890
6,8,1,5,10407,-931436900,1295413355,-175779533,690886305,507797109,-157655496
7,8,1,5,10407,-1472208166,523516876,1097943066,-1439080905,874145217,-949440171
8,8,1,5,10407,1518420035,975744185,-1740062613,-379175594,-777407307,-1106068136
9,8,1,5,10407,-606712050,703101627,-834698585,-1880635265,1546671466,-311009483
10,8,1,5,10407,1479625142,-689809411,-2127493459,-818776895,1596095992,-435839670
1,9,1,5,10407,-1021550040,-1127708661,-524538555,511802800,479380555,1403617377
2,9,1,5,10407,469844785,-1767701765,1162160763,-1041289835,-1542273503,-2141457161
3,9,1,5,10407,1151196266,1498812776,-439737498,-1112855616,-1814292706,1203473160
4,9,1,5,10407,34582137,983491655,-1012797969,-385343370,25488100,1922681789
5,9,1,5,10407,-1331119600,-550000558,347623410,-380453500,-724750466,1815645001
6,9,1,5,10407,-1441385384,1284559133,1075249831,636701961,946191627,-1987860505
7,9,1,5,10407,-795927966,-226888480,885447537,561749688,1774721854,2048771725
8,9,1,5,10407,-1227668560,524299527,2032208630,59028123,-1370429563,-1446308357
9,9,1,5,10407,1407744820,1557558704,290774038,1252082470,-1329544059,-311586716
10,9,1,5,10407,-321972067,832213614,2088960490,867668229,913020565,810823229
1,10,1,5,10407,-1562508185,-492006466,1732578865,873901856,997282638,-479118542
2,10,1,5,10407,-357007740,-1150966410,51454060,218266340,1012117433,1466143580
3,10,1,5,10407,-194128291,2085679153,2091320853,232284600,1797441485,-392298727
4,10,1,5,10407,-1496496016,1451430411,-1270290864,-767348983,359020086,-889431392
5,10,1,5,10407,-612567882,1990840117,-1913998118,-899741025,1461467797,1239243083
6,10,1,5,10407,2045739299,424852325,565304481,1602685669,-1379042777,-718610777
7,10,1,5,10407,-1198870786,832476566,1930202271,-929300660,1726791715,1897912547
8,10,1,5,10407,-318626878,182278438,-13903395,321329917,-196452831,-666202593
9,10,1,5,10407,-788821657,1496429178,2120720595,865643189,1239033762,851582460
10,10,1,5,10407,-2004178681,1447592196,-330883104,1802351546,1166487749,-1350532390
1,1,2,5,10407,-220857328,461054736,63521642,1618496798,1215888114,-834427821
2,1,2,5,10407,-734500300,404032298,2085958465,1360146339,1532034534,-1380683593
3,1,2,5,10407,-1638795008,599396340,1591453787,-1121711017,-336335909,1798235450
4,1,2,5,10407,502268789,-1378277126,1829573499,-761367648,-1798811823,870053940
5,1,2,5,10407,980297401,760073675,2071068781,-960717790,521194556,-990334921
6,1,2,5,10407,1406086045,-852836721,1791156113,1878640764,2082707506,432304789
7,1,2,5,10407,893264176,248798989,-865273488,-1937908311,668111342,-17892180
8,1,2,5,10407,1806046948,-1787621252,1970101440,1239900255,-512976867,-547488814
9,1,2,5,10407,-522627023,2120222451,-492475882,-2111060921,-108112586,1585856471
10,1,2,5,10407,1003492301,1383086318,-76932680,-1066830831,924274387,326608327
1,2,2,5,10407,-1618145540,-1710574032,-1670423158,-1093001983,387201640,-1372219915
2,2,2,5,10407,-1472334047,-1935312772,59872970,-1167759012,-811096746,1495637503
3,2,2,5,10407,-2031525485,167366449,-1798949411,1498687737,1381066818,-382135022
4,2,2,5,10407,482810481,1178298556,1126095050,1503280857,-850402594,1599829476
5,2,2,5,10407,-1180678472,399348492,-1587467434,-1665231649,-968420960,444845584
6,2,2,5,10407,546731007,-1373188479,1398514653,984902236,811157456,137687390
7,2,2,5,10407,-326124924,1069377367,2127139737,-93089265,1256342706,-748366251
8,2,2,5,10407,-1855152702,1892274302,1214838986,595728840,-1535613547,768228519
9,2,2,5,10407,-1298331524,-1988260618,1587849262,687943110,80134819,-262502108
10,2,2,5,10407,1743294792,-1891189396,-1171358777,916399720,1760273570,707930730
1,3,2,5,10407,-1870514715,562656501,-960852653,1810556368,-1436771425,-53982967
2,3,2,5,10407,-338331789,902474574,2046593121,-32359476,-898429523,-595021618
3,3,2,5,10407,1874977944,-330837996,-1102840363,548652389,1599569857,171766922
4,3,2,5,10407,362671192,253856146,677687781,461966942,135446003,-298425506
5,3,2,5,10407,-748123972,902964770,201420919,131094047,258256166,522092889
6,3,2,5,10407,1854101106,-2011065264,-477116991,2046544079,24858761,206315238
7,3,2,5,10407,-1517672739,563378330,-1724220245,1629849992,-692576723,-594005496
8,3,2,5,10407,2106578931,-146396260,-1044095086,-1342801281,-708485130,-1386045701
9,3,2,5,10407,-726647442,-1339679397,-1959890143,109829847,377350676,-1204436498
10,3,2,5,10407,1109416320,-472252430,60541446,-237828731,-1100036188,96564349
1,4,2,5,10407,-1482907936,479371626,-1810017278,164422618,-730125930,-1017603733
2,4,2,5,10407,-1540744309,-1310841022,-762010926,1018099048,1163281241,831591252
3,4,2,5,10407,-1785633483,567052211,806667709,666769102,400950188,-445890697
4,4,2,5,10407,1937432872,1007946635,1953558462,264670846,-1550437030,-384015739
5,4,2,5,10407,-735917790,-249437400,-466451205,-602648239,-886183770,1362971611
6,4,2,5,10407,62791816,2114083887,-2134486503,-259819660,-1610257764,1182680426
7,4,2,5,10407,-1987279240,-539348461,-296518933,618718608,-159560296,2121378061
8,4,2,5,10407,770333603,2061293150,-24394684,1247363207,-685559978,1385175969
9,4,2,5,10407,79325435,1749800505,-720297989,-7843017,-1183365074,438915432
10,4,2,5,10407,1903245449,642864558,1943910660,-334825384,-515880086,1006058306
1,5,2,5,10407,-849529026,-742599776,1320396514,-1784034275,861223275,-1701179432
2,5,2,5,10407,-800828226,1704714055,1500617425,1658405709,-913123707,-737084366
3,5,2,5,10407,-745945654,-305177532,510051492,306210508,-1802437984,-1299096348
4,5,2,5,10407,-454537158,1242015115,198794070,-383398925,1132409479,1443278884
5,5,2,5,10407,-438104742,-1767735925,-1866260679,-1070422161,-2100260168,1568995862
6,5,2,5,10407,-1451745022,-1066573654,1742493525,83694443,260406250,-1063625761
7,5,2,5,10407,-652973896,-863617810,1797769849,1451784215,-1011208291,1182824500
8,5,2,5,10407,-294946693,-1935286667,486119331,-257585490,-1107266871,-328511679
9,5,2,5,10407,141693744,1246142839,-244071191,-1062177801,-1439845190,-1141194920
10,5,2,5,10407,-690810342,2095431203,1758004540,-1796728845,-1615767451,1545792239
1,6,2,5,10407,-1411340198,-1940969893,-2107049367,920034821,-1073943445,592198201
2,6,2,5,10407,751626714,1899652630,-556191383,80971687,501483230,-1461929822
3,6,2,5,10407,-1791861643,-1076832279,1884161332,1005575142,1434285510,-34861039
4,6,2,5,10407,799404738,-40276925,333901903,687667310,724834852,1249560239
5,6,2,5,10407,951130579,-1596579286,237735575,146085166,1357442207,33026997
6,6,2,5,10407,-738430162,-752118253,-1416864189,-1109555918,1447749824,698702459
7,6,2,5,10407,-757621047,1805359523,-2076712801,-1700047502,-287383643,-79399144
8,6,2,5,10407,-2083638522,1188829117,1598547941,-1313712058,730983865,518192323
9,6,2,5,10407,721287814,-241197253,-1493143435,-1483300094,1780076171,1782865403
10,6,2,5,10407,1112146883,426759975,272512259,1459284417,1990567661,270105778
1,7,2,5,10407,-935041280,-27657753,1964717277,-1896616782,2022873459,-1521094456
2,7,2,5,10407,1539084578,973407996,646237978,-1681741241,-1964145954,-1475728117
3,7,2,5,10407,1134142313,2013846523,-170131485,1763592282,1201001504,-2049074721
4,7,2,5,10407,870642289,1177605194,1324400608,100267001,1927434895,547287103
5,7,2,5,10407,69005389,-326662232,45757744,-282453736,-1996041102,589100795
6,7,2,5,10407,-539105695,-1840474200,938299212,1330191509,-632356551,-1856066402
7,7,2,5,10407,-781332657,-2123845283,-970884765,626618513,-1139226678,-250627228
8,7,2,5,10407,998897213,-1890265387,-1341125094,-770697658,-88355237,-2131784790
9,7,2,5,10407,514163606,-1907526087,-1067123443,521038356,1662390914,-106448567
10,7,2,5,10407,-1743460979,1359681742,671592435,-1240480501,-607112512,-36312572
1,8,2,5,10407,1970612072,1147168356,-154568191,-213949786,308939417,2089169143
2,8,2,5,10407,-46219216,1209399743,-1866928746,255860720,-637270174,1867724043
3,8,2,5,10407,-1905405239,671757358,297909436,-478000775,743648376,292841487
4,8,2,5,10407,1753197563,1578797373,-1211047442,785888368,-1128158492,-1573524540
5,8,2,5,10407,260865088,-1428657463,1177746404,1027726760,-1589191935,-1572346323
6,8,2,5,10407,-816869351,-432757690,-1337165937,1898244786,-925045562,1211330779
7,8,2,5,10407,382838590,1480497574,-1656166050,-2115745825,1059246525,-2056668607
8,8,2,5,10407,1795135725,-554952460,134316761,361553401,480686536,544807326
9,8,2,5,10407,357313025,1894525024,-743753422,-1974652899,1174067467,1174680449
10,8,2,5,10407,1214856066,-1580740672,-1612949655,1298938944,1761704325,-1363332356
1,9,2,5,10407,-1167462493,819132512,838989703,-789725455,916210190,-742833959
2,9,2,5,10407,332354961,733038316,-1039717662,-24368424,-750687382,-611171164
3,9,2,5,10407,452908574,-853393742,-1683256072,1342974941,351905079,-120602276
4,9,2,5,10407,272812703,-1141964647,-557119042,-1718231491,-357700244,1307814756
5,9,2,5,10407,-19252124,332384855,799444279,876550343,-1715985446,-385888644
6,9,2,5,10407,-242384937,-804541863,-462034355,883665194,-764533291,-1995159713
7,9,2,5,10407,-1893069588,-1818720109,872691851,-1577535235,517257656,1194682998
8,9,2,5,10407,-1940406738,58464893,1904800953,984176808,-317039718,-896390054
9,9,2,5,10407,-939139019,-992849440,-16703522,-341442543,-1736659635,899687419
10,9,2,5,10407,-1279354547,-1667039883,93274373,-1978848412,1847535465,-867759532
1,10,2,5,10407,589591443,94960544,-413342641,995148866,373993656,-172436951
2,10,2,5,10407,562933916,-1765409834,1948078285,-721998546,-46470917,1763714929
3,10,2,5,10407,1697400891,1836825338,1242137128,-224701337,-1810447532,906568213
4,10,2,5,10407,783376387,578293421,1475213377,1475516626,-662036583,1215820258
5,10,2,5,10407,2055332139,59614709,-452439627,861019176,1746427807,-1164119463
6,10,2,5,10407,-691784227,97944528,1244997785,891977533,-461275530,1732035424
7,10,2,5,10407,555364910,-1416979480,-683765333,551257624,-1347618048,-103830542
8,10,2,5,10407,-355374727,468760955,1163412132,1674643689,1643298734,1963634244
9,10,2,5,10407,992936079,-747891252,1722460741,-1392611381,-634589693,-980400165
10,10,2,5,10407,727343476,114799841,1807859954,1367981582,236996603,-323520743
1,1,3,5,10407,830483559,-1847455602,-1362193608,-327435258,-1575850280,-1730168341
2,1,3,5,10407,1303246848,635308146,780470132,-2081985638,-840125465,1290466439
3,1,3,5,10407,-673566965,1332989644,1632391049,1845971023,1632387918,-1479394952
4,1,3,5,10407,-826736593,1572079949,-1782180456,1243874738,-1523268015,1738714070
5,1,3,5,10407,-1795779647,1908625304,1378687979,1182831612,650438010,9253506
6,1,3,5,10407,-1113767450,-554883711,-2069132254,-1940708501,-904049191,14773036
7,1,3,5,10407,-713875930,-1378443691,1436549019,1437033747,1949828585,2130499941
8,1,3,5,10407,1111138460,948097008,-1643434380,2122778761,1238381668,-862194660
9,1,3,5,10407,-1043270575,-973938260,-682757309,-1412195238,-283047868,559925153
10,1,3,5,10407,-733192275,235159094,-1347934772,2145132080,-1795226644,2088238993
1,2,3,5,10407,735521898,-1874737149,1222324098,-795748391,-1563825932,1392974571
2,2,3,5,10407,7069525,1109461832,927140166,-1471425702,1590850333,-994779193
3,2,3,5,10407,-1269681812,-1112694946,-412785359,1728017006,-440218566,-1552557528
4,2,3,5,10407,-1096191988,264640341,-2120304991,-1013787983,-951123839,-1401948251
5,2,3,5,10407,302774587,1476447320,464770704,326322236,-1545859447,1832200166
6,2,3,5,10407,-2117810305,1374074390,-1013580620,139349583,584724431,1988942352
7,2,3,5,10407,367013841,-1929491928,-2009613857,-1242595380,-1899713316,-823665219
8,2,3,5,10407,-889928579,-1579324012,-1765284127,1109894978,489851009,968673642
9,2,3,5,10407,1214208934,1062887882,82993788,-896943547,-731384647,-1199998330
10,2,3,5,10407,487290376,1209439609,1188357880,1740300561,-979990529,-140872682
1,3,3,5,10407,1279292156,224781234,1997424596,-1439589370,1056188142,1821078640
2,3,3,5,10407,96998498,563050153,-106806774,1952244873,185735639,1215997714
3,3,3,5,10407,-341515480,-592695381,-494319491,1949717085,-982391276,-30705696
4,3,3,5,10407,-916987315,-456870177,-1030295752,-973204912,639175657,820322343
5,3,3,5,10407,1991576723,-924283732,-1946716907,-281672987,2108102622,-1819132819
6,3,3,5,10407,-2112791056,1335935082,-1439763872,-1965366660,-1129992568,-1590351997
7,3,3,5,10407,-986625759,865895123,1243820966,-1364960706,127795610,820835623
8,3,3,5,10407,-1317815084,-967764986,293557495,1232076159,-501624266,-1984192924
9,3,3,5,10407,-1900984909,-1953783703,2060476283,694475926,285795302,1552057101
10,3,3,5,10407,-620617546,1163074696,706455867,1145289242,1919223380,-1218643152
1,4,3,5,10407,-372441415,-782399888,-695401626,-654622123,1287416274,-1828932909
2,4,3,5,10407,-1729175444,2132292090,715890864,212983726,-938423588,571038533
3,4,3,5,10407,-167422938,2067113561,-1347455395,877574690,-1047269978,26266859
4,4,3,5,10407,965483542,911313177,-1501227762,-1402887830,-1605737575,914522595
5,4,3,5,10407,1439407559,-213438243,-14475814,2091046112,-511347188,-1994886106
6,4,3,5,10407,-2120144724,915695316,1671767312,1095733051,1990053610,1223128960
7,4,3,5,10407,993551094,697765499,1185231713,24505061,-786806546,-614587935
8,4,3,5,10407,-1348739666,-1481737747,284531539,-1967748640,-53135453,109823277
9,4,3,5,10407,1843477657,-179647294,-2146139045,-391806341,1143419745,1981784959
10,4,3,5,10407,2079548558,-140588148,-1563731326,1725945962,-439766058,-1010569556
1,5,3,5,10407,-232425378,-1679940683,-1017838761,-987054169,-31878095,740958740
2,5,3,5,10407,151472729,1249732595,863749519,1524501758,-724277383,-1682972500
3,5,3,5,10407,1233454683,-1478688757,564741661,-399825835,-1838985584,-1869838731
4,5,3,5,10407,510444007,-1644577009,917034999,1703389938,-2141730720,-402722200
5,5,3,5,10407,1985682708,10954857,502145936,187429053,1911981321,672839910
6,5,3,5,10407,1622147411,136519334,-1054999139,70017034,813812812,866684042
7,5,3,5,10407,833083272,390097328,2058938927,1032412348,1252968876,-1979059374
8,5,3,5,10407,809431448,1801111061,-90456823,-282956210,922389102,-1941732565
9,5,3,5,10407,758425388,-239803845,923549035,-1904254064,-1779484627,1813335994
10,5,3,5,10407,-743760346,-265620686,-1135924317,148833285,-407944976,-962189104
1,6,3,5,10407,-373332310,1424505593,1310860921,1661095712,2116358779,-525750208
2,6,3,5,10407,181874468,1377289997,237106154,-255455623,-526368474,264620479
3,6,3,5,10407,-1183261336,-802592668,-877465235,1136456221,-868145668,-79407787
4,6,3,5,10407,1220449645,1666176955,403702154,-169799794,1053710927,-579842501
5,6,3,5,10407,441432245,30130548,-504874104,-1813761066,1804609021,-1116028838
6,6,3,5,10407,1695142682,701011912,-184757803,-1948893935,2025953526,-874869173
7,6,3,5,10407,2059313493,1872010018,-741730662,1527744401,-323218790,-1439784186
8,6,3,5,10407,2144231595,1333142843,-1620487942,-286150722,-455288586,810474782
9,6,3,5,10407,-403872103,2004007965,-103103270,1814398997,-508166133,2003736912
10,6,3,5,10407,1036539404,230665611,-338121580,-539574007,-401629325,-1872149461
1,7,3,5,10407,-319310347,-65732552,-2038660638,621821675,840653899,1699127072
2,7,3,5,10407,-795896087,-1307290407,1493821092,867012732,231109114,2031482186
3,7,3,5,10407,-1457989044,846081991,527826322,-313902990,-2059337042,613700795
4,7,3,5,10407,239153139,1130845473,-1926597689,-319239006,1723117047,-1553069697
5,7,3,5,10407,-355329377,-115617326,812076151,987739098,1658045321,-104052045
6,7,3,5,10407,812318080,554194127,-1416492362,153047625,1772003177,-417381033
7,7,3,5,10407,1201495321,-282991787,-443700629,1316901495,-1214130550,1205472110
8,7,3,5,10407,-2122885096,-38400995,-584966271,-1085282481,-1107034727,-1263753041
9,7,3,5,10407,-1435552119,1935625098,1351868079,-1227956216,-1649391845,-1820809365
10,7,3,5,10407,-2050055688,-551839665,-55815055,-1100352610,-1196839006,-1162614345
1,8,3,5,10407,-1668537961,1562812435,-1423240742,-498612944,-2001119904,-1206614116
2,8,3,5,10407,461635519,-78689250,-1553911857,-2065655987,969848667,-959196432
3,8,3,5,10407,1471761436,528654290,-240212874,-777574850,469441572,-179854016
4,8,3,5,10407,1225962355,-2067783253,-1804563244,-743984778,-69194460,-1134650590
5,8,3,5,10407,1405835376,317340931,-563620293,2104516905,-468584047,-890136910
6,8,3,5,10407,1512984392,-1695987664,-1797150664,1655462669,1942596598,-362691453
7,8,3,5,10407,820018303,-1988786464,-496557695,1787989047,-1790337452,-2001920697
8,8,3,5,10407,902777921,-1169835796,163854519,-796813412,1215865563,-54615608
9,8,3,5,10407,79506044,-2039196440,919426291,1785015816,980790005,-1940524921
10,8,3,5,10407,-1534610130,469267961,34714176,-1929757653,2087102838,414013843
1,9,3,5,10407,-1267034927,-1897025084,1735234183,-1537730137,962005757,-1522632109
2,9,3,5,10407,58175190,-192462857,-1851714258,-1108285348,1622659160,1136669150
3,9,3,5,10407,-1815038677,1430413322,-2135054349,676800952,791162487,1116019527
4,9,3,5,10407,738391018,280235158,85955941,-2062898487,-151226413,-1605999113
5,9,3,5,10407,537319774,-1928187563,-1400922773,-816415947,1402770490,1995986584
6,9,3,5,10407,-1299972039,604182090,-2044943480,844181519,1599613771,1818079495
7,9,3,5,10407,-1777404298,743314074,-1521544778,-1550215947,-839179833,2061162705
8,9,3,5,10407,1413939206,-820904494,-561573481,1108111083,-1459317469,880162214
9,9,3,5,10407,-634166341,787827984,899244826,1870020691,2101015307,1596800854
10,9,3,5,10407,880875539,-1246412994,1906615000,-1411472139,-667589723,1681548611
1,10,3,5,10407,-1338402622,-1928861520,1610733047,-437781956,412853664,-582568604
2,10,3,5,10407,-272194642,-1968578847,-183480354,-184638584,506036430,1179494037
3,10,3,5,10407,649179884,1010180107,370807420,-1146210790,-411823457,1537993775
4,10,3,5,10407,341850432,-1657502850,1758630817,-1107629139,2074197977,-121679129
5,10,3,5,10407,-1856652338,1913387838,790420428,-662578535,-414665590,1194264526
6,10,3,5,10407,1797725142,2120435055,2053478058,-1394950305,250013929,-2103223078
7,10,3,5,10407,388829195,1609964945,1045652952,348578928,1386616189,2122708270
8,10,3,5,10407,-1038307867,2083882529,-1187166640,1924699461,-758395985,1251919387
9,10,3,5,10407,-1822673345,-1482737343,-1340697192,1180069184,524073229,184639857
10,10,3,5,10407,2011542911,-249637677,1765815691,-1401454545,1922010989,-895383886
1,1,4,5,10407,213520745,-149240275,429451550,1201501135,-1235504399,1417817101
2,1,4,5,10407,661063285,191488828,-739002663,135618207,517278477,1472129836
3,1,4,5,10407,743359115,1687971371,-890347277,-370223124,202302441,-1548064967
4,1,4,5,10407,1621528606,1698135739,-1894993851,1538208269,-1794885617,967645436
5,1,4,5,10407,1569987376,-1693165940,490980173,-1033124454,1083578317,200151972
6,1,4,5,10407,-1247553309,-1335686040,1090724148,942039703,-810540494,-1685374631
7,1,4,5,10407,817904558,-691534476,-1506912471,420543106,1348928250,-704815494
8,1,4,5,10407,-1291661247,1783124833,-1323067816,664741668,-562720183,1938110861
9,1,4,5,10407,-931732232,-475730482,-1129030948,-1655250629,615217593,1837723400
10,1,4,5,10407,1808048958,-834687568,-1854050396,-2121351631,-1728740683,88811265
1,2,4,5,10407,1252617456,1907330189,72397698,-1524713565,-1739297622,-1667470154
2,2,4,5,10407,-1012830592,-268648846,1821478929,1958065383,-21073268,418747703
3,2,4,5,10407,-1435612964,2132527612,-1458021027,-1916562314,-334210208,-98692821
4,2,4,5,10407,1632613948,-1848174290,780212505,-398747764,376646876,-526444334
5,2,4,5,10407,597372972,-461538166,-2104184328,-755297268,1157894097,-1420535318
6,2,4,5,10407,1534691165,-1122929536,1529570752,-110126409,-2070647499,-585892296
7,2,4,5,10407,688852788,-537562341,844246962,142479590,1172381534,1775788435
8,2,4,5,10407,-1095865830,-1459846007,-1103865513,-147982608,598775891,1774251228
9,2,4,5,10407,-1101498888,-1039037963,-1067403273,1990882626,-2049828265,-1299757355
10,2,4,5,10407,-227870152,460935570,1382806631,-1703444172,-813108547,-322675316
1,3,4,5,10407,-628714567,-127530819,-1146017089,-1637339431,2095477127,-509253133
2,3,4,5,10407,291182288,-233478609,-1283875459,-912940676,-1145158340,170314071
3,3,4,5,10407,816268820,1706385017,-1420701623,-1163517466,-1631795708,-1720168162
4,3,4,5,10407,810073618,-1838246925,396268868,1454570195,1653340856,-184275686
5,3,4,5,10407,1327008486,-20489040,749398980,-9991999,-180194723,-1899271025
6,3,4,5,10407,-2104117708,350421222,1119638717,-96983896,-1701400692,1707234716
7,3,4,5,10407,-988560533,35638799,-1192046302,-983680423,-1291287123,-266557482
8,3,4,5,10407,1735248078,978752381,1486777386,-848480463,1358228991,-1975036749
9,3,4,5,10407,186352934,696686169,606390267,1945336330,541590481,-1106154976
10,3,4,5,10407,-1539969170,-648805289,885523404,-1509384204,-1439712403,-1817857013
1,4,4,5,10407,-1668874106,-1709511116,1488969647,1905824029,292765821,-1458852933
2,4,4,5,10407,2118089530,-1853288563,1700193852,1672649478,687026439,-1903505790
3,4,4,5,10407,1938744266,-1943161989,-204656013,-60663322,740198444,-976926181
4,4,4,5,10407,2127142345,991977484,746710304,-391975063,-1262528693,2137633013
5,4,4,5,10407,-1707644223,-2141290189,93533483,608095205,1099114834,-335591657
6,4,4,5,10407,590025358,-1638347430,1442855836,-1827507630,1668308986,-1431746506
7,4,4,5,10407,319321784,187896434,-1326069188,-2095569892,-1870787071,-179245420
8,4,4,5,10407,-508016148,1522169301,1019706760,-893584793,1054037260,-2077400451
9,4,4,5,10407,2139311278,-2142025576,500168993,92153525,1739790497,-172704327
10,4,4,5,10407,1751998952,572845666,1430349499,406396346,-1137941773,118727564
1,5,4,5,10407,1651388293,-423245185,-1852757354,-1156166196,-1036621268,1796107795
2,5,4,5,10407,-1942484524,-192141783,-1060253764,582505158,-1070044418,-168890053
3,5,4,5,10407,-1905813004,729362913,1692028900,-1585959381,105908217,-1397993608
4,5,4,5,10407,1369760784,-956289282,-383704354,779618839,602351880,1422802771
5,5,4,5,10407,870246574,1450169907,1040248769,-775772697,-1916557011,-796183916
6,5,4,5,10407,-256483868,-882432337,-480710760,1396910739,-419477216,1005462020
7,5,4,5,10407,-674321688,-1069574478,-702602853,-33810170,-1871908665,-94003178
8,5,4,5,10407,2106688746,1460585892,-563961994,-2007842701,-766973101,390597011
9,5,4,5,10407,-1432977007,838005527,1071763613,1018677751,-928760425,-1331148835
10,5,4,5,10407,-635911464,-50894162,1002453523,-125709728,1718613586,-235489695
1,6,4,5,10407,-117338120,-691779414,1546602395,-112981108,801138758,-1892646046
2,6,4,5,10407,-958372078,1473905428,-624815539,553354225,-1606333695,310800148
3,6,4,5,10407,-1948039358,-1725686624,-124088207,1608468800,1869606379,255292583
4,6,4,5,10407,-1125263815,1161685347,951834608,739568387,-1962278195,609824850
5,6,4,5,10407,1268637338,1082532255,771964054,-1596876585,2005212619,10977548
6,6,4,5,10407,1185701389,1374249323,1416636564,-1877317189,1439626516,-1528556669
7,6,4,5,10407,-138629021,-1372347557,1405809550,-1968825648,292040611,295642464
8,6,4,5,10407,874770865,1499583738,1975019326,-2099420583,2032133691,-412420881
9,6,4,5,10407,-2048805298,2023796026,1495928941,2043358509,-590582601,137955732
10,6,4,5,10407,164600468,1334595493,1808832105,1173881527,-635990734,-800543062
1,7,4,5,10407,2001529245,-1470255645,-164610510,-1798826216,1182587715,-1831411783
2,7,4,5,10407,-1559519066,12950234,1701619218,-731968131,1361852558,-6740702
3,7,4,5,10407,51263501,-443571225,1703071816,-1421991880,264268486,-906849891
4,7,4,5,10407,-69900089,132950470,-377093156,-1792359788,2054749469,411429856
5,7,4,5,10407,-752072983,-911163485,-292710841,953704333,-1088336172,-1248545047
6,7,4,5,10407,1555151528,38911594,-826388123,-196781764,810672152,-1498985373
7,7,4,5,10407,866432203,1983799730,5873931,-1405669683,1769703373,-1037418616
8,7,4,5,10407,824436776,-1044139845,-730318869,-982035391,-1835404828,-1852886520
9,7,4,5,10407,-1684066684,-187696075,301744111,1825432119,32439890,1239637266
10,7,4,5,10407,1242731933,1458126723,-1704720705,-1241638332,1142767758,-2103289665
1,8,4,5,10407,1739175150,-412099830,-1718304191,920143240,-114175173,-2057851512
2,8,4,5,10407,-1934727264,-1723387859,-1991668790,-68013167,-413747196,-269105101
3,8,4,5,10407,649983938,-1155342022,1771091823,725754381,-588380887,1737317793
4,8,4,5,10407,-52067083,202807306,-1697768313,95043852,1577452042,1143393362
5,8,4,5,10407,-1255823107,-1885694301,-151145019,-1567165419,-2028263729,-2042048224
6,8,4,5,10407,536200083,-172307844,-989104439,-452857880,654321889,310653094
7,8,4,5,10407,612084271,-855957990,-1051001609,1371878961,796443163,1404014784
8,8,4,5,10407,-1135525178,1146083728,2001369945,727454040,-711486423,766910553
9,8,4,5,10407,-1775766970,-1124155527,-286168499,-1337662515,-435779853,-1283761329
10,8,4,5,10407,1048634533,1865579432,1153102185,-1932033145,53820358,2136195484
1,9,4,5,10407,169671398,1435262063,815109618,1309578138,545407804,-2079430672
2,9,4,5,10407,-715591283,1514361289,1254624536,241792098,-1718332633,-380584273
3,9,4,5,10407,-1072884366,31472169,1727534397,-964131139,335515846,-368272075
4,9,4,5,10407,796753620,1956929006,-123189001,-1868011356,711716040,-1189113858
5,9,4,5,10407,1986194243,-1694926963,1917837427,-991874812,-1337445195,-1087433594
6,9,4,5,10407,758466074,914910389,2054072960,-1731634667,1116544521,-1408815652
7,9,4,5,10407,1943533109,1459410894,822161188,73842331,533868685,1336889161
8,9,4,5,10407,505132078,-1789398244,-475910894,1756759396,783999944,-1680444182
9,9,4,5,10407,-1470798754,1908152277,304873757,308420661,284460421,-1460755925
10,9,4,5,10407,-1673263889,252935039,-525303059,1597618077,604298456,1960550880
1,10,4,5,10407,943321975,680407675,1340075859,135113184,85965652,2001332370
2,10,4,5,10407,534383140,-1030810393,152083625,-1256974268,997682654,1050022495
3,10,4,5,10407,2015532312,197750749,2007955780,-1115466351,1576210112,-1710776945
4,10,4,5,10407,2103829041,1999469969,1007487614,-250285215,449322453,172572512
5,10,4,5,10407,923222576,1648363805,1760774481,1053563744,650687655,-1978123267
6,10,4,5,10407,-906203692,2126996130,1084349472,-1677377463,-62363312,1604415165
7,10,4,5,10407,1948687162,1122218500,-647603735,1884726610,1915407739,1213262956
8,10,4,5,10407,-144704612,-596277742,-907868273,-2051984720,-1943032084,222992194
9,10,4,5,10407,380881173,680740931,624101942,383290074,1366659966,1849970725
10,10,4,5,10407,884579565,260846951,-351372101,1789695366,1508392417,1993250931
1,1,5,5,10407,1357822000,992130039,-1339857413,1456402820,-1974922423,1438919028
2,1,5,5,10407,781323214,-162934975,1646488501,-2058864888,1088516972,1226412632
3,1,5,5,10407,-256583028,-1105929803,139718587,-1077451013,-2116616206,-1291591376
4,1,5,5,10407,2044576333,1243255021,-2090096405,-1136011519,-2028145797,1452344098
5,1,5,5,10407,-1534081061,1165715243,952503637,-372316227,-1930737149,-1002686382
6,1,5,5,10407,-90674680,1282037394,2004436208,779027664,-1239670702,-982176195
7,1,5,5,10407,-517302945,722797905,1783512661,909136913,683101499,-948679636
8,1,5,5,10407,-369884590,761894497,-1464434979,667561154,-206812742,-1633976259
9,1,5,5,10407,22003903,206714186,-97043933,-625620590,887536097,-1141473897
10,1,5,5,10407,2031444344,-904029506,-2112763874,1006463899,788158592,-82237463
1,2,5,5,10407,835460267,150146349,51691657,1290534034,49924058,-807704157
2,2,5,5,10407,463974809,-1111931006,1540072833,1496299701,1163367472,-1431807630
3,2,5,5,10407,575581082,-573116130,-250276369,1205585363,395639729,-2085161815
4,2,5,5,10407,229361661,1698706628,-1946136537,-677112512,-1440466858,-1872295056
5,2,5,5,10407,1483624373,402043877,-708674951,19031525,1201607928,1681448024
6,2,5,5,10407,2139890036,88818748,2021629054,1733889769,957922272,102429424
7,2,5,5,10407,-796606945,1305692401,-1727532908,1462731888,-2075552302,-690277563
8,2,5,5,10407,-36366762,2081908169,491344435,-214330012,-693955986,-1421159368
9,2,5,5,10407,-1621578902,958571884,541666320,-890404533,-1050555586,1662894050
10,2,5,5,10407,855348917,-1260957513,223301944,347270685,1458614442,803836057
1,3,5,5,10407,1375092093,-535085354,-2001204844,1360765337,-1948046387,1568839851
2,3,5,5,10407,1421291532,-860415033,-307237924,-1799238600,1044984281,694030150
3,3,5,5,10407,-1443532824,67239969,66149084,29732833,-779272568,44261109
4,3,5,5,10407,-1846080785,-2124922226,1459097549,-1440316110,-113829187,883625507
5,3,5,5,10407,1812068151,-574629743,-676969411,-1267787446,-1140634775,-965784958
6,3,5,5,10407,911032715,2118775953,1391576013,1429029625,-1715456678,-1840060469
7,3,5,5,10407,-902508481,688275914,1486470585,1263365642,946831639,1232082242
8,3,5,5,10407,2019020282,372881152,1603863487,-1391906440,698381055,265432466
9,3,5,5,10407,1266126183,-1117984710,-347210605,-1789631992,-2126398933,159618212
10,3,5,5,10407,-1584346879,-2040263725,410548057,-91092066,1909151779,967225169
1,4,5,5,10407,1563467881,-1196723479,2053029557,427586603,-834491096,1696378685
2,4,5,5,10407,-788589258,1101244112,936788849,-1632639890,389360844,-648255808
3,4,5,5,10407,448847469,-1022531761,1149700327,883180875,-1325313999,1693528974
4,4,5,5,10407,1200650431,-350094439,916609572,224859815,-1093067462,-521596687
5,4,5,5,10407,-1191242179,331889144,1772135281,-1003210683,-1575783807,-1472435203
6,4,5,5,10407,-1651517448,1489673413,-1522434522,571988437,-2028414592,-1070322996
7,4,5,5,10407,-57378243,-1018649565,-931274971,23537263,148019973,1721653635
8,4,5,5,10407,196857567,-1428840027,-344250501,-81697261,-193401046,475248533
9,4,5,5,10407,-1002005942,220546876,1070269798,50605876,-1875208385,-2141331492
10,4,5,5,10407,-439128450,-340573307,-2123032526,-2075863753,584408799,-1104225289
1,5,5,5,10407,-1015038579,1387415672,-1303297159,845857495,-676118519,-1745315279
2,5,5,5,10407,956994320,-1627366405,1610627357,576774847,1364456363,1007281186
3,5,5,5,10407,182576737,1663821872,98939666,126863147,1005759763,-1722450471
4,5,5,5,10407,-318874516,-555588501,664031174,-267107597,1949826079,-448876186
5,5,5,5,10407,-1397450291,-381244268,1709514958,2102530075,-1304709847,-1387830689
6,5,5,5,10407,687118795,1977134969,2036872033,-1157859586,690266936,287353129
7,5,5,5,10407,1404576050,1254799709,-186735477,-1962224880,922610330,-1211157441
8,5,5,5,10407,-819869447,-1623975272,104767184,678053970,1291775977,-1602451674
9,5,5,5,10407,1376354923,1181730841,-1179490090,-521728360,1059320338,-1060895639
10,5,5,5,10407,1659132827,-1922373275,-1375574186,910442148,-153024538,2067465977
1,6,5,5,10407,356231177,1101293176,1420971878,-1856310530,-2130769342,9416534
2,6,5,5,10407,1731428592,763839317,-344363913,825557683,-1293691717,-964580269
3,6,5,5,10407,-1268965183,-1988928085,-2131176579,-486768149,-1956785490,-811371943
4,6,5,5,10407,-1969583219,174030058,803119726,-1816452610,-271529706,-2017236570
5,6,5,5,10407,-497316373,-1517095631,-934165413,-630246452,1395794347,1478415795
6,6,5,5,10407,-667634299,-548898098,-1092379105,-1749019578,-415498454,-1692308021
7,6,5,5,10407,-1208741924,1138468505,918898262,-1034845764,-1208119518,1416875985
8,6,5,5,10407,652195847,2018845741,-496517252,1693841946,788421804,-1098013978
9,6,5,5,10407,-229590665,-1238098569,753692185,1516410104,448130190,-280379404
10,6,5,5,10407,1617144683,1832557340,1707956142,-1328522281,-1893472442,-1367501813
1,7,5,5,10407,-284461873,-1281069122,-1977844834,26710487,2014722078,284873621
2,7,5,5,10407,269168725,-2074252707,1768626740,-888123629,727782719,-1705132524
3,7,5,5,10407,2081198461,-1969738585,-218711543,-1793836527,-1995577182,-704862723
4,7,5,5,10407,-2075940538,383739602,291694736,-1297487726,1041036539,1130014112
5,7,5,5,10407,-1602751139,-224840616,-1885258233,-322783228,-58759735,-70905103
6,7,5,5,10407,1743504891,791067957,177311480,977701736,-1657747968,-2115750024
7,7,5,5,10407,252688819,-1796365337,1902203212,-101343829,1463085208,1653747664
8,7,5,5,10407,1337948279,-496673235,-1856850453,-1852718913,313506256,-1547706159
9,7,5,5,10407,428018132,-1830336344,-2061533901,-757002856,-615443811,-291207574
10,7,5,5,10407,1830447289,185553265,1007050370,-865118760,573987293,1443034562
1,8,5,5,10407,1946912959,-884538412,-255555088,-1396936542,1254225418,1345508168
2,8,5,5,10407,596216675,-1696694706,-238937703,1930562632,-1951646688,252646947
3,8,5,5,10407,1794629459,1670853776,-1422461721,1222316441,-2133628172,40808151
4,8,5,5,10407,313948453,-1713561147,1429087430,-1945938735,17603138,-1646179283
5,8,5,5,10407,-1728169397,-227320194,1057594089,-1776758001,71623797,-484824294
6,8,5,5,10407,-9319958,2111622413,1675179730,-1949709181,493070,985236367
7,8,5,5,10407,-1479411583,-415456846,-1386526365,-1157487070,-1979339957,-1150640156
8,8,5,5,10407,-1036773637,-739922721,-2085149464,994397659,-528241259,1798214150
9,8,5,5,10407,1564884532,766419000,-1012935898,280788069,-1531090218,1411473617
10,8,5,5,10407,1724607098,-2135641064,-818344441,-2056970426,-1162834243,233375784
1,9,5,5,10407,-1783483205,517052845,402575571,1181462308,-840905465,-1550372236
2,9,5,5,10407,1370040746,8771224,603815289,277327782,1814351697,1267093103
3,9,5,5,10407,-364665943,1505575076,-564104982,-1077639544,-739406377,-2111421349
4,9,5,5,10407,-84877051,-1459541869,-1269497282,-1830316802,-325860453,-155532893
5,9,5,5,10407,1512579880,1241806142,-1474660946,1134509167,1870914480,-1025963441
6,9,5,5,10407,1661273500,-908592055,-112084524,-490914406,1117939242,-1389636505
7,9,5,5,10407,-50723587,-832724905,217838464,114627502,-671604873,-465866847
8,9,5,5,10407,-804628835,-1152937522,652215685,-1517522498,-249499028,447818687
9,9,5,5,10407,-488973164,1325046133,2029286678,-1074515118,-804931137,2065848428
10,9,5,5,10407,626868475,739168576,-1521572045,317901279,-2063394384,172464411
1,10,5,5,10407,1584621373,1888259934,-849672474,-1454433116,-1084218578,-2066747903
2,10,5,5,10407,-1792049869,-212148469,-686643000,-1818891072,-1789017654,-150377829
3,10,5,5,10407,-1476679255,-874036588,-1797912230,1113234635,-1484866721,1396061118
4,10,5,5,10407,1819729814,-1554061846,1885920945,1552095760,1560067579,2115514729
5,10,5,5,10407,-203947070,-1846638233,-1616717100,764912509,1226413990,-1584261460
6,10,5,5,10407,-1659788286,-599836644,-318059022,1848261163,-1835762246,-1703334630
7,10,5,5,10407,-30244544,1444626705,734144200,266092978,-330118795,-1924347373
8,10,5,5,10407,-215009639,418419784,-263303413,687440843,477742522,289233027
9,10,5,5,10407,943409089,-148916574,-261093317,1687033095,2000616004,-622007221
10,10,5,5,10407,-1834107452,1048581441,-1471578145,76453902,1273818059,-1739996596
1,1,0,6,10407,-374755877,-1466267795,825564536,1227501978,-1368614892,1483017607
2,1,0,6,10407,-156787962,-2076836256,920280514,1885299859,2058091762,-2053866526
3,1,0,6,10407,636645593,-612954865,-2145171470,261619586,-866893810,-1952423594
4,1,0,6,10407,193342526,-360585137,-512209372,1548772138,-1397343917,213930399
5,1,0,6,10407,1011132774,-1023856763,-1640590013,-116734945,-1153991752,-1828779115
6,1,0,6,10407,1837797982,487180077,-854907971,1609124217,546687817,-1285615474
7,1,0,6,10407,-212998685,-963274895,-1176432223,-955780257,1332014996,-1308474984
8,1,0,6,10407,-728247545,1678881032,1006948740,-1715009033,-839311518,-887833895
9,1,0,6,10407,-583252093,-1593411843,-365626983,-1798897640,1515369581,619676030
10,1,0,6,10407,-1828711221,2006654017,1041230051,1838172778,-360260726,-1063962398
1,2,0,6,10407,-1685356955,1458646446,1507021791,776174297,935701063,-1610820315
2,2,0,6,10407,-666671275,1370839294,563196041,-2570149,-1099499019,1207595199
3,2,0,6,10407,-474997365,-207953838,-1763969951,888473996,-24820758,-2006511785
4,2,0,6,10407,209077353,1265422841,1640417921,-1840098078,73720825,-955147324
5,2,0,6,10407,-1051285904,-782807419,1961015257,37786925,1315155021,1251595665
6,2,0,6,10407,394751866,-1307567348,1516282160,1429885769,711903574,-460655748
7,2,0,6,10407,-272527048,822312567,795535543,916639827,250114954,1333641983
8,2,0,6,10407,-427254648,1747577067,1241329954,-148556178,279111947,1298190532
9,2,0,6,10407,1833735781,1987408911,-1177388099,759249045,7375427,1519373142
10,2,0,6,10407,-1746731137,1617569911,51629069,-428459396,-1377677181,1505217065
1,3,0,6,10407,-907202237,1455111517,-856577936,-1391438481,163208502,1835852553
2,3,0,6,10407,-1241878811,1735259440,-1422038198,1087207945,1782057426,-529141086
3,3,0,6,10407,-1912469763,-886245475,1593366115,-315839429,-250744189,1502797509
4,3,0,6,10407,1705048373,-1867402959,-2054809911,1821500385,-52636037,-976704804
5,3,0,6,10407,-2121784169,46077884,-1400258816,-1704449684,129200186,-1074954388
6,3,0,6,10407,311376457,-262990944,-1604695442,1042765152,-1048716791,-1542200171
7,3,0,6,10407,541978598,597837518,1762508102,-3389928,236834126,-1832298103
8,3,0,6,10407,-691458629,685430303,-198502560,663124359,1193388905,-1512721406
9,3,0,6,10407,736530109,-1476219425,-380170217,475220477,-1553664806,677697665
10,3,0,6,10407,-750751517,-1307587451,-819769139,-1752434575,1078727138,977449212
1,4,0,6,10407,-663900014,800267751,-1002715004,-216199905,-712673584,-799521071
2,4,0,6,10407,402969894,-1667126664,1179724576,-682362384,-1032124721,1670206744
3,4,0,6,10407,-282126332,2038219587,1951776745,-1678651047,149633316,1909010733
4,4,0,6,10407,-2122581643,111759391,1747610496,-456905118,1904559611,-2003580092
5,4,0,6,10407,-1936976476,-1050282393,-1135437977,-552717150,-1440298327,1442577682
6,4,0,6,10407,-1324056434,203929980,-1430682789,1454430580,1697486139,-455240927
7,4,0,6,10407,-1074781137,2139711270,-1158879831,-1746007923,-1789997631,534799259
8,4,0,6,10407,651811925,965496013,-659315930,-2121606530,-1327075150,1394309642
9,4,0,6,10407,-885133003,323279749,-16556645,-1973163818,-1203843947,946770681
10,4,0,6,10407,219439510,234896512,1908863234,208759125,1192302592,-756195139
1,5,0,6,10407,-736967689,649215585,-306267045,-1076193473,333293206,164831787
2,5,0,6,10407,-947129364,-2014738442,-1267065660,1050799889,1638733974,-324194279
3,5,0,6,10407,167210811,-632419916,-1634393478,2100890362,-1715696800,-813383428
4,5,0,6,10407,671669913,-1406647606,-72220545,-1369117257,1468058339,86844161
5,5,0,6,10407,-2083343841,1180799059,1244297906,1118707830,-1481169426,1692703409
6,5,0,6,10407,-1040839128,-355483140,770034202,1020674581,-279383067,-541291504
7,5,0,6,10407,1318057739,1924421275,-1475757666,-1178809051,1610241025,49474819
8,5,0,6,10407,1186948408,1155555609,-801302015,2027745654,533732966,970050628
9,5,0,6,10407,-978186894,-685206043,1368692223,1259968364,1504661735,1599512068
10,5,0,6,10407,-1359235645,1600637525,719228998,692970478,1223977027,-910285363
1,6,0,6,10407,-298271660,-620342209,-880511793,101354452,1074206145,-423826928
2,6,0,6,10407,1229438311,428700104,-1843134040,-809211496,-1992610068,-1107070110
3,6,0,6,10407,1409889020,-1198615292,-1033571210,1944006908,-732637692,576186975
4,6,0,6,10407,-1239950625,1505624940,82351239,1246340783,691239085,-361357920
5,6,0,6,10407,-199002677,864225448,-793470507,1330881643,-185113604,-1041873716
6,6,0,6,10407,-670292990,1994735311,-1701254797,1716347110,171780037,-367144110
7,6,0,6,10407,-990992137,1938001157,1903387188,-880565507,-1867212645,-200642581
8,6,0,6,10407,1245145224,737784639,-364826324,1429283728,-561116610,1085351430
9,6,0,6,10407,-1110762572,710051396,685603003,562718947,1274679654,-465839659
10,6,0,6,10407,853717960,-573433582,769473140,-960557962,266930880,-1615466943
1,7,0,6,10407,-1852996606,1164611653,-1032968575,1116813622,-645099800,-137124589
2,7,0,6,10407,-818679452,-1639192604,1335041550,1045388680,-1680813063,-334162926
3,7,0,6,10407,-1798008944,-1080720743,-1000399596,520361019,-1540790310,-567405319
4,7,0,6,10407,-1453673278,-1937063348,-830257880,-1778613268,1837459380,1860088596
5,7,0,6,10407,801650696,364005965,1984643640,1016120508,1796431778,1886991479
6,7,0,6,10407,-1546933898,766455515,1469451234,807963917,-1510920178,-1803090306
7,7,0,6,10407,460725728,-1091776313,396692520,1812612242,-1602956497,1636317093
8,7,0,6,10407,82771996,1555549508,-1106128503,103488429,222778835,-186166149
9,7,0,6,10407,-1287188748,-366672902,-1373494656,-672088720,1845213449,958630068
10,7,0,6,10407,2117925006,-1513037884,-649523303,-396320680,507619536,-1050128541
1,8,0,6,10407,1172360984,-1130363480,-452804363,-1257288650,-62646612,1511553412
2,8,0,6,10407,1398882719,-890500221,-1485066165,1484717853,-1305268693,-1660315707
3,8,0,6,10407,-1033038332,28448555,-209521200,-2031155220,474548325,-865179488
4,8,0,6,10407,-529320594,484734632,-1713616363,720085719,-1600667305,892554096
5,8,0,6,10407,52828514,2113426584,-1508046105,-424634054,-2103093821,-1780359835
6,8,0,6,10407,1046133181,-1614274611,-2025649599,-860752668,21610954,1741872538
7,8,0,6,10407,584456909,147682583,-179589506,-1325328354,-218981744,487818096
8,8,0,6,10407,-187156709,-1660019080,242820300,270381962,1508029865,1661300826
9,8,0,6,10407,-1968056647,-532136051,-19306788,277050495,1614711714,-382962656
10,8,0,6,10407,-279890120,890261028,-165495910,1130953284,350340022,-1968246891
1,9,0,6,10407,-1524747440,-1632152673,-844229320,-808901614,-1286270391,1469059603
2,9,0,6,10407,-949690510,-442067430,-1118109511,-309144407,-83480298,-1188437602
3,9,0,6,10407,532440604,-1744354850,1973456807,-792677570,-171018469,-1795069800
4,9,0,6,10407,-1933488666,451304474,-374791481,412492017,-672867246,-204037278
5,9,0,6,10407,939538601,-1745788704,1578061647,-106289949,601277006,-980116758
6,9,0,6,10407,580035892,-1244696586,1021019456,-1868386299,-479565573,-1323435396
7,9,0,6,10407,881393028,645504916,-161624687,-1641033411,-2056327182,-560064709
8,9,0,6,10407,52757178,-172359219,-1737783677,-993527078,1838500567,-603641042
9,9,0,6,10407,-1663564164,355321440,969880338,1373572171,-899189533,163617988
10,9,0,6,10407,-1785007395,1518456841,1018199657,928591590,1961919061,841895240
1,10,0,6,10407,720564090,776538300,-786791917,669406197,1851469345,425330464
2,10,0,6,10407,395891816,-1855312513,-609222508,348710421,86400531,-2077531329
3,10,0,6,10407,-44674983,257960281,-914028214,1819037509,-694483365,-1777978406
4,10,0,6,10407,-208811661,-1735255309,-947982039,-49369987,-471607586,-2123465115
5,10,0,6,10407,-1681117546,468260920,-1450897569,-41359847,828415451,262018955
6,10,0,6,10407,817580302,148111226,1741327724,-909382986,1240511010,840202008
7,10,0,6,10407,-904346849,-726639854,-2089484647,493332878,-1316329233,1565263451
8,10,0,6,10407,1429706857,103521347,-1515389006,1998532582,1893095357,2109502648
9,10,0,6,10407,-1911565051,459953528,1550266883,-548837830,1399797501,1122580520
10,10,0,6,10407,599105607,-2095432133,970052003,546530109,681221206,2105581788
1,1,1,6,10407,1151503250,-967803964,-774574839,-300332657,-2106571997,-1929181008
2,1,1,6,10407,-323162892,-105964444,-1206410849,106214062,1698863792,405599107
3,1,1,6,10407,501188621,1353709539,1919879905,-840718404,757528961,-1003116765
4,1,1,6,10407,2004469942,-672662894,433716776,307551777,1763901184,1019247447
5,1,1,6,10407,-1073677330,1347440822,-230890647,1174975581,-1274104274,-1160110535
6,1,1,6,10407,-1778372369,1897107369,1000336656,861880331,-2068149964,-73922794
7,1,1,6,10407,197630242,-379334836,1312345308,508068839,-1206957479,-190350442
8,1,1,6,10407,189911527,-1824910687,1799235332,794442003,859459726,-1592361055
9,1,1,6,10407,-179556058,-1481696582,-2065559472,798010168,2088248806,63452428
10,1,1,6,10407,-1257474552,1863814663,596960435,106234983,28043199,1109590772
1,2,1,6,10407,-320557574,-52305798,-176412261,-914721879,-1301723924,694223446
2,2,1,6,10407,1720040283,213985471,78242581,-1025429584,-634811931,-1353903873
3,2,1,6,10407,-1685728763,810635084,231889900,483520093,-1789913609,-575932855
4,2,1,6,10407,-365622784,2015027044,1850540799,815743000,1492722430,1001724437
5,2,1,6,10407,-1623072066,-1336880994,-688547405,854571222,282593869,-44790538
6,2,1,6,10407,1609298672,-609209410,-1045229122,-1147235901,-1656894823,-2027466527
7,2,1,6,10407,-545339108,1960151847,984512847,-487044661,-1534564341,-1630396836
8,2,1,6,10407,-209954834,-1219040372,-539088959,1263435335,-2026764114,75913625
9,2,1,6,10407,1728299718,-1926271310,-1772578893,-1679766890,1046962569,-1132307311
10,2,1,6,10407,-291001762,-700896800,-1953380849,1010370413,1671173727,-1287449280
1,3,1,6,10407,-2025010979,988496309,1118181091,1458686391,-1835517671,-1407599873
2,3,1,6,10407,146214370,-1493875822,1714793439,1454767652,1648712031,935082329
3,3,1,6,10407,-235535243,-1113572,1395086463,-1659715155,-651370341,-494554810
4,3,1,6,10407,-71423934,-56689746,-1402258091,-1036192645,226636807,1035726317
5,3,1,6,10407,983425207,1477741264,-908375332,-1212083998,-335560667,-841258868
6,3,1,6,10407,-643604242,-2145835205,1681452247,39538539,-501810965,551492780
7,3,1,6,10407,-2000813879,-1597036875,116826099,-1053258693,222989123,-274184507
8,3,1,6,10407,514407290,-1819667258,613307298,1478047934,-1620579751,2022600882
9,3,1,6,10407,456627490,-705894495,-1686882071,285326428,-1867402476,1851768731
10,3,1,6,10407,-1344945759,1000430890,-1251967432,-1321701877,-21244731,512859665
1,4,1,6,10407,1568523747,27404496,2142527222,-1639857130,1691337894,-895940490
2,4,1,6,10407,-1077613762,439938307,-1423391727,1526423354,893698310,1437080436
3,4,1,6,10407,-1057868557,1230567913,1731071542,-1986712963,1081302597,650093118
4,4,1,6,10407,932344829,889245219,-1382295356,1495219825,397683755,-484224641
5,4,1,6,10407,634200169,1755056663,-72523882,1277444998,1044914310,104494482
6,4,1,6,10407,-1072889687,854959877,1510203878,539554049,404003113,-171037827
7,4,1,6,10407,-644059108,1619169899,1276651243,275974720,1395408970,-427986998
8,4,1,6,10407,-1316925301,-1972747613,1093337176,875111979,278717641,484829334
9,4,1,6,10407,-1912557800,-1029558635,1462829389,1190501263,-1048296546,116282843
10,4,1,6,10407,679051861,-663859122,-966825288,860773085,-800511325,-1613647592
1,5,1,6,10407,-842342136,302117256,-385808680,2145435334,1049442257,-1681881566
2,5,1,6,10407,533063409,-1927632066,79335982,121483416,467416726,-1592881628
3,5,1,6,10407,-691789407,1841730453,-1628434777,1032335999,1755362777,1012542365
4,5,1,6,10407,-333078155,624820731,-1479620361,-2096423127,1231728522,-957376716
5,5,1,6,10407,1065473549,-1637622559,1060341122,948615042,-1693079571,-1673187895
6,5,1,6,10407,-1187764155,181793395,-19572967,1097336832,8249844,-1188745301
7,5,1,6,10407,1953435723,1817122763,1026130006,1787083791,956514666,1482076640
8,5,1,6,10407,-1713474644,-757289965,1072206311,-1996203697,101379668,1063287441
9,5,1,6,10407,1889603584,-1213853195,1101031478,1935736215,-1339882942,1691356591
10,5,1,6,10407,-1034910165,-1175524383,799985135,-1596868593,279838568,728195117
1,6,1,6,10407,-402646701,926933078,1808774547,297847688,723036335,-657252930
2,6,1,6,10407,-229036803,-1094163730,1728489611,297984196,272634693,329488938
3,6,1,6,10407,2081516219,545575924,721117742,-776917205,-105957927,-864677848
4,6,1,6,10407,516796902,1742450114,-226922938,-1577240878,-720329432,1079782401
5,6,1,6,10407,-1775873326,-1489979981,130045327,1293127441,2111368057,1607680676
6,6,1,6,10407,-632539119,148434827,-795731056,30280391,244198043,-624633363
7,6,1,6,10407,-618237887,1995798137,-916236380,-818876591,-336102765,-228420625
8,6,1,6,10407,1928286105,127377544,767551951,1089807458,-1779647821,593733517
9,6,1,6,10407,756189553,1651990214,1766308363,-977203837,382914929,-248427823
10,6,1,6,10407,2092739093,-1772682414,414650463,-1785423502,-1296323765,90880147
1,7,1,6,10407,357488144,-331252692,-1525048804,3994973,352377940,-536164950
2,7,1,6,10407,1445317819,83924986,1365719226,-1519169540,1526343280,-1258089172
3,7,1,6,10407,1224764465,-890215856,-503559051,-1986295006,-413563486,208519080
4,7,1,6,10407,-406705246,-1392806484,1588486805,694957439,952825673,1841406340
5,7,1,6,10407,2082057890,1949794352,-29641069,1076683642,1854062356,931297947
6,7,1,6,10407,268756076,-1387035659,-1057219450,740512459,-1916936272,1196988501
7,7,1,6,10407,-866822524,965480176,74509485,-774437480,203210662,1013035427
8,7,1,6,10407,793251588,69142654,2122362457,1603473020,-1760627769,-161699425
9,7,1,6,10407,-1786605773,-614367575,-691340980,547312576,75963350,-167904401
10,7,1,6,10407,-2077019147,1235951990,739643726,2031222786,1681982582,-452337086
1,8,1,6,10407,1525638611,-1706601079,650584544,499543880,-1635699269,-1796728300
2,8,1,6,10407,-1178446260,-947657306,-267379542,201014005,357579957,-360185047
3,8,1,6,10407,-156252839,57569650,-2005729763,-59240569,1102018234,-332541859
4,8,1,6,10407,400133793,-845174530,1456658153,1766906770,1783641263,-1761783219
5,8,1,6,10407,748905806,-741987108,-503138781,-1860243274,1253308153,-1770591290
6,8,1,6,10407,1489906352,-1125973804,797915805,-1847360431,-1333577098,414426303
7,8,1,6,10407,1879389264,275467409,1530125242,-1883678843,849277539,816791368
8,8,1,6,10407,-1698344665,-1863922985,1266820886,-1469378167,942847541,-83042162
9,8,1,6,10407,808907740,-1959270367,-564932472,-834503433,-305450526,1149053584
10,8,1,6,10407,669109439,-1649454734,1452709902,1444801108,607596056,-1233668460
1,9,1,6,10407,505304587,1850487989,599237256,-783355868,-1882538626,-1441260429
2,9,1,6,10407,-1349218336,-1080327861,2026457213,1372127405,1822476997,-1329433779
3,9,1,6,10407,493334918,491838786,-160024117,-250455855,154118071,24432721
4,9,1,6,10407,723008666,1422785710,2056671151,697249653,-1190219497,1929158957
5,9,1,6,10407,1373091803,-866275655,-250218777,1768996044,-1948060806,-248550956
6,9,1,6,10407,-1153719133,944064864,656486619,-257713989,-1224706871,1211206357
7,9,1,6,10407,-403524603,1274140112,-1219866020,-1476221169,-1743360285,2099093664
8,9,1,6,10407,10884878,-821777705,123832302,-255562614,-244213158,654613784
9,9,1,6,10407,-1889451637,-72481880,1237166022,940765814,659439878,1758106031
10,9,1,6,10407,1480228322,-523594304,1613611307,733601226,804517734,1071122017
1,10,1,6,10407,1184537187,-1007404698,717194667,-2117894100,1054784235,-1444918365
2,10,1,6,10407,-586762791,-1087895033,-249546976,1355412811,1882355436,1166665471
3,10,1,6,10407,-2007304977,-704136552,301115018,110965726,-1010586020,-67781042
4,10,1,6,10407,-190494885,1869485835,-2085531127,-453634538,1929201191,-1835212924
5,10,1,6,10407,834976064,75972548,-944602269,-1700160686,1570647816,-2049406620
6,10,1,6,10407,1562651814,1982406137,-230800137,1698423462,-1696416942,-705264581
7,10,1,6,10407,-764846210,-1830150310,-210175124,-942570131,1132034269,2090713531
8,10,1,6,10407,-663504940,1961341955,1545601504,592354077,-1066128978,608352163
9,10,1,6,10407,-1280018624,-1359963744,506495838,1312456581,-2030175131,128617916
10,10,1,6,10407,-286823756,-17457259,1031476073,-1691293708,1241628245,-450141616
1,1,2,6,10407,559860066,-342691799,-95999545,-1874337203,1854345209,-1920032053
2,1,2,6,10407,848028419,1102768444,1517284190,1327991448,-1373973779,-915605636
3,1,2,6,10407,-302215582,-950180561,-1195116886,-564177554,-319597766,-1649253235
4,1,2,6,10407,479672399,1153981823,1276134388,-1809761136,332309407,2043232415
5,1,2,6,10407,1240463430,1637436600,1975773882,-2054247377,1399546484,150942435
6,1,2,6,10407,793621860,-44648794,333529301,-548004953,-510104247,2093914420
7,1,2,6,10407,-166096977,750306482,331243647,917344636,723502497,-1427488070
8,1,2,6,10407,759679012,582455733,-258232968,497444770,-1295847088,-1789284985
9,1,2,6,10407,-1770663959,267898681,1965525541,1567211088,287226179,516840633
10,1,2,6,10407,1328025502,326874652,968016786,1607606191,-1399499742,1006396978
1,2,2,6,10407,1942875985,-1687970907,552105673,-1178072637,-468527649,-2050741251
2,2,2,6,10407,827533272,-1352607543,-1505422914,-720791351,1114613100,725873109
3,2,2,6,10407,1830772846,-727421117,-578974024,711818495,1673358324,-1403691812
4,2,2,6,10407,887659599,-2098990333,1256569006,-490727847,1244443105,-835306922
5,2,2,6,10407,2020948373,505886062,-1938450552,2085145622,551761515,-2077999216
6,2,2,6,10407,-2007676847,-898605377,-153431543,1661320784,-391588483,-1720628200
7,2,2,6,10407,321579437,-1117157004,671849193,-773865931,-876832365,-388817192
8,2,2,6,10407,-984473767,1796057626,670704590,-2025200923,-1732053977,879918172
9,2,2,6,10407,-428436725,-1903945558,930874525,-510027208,-2076512640,236857632
10,2,2,6,10407,2001452203,1190586730,-1778308374,94017,-1829504684,-1442662371
1,3,2,6,10407,-1164852765,-774573145,1727732678,-1629927280,1988253700,-1229399745
2,3,2,6,10407,509256594,-1540300721,1255526188,-1627537748,1672649533,112073404
3,3,2,6,10407,-285786559,-1688653878,-1504811406,-1573279699,358693555,954849822
4,3,2,6,10407,-1706936453,-1357946365,1143319326,-1892474768,180386121,1128075353
5,3,2,6,10407,842852983,-1358614439,-2116330614,853503875,-858972418,-1040469330
6,3,2,6,10407,-90255493,-938463253,-1620996329,-2051169344,512857810,2064243381
7,3,2,6,10407,-2057213759,-1308205568,-496399480,-921427540,603535166,1695059557
8,3,2,6,10407,-764980629,-266330605,1164377681,1610177987,1931115817,-2017239205
9,3,2,6,10407,-248258500,-354776574,-1526788141,-1500581937,-1689766232,1252618179
10,3,2,6,10407,751695750,-625396210,314884497,137065593,730917870,748294110
1,4,2,6,10407,94385761,-1424733480,1552385679,1266507038,703808747,-1578313841
2,4,2,6,10407,-393268655,591990295,-573602548,-1645525547,1554163820,-335919963
3,4,2,6,10407,-1351774965,565752436,1046849885,-20845563,349145767,1124715297
4,4,2,6,10407,-830262650,234215892,1994129644,1663388830,1299347510,-947537487
5,4,2,6,10407,-1175722966,-724538345,1856576069,946691108,1270590071,-1774766716
6,4,2,6,10407,-115158543,1756475228,1035051322,-1281262615,1821156583,-1313448717
7,4,2,6,10407,-2052009307,227330895,1178862109,-1789667406,310849246,-1613044868
8,4,2,6,10407,-43072140,6810767,807664724,-170978480,183543963,-1913440522
9,4,2,6,10407,855452578,591665791,1765195553,1225297919,1661218002,1908000811
10,4,2,6,10407,65985416,833463392,-593305711,1728856456,1936771881,-850679882
1,5,2,6,10407,292593275,2097809845,377450192,-1518122287,900428812,-1043355768
2,5,2,6,10407,-905387478,584559415,-1952693540,942251246,-631220683,-846620335
3,5,2,6,10407,-587440114,-844690328,278705265,-1108338384,1495786579,-530406583
4,5,2,6,10407,-1980688527,66626474,459568936,1722672879,-2122153123,-1363138057
5,5,2,6,10407,1043303929,372897830,-1196605459,-547377581,-1126698966,-765314905
6,5,2,6,10407,-1178028029,-628731406,-1568456828,1227115265,-50908599,1992780391
7,5,2,6,10407,-1916410031,1508259109,-33334999,-1831207600,-9379243,1600101669
8,5,2,6,10407,-1702603446,1589467340,-97368914,1017806056,748014625,637291874
9,5,2,6,10407,-1570932856,704583850,-1197830367,1899903157,-1088815578,1220167248
10,5,2,6,10407,-716935100,-1666941357,151978482,-704330193,-844265969,1139643587
1,6,2,6,10407,1700087406,1519561657,2134579849,-709487608,-720235496,-1455972200
2,6,2,6,10407,-524625189,619995949,1496875609,953896006,597538359,2001098173
3,6,2,6,10407,-1544954139,-887728269,-92973710,463566932,-2080027789,418293378
4,6,2,6,10407,541879600,-1495820976,1801772868,1348552732,-352904029,1475332934
5,6,2,6,10407,1631232877,-42773358,782545106,-2080158496,-1316476657,-1363671626
6,6,2,6,10407,75211291,420018162,-776900463,-1446010982,476513501,2075859901
7,6,2,6,10407,-698930559,1412439193,-1689150608,-601760053,-2071817637,-834849637
8,6,2,6,10407,2108111349,191151454,759093893,1528533346,-18698922,1296544546
9,6,2,6,10407,-1835251979,1839507387,-708885071,-431025121,-1513217287,-279594009
10,6,2,6,10407,-1159285155,-1314147580,-2138620498,1381098013,1807065585,-2133640613
1,7,2,6,10407,-393114637,1447598556,1226484667,-679157054,-632826975,760513479
2,7,2,6,10407,2145349677,-1557577992,1573291572,-1954499099,673602110,-404808437
3,7,2,6,10407,1771225168,-1030075455,-992454143,1912233391,648870845,1755105096
4,7,2,6,10407,341821040,1217522551,2053167129,1895470535,-497196623,1894740977
5,7,2,6,10407,59550539,1096058452,624547194,-1142631205,-1223024967,-1899789394
6,7,2,6,10407,2015609440,2016654172,-275874230,1698644073,1153106115,1902305775
7,7,2,6,10407,-1685372902,-1300454621,-585804620,-1333782552,2049858467,-44670726
8,7,2,6,10407,1013594638,-1350559685,643751508,-1303381253,-1417348455,313063000
9,7,2,6,10407,-565559413,-845748388,-820197755,1582014253,-1462936287,-561338555
10,7,2,6,10407,530650818,276917555,-952054737,1113617040,-1569392094,-1962740882
1,8,2,6,10407,-231973315,-1794386281,1382591895,-1070276616,299341467,-906720596
2,8,2,6,10407,2113448437,1937343703,874689934,-1938117299,-154778923,1981796490
3,8,2,6,10407,-1687517653,-951084444,-217997866,-717182146,387039111,-572869541
4,8,2,6,10407,730650473,596890318,-1495082037,636297872,-513697840,1849715711
5,8,2,6,10407,134840134,913828038,83617507,697289579,448217722,1519845918
6,8,2,6,10407,203906076,308143400,1599574915,1190327969,1945844519,75301149
7,8,2,6,10407,1372161420,-719580371,1796828091,-271609099,86939045,760566770
8,8,2,6,10407,-125381587,383377402,-907385075,-1595352928,-2137793693,-1599264111
9,8,2,6,10407,67771793,991992620,533097016,1111750624,-228238076,-1548209660
10,8,2,6,10407,-491918591,1332772867,-88295457,-491698719,1749661814,180433976
1,9,2,6,10407,766403496,1629987680,-1509723768,619013748,1532068606,-2085177523
2,9,2,6,10407,-476542716,220037858,1208051181,518581247,13343946,-1696178580
3,9,2,6,10407,-1294296653,602909516,-650605254,-1381164888,1494371750,1569895892
4,9,2,6,10407,763086294,1729778453,668337907,1639906878,-461211162,-1460071661
5,9,2,6,10407,-683302774,-1044694590,-1064725991,341112055,215490915,-1185460878
6,9,2,6,10407,-1507015934,1333523287,84500835,399219182,-1178280071,1052260028
7,9,2,6,10407,1126635040,1023102035,-720879285,1739438002,1367009336,-1735559415
8,9,2,6,10407,829060191,970833670,-267666890,650128404,-1228590126,-316131395
9,9,2,6,10407,754349061,-421649714,-707358119,691086977,392301691,-96122049
10,9,2,6,10407,-793199712,-869986773,-1213529649,-1800402475,-1343460944,1087373961
1,10,2,6,10407,-1038610021,1284763235,22132598,1553689494,1312428627,1625528779
2,10,2,6,10407,-38670370,-1798225929,1649715893,1129587029,864061608,-1567704789
3,10,2,6,10407,275582519,-1813214148,1959130910,97565177,888166439,832417052
4,10,2,6,10407,-1667783985,1461261080,2070140651,-1212893774,-86495796,469513922
5,10,2,6,10407,1614055125,248816234,-1855864006,1572051617,774893640,-824835987
6,10,2,6,10407,-2047581798,-749563603,1328716532,-1321980529,1942578566,732954854
7,10,2,6,10407,-1503779546,-853523632,-1989385539,-12424454,-118378081,-605837040
8,10,2,6,10407,1678156704,1591353122,-2046415139,-93309064,3608440,2045333003
9,10,2,6,10407,1125976751,-309620580,1977828694,291899637,209892984,311722436
10,10,2,6,10407,-2117479484,838825144,-1836904726,-459074904,714342551,605503289
1,1,3,6,10407,-762761905,-832273618,-665071303,1182243590,174955158,2076193486
2,1,3,6,10407,-316070405,1425049342,-1925777208,765570527,-1144247740,413517471
3,1,3,6,10407,-1524381397,1919227729,228567381,-1285708430,1236812499,-593029571
4,1,3,6,10407,257247233,1868011795,-1640462174,676069118,-974538102,931851955
5,1,3,6,10407,502211362,-540066071,-1092966744,-323793095,-140725819,-355050984
6,1,3,6,10407,361235762,-1269705334,254582560,1712991845,966113276,-1124733909
7,1,3,6,10407,1581115740,299981105,-1568670332,528186371,-749629629,206822607
8,1,3,6,10407,282939570,-1140633530,189184998,966389332,1257107164,-999328938
9,1,3,6,10407,-31448868,1602867737,1230036926,-407012166,446530760,-491384255
10,1,3,6,10407,-737014764,-1651540393,-658832350,-564150750,-1537960133,2122488536
1,2,3,6,10407,-1629084628,-990599558,-1810929423,-863047673,1790601238,-1824980894
2,2,3,6,10407,-2136492053,95024490,1461263394,-1938192455,1536517022,-243344795
3,2,3,6,10407,-1902320827,677070898,694246494,1336218377,912506862,-386401016
4,2,3,6,10407,1209789527,-1216878601,-260675663,453681610,-495940559,-1167039981
5,2,3,6,10407,-84903878,-962604328,-1942982846,455551136,781019063,-783744979
6,2,3,6,10407,1229267348,-488788608,295634834,2021374880,-1201571150,-1961511698
7,2,3,6,10407,438345998,353279830,1420202572,-622874290,-1873063393,-1389452901
8,2,3,6,10407,2069059974,-1428872699,1436804743,1715233233,1789419050,1331227519
9,2,3,6,10407,-135534703,-1693928969,866850785,211744185,1459491049,1191171824
10,2,3,6,10407,-1061015875,-1055613347,1055469826,-985343985,-1408486564,-1773843466
1,3,3,6,10407,246667663,-1186436669,-667799652,-1688675197,-197779904,-207409187
2,3,3,6,10407,778214130,-629058679,-2112994938,-921347318,1265801382,2026365949
3,3,3,6,10407,1395003703,1560184711,1778495311,-2127995365,23789281,-1354883774
4,3,3,6,10407,90045107,-1650538778,-1667028114,1621706740,-70187344,1394505090
5,3,3,6,10407,837985742,2078554007,1808088295,-541378902,1115895178,483234732
6,3,3,6,10407,1765755240,-1912758892,2038345841,-1884362299,-1086569073,668184561
7,3,3,6,10407,1454871301,33722485,-1794599277,1139251928,-1430021258,-365534227
8,3,3,6,10407,-175102445,-1959154568,493144396,-752133117,1978721351,855600385
9,3,3,6,10407,-96116265,944593819,-300344012,1423788917,1415036280,1232183751
10,3,3,6,10407,264064718,-628038937,2112561123,1072115409,539871556,-1208614823
1,4,3,6,10407,22023204,1072993261,2109944921,31397770,-1442962227,179048054
2,4,3,6,10407,52987217,-59703345,-1219930645,1366159070,-414655312,-1700320061
3,4,3,6,10407,-1098993030,-1822769277,1085453566,958316248,728861806,-634309066
4,4,3,6,10407,-162580225,-279912837,1387180238,1813203485,513319462,-654275815
5,4,3,6,10407,1556378225,-1791703666,-857893956,464833946,-262218595,-1994589937
6,4,3,6,10407,1433973876,70884900,923868407,198761281,-1526270575,-1481229776
7,4,3,6,10407,936808600,-561277316,-1671799384,807810202,816795763,-1154183355
8,4,3,6,10407,-1925119247,-1223098397,-559833559,-862098582,-1547888034,1743730634
9,4,3,6,10407,678018378,479639454,1424261359,-523354319,977854394,269791083
10,4,3,6,10407,-888483368,-2045632372,1059257115,-279966182,1642805914,1962731274
1,5,3,6,10407,-835150864,-743014907,-1905999475,-890062392,-1939938365,-1845216553
2,5,3,6,10407,-788905888,-696457252,1889632795,203143045,615416901,-1825744325
3,5,3,6,10407,-392264559,-582579325,-674519181,-1113199444,-1558119579,-1117114087
4,5,3,6,10407,1730707433,-457874136,562745244,1568008917,-507229281,1611910523
5,5,3,6,10407,829830830,-1518588076,125863777,-1989011588,45822203,1588386613
6,5,3,6,10407,-2107503564,2136493721,800890098,-1750614268,-375935493,941858241
7,5,3,6,10407,1378243102,1068823206,245409703,-155432953,-53797423,1148523221
8,5,3,6,10407,1789351366,934543499,1164744849,-1176673564,1422857893,1073792151
9,5,3,6,10407,-1747467599,-1614108587,842234543,1853123727,861083325,2073731758
10,5,3,6,10407,-1946330346,363454980,1433136876,-1782875202,-1144918477,14458255
1,6,3,6,10407,1996366662,-791842495,-727205081,1297982928,510435542,-911057663
2,6,3,6,10407,1113726448,1385212414,-1605673616,936960825,519699312,32596157
3,6,3,6,10407,-248406194,895903273,728862004,-1895653907,-274601534,-1323023624
4,6,3,6,10407,-1932910249,-54489758,1913623393,1137530251,674732594,-1098578927
5,6,3,6,10407,1803795884,827924061,-421241114,1373465283,-2104365861,2019608131
6,6,3,6,10407,-1554834815,-1589716520,1363707988,1588785618,1215621934,-876039123
7,6,3,6,10407,1804945485,-1274186110,-358517931,-789786189,759208142,-998695990
8,6,3,6,10407,1231892709,1194402123,418188802,22316764,-365838892,673607016
9,6,3,6,10407,1378664644,321334648,772586418,-437373944,14357070,1194619165
10,6,3,6,10407,421431097,1272612685,-1125029203,1262201143,1152421225,537791373
1,7,3,6,10407,1397488044,468331086,-2102260855,1718787320,1911740748,-1006676537
2,7,3,6,10407,-1897419825,2097374216,-334496336,2081650220,832671163,-15781855
3,7,3,6,10407,-453679055,844554162,-2139866862,-1705531530,-2055593644,1571664312
4,7,3,6,10407,-2129352589,-1499914059,-673338391,-914642831,547049615,217059917
5,7,3,6,10407,-1310481805,-1608433071,-2113894616,-540797612,-1618158501,-1506054091
6,7,3,6,10407,663943517,434934749,-797474596,-713590656,844957735,-594592864
7,7,3,6,10407,620898273,963589197,-661205213,127989035,184369725,675472279
8,7,3,6,10407,1528267008,393716463,-175191987,-1689361968,-481659243,-1371211567
9,7,3,6,10407,-2081449508,10391648,273281997,-1367301,-1235605331,1924427690
10,7,3,6,10407,-1958815898,-1727657207,-1998118827,556563558,-315824020,415317996
1,8,3,6,10407,1283990400,1183566008,-898912977,274287290,-199924935,-1781765248
2,8,3,6,10407,-1496002296,819407109,-805135650,-1446427871,-1649963077,420598524
3,8,3,6,10407,-442618288,-1432469809,913495328,754619179,749891718,-1512918869
4,8,3,6,10407,-730248988,1154871566,-786101748,-2065154810,73254423,-368790831
5,8,3,6,10407,3816266,-1889685614,1170592426,1292571307,1737793713,1079998878
6,8,3,6,10407,-595245044,-1988162723,1851143361,-265946578,1822600330,-1881134834
7,8,3,6,10407,255538111,1453200020,-2139080965,64190804,-368348310,1695819011
8,8,3,6,10407,1873869130,-530414283,916590401,-1561449659,1761362570,278592846
9,8,3,6,10407,1460782342,-2126774614,2094626207,1472609076,-1832528361,1629574005
10,8,3,6,10407,-2021930665,1900910012,1812545581,1968008389,1953435660,-2098415163
1,9,3,6,10407,-1029110474,1872357989,-1734604607,160328694,1302236921,-333833019
2,9,3,6,10407,861502635,-1611208374,-1307109502,-2101818761,-1265777134,-736419291
3,9,3,6,10407,-416080194,505022198,-1702992823,-892938484,1573038684,-1531760889
4,9,3,6,10407,903226402,-1812593581,-2007705305,-793582580,-988646720,1433898448
5,9,3,6,10407,-740296062,-631569755,2023643241,-738762777,1487302267,-1695290742
6,9,3,6,10407,242999514,-271713178,1000917632,-1981676082,1425347060,256430603
7,9,3,6,10407,-601014202,218687180,-184289686,-161218068,-2042167027,-2098533690
8,9,3,6,10407,805002029,-1084565127,1325265916,-813965723,611554781,-2023361806
9,9,3,6,10407,-1461429579,-2109303087,1369126325,1431680554,-534884405,1548504121
10,9,3,6,10407,97563422,1682990688,1747915291,-2044634044,3212193,-1485226665
1,10,3,6,10407,-404668981,1962851038,-599741739,1457993465,420328312,-1366301072
2,10,3,6,10407,-1785552690,1358888237,1766566697,-1857474577,-50692217,1023339684
3,10,3,6,10407,1861323078,-457667174,1506352014,-424665483,-1602281338,-1356750545
4,10,3,6,10407,-2085948274,1399200029,2131547508,1939753591,-1453616356,-839946038
5,10,3,6,10407,-1043153695,-1160134612,2022615356,1053292398,-1496040743,1850363781
6,10,3,6,10407,-2032053111,-918307953,-822609990,564979575,-292077995,1820333446
7,10,3,6,10407,1252819686,-858783008,-2114638079,-1229791830,-1318738940,-1705391094
8,10,3,6,10407,1296959312,-423393298,-1281137312,965952867,-1625079325,460715010
9,10,3,6,10407,-821868012,-2103761183,1597027107,-611419506,134699558,1881312310
10,10,3,6,10407,-1162239312,1428536343,-1672140173,-732358519,-468644314,1434621252
1,1,4,6,10407,2110760370,876650329,799262723,-1720396176,1021852834,2087815694
2,1,4,6,10407,1234123839,738145143,1283622127,2132912942,-1889587225,-1210895717
3,1,4,6,10407,-266014778,2110540630,-852152713,1782144190,107509034,1643938950
4,1,4,6,10407,-2078375295,-1057595496,-985917473,982355448,1754602539,766464667
5,1,4,6,10407,117142101,-377880104,-1675222068,-1837337154,-247576102,-1513609540
6,1,4,6,10407,689730808,-1848059823,-2012544700,-1991250938,-700785987,-759441220
7,1,4,6,10407,-1957207151,1399153588,1999544491,558066297,-1507382983,326783232
8,1,4,6,10407,-1757246719,-1644908609,546825869,-737858554,1012761766,470639538
9,1,4,6,10407,515529140,418836867,1046216869,-497358101,225683827,930422401
10,1,4,6,10407,-1058755311,380277375,661395065,690265548,625092474,2113664338
1,2,4,6,10407,-1920790109,-43443249,-1387675607,-1087183428,-393511016,2098274348
2,2,4,6,10407,1603410420,-1035228580,691697591,-1893127843,1058361541,-561401817
3,2,4,6,10407,1054042302,-1199369502,782713276,-1962004380,-999642063,2077642201
4,2,4,6,10407,2105854727,-1548310220,-1066029699,914617349,809125663,-2089002900
5,2,4,6,10407,-2068971563,-413715430,1114318064,-417872688,-127758503,-684906367
6,2,4,6,10407,952357749,-1428871719,507348771,-251824297,-1131616413,-1477417277
7,2,4,6,10407,2079155712,-1445777092,-333513388,245355302,-2142957112,-1560013603
8,2,4,6,10407,-809696748,-1890296123,1580852075,1563736939,3044252,808881902
9,2,4,6,10407,823657802,848323875,-1899594106,962407527,-1961980401,274655713
10,2,4,6,10407,-306154072,427681644,191403119,971185342,-1911321671,-1587825598
1,3,4,6,10407,-310089918,-476925374,-342497080,-1671276302,164607416,-1081509221
2,3,4,6,10407,1886916284,1835949325,152321723,1229090964,560608035,-1784961360
3,3,4,6,10407,1424314931,-1458160954,11343383,-1676610387,1943108907,1728990425
4,3,4,6,10407,925622520,-2083933034,-507725614,1426312755,1856369366,239130740
5,3,4,6,10407,-751309358,871935305,241719732,1633209302,-995579053,2076196211
6,3,4,6,10407,-1012456675,1146049695,-1490969252,2072090070,1627934970,1915152560
7,3,4,6,10407,-1307731744,-614477427,831349347,1610858708,2142270562,932727075
8,3,4,6,10407,-96250404,-54594141,-944070741,748814774,-384627269,-124769358
9,3,4,6,10407,-105476875,-1862575926,1173270061,133406092,755545381,-1243613594
10,3,4,6,10407,-10244906,-492847769,-405994254,-669324281,-386362970,2129035728
1,4,4,6,10407,-1603335144,-671797640,285255554,1669873671,939742991,966437478
2,4,4,6,10407,1289385211,1282068055,-1476586529,-566430305,-642476106,1680979377
3,4,4,6,10407,1821164647,214280322,-815352669,1179563353,-1644501806,315244605
4,4,4,6,10407,172266039,-1373926650,288124601,144510931,-956261131,-931540893
5,4,4,6,10407,-890150557,472384410,291609269,520762837,-1041330207,-1224970145
6,4,4,6,10407,1501372299,513560435,70223790,498234380,-424128987,1036879012
7,4,4,6,10407,8198266,-1826466706,1594691134,-1623432779,-144756701,-443513389
8,4,4,6,10407,1679755170,-520410467,-946452364,-613084726,-848234087,-432155533
9,4,4,6,10407,-1719984217,-1780841308,777594868,-542909656,76619531,1739906875
10,4,4,6,10407,-1858694811,-1805332476,-291145069,-1485410095,-375297195,-504193531
1,5,4,6,10407,125491621,-1002239239,-1304648560,-1145693722,-1918313149,1947021297
2,5,4,6,10407,-224739475,-375853501,-170554106,490823423,-1421793008,-1047790434
3,5,4,6,10407,-1859612822,-2137002020,-1551222672,-1865659014,-1104365602,771408613
4,5,4,6,10407,996848280,1214660255,1007456243,109617563,627923181,2084978223
5,5,4,6,10407,548875816,271353550,-1500077508,953590766,171308214,-935103874
6,5,4,6,10407,-547229612,320100251,1232895155,1992356411,-848422870,1097402578
7,5,4,6,10407,793728998,968616001,1196313984,-1298162232,1142371977,-1039547211
8,5,4,6,10407,-1253451965,-18410062,675265507,-1722916035,1927427154,-1664109209
9,5,4,6,10407,447799779,1729128574,-1433421233,-1946732708,-272176315,41306272
10,5,4,6,10407,97967975,1002502438,-1495815559,958320655,-34968996,-901569850
1,6,4,6,10407,179794671,1433179558,-1147461189,-1606917791,210211725,-139576517
2,6,4,6,10407,-1312746352,-1546713516,234121276,-692591302,-1732682646,1818816330
3,6,4,6,10407,1161220010,-562325749,-214821368,185463654,781570805,-330037728
4,6,4,6,10407,591617622,-547124142,-376178630,297494305,-1131311679,548954694
5,6,4,6,10407,-1944418194,-1016321985,1410737741,-757655888,-385935888,2050586445
6,6,4,6,10407,406148212,821427984,1821631448,-1101309809,337104641,-1483301746
7,6,4,6,10407,-341535048,-1240107659,1693426484,-1191333974,1961416954,235699355
8,6,4,6,10407,573912870,-186376545,-722563803,-1086150121,1980421179,511818950
9,6,4,6,10407,257987385,-2061632717,-1957141597,-614875750,853379670,2044781329
10,6,4,6,10407,-1611993764,-1589393044,389158363,1315186126,2096149842,939000025
1,7,4,6,10407,-755590474,-472776019,1621283363,-368603871,1439364241,1919540567
2,7,4,6,10407,231900068,1893197447,-994110523,152456678,-85078531,-532243065
3,7,4,6,10407,-1635264605,-692996184,-1826594795,-40397777,886617941,1885553340
4,7,4,6,10407,392180090,-502091299,32127525,936139197,-379669675,-1876094955
5,7,4,6,10407,1934439245,-1095295819,-1322919639,1833917017,304357836,1587663984
6,7,4,6,10407,1488969149,-203542686,1856853964,-2023453476,-1709519908,-1514474345
7,7,4,6,10407,-1298841838,-441623809,1322696167,1416648395,-1040758267,2031210848
8,7,4,6,10407,35108924,1008787851,-124212573,-678312393,1971841472,-4436642
9,7,4,6,10407,-167298759,1363843141,-664154938,1857116682,-1571038584,-1177706543
10,7,4,6,10407,-744854816,1866696470,-1326944423,1243145548,2108746206,1089691447
1,8,4,6,10407,-151512967,1968450635,530426501,806968378,-961856556,2022447380
2,8,4,6,10407,-1326384042,1326466220,323684737,-1610499134,-750579193,1330831599
3,8,4,6,10407,-1465520051,-1783089450,-146907563,-1184823572,518504524,-559632272
4,8,4,6,10407,1628697677,940022504,-1213907273,-639848734,-1541742309,-998971374
5,8,4,6,10407,-232837429,-1473126725,-424443433,1054843414,828367709,-1367437221
6,8,4,6,10407,-486425709,1000608504,-241958856,1953192158,-47401257,1022878985
7,8,4,6,10407,271645978,-2122747352,-606184950,1042570917,-1883548203,676631163
8,8,4,6,10407,1552880704,-1108367047,-481336529,-1179074802,1524185220,1985149784
9,8,4,6,10407,2043845243,1004198996,376542356,-383205743,87710025,566095027
10,8,4,6,10407,1083118654,748682987,-1441884936,-977161037,-1317562635,-265171953
1,9,4,6,10407,983627265,1995448337,402562190,280729097,-1241928209,-47938144
2,9,4,6,10407,-1031638326,1828103197,553438229,-1188470908,1547843997,1467085190
3,9,4,6,10407,1147730475,53835280,-1300122262,-147648140,592828129,1765463437
4,9,4,6,10407,-1798831643,1269590972,-843563801,-1702957660,608840018,-729310075
5,9,4,6,10407,1143954922,76097255,-411772729,829769553,-1055352884,-1075695424
6,9,4,6,10407,2144087427,-771765410,-691889802,-871511123,-356168097,1127312907
7,9,4,6,10407,-1537463943,1510387415,-1634879538,-818490831,-66821833,-756623509
8,9,4,6,10407,2045735095,255560059,-1895933679,1449001226,-1347491605,134864934
9,9,4,6,10407,445100743,-1580078122,-852493075,252701930,1205872850,-1092810814
10,9,4,6,10407,1134452417,280027297,-1078857295,-1986883681,2059885562,-1268210914
1,10,4,6,10407,1646562229,485624062,-1131711549,730797308,-1744969266,-326170693
2,10,4,6,10407,1585165259,1024232219,-371743736,786365079,-875505988,-229675156
3,10,4,6,10407,-423032364,-2033181743,697164916,2104407824,589828262,2093150058
4,10,4,6,10407,325712805,-33665632,-219013032,345493179,707284442,-1838933028
5,10,4,6,10407,1400927246,1219407000,133979406,-788110860,1675132114,-1802161142
6,10,4,6,10407,-1667892694,1196843315,113065855,-488851287,338455790,618525742
7,10,4,6,10407,1461505185,-253680956,-2145236371,1098635152,-708997841,1693058490
8,10,4,6,10407,1451017137,1871131179,1179870710,-81785115,256999680,-765057170
9,10,4,6,10407,-1919195920,1683759682,-1884404283,-1803591262,232811532,-2008018305
10,10,4,6,10407,-1925819803,-169569306,-746820663,115134109,-1685897657,1028409834
1,1,5,6,10407,-1098719301,1674775189,-605202347,989094332,-974872564,1057717489
2,1,5,6,10407,-1316829048,-1475462722,-492765048,-404590039,1976431640,-504281030
3,1,5,6,10407,1244783890,-847075128,750689075,-609784700,1967991021,-954423573
4,1,5,6,10407,1756056328,-1463855256,1800581030,1548305954,1311277692,406665031
5,1,5,6,10407,-574963089,1256166728,-1177681080,-1655303076,1898745626,771105507
6,1,5,6,10407,505282216,1842909974,-921274988,249923542,2108805860,427847406
7,1,5,6,10407,-1238345025,-544342284,-1457447764,1956995378,815692590,1183038329
8,1,5,6,10407,-1350448588,-669128188,-1724152167,1435076567,564403701,692165298
9,1,5,6,10407,842625552,-1848880874,1295394984,267329279,135423953,616571255
10,1,5,6,10407,-1385096845,-603839858,1429034892,635923424,53073455,-505802736
1,2,5,6,10407,-1609681222,2113235642,-854890381,-301097531,800611609,-199412114
2,2,5,6,10407,-624295963,-1168972234,2005953351,-792506804,566766425,106484505
3,2,5,6,10407,510982840,-1217212490,107162605,-268347771,-1296690812,-1500908747
4,2,5,6,10407,-1416022186,1566787261,2038027000,-764380096,-1150805215,-81863161
5,2,5,6,10407,-433340068,713025023,238652384,-1594217098,563957448,-2141577783
6,2,5,6,10407,1874914271,1353857835,2088669849,-617242480,-1462815373,-1000826298
7,2,5,6,10407,-990799645,-687740587,-247883578,1090889416,1338668853,517950693
8,2,5,6,10407,1785162141,-128633735,1321662946,-194271926,815344297,1592287089
9,2,5,6,10407,166112808,775313477,701320903,-2098636914,407342096,1482008484
10,2,5,6,10407,-1968253636,1729841500,345713860,-945184381,47728806,-987365115
1,3,5,6,10407,264635984,-967977706,-8526359,546664419,-131284364,-813328740
2,3,5,6,10407,-557334845,1515864440,-9588541,155476602,-1273076741,777630581
3,3,5,6,10407,-1209812708,507983127,-1746243675,475439549,2018567788,1970722013
4,3,5,6,10407,-680780990,-1199516385,-2110184262,-268737352,139878146,-577919416
5,3,5,6,10407,1702217138,-880017246,407201738,-314018518,1397284439,1977264344
6,3,5,6,10407,-1439683017,1159076597,-326899626,-1198050575,1511561608,-419001943
7,3,5,6,10407,-2041807091,1618204423,849356869,-1036402276,-1330219209,-1556892006
8,3,5,6,10407,1683128231,-1318684092,71622825,-511823800,1830889447,-1958357012
9,3,5,6,10407,109033405,1969114235,958129585,2105700394,-569339138,-1360620688
10,3,5,6,10407,-495848598,1722728790,886018923,75714475,-2073047899,-1777777184
1,4,5,6,10407,-95918436,1391717889,555334965,1495862856,-695303206,-1531318483
2,4,5,6,10407,1002319402,-1172214604,-1127649297,364191915,978166708,1356194046
3,4,5,6,10407,1625936317,435475432,-1840638074,1030293024,524967635,256732251
4,4,5,6,10407,1804429022,1835650486,157908874,-509031275,-486944118,1957709870
5,4,5,6,10407,1348940453,483875275,1739543562,-452070647,-560179414,-908360617
6,4,5,6,10407,-991246196,-448991978,1844199528,-1473777788,-568921654,-617449970
7,4,5,6,10407,-648873187,1818171353,-315709135,-521659000,2069790971,1140306626
8,4,5,6,10407,-1828183483,207006905,1730131680,-670521459,53803198,294058031
9,4,5,6,10407,1932167677,1837082698,-56119374,117407915,13249766,-217527747
10,4,5,6,10407,-1127907890,-653502185,225934122,472418322,187324580,-54652709
1,5,5,6,10407,542659177,-2145443979,-565986462,1731939842,-1439408052,1858412731
2,5,5,6,10407,1643037292,-2037868821,-1918380590,45315424,-692172395,-1406592309
3,5,5,6,10407,-118079200,-1506200195,-457270742,694414937,1768469421,2063137014
4,5,5,6,10407,1061904150,573920861,-488217406,-1937976354,1385546644,-437265132
5,5,5,6,10407,2003072884,1706544299,476549214,653267228,1735588285,1656183092
6,5,5,6,10407,-1559837639,597851880,444884643,976476189,-606577563,365456391
7,5,5,6,10407,-1323825128,1796356965,-2007933965,-1108708583,-1031926976,658380452
8,5,5,6,10407,-131149006,1442369421,-703806722,896680875,419171887,1096696994
9,5,5,6,10407,918615680,-914548675,-185901657,-1521031623,-414086389,-1156385051
10,5,5,6,10407,-653114793,-740683971,-1925165891,-226287555,-1669673867,-719168048
1,6,5,6,10407,1226160543,2047077052,89541446,-1993517879,2058201005,107479790
2,6,5,6,10407,922774216,-366293502,-1760069297,390891380,1226831998,-1995914207
3,6,5,6,10407,1694988330,1346004760,-898517167,1056484685,137481215,-2140755048
4,6,5,6,10407,1928614987,-30664366,1385439937,1124483411,-38064097,1193815379
5,6,5,6,10407,1710111016,117235798,1393549478,1742129624,-147974368,-459702987
6,6,5,6,10407,-677644217,105131327,-1475666726,-1658940208,-731411835,1219786692
7,6,5,6,10407,1260466515,1442818979,1605079587,178564492,1264408358,-1517383031
8,6,5,6,10407,-1531676787,-1597464149,289304546,1349572213,-900171460,-1293960516
9,6,5,6,10407,-606807337,-1412506092,1164429845,1836244574,-124585084,2114352220
10,6,5,6,10407,-1857263534,-1708178671,-1510167640,-522925123,-1521267648,517733527
1,7,5,6,10407,-157958796,-752577208,149751563,285653826,-2101539386,1796494960
2,7,5,6,10407,1015287686,-887754131,183092916,1344253861,-1774823699,-1563063622
3,7,5,6,10407,788954280,851807157,1619144439,135945474,324081682,740396192
4,7,5,6,10407,968208398,-1012706230,1154611622,-2107345796,2038124611,1900471822
5,7,5,6,10407,-2055082633,845645117,-940969306,1026269696,-209589423,578524664
6,7,5,6,10407,2113359982,595148642,1036401576,1563712792,407351620,1519418963
7,7,5,6,10407,-78278202,660347045,-791898528,1891988437,1099121782,735141389
8,7,5,6,10407,820499847,989446293,-189822153,2051666102,-1171832385,1149036789
9,7,5,6,10407,-1821777158,951394116,148708945,1100068352,499028210,-1242955985
10,7,5,6,10407,1637873606,-2031342104,-241671326,983702648,-871742655,-652465628
1,8,5,6,10407,715575086,366692816,-31509712,-506351866,-1830230865,-869490391
2,8,5,6,10407,-1270905415,-163262846,-2111854478,-1468868802,906346600,2081364112
3,8,5,6,10407,-127358935,-1751164264,-1056511735,1306027677,866037227,893992082
4,8,5,6,10407,-1425625018,75336695,-20837517,1824925330,1127553606,2064949126
5,8,5,6,10407,1666553559,-140298848,1223266876,-562289844,-1918672885,-1734821626
6,8,5,6,10407,2124491560,574701696,16310704,602847077,-302019241,1420067776
7,8,5,6,10407,469400387,1264313814,-1390653409,1030641417,474128212,-834102778
8,8,5,6,10407,-1411661316,-1151044847,-1393520323,-1254716078,-1663702340,-706242548
9,8,5,6,10407,-1559374318,-2075071435,-987961434,1175974845,1087977161,-1817126180
10,8,5,6,10407,362528172,-1867149730,-1539780249,1444162406,1862522227,1807295029
1,9,5,6,10407,1732526530,-737830861,2035824360,1458232488,-369533317,-280086386
2,9,5,6,10407,1631171629,-2139180625,-1431143648,989726643,-115090235,428486243
3,9,5,6,10407,-674275114,-1551977159,-2144114249,61952956,1161034609,-402848113
4,9,5,6,10407,-1289879145,-230302902,-1269686217,-312900424,-1498803191,-1852119153
5,9,5,6,10407,1211962349,-1045768577,-1850689996,925026644,1916459176,-330526271
6,9,5,6,10407,-40202105,-1543986338,-878992743,-490217948,1865671408,-1973141894
7,9,5,6,10407,1551747560,1798346532,-1775339764,-1097126361,-1622229318,97004860
8,9,5,6,10407,1191961411,887634696,-1171120587,-24444429,252024433,998393335
9,9,5,6,10407,-1125635554,-1366852725,-1073592870,1620198172,-358281134,1142225130
10,9,5,6,10407,-1320702999,1407352744,131909717,-1698065367,-221296151,461337097
1,10,5,6,10407,308534432,41186571,1918484466,1284559245,934145752,1761656080
2,10,5,6,10407,1963281827,-1184716333,2097702280,1196248897,-1732389970,445909433
3,10,5,6,10407,1568779531,-778739444,68869777,327751105,-1326799107,733373010
4,10,5,6,10407,1011329601,323979252,641096375,250390415,-1575610368,-1729442861
5,10,5,6,10407,1528622159,406552266,-953138338,-683020302,-392688813,-599852576
6,10,5,6,10407,-1012146439,218386140,349315125,1089991547,1777665754,1461170016
7,10,5,6,10407,-1557872635,819567782,305853520,-10295799,-926081495,951297157
8,10,5,6,10407,1895860379,-945534706,1919189783,745889192,-488273877,-847655473
9,10,5,6,10407,942088095,966553663,-1770767419,-530684698,-1405624889,1213850221
10,10,5,6,10407,-1680341974,1632057415,191271689,-140841439,1496911247,-721812307
1,1,0,7,10407,-527796567,-1352370721,-88235996,-306566149,527161290,-2116757392
2,1,0,7,10407,-94832124,-1746395790,1106046139,-566307606,1744330028,148641634
3,1,0,7,10407,-864843247,-1770579933,-38543365,1304889722,-1536287378,-294620032
4,1,0,7,10407,-1576032000,1868815308,-629409886,1042547003,-377513710,-1106586564
5,1,0,7,10407,-1139626631,-1732450185,1000014401,743286107,-1655787541,660468106
6,1,0,7,10407,-1094035396,-775152668,-1444944765,-1944835044,-978247122,-470882502
7,1,0,7,10407,-17167493,571577703,627522708,-277780879,1877562032,156436179
8,1,0,7,10407,-1791807004,2003706880,2107108059,-586910429,1794221185,1428492463
9,1,0,7,10407,-2126234536,1394187152,963635908,-665922057,-486315246,-222637895
10,1,0,7,10407,799002029,1362449673,-1067283552,-1074637928,1748178969,441074423
1,2,0,7,10407,-1913098050,1107227219,930396386,-1188511062,-139180645,-470387539
2,2,0,7,10407,221753218,-484034671,1071814349,1569984153,1374180235,997556886
3,2,0,7,10407,-806160905,-2072362166,-550079618,-1377086356,-1803508353,2057855264
4,2,0,7,10407,-2104047031,-836972406,-1198566406,718391277,-805941014,-293574704
5,2,0,7,10407,-1787173250,1223535801,288416251,-1581653260,155250540,-595533234
6,2,0,7,10407,-1107256909,-1417654953,856970867,131574034,190379660,321875534
7,2,0,7,10407,-656312779,1660392311,134584563,-655336172,-1139158172,-531400411
8,2,0,7,10407,-1202973511,-2022022047,-1247712232,1499752351,-1373409781,-267403182
9,2,0,7,10407,1251705627,1206905978,-295758186,-444336432,602903852,960345353
10,2,0,7,10407,-1911947705,896478135,-1463614740,447655677,-1860338649,869359917
1,3,0,7,10407,-1142929591,-1693230671,1213056237,-719420966,1751002307,1161488920
2,3,0,7,10407,1704571072,-1840258716,1153732862,1759011405,-301282355,-411595463
3,3,0,7,10407,1572397480,708221551,-1330845422,-252861414,-1870746684,1405626229
4,3,0,7,10407,-1896752070,2030986665,-433434826,377938594,103619690,-1926629171
5,3,0,7,10407,2132888351,-1802633444,1278662556,-536534684,154336231,-289040598
6,3,0,7,10407,518735047,-621797335,3902282,-1200025036,-190773418,-215409686
7,3,0,7,10407,1368491413,973744046,1976777473,-219454551,-1117223871,1036744600
8,3,0,7,10407,673471084,1335971684,1877289117,-237464139,1355256481,-1717194742
9,3,0,7,10407,147085486,1876381311,602687873,-1594494384,-962231420,-2143829441
10,3,0,7,10407,620028097,-1805928341,721998005,1086743615,-196999223,-1557594072
1,4,0,7,10407,-1604436184,-91059712,402711795,1879941868,535454758,1308289520
2,4,0,7,10407,-467621822,500331569,953999997,190882167,1291180437,1697841417
3,4,0,7,10407,-1794942256,1468708243,1769302469,900221577,1553899845,-1312199663
4,4,0,7,10407,-1953880268,-767374449,-1373054736,237895924,-1903851366,-1822513994
5,4,0,7,10407,-2033877214,619139831,-1849249462,1371035245,951245075,-730748258
6,4,0,7,10407,536527481,330364409,2093830908,-323001700,410777992,998422325
7,4,0,7,10407,710751518,-1101269660,1659069996,-979564149,776335572,-1388887019
8,4,0,7,10407,-1319280034,1729517499,-884007587,1405133117,2038393399,385964217
9,4,0,7,10407,-609408344,-2078387466,-491602592,-291884125,-814643699,-1821862576
10,4,0,7,10407,-1874618176,600400648,-1505401012,22736170,-1989681950,737862177
1,5,0,7,10407,525642845,-169673485,-210766070,-492970702,-437658821,-1567211544
2,5,0,7,10407,743720528,-703991916,1910476656,2007866088,1682726407,-1293417307
3,5,0,7,10407,762598480,-2000660966,1143385883,256545062,1445343205,-1934977690
4,5,0,7,10407,1007402403,-1351261031,-2091381486,-357825508,-1276827845,-2060027775
5,5,0,7,10407,1349843624,-634548070,-208604608,-1098153005,118367261,-1349292736
6,5,0,7,10407,-912430118,-85337401,1500120635,1530546132,308941246,-691845907
7,5,0,7,10407,-1001329573,-1220477883,-1658562558,954275198,-1179123232,-1718804336
8,5,0,7,10407,152936986,759281020,709601116,2037942362,1323556981,-1759402275
9,5,0,7,10407,591269447,-1758227192,96086495,-868021208,-1545611358,-794290312
10,5,0,7,10407,630132432,888505421,539551778,1177552036,587616793,1043509938
1,6,0,7,10407,1079828674,-1398919778,424677250,1218748347,-161302916,-1326934660
2,6,0,7,10407,-1728273959,436529735,1912839306,492365120,-882684230,1810430939
3,6,0,7,10407,713608684,-1694938467,279135756,2052368009,-692386900,-391047188
4,6,0,7,10407,-1478230636,542753387,-653279512,2036312082,1682103865,904569649
5,6,0,7,10407,1166937099,-1580682657,376993931,-2010815529,-1739863660,186069772
6,6,0,7,10407,-1101432527,-1685316634,915508771,-1158121896,-1494577387,-1685627556
7,6,0,7,10407,1063327149,-589519810,-1303914737,1969197737,2011777657,1531299327
8,6,0,7,10407,-579794929,-1603586543,-1773020096,1905935459,2070775865,1509101633
9,6,0,7,10407,-1126645075,-93772316,-223557664,-1972802155,1692227349,-1399921685
10,6,0,7,10407,-443271129,143680837,-2062427823,301840314,1715024342,-1442594269
1,7,0,7,10407,-1134355162,475011487,-1073334418,1870963701,600079205,-1054002458
2,7,0,7,10407,1103642483,150659532,301874006,1091685032,-898923073,1321931579
3,7,0,7,10407,-1742412766,-1060089278,238196868,-1210876871,1581449475,-1118133796
4,7,0,7,10407,-1894142649,900308500,-1787973507,2092279995,2132972611,2002971724
5,7,0,7,10407,1357835540,-1255887107,1443932221,-612537581,-2006602365,2123594844
6,7,0,7,10407,1532306688,-41306653,-964265408,-1036100996,-1349972725,-1744751531
7,7,0,7,10407,23294314,-574105243,-1926835863,578441730,418697510,406318817
8,7,0,7,10407,1347372347,2078631713,-964933696,-1783023158,945306032,-1800581728
9,7,0,7,10407,-120625959,-2051110053,1340774442,-1775295970,2043936642,-979375575
10,7,0,7,10407,612041422,-720781974,789183215,-1038164287,1178890303,2018966488
1,8,0,7,10407,-1159550183,-1954911891,-1758835662,-2030880150,-1642976571,575122536
2,8,0,7,10407,-823535762,-147973907,519262083,1040540122,-1260442627,919468690
3,8,0,7,10407,-1943894474,738377065,-1035221968,-2100431712,1777405784,-524214670
4,8,0,7,10407,847326381,-408639942,1647637954,209721185,-709971655,1047516951
5,8,0,7,10407,-1302983522,1865960831,-221516309,-1948578598,-1350595468,-417872232
6,8,0,7,10407,859018992,-2074595736,-1806800935,1507565976,-1726392587,-1868167909
7,8,0,7,10407,220682216,-1837929102,686714921,1922568073,1964355026,964339261
8,8,0,7,10407,1265028818,-298747188,-617513220,-1388996068,-2020235507,-1055452774
9,8,0,7,10407,-1040133213,-1823919494,-1880430676,1932557987,-1948914175,1776146864
10,8,0,7,10407,1955028938,-1741924725,-588720684,1797259842,1091667615,2126202203
1,9,0,7,10407,-292253434,288894935,-1130290825,-1109157025,-1480870949,1041845163
2,9,0,7,10407,1411771143,941599461,-1022578423,-1588683763,1228498629,-658806350
3,9,0,7,10407,948267963,-1175799851,994248877,203464830,1340721243,-143378986
4,9,0,7,10407,-1585407369,-1523356582,1000992791,66884207,-867331984,-1654736603
5,9,0,7,10407,485681735,-453169036,-1659031403,-1983180814,-1155883037,841269683
6,9,0,7,10407,725274941,2095977707,1308211201,1110720627,-1031219997,770345216
7,9,0,7,10407,1004514254,1594281397,-970887557,1878083311,-1142711920,1551981897
8,9,0,7,10407,1706692299,-2050719,1171588672,-1542848884,-1702853756,-1182169135
9,9,0,7,10407,1484714566,348542103,577909456,-1827668050,463232264,-882617072
10,9,0,7,10407,-2117121073,-1856776263,-700272843,2097454302,-2090033882,446957285
1,10,0,7,10407,-1768766444,-414216926,741553362,260993803,1885028139,-697579281
2,10,0,7,10407,2081615135,-58333927,461060432,1785117128,-6585600,-669974154
3,10,0,7,10407,1758586986,2039096247,-461123406,-1948368993,-1126047665,-1943790475
4,10,0,7,10407,2099636122,-1995265685,-421335350,-896227366,137908222,-1113605603
5,10,0,7,10407,472957691,36768636,-2103662530,371135456,1012296249,1918026452
6,10,0,7,10407,891988252,1577249334,-1269693991,1272936353,889008470,-1648673933
7,10,0,7,10407,436889254,167979815,1308797120,2077586255,-518198894,56825008
8,10,0,7,10407,-1753321780,-825078437,-796487484,-2133377146,1335276862,-1808682407
9,10,0,7,10407,-1714132996,1852112481,1960237374,-1168914898,-1558770911,-890298241
10,10,0,7,10407,-1615119766,830319801,-1511531149,-549985669,-917132220,247561148
1,1,1,7,10407,1787442380,1701729889,696212359,-1840323682,-1817252638,-1253615590
2,1,1,7,10407,-452016800,-1718850601,1457491448,1365790771,569480771,403245904
3,1,1,7,10407,-1446802206,-187110037,475133162,1268292190,1548384535,-1599968778
4,1,1,7,10407,408851862,-591095405,1837400184,1441551639,-1399934186,1272937259
5,1,1,7,10407,-1785098063,-1794795038,-2115464864,1817673514,1404312048,1643637654
6,1,1,7,10407,-2080217978,-294315141,-398918389,1360070123,-478267434,2003957866
7,1,1,7,10407,1834009371,-1376051236,-324063143,1221838196,362350803,-1949280222
8,1,1,7,10407,-1121347966,-205102459,893331902,30404952,977386153,2071463925
9,1,1,7,10407,-1600817168,-1069099767,-792896139,944219197,-2092309932,-1535892171
10,1,1,7,10407,1633811970,-151529076,1439672563,1123362117,536577565,1184553189
1,2,1,7,10407,-191384018,-1003140733,-2138721004,990836199,-1184869797,-1091990690
2,2,1,7,10407,-534264560,-344717322,82700245,-656936374,-1440579545,277984567
3,2,1,7,10407,1743970558,1005233224,-867698741,224427380,575911967,1548185918
4,2,1,7,10407,-672254578,270440179,-1668130694,523275571,1703823634,-1904304925
5,2,1,7,10407,1534672390,-1790779777,-742388856,-77781277,-2064695916,542705597
6,2,1,7,10407,-125052634,-464579388,-287369882,-1480208028,359654399,-178036659
7,2,1,7,10407,410983223,-1526127441,1977934550,2011907908,40973207,1187945262
8,2,1,7,10407,-955600525,594922777,2066766827,1943297943,483350329,935208857
9,2,1,7,10407,1149248277,2034480489,-1080949963,915728244,-1975440725,-617840480
10,2,1,7,10407,-724586346,-592443911,-411435681,-1620436982,-604879681,-923462425
1,3,1,7,10407,41590158,-648570584,-1806015737,-1949217046,-1334276082,1239875606
2,3,1,7,10407,-2069004434,-814376982,559042488,-1296298423,680177852,1831658160
3,3,1,7,10407,-1643142459,1296843158,1725215845,1403018245,-525474901,-1092239383
4,3,1,7,10407,482864388,966383193,708844294,1062804857,-629399060,-236509809
5,3,1,7,10407,-690658070,-919687695,1773656569,-108037450,1084735508,2024692898
6,3,1,7,10407,-773905703,444419048,163635876,1425556282,1828638306,730278770
7,3,1,7,10407,-20196101,-31120546,-446842263,-1713264790,-1464786774,1671082082
8,3,1,7,10407,-1447445426,-1987131951,-38478665,-1372292785,-2111013290,-1620510590
9,3,1,7,10407,-17979268,-782981118,471279670,-585115803,-630172048,1543456286
10,3,1,7,10407,-1314724584,89906165,-787051126,-937071538,506805625,-1698929413
1,4,1,7,10407,716070780,-107895788,-1203778275,912413415,1485392467,-50906626
2,4,1,7,10407,-1836945619,-1720391356,772691389,-545614148,-887698435,-1508256870
3,4,1,7,10407,685067179,475139561,89142077,-60823256,1876862005,-156334352
4,4,1,7,10407,-318020943,-479879355,887597308,-1273128180,-319787159,637334929
5,4,1,7,10407,-48860842,774334379,-414311786,-1211666220,-816325473,46041384
6,4,1,7,10407,546372238,-1201729465,213774831,-985845788,-2059635734,1125584669
7,4,1,7,10407,1765227422,1145089657,66899275,-107046529,-305829287,-212923126
8,4,1,7,10407,1856115533,488018773,1748357325,269810967,2110845318,-1823976687
9,4,1,7,10407,1665347279,-924131318,-106419002,-784559660,339002220,-1187240597
10,4,1,7,10407,-1752263988,-1867572474,-528910916,922846549,1287154932,-748068347
1,5,1,7,10407,447445455,1651220394,-1491421102,1367456105,1104621437,1717404370
2,5,1,7,10407,-1270756528,647574155,552406163,1827345984,920172136,-1605618884
3,5,1,7,10407,-515783255,1945755401,-1339359689,-840731596,1843576360,1225992221
4,5,1,7,10407,780343946,1123982693,-2026088925,483453559,-2118518004,1665752746
5,5,1,7,10407,-1422454771,-1877644289,1181053744,2094245394,-1421051993,-46112733
6,5,1,7,10407,1589651301,975397825,336437933,1860064552,-2042284055,-158438555
7,5,1,7,10407,1075863747,-24478933,-1291233316,911545744,774213830,-1105389897
8,5,1,7,10407,-1167290981,-178453142,1906487765,-1540220230,1446503542,1015102320
9,5,1,7,10407,-419176986,1554007046,1150588859,-235812116,-2077282417,1460069533
10,5,1,7,10407,-1795142072,1349516215,-658244554,1475847079,1090200716,120448503
1,6,1,7,10407,2003879381,-173686937,-1568393621,1520485399,-1647177419,985982481
2,6,1,7,10407,-1236270913,2067590092,-701310580,-430100310,-1112812895,-1212408888
3,6,1,7,10407,-1988279599,-1535512040,-230131305,-854041332,-1676931135,-781443644
4,6,1,7,10407,1490616693,1514008543,-720060061,1171000520,-313985833,553197905
5,6,1,7,10407,-228985564,-498568744,1035500983,-83743942,-1381298374,-701015921
6,6,1,7,10407,-644954374,-1116466770,2095036621,-2137484404,-1651566947,-815467288
7,6,1,7,10407,660019824,-398188449,-2046799186,-1254927787,-440148504,834232559
8,6,1,7,10407,616220220,1984301389,1853331502,488749849,1481056573,2000708285
9,6,1,7,10407,99957858,2111570483,-505565982,-1753805430,2076628422,-1468440332
10,6,1,7,10407,228274054,-782728142,-599185989,758754592,1572387889,-1221515997
1,7,1,7,10407,-1084317964,-1796374905,1228234353,1078790838,1094016573,719166160
2,7,1,7,10407,165818316,-1848458717,-1200890451,-1803706766,-1258117389,1134197243
3,7,1,7,10407,-1781718420,-834659423,1274454404,-898989820,1082262237,-1394411055
4,7,1,7,10407,-1666146918,-1899678070,1577331560,-1195665638,1960725535,-2037382523
5,7,1,7,10407,626596728,477465938,-590972421,622512075,-1677872790,-1658752250
6,7,1,7,10407,868348829,1019076070,-1031968825,131828885,-1008970603,-1212676760
7,7,1,7,10407,-621079826,556627607,1710724542,-538843869,1359925751,-895753783
8,7,1,7,10407,505676355,-277247068,1964626349,323134092,1259220417,382491958
9,7,1,7,10407,213333820,1748235414,-1096936517,688711417,-1054992744,1901929453
10,7,1,7,10407,-792668371,923276723,1487604540,11522916,-673822675,1665592732
1,8,1,7,10407,1215568596,-1932697853,639684645,374767373,-1725520900,1283167373
2,8,1,7,10407,-1711391919,-781887613,173330037,-1263043068,1981526674,-932183383
3,8,1,7,10407,1594198852,-1920318536,368064503,-446365149,654277813,-260584219
4,8,1,7,10407,-1585580962,1192558981,1662051584,-337747555,1106527325,-258163218
5,8,1,7,10407,-595476933,1734459184,316105780,-539682901,-594948994,-716307514
6,8,1,7,10407,1498246323,-1403973388,-671773179,25043558,-1130137194,-862011714
7,8,1,7,10407,1395127685,-1377318866,1288795848,1149392871,1088255067,1477681406
8,8,1,7,10407,-252296907,1340536624,-448799963,-1726026695,-2054202757,1210533042
9,8,1,7,10407,1551451073,635093,-1684487739,494137552,-1757764274,-40788398
10,8,1,7,10407,646524499,543499100,-1851462976,1030729408,-1219475631,-1729355766
1,9,1,7,10407,1097909094,488150771,-1073513821,-990213668,-418793850,-1787485098
2,9,1,7,10407,682743025,-1838783752,-1517181941,1453941834,603448569,-964337131
3,9,1,7,10407,1558346744,-1916851726,1793935989,-1179237742,-1745165161,-989196316
4,9,1,7,10407,-1144730449,1566764856,354018030,-530370142,1471491812,972139738
5,9,1,7,10407,1360203879,-1129765129,998962165,713891264,1709719100,1359399027
6,9,1,7,10407,917399355,1321759860,-318772347,2107318527,1121970620,610495921
7,9,1,7,10407,-704601555,467259753,371309507,-1438085076,-418577068,-999861279
8,9,1,7,10407,1968176589,-454519414,-2008246645,840977618,1588671539,2090663439
9,9,1,7,10407,383699184,1544472386,-981462270,-222294362,-2053003912,-2100139177
10,9,1,7,10407,1107930012,-653293822,469261791,1602240181,163237799,1543752319
1,10,1,7,10407,68810317,-551251663,-576187546,949124001,537715477,424738320
2,10,1,7,10407,-1153777153,1192518948,-1481506946,628286005,-241517583,425916474
3,10,1,7,10407,-1421022231,564928783,1991554767,1095315423,976697047,-380030563
4,10,1,7,10407,1086498961,-703593217,673236693,-1539258026,-742662549,-602132545
5,10,1,7,10407,868035488,-677185990,-1252512456,1527192720,1647622458,1910977947
6,10,1,7,10407,148658103,-1182523621,1646919892,601189521,1285670716,-2045117588
7,10,1,7,10407,-1637023635,-1403338121,563966137,923055861,351111787,-348061721
8,10,1,7,10407,-271587334,1369043760,-288347495,1549666371,1360454307,-159929252
9,10,1,7,10407,-1714157215,-483270712,-790245699,-1541820996,394727032,33340295
10,10,1,7,10407,1972357696,-294798044,-710529459,-141973297,-1128678339,-653889112
1,1,2,7,10407,965331310,370377300,-902569394,265311858,1193422391,-1143009402
2,1,2,7,10407,-1089852181,1171787359,200142009,-1116852843,107043903,-546408583
3,1,2,7,10407,1944839348,1841582789,359750902,1176600904,207888581,-1620483851
4,1,2,7,10407,-1341845341,-326725784,-1586158109,596185755,-970629511,68162779
5,1,2,7,10407,1057780183,-1480099104,-310759140,1398831812,174488093,-1951098980
6,1,2,7,10407,-1650455039,-2100155497,-2054649377,-1268512230,2063075173,1744259589
7,1,2,7,10407,-971058497,1649830283,-2124453745,-1080825269,1854063324,-1367493250
8,1,2,7,10407,829537966,250817104,1062828594,1500833789,-740508491,1113048740
9,1,2,7,10407,1775928497,1257853849,-145254018,-1913298015,1241783682,1790872294
10,1,2,7,10407,-963104033,1644421895,2110145863,1493634158,-1391203741,-2135923750
1,2,2,7,10407,-729958276,776067920,5580087,-2360378,-777654168,678213770
2,2,2,7,10407,-1302925559,-645090642,-1316257022,1385904968,233273309,-1064093120
3,2,2,7,10407,-1760233497,2001185753,355377235,1924875530,1849799522,702333489
4,2,2,7,10407,2084521653,-1741072114,1223822611,791006302,122618863,-1331994290
5,2,2,7,10407,-610034155,-1577539593,1690000376,1508894234,-881514170,-1410093642
6,2,2,7,10407,-299970641,1038751426,2072052413,697252393,-765974871,1459793285
7,2,2,7,10407,-2112647814,-625459909,-1771268317,1114815191,1623442003,-1068296493
8,2,2,7,10407,1432317090,2012023815,-357174728,1647477542,-199531090,1147568340
9,2,2,7,10407,-1845917915,1870054038,1841906192,1221200018,-1737916765,-1811782915
10,2,2,7,10407,1589811194,1731979522,631432757,1750830238,326970359,120531116
1,3,2,7,10407,1517426401,-910486970,1005770607,-1783321545,-1394577025,122523402
2,3,2,7,10407,204193702,302227632,-2064681336,-2014399047,-1991505998,27122265
3,3,2,7,10407,1310506580,617001459,1243048396,-160730263,-834927279,-1098883745
4,3,2,7,10407,-301659104,1715729649,835077098,1283334778,41442791,-987844001
5,3,2,7,10407,-1576320274,-2028699949,1399802533,166973627,122516434,16681770
6,3,2,7,10407,-1194974503,369681767,-649879597,-387226139,1625833277,750400672
7,3,2,7,10407,-839015020,-1626670035,-502365024,1686495782,2107629193,1638853530
8,3,2,7,10407,-1319887053,223925469,-954710732,587728395,1704343262,650305164
9,3,2,7,10407,-1990346766,-1242285377,-1499793562,328782303,1229645070,-1036571623
10,3,2,7,10407,198454245,-1753461329,855148289,1446233235,917086816,1487588614
1,4,2,7,10407,-977350315,707121879,1591754898,2082079313,1609522943,-1025021640
2,4,2,7,10407,1150814141,-1091008419,142046206,675028280,-1392884222,-1516428027
3,4,2,7,10407,81786734,1636802258,-1813116579,-600688760,-1071964421,1404781179
4,4,2,7,10407,-2025073166,951826577,808793330,1058096520,159800184,2040859714
5,4,2,7,10407,645364638,-223951728,287150917,-1090554726,751755894,236256297
6,4,2,7,10407,-1478514653,289011019,-1211316173,1028385733,-2027964077,1523360426
7,4,2,7,10407,1397721622,1718788398,656130405,2029430286,-1291014521,1105120111
8,4,2,7,10407,-1427039423,-520781235,2125734965,248453737,-949824134,1353777757
9,4,2,7,10407,1267813157,-62574744,102288165,1929256293,2037517667,774678330
10,4,2,7,10407,-1557909398,-1633145695,-628271705,1568621477,1889873960,-839629165
1,5,2,7,10407,2034838367,116039359,-1483312415,358848067,-323485946,-228434142
2,5,2,7,10407,-1469762275,-1681419548,-138156000,511412984,-765074728,1966408138
3,5,2,7,10407,-731394055,-1016365682,834227470,-985983044,1726323897,1859220454
4,5,2,7,10407,1923538491,16712509,-1357332342,-698535554,-756809364,-1590713972
5,5,2,7,10407,1459203925,-1940660869,1665838567,249858919,-147318578,-2082871926
6,5,2,7,10407,-1612933488,322437826,-704181608,1329459670,-1171094263,824544477
7,5,2,7,10407,1265324236,353615546,-174852817,-659293392,879465398,263345808
8,5,2,7,10407,379925523,-914979933,-1156323665,-210999075,563401438,217222826
9,5,2,7,10407,566369878,1418436537,-1261022453,2146872452,730681422,-1713982546
10,5,2,7,10407,-834832774,1375575621,-1552502371,-775512155,-855198276,-443629620
1,6,2,7,10407,-1359196799,973832052,880732747,-1676118692,917157787,1923112002
2,6,2,7,10407,-331119760,-1092572878,606489472,12272830,-456728229,584584865
3,6,2,7,10407,795084350,-2118266741,154229511,-208815601,137012148,-1274344428
4,6,2,7,10407,1121819907,-749432270,1864462990,575353914,834968758,-745112181
5,6,2,7,10407,1409015226,267202047,1838654790,1149124016,-785536610,609665186
6,6,2,7,10407,1694076740,236341449,1390342484,-1085485233,-560343915,-1751552770
7,6,2,7,10407,1415048364,-1679765885,1599043966,-443154620,590062269,942005593
8,6,2,7,10407,-1074734786,667793948,534409050,887440768,-1183869261,1407800974
9,6,2,7,10407,1198045313,-733857891,1129210199,2128971451,-632307835,1038392356
10,6,2,7,10407,720229636,-546882596,-835606479,508708759,-123046438,1669323641
1,7,2,7,10407,-1984210092,-1113159975,-720600221,682907441,-814160971,-828354217
2,7,2,7,10407,1381303631,-1752053906,1830604463,956785772,-1815373760,-796204673
3,7,2,7,10407,-329961378,62030440,2024637818,-316817234,-732705095,1580065914
4,7,2,7,10407,693640927,129841538,1560459243,-180835695,1017030819,-1587149156
5,7,2,7,10407,-1366043474,1280947097,486349696,-998129219,-2088971714,2130236772
6,7,2,7,10407,1373915285,430015199,-172256759,2008359596,-256498215,962538473
7,7,2,7,10407,64704382,-459345217,1133989830,-1276185871,-55325442,-798552680
8,7,2,7,10407,2043952550,1145632203,-24517279,-367762401,-690357010,541015956
9,7,2,7,10407,2070070411,-1672589983,-129469682,-1318978416,755242711,-343344642
10,7,2,7,10407,-911949699,-1732491180,-839458381,-628456259,-398366450,962050062
1,8,2,7,10407,-160025229,982638185,1628032117,-1346499914,-478809286,860024047
2,8,2,7,10407,1768693229,-2057845123,-1059492794,1678811521,-1545373322,-90315688
3,8,2,7,10407,-1815001059,-1745239834,-232080926,-2010021947,1508721726,2025397462
4,8,2,7,10407,1662202370,1723309376,1796401638,-321249735,1988329845,-1610045334
5,8,2,7,10407,-1838127046,1564378496,608810062,-976907399,-1941342187,508227071
6,8,2,7,10407,2074423453,1610869212,771719715,-2069705457,-1012169100,-631238077
7,8,2,7,10407,1279581314,643514480,323240906,-1076352850,2089942090,-271617509
8,8,2,7,10407,421819887,-420598651,-42072872,-242469359,445463736,1430052736
9,8,2,7,10407,1725421797,-1436538916,1426795156,1653311331,395102857,-27511359
10,8,2,7,10407,555905214,-13389993,-160231454,-1372768165,173742122,-795608397
1,9,2,7,10407,37128727,-423760288,1298028485,-2132075750,1052428833,-2054588989
2,9,2,7,10407,307503232,1377658222,-1890774872,-1276566212,-1707692489,844756011
3,9,2,7,10407,-1865679699,-1657657975,1316146068,-737794412,1752778564,-150263492
4,9,2,7,10407,227506203,1625696277,-2089399969,-1015124759,730557691,-670064361
5,9,2,7,10407,-1947908466,-1284717643,1451165453,-853533007,-2089066716,-622597773
6,9,2,7,10407,1675588797,1609635075,-442635392,2051905385,-413401802,-1896475242
7,9,2,7,10407,1110154573,138813845,465100618,-1548522168,-696561266,2058652985
8,9,2,7,10407,-178713858,2067245470,359548718,163980362,-200172750,277432048
9,9,2,7,10407,1001614589,817060008,-1233713147,1549795153,1104474511,377494816
10,9,2,7,10407,-1380802056,694340203,1168877737,783035828,1693894567,-129412599
1,10,2,7,10407,-1850542863,-1859158507,-257646196,-538097519,1823305228,-1030144684
2,10,2,7,10407,-1062995595,885778549,-557703539,-510662074,1376771466,1143141418
3,10,2,7,10407,603313739,-1432405993,-494077087,-1050724722,-1927706746,1060101514
4,10,2,7,10407,-1835031445,-897379133,2090021471,-1687974246,1635729285,-120868784
5,10,2,7,10407,-1178088219,348426157,1508219861,-962248657,904945199,747551615
6,10,2,7,10407,831280494,1411806933,-407922425,316521241,737284575,1726135068
7,10,2,7,10407,-1116115184,-1577689212,479178624,1313133618,-83406978,-587790241
8,10,2,7,10407,-1893878593,732671956,356264883,-2132030043,-544135214,1295582982
9,10,2,7,10407,-1949581347,-1458418690,-139955417,1458516434,1965242436,29381886
10,10,2,7,10407,-466612398,2035136671,-943727907,710616552,-1895193247,2038323482
1,1,3,7,10407,-1196026189,1615593212,580728382,1097290645,-1709418984,-972909564
2,1,3,7,10407,203196725,474914174,-2041708759,431839926,-708645571,123626429
3,1,3,7,10407,-1252953938,1531883942,-1018110572,1770778492,-915361725,-1226012894
4,1,3,7,10407,-1026582936,-1074326636,-299340804,-1003957550,1260312755,-147258747
5,1,3,7,10407,941001295,645568327,874249977,-1913713545,1176662419,-47192473
6,1,3,7,10407,-453128865,294628573,846579330,-341724011,333927203,1644097202
7,1,3,7,10407,-2127969776,1129730567,-1048202415,75707523,-1579928673,-1418427802
8,1,3,7,10407,209152629,-2023843052,-636543503,1212202000,470688965,-1905037418
9,1,3,7,10407,484166127,1122541249,-192930367,-472124701,-827965023,1016203987
10,1,3,7,10407,1635314391,-215311939,-775808752,502001369,500487801,-1294176010
1,2,3,7,10407,-786912116,2115694866,-1779247979,814443853,-1207243167,1209407439
2,2,3,7,10407,-178470291,1694771209,591241362,-1044354243,416404620,-1623120906
3,2,3,7,10407,484718152,-1290407600,-1655731309,-1469398660,-1062784798,-1334399689
4,2,3,7,10407,1947605715,173035211,-175084653,354951335,589441121,1038113097
5,2,3,7,10407,977925610,1067071369,-2009462653,1693816871,141989519,-1919245694
6,2,3,7,10407,1055947294,-40951967,-698911580,-1818152767,606414772,681428764
7,2,3,7,10407,32738617,-1955390077,-88078117,48601973,-674626547,714014885
8,2,3,7,10407,466993041,-968154809,1895929037,272873469,-604570052,347947929
9,2,3,7,10407,-1977360565,604672651,-151173633,-707157678,819670406,104036300
10,2,3,7,10407,2031531818,498407425,-1153589581,-117762997,67871617,1732056968
1,3,3,7,10407,-1920438368,1856382106,-1220127607,231014645,628893087,1177563136
2,3,3,7,10407,-565876191,240218578,-794132861,2135756152,321181628,325818089
3,3,3,7,10407,1204552153,2023295146,-53197369,931919730,-1634613657,-904394235
4,3,3,7,10407,-1783092101,2114470622,-316804983,1855199267,1478601922,-198087909
5,3,3,7,10407,2017564051,-995378950,1921329419,-77273790,-1987889331,605570736
6,3,3,7,10407,-1736045801,-670642232,1758148074,-353822378,2124691972,-1384525275
7,3,3,7,10407,875399126,1033072341,83974197,1845028898,2094096910,-781100096
8,3,3,7,10407,-674187836,1594027551,436274512,1611027147,410866195,637094270
9,3,3,7,10407,-1869510992,840633227,-576455530,37699722,-1248964783,-874706694
10,3,3,7,10407,-826908533,371972907,102805110,-1965062595,-469201462,-1873236716
1,4,3,7,10407,515388943,-658281304,1353322162,-908516430,-889439310,-777596116
2,4,3,7,10407,836799579,-910653557,-1110857350,-239726282,-1556904177,-1496727735
3,4,3,7,10407,-1546219236,-1935400711,-434074611,-1294550979,-1994368118,-1037596233
4,4,3,7,10407,2115197698,810562639,1656761364,550795869,-1392916033,-346294798
5,4,3,7,10407,-2096733127,-152111852,-520101265,1047672746,-1383730855,-1810199834
6,4,3,7,10407,880214753,468327720,1771177235,2060739078,1344245485,1297204328
7,4,3,7,10407,-1932829360,1995290721,1485529157,1330175486,-1853041230,-1657744351
8,4,3,7,10407,1083885829,-1671591697,-1486000087,-1704983487,2112168272,-1922033956
9,4,3,7,10407,359772107,-107609969,-1230840223,1099788512,1956189820,-1553860476
10,4,3,7,10407,1703661381,-270871657,-2091449434,1685318772,-1613995925,461262830
1,5,3,7,10407,1388642030,-613512316,-134026793,1366425055,1395955200,2026975655
2,5,3,7,10407,-1297839682,-1180183535,-788152491,575764102,1525686999,1046360325
3,5,3,7,10407,155245606,-1636351540,-1026196977,-1886428135,-1723337994,774432679
4,5,3,7,10407,-109130554,1046387664,1190280705,-26759957,1793495831,481790166
5,5,3,7,10407,97055045,-974702850,1848852099,-584456193,547868941,-1076489892
6,5,3,7,10407,1971204720,-889591953,-1470963925,1316099507,1683669586,1600139085
7,5,3,7,10407,1062651753,352502191,-845534280,1002124013,1070353086,33781551
8,5,3,7,10407,1088319143,-1629098301,-1282834135,-1889214201,-890010547,1798439919
9,5,3,7,10407,1927317995,-1792507105,-1914109374,-591773894,1486689690,-2021243111
10,5,3,7,10407,1460487377,-725390725,1726291312,1423409028,-310890932,-1250931052
1,6,3,7,10407,-1270036642,1166244922,-700882635,-1646208293,948044684,-37496887
2,6,3,7,10407,601255488,757944619,359923401,-674058435,1256288527,529902641
3,6,3,7,10407,769676366,5831774,-252568641,424902926,-273341823,-875353612
4,6,3,7,10407,-690528044,747634828,1679100896,1808523201,1120916003,1666179668
5,6,3,7,10407,1936790005,1707066567,1343570767,662447221,-1998796994,660084657
6,6,3,7,10407,801835693,-1614172432,1998401919,-998193047,-1470207164,-1511851115
7,6,3,7,10407,-279907267,-1857209529,-73089448,-715488323,-1731953335,1722041432
8,6,3,7,10407,398906783,-1036243455,-1816219353,-877708893,-283940148,1310386524
9,6,3,7,10407,990834201,-591913628,1900550151,212547980,503776448,-1207265159
10,6,3,7,10407,181082231,-1463800175,1845245846,-1184734005,-1643262115,-1663788505
1,7,3,7,10407,-860949641,-1189582429,-1209517463,-1386240296,-1845466917,-1101608016
2,7,3,7,10407,925298545,1786237970,-662088576,-608432429,1426342060,1146993422
3,7,3,7,10407,-1434190086,-1809126218,-922304894,-582511029,-1438068716,1052192543
4,7,3,7,10407,1341690836,1128176935,-648160992,51630874,-741574109,-348589132
5,7,3,7,10407,-1076404192,1772480727,1323842543,994331176,1503260835,1817323533
6,7,3,7,10407,948422711,2060250394,1169370321,858373888,-230350372,910437138
7,7,3,7,10407,991957454,1392573785,-869957460,94580458,926055234,919883154
8,7,3,7,10407,-42021788,2142493474,-1433241574,959821815,-37163978,977187455
9,7,3,7,10407,1936133824,1805123958,893892867,-95678051,-199156774,1597677790
10,7,3,7,10407,-839191805,-68498249,-31661241,1882030214,-1774069700,2107698101
1,8,3,7,10407,1418071218,566344412,-1936658238,1268585865,-1134889904,1824380152
2,8,3,7,10407,-1224156191,1292986144,1069373932,580017710,1525984716,-559316225
3,8,3,7,10407,-1612753503,-151971402,-825773,-1102919214,-1132357096,-1741710196
4,8,3,7,10407,499128276,880927833,-1624474389,-1852529434,2082764215,232224440
5,8,3,7,10407,2023432292,-554798010,1513153757,-1757656368,1174361283,-1569883010
6,8,3,7,10407,-1185135459,-889760461,-480006545,1490529332,743465700,369409329
7,8,3,7,10407,1887971724,-414148541,-1084657817,-196977680,-1062334631,-515710342
8,8,3,7,10407,62493507,-1731392546,-1947524280,1972284579,-1624550976,31044992
9,8,3,7,10407,-861075184,-95172945,-2123926845,658843367,-184998930,1698497656
10,8,3,7,10407,-696648215,-1237412368,1506356195,-608345994,-2074834703,1168232457
1,9,3,7,10407,1259439888,1289578134,411457720,-525677409,-921601632,477782015
2,9,3,7,10407,-1500575706,1431452943,830990202,-1660087038,-253592114,1029801258
3,9,3,7,10407,94153771,519171696,61266167,-442101496,-1668404370,-536933528
4,9,3,7,10407,1588189221,-1767748433,449402455,-2023417750,1101437331,1928078006
5,9,3,7,10407,422734096,-959308740,-1966179869,-416765272,-548710766,1339022826
6,9,3,7,10407,-264218226,735546004,-1217076116,1700838744,196520297,-1591855445
7,9,3,7,10407,1835712049,-1591796841,-381767409,-1289984257,417057961,159131069
8,9,3,7,10407,2091717247,840079645,1456133435,369309121,-734889728,324298495
9,9,3,7,10407,-1964120482,-418272628,406919665,-1092950245,113654503,-1820793866
10,9,3,7,10407,2049206196,620549797,1121422287,-160671672,1073720571,867087188
1,10,3,7,10407,-949624227,1368770146,-889669045,-682611705,-1993001431,1244877159
2,10,3,7,10407,1849256189,-1418272705,242410705,-1638670841,1147532730,-1567591070
3,10,3,7,10407,-730587080,1316224929,356755557,240861052,951775863,-20358898
4,10,3,7,10407,1530485977,-1760777834,-1817702307,1233443762,-1644028497,1089095471
5,10,3,7,10407,-2079388596,914414167,-1661897934,-804012446,-1383729189,57797242
6,10,3,7,10407,59729556,-192606683,-1783714954,441761640,-612152882,219065182
7,10,3,7,10407,-129473256,-1999390305,-77173974,1504914402,538116671,731222479
8,10,3,7,10407,-1645294205,-1112482004,-798756776,-743759295,-1021740927,1859626305
9,10,3,7,10407,-1172065316,-12016507,1876355687,213836251,58526967,1751793239
10,10,3,7,10407,27875202,1333359436,-1204295455,-487860825,-220114890,1595921087
1,1,4,7,10407,971217241,-1415235857,863015754,-831465946,996167432,1384657903
2,1,4,7,10407,512661537,-1751875799,-712057329,1937893449,-1938692649,1460390818
3,1,4,7,10407,1930512984,-1852013171,759785216,325993421,-2113715830,-1606353765
4,1,4,7,10407,-633828649,4827988,1831921456,-1327132324,-1593921858,-267235919
5,1,4,7,10407,1247949158,-54718276,-1720363371,1569585856,1350679478,-238586827
6,1,4,7,10407,445906806,1862782993,1425900112,1526141003,746046603,-1350028293
7,1,4,7,10407,-1252766844,1378600995,876785776,1956328832,-350864012,-1241959927
8,1,4,7,10407,2100333859,-777896240,-231497193,1536562280,794343706,-1109175393
9,1,4,7,10407,-1232537402,376030049,783838462,1874473820,-373255927,-803604417
10,1,4,7,10407,1724956093,-1833243587,1731411732,-1624175207,1170902788,-410611679
1,2,4,7,10407,1590825700,-49409362,814269989,-1848428908,-1142994335,1136372158
2,2,4,7,10407,771285888,993330122,1137469924,-1531986750,-1853506245,-1716116088
3,2,4,7,10407,665822176,-254006549,146130522,552363834,-913064337,1620576736
4,2,4,7,10407,306345525,-1882774855,1595180108,1166809,741362284,1733900971
5,2,4,7,10407,1359073544,-1954210411,-1663173094,1277828448,757311559,-1069920772
6,2,4,7,10407,-1838697992,96771259,-1952090267,459197874,840761479,2087685860
7,2,4,7,10407,-1186848129,530397400,-1805360757,1813557738,1720296219,248669699
8,2,4,7,10407,1470882027,1525865655,-151707634,-1138731693,715882796,-2040258719
9,2,4,7,10407,1276173411,-1581650050,105373750,-889588862,725002192,-704784739
10,2,4,7,10407,-35412740,1044903939,-531066914,1476771356,1794711163,-500952925
1,3,4,7,10407,795545107,-65467421,-1023822758,660807640,1054755653,411142751
2,3,4,7,10407,-516026488,297186553,-667335771,-549761492,935141779,-1430417308
3,3,4,7,10407,-558036473,-1266613524,1544054179,-826139122,1196868171,-949620181
4,3,4,7,10407,534528025,1205385350,-1849429712,-1067108630,1281842172,553829527
5,3,4,7,10407,886794848,201456318,1947124019,-1942716652,1395976333,-16034761
6,3,4,7,10407,-1143900315,-1993294512,1344955530,1726691383,1122236647,1540513907
7,3,4,7,10407,1070025557,-111538194,-419657123,-2056453141,1420183196,-1180152346
8,3,4,7,10407,-256832511,-445980264,-281582486,1855940856,-175506995,-1611661168
9,3,4,7,10407,1969993812,883601245,1205869699,-388636514,189794307,1121195195
10,3,4,7,10407,458684200,-1932222665,1230319263,-516760993,1083914620,1926634117
1,4,4,7,10407,1031758857,-126931290,-550965502,-602233032,-20595513,1522997870
2,4,4,7,10407,105085205,-839482375,198697529,1764109691,1607333064,-702461039
3,4,4,7,10407,-291071747,1487708124,-1218766091,-1035122486,230106738,1325424986
4,4,4,7,10407,-1416931688,2000889767,-1308790229,1588116263,-1393299759,233819202
5,4,4,7,10407,728716860,1400178907,-1793206413,-896920578,-973664216,-386380667
6,4,4,7,10407,-1837183502,1915065645,-274054174,988566142,422351666,-431837229
7,4,4,7,10407,1170123106,-1748371998,1547391028,321112525,-1666753715,929627182
8,4,4,7,10407,1813488005,-26124356,-517454476,-62178002,-1758941393,-1775577799
9,4,4,7,10407,1436046575,-1089016535,-1782533691,1158085080,397032953,-621870338
10,4,4,7,10407,-1663688032,256372301,-82584651,441014175,-10647514,-1122686025
1,5,4,7,10407,767538310,-1231785101,1547269087,346266224,1186530189,-1587801465
2,5,4,7,10407,891624982,115869729,354166312,2096697947,-523789845,-2102913054
3,5,4,7,10407,-96569412,-856307070,867343595,355636561,1975977139,-2098591390
4,5,4,7,10407,-1372693671,-1021740434,805749075,-262803485,-1473183804,466435967
5,5,4,7,10407,255906960,770276745,-90116745,-541410627,350474870,-1646085484
6,5,4,7,10407,-198054051,-609142200,888090972,-951986547,2053113664,-1926814533
7,5,4,7,10407,-40176750,1208947939,-1937713799,1492088866,-648313712,-123840012
8,5,4,7,10407,-813061904,882763650,-967800979,1500879263,124145038,1923987717
9,5,4,7,10407,-730267977,1862029735,-115635936,-416773650,-114031302,-889318637
10,5,4,7,10407,-1965127795,-1685934942,1302394872,754097816,167273887,486384986
1,6,4,7,10407,1885924458,1796381897,-1286664204,501451593,-1997461942,1130032784
2,6,4,7,10407,-737159396,476990116,2029769096,-1742927362,-863568460,1266069630
3,6,4,7,10407,1386854567,-1090118985,-1262885179,1670439783,2079910217,-1276448081
4,6,4,7,10407,223695922,-1614824095,214125286,-224025367,470937481,1853151425
5,6,4,7,10407,519299322,1100391337,1773516412,-300228937,490641869,-616780374
6,6,4,7,10407,577668906,-621712912,1973625121,-1635245874,723995839,-1526884839
7,6,4,7,10407,-1419125165,573470525,876257648,-990659240,335171403,1511466766
8,6,4,7,10407,1650382326,1292235648,710000394,1774157740,-1759052115,677796278
9,6,4,7,10407,-270673423,1782432194,-257004837,2128680778,-439142302,-543949588
10,6,4,7,10407,1932300699,-388232852,464525047,-2021442008,1094813068,2119023836
1,7,4,7,10407,-562068271,413530285,-560343506,-1249473328,-537643,-1818228198
2,7,4,7,10407,-2006794344,-43962052,509650349,-1124196938,855143960,-1242998955
3,7,4,7,10407,450174592,-562069930,1498418964,731732336,1355782874,-914178946
4,7,4,7,10407,-442291171,1378944513,677969752,-189667118,-177337145,498209937
5,7,4,7,10407,-2087688596,-61975595,-276973675,-1661840080,1410669389,-1903101757
6,7,4,7,10407,1877126721,476826151,-1323313755,1463639548,-540536679,-1204663183
7,7,4,7,10407,1810154715,1696937143,-1226026226,1001263160,1270416256,624395850
8,7,4,7,10407,-1073907197,-1040402631,-633867010,-921291768,2122003605,587771178
9,7,4,7,10407,566595403,-1620669433,1321939845,-1091050366,441219641,1575911293
10,7,4,7,10407,-744767830,-754331509,1809409975,1395419887,1007957010,-794271330
1,8,4,7,10407,820642450,548647453,-1308473996,1343017819,1793266450,-908191706
2,8,4,7,10407,1507860678,326191393,890067216,959705939,-1465686646,992201593
3,8,4,7,10407,1000686696,1120092621,2096648450,1593508075,-640613007,2090459199
4,8,4,7,10407,1282596363,-1025859842,1501317885,-1599377832,1868099692,2117962523
5,8,4,7,10407,-1701084318,1909965721,-1013946537,-709075027,2141269151,437066842
6,8,4,7,10407,608709429,-2092630126,-1627925574,-664888106,1083302085,481472855
7,8,4,7,10407,-806711007,-1105299380,1469139784,1338618565,-1423119984,-9376102
8,8,4,7,10407,425588760,-1940901510,-36769819,608538193,-1535393060,-583690584
9,8,4,7,10407,-1840139087,1966354944,277203452,1413992116,-1086219088,-748661717
10,8,4,7,10407,-180835469,1316705110,1750311198,2043072766,1269853869,-1743938417
1,9,4,7,10407,-382224370,-1923683967,71094323,372503084,-905260659,707595536
2,9,4,7,10407,-1600700900,-1631184680,786604406,961250351,-2009354147,779741161
3,9,4,7,10407,1771207885,-402038108,-1307451965,761418684,1238440035,63577955
4,9,4,7,10407,596873113,-706985152,1955936841,-1128789289,892577488,2116259927
5,9,4,7,10407,-1033068150,1998624730,-545669247,-1254429293,726554205,8012253
6,9,4,7,10407,-1821740000,-972473082,-1033998134,-1640252931,-2015362402,1380558029
7,9,4,7,10407,471066071,-1519673370,-451497931,1246894498,232480766,1751376099
8,9,4,7,10407,-2129887057,679701752,-1779105773,-791051048,2027623084,1446927361
9,9,4,7,10407,923381014,-1490931360,289660739,-1033024706,2064001031,1451360982
10,9,4,7,10407,-1854551203,-1467031191,-937735333,-1534674438,2042645731,-1826412560
1,10,4,7,10407,832529469,412914529,-1310164055,158484195,-1650006692,211038552
2,10,4,7,10407,1920635395,-93954527,1901137743,1580352052,-1142994369,-497198991
3,10,4,7,10407,-1513721820,1521939256,-911544986,-234480668,942348771,-270880490
4,10,4,7,10407,55026925,1294408717,-931988485,-575535464,-2146086284,-799766702
5,10,4,7,10407,-865115417,72566555,-964351357,-2050543142,979017497,248424296
6,10,4,7,10407,1981251492,1068480369,-1696338733,441177688,1527169823,-425204715
7,10,4,7,10407,889881593,651405737,2071411429,1075463074,67750411,2077299085
8,10,4,7,10407,84284675,-933654059,-483658133,-1631721019,-2088001125,-365952979
9,10,4,7,10407,98363444,-1927481060,-1191580277,-1873299373,1687987595,-623931728
10,10,4,7,10407,-1752982541,-1476432709,-1592246546,780406853,-529309982,1867776916
1,1,5,7,10407,-2124126620,1608426859,367727648,-534815410,34986905,-1396758200
2,1,5,7,10407,-411774016,-1081482282,-1803366989,-1807268735,-1697524388,753862074
3,1,5,7,10407,-1105980293,-1378110443,1329164588,-1201515370,227275930,-1722722943
4,1,5,7,10407,-588764944,531235511,-253024326,1365328344,1436959050,1913927831
5,1,5,7,10407,1652911277,1887102594,1355280081,-916649034,1560688747,2088605982
6,1,5,7,10407,-939593607,2037292697,805121696,-767650030,-1023543683,1034161615
7,1,5,7,10407,1562697787,1994847683,-807587805,1596088782,1439780284,1538396533
8,1,5,7,10407,-1240462888,1096296056,624714901,-1402754711,-1776851722,-1064712276
9,1,5,7,10407,-1413914260,621138837,-1699967608,-1241804869,1852809563,789270016
10,1,5,7,10407,833180821,-689085877,-127694889,1295273232,829492911,1117166949
1,2,5,7,10407,-1400440533,902454634,1097524614,-387221848,570309307,820174862
2,2,5,7,10407,-1531308332,1535964594,876361763,819807550,-2139555980,1345853928
3,2,5,7,10407,-1798954963,-1226053936,-1816944239,1984362817,-462856043,1138439310
4,2,5,7,10407,1046077712,-1468842675,-147685609,672210193,1583547382,1232450620
5,2,5,7,10407,-288249953,-1988644292,1120407450,-148331320,-1986289488,440754077
6,2,5,7,10407,-1190335800,1903583171,-407707711,1596025415,-1537168263,2098972178
7,2,5,7,10407,-670010249,-2036587882,-791705454,-708067340,446046512,1496686204
8,2,5,7,10407,-2143963490,-1990018951,-950918905,1525718239,1848248580,885682883
9,2,5,7,10407,1214055609,-1269504973,-1100340662,1016939367,-917329635,-1416740794
10,2,5,7,10407,2032760003,-1000833013,-1111018613,-1403326593,1481787493,-1386152751
1,3,5,7,10407,-1680617419,-1965484311,209118927,-74079363,-153933748,1943842950
2,3,5,7,10407,1607461522,-52693663,1101425537,-1662217916,-1944475159,1074229986
3,3,5,7,10407,694346204,1541158807,-1078178272,2089151849,510246233,-763383857
4,3,5,7,10407,1498416410,1028421885,-1453402044,-579156238,2134445460,902810128
5,3,5,7,10407,909774171,1402167,1209555479,1676860258,-338963338,-1393368381
6,3,5,7,10407,-1217146402,-1863040369,-1203040023,-1109621489,1793280729,399890066
7,3,5,7,10407,1331636233,1759519293,-376807280,1234736856,-342761740,2072808174
8,3,5,7,10407,-1196528559,-169645502,1397292850,-1660190201,664825190,-950532533
9,3,5,7,10407,-1079384098,432074689,-502294933,-1563283458,1285589029,931565644
10,3,5,7,10407,-2027882802,661212039,1513327565,-1453806921,-1142756503,-860104194
1,4,5,7,10407,-1670581547,-1345556413,-333352076,-826691192,882729533,1685200386
2,4,5,7,10407,-708484114,1691590034,234217969,29401209,-2106418941,-746592291
3,4,5,7,10407,-1934714628,-374076520,-709883200,1716898066,197179540,357345868
4,4,5,7,10407,900968657,1609275543,-1874822125,-1403589478,284200363,-1909651868
5,4,5,7,10407,175646243,956831218,1576673700,1068632991,-1630421343,678843850
6,4,5,7,10407,-598578290,-652746749,-1203045679,438687848,-357438358,-1781960025
7,4,5,7,10407,444853946,-389756723,-887380794,-1858471862,-40111935,-1798107851
8,4,5,7,10407,-1271049622,1394248584,1361890650,1099309870,281706749,1542834814
9,4,5,7,10407,-1875898410,1243763684,-1231921968,-1258233552,-414874643,68309518
10,4,5,7,10407,941511015,-436470329,-419221715,169738646,830726953,4255263
1,5,5,7,10407,582447163,-1502580593,-1437646233,713148919,-1378790789,1691541238
2,5,5,7,10407,-770309576,-513085471,851375861,71738607,295089020,-479222737
3,5,5,7,10407,-767421186,-914463033,-1863098390,-93132159,1139087883,445250422
4,5,5,7,10407,241879379,-566699875,-104712682,1970606409,1114259336,-1180118397
5,5,5,7,10407,-1069621257,-1424712657,2004432817,1967411229,-1595411306,-2125810676
6,5,5,7,10407,-1981793055,314059250,1833645210,-286643396,1791452816,1641426292
7,5,5,7,10407,-2067964168,-1377223854,317238022,1125793142,613101627,-1720283797
8,5,5,7,10407,334740728,-127356001,-489107338,-859162678,-1227010185,45809990
9,5,5,7,10407,987837755,-615562312,204068620,1949773265,-1128960361,1614753826
10,5,5,7,10407,-1583602753,-361905220,-1528921801,594259510,490576884,-2146356687
1,6,5,7,10407,1102130193,-1606509622,-1200110879,1897922239,576845148,-1086852701
2,6,5,7,10407,772980416,1171881258,514499429,-512679742,1082092988,2080472646
3,6,5,7,10407,-1763056199,1562060708,443564360,-1965641648,-1101420151,-1324732058
4,6,5,7,10407,770959225,-1862825467,2078295270,1030455215,-252731793,-1247234999
5,6,5,7,10407,-2013030913,-1928352375,-1451137992,1292515643,666574415,216624888
6,6,5,7,10407,-1879233341,-1483955276,1996378732,-2068281741,875596196,354903320
7,6,5,7,10407,-1544067800,-799555269,441956317,702327980,-1414672067,1547649182
8,6,5,7,10407,1957044449,-1142296405,1972763664,-368747789,-2031378536,-1958101816
9,6,5,7,10407,285923978,104496893,-37207439,612891425,-1568524049,-725527802
10,6,5,7,10407,1441819485,-1287894823,1240297211,1576980133,253585882,-1484684858
1,7,5,7,10407,1024777876,-1329301034,283905457,-1186031737,1851059649,-865838631
2,7,5,7,10407,1928888457,853355955,806327003,-1758329526,-260062121,-562417443
3,7,5,7,10407,-307544187,-727040475,130749275,-2020056467,-951572651,1711668085
4,7,5,7,10407,1292830576,1270841811,-1562367249,-890020894,-173363208,141248862
5,7,5,7,10407,-662972178,861299673,1025322548,1648922024,146640084,-1212340603
6,7,5,7,10407,-372799048,-868031168,1734703353,1116652093,377382214,734377646
7,7,5,7,10407,-126658437,423788094,286270463,-2091856837,-1460683855,994868140
8,7,5,7,10407,-2085172752,1554398897,-1014088173,-583430426,1124075557,429854859
9,7,5,7,10407,1398197626,-1012702029,-260076377,320775179,379753785,-2133591552
10,7,5,7,10407,622758109,-1869282598,-395176030,2042079157,1202386585,1686654006
1,8,5,7,10407,-433921689,713874465,-1372753353,-1523974108,1951163139,842085475
2,8,5,7,10407,-1262692343,1896003823,462363903,1686753510,818773860,-670963013
3,8,5,7,10407,758376335,-284647956,824753420,-358198207,-263055493,-1824614889
4,8,5,7,10407,1400589111,1681282831,1159195597,-1148284291,195579422,1187056861
5,8,5,7,10407,1568030138,-1856218423,-25204250,-176523885,-1125867269,-1480992320
6,8,5,7,10407,-1543012357,-1364105272,834014634,1926295445,58607807,2104368533
7,8,5,7,10407,-1246329090,-184215781,1788787384,-1313252333,991356769,-678558592
8,8,5,7,10407,-351929476,-1578373990,1931460937,-1030945527,1915489376,794883702
9,8,5,7,10407,739702145,-2061050188,-727906469,131760819,987546247,-166066632
10,8,5,7,10407,1476696431,-1823128448,1462179831,-1428970260,807257168,1340731491
1,9,5,7,10407,1611114600,1319268439,-1577617606,-1750908581,1109428065,1756813192
2,9,5,7,10407,2082248889,1020252996,-261223564,494051429,-1345509619,710858227
3,9,5,7,10407,-1323912320,467639226,-1273925470,-470969232,-785523277,1999666202
4,9,5,7,10407,-2086709575,533036596,1417335165,950845489,1486245774,970350298
5,9,5,7,10407,-1327446013,496858219,-1791875988,-504836326,-1561828049,1283663533
6,9,5,7,10407,1924372756,-587566099,2040841359,-263653640,-1656092979,-83114584
7,9,5,7,10407,-1237178974,-1013834678,142561012,55834608,-1765514624,2106000693
8,9,5,7,10407,-1992832553,474090273,-2019848101,-1979874198,1268689163,-665306161
9,9,5,7,10407,-1382746911,-634806615,-2135577025,-495817650,1174389143,2138975885
10,9,5,7,10407,-867593550,1261044634,1081065623,1082423655,-2035326854,-841138104
1,10,5,7,10407,-444526032,2014786842,-1673003465,-1244152963,-951256607,-1905395769
2,10,5,7,10407,980860588,1099365360,596141016,-1616066149,683657830,1522745193
3,10,5,7,10407,-513073375,-280057119,-2112081208,-1352637197,-430797790,60080510
4,10,5,7,10407,-575149774,1468437802,-1696269418,907524042,-2085554262,-1898251721
5,10,5,7,10407,1714263962,-768469149,330617642,-752376350,-1300405814,94281414
6,10,5,7,10407,-756715783,1136008803,1482523902,-789442783,692016658,528467381
7,10,5,7,10407,-548689962,607204847,773658299,-591649105,103124867,631500520
8,10,5,7,10407,-1818405360,843097653,422921030,2020050087,-2139048896,-1166338200
9,10,5,7,10407,428887231,731835889,864070122,889241924,-1715910146,469555041
10,10,5,7,10407,1791387521,-1389059501,913636092,-665010209,-1828156516,-1502624413
1,1,0,8,10407,-1224128462,-1403264761,-2113404149,-807704709,637062401,-1162323819
2,1,0,8,10407,-89652808,-848275941,-363902836,-1340221346,-1637240194,-2077243309
3,1,0,8,10407,1858467738,-1936838426,895819490,-1669126727,473375153,-1029852845
4,1,0,8,10407,-673806303,-2029346090,-634534114,725560097,64843918,1923019890
5,1,0,8,10407,-1428106490,299068184,1937261949,1341962496,-388747882,317948940
6,1,0,8,10407,1823403641,-1200980203,-1273527497,2009002445,1902478065,-1955022413
7,1,0,8,10407,685837472,369614239,624656716,-2052177819,1144743566,1681181122
8,1,0,8,10407,-1959146898,143997002,491251442,-1769639180,-1003768111,1936574070
9,1,0,8,10407,-1678155127,528548946,1973908588,-31606773,1719734114,1700219095
10,1,0,8,10407,1270898639,1286096474,-501665194,981021741,-1535027677,500444209
1,2,0,8,10407,1582409680,298035190,905251203,817288534,-1736408351,1011148089
2,2,0,8,10407,1713819103,1139841957,-1447158810,1158042037,-751591199,-1433354501
3,2,0,8,10407,1063799485,1966917113,-1970410690,1700043155,-1956220359,1412544934
4,2,0,8,10407,-1968118133,967383697,-1663024649,908851663,847042223,180884777
5,2,0,8,10407,-1127015107,1868709494,-1811442335,698807827,925713486,333755564
6,2,0,8,10407,-655669243,-213892973,1411487013,-1498170616,-395277067,919640449
7,2,0,8,10407,1020665551,-1913972417,-202431811,-1640454453,-734747235,-392619192
8,2,0,8,10407,-765688025,-1631073503,-541392532,-1728727963,1600552506,474812596
9,2,0,8,10407,-1010850518,2027734727,-1921338816,-1657371891,897293633,-2139479281
10,2,0,8,10407,-944646752,-45387239,-1325512824,620652627,-820547416,-848920250
1,3,0,8,10407,-288015592,932261555,1161001376,447086955,268842944,930577581
2,3,0,8,10407,-1332392778,575829739,1064636123,1631886110,-2125182866,1175880877
3,3,0,8,10407,-73736542,-1956592861,-1196380314,849413633,41561222,436141061
4,3,0,8,10407,1427165869,1441939997,680871269,1644795537,-164165504,-920433265
5,3,0,8,10407,-1057858217,1679788062,-1195272039,2014965745,424608496,991469975
6,3,0,8,10407,-1771670531,1210807529,2025787147,-793846749,-1505400867,-1949835589
7,3,0,8,10407,-126524319,1310332229,-1927610805,-46635855,-2017944000,-1701942773
8,3,0,8,10407,-100454101,-1345293750,-2080987992,1464566264,1658704294,-456367938
9,3,0,8,10407,-521114816,-1260786935,-1351361882,412445926,721437547,-923892177
10,3,0,8,10407,27600338,-1773068507,124444203,-1946856308,610996654,-959927801
1,4,0,8,10407,675472448,-1085959653,-18140228,-373034076,-1481492547,-1334380867
2,4,0,8,10407,502417756,-305563305,-980876921,-1857107097,-247603482,105905587
3,4,0,8,10407,1354772120,123501415,488921830,1033331538,263001268,1119520891
4,4,0,8,10407,-1521410562,1078141099,-536359212,874273017,-904530123,-1240641863
5,4,0,8,10407,-1009049280,-1194179612,-336155379,-1167439227,-1444391650,-2050458686
6,4,0,8,10407,882824561,358888660,-670542687,625100127,305882181,-1984864107
7,4,0,8,10407,1719700543,-55873574,2081287313,-333582141,1823209755,-184530587
8,4,0,8,10407,-220975814,-1572271291,-1578286414,1379953501,-1237011930,619056548
9,4,0,8,10407,28494385,1769443716,-1499761889,1312319774,-742519012,1540663965
10,4,0,8,10407,1735714653,-1542826530,671466017,722006651,808836074,1041758869
1,5,0,8,10407,1048775132,-999906611,1432158105,-1023350383,-409732810,1809198735
2,5,0,8,10407,366573177,-2075810080,-547816165,-2052948572,1515392042,830804004
3,5,0,8,10407,942139775,2050593562,-572625406,-171522013,-1899454013,1358909107
4,5,0,8,10407,-579091515,299911655,51760073,1046555809,-1412177316,-936012622
5,5,0,8,10407,466014829,-1825574285,-1163694167,-1261757037,-1778447254,1909610190
6,5,0,8,10407,-1998387391,-997208110,393582783,763034335,632888948,1213054255
7,5,0,8,10407,-118188923,-1639737508,607355264,-1486148060,1033279379,1402513426
8,5,0,8,10407,913798817,1255963429,190370850,920118874,1484225778,2027589837
9,5,0,8,10407,-1113801083,1547664692,631574372,1581153274,-1637392040,1864473938
10,5,0,8,10407,1459155986,-335975757,-66969449,-300333621,-580750697,1190840581
1,6,0,8,10407,2103207891,691838635,1943580440,-366567297,397588105,106329955
2,6,0,8,10407,-2018149590,-253247339,1876647291,2135611906,-1413425397,-1696246437
3,6,0,8,10407,-666583140,1525012817,-1089619987,-1914018495,1190014734,442497630
4,6,0,8,10407,399024119,-1958513967,-590483871,1186188130,-1773382056,-275187842
5,6,0,8,10407,-2133815727,-1521992851,46656926,1617283185,-886893649,1768935136
6,6,0,8,10407,1322473054,1036008646,1069901561,276605188,542521505,651075544
7,6,0,8,10407,-977898872,1263097129,-506558929,1015825614,797078575,445762567
8,6,0,8,10407,999491873,-125240116,-145931562,-1320794213,-621615301,-310026729
9,6,0,8,10407,1490653815,-395292769,-283617840,-484376600,-1504260860,-251191900
10,6,0,8,10407,-2105711959,-230658760,-1188937314,-1930693947,-1300921891,243474418
1,7,0,8,10407,-1309851306,1689012171,1586922364,-423104209,-934412290,-2073732877
2,7,0,8,10407,-1988466764,-789475605,-209833940,1904579673,1126873703,-716025832
3,7,0,8,10407,129356103,895097269,1094460495,-1675482903,770397211,-132120059
4,7,0,8,10407,-1131157437,678798303,-1794627837,-477150590,-136532216,-425196715
5,7,0,8,10407,914318742,2107163946,-1679727642,-382450553,910295902,-1777182676
6,7,0,8,10407,608887936,1024695840,-509098410,119493092,-1212847049,1717450190
7,7,0,8,10407,-447075597,1249397146,607746881,-207690303,-1016053608,342571277
8,7,0,8,10407,-1158656083,2098767157,1978466957,97809938,-1590244967,258469937
9,7,0,8,10407,-2054278330,814942260,-1552855331,-214229228,-547017403,1284079219
10,7,0,8,10407,-155839517,-92082982,718412759,235776,651267436,-643506942
1,8,0,8,10407,264099442,-1023543407,439514477,1020307140,519411161,700523662
2,8,0,8,10407,87851926,911419507,-1209068404,574599421,-171207128,1313465775
3,8,0,8,10407,1778153239,409477146,1371575266,-862141547,1136040839,1215321294
4,8,0,8,10407,-261655956,967698857,-1214402479,173441667,872075942,-8731823
5,8,0,8,10407,1678042363,-1320265559,1147740029,-844063387,-1476453580,1292878910
6,8,0,8,10407,1067259559,1861286802,1388475626,-505994093,-369824930,1550249639
7,8,0,8,10407,208737605,749787316,-851921301,663003575,-1006531872,282031292
8,8,0,8,10407,-809148378,-873747883,654894368,224997728,-1786183255,1657572910
9,8,0,8,10407,1022745345,1807136084,212672170,-34343196,-170701877,1340390762
10,8,0,8,10407,-861449625,306722883,-1602071152,1274992276,943340494,-1853695321
1,9,0,8,10407,-645423643,1904219915,1553969595,-1218026548,-793050266,-1206394265
2,9,0,8,10407,1182506702,-890468473,-152388809,1712415634,-421700293,-876489111
3,9,0,8,10407,-1696990430,88418794,-1980943430,-1086533840,1651650663,-625956170
4,9,0,8,10407,-231885644,2093589019,-2134219281,-1234632063,-2017447409,-632493205
5,9,0,8,10407,591861450,1708025389,257998082,1721912241,920601879,-141499847
6,9,0,8,10407,76971450,-1841787936,336183505,-461277792,48436847,-1137068667
7,9,0,8,10407,-1703150800,-2112561972,412538811,-267623070,-1210605850,-5822172
8,9,0,8,10407,326786287,-1978479078,602944920,1980852234,1265022086,836073583
9,9,0,8,10407,-1208494071,300273642,-1049110755,64696116,-1155308384,-901083463
10,9,0,8,10407,1146426661,-309831525,-1299450011,-1587031029,-540754258,-968581543
1,10,0,8,10407,2107741654,-677074598,-1375621119,71392306,-1186529552,68504632
2,10,0,8,10407,-1752574071,-525284045,-1047984077,721362535,1295336120,110926192
3,10,0,8,10407,-1295122103,1640111792,-595987925,1909569989,-1680198036,-257861055
4,10,0,8,10407,-1859251163,-1833521069,2117258683,378989344,1979840286,-1014965177
5,10,0,8,10407,-1662441633,1575615304,168015500,-401126628,163662229,681781080
6,10,0,8,10407,326177208,1388692848,869912691,-444650669,1270892923,1138821325
7,10,0,8,10407,-631168385,199940048,1829072794,-896194741,-775009236,1208347586
8,10,0,8,10407,-436324281,-2027621807,764570709,1643624971,-1048478916,2099070270
9,10,0,8,10407,-465682436,2068584843,1389479353,969430698,1746948787,819681783
10,10,0,8,10407,1386807911,433100726,142896163,227748768,-1025936290,-1209032460
1,1,1,8,10407,-1137117426,-608144168,182940779,332312461,-202879668,-1623414469
2,1,1,8,10407,1080629362,-406052129,1479250945,1768766754,-2010088015,1796940522
3,1,1,8,10407,-396163817,-448447728,155921646,-1730564819,1866680982,-901009697
4,1,1,8,10407,-148774464,112187721,-2081951560,196796158,-1876010221,-1777236643
5,1,1,8,10407,-663117403,1059639284,559729090,-773214423,1289634093,1076522329
6,1,1,8,10407,1344564205,2131739970,733428225,-1240877773,-109168440,824647756
7,1,1,8,10407,-1951563209,-307609678,2091660420,-1377948319,134169710,1395779475
8,1,1,8,10407,1499571195,-1853972213,-1223684266,1936930348,435171679,713532684
9,1,1,8,10407,-521422931,479968562,180960698,-414490698,-1363542745,1584046572
10,1,1,8,10407,-388692528,1305041967,434211534,19209916,272664446,1229679407
1,2,1,8,10407,-442330187,-1009512705,1714254120,-1843997638,1913528344,187342465
2,2,1,8,10407,-540525110,-1216831895,421780445,2080132531,1865183701,1987241825
3,2,1,8,10407,363327319,657745908,-1354126712,-936604599,958539681,-2131955385
4,2,1,8,10407,1243981526,703824143,1403344876,1391295643,-32346148,1427798835
5,2,1,8,10407,-33653558,1984219029,979335951,1408882494,-1206327397,-1340253935
6,2,1,8,10407,-425624101,-770364408,-1570407932,-2059127986,-1544229752,540115566
7,2,1,8,10407,-1494674777,-539038020,806784896,554976893,642260080,-1382413746
8,2,1,8,10407,-2111461453,-772665843,-525417757,-1828063170,-1865879792,-946514531
9,2,1,8,10407,374915448,-1055645494,2084334402,1144150739,-1714014638,-255171457
10,2,1,8,10407,-1921278152,-226094070,120410949,-1622426772,855422648,-476607727
1,3,1,8,10407,-1362333626,-145085758,736947198,-996840643,2055102651,-2023807441
2,3,1,8,10407,1152510179,-696532709,-1266158514,1846548510,1613039702,1951624458
3,3,1,8,10407,-1389892517,-1013097813,-1016519430,-631819052,-1368132686,-1653320873
4,3,1,8,10407,-448484465,1570721764,-918811398,1820265035,1457353478,1303687983
5,3,1,8,10407,-158306072,1644044409,965606012,-2003274573,-874419813,-687666552
6,3,1,8,10407,-678368489,2040087841,-1292778710,-871251927,-1414353666,-639594203
7,3,1,8,10407,-1393805334,-1030035853,1361399663,-868386885,527707705,-683384943
8,3,1,8,10407,1985542520,-950238007,1589797709,535019938,-1953762676,1752428697
9,3,1,8,10407,-239125093,24186463,986368551,1495673029,-1879729097,-31726862
10,3,1,8,10407,-2130595639,-1775463577,-447515344,-1498354546,-1753441478,2106082863
1,4,1,8,10407,1758593069,-723329878,1458010179,-202205357,651124619,1504307643
2,4,1,8,10407,-688534440,1441511671,-1365542227,958015185,-720160386,-44104597
3,4,1,8,10407,-2126242556,-1229323563,1624323889,-932881671,468112656,-1782709209
4,4,1,8,10407,1127763064,1351226767,1018290729,-807216961,775371119,-1924304077
5,4,1,8,10407,-1253733438,-973970112,-632696879,-2125289020,-268902875,173922869
6,4,1,8,10407,-1688876744,-404127287,1381508222,-776990601,1963032145,676347788
7,4,1,8,10407,1773649255,-1784505539,219463987,-483663390,1567098157,-172894509
8,4,1,8,10407,1209451436,1298996515,-2129388592,733809239,-1855341809,-672639883
9,4,1,8,10407,399206739,-775893766,1294323185,-1662197348,20446375,-1531142610
10,4,1,8,10407,-1394370473,-738811670,394011024,-502763593,-366444357,797727096
1,5,1,8,10407,637845588,63629673,-49658745,-951889606,139283784,-1608677317
2,5,1,8,10407,-1210992667,-1323323466,694679745,-1414159417,-1570405774,2002979335
3,5,1,8,10407,-1047196096,2078153465,1416777422,-745921735,-294437595,-619439308
4,5,1,8,10407,-1867348936,2079786724,2020946151,733552268,1827320198,-1878231332
5,5,1,8,10407,907676680,-2031976323,1042777531,464997176,1749491924,464436730
6,5,1,8,10407,446638196,-646064633,-1536905206,569256977,-1270607660,-1111463763
7,5,1,8,10407,-702344812,260992993,1581695743,-193746867,-1515657803,2126802072
8,5,1,8,10407,-393796191,667399654,-145948798,-338943607,631805104,-185766987
9,5,1,8,10407,-548788911,1943959228,617484016,1782408742,-1344703713,-1490615343
10,5,1,8,10407,-635094221,-618606928,-2057902958,-1376734376,98148620,1809476143
1,6,1,8,10407,1136481811,-67665778,-1400744091,-617569374,1234824271,1814770835
2,6,1,8,10407,-745739062,1375239090,499586481,95915309,-828110703,497862420
3,6,1,8,10407,-1768929928,-1576713637,2073253135,2100610782,-812797112,-314949213
4,6,1,8,10407,-3358157,411718555,-1147483507,916898903,431645841,-24510040
5,6,1,8,10407,609494673,-1691320151,-1789639948,1681808343,-1543597717,1469911782
6,6,1,8,10407,191290426,844709595,-1992560445,414187784,-1037653531,1623917897
7,6,1,8,10407,-719959178,-106687762,-290999826,91804181,-103562593,-1327067404
8,6,1,8,10407,-641986545,-1636085027,-480327098,-410795745,506503071,-542821212
9,6,1,8,10407,204633029,-2006462285,-1940749489,1327193896,-207754491,1494757178
10,6,1,8,10407,663052070,1642588147,239671202,-841009013,-634892822,1282247042
1,7,1,8,10407,-1311145129,1461601880,-341135111,-1489854463,-466368219,141945917
2,7,1,8,10407,-1640891093,232838447,-133902864,918401805,-70965623,514988848
3,7,1,8,10407,-152301291,-996938181,-805463337,-144950488,194175641,894499232
4,7,1,8,10407,2140004360,976541137,1764249204,228596632,-1763745621,1465795245
5,7,1,8,10407,-1704113360,545099306,633415925,38651579,719333649,949857661
6,7,1,8,10407,1410016462,-544446008,1682116460,413001946,-1685162491,223869554
7,7,1,8,10407,-2050993177,1788058991,1306029565,-1752541816,815473994,-1615191130
8,7,1,8,10407,1896233132,-1174986404,251029117,-743083070,596063430,510883804
9,7,1,8,10407,-1747243255,1616335026,2047464569,-1197138763,1278962718,-1297938808
10,7,1,8,10407,-1660472704,-2040529639,-1931352871,2031534585,1673390006,1833190578
1,8,1,8,10407,610441526,131561405,-1679965764,249495459,330808143,-1056008683
2,8,1,8,10407,-1176933202,1335797909,1076832052,53425018,-2054965469,244338703
3,8,1,8,10407,1950372145,459164208,-110991211,-1654872553,1826945385,-959571552
4,8,1,8,10407,387819447,-650221488,362174793,-1831231437,-862444673,-1074708077
5,8,1,8,10407,1584540441,728501232,92918584,-1481077133,-26303757,-395089469
6,8,1,8,10407,-150732780,2100065991,-1613896133,-44400475,-309125896,-746714693
7,8,1,8,10407,-1442172475,806810444,1913602454,-333987110,1274150816,1505661546
8,8,1,8,10407,180627211,275050045,1774535386,-1113157899,1780829029,-1811040089
9,8,1,8,10407,-1889606287,-371872540,-487728040,-1655036454,-1129323821,-1957486535
10,8,1,8,10407,465916282,-1969188899,1808048342,-419848595,-302703874,982472184
1,9,1,8,10407,-1066573897,-2142652475,-1144905836,-1185287399,-819367127,247350374
2,9,1,8,10407,-715444257,1197703444,459351688,54106649,-1322765701,-1653892182
3,9,1,8,10407,2137234395,1562069466,-885873289,-2062998657,1899597324,-746441947
4,9,1,8,10407,1595825725,70436037,-11013366,-50341872,-998218385,225381167
5,9,1,8,10407,1906346103,-75196852,1594492338,-1374144924,-573115619,-1051341882
6,9,1,8,10407,133152225,-322691869,1153615386,-1798388496,-450468151,-475625428
7,9,1,8,10407,780575196,96765025,-256201854,767061902,-1519746161,-877457585
8,9,1,8,10407,-1260102801,2103581569,-411294967,-1712738041,-1820682305,1153661661
9,9,1,8,10407,-1525912058,-193760705,-1721905832,1445872642,-1858721091,-1723099316
10,9,1,8,10407,-454173858,1516654803,-1191845822,1104669562,1458692539,1270797452
1,10,1,8,10407,-1302264402,1827444768,998570288,-994657268,-98329955,-774705415
2,10,1,8,10407,-1148779904,1741374569,319988352,1894284184,1343428698,-2095080602
3,10,1,8,10407,1910567936,2098769773,-717070212,1326134970,2126456604,786765949
4,10,1,8,10407,-1814607958,-1385052144,-1257493746,-156084598,-900504581,1220764364
5,10,1,8,10407,-576664565,-2024269834,891152867,-865793922,2139871583,821899111
6,10,1,8,10407,1990672396,693927865,-1222658651,-442665921,-548166568,517928886
7,10,1,8,10407,1918464089,-668210451,-1767825348,-1364166695,670785625,-571549372
8,10,1,8,10407,-2110667585,875077385,582711432,-896832076,1196881707,-1109204714
9,10,1,8,10407,-150055337,-1901814705,-1430399148,-1016131979,1193561443,-611838795
10,10,1,8,10407,-1716101672,-1256615174,-1887231938,1534077585,1300812128,1617200652
1,1,2,8,10407,1714053674,1691939559,93875606,-1051349714,396330791,273923314
2,1,2,8,10407,-1202689223,391776537,410756256,-1065630462,12857870,-1880827676
3,1,2,8,10407,288410399,-534450432,2133232669,1828260718,-329412899,1063563270
4,1,2,8,10407,-863077037,1146050591,-1612615547,1937133640,-1648656741,-1125719477
5,1,2,8,10407,1051276865,873957664,-267492803,1809105857,1790003349,-1361299139
6,1,2,8,10407,-1580749568,-1904863320,-1766221430,1598953860,-871670732,1383749056
7,1,2,8,10407,563283071,-1005762270,-1435305780,2110649295,-1668674656,-1039681576
8,1,2,8,10407,2005791622,474350914,-656906813,-30952294,-214908153,-577807464
9,1,2,8,10407,1003233024,-179694401,-400381615,-1751272918,-1138438089,308855330
10,1,2,8,10407,-787435507,685305102,-1712752850,-372255380,742033976,725387979
1,2,2,8,10407,876450270,637462741,1516880224,-503834040,-660614947,-437061436
2,2,2,8,10407,345954092,1744756675,-1836891592,-1725180606,-690033745,-890708865
3,2,2,8,10407,1727579122,-1004591080,1303903493,1289302158,1716137407,-1558809688
4,2,2,8,10407,-1895689764,-1993042923,-1703815063,1128859574,2064133782,742549570
5,2,2,8,10407,-600019008,962042820,743800098,-1153257776,1971658130,891817995
6,2,2,8,10407,240177994,179075988,783678443,-337342586,-1474693671,950910267
7,2,2,8,10407,12041833,1795641294,-610162477,1307869077,-1805436219,2001567451
8,2,2,8,10407,-1804635643,572567761,363154621,1576825260,573764357,-181358943
9,2,2,8,10407,-1315379098,-337293067,168073430,445207311,496836240,523061522
10,2,2,8,10407,596821063,1575516587,-662875591,-876053622,-402770355,1411770504
1,3,2,8,10407,1035884475,1704203313,332534924,-1857019650,-205718871,-268391854
2,3,2,8,10407,1422607002,1613016391,1690782250,231382622,-457642969,1099830817
3,3,2,8,10407,-1587111606,736521079,-1108644954,-1131322801,-1158822309,1797355310
4,3,2,8,10407,-1195992518,1280206738,-1074266925,-671341490,770893471,1403693510
5,3,2,8,10407,1116176794,-1753727970,-1789237934,1313364745,125363823,-1244069670
6,3,2,8,10407,-931575995,2146362349,-632308074,1470537,-1471035892,844277832
7,3,2,8,10407,1305316759,2120177239,-1803975836,-2116110721,737482349,379306823
8,3,2,8,10407,638086989,297733589,1619368895,-1206969847,-605919272,1748695767
9,3,2,8,10407,611799901,496411430,385733234,173007536,-1590998174,-1628780055
10,3,2,8,10407,-134841266,-591411325,-229248996,-748927967,1774369185,-124937428
1,4,2,8,10407,807387882,-805909054,1626822491,-147920798,571225233,1224800673
2,4,2,8,10407,1856575135,-531353093,-1976945514,2109196028,-1731147741,1393263615
3,4,2,8,10407,-1117078247,1580266995,-1695510218,1774008356,-540996699,-1507598685
4,4,2,8,10407,569203698,-196215914,326349297,-1412544413,1852116411,1296566129
5,4,2,8,10407,-2031588728,-114659894,1646249931,126653906,-524398482,-974473849
6,4,2,8,10407,-1709675717,-570829461,421264815,1134523011,1046581148,-1162006111
7,4,2,8,10407,579337501,133383012,1022409644,-389946657,1589117947,1555810037
8,4,2,8,10407,823704145,1880492157,402644886,-1733683196,822471783,-910546771
9,4,2,8,10407,-38324184,-1708974685,-731407215,-1179306668,-479662983,495316712
10,4,2,8,10407,644010611,1724183005,-1913690430,448263360,1028094786,1536357274
1,5,2,8,10407,-712057164,-1599511760,638786716,-1626552465,-1123197746,78917086
2,5,2,8,10407,1686422782,-1140279944,654654213,575283061,-2056213216,651825075
3,5,2,8,10407,-1543570899,841977993,803279260,-1955628520,-1491521652,366239739
4,5,2,8,10407,1482367885,-217968983,-748070948,1728065381,-12291329,-1355981678
5,5,2,8,10407,-1202350333,752212097,-780095227,-1220413557,-211377940,465278769
6,5,2,8,10407,1423542241,93559,557295682,1188955365,324229345,-920159210
7,5,2,8,10407,896887227,-185728154,-1508404109,35616851,48178930,-1562190632
8,5,2,8,10407,-1789580726,890962666,-1461040662,616044444,267751449,-1815679311
9,5,2,8,10407,444488089,958951753,-240501896,911777843,1617014103,-2055441671
10,5,2,8,10407,2047039520,1562826889,192355303,614373333,340122964,949515828
1,6,2,8,10407,-731361164,714599304,-728770147,-1610259910,-218472918,-414800585
2,6,2,8,10407,1698660169,1688175865,1052146192,-1207119712,1426300972,-803426302
3,6,2,8,10407,57510432,801643866,44730626,-763508334,-792578655,-1688254601
4,6,2,8,10407,-563855080,121130110,622979710,1025682779,591458947,1663602376
5,6,2,8,10407,1792313023,-2003730027,459747329,-671299565,-563939612,-1291179208
6,6,2,8,10407,495330162,-142197482,1633061637,42716281,-542277750,-1540835552
7,6,2,8,10407,-86105314,1338610580,1988506564,-381113036,1175856560,806311297
8,6,2,8,10407,-128810015,-82476695,-364329385,-501663912,1945710,-765700351
9,6,2,8,10407,-1564390494,882890834,-1210855625,-1854624265,-1549344585,-1954434722
10,6,2,8,10407,255879429,-317908514,858173030,-1558194204,559353934,153109503
1,7,2,8,10407,1881901499,-1672973648,2113076364,1184879676,-831037111,47155153
2,7,2,8,10407,1472124828,309086665,351053042,1458274189,209597668,-1449622287
3,7,2,8,10407,-1495869852,1110054299,-981297186,681177931,668141458,-524703515
4,7,2,8,10407,-1291263591,1087342364,-1996842711,211164521,123409770,1106797369
5,7,2,8,10407,-255735567,-1712471036,2110531465,1068547472,1505143493,1006022617
6,7,2,8,10407,-1354302658,-201060131,172613331,-1016162047,936113328,-78682134
7,7,2,8,10407,396429516,-1541025395,-1485977198,1991423155,-740701129,1126999601
8,7,2,8,10407,-358154291,620277472,-665594436,-242184235,-2026757146,-1292984692
9,7,2,8,10407,-1315110517,1509437461,1852260784,1542252361,100300772,1164277074
10,7,2,8,10407,-435690914,-1911525086,615044848,478089615,900825950,1557177158
1,8,2,8,10407,36086517,-32347266,1198631582,1257992411,1122250264,-578764933
2,8,2,8,10407,-587440638,-598568144,-1668055076,450193292,1007027732,1226661586
3,8,2,8,10407,-2055523512,-379198692,1626371041,-323186260,-2032884777,-939318034
4,8,2,8,10407,1934670547,-365873487,-36999523,443422784,500999049,-686873125
5,8,2,8,10407,-738974425,-367470049,12386001,367669208,-1888663745,-1003696522
6,8,2,8,10407,481946859,-1797811723,-1171773834,-1892360929,85858021,162077258
7,8,2,8,10407,-162113747,327212681,-1733663426,1109252225,-58904381,1427863250
8,8,2,8,10407,-831461087,-1478390842,704992048,1276227381,199536841,813884351
9,8,2,8,10407,1612717432,-2132014056,317468499,16847211,-1367739891,-1292574300
10,8,2,8,10407,1776832629,-356471122,-547216657,1819845620,-1779423003,-1554348667
1,9,2,8,10407,2004777722,1983229780,220748849,-1162874205,-122396477,1812652530
2,9,2,8,10407,1634159292,577774621,-1800590938,-486974374,1808868680,658193004
3,9,2,8,10407,1231124358,-1351240860,-1313435913,-1669518161,-2008250112,953955826
4,9,2,8,10407,1512066517,-2061089890,-1049239156,1752969915,-488322977,493895345
5,9,2,8,10407,648265032,-169421144,-132798162,-1659923460,2119374403,1399605861
6,9,2,8,10407,494236139,40438621,-625874575,1279561072,1644322366,-971777515
7,9,2,8,10407,-1244507899,499567985,-1392564890,500858946,-2038888367,-599204327
8,9,2,8,10407,-325303148,-2097569264,-318438374,1629476644,-2016048337,1335513818
9,9,2,8,10407,1703454583,-1339892462,-591042397,-1612171793,1231104852,-514001041
10,9,2,8,10407,-1981485112,916805461,-1745750175,-554707935,-373666590,-613247502
1,10,2,8,10407,1730029847,-1027478123,179866357,1072378803,-1969997026,-961309377
2,10,2,8,10407,-1499703637,-939456615,-1184890355,-1797539245,1500028399,1811836579
3,10,2,8,10407,1985578401,1759997409,-857203400,2115455945,87402840,389087571
4,10,2,8,10407,-2114370697,-968413061,-464102002,1059912924,-1667491441,-245450566
5,10,2,8,10407,1528639528,-1201762300,1589420518,156338931,89313462,-1147189672
6,10,2,8,10407,-1978015526,-617517505,-1730700689,1863510457,-141816437,-1798519609
7,10,2,8,10407,-875848301,41480882,1732393895,-1580377203,-1937195267,757166923
8,10,2,8,10407,875732953,989953758,607596386,-728128336,-474950024,-1618718716
9,10,2,8,10407,-1959306666,-1210685374,1149236045,685244807,689047927,-787716015
10,10,2,8,10407,-1057492612,1685481985,-1773926038,-9793972,-700236508,1521386571
1,1,3,8,10407,-148489781,-413338975,-1975602448,1989223373,-1346462762,602779343
2,1,3,8,10407,692056931,-1135961984,167270693,-156588665,1041795527,1848110447
3,1,3,8,10407,2054081803,-468292561,1381622670,-286221806,282857221,1137799413
4,1,3,8,10407,-632335744,-1139337622,1243209371,-25898675,-1477317026,1194580637
5,1,3,8,10407,-305852500,644915088,717282924,-735164280,2129247939,-1051628698
6,1,3,8,10407,1205844995,-695164049,-343733358,1438627640,242241693,692083607
7,1,3,8,10407,1809255982,1521558170,1289860543,259252750,145408299,1830101849
8,1,3,8,10407,-1168632048,937861883,-1285556891,-1885893389,2001920628,-885439595
9,1,3,8,10407,-2146628213,-2091961943,-599061864,-642896084,-1817340572,-397841231
10,1,3,8,10407,-993835701,-1322769513,-60304982,-1213825835,-820541076,1371238280
1,2,3,8,10407,1174477880,-1532741940,-1108619687,1918858810,-1849871143,855943059
2,2,3,8,10407,-1385688503,-669128313,2136033135,1147527207,-1352765128,1343476657
3,2,3,8,10407,-1003070225,1298762540,-1373190516,-104788390,1073677699,1955247612
4,2,3,8,10407,-1496190697,-165303956,1848869102,1288476449,165063256,-772348945
5,2,3,8,10407,-1156579594,1614057887,-970161,125963887,-2134710617,619462399
6,2,3,8,10407,991605731,-1481569269,-750152498,-75192231,1617639949,105529530
7,2,3,8,10407,-1798444071,-1744851804,1775834960,180189943,-2009175608,1506699708
8,2,3,8,10407,1139279691,1063886466,-838693949,-819915879,2113285949,-1164108813
9,2,3,8,10407,-241100229,956486632,461618590,-1354347413,-1873390986,-1733033318
10,2,3,8,10407,1435085786,-660444852,2032486617,572444435,-2078357694,-971656551
1,3,3,8,10407,183934891,-2004574718,1021602079,-792222134,-1216614985,640603200
2,3,3,8,10407,463036967,-2034590580,1498794299,1360484531,-1581280930,322185730
3,3,3,8,10407,-92494031,-1705891369,764936737,1170705335,218268952,-919819014
4,3,3,8,10407,402902276,-307255768,1287659943,-1287194245,-440877878,-2056020940
5,3,3,8,10407,905868397,-1744308800,1183105828,806831916,-1826748311,-111870762
6,3,3,8,10407,773467844,-422724110,-641114553,1712403031,-991145939,-1493089570
7,3,3,8,10407,548659487,-365712222,-2079238954,-1020753794,-1925806337,-1324396839
8,3,3,8,10407,1671205903,-343854107,-1681817710,-1886381840,-1071415665,1264807263
9,3,3,8,10407,-1951187684,899816181,-1699912777,-121522336,1580084023,-456224137
10,3,3,8,10407,-823853805,1511426229,794821651,1869811081,1216326498,-718748070
1,4,3,8,10407,2074546815,-868208214,-1324452968,317589447,422391145,-1863278364
2,4,3,8,10407,688234424,830635764,16955855,-166040015,-1600898238,-1332483040
3,4,3,8,10407,1767946417,-1766907741,2108806249,1848552107,-504528500,-1035780403
4,4,3,8,10407,-210854970,1315840532,-1428632664,1066630731,96008140,353754736
5,4,3,8,10407,-1844145432,1286935606,-1045284210,912260146,2134668774,-336701251
6,4,3,8,10407,-1490440001,-1312267798,2099287874,1204429720,426669580,-1098613493
7,4,3,8,10407,1364765952,-899874733,586012746,876972337,1963613953,860996876
8,4,3,8,10407,-1044750257,1458905564,-1533075863,-436722453,-773229669,1372622160
9,4,3,8,10407,-1382616054,-1250032024,1622355656,-2133571538,824748531,44999900
10,4,3,8,10407,305526284,-1965753443,2090895234,-747038914,344704845,739325797
1,5,3,8,10407,1682803749,704413853,-1768321435,-582265123,394935579,-1543728111
2,5,3,8,10407,-2139662298,-327891809,-1768730224,1599585710,1226118713,929439883
3,5,3,8,10407,-2020931179,-481401250,-1264442997,984564468,-1305685567,238892915
4,5,3,8,10407,-2139329654,683339960,-77488041,1315468881,1674715561,471843362
5,5,3,8,10407,-9961463,-2110372254,-398972818,-1362860573,325947937,-1504667722
6,5,3,8,10407,59616084,1314184612,1942746845,-1295524127,-1945665209,1186301479
7,5,3,8,10407,2129088798,269214897,-723241571,1443516970,-1411002113,1241645217
8,5,3,8,10407,2132755870,1669238348,-125696284,2034698281,-1133195529,-1457099372
9,5,3,8,10407,967156453,1361034417,642220652,550863380,1143284862,-393339785
10,5,3,8,10407,549046534,895434220,1944382335,-1359624045,-992599817,-746068533
1,6,3,8,10407,379405502,783054546,-1564977033,-925288021,1138938222,-1570524742
2,6,3,8,10407,-1660274744,-337529983,-1210141726,1226962977,984897474,1717237038
3,6,3,8,10407,1262046132,1852475973,-1472931396,-447729293,43044740,39036475
4,6,3,8,10407,-495152631,109757030,1985257358,-1383747123,-983645084,-1065841157
5,6,3,8,10407,-1144800896,1476413399,-1245298961,173816351,-608794444,-868672758
6,6,3,8,10407,1918785680,675140615,1836365885,1459375090,707232447,-378254691
7,6,3,8,10407,755955259,979556690,-364955552,438696266,-1076263961,-718289254
8,6,3,8,10407,1151448468,520093036,1394068354,413382687,1244773095,44487891
9,6,3,8,10407,1463430282,1778312674,-820097984,1028865437,-742787267,828541263
10,6,3,8,10407,819961566,291710687,394959713,-1380384690,1790147668,-331436781
1,7,3,8,10407,1329409524,1714484373,-776213872,-1685415716,-1936303827,-2124499744
2,7,3,8,10407,1202573665,1529149399,-567211119,-1128601185,-793469434,-1962721355
3,7,3,8,10407,121798239,-1234288179,1723183541,-1437292185,-1824426164,313956021
4,7,3,8,10407,-1529686469,327014508,-2128254142,1730932588,-1416850319,663139012
5,7,3,8,10407,1543491463,1879258902,268394654,-1269565584,1833008723,126693554
6,7,3,8,10407,-674932412,-1102510648,2018554948,504328185,2105472007,-1451134337
7,7,3,8,10407,-1373167339,-1737634822,2103448270,-47827873,718089433,444365376
8,7,3,8,10407,779023182,-805489518,-1258912936,243376609,1497931982,-964924460
9,7,3,8,10407,1527937090,1642264381,1707443679,1696817888,-985473182,-1948127621
10,7,3,8,10407,-2115975204,680384429,-1251214722,-854562382,-647354866,-1049007916
1,8,3,8,10407,-766421199,-1539466235,1105054288,1131699599,-2105026708,972153902
2,8,3,8,10407,-1897101656,2103318261,-807275344,-1578382187,-395944107,-501210309
3,8,3,8,10407,1113411153,1849581633,-1092497642,-856224459,1499291486,-1328048016
4,8,3,8,10407,205144620,-806478201,793893722,-1296922380,-1640269170,-146769274
5,8,3,8,10407,1088914569,2081967256,-1593796575,570716599,-1347051590,727730047
6,8,3,8,10407,-1168034937,588842261,-407055158,303305836,-530145143,513170094
7,8,3,8,10407,1717316912,1328669592,1556071626,-196263299,1524014475,-2044446673
8,8,3,8,10407,1000302238,2121826675,-1999602767,-220771831,813062079,-1040252963
9,8,3,8,10407,1967713167,-179532945,-833924005,-1503308866,493361100,41169675
10,8,3,8,10407,856228516,1211376036,1361297204,2128774995,580607378,1533688751
1,9,3,8,10407,1364848760,-1333823114,-360347140,616216174,1411549733,-1139294526
2,9,3,8,10407,163467371,-1477860040,-1367663321,1708385160,-217478417,1425199964
3,9,3,8,10407,-2046327864,-231777825,-657015122,72304565,-424119523,1574165250
4,9,3,8,10407,562743038,-2003505034,-77901594,-1274540384,703853640,-619976701
5,9,3,8,10407,682491373,1815579153,1228557639,1468042881,-100080258,-2085128285
6,9,3,8,10407,2065210232,-1267339759,-151940846,-1473467876,1375681544,1150227568
7,9,3,8,10407,-725117086,-325387379,-1845391608,321372637,2076036020,163419942
8,9,3,8,10407,1985356443,-1945321052,-2086771869,-801339825,-1650664251,-1756570434
9,9,3,8,10407,1825585760,-1886716014,491810114,1187169800,-1697996980,-933589357
10,9,3,8,10407,265455141,945274984,763544777,466259739,986271297,-17739136
1,10,3,8,10407,532866684,-1510752293,1303872207,1579330381,-422839284,1283235878
2,10,3,8,10407,1660021909,-826429963,571733131,853213826,725811823,1117990807
3,10,3,8,10407,137317820,81366875,-100740154,-1243410180,423553190,-2062826140
4,10,3,8,10407,-257196925,387153294,-1176392578,1836526380,238073356,-1401414638
5,10,3,8,10407,103926668,536856042,1477676470,19649527,886670798,-1974757043
6,10,3,8,10407,575504126,-1599646324,-1071935447,-1691314367,1812606037,-753841369
7,10,3,8,10407,-1071082293,578345181,-23793773,936384252,592265673,-2126081825
8,10,3,8,10407,1652582664,1155963055,1159505588,621846994,963498992,893932380
9,10,3,8,10407,190204802,-189422436,-1981752893,-1971796347,96286980,767615673
10,10,3,8,10407,1044126605,-1654800646,-1872764042,-1864681735,1069394519,-1858918532
1,1,4,8,10407,-867896079,1867793526,800579173,1885555962,878079539,1004082710
2,1,4,8,10407,-681321377,-2049962778,696924761,809141707,1580729094,-2025472677
3,1,4,8,10407,734986406,1409020283,-80299513,379330006,1752962794,-625902446
4,1,4,8,10407,-1848315444,-758006569,2044468272,-481872163,-1275591255,-1494113508
5,1,4,8,10407,-1425920915,1383782242,-644927721,-416035567,1868983885,-1851719788
6,1,4,8,10407,765772783,586016994,2015502879,1901153974,-1832992249,-2044011505
7,1,4,8,10407,-850377331,1591176026,-1099411028,1771141087,558477827,480970315
8,1,4,8,10407,1860850534,2048055949,1788500346,-792559513,-118605493,1280154650
9,1,4,8,10407,-499587336,-1278936312,-1116203388,-1681875635,-1537492081,-907018418
10,1,4,8,10407,296065211,-1086646058,-388821154,1049190410,-1860847733,-478962609
1,2,4,8,10407,-1848335462,1916826671,-2085325178,1817569720,869045301,2071518384
2,2,4,8,10407,-1787080861,833288713,1231601900,-883852335,144033709,-448745805
3,2,4,8,10407,-1577997587,-560442075,2063551421,-253547107,1380151422,-621148386
4,2,4,8,10407,-849339040,130619228,-671660945,1338599435,1596708148,-582778381
5,2,4,8,10407,-2066630573,-319982116,47365318,1276929756,-1157171939,-202220347
6,2,4,8,10407,1759947108,245332016,1896331290,-760793709,-1908699323,877202716
7,2,4,8,10407,2079784444,-1204034706,-654511193,-1597448478,1170508889,593876078
8,2,4,8,10407,-487530503,1057027341,658932018,-239116862,1560546030,514411689
9,2,4,8,10407,78946182,-264516878,-676115570,-2130682176,1774271159,-700973791
10,2,4,8,10407,-172410775,-1777142252,-1121751359,221441689,-557083669,392972333
1,3,4,8,10407,-814717798,-1858793522,114014559,1693563681,809700150,1848889355
2,3,4,8,10407,1009840199,-1873711911,401290206,1768059346,-245469217,1733966978
3,3,4,8,10407,-615390896,1276761183,-1726314761,-1816928409,1016163960,-425634730
4,3,4,8,10407,2094051772,775423630,-1311022389,2082245294,817930673,1757312375
5,3,4,8,10407,-1604917375,-822181541,830707072,-1701372760,-1080699344,552805550
6,3,4,8,10407,-216871956,407489420,1907224370,-1889324014,-133683423,-717482150
7,3,4,8,10407,-995045885,-1959374534,1074724257,291605493,721336348,1927380161
8,3,4,8,10407,1917995188,1913546219,-460322371,1624514477,-1429140844,-1286264288
9,3,4,8,10407,308408179,-326450905,-1534204200,452247077,88544522,-1056694479
10,3,4,8,10407,-1168727949,1425678933,-1888642260,-491002411,1566266816,-1899258803
1,4,4,8,10407,206802013,-1902678650,-1458176476,-1479448094,-437833147,-417889722
2,4,4,8,10407,-1795354328,-2107862120,1457757047,-965353352,1652136744,-354056848
3,4,4,8,10407,-453715159,-1023835864,800822901,2075133212,961575977,-2081702027
4,4,4,8,10407,561627124,-621732450,-1535090469,158171819,169606410,-1605068735
5,4,4,8,10407,1043033826,-807037971,1625283999,-1602263335,-1199072456,-457775065
6,4,4,8,10407,1952506424,1886946280,-980175838,-1242302413,-1652806998,1207248963
7,4,4,8,10407,1503849186,60591972,54694232,1171845030,1148711260,1188786008
8,4,4,8,10407,-820861268,865284870,1860434037,1444658172,891881152,409021411
9,4,4,8,10407,-781961294,-1860365433,2092761323,1365561735,-914363531,1665622174
10,4,4,8,10407,-411251158,-274491609,-1000452606,693962414,-1797026349,-2001526281
1,5,4,8,10407,844981145,-609789591,-1541304043,1924994589,-1880521645,238462692
2,5,4,8,10407,-1535310605,2081828489,2019687261,-541792698,1989051848,-1940419533
3,5,4,8,10407,331344970,-2114784193,64879772,-924257669,1345158984,1543434793
4,5,4,8,10407,-1291811171,1493671322,-1700628442,783620315,-186158675,2033548243
5,5,4,8,10407,206929006,-727433581,-838302701,642646686,115055792,-520852524
6,5,4,8,10407,1131919634,-1746380815,1054183270,197389703,-149152751,-1337091312
7,5,4,8,10407,775260208,1819894925,1259094271,-2111181632,-1732499251,-599383670
8,5,4,8,10407,-663317833,-581656667,1176550288,495394481,1982287814,1813764609
9,5,4,8,10407,30116745,1326659391,1825999856,-289007009,-1592335274,576734632
10,5,4,8,10407,723688150,626874120,1390051858,-571419100,1514931402,1272081830
1,6,4,8,10407,-1699353401,1086917256,-699500944,14490971,-417973235,667100490
2,6,4,8,10407,919873071,-1623511217,-1583074286,456457523,-1194889479,933275251
3,6,4,8,10407,-500736554,-929814104,-382274184,-2126245666,-327838784,-1851975668
4,6,4,8,10407,1077611334,-1384068274,-1259337396,-1957944963,-10232481,-2104013657
5,6,4,8,10407,-1593493859,127673864,-1161882645,-1120563585,-1887049985,-1707517406
6,6,4,8,10407,933787786,-47700608,-55497136,806172040,1640879168,1144854073
7,6,4,8,10407,-1327201219,-457029494,1001795438,359378713,933957781,1660056936
8,6,4,8,10407,795123358,-1634060198,-1080864112,2060722814,1383737688,2063412946
9,6,4,8,10407,-216663477,1884028105,-380784261,1513107934,425706735,1329980173
10,6,4,8,10407,502911294,1243619430,-888053814,314032170,1684676485,366946036
1,7,4,8,10407,-163950158,1184270218,-1467940729,1346886141,-381639302,-544359363
2,7,4,8,10407,362449063,47230488,1349389086,-39545177,-1401055740,-816786962
3,7,4,8,10407,1884169004,-1318823927,-878826519,635295631,-978613976,-513670572
4,7,4,8,10407,-1509171833,1782019557,683967287,-1975743179,287125676,-1886097267
5,7,4,8,10407,1511215736,2032572557,1715239619,-1161297519,-557693634,1770134988
6,7,4,8,10407,798545652,-565150837,-1764895265,-2073027817,-334429932,894004548
7,7,4,8,10407,-1321027980,1548662741,-902208132,-253462536,631323801,599604257
8,7,4,8,10407,1413409695,1509001093,-47076936,298886315,-1754613636,1042185387
9,7,4,8,10407,1945769151,1511332467,28840502,-754189307,781843428,2078504581
10,7,4,8,10407,588854178,-1143015006,1831788118,894426598,1080126609,-1022428440
1,8,4,8,10407,1475531327,-2022681647,254806619,-547985126,503117394,-405602021
2,8,4,8,10407,-1146904096,-2080726748,-2069154815,1320312421,-690825050,826162126
3,8,4,8,10407,-154053059,-1728761766,1643708648,1070929731,83829790,1995588313
4,8,4,8,10407,-1723461444,938417801,1169689489,-759549075,-525844635,156360595
5,8,4,8,10407,-2033609976,873298939,-1997506698,-45377389,-1060047253,-2112951077
6,8,4,8,10407,-1068068769,-1770875836,-1221784245,833833858,346095608,1324919655
7,8,4,8,10407,1253956273,899397572,1646963297,1949614595,943318494,-1247316062
8,8,4,8,10407,1838404457,-1491489617,741857401,1931725283,-681045452,121671725
9,8,4,8,10407,-160096878,834341144,-1485022780,1662810758,-2119234229,1087891899
10,8,4,8,10407,-132892751,-623295792,785715195,747663994,-34630250,398551213
1,9,4,8,10407,1016561656,-1520261505,991383743,1539201591,-106052832,2084157404
2,9,4,8,10407,124612447,1950382458,-1536374172,-618639209,178432398,552935697
3,9,4,8,10407,1430690033,1436025507,1354903584,-964190846,339962973,-1861879241
4,9,4,8,10407,2111624024,1485844652,-1557973295,-20686391,145164751,-1605148767
5,9,4,8,10407,368146204,2112432536,1389850601,665636958,1022046832,-1004811897
6,9,4,8,10407,-2114822794,-1733572523,-721278904,-1113614675,-1765917617,906451667
7,9,4,8,10407,438024261,361117296,-1613889988,-1348774688,-679088193,1985053857
8,9,4,8,10407,282774107,-646257905,-281319212,-1732595196,435320864,-157685535
9,9,4,8,10407,-610707105,-2058220081,2091431855,-1839956282,334344949,-973377602
10,9,4,8,10407,-623754566,622969,1435429282,-529170824,-543323720,-852052608
1,10,4,8,10407,769247835,534689996,-951607519,160259892,143873664,634381758
2,10,4,8,10407,-1059963957,2132524974,22205760,-1105838100,-1752203820,-1146928496
3,10,4,8,10407,-601688268,-614862045,-1944170088,-384872741,-798778341,-1017516993
4,10,4,8,10407,1745940587,1448689461,409898596,-1471867570,403817159,-1749263208
5,10,4,8,10407,-1272410862,-1331285063,-781425781,1103957921,-7696113,-1690886072
6,10,4,8,10407,-2035952128,-449785144,-1461044874,-1945392342,1460546263,1221320490
7,10,4,8,10407,-1795784882,-2014548511,2052531105,775372451,271830013,733395012
8,10,4,8,10407,135609044,-1192781497,1395151873,1852557441,-1795560193,1680591004
9,10,4,8,10407,-523682429,851390707,-1301648255,-252293492,1944374258,1847755931
10,10,4,8,10407,1968697461,1984318928,433317617,44536366,-1186328325,34779900
1,1,5,8,10407,-420266401,-1185070481,-73396571,138399850,-331515740,-203554485
2,1,5,8,10407,-1819584930,-1503763450,488502608,823226146,149298396,-442853704
3,1,5,8,10407,-282616436,-1305077084,26457355,1962270795,-774091616,-1596294454
4,1,5,8,10407,751934856,-602352355,1649633990,-651390583,-1561280436,117130477
5,1,5,8,10407,-818334090,-1424841967,1387271359,-1680764544,243621551,1174645891
6,1,5,8,10407,-1132393820,839961159,-1323424007,90245824,586180598,-901087086
7,1,5,8,10407,-1604283237,-1330343123,-2133230927,-360185352,-315471245,1863613580
8,1,5,8,10407,-1615799289,241765001,1449409354,-1047129059,2573819,460654551
9,1,5,8,10407,-1441139758,2040007866,-453011799,-954684837,-906430039,766130939
10,1,5,8,10407,1040844030,1155244933,671054774,1896770257,-282308788,1783376259
1,2,5,8,10407,-867578850,1591785692,1487105251,643161965,1121433777,418754945
2,2,5,8,10407,-1092969292,332128178,-447639788,1823091872,718733261,1276278502
3,2,5,8,10407,-1801474320,-995122298,-1688518352,-1416010943,17514397,-1240789398
4,2,5,8,10407,-1404975660,-2116208607,-2140163207,-671044061,2056481262,-179618890
5,2,5,8,10407,-965233183,-1962628613,-1207401003,807386014,-672676470,-64878624
6,2,5,8,10407,1194300722,444560552,378105011,-1784611338,-2098917320,-1052906572
7,2,5,8,10407,572608039,1413601284,-65176771,-765191060,-1174177251,-314648749
8,2,5,8,10407,1634529839,-2075408133,1907421044,837765075,-1634262307,111923215
9,2,5,8,10407,-72905919,1659315331,392138049,1568766144,1109376326,386120106
10,2,5,8,10407,-1346281422,1141943,-302577852,1293420129,-1659688803,-1651545560
1,3,5,8,10407,1730191606,-1100395216,1424287153,-534769511,-1501171500,1744622199
2,3,5,8,10407,848088576,170376884,-1860132849,1247512515,-650392242,2015176310
3,3,5,8,10407,1958538580,1682543777,1366620216,1426352201,796504687,1390735585
4,3,5,8,10407,-585925913,1933247082,-120601369,-1916216703,1080209083,1370070311
5,3,5,8,10407,712156410,-511697941,-1491654928,-615651523,-925505911,-1435835644
6,3,5,8,10407,803437759,-1063347615,457809728,-2003856075,-1132198890,369589181
7,3,5,8,10407,1714992781,1299893130,-1542613938,1502265283,131633447,68435686
8,3,5,8,10407,183030401,1304948465,386179934,95791231,143707301,2023777698
9,3,5,8,10407,1207987189,-1451880201,550339156,513745214,-1332253823,1613301343
10,3,5,8,10407,2115751781,1255974308,903841480,-421023082,-1152439533,-144806994
1,4,5,8,10407,1774243971,1394758662,-1535188443,-1604584110,-1739669619,1433644279
2,4,5,8,10407,1484671600,-1736361171,1038767103,539131857,-34349750,712038156
3,4,5,8,10407,-1502376497,-1868153802,-1747836707,1677646531,-1722232902,76826522
4,4,5,8,10407,392909732,1438153225,-1664117724,578267642,-467140643,-212214961
5,4,5,8,10407,-462958396,1238039716,800906574,-996296506,1730249135,1965396405
6,4,5,8,10407,138080370,-1727969000,607553591,1318816919,-410196509,-713842777
7,4,5,8,10407,-316674672,1476006902,-1988182285,198531355,-535494629,1702175358
8,4,5,8,10407,1634750414,-1663945831,1040118355,976190024,-2061304112,2011273218
9,4,5,8,10407,1099879477,-1870338685,724159849,1252988244,592459569,665814730
10,4,5,8,10407,-372534554,1665700740,-69428507,1920017925,674231019,-954492577
1,5,5,8,10407,-1710825803,-923741454,1535593728,615349614,-481949766,601276854
2,5,5,8,10407,-716383730,-238459814,-1454419536,1423961149,-1100163648,-1226054625
3,5,5,8,10407,-642764364,132464062,-229700368,1241283524,1119483297,-1341938893
4,5,5,8,10407,1337746473,-1203150439,1549651103,519476104,622069287,379840220
5,5,5,8,10407,-1123651894,-1333330757,1321759764,1052279157,690180601,-1429677226
6,5,5,8,10407,-2034488339,-18472616,-1184142055,-1431265246,1413333535,1136722324
7,5,5,8,10407,-921227013,320942101,-1470319006,-962589431,1713609673,1048787631
8,5,5,8,10407,-472409606,-2036435151,17498655,1484339011,-765437,2053999810
9,5,5,8,10407,306839741,1530994796,1280218965,-703675292,918000353,1194112611
10,5,5,8,10407,-1416374465,1254368306,-117103839,-959916157,184875226,541513847
1,6,5,8,10407,-91272942,-470993889,746575051,1037225710,-1348194968,-211525245
2,6,5,8,10407,-1077901140,-934118783,-1649587282,-1394406532,-1562541652,-1524362808
3,6,5,8,10407,637584240,1163606181,-447095322,1861076715,438875220,741341934
4,6,5,8,10407,291869982,426048585,-1498833060,-531388813,-1354761651,1719496716
5,6,5,8,10407,-1996141029,-1694522650,-438198732,-180535034,-1142466852,-542135155
6,6,5,8,10407,-1041157672,942716416,1521903543,1238590587,-1266962834,-514990727
7,6,5,8,10407,515113489,887607347,772599047,1224323172,-688011946,1623939510
8,6,5,8,10407,-1999117124,-498768033,-1293296508,1166424130,446124948,1747346507
9,6,5,8,10407,-44638212,1235713764,-1212030107,-1202341608,-39468164,1251777301
10,6,5,8,10407,1858690059,649333585,365946828,1212907115,560725149,-1539582886
1,7,5,8,10407,-191009961,345077192,-528987149,-1398565515,-1343927136,1704748859
2,7,5,8,10407,1756533353,-486401550,1891675887,2102761913,652525947,1667723425
3,7,5,8,10407,-281498904,-281112745,1129825652,-846457803,-2033069200,-1352548707
4,7,5,8,10407,1885216062,725749076,1433705136,-1261957242,-1823483461,-92191528
5,7,5,8,10407,915564435,-916504824,-760025132,-1991085320,-1514438696,-53119112
6,7,5,8,10407,270742582,798658810,1621155658,-1970239286,-664012939,-912286268
7,7,5,8,10407,-1571214755,1854720346,1003982512,-1828589751,-1480543360,1955407687
8,7,5,8,10407,1330454576,2067409972,-2030337469,-891190289,1336583325,-1900382803
9,7,5,8,10407,-1937701961,-1832865093,609022282,-519687202,-1630324759,-598487027
10,7,5,8,10407,1160851979,-1625781688,1163933896,-2021213207,566973668,369673110
1,8,5,8,10407,1708710645,163243552,1719249306,580620911,-328084639,1801290217
2,8,5,8,10407,337920881,1925896260,-1391043346,-382349709,712722050,-1552991113
3,8,5,8,10407,-85444611,-1773281081,1764626110,1009245702,-399978713,1372438667
4,8,5,8,10407,-1728370554,1197983296,1748912235,291104649,570361251,-1973586921
5,8,5,8,10407,1829930180,-1414326951,1025084615,-1320052314,2019019410,1157503122
6,8,5,8,10407,1342675547,402275912,1842056215,1957735537,1521562087,1521685420
7,8,5,8,10407,-617278583,831344405,-859690208,-315864508,1828852726,-948787229
8,8,5,8,10407,1025105173,579643140,-852853966,640158891,-450615728,-462702309
9,8,5,8,10407,205265284,123092314,780831474,-1670264929,305950293,-88191118
10,8,5,8,10407,526254727,1038548824,-400835547,1507982718,-2074745260,1173804911
1,9,5,8,10407,1631555807,579270624,-620261541,-1247687159,1315863737,1803797365
2,9,5,8,10407,-1077878357,-577256659,448978049,-359188672,1265381387,-1951192914
3,9,5,8,10407,-101453704,-438152130,-1303739928,1255464586,-1619240878,1033090708
4,9,5,8,10407,-1300248290,-688454054,-1406493712,535507298,-699420641,651546680
5,9,5,8,10407,-288960729,-966900163,-1279512402,461481866,1152777750,1778597527
6,9,5,8,10407,1674638793,-1043408855,-1812340612,-982190771,862803512,-1627945576
7,9,5,8,10407,1974509948,-1838168076,1762671451,-998530806,329731707,1426981096
8,9,5,8,10407,1194485970,1339760827,-1494122466,485470841,-2017567502,1411371194
9,9,5,8,10407,459139957,242409453,-1895826978,-2036019277,-1986264490,-2084107631
10,9,5,8,10407,2109086934,-1266274142,1887426695,261397708,-1233184915,872594802
1,10,5,8,10407,1686520761,764438785,-1362383581,1723934452,-761531483,588317532
2,10,5,8,10407,-1693784261,801718822,-1564072193,-225828857,1548593561,-1237030525
3,10,5,8,10407,605148295,411186788,-1693808584,-855105638,-236035073,2130395363
4,10,5,8,10407,1427137164,-1302824443,819077545,-1868464448,848138056,-812137417
5,10,5,8,10407,-435575730,361467864,-351372597,-1080884954,1322575348,-227713574
6,10,5,8,10407,165130115,209131786,1868959527,647379750,-1647053566,-1453807572
7,10,5,8,10407,2090540055,-1699289034,1641308805,2101056300,1036248370,206103938
8,10,5,8,10407,1405641748,-1452912585,1008145104,1886218010,1983686280,642289435
9,10,5,8,10407,52055699,-1839443942,661214612,-1607673382,631944280,-1549346530
10,10,5,8,10407,278280211,1442066341,-1637255674,-760602022,-1197713487,1239451910
1,1,0,9,10407,-1083564617,-1431921870,-60374279,-1124031365,-294059643,-2088863594
2,1,0,9,10407,-391988666,1642053723,-816915175,1605684337,847690811,-1155457264
3,1,0,9,10407,-747060997,1629310648,-232164077,930832408,-2090812209,1760586320
4,1,0,9,10407,-1485375837,1915951641,-465922390,1553311014,-1466747217,1616763139
5,1,0,9,10407,459075563,-1136579711,-1457371249,311651431,272137074,1930055462
6,1,0,9,10407,2016486539,1081863621,-62349814,-1505463903,-925839093,1954355919
7,1,0,9,10407,731677502,517890498,-378925522,-1343019453,546432066,2051235180
8,1,0,9,10407,-1184211294,1175411835,334472695,997421411,-163590651,1111183174
9,1,0,9,10407,1742955370,1331207135,1061521474,-1070965770,318903503,251243193
10,1,0,9,10407,-2051506286,1019687753,103523685,-1042659786,-2002782466,85678144
1,2,0,9,10407,2041184315,582576218,-949498536,-1146910958,-1402333106,800745722
2,2,0,9,10407,-1153448649,2108390234,-95504209,1393932169,53727261,-1037649575
3,2,0,9,10407,-2082861249,1794559409,1749037211,-684586687,1229300477,1953939609
4,2,0,9,10407,-1164639707,-1415744466,804949669,-365698374,-1098292405,-1427676592
5,2,0,9,10407,945697489,-1114707468,854255240,-1315789189,-1414837581,817445299
6,2,0,9,10407,-170493348,494993051,611663716,1398028343,-783248317,1208778381
7,2,0,9,10407,-1905303696,-847717647,-1747841605,-1622601329,755504245,-1269668878
8,2,0,9,10407,-1399787540,-1174479315,-1209351882,1643017374,1411660636,1799040882
9,2,0,9,10407,-1049052270,-1403747033,1553246220,1790488146,-606114956,-900535941
10,2,0,9,10407,1812047945,1896544387,-933695742,-1327263792,617329506,1181026780
1,3,0,9,10407,1725112725,-479406135,63361712,-936589339,570320210,-136711157
2,3,0,9,10407,407571362,518110195,1475675926,-987972242,382579014,1686598571
3,3,0,9,10407,232914907,-110809563,1185382084,242127104,-1328863629,-1441706694
4,3,0,9,10407,49228751,-566758117,-212511983,-62060076,-1783808621,618164600
5,3,0,9,10407,-433798589,-2009200880,-1524179303,1464764445,-65615504,-327007414
6,3,0,9,10407,493928115,-1441898621,-1063381160,1048889969,2024588202,1219977781
7,3,0,9,10407,797215129,1012410934,125071155,-452786175,-1999360978,2071849812
8,3,0,9,10407,-354650261,1925183479,-406781017,-599624106,-1837776472,-1128271703
9,3,0,9,10407,-1067691631,-84837556,1209421132,-1023570940,-663016993,1720317567
10,3,0,9,10407,601806734,-1737779426,1101201254,-1952928584,1453223343,-2066861816
1,4,0,9,10407,-1870270027,-1190113088,2095749976,94874240,1591375675,1945431085
2,4,0,9,10407,451401060,-1274186525,132436857,1720260210,-86077485,-1854358373
3,4,0,9,10407,341426974,-1737579636,2012161431,1330167192,-571069058,-2020330402
4,4,0,9,10407,-1331567730,-1885818941,-1148097027,697837248,266660830,-18583682
5,4,0,9,10407,-1498513618,-1799323753,69281151,-144046992,1156403570,-218939756
6,4,0,9,10407,1964871941,372245993,-387256407,227144097,1936281432,-829036715
7,4,0,9,10407,1964121586,142880506,-845850936,1346549356,-566230458,-314022217
8,4,0,9,10407,1243004160,-1016239396,-1932125905,1464800622,1076245177,1297020996
9,4,0,9,10407,615364582,960596366,537901852,-162087951,-1468381636,-812417981
10,4,0,9,10407,-72711272,1487835942,-1294066330,-516434399,914000051,1970169250
1,5,0,9,10407,-189806128,1413077767,-269246892,-432034752,-575295879,334914
2,5,0,9,10407,2128094845,-1326258936,61288864,-491239333,-1702570879,-1184384019
3,5,0,9,10407,-465299427,-1229959624,-195787259,1399511276,1275073901,1240053138
4,5,0,9,10407,271764455,1037973179,-1508941162,-1858884574,-1390341979,-77220179
5,5,0,9,10407,-428445029,1217960902,1203679647,671200744,1743989757,32853206
6,5,0,9,10407,1818805197,1656334246,1943810635,-1516727106,1809917589,-500560662
7,5,0,9,10407,-1226003021,-1501793129,1525352592,-1850981577,-259227385,650386947
8,5,0,9,10407,-2039051216,-1674689662,1789219179,-171808137,1053455994,783905208
9,5,0,9,10407,-3419696,-1110300357,1096297826,711068441,-492549307,-1046983126
10,5,0,9,10407,1208424543,-809538484,-1233066805,2011413720,2006421886,-1439272835
1,6,0,9,10407,177928026,-1134324084,1425986385,-1990976375,175051925,-1172357694
2,6,0,9,10407,-1780092799,736244129,1022357755,1030172072,1414621585,1176119470
3,6,0,9,10407,-1164644518,-1974731879,-789464509,1522848653,-668900895,1777535738
4,6,0,9,10407,1560098500,549017896,-1188309367,808091501,-530090068,2075177109
5,6,0,9,10407,-1351419985,-1069204498,318704596,1672731210,1712952290,-790436554
6,6,0,9,10407,1360263291,-1593698144,1473642962,1304052169,-870170797,731243216
7,6,0,9,10407,-225319223,1759696538,-376405934,-1443754149,-444600945,89100626
8,6,0,9,10407,-1820382465,-838573601,238290419,-184700704,2072136890,867975030
9,6,0,9,10407,1523922863,542364167,-509646893,-568082395,-897128054,-2065555604
10,6,0,9,10407,147428089,-1432500248,290044941,-1712911581,-1394352781,-900838861
1,7,0,9,10407,1932359216,-1995404389,-917335528,-299443051,-500740592,715775359
2,7,0,9,10407,1447148695,-1540371852,-974829594,-2058279904,-1975810428,-1226276674
3,7,0,9,10407,-946328876,-1371468986,521059286,-1058562979,-1022621835,656281472
4,7,0,9,10407,-39568395,-102120477,-799758606,578639393,575578397,-164242482
5,7,0,9,10407,-1391435015,-1953968844,-1302632303,1220395544,-409641724,1572335180
6,7,0,9,10407,-448193382,-1495502664,-1532072829,53728632,-1799733613,-1090082633
7,7,0,9,10407,859670570,508071848,-1364476013,1015070026,-383299413,63519596
8,7,0,9,10407,-1819052749,49392911,-1803505070,-82646319,-1726165394,2137735238
9,7,0,9,10407,-1678408402,1268741657,-194877392,-1194166286,-1889602104,-1392053370
10,7,0,9,10407,1502065587,-1610216385,-1047514669,-93731719,1404375168,-1827712852
1,8,0,9,10407,-1096490108,-771525497,1408175733,1106016979,-937952082,-1460290626
2,8,0,9,10407,-333530129,449968280,-295959648,-1922943121,1357883102,1720500901
3,8,0,9,10407,849813515,-317966815,-967411891,1627439742,1846690059,-508477993
4,8,0,9,10407,403060263,1670101847,-1511337561,418816787,169577016,-645051643
5,8,0,9,10407,1405630247,376294037,-279975644,1905357650,1163323359,-1954040136
6,8,0,9,10407,1912285498,-467770258,-234981423,-1957632228,1371007582,-1569792517
7,8,0,9,10407,-1777216573,-1111109297,1116162538,-1569608688,-481439790,-1567833559
8,8,0,9,10407,1129845750,-1697816158,22387115,2130060051,1168976358,681037478
9,8,0,9,10407,-688180896,-1111224203,377749174,360677627,1274487120,915548296
10,8,0,9,10407,-1997471791,86681831,1271867204,-1152878469,-1147605021,443515056
1,9,0,9,10407,87632755,781669347,561872506,1195114673,1939210343,346288201
2,9,0,9,10407,817969068,41725050,-1482732104,840994544,2038160853,535694912
3,9,0,9,10407,1484842439,1793484247,669062906,1856172605,1166866257,-1048156499
4,9,0,9,10407,868646489,-801259503,-679104245,-1222063904,1957214136,-925974720
5,9,0,9,10407,1720940749,2020742031,-490579954,-2131755453,916837236,-1449892757
6,9,0,9,10407,1456929566,-1551731012,1091286509,-1196213999,-1864813610,1971950548
7,9,0,9,10407,-2086674255,-1519844671,1821794501,-1239018487,-681567758,1315941367
8,9,0,9,10407,2094228299,-155288383,-1860693797,-992160139,1899280756,200649534
9,9,0,9,10407,-2144580081,1598872144,367205958,-1996888047,1160070040,-288163737
10,9,0,9,10407,-1266432479,1698974764,892999920,2052029890,1853321431,1989219043
1,10,0,9,10407,-38760431,72077388,-27409246,-615400327,430512896,-431040622
2,10,0,9,10407,-82885043,-766809698,237697288,-831862592,474228711,375709452
3,10,0,9,10407,-1726692557,-59958553,837693666,1253567767,-168546927,-1776782967
4,10,0,9,10407,961885636,1083847620,-1646349796,-1630960908,-1421111835,389780475
5,10,0,9,10407,1532857420,-823683897,-348845345,-1458692142,321845800,-382298235
6,10,0,9,10407,-6922005,-1459107699,-1656739742,-1361992881,1381534417,1663777729
7,10,0,9,10407,-158865842,1194644393,-1837967618,1918637190,1737008947,442269875
8,10,0,9,10407,513126207,-789684045,-1294507407,203624533,-1913168150,293877504
9,10,0,9,10407,813663503,-1579163829,212728782,685293437,430951783,-920359195
10,10,0,9,10407,1587582526,1156464823,-1118667346,-1622669823,1248481299,-1599749004
1,1,1,9,10407,266634822,304175732,-806661427,905660005,1907614079,2140575972
2,1,1,9,10407,272501889,-654411086,1919652209,-231225622,1065438316,2023382010
3,1,1,9,10407,1900306328,-1976875213,-75031497,969117750,1181718372,1529595375
4,1,1,9,10407,-1557144748,372678222,907120119,1695525147,-222588037,741421809
5,1,1,9,10407,-1955212102,1820667499,1502221492,-1409793291,-476658215,1451731994
6,1,1,9,10407,1373939808,-1484178946,1333509613,-1834797274,-2117513342,-72893141
7,1,1,9,10407,-1830592753,-387326651,582636301,140831488,-184689024,-123628281
8,1,1,9,10407,-1154751336,694528656,-153704457,1583312582,1732353539,2139791072
9,1,1,9,10407,-1972196264,1534288752,1312308118,-28904209,645515598,442461412
10,1,1,9,10407,506902362,-588317474,1930383207,-1900290693,-653161779,1458684530
1,2,1,9,10407,796387144,1486916454,631641181,-301220069,-2005241471,681501589
2,2,1,9,10407,415941723,844882112,815919027,-558011688,749882965,1937976814
3,2,1,9,10407,-1809719471,-297565803,-71459665,1252539661,561671387,-207015404
4,2,1,9,10407,2143735770,-1497257338,51686767,-851487738,1706754456,-1275069463
5,2,1,9,10407,1354905673,725201452,334454431,-1822384730,-914509047,1295515626
6,2,1,9,10407,-1757280606,-1847412919,-465826335,-374239053,-1466446835,914408122
7,2,1,9,10407,-1077659830,-140623651,-350706116,-1644583679,-1100346348,-1753037885
8,2,1,9,10407,1541516135,460001498,-662942932,-897339274,-1566780066,1528705920
9,2,1,9,10407,791393082,1261752618,352231327,-973195835,1984955319,-1315279939
10,2,1,9,10407,-36887627,-468119356,1819394609,1758960080,2072071453,1784873507
1,3,1,9,10407,446294825,-2090197568,2085546301,1029129138,-1649328811,-1934779552
2,3,1,9,10407,1664478729,-17077109,-1803682307,-1204256042,-1762440995,-351256338
3,3,1,9,10407,-1620449289,1154542144,672914069,-1822217273,1244896832,-539233433
4,3,1,9,10407,1221589154,-714214346,-1927064691,350554523,1544000686,1270268876
5,3,1,9,10407,-680637481,214762749,-1395490671,328755390,2139375498,2046747224
6,3,1,9,10407,-1491692182,-1355980275,1524613072,-1716787453,-1412398050,1892300931
7,3,1,9,10407,-617748164,1471880315,-1667196163,-1427082285,-103851182,1705280920
8,3,1,9,10407,1025708952,-411285040,2034908982,1337586467,36804394,1370002575
9,3,1,9,10407,1808041300,-860966350,1562630940,-2064653300,82649973,-1755159450
10,3,1,9,10407,1279834771,931425493,1251926637,808259898,2136397437,-1364825224
1,4,1,9,10407,-1972915193,-1974767081,-261653198,-1781009417,1598535713,977754509
2,4,1,9,10407,-1887149264,-407537869,-1637524576,1456771814,151796144,-1771954502
3,4,1,9,10407,1029477829,-488544814,-244113015,883230351,-1828063684,468292228
4,4,1,9,10407,660114984,-155773271,-1406127127,1083261187,1968479156,1512929935
5,4,1,9,10407,906041211,-538133257,1126530042,796089132,278185404,834966201
6,4,1,9,10407,-1428088447,1394700748,-971238387,-2083800715,800780967,-1919114702
7,4,1,9,10407,-760517568,-616740281,-2086711374,-298930617,869704382,-1941275804
8,4,1,9,10407,-157881721,-1174397231,1530948956,-481612152,1524290398,1887629607
9,4,1,9,10407,259686209,1207603882,-173110098,-744859273,1036731908,-119957546
10,4,1,9,10407,751608030,222511771,1098933838,1608768672,-572880406,-1455725566
1,5,1,9,10407,285524075,-1107589576,320237644,-973681093,1749742516,-2136842404
2,5,1,9,10407,-1393363762,-634243335,225520274,610779285,269657728,1618751674
3,5,1,9,10407,-1930476344,-1298555307,-377556547,494776310,-293723247,1398203953
4,5,1,9,10407,-1421883939,-1136038572,-2032549880,901238006,138529287,760050028
5,5,1,9,10407,-511349767,615064601,-925649346,-980960390,1013840157,1188858552
6,5,1,9,10407,-1426236358,-1952550941,-348002938,-1675459252,84782134,-1737764733
7,5,1,9,10407,-152409204,876883010,1245385840,541211275,-47650818,832067600
8,5,1,9,10407,-618034557,1909795665,-1581849852,-2093465939,670370713,1829958914
9,5,1,9,10407,-534790088,-8108073,-1568834272,-362618218,-366240300,-919277422
10,5,1,9,10407,65170441,1099326680,-738919978,469955190,530445949,39871237
1,6,1,9,10407,-1390053514,1909156149,-450884925,-2032201489,-1134997208,1437108504
2,6,1,9,10407,-263699771,-1129635689,-1158815152,-40718896,-760209775,-1117683800
3,6,1,9,10407,-1779902362,-338874862,708043601,15351378,-2028288921,1286200799
4,6,1,9,10407,1146581135,-1456087817,1629809915,643770661,-1733744470,789857584
5,6,1,9,10407,671104998,2088964543,-889437171,746892706,1896979986,-864673854
6,6,1,9,10407,-1199378695,-1717877184,-598873041,1718783930,-286651540,1270345410
7,6,1,9,10407,-1671928416,-137534972,-2025111930,1499524196,-1871661857,1172629841
8,6,1,9,10407,255240799,-1354162396,1239113461,-1600463955,-546139160,-1240846972
9,6,1,9,10407,662416231,135516908,-1764957843,1349225566,370640496,-881224867
10,6,1,9,10407,518161402,-1781591478,1756816939,-1974383519,77550519,-1512578511
1,7,1,9,10407,-124582939,1778027791,-1731045026,-1946882203,-1246081672,170155119
2,7,1,9,10407,-1135034562,1563309788,-802585224,34357792,-1964814117,-2070600619
3,7,1,9,10407,-1301124973,916134406,502242005,1652567351,966202943,1529293071
4,7,1,9,10407,-1975951010,327100750,1689587013,1987828884,-97580400,956590882
5,7,1,9,10407,187827123,1928208923,-1331542348,962007901,-1045454491,-2045622461
6,7,1,9,10407,470683166,-1871434222,227426844,-1509735308,1627114892,-905229887
7,7,1,9,10407,-608209461,-560557343,-1061697729,713111003,-1702874299,897745375
8,7,1,9,10407,1485613654,-856686432,-731856045,-986990764,1186164837,-1368069816
9,7,1,9,10407,445076362,250018846,1415305437,362973023,776208118,1658887111
10,7,1,9,10407,-1002921994,614442777,865828338,996840238,1796498974,589283323
1,8,1,9,10407,-752984853,2068096083,-490337435,-252513222,779236991,-811157579
2,8,1,9,10407,443010515,1259293211,-1348715269,-1752759812,1812612410,979010750
3,8,1,9,10407,366714358,450062473,712323731,992383489,-897968571,1318476563
4,8,1,9,10407,-1991057656,-2033332569,-252774639,831296311,-814407472,-15894660
5,8,1,9,10407,-346520068,-1045054258,-1435344474,-755594886,125570596,1484272493
6,8,1,9,10407,1899550372,-110861487,-214370823,1500907534,1528944481,1572481156
7,8,1,9,10407,-1824319301,-634184862,1296712871,-1607366654,-201813459,1341955718
8,8,1,9,10407,-897326700,-997259838,-1278524038,2088574209,-952252787,230682382
9,8,1,9,10407,1733425268,-2080258120,-1395332534,-717525452,950600291,-526869112
10,8,1,9,10407,1086224463,-2080000508,822644028,-1998708642,1140893417,929633904
1,9,1,9,10407,2008628650,2103762860,1152807996,1889564042,-432952433,-1930043990
2,9,1,9,10407,1918860772,380639091,696117551,1261368379,-235673568,-1429039545
3,9,1,9,10407,-1676120506,-11648953,-1689354998,-1324354483,228460947,2128547413
4,9,1,9,10407,604921803,75384062,983269704,1822700860,-1754599130,1683589578
5,9,1,9,10407,-1084839205,-1819429960,-54140865,1252675865,750153412,-1500918120
6,9,1,9,10407,-471985714,1219663319,-706072271,-996258715,-1282636801,-754597742
7,9,1,9,10407,-755992558,1955075516,-1375337709,1600551981,-1305132420,-1950871929
8,9,1,9,10407,818435736,-1783739677,-1513762599,-647766886,-1590199480,-163133215
9,9,1,9,10407,-248315244,-1883096598,-1746278647,1348797513,-1517646675,1012762730
10,9,1,9,10407,985732196,1972375545,1702687667,1283770205,2079784088,-998160685
1,10,1,9,10407,1721201595,-1860818831,150565568,-1390263278,360050475,594192056
2,10,1,9,10407,1831588960,-739766336,-2081127450,-147588835,882594386,-774330485
3,10,1,9,10407,-615318474,-954780989,969879064,-1849517622,2065708024,647888188
4,10,1,9,10407,-360271082,-1889274631,129683932,-1188496071,1659943928,-1623372398
5,10,1,9,10407,-388081977,381157710,822111265,2032469463,-1122518733,1990978468
6,10,1,9,10407,1948855996,1588591414,2091319375,-277166935,2052065719,-1319677202
7,10,1,9,10407,716653946,320468927,-951090580,535720092,454050944,1545350424
8,10,1,9,10407,617747688,515401975,-342006342,1835705819,1040191545,1330695244
9,10,1,9,10407,1963077286,87296739,1175617185,-2130814325,-1588716819,1883151981
10,10,1,9,10407,-1113046128,1964894631,852851689,-323620097,822731046,-416366247
1,1,2,9,10407,361708975,1020114841,-1319550479,778085698,-430602817,964966360
2,1,2,9,10407,-269510110,-580077334,-726024803,1583731606,9846036,-855317239
3,1,2,9,10407,-161667396,57402830,-702237548,2028088035,-2102372535,752191267
4,1,2,9,10407,511294628,-1249432639,2047559622,-326905542,-1319692974,-1264314271
5,1,2,9,10407,-124250736,-1333966431,-1597759563,842674657,-1169030482,1512597994
6,1,2,9,10407,-1022098985,-166238819,1193173974,892834806,-740378521,1679572328
7,1,2,9,10407,-814607669,-1998538405,1823770446,-1267834325,1356329998,-1917040601
8,1,2,9,10407,629865447,-537781331,1700016717,-456376752,-1871722372,-2074912967
9,1,2,9,10407,-425212426,2071192313,-1096910048,1575562670,2109351840,-1929800717
10,1,2,9,10407,-408511657,1829143041,-1841776119,-20633610,-476457119,911050412
1,2,2,9,10407,-71354808,-1448269950,1352028773,-736802084,1815962756,-1529422622
2,2,2,9,10407,-950267445,-1866010675,2133011267,152273695,948049729,1571358282
3,2,2,9,10407,1100459812,563008694,-1593037261,41796750,-1359984601,1603323660
4,2,2,9,10407,1110268878,-1542525938,1411815795,1646731678,-438738049,706180301
5,2,2,9,10407,1139208358,1773464455,2063268806,-1679533165,835850062,1434678299
6,2,2,9,10407,1929955275,-971395867,-895166177,-1860211702,-1607733085,945780120
7,2,2,9,10407,1857267552,-987329934,-323820876,-1649138713,2073841981,-572866280
8,2,2,9,10407,1870648761,833807695,1450763608,-484112121,-801440490,1148167817
9,2,2,9,10407,454739642,-275477644,-374340028,1401257059,1720492070,566076097
10,2,2,9,10407,-1644805555,-282263580,483767695,80790712,-1138179789,875527798
1,3,2,9,10407,585007481,1317964022,1044598525,-967263958,1076737421,-494974640
2,3,2,9,10407,1076010758,1491089856,-1495824571,-1398841840,1669020984,-2115589732
3,3,2,9,10407,-889655543,-1293590666,-944385046,-339530427,-119979139,1517223974
4,3,2,9,10407,-1750029528,-813708336,-600506585,614359020,1821421387,930487695
5,3,2,9,10407,-614372013,767635072,-779531650,1495418211,-1238733488,-821086072
6,3,2,9,10407,-1504815527,-2071582459,-163779354,-727918099,1422054039,-1321015055
7,3,2,9,10407,29776706,-630124552,534141826,-935750384,346792650,-1494890450
8,3,2,9,10407,-1078097673,-194521777,-712796957,-85656741,1966828182,-1541474775
9,3,2,9,10407,-594123976,1881837060,-1567120153,14957780,643720551,1645138372
10,3,2,9,10407,-1859291889,1289025304,-1967123474,1539835094,805561147,-1266281976
1,4,2,9,10407,629364707,1760849864,-839312802,-501198704,-105063958,1398389918
2,4,2,9,10407,1900188547,-1443371895,1544676077,-1526661897,-745822036,92013997
3,4,2,9,10407,-2040267690,1381245717,142528251,-394242238,508839165,-610827381
4,4,2,9,10407,-1131910417,354891876,1198598007,1830436326,-249602926,1062269520
5,4,2,9,10407,-1206362800,161151807,-858067353,-649106079,-1545143961,-499809592
6,4,2,9,10407,-1750953918,-2031374552,431234949,1592332974,615307309,456596009
7,4,2,9,10407,1887150585,-352226003,1963456153,1981045938,1180570193,-743921328
8,4,2,9,10407,1541246814,-540031908,1218303160,1914370640,-738594590,-636451128
9,4,2,9,10407,846509884,185562405,242633487,-1547310508,-1975066413,188132298
10,4,2,9,10407,855084167,1757030480,-297038488,1037008211,1338506258,-1631603646
1,5,2,9,10407,-1250359146,-389395059,-1134563892,-213329425,-1392537439,-1092049105
2,5,2,9,10407,-1115662602,1847546590,-1468656532,-2015817562,135796129,1390859348
3,5,2,9,10407,-1434350865,1991028766,-671491043,-387103476,1611802299,-1203091076
4,5,2,9,10407,-1296214861,1245626995,-436395344,994281541,-30622558,-341494783
5,5,2,9,10407,-1044883767,1674974561,-408438103,1971816991,-1963222367,-1204124298
6,5,2,9,10407,-1321965966,533419765,1543335874,344557916,-616011221,1374146554
7,5,2,9,10407,595702894,1689335254,121540622,6460786,-2027737057,293123376
8,5,2,9,10407,-1591466032,1982205996,841495406,1186010525,1276434365,2128149670
9,5,2,9,10407,1161710086,-1366119565,404450465,1863397642,-1057170797,411708083
10,5,2,9,10407,-786844295,-1099219924,-140441333,-544159400,853251842,1644847426
1,6,2,9,10407,692299942,-499559749,201470364,1635492328,-27472071,1901286940
2,6,2,9,10407,-551647768,-311696839,993512473,748755295,1498760466,-329624709
3,6,2,9,10407,398492124,-501374445,-1700638823,-1192367081,50209756,1882270168
4,6,2,9,10407,794636531,-402956288,-499801727,1954542835,-2103592021,82858319
5,6,2,9,10407,-1328557714,-187962197,-639251723,-99264636,-2048435199,472307519
6,6,2,9,10407,1087425209,1285420711,1272015394,-852016433,2087210278,-737177597
7,6,2,9,10407,-31200997,1325667426,-531015595,-931187732,1507036058,-360315221
8,6,2,9,10407,692505469,-551617387,-2143134248,976496788,-527564810,-125892403
9,6,2,9,10407,1778266898,1586582581,1547216715,614724910,749048137,1355148162
10,6,2,9,10407,319561088,2031558093,1516407892,-1270694788,155404373,-805623807
1,7,2,9,10407,343757991,982790673,-83659207,-1949232162,528595125,-1612190042
2,7,2,9,10407,-750722630,-34257940,-1619714665,-1028793445,919430783,-416023764
3,7,2,9,10407,-491645118,1300524647,-481568047,-1028086172,-2121033044,-1973801968
4,7,2,9,10407,-1173101690,1415732323,-1047735229,1462888136,447888914,-1211606232
5,7,2,9,10407,539607893,1563726572,-308861467,-2082817988,-1299251884,-1971769173
6,7,2,9,10407,1478451815,-424003758,-1053150035,-1304260931,-1284300186,-1306536270
7,7,2,9,10407,-352375861,1719430047,32376985,289882865,1861816875,-661776338
8,7,2,9,10407,1410993349,219784651,1616125104,1696129438,1723486840,-1508222185
9,7,2,9,10407,-42949932,-1961106377,2087785312,-1855081718,-1885491498,262041075
10,7,2,9,10407,-1016003855,951721860,-359172990,1990119808,1014058243,-378023643
1,8,2,9,10407,1456426794,1138509370,29660643,-1567869621,-1426308371,2075170687
2,8,2,9,10407,1218024871,1756878179,1942084239,1950654726,333713914,-1816645525
3,8,2,9,10407,698002183,355192736,-1381928053,571540523,-1246587555,125562077
4,8,2,9,10407,-1242528652,1497613173,1083257393,1592963166,1861732175,-1111626753
5,8,2,9,10407,-1277666386,-1071582494,-1401283942,453158459,-1236667865,-1995154600
6,8,2,9,10407,1474585832,177644168,-344713059,64957147,-1821101836,351534602
7,8,2,9,10407,815141551,188877168,554187294,592699342,-836505611,903866176
8,8,2,9,10407,1034368014,1413921593,-1819684532,-2025721428,1479365388,-1812279506
9,8,2,9,10407,-1638846880,-59780465,1990238270,-364079552,917756689,-831082443
10,8,2,9,10407,345115124,-1534206521,2110622102,1944372959,-2046119918,41957518
1,9,2,9,10407,1270475430,1226184009,1920872993,1179533803,-286295032,1890117577
2,9,2,9,10407,-2048270830,-369739377,-352755346,336448805,-1630640047,477695856
3,9,2,9,10407,1299582485,-784296336,-1852524871,-459064377,-1666485333,1377724236
4,9,2,9,10407,-660531517,1845116700,-223607346,-431076998,833743310,-1036990090
5,9,2,9,10407,338540916,1221814145,529929521,-1187572651,-1476216892,-50669716
6,9,2,9,10407,-257220839,-815530321,-168823600,2090399402,641569996,-118222898
7,9,2,9,10407,1260433243,928892997,1227272223,991995735,-665949466,356663185
8,9,2,9,10407,-1944501959,-1143838087,-1457894907,-1044811116,-1084772716,95607291
9,9,2,9,10407,498093673,-837437426,1628593471,556821822,1001323941,1419572166
10,9,2,9,10407,835539787,547212501,1728531715,291942260,-1302966920,2128849355
1,10,2,9,10407,2056064298,1892395715,716764154,224124612,-483516110,-891398951
2,10,2,9,10407,2030121658,1862600202,-972514368,1772800818,-2129337326,1973526418
3,10,2,9,10407,1055662047,469761601,294029618,828283714,-819702691,-1606309911
4,10,2,9,10407,-674191526,-1092770896,1245733234,2061504411,1000131215,-1628500460
5,10,2,9,10407,-1336554002,1220089678,-106530500,951898177,-398418059,-1915051128
6,10,2,9,10407,-1646058616,-219519906,-1052616136,-1195104125,-546236352,1707746772
7,10,2,9,10407,-132225588,1335175888,407471275,-1741614428,-2097699974,1273912150
8,10,2,9,10407,1390145672,245097058,1985937562,-1966804860,-1374701519,-851660892
9,10,2,9,10407,-919951030,2012548046,196653700,-1098226708,757455570,1410359005
10,10,2,9,10407,2116891397,1129262544,-371992601,-1801546001,2132613722,-1199567862
1,1,3,9,10407,1517150480,2034965423,149086127,-1192628012,-965986159,868254390
2,1,3,9,10407,-526632491,-959258166,-684271897,1503659417,-1189641480,-1851386887
3,1,3,9,10407,-323580435,597888451,-1069545038,547353239,903677258,1061757784
4,1,3,9,10407,-812308925,303953633,1393114047,-144316390,548792869,870799095
5,1,3,9,10407,761520199,-722607507,1789210417,973607056,-185874083,-1524467874
6,1,3,9,10407,1871463900,282359084,190813299,-1199962898,1367010408,464546125
7,1,3,9,10407,1306000040,-1954569807,-885586413,2049062657,-479301495,1662426744
8,1,3,9,10407,1066733118,-1722898026,1442164021,-1434944819,1409425888,1463487712
9,1,3,9,10407,2016803182,847768490,-910500776,-1378110346,-1161838146,-1842324980
10,1,3,9,10407,-1773285677,-321054441,-383100335,865238196,-1424645814,-1343173201
1,2,3,9,10407,1934859871,-289762237,-352149504,-1219385918,1452036728,-240982975
2,2,3,9,10407,-571531820,-1368002989,1420056382,1406046685,-136644423,-143391468
3,2,3,9,10407,-1159027838,-1952985276,1788539583,1385849552,1846754181,396398887
4,2,3,9,10407,-2089228894,-749562249,-806260638,68432090,181522348,-1664238651
5,2,3,9,10407,-414673349,2001105643,945618211,-1968469001,-22962265,-1405789803
6,2,3,9,10407,-1586727191,-1689277989,-1641162997,-1576922842,1742582333,-208843067
7,2,3,9,10407,1711572227,578087623,513540745,17286189,1846427081,1696038381
8,2,3,9,10407,1759810075,529263178,-386449934,-855019472,-1953898207,1321766575
9,2,3,9,10407,-1598192896,446691063,749254343,1817669612,981402113,1243824075
10,2,3,9,10407,-742363982,1854551271,-1529661386,1241805749,-1270695005,1506285214
1,3,3,9,10407,283827858,1165729318,-1817003891,-874249074,-94436666,-1598401405
2,3,3,9,10407,-1852134033,1763040775,989274047,1358647122,989127263,-1408231966
3,3,3,9,10407,2120455289,2101763599,217701553,-1215150902,-911802432,-257433508
4,3,3,9,10407,1543861345,-197456703,-414873362,812229662,2043790145,1054127648
5,3,3,9,10407,-676110562,1162565466,-1993421234,-1926927639,-239102816,-1891848815
6,3,3,9,10407,-518887707,726569134,489869614,-1723539403,385158934,-1403249165
7,3,3,9,10407,1468391264,153494093,-858192839,-1820022,534764148,-1804958749
8,3,3,9,10407,-1675573419,-991349349,1409972098,292032455,1938140468,-1460000604
9,3,3,9,10407,133119635,218644952,711455223,1380316761,-1812474315,1911499244
10,3,3,9,10407,-1065025982,1891433733,1360303661,1525751912,-465412510,1519351891
1,4,3,9,10407,2113561196,-2002437038,470079757,14455204,-405082146,1813453028
2,4,3,9,10407,-1872674026,-378000010,2000540260,896407722,-343968100,-112206720
3,4,3,9,10407,1007931551,-640512984,1762937780,696131338,1720072507,682694099
4,4,3,9,10407,1861615304,959751328,-1426808540,2025413264,1893860947,-613162433
5,4,3,9,10407,-2075753338,569769520,1337361013,-32510956,-821757053,1027393295
6,4,3,9,10407,-1331434446,1640552162,272027493,-294712079,164500804,-664921890
7,4,3,9,10407,455742796,-379243097,-1803927654,-1941747525,-2109147723,-1876679904
8,4,3,9,10407,-244026855,-260513980,302508754,167669695,-1762172343,-2033941886
9,4,3,9,10407,-1565589670,508884023,893493213,40246470,-800831525,-1131411756
10,4,3,9,10407,1435471033,-2042109484,229256395,1351151682,1951610685,-1571181366
1,5,3,9,10407,-1846485281,1638458989,-76368654,2066900561,550154062,-1364812020
2,5,3,9,10407,1573417295,312050318,-1429148516,936645147,-596122846,-1734840622
3,5,3,9,10407,1271544798,-676812504,-1878631225,83025091,1935041360,151162368
4,5,3,9,10407,1845622259,436767315,435228630,1952136583,528158228,-86970634
5,5,3,9,10407,-1014302356,-1232514625,-1343403940,1828261227,297887887,549490556
6,5,3,9,10407,1209506018,815647735,518105331,-1917184755,-1006165196,-1522636836
7,5,3,9,10407,1670972194,1720196455,2116290381,1625056685,1997908656,-1078284525
8,5,3,9,10407,-1006153007,1202093157,2098604987,-1694951256,1394450146,1104864158
9,5,3,9,10407,-1970018190,-372754222,-416862138,-1508458038,-286655288,-1081136537
10,5,3,9,10407,824980809,-667225496,2128763779,1518317157,915520724,-2133161169
1,6,3,9,10407,-1633483998,944022356,1348289184,-1089001243,1271102247,268110878
2,6,3,9,10407,-1163018510,30722932,1904942026,-897822583,1993811268,-1809439677
3,6,3,9,10407,1515271293,36140854,664255902,1666126959,1962866075,-508965966
4,6,3,9,10407,-433011839,1327780847,-690890824,280988519,1040406839,-1193022259
5,6,3,9,10407,1323408245,2138450884,1798425151,-1547589088,-323693706,823344307
6,6,3,9,10407,-1826664416,-1378854130,-25607236,-1331107622,-272295396,-446977366
7,6,3,9,10407,1048418415,-1776378614,1973888148,598069954,254468627,917940586
8,6,3,9,10407,-215895687,1363680419,-1768393197,1843517270,-93998111,1207865166
9,6,3,9,10407,-1605488709,1383613479,497946573,-622586726,1070251200,346500686
10,6,3,9,10407,1453404522,526133591,1049054844,2086734993,1985776015,1046716617
1,7,3,9,10407,-1842406628,1451183494,2120702391,-1842314159,258157219,-1248463437
2,7,3,9,10407,-1963508532,-2146320337,-1376660302,-821747681,276159112,197267409
3,7,3,9,10407,-1274527145,1766415251,-158208928,-2104720236,-2073210783,236287740
4,7,3,9,10407,618686332,1710133221,2014474759,709880799,-1314249738,-1876227819
5,7,3,9,10407,1651670521,1518820161,506957675,-1292659476,312650769,-5014027
6,7,3,9,10407,818406028,-890127746,1677481099,-268750707,-1408410588,-1574876203
7,7,3,9,10407,-1601965700,-1753841725,-228593411,-1394404872,914580703,1208913490
8,7,3,9,10407,1958080120,1685756638,-1114311722,-1616205773,675111412,-1368110973
9,7,3,9,10407,1141945273,879844605,-295295494,1273437816,-2140796177,251153264
10,7,3,9,10407,-1186991878,102218882,-1068890521,1193365991,-517271547,-408596672
1,8,3,9,10407,-516989277,-2018558831,1054959391,-1604645321,1320183689,322666438
2,8,3,9,10407,-1105051182,1372327450,2066168380,-82335132,1017555851,230626349
3,8,3,9,10407,1587532207,1227821903,1130701945,-490608401,1351251700,-1137991254
4,8,3,9,10407,-2008688109,652658055,1702034322,1425215493,1810119930,-469878289
5,8,3,9,10407,243989157,-2084994368,1146682082,1967034607,1094013210,566836639
6,8,3,9,10407,-1643419985,-1774379796,-76036373,-375169590,-2098300514,177603672
7,8,3,9,10407,-1632291192,-495734298,-1869301558,-1571414124,1501726249,1296490270
8,8,3,9,10407,1086109789,1046769994,2095636712,1077012339,-2010955585,1228409706
9,8,3,9,10407,1237941020,-746563547,-1318127943,-701958458,713863010,-933457583
10,8,3,9,10407,-1580898967,743226255,64271296,-1984928827,521491330,-2066599255
1,9,3,9,10407,-568836113,607996319,-1367346541,171567031,-576058929,1946054084
2,9,3,9,10407,-2007571073,2085443643,-696825009,-1107943541,346022959,-668351730
3,9,3,9,10407,1869241086,1829173082,120795477,-821193109,-1992979238,665963296
4,9,3,9,10407,861282172,-1529075255,-1654722294,-1203186279,-1063850046,1903974087
5,9,3,9,10407,832461342,734017814,-11616633,1601844406,1669355580,-1516012841
6,9,3,9,10407,1091624285,-417385605,-238913399,-11248504,-543458477,-1175709650
7,9,3,9,10407,830214674,-1860701730,1916992880,-611149993,-1304868567,-1330549410
8,9,3,9,10407,-1897488126,805274708,-428900630,660288292,-1575709099,431340849
9,9,3,9,10407,-1782493015,697897678,-1067867989,-693186416,-1924289765,2118073494
10,9,3,9,10407,267506076,-302910668,-1117116689,-2105993195,-1482550902,-2003482919
1,10,3,9,10407,78277276,612451102,714079299,791790604,-1494735570,-537522194
2,10,3,9,10407,319422710,654770473,-1396061835,1157816943,-1518526758,-1217251460
3,10,3,9,10407,924590168,-1313559964,245756758,1591914442,1306448764,-718392900
4,10,3,9,10407,-1648416557,2145172853,950963706,-1049512320,-537846862,1279284708
5,10,3,9,10407,2025495511,-889605280,-2107581924,1037235759,784396795,-2016558749
6,10,3,9,10407,-110543777,2069482763,-1715202627,1680338976,1400083994,-1662334130
7,10,3,9,10407,-1771837433,-384382238,1957304806,278941584,560460407,1021491120
8,10,3,9,10407,-873428425,2099970817,1351364354,822436397,772404572,2002034177
9,10,3,9,10407,-1984833542,1391035570,-1687810586,-1611551123,1840482844,419330543
10,10,3,9,10407,-1854893593,838378870,460346432,1021550922,-1572741992,-2105299574
1,1,4,9,10407,1925479250,537519248,1086115243,1148851525,138899707,-249625196
2,1,4,9,10407,910303826,-659819906,837236966,1493329265,701990140,2122431953
3,1,4,9,10407,1678120307,-938259910,-870281945,-1157932863,-983264559,1801157261
4,1,4,9,10407,602670912,-742958038,-1547330318,-1359912883,-1634348944,535476593
5,1,4,9,10407,1270381348,1420290115,-1935719388,-555368749,738473852,1246643313
6,1,4,9,10407,1515325584,1430984431,-819924827,322984446,95814208,2116056697
7,1,4,9,10407,696279693,-1752636315,1766781392,-1216311998,841012165,-621833314
8,1,4,9,10407,984724480,-667588624,-1597489075,-1548441894,-2070851450,1307088510
9,1,4,9,10407,135509758,1459982849,-1531918210,-1430544890,-742230503,1868176518
10,1,4,9,10407,-1401828134,234397489,896044319,1999863102,-963378506,-2012768876
1,2,4,9,10407,-1204335614,1441693528,-1672000707,1759279724,324037083,-1921946030
2,2,4,9,10407,119288606,1149250160,1298886169,-676553153,-1046130729,134915453
3,2,4,9,10407,-1495601918,532814084,641653107,-1119485023,691541061,-470423688
4,2,4,9,10407,-529605305,-1030613307,-741769530,-1527867387,-571111844,1236982158
5,2,4,9,10407,-634682959,1044354822,-896073607,-1114052934,94743991,1713665602
6,2,4,9,10407,-938853294,224234407,1848131205,-8174600,-88098619,-55487862
7,2,4,9,10407,1153171693,1024726124,-598706357,1422636166,-834419936,211183677
8,2,4,9,10407,1310493958,-173902787,226490829,1620597286,1864742714,-663636967
9,2,4,9,10407,-448285951,1117641969,279478352,-758107920,-1102984329,-286426616
10,2,4,9,10407,1620183608,-1622794173,-1372539767,689082920,590332402,524490402
1,3,4,9,10407,-2047104646,746389351,2056368121,2137998478,246806054,-2125336854
2,3,4,9,10407,-537890140,107368085,-322121904,1377478990,1690358479,-2123411545
3,3,4,9,10407,1108705335,1994900450,-1154268048,-2020039472,-1153254047,1719329668
4,3,4,9,10407,807013332,1601644451,358323851,1762650281,-1450800357,-1320069976
5,3,4,9,10407,-931008831,2024701235,69434828,1987245330,-350093710,-1085892752
6,3,4,9,10407,-673395548,1714155030,1560410287,2034413622,1633845961,-174784655
7,3,4,9,10407,392767508,-811299049,-1017978721,-786732494,-1167653204,448091754
8,3,4,9,10407,742785738,-695102856,-1654820741,1518864897,-1658372796,-1909398363
9,3,4,9,10407,-1616695916,-72709995,-796638240,-2029379314,-893288342,-1532112274
10,3,4,9,10407,-1251834644,-1998129607,-591259400,-41806782,285376477,290526534
1,4,4,9,10407,844019416,411488483,1351846648,-2836405,-1578043312,-1365280275
2,4,4,9,10407,-1026192560,755486404,-785212778,-1259727771,-357774649,1196191093
3,4,4,9,10407,184772975,-1439483903,-457359861,-284096932,-35455282,-1406927839
4,4,4,9,10407,-1820358512,1869632305,-24454502,1177234367,1164155527,-20629722
5,4,4,9,10407,-259469941,-853976098,287083851,-1240462984,-1056201780,928880070
6,4,4,9,10407,-1904637565,388949791,-592420169,1100406095,-2118232099,896177504
7,4,4,9,10407,-1567560671,1195314197,840837114,-63798987,215858262,-1982644497
8,4,4,9,10407,-2039706442,-1653851649,-1493960554,-99173053,-1400574487,-1339961420
9,4,4,9,10407,1907061831,1776360532,1573673065,1464667092,1978364433,-454340375
10,4,4,9,10407,-1124477285,-734186891,80950091,1126767420,-160013747,-382687452
1,5,4,9,10407,240499070,2088994967,1562143249,-1392317208,1874963217,-1514496725
2,5,4,9,10407,-1910149122,2097021595,-1345376387,-1649962576,1876404447,1826301744
3,5,4,9,10407,-1036202158,1729547611,1985548315,548296912,-766596198,-47625972
4,5,4,9,10407,-500450727,1187028900,314351185,2109046294,-2086702701,-457495901
5,5,4,9,10407,-662039112,1333236738,1963321705,-314788024,1148496331,484846193
6,5,4,9,10407,1641055923,1474446256,-1563502844,-726281585,1843391530,-2021550310
7,5,4,9,10407,-1981092094,45858898,1655789721,-262752854,1066340590,1994108189
8,5,4,9,10407,392910251,-1772197988,-692309226,-974330584,-1325784656,-1623384305
9,5,4,9,10407,-1891513338,1159491305,-1771021761,-1941195825,1350365445,-1824391087
10,5,4,9,10407,1585254831,730105549,-716119318,-275452528,769698637,921718587
1,6,4,9,10407,-1383738547,-80166235,1104686592,-652228413,-1052302371,896775742
2,6,4,9,10407,297750447,-1713235895,1678865349,-1347090284,1455138690,1210691063
3,6,4,9,10407,-2102743055,960499599,-296696927,313582438,163031444,66416807
4,6,4,9,10407,-128515353,-1350525191,-1551235526,-1417981338,-1855640241,892612007
5,6,4,9,10407,-1413246734,-1049708590,-1173742669,-2005482285,-1836064951,893073876
6,6,4,9,10407,-873566464,-814835559,-212759674,-908024201,-592660874,-1613413668
7,6,4,9,10407,1491098135,-1571526596,1291939759,1747948944,346962524,729046825
8,6,4,9,10407,1430656718,1976702903,-303421379,-879637637,70880482,-481244704
9,6,4,9,10407,276031179,-206171159,1645246275,-1665318859,910773620,1376779061
10,6,4,9,10407,238913584,-102378489,1589775891,1206996470,-68323548,-1939413559
1,7,4,9,10407,-1329069334,-1794377900,-1175469785,-192212511,1634096199,1742247112
2,7,4,9,10407,1009500900,8431900,-1479967398,-311449391,1535429843,2044738908
3,7,4,9,10407,-749565571,-384951917,374224725,-1090304953,53178200,-1123571819
4,7,4,9,10407,186323022,-2025799181,-548612401,-2031208224,140291566,-1282047087
5,7,4,9,10407,602282330,-1492110203,742120385,-99379916,-183176664,1803445348
6,7,4,9,10407,-1349724318,576418347,1769838739,495467772,-693349278,-465826557
7,7,4,9,10407,-1550539851,-2108833558,2128011781,-1735752098,848630267,1826218371
8,7,4,9,10407,518078193,-575102695,168850311,-409884498,1958137266,-197863323
9,7,4,9,10407,1460088269,1209157186,-593385541,-623494976,-361734363,-1389178155
10,7,4,9,10407,-1647351070,-1645908311,1675841174,1132811816,-1065968879,-747552910
1,8,4,9,10407,-1263400998,1922794754,-1816592062,965683082,549855871,1141281687
2,8,4,9,10407,1611242338,-1744783838,144319807,530756552,-1384970330,-1143020408
3,8,4,9,10407,1775951525,1776983736,1900358248,824456077,-489319897,497815224
4,8,4,9,10407,-178209873,-1536794005,1959275695,-1846269318,-65518102,-1285532027
5,8,4,9,10407,1068514374,1271605231,-1025705404,-1427575630,1810608443,962188905
6,8,4,9,10407,-2091894607,-2134855316,383251415,478728804,-552587517,-822994612
7,8,4,9,10407,666439302,-428586809,-360986239,369878316,-357571654,303143468
8,8,4,9,10407,-37433820,-2100941046,-814747921,-762218285,-1357743157,-1848437682
9,8,4,9,10407,2124590133,1942663452,-941121142,298835241,-708029437,-2098496203
10,8,4,9,10407,1669740926,486588830,734526150,-1185200460,1120460868,1354539358
1,9,4,9,10407,2059645429,177105308,263809035,1101683237,-120795250,-495042310
2,9,4,9,10407,-1644387587,172302178,1787709153,-1826038073,169016603,587211100
3,9,4,9,10407,1507500155,-52710299,541413142,1057315995,1944377350,-2121479831
4,9,4,9,10407,639501884,1541228176,564657324,1879609983,-778442015,1717954490
5,9,4,9,10407,440581092,963140153,1601893251,-1034720967,1732443813,-1331086251
6,9,4,9,10407,598975910,1340677865,-2144476129,1142886036,-331150580,-643744722
7,9,4,9,10407,973058824,657651905,-1807319074,-48612326,-1887283734,-238672312
8,9,4,9,10407,463358699,960732659,117651473,1739530671,1141538941,-878888015
9,9,4,9,10407,-6477600,1797550602,231150411,284449786,-942631151,-850437532
10,9,4,9,10407,1904755814,-1081701943,1627541388,1635276613,-209811904,-747801017
1,10,4,9,10407,1638074271,-522234925,176530326,1232694175,156819172,889766706
2,10,4,9,10407,102482993,-373524169,899692496,-1871151712,620698156,1083189560
3,10,4,9,10407,-244890019,1176120762,-1184988907,869896797,857103005,1959638306
4,10,4,9,10407,-1340029243,514531415,2006081503,1675002863,-1718341034,-928754771
5,10,4,9,10407,290730766,1800715103,100111028,713141012,1142382764,-1499694337
6,10,4,9,10407,-753224688,-1400297091,-2143461581,-245475754,61457086,1403911656
7,10,4,9,10407,1418059963,-1075635822,-120914373,-356284310,1147548050,578961669
8,10,4,9,10407,753319308,2028542547,1527037601,-1654577698,-1389214567,490313598
9,10,4,9,10407,-673875610,155840582,-1540690369,446349747,-1736085536,-1830699747
10,10,4,9,10407,508279142,-1934764281,385174900,1560466077,-1408078898,-1420032735
1,1,5,9,10407,1407098176,190838238,-1083797367,547074882,1036536784,2026756966
2,1,5,9,10407,-34738142,-2119711314,-1757941478,-546440514,-857934452,-1131364125
3,1,5,9,10407,-1785311043,-706277426,1654566751,-1770591716,494233352,805205457
4,1,5,9,10407,2094887162,1777174635,-1643435681,-958269219,-852985184,1370392293
5,1,5,9,10407,-306897422,-1033933464,1511567241,-369717974,56856,-347281865
6,1,5,9,10407,1356600006,-1832168142,1447438280,-93217799,1602066965,-1537467679
7,1,5,9,10407,926870326,-2131897398,-488556089,-237991129,-420060687,-513381211
8,1,5,9,10407,-479962928,-486947220,-804721157,194431928,-822056583,-1768051002
9,1,5,9,10407,1620411459,-1536363823,-336399616,1217173237,1042734905,752842533
10,1,5,9,10407,-2027460218,-190812352,1442432050,-1663179052,981237814,-711284135
1,2,5,9,10407,544615528,1142731814,-860653059,1149143890,-1171130240,-830204195
2,2,5,9,10407,1279824071,131101869,-1219772442,262955549,-509325501,1142394520
3,2,5,9,10407,305129901,-161399931,2016598377,83979740,596307427,1472911057
4,2,5,9,10407,-1368777604,-750928204,-1182949616,1032156257,294716030,-1302505842
5,2,5,9,10407,-1827594001,-1245100246,15214752,-780942665,-1493389294,-837544806
6,2,5,9,10407,-674252630,1184445430,-731122861,1322420641,1402808399,1720302394
7,2,5,9,10407,-1011127595,-1994929844,1503134385,1743941,-863513145,656424624
8,2,5,9,10407,-1548707033,-395783228,613918166,1672949357,-1042993817,-1218638424
9,2,5,9,10407,687533383,881350469,1846944601,-1993071012,-1662264094,1790814046
10,2,5,9,10407,1828714568,7742466,793220837,-163174624,992096551,-10461392
1,3,5,9,10407,-1442732365,-406079352,115269394,1609461449,-663352911,623493716
2,3,5,9,10407,-1749184897,1479555486,484396553,37452719,-981669449,-462417700
3,3,5,9,10407,1021961531,565661183,-373465804,-2043609194,1509760285,1801061867
4,3,5,9,10407,993248338,-1938333233,-1588561975,383864690,1322519147,-318495013
5,3,5,9,10407,-1916080410,14416765,297149543,1544584067,-175403152,802270133
6,3,5,9,10407,2114925759,-1404358941,-1525328425,-1272929265,1841388128,330718421
7,3,5,9,10407,1964878971,-851136964,-649146953,1219685801,420085039,85992773
8,3,5,9,10407,-125813698,695740824,-2057341666,-1126136074,40213060,1207381149
9,3,5,9,10407,-169516647,769967810,-1177983523,-2034837673,1948550691,-1296647406
10,3,5,9,10407,531645199,-970104427,-922537982,578300251,1107357820,-382018934
1,4,5,9,10407,928342684,-448990964,2079534302,-1270462709,1857668328,1322418445
2,4,5,9,10407,-1668098727,25552402,1701915721,-367841103,121982729,2124735446
3,4,5,9,10407,-64337753,-1845113190,-782675466,-528129920,-417189549,-1703565463
4,4,5,9,10407,2100311436,1488665498,-430081421,110372683,1178157598,100836174
5,4,5,9,10407,1431185484,1425450858,-442212712,2131498180,-456964048,1805201148
6,4,5,9,10407,-393288739,-950024443,-781404503,913018331,1385916334,512688957
7,4,5,9,10407,1477074497,-1627902102,1806277027,1784482178,1195270413,-1692060920
8,4,5,9,10407,931016651,-1415496072,596067847,2083726107,1320294525,640543127
9,4,5,9,10407,-266885285,-1393442350,-292321639,326314286,-415715312,1559868347
10,4,5,9,10407,-1811265338,-1172875026,1794556989,-1666929909,1031515619,1131263541
1,5,5,9,10407,45590698,-1349374490,1132368764,-276794784,-848660336,-1808303803
2,5,5,9,10407,-1369905218,638950638,834476297,602608087,70242569,-1880580748
3,5,5,9,10407,-758805449,1513136298,1281400067,-1976111028,442446323,18246370
4,5,5,9,10407,-1109531245,653619388,-1836696859,-2943282,-1050322793,-197455489
5,5,5,9,10407,-1706949992,2127298318,-255046474,-557414136,554922699,264532466
6,5,5,9,10407,1185752178,1504135081,-1333022140,1080816537,766079380,695534883
7,5,5,9,10407,-1157157713,2097495563,-1202894780,-1615393243,-104991250,1049991896
8,5,5,9,10407,-1682471349,-1116560408,-2107121927,1072516153,1269860240,-1059640716
9,5,5,9,10407,1406933759,-869947278,-752433555,-499550836,377156484,907944557
10,5,5,9,10407,672058902,195938384,-228320142,-1442131502,1773517780,1141824498
1,6,5,9,10407,-329030028,-1445194073,-524337828,1039349248,-666113560,1659164456
2,6,5,9,10407,478865563,792638016,179982519,1358535283,313037159,-1272972106
3,6,5,9,10407,536155799,-1110041495,1766989586,2057063780,-283380889,-1120646028
4,6,5,9,10407,16611628,1690530281,288609129,1866453762,877726488,291857405
5,6,5,9,10407,-189857966,543160707,739807259,591784356,1224436965,-633447436
6,6,5,9,10407,1795496976,1431297209,-366986366,1409679788,-785365222,-960063522
7,6,5,9,10407,-771040255,873312553,1917056463,-1150286355,1347927738,275364789
8,6,5,9,10407,-374236740,1861636790,1571655065,-1787058616,-1733367130,-78945533
9,6,5,9,10407,1328893334,-624098722,-276876125,80317294,-1356755628,-1809756264
10,6,5,9,10407,1375318962,580913122,1495636610,-618871279,1052956344,90407808
1,7,5,9,10407,1439214934,759976709,-1204476196,-822321276,-130917124,-1183602207
2,7,5,9,10407,-769391338,-549364813,1600278817,1151320561,-1299607541,-44792976
3,7,5,9,10407,453222083,-1632859917,1011939276,1457850221,-253740097,-749537069
4,7,5,9,10407,-781647633,-1032906448,21143391,986058618,1723199194,2138410810
5,7,5,9,10407,-499093335,-1418254190,1203417129,-1203159248,-842866044,2089661497
6,7,5,9,10407,1397080617,-1654969179,842209361,1439251207,1095231048,1326040515
7,7,5,9,10407,-1391057726,-2025347022,-1748875029,-881644102,708805556,1896008567
8,7,5,9,10407,-1067817799,-842702033,-277096929,-275191547,492080354,-267198908
9,7,5,9,10407,-1378283996,1684844480,-936185735,869122198,910547291,-1189931252
10,7,5,9,10407,-1723021338,32014559,-1064495627,-1024452963,-905474033,-1492930264
1,8,5,9,10407,-253163176,2081987848,-1043019220,293890644,-1702695957,352530717
2,8,5,9,10407,-122295796,688368810,-1744908441,1654742634,-1375377084,70527729
3,8,5,9,10407,1101745327,-1491186540,1900319075,1426510212,-472720779,1432251129
4,8,5,9,10407,-1713765836,-1501899772,-1176451084,-710440265,-129028385,-1623966807
5,8,5,9,10407,-1838302905,-1122739839,-454245417,1433003394,1253273674,-1904864712
6,8,5,9,10407,25266210,-1301444862,395819690,450592284,1373711309,-701370178
7,8,5,9,10407,368355218,828906395,-1440007189,406581651,992106051,-1271539907
8,8,5,9,10407,-79812704,-403258881,-1010319013,-515174679,-644543905,285414607
9,8,5,9,10407,-1732681255,-1244279487,-13100163,-1845261362,133143995,-1810999106
10,8,5,9,10407,-832579492,408757959,337200688,1283406978,-207921587,1060033242
1,9,5,9,10407,-1582471487,1697756688,1552245672,-368282335,1725102276,-1453677698
2,9,5,9,10407,1287498094,-573376798,242782795,-2078643867,-89203866,197966893
3,9,5,9,10407,415998769,-534192335,-1344063031,2101388656,-1689428454,1526593299
4,9,5,9,10407,-727497239,-777182245,1488636396,-1125859660,-872569741,-673558254
5,9,5,9,10407,2075579450,1047671470,-87092915,916377914,-1599545263,-968419035
6,9,5,9,10407,-1879689322,1320151912,-347538358,1530347158,782558069,-1324113722
7,9,5,9,10407,169288570,1900412681,-223525147,890896927,1742802655,-1564349709
8,9,5,9,10407,-1210250584,-1957525483,2021321194,698538804,1731838399,648017384
9,9,5,9,10407,-1706923386,1842866063,1978825005,-27019359,2046347600,1197643145
10,9,5,9,10407,1413076395,1406260049,-1551050303,-1787534931,-152519208,1426313104
1,10,5,9,10407,367257636,-1134437734,1480834240,-1992504117,989135299,1024334947
2,10,5,9,10407,-159244995,1413792868,-1581559000,-2092294613,1624393084,-1573857786
3,10,5,9,10407,464635260,-287785212,253439129,1298788130,1033913330,1671725757
4,10,5,9,10407,-1372412976,-417843335,-1990341316,1595940998,-1456146712,1773352095
5,10,5,9,10407,-662684647,-664178678,-987048891,-1824010418,988951406,-1699340050
6,10,5,9,10407,-618769231,-157752969,-1800894699,445982338,1352908561,-744412930
7,10,5,9,10407,2036098957,-1841899679,1298083939,796819097,2085294462,748338320
8,10,5,9,10407,-249867307,410640169,173194136,-675010140,1260224413,-1950673165
9,10,5,9,10407,1464317542,-1114965389,-1635239653,469139737,-1352033175,-2135835293
10,10,5,9,10407,1553519961,-1427886674,1673987917,-955422367,-2071894488,-1453013408
1,1,0,10,10407,-1371211674,1927039464,-1201429336,463368267,560435458,409631023
2,1,0,10,10407,234733063,200619161,1978813381,717376348,-586139171,345334293
3,1,0,10,10407,-1845242816,965801600,552855642,-1137779356,1566779746,-2069877518
4,1,0,10,10407,1284533144,506137001,-1642471489,1254574264,443980766,1153017417
5,1,0,10,10407,1195511229,1930403532,1471886678,913910568,-505304148,-803835848
6,1,0,10,10407,1298877496,1697493243,1301527158,1240550123,858591959,-1807133296
7,1,0,10,10407,1628290303,-194249247,1652760789,-2031495944,-1540209744,2091700804
8,1,0,10,10407,28418577,224404784,800179160,247371119,1838899623,1395510807
9,1,0,10,10407,1301026948,-2053030939,2015801256,-207612947,609974384,128509012
10,1,0,10,10407,1822265323,1231091679,-1178278785,-556204424,239051499,321755200
1,2,0,10,10407,1599319677,1076225681,640555038,-112314630,1252981532,-951390515
2,2,0,10,10407,-180128359,-1040968498,2044107765,-1864085619,-1599104194,-795889322
3,2,0,10,10407,-946038151,830732331,1528176335,-1165216698,-1715287496,645618413
4,2,0,10,10407,148124064,1050030190,761276965,686113330,82373706,594770024
5,2,0,10,10407,1916029520,1247802796,-1922159248,2138795335,-1713388524,-1375935767
6,2,0,10,10407,-1696705715,71410135,930163562,-1252592873,-995395954,1580531055
7,2,0,10,10407,-1906329822,1170148415,1214460926,-1055206186,-130360747,-796457057
8,2,0,10,10407,-1371464805,873800950,-462534743,834627067,-1248759801,-1822644363
9,2,0,10,10407,-1551614273,-240791410,-209330851,332567451,-1252421687,-813539167
10,2,0,10,10407,1202068874,194822822,317600945,269262195,1721414121,1365949476
1,3,0,10,10407,956220006,115821333,-1694886879,332990697,-1561358490,2082936233
2,3,0,10,10407,-1217647628,1232004924,420479927,796731806,-978487985,-148495010
3,3,0,10,10407,1428352883,912021322,-1761387299,-838327314,-44053591,577513206
4,3,0,10,10407,1998389956,-1253226117,-1799507997,-2120697740,1893828437,193014379
5,3,0,10,10407,-302074665,1944730447,96988547,-347521422,-731165281,244740441
6,3,0,10,10407,1390041254,-696326736,219337483,363002528,772535570,-923919424
7,3,0,10,10407,-713828996,1216924821,2065254136,1071174143,1404307972,-408163645
8,3,0,10,10407,1729774845,-734313285,-765692609,1541401519,1111173293,-1854972949
9,3,0,10,10407,776216662,915053386,-1954149816,-791830806,-1249931931,316080575
10,3,0,10,10407,1736264084,1591130674,-379093691,-2083806667,1037519169,944278340
1,4,0,10,10407,-2146832784,1431221950,-141359331,1060451239,626926444,-888062854
2,4,0,10,10407,-308085060,-1258956284,1544081490,1649920817,-2103703093,-796177373
3,4,0,10,10407,-1231208328,-1850964733,541845982,786081793,-512062785,368237517
4,4,0,10,10407,-726168624,719989337,190069334,-1442641018,1757923237,1222378207
5,4,0,10,10407,896538922,-412147884,-1297534780,-410348059,-709325946,-28540158
6,4,0,10,10407,603962289,510113876,-1295575424,1892970143,-1566332928,174066392
7,4,0,10,10407,1387976540,-1085508391,1527566675,684496308,-1984736389,-1764956978
8,4,0,10,10407,-646873851,-926031268,1040159906,-769703510,595668346,1508715446
9,4,0,10,10407,-1807888630,796858541,-525205878,1530316311,-1394123510,1464089209
10,4,0,10,10407,363101839,-2051437443,-1497381271,-332648198,-1803326621,-1756324133
1,5,0,10,10407,-1380667610,-232871345,-1971382997,-150730332,-151413985,1007186531
2,5,0,10,10407,257590975,-222611904,-16548888,-1753156451,-735286462,368213806
3,5,0,10,10407,-2122480489,1736241283,-307989845,-56938237,-1206849278,-247793927
4,5,0,10,10407,487342544,1441461525,-2026178573,-416228527,-780879368,-227950614
5,5,0,10,10407,653220667,1043636813,514512200,-1697144363,-1541821004,312064593
6,5,0,10,10407,1977507307,-1533904377,-1908659184,1146515529,-493232783,573475525
7,5,0,10,10407,850071634,1928321737,-1877453309,-1850806453,-263114381,29122836
8,5,0,10,10407,93848823,-44406914,1237295595,-180767822,-16980850,-99636195
9,5,0,10,10407,-1462177472,1965535417,560672885,-745095642,-1719541412,-1896713119
10,5,0,10,10407,1926653005,-1554043404,-1875979322,993736809,-1194369078,-556628004
1,6,0,10,10407,-326784484,-1131838891,-1604998239,435352351,-1480758541,1856923998
2,6,0,10,10407,-1436126180,58334254,-2136128905,-2087460569,-1133681875,118345140
3,6,0,10,10407,167224871,2012513952,-894853878,-146119970,-2119102646,-1469987170
4,6,0,10,10407,-1981695973,548660195,-1875823446,-277064476,465232136,-1903006891
5,6,0,10,10407,1275154900,-53693163,582471493,-667922738,757756904,-1227794300
6,6,0,10,10407,1670019487,197713526,1193926659,-1210919462,-473478433,-889204844
7,6,0,10,10407,-492041602,-1620724694,965209452,-1363191365,-867933290,-1625174689
8,6,0,10,10407,-1232340472,612992967,-187675197,-855288203,-1882554096,704729230
9,6,0,10,10407,445835664,-468187885,-2006826657,2002552131,-859794726,11965180
10,6,0,10,10407,-599706614,1630200407,-382434795,-329523757,-355515334,689236278
1,7,0,10,10407,-77580263,-1872194478,-1231793640,-1439297240,-1781788046,-886279953
2,7,0,10,10407,-560187499,501050301,-851503868,-1364896314,1038632939,513085304
3,7,0,10,10407,1735709725,424118163,1647991434,-495082666,-101920943,-1649192336
4,7,0,10,10407,992795403,-208577501,563016097,305662082,-1416389489,-387019492
5,7,0,10,10407,513497018,-732634929,987271944,-109022938,-2136343031,2010857697
6,7,0,10,10407,785924027,774280720,1417508242,-37529258,-1418720561,-1434503870
7,7,0,10,10407,953575601,-1120278186,-301733874,-2099607738,-624592372,-1716653731
8,7,0,10,10407,2000463137,-303492109,1180983955,1834361265,-624258292,-1650178296
9,7,0,10,10407,836638775,341236142,1444253223,1227825271,1882645305,-1723872489
10,7,0,10,10407,-709608050,1403370446,-1931314875,857268998,2139860966,1795568163
1,8,0,10,10407,-184706800,-899520180,-694326475,1472046734,-699739254,-1898702341
2,8,0,10,10407,-128106744,-719588900,-227421672,-424174286,-534585667,-64846587
3,8,0,10,10407,-1871476372,546041471,1967032224,547651924,640410705,-746193699
4,8,0,10,10407,1051775954,-1717107026,542216654,770952983,-1825320701,1683893880
5,8,0,10,10407,137925457,1406918732,-2098228885,-457914521,-442084252,-2114753232
6,8,0,10,10407,-1248045253,-1553721266,-1394674883,308656437,1738513440,835954753
7,8,0,10,10407,356535246,-1375258731,581699711,1863953912,-684417868,273324930
8,8,0,10,10407,-371657899,-552165128,-97212700,-1639819832,-1970646977,-141889364
9,8,0,10,10407,2011071130,1229955286,-1454540260,1928297502,-1952051306,1309563800
10,8,0,10,10407,-2141885161,998877637,1281680927,1840233868,-915208965,1409806685
1,9,0,10,10407,-2081923173,1560794461,-64631158,-1021851254,-1806570579,452205061
2,9,0,10,10407,-220072792,139927931,296550347,258576262,-769045186,344586050
3,9,0,10,10407,1004965804,-450225141,-59688003,905740017,749033212,1874169
4,9,0,10,10407,609575705,-1840098592,1975319705,2092356005,648148845,649618967
5,9,0,10,10407,1702884332,-278764327,-1094724358,-1025220206,-845631480,-1293757753
6,9,0,10,10407,-1923985397,643578769,-886059052,-1115956764,-154484453,-2017158469
7,9,0,10,10407,1954826427,-1393788332,-425125676,645438891,1382649044,-738853954
8,9,0,10,10407,-285914808,1128773421,-1826910503,1815421022,1254850975,-424778941
9,9,0,10,10407,1699228417,-1169628250,2108722718,-1254942840,822537639,464213270
10,9,0,10,10407,562126637,20901792,-935161696,-1894714743,-510452302,-294145555
1,10,0,10,10407,523079077,1637288759,1301528759,1401871788,-2073390817,-1740722101
2,10,0,10,10407,-483298990,-1262397184,-767359439,-1475531317,-1481272069,1317099871
3,10,0,10,10407,-1229679284,308923839,-112239081,1128355614,-1994109210,-1204200135
4,10,0,10,10407,-892144991,1566723914,-1549553177,-1460873280,1581149675,-1382540842
5,10,0,10,10407,1728637214,-1819480404,-760727421,-1354965525,528889755,134903368
6,10,0,10,10407,-1960725081,990693280,-1727731398,29102751,-160863903,661125478
7,10,0,10,10407,-1194759088,-2066010625,710751559,588313912,1234366960,85297533
8,10,0,10,10407,244663110,-1151956841,-1509009631,1393546521,-106534611,-804862485
9,10,0,10,10407,-711426641,-1405408985,-1356361981,-2129330855,-1875010369,608865949
10,10,0,10,10407,1503086666,1263706882,525042216,-1978602648,-548443757,-494092957
1,1,1,10,10407,-1679602393,52456604,-336399019,296749309,-1266127979,1644126429
2,1,1,10,10407,-1075486936,232015256,-229449387,1526334497,451492949,-1248395137
3,1,1,10,10407,2035499197,231471732,1202189279,-1364978203,516513787,-1851461334
4,1,1,10,10407,-928585656,242605456,2146043395,1999899486,-700546744,1394071199
5,1,1,10,10407,1812623548,2054294367,-348063732,1709422702,568250092,-2091878868
6,1,1,10,10407,-172393660,-646378300,-1044018789,1568108949,635730914,208416063
7,1,1,10,10407,-557866850,1740229050,706316723,746746484,-167535974,-1251168954
8,1,1,10,10407,1792466820,2055582159,1955291560,148730385,-612322771,-723106459
9,1,1,10,10407,2003842335,2039005735,-1624944530,192353159,629898333,1462601433
10,1,1,10,10407,-335620052,1968742261,717343671,-904670573,1976422060,-1681713208
1,2,1,10,10407,428844713,-1680256148,1375915014,1322822359,-1192342638,1476004310
2,2,1,10,10407,1314021829,-531137106,-3399103,-1346768833,1785883659,-1514705963
3,2,1,10,10407,15947426,1286974492,938975885,-1829798976,-445811215,-1923193006
4,2,1,10,10407,1317416236,1565787567,-1928492819,904252707,-861388696,1329688687
5,2,1,10,10407,147453658,-730704339,-1931846437,1076041047,102678524,1624340047
6,2,1,10,10407,611835508,1706316949,1347124709,-1551764953,1859236009,1996755672
7,2,1,10,10407,805395326,-2094391489,2072502190,-1609320138,-818421859,-770949046
8,2,1,10,10407,-2084209007,-1220552814,-1874697175,-1630641239,1994861795,-499557057
9,2,1,10,10407,-1004155169,499552202,1253120049,1449348994,399937462,1011413685
10,2,1,10,10407,944555195,-1177539462,-1477321755,-1219149445,-913743593,-1091109003
1,3,1,10,10407,1896884337,-94112801,2130908474,751640974,-1206384038,-85088147
2,3,1,10,10407,-61726820,423010068,-1976414904,1590604479,1685166964,1091911823
3,3,1,10,10407,1312799797,-1612212760,2124426057,1668669043,-1238741588,1123389574
4,3,1,10,10407,1938977718,1913885778,-1548835033,-1798979813,-342137888,-563742124
5,3,1,10,10407,1646671516,467209711,631096210,1062680852,-212056769,548909633
6,3,1,10,10407,197740706,-1114017541,-4756497,2111921358,1750930525,-1957764890
7,3,1,10,10407,-1668764184,457568622,-1169073325,-377714106,-188902072,726242291
8,3,1,10,10407,724982508,-1141738504,-1614868719,1842968221,-1692276884,884459523
9,3,1,10,10407,-1301055093,-674025171,219668276,1640470786,-1475484390,309543467
10,3,1,10,10407,476471222,-1267587176,-1587287132,-1686983167,1642949385,1406845249
1,4,1,10,10407,-1242540377,-63946850,-673088609,-851825934,110921552,-1140255478
2,4,1,10,10407,-1416111861,2140257960,-1128421488,607458209,202429116,-1146409599
3,4,1,10,10407,-1017190308,1815076037,2136447294,995648471,2117811590,-93158438
4,4,1,10,10407,-1657806566,-844485261,-1095375051,54406039,262822235,1974997968
5,4,1,10,10407,1840154976,648342272,-2013533975,989851374,1663377281,1037013965
6,4,1,10,10407,937603699,188155439,892763623,1236685724,1400156312,-1272828412
7,4,1,10,10407,-1478917934,-1577109483,-1513565148,-1620011813,-1246028654,1330113191
8,4,1,10,10407,1419030450,-779543333,1859436869,-1696646047,-673814668,-1724422875
9,4,1,10,10407,1565438955,847919317,-1805112852,-1496044507,1303099337,1463795505
10,4,1,10,10407,-175191019,1178361470,999423270,-2011120599,967840353,-1763062872
1,5,1,10,10407,194599980,1021169465,1330472314,-1540233785,1113000970,-2024450123
2,5,1,10,10407,-593123400,1693609202,1114014919,530188778,823043777,1727892521
3,5,1,10,10407,-860251901,431280653,-398999575,-892962750,511484806,-746053741
4,5,1,10,10407,1809694372,-86306646,-132145634,-95127665,-590578752,1637685767
5,5,1,10,10407,-1446552988,136207173,-924150238,-24308895,-194611833,-1366962699
6,5,1,10,10407,1663837683,-223232718,-523138750,1899605010,1362958788,608743476
7,5,1,10,10407,1159830012,-803620326,1581104529,-953623571,647017980,-147549033
8,5,1,10,10407,2133734653,683387322,-1554938838,1459496541,754621962,436810782
9,5,1,10,10407,-1221406319,-2087756442,-2001803353,-422889870,563351312,1884703276
10,5,1,10,10407,833490495,354240795,1953664628,-153299571,104201446,-115298767
1,6,1,10,10407,425536348,-1284460353,39349571,875487734,-1491673976,-1669020791
2,6,1,10,10407,-1687353717,1172555430,-1073097023,444949261,454674724,-347748596
3,6,1,10,10407,1632549458,-1037541302,674875137,-1019449907,-900381867,2081635079
4,6,1,10,10407,176807704,-720358509,1137485239,39227039,696783136,-1259112103
5,6,1,10,10407,-1685300738,-1607466027,-382462642,-512989777,-1451811148,-1794600985
6,6,1,10,10407,-2020917124,-34372484,-832223933,-2133552889,-1824698183,1690775787
7,6,1,10,10407,-2071419111,628752773,148157753,166974089,1250180112,-2014237384
8,6,1,10,10407,-133683438,528698276,312029208,-636276094,-112699749,-1642333742
9,6,1,10,10407,1776368444,-161975234,-215280082,-133087913,845261147,-525901276
10,6,1,10,10407,1918326110,1466684709,1266468960,-623129210,-1086712685,1519260326
1,7,1,10,10407,-837543218,1620401121,-1465969151,-295233716,905616036,664367958
2,7,1,10,10407,1608261528,-30604062,1493078936,-1335275042,-544407260,1967412690
3,7,1,10,10407,-1810174062,-1485455418,-1006015238,-648347116,714545097,-647709805
4,7,1,10,10407,-601880839,1578873587,-1415305894,320541197,1849037320,2083366750
5,7,1,10,10407,-30171457,-1988154026,-876834812,1895249621,1245578006,-1368403576
6,7,1,10,10407,1613638692,-152436861,1361400107,-1403882014,1861840572,-371465293
7,7,1,10,10407,-613075415,-2123501038,2125792938,-1132247169,-606901196,227614597
8,7,1,10,10407,1652574223,-1311709904,-1072417672,-1787981674,547517694,2143893126
9,7,1,10,10407,963433482,-1407365481,1286159860,-385493066,-1416421637,-1690677264
10,7,1,10,10407,1883839386,-895191766,236214203,-595655793,1623417939,-2078150019
1,8,1,10,10407,974869297,-145382381,263979138,906098047,-1955164724,131017655
2,8,1,10,10407,-1327256884,-149380071,1336207134,1211100822,1254331355,-2106303966
3,8,1,10,10407,2036362216,-987500940,1344195519,-1188344369,-1052299248,1585312564
4,8,1,10,10407,-1642160833,317093023,-1037144188,-1414041975,-715450940,1368049932
5,8,1,10,10407,506591105,-1072937259,1850874881,1650897064,2122602914,-565302214
6,8,1,10,10407,-696245096,-1609827611,1157810957,1895595005,-1060173462,-1794321476
7,8,1,10,10407,-1118701494,49585859,272743039,2099448514,172256920,-1116791647
8,8,1,10,10407,-837631617,-1590087759,-468898658,2104339490,1343771586,1687678073
9,8,1,10,10407,-1193968572,953234339,-1169531938,-751795567,-1194425079,111638532
10,8,1,10,10407,1790587562,1938666693,1888067815,2056432967,-490412033,939838533
1,9,1,10,10407,-1551817067,-2099015769,-737931132,-429429629,788524789,107835432
2,9,1,10,10407,-838225136,-1362864218,-956299057,-55160739,1200926811,1932880365
3,9,1,10,10407,-1338422713,116624947,1756677228,-2000722340,1689030872,1233801408
4,9,1,10,10407,526134727,-1703863750,-134335334,-1025253240,-1053424779,-1665924951
5,9,1,10,10407,-1389031771,666444552,1523342063,-1475693159,1743893508,1896855802
6,9,1,10,10407,122605418,-1241689250,1092171026,-1111188129,738719123,1789361973
7,9,1,10,10407,-824376375,80463775,-2017360093,1722738432,1458892222,1491831403
8,9,1,10,10407,-808780838,1943737964,-1220769847,-1274573070,-919768394,624123532
9,9,1,10,10407,-728895726,1173801369,-1044866826,-673099017,-1474433697,461780437
10,9,1,10,10407,384248058,-561285195,-256994475,692064446,-456041790,-2088812777
1,10,1,10,10407,1508053070,295203606,-1655137165,-1918267796,1885642349,2097931581
2,10,1,10,10407,899303201,-1327674684,1679627692,1771038337,-2141878041,80485809
3,10,1,10,10407,-1146787743,-321560852,1828588369,-650212283,1669912421,-573313749
4,10,1,10,10407,1734474863,-1656981603,-768939270,300266152,1451015127,1612146384
5,10,1,10,10407,-1602412365,2017626354,32663129,204901102,880216570,1957302951
6,10,1,10,10407,1800518513,-120273613,-1845515064,-492363709,796673061,959307629
7,10,1,10,10407,1623465523,-526527540,-1176492120,-561931803,-882171393,1091482034
8,10,1,10,10407,900119428,1223502964,1998699294,962997062,-1667155418,-644129251
9,10,1,10,10407,702236004,250524846,-1007661485,-977072928,642086047,-1555863509
10,10,1,10,10407,1540586358,-86132476,-1465597696,1981053152,223131991,930151176
1,1,2,10,10407,1209956674,-1989303110,1899113428,-1828221848,-1173369903,1375157721
2,1,2,10,10407,-276015131,2068242736,413379121,-1820330693,-2014669224,1124090993
3,1,2,10,10407,2020958316,506626536,833426269,130608831,-857835302,-1333119263
4,1,2,10,10407,-200006136,30817764,422650837,1080116403,723957727,2056504508
5,1,2,10,10407,1074178909,1462159497,-679892078,-1854875908,-1205443093,726044370
6,1,2,10,10407,-1660564969,-418711755,899813481,-1055008200,495607150,-1791517482
7,1,2,10,10407,166039820,-1299326287,408634228,-1857176370,-1393934947,78042809
8,1,2,10,10407,-366352201,-1172633151,1687268545,598479809,-1514889135,1499999051
9,1,2,10,10407,1013852828,-1387139395,-701251195,273688078,1881537390,-1506368073
10,1,2,10,10407,1306448999,-979481020,-608724725,-1324125407,-755779969,406862839
1,2,2,10,10407,-2040490452,-901937727,1531609924,497854094,-1587609295,1206767183
2,2,2,10,10407,-1621061759,-1719108999,131292987,1343076083,-602028854,579091330
3,2,2,10,10407,1828785114,-1352289491,2107020669,-241323694,-1725141960,50361103
4,2,2,10,10407,-69170539,-583831145,-1667905022,-2018420111,-723806891,-1459343398
5,2,2,10,10407,639114172,-1743739580,1195202156,1196179716,424717080,-1904784600
6,2,2,10,10407,-1186983542,-25276499,-1262658893,-2133751653,-594797819,1084570354
7,2,2,10,10407,-217955094,-386881422,-725994430,-1046046195,-340450960,297569158
8,2,2,10,10407,915562375,894789982,-2002885451,724603292,-1869813652,-1807977428
9,2,2,10,10407,-630175020,627734641,-913807742,-5151562,-1984450297,-1219666253
10,2,2,10,10407,-2083278397,-1817752130,1375583261,-1765883754,1178030390,-824126109
1,3,2,10,10407,-1414270772,-1349924874,-973198950,-1391602100,-69217500,1367404503
2,3,2,10,10407,-1303389608,-1042045839,-1153677502,131463250,-627920531,-1825779354
3,3,2,10,10407,-20060700,192311900,1396232841,-1015660462,-1155017596,-668106036
4,3,2,10,10407,-254507942,-1254589060,1701165328,602426820,-959958975,1199806498
5,3,2,10,10407,1585635186,198014360,-983142868,-89268307,-2080475660,-725507104
6,3,2,10,10407,-636686235,2004118736,612882824,722957779,-748430723,-2088659158
7,3,2,10,10407,-843402185,-101795621,1312655551,-1717466896,-363663373,-615598735
8,3,2,10,10407,-3321694,875804931,-1286135819,-722267720,-1379129191,97943947
9,3,2,10,10407,483357787,1944197986,886137922,1819343990,-628003858,-49097704
10,3,2,10,10407,2005349309,3139731,337973842,1253328321,-1701874282,-2001248337
1,4,2,10,10407,1435725703,-1749529132,-2136680103,1242847941,134619333,627705251
2,4,2,10,10407,-71398096,-969336502,2022835150,1415400129,1997634202,-1141155746
3,4,2,10,10407,1279000488,-725001045,-233555861,-267825909,127990241,-72842746
4,4,2,10,10407,1404416500,667136421,709890918,1746127739,1970378168,2003702526
5,4,2,10,10407,-1852310685,224267194,1360812839,-1373943951,478120010,-1705082734
6,4,2,10,10407,1889700130,748886724,-206401037,-1240466384,1495946570,1689156373
7,4,2,10,10407,357801147,1827394480,-1036844852,1048595679,-759362865,161610442
8,4,2,10,10407,-1838969433,-738307838,301944213,-1197573028,604951065,-63348163
9,4,2,10,10407,1808236615,297482080,-673605890,1550191580,1001556997,2018943291
10,4,2,10,10407,466951421,-2102011709,170927472,1419444752,-485716042,1915678330
1,5,2,10,10407,-1832213131,-623509742,-1104799794,1741579961,-1458697994,28915967
2,5,2,10,10407,-1854005198,-451838817,354896287,-964935843,-320506169,-722846496
3,5,2,10,10407,-344673616,1466916470,1783954058,-401183324,-129468024,528423335
4,5,2,10,10407,2097252175,-746378631,1955999923,-1131534663,-1465995911,-1761553525
5,5,2,10,10407,340465885,1936639035,971460635,2130644761,-337583360,-987461954
6,5,2,10,10407,106602133,1905290731,-544045656,1275630308,-1948757053,-968787033
7,5,2,10,10407,-1100915164,479497114,1520112293,-245413701,-394223559,-1870252441
8,5,2,10,10407,-1139589113,-1919151076,237406776,687163510,1873009033,1984246182
9,5,2,10,10407,591723008,-353366630,430874186,-735754297,-2054464726,2086284632
10,5,2,10,10407,-1542088333,1186335344,2056732707,-1791507201,-1542171816,1500255853
1,6,2,10,10407,-2086568781,-843750915,-10752038,1949850167,807733887,1428752296
2,6,2,10,10407,-1826512581,1986154530,591171775,867307366,-807587757,-712735314
3,6,2,10,10407,-1845846273,-1783919007,1125230144,697870336,414823068,-1052714181
4,6,2,10,10407,449722743,1741838275,-1184580593,-1567475880,2023343189,-1309516064
5,6,2,10,10407,652826917,1550078716,-1710127826,2077247218,1141434236,-1095871273
6,6,2,10,10407,1119671261,1859771886,-701420264,-114613375,-616905350,-306882114
7,6,2,10,10407,-1780892782,-2082038625,-179117848,-1358590114,787441573,-1203659059
8,6,2,10,10407,-1242713800,-296848281,552537617,1006707149,1302591512,230038754
9,6,2,10,10407,25096347,1748008,-825955224,1665914189,1213879753,-1393605275
10,6,2,10,10407,-116380338,-1663281855,-1869972661,945927984,-1389498517,34614438
1,7,2,10,10407,184696107,741772633,-940517904,-502670668,-897459246,542752664
2,7,2,10,10407,-685774340,1702136175,1438091881,-67158012,1282143045,-1378295804
3,7,2,10,10407,-1189507938,-1814983677,105982704,837465974,2096462410,-1183339677
4,7,2,10,10407,-1477643455,842753779,-2146504893,1446299830,1143586645,-1228058683
5,7,2,10,10407,1302427723,-1949720306,-1917503802,-2041069975,-1310786731,-1198206673
6,7,2,10,10407,-1759895666,-1503337964,1118149496,1667380999,1315366652,117370064
7,7,2,10,10407,1441160583,-601534210,-1205295832,908294554,2095572078,515942635
8,7,2,10,10407,-1298111416,1935832354,820861270,-325966272,-2144147790,483680145
9,7,2,10,10407,1867472616,1470903662,-778906086,-202831758,-634996987,-75004752
10,7,2,10,10407,2029787795,1213250034,1344315032,1429248836,-173784002,1236559344
1,8,2,10,10407,-83081618,653015304,313479345,2029784033,1364058030,-659111772
2,8,2,10,10407,-102344310,-1022816742,845384325,579275322,-610428153,-593434176
3,8,2,10,10407,1294526141,2090445072,1884143508,-2107270830,2023264934,230397538
4,8,2,10,10407,1848984156,1270765233,-652434528,-922204728,-1079088385,320360822
5,8,2,10,10407,1014679213,2009469729,-1272450946,-1072564056,-1901710277,589624135
6,8,2,10,10407,-1555920206,-468530415,885836823,-1924616426,707502169,-544214667
7,8,2,10,10407,713245528,1823831193,-445174266,-2072099971,1946618605,-1390553854
8,8,2,10,10407,-382648751,-428647896,282752443,-247163339,11341471,-960240657
9,8,2,10,10407,-1088469545,-978698981,971247677,-921166092,-791434600,1420677335
10,8,2,10,10407,1540093222,-167527037,709907295,279819658,1186363290,-442589495
1,9,2,10,10407,-1578951906,1206493522,680674739,-925863655,-2061487758,-1184135049
2,9,2,10,10407,1987185704,607518577,1157727425,-639202258,884347804,-86781381
3,9,2,10,10407,-1040798026,-1190873613,-708050037,-2120516279,1063987861,-1939212
4,9,2,10,10407,1552107445,-22164228,-1585141294,-1760054413,-1486454068,357025367
5,9,2,10,10407,-1773043481,-1097075561,-111226181,897180922,309588711,-141568715
6,9,2,10,10407,-1866137589,-599302997,-843987015,678031814,1211463090,1460001257
7,9,2,10,10407,436014231,-262563582,-60815663,2069423181,1338039276,-1224141289
8,9,2,10,10407,-129287510,-1891263767,-509279949,-226552276,770258919,1334756871
9,9,2,10,10407,-1299433411,409098131,1329275899,-524295701,-1681693145,2130309807
10,9,2,10,10407,1319452324,-584656307,645930908,-178543814,1972116688,166494494
1,10,2,10,10407,-811799924,-2044941002,1604615324,1679159539,-1105532441,831913647
2,10,2,10,10407,1433887932,-1941958473,-816730594,-1997257889,-1301757986,2021327841
3,10,2,10,10407,-622243465,-2103167313,1103090834,-1408726751,136960395,-1693858684
4,10,2,10,10407,-606094151,864137256,723448767,-1685163351,1174442600,529377094
5,10,2,10,10407,-763967152,666879225,1311142840,-1661349809,-1313781726,214257795
6,10,2,10,10407,-601222079,-1558142414,773677154,-68752900,351458145,-224172564
7,10,2,10,10407,676752435,-754924690,-191756995,-1738373760,181024446,-732217987
8,10,2,10,10407,-503767991,1892250169,1320255827,-1264738143,-2066712794,793415279
9,10,2,10,10407,144273698,1752613216,997854596,746968774,1890991955,1686239226
10,10,2,10,10407,991226931,-1270459319,-200418313,1950353595,970947048,-1929458781
1,1,3,10,10407,851758201,-747502301,-774994174,-1051600679,-308681886,-1340240674
2,1,3,10,10407,1907884883,-1964883761,381987210,445614688,-1884318685,-1246768457
3,1,3,10,10407,419626720,965731296,-414498340,-988892478,822550550,1910934656
4,1,3,10,10407,-1966303129,-465521975,713476775,-2132175814,-1555671287,279278558
5,1,3,10,10407,1379638579,-1235999865,-1704588991,-1727813383,286544020,1762939797
6,1,3,10,10407,-359917298,-1858214804,656707297,-17126367,1754224884,2084375999
7,1,3,10,10407,-946391937,710028235,-1302326970,929500691,-1481320341,-654710131
8,1,3,10,10407,1917114775,-531917529,-1700160925,-1495422081,702888435,-2059154646
9,1,3,10,10407,1286563106,1784689366,-1991686806,-1001580516,1177046094,238837612
10,1,3,10,10407,-573933765,1261391097,384252286,1434174775,1217692160,1668294481
1,2,3,10,10407,-477188414,-1060997494,-28024313,1758340110,-287544155,-828661856
2,2,3,10,10407,-1388164013,-65760260,204501169,2132754697,-1244492683,-185476295
3,2,3,10,10407,-1841393139,-338687494,-1530757500,1192166959,1450646098,308365246
4,2,3,10,10407,-76477596,-1893265561,896435762,-1408701300,760879098,-1887053619
5,2,3,10,10407,-1413785357,778846532,-1598984004,-865764881,468323276,-1832799499
6,2,3,10,10407,901960399,1180983212,-1561906520,-2134822926,44303278,977591325
7,2,3,10,10407,-1145017412,-316052242,1407517909,-361178430,561338073,-977251543
8,2,3,10,10407,176415284,-2090646912,-1452288707,1584230700,-1228811312,307449477
9,2,3,10,10407,616217091,-412630480,1669087094,2049430510,440189398,-818132130
10,2,3,10,10407,1488528215,-1676339682,1994514927,-1033778286,-1279785618,1873923718
1,3,3,10,10407,903894835,-1753039587,-507899610,-1558010412,53472561,-1835171838
2,3,3,10,10407,1757789749,-1933158461,350704609,1287824904,-1554226273,-81226067
3,3,3,10,10407,-1945777722,-607673894,-531306378,-1915202500,-461748313,-63604609
4,3,3,10,10407,-1864676049,-431275500,1190336485,-507813902,3493252,1789594992
5,3,3,10,10407,68208753,-1507671888,-432064934,-689691578,1452644764,-177056769
6,3,3,10,10407,-473021850,-2093962468,-95244266,-1116433742,-683896788,-1287523794
7,3,3,10,10407,-111373294,619095126,2096522763,-1955908390,1775354403,1217818383
8,3,3,10,10407,145130285,-1813942160,185158524,986072612,-501878369,1913987337
9,3,3,10,10407,208974154,-230717090,1290108051,521070664,1038451430,939633341
10,3,3,10,10407,-793953061,-834100703,338851516,-2033736605,-562924683,2063434832
1,4,3,10,10407,1762666736,1911099056,1221239744,1355151550,1470729349,-112432386
2,4,3,10,10407,854371327,-534276259,1153466110,134231789,-1141413184,-980711817
3,4,3,10,10407,-2040928377,-166205794,-2087398631,-130059443,-338119709,-67399802
4,4,3,10,10407,-856614205,321873669,1170942032,2092837591,-2052494243,139919565
5,4,3,10,10407,629826332,-1739049036,1496106377,-801310202,860925213,-996850434
6,4,3,10,10407,-193020224,-376164087,52587309,-1107017306,589872622,770100079
7,4,3,10,10407,-714817454,105495466,-208850884,1411707189,-931470172,-31928793
8,4,3,10,10407,-412650988,852134605,1441478278,-558567520,-761190340,-1363030420
9,4,3,10,10407,1934798190,377411428,1653415242,-1533025570,-65663706,-967224534
10,4,3,10,10407,-1126250264,-1458306563,-1792114738,-202938450,221779773,2139186441
1,5,3,10,10407,1332893433,1981880152,240250144,869520610,-286770934,1276324207
2,5,3,10,10407,-1889546682,-509446999,854804770,-1095853835,-1533712390,-1395481650
3,5,3,10,10407,1942203163,874083430,-954052577,1357877643,-688405520,-1498789713
4,5,3,10,10407,1916340371,-669047290,-600874596,1760809662,-600528663,1161710293
5,5,3,10,10407,366324495,1394295489,-148432877,-1181664211,1903457196,273126928
6,5,3,10,10407,963776130,972279053,2007784858,-921910204,904163183,1807908074
7,5,3,10,10407,680722836,1052325443,-2104166012,-771163629,942837031,-2051586409
8,5,3,10,10407,77376645,-495547498,-1922460785,1126432143,1524237996,663951170
9,5,3,10,10407,-57889752,-193682059,656570612,-1533983703,-699145259,2038434940
10,5,3,10,10407,487734127,1587224534,1484835985,1661095507,1013651711,-2127478733
1,6,3,10,10407,-258642374,760225183,30822010,-1261540876,1922289874,354649202
2,6,3,10,10407,-329556023,-193572994,742453187,-1989289223,-1981811470,-1980316589
3,6,3,10,10407,1179793400,-1429660393,-1237425726,-627059957,312764960,-427283350
4,6,3,10,10407,-1826014991,574309479,2059376749,-256184022,1286806497,-1102619581
5,6,3,10,10407,-1648736768,-1375578243,983456369,-247376171,-668514638,-1887009004
6,6,3,10,10407,-2121451302,264770690,286169844,-1537411507,-1901965680,2110953228
7,6,3,10,10407,649305506,2093824624,1247639788,1685634140,-2007675406,-184850288
8,6,3,10,10407,-69994040,577375016,-1743724054,-601561920,205871475,-1820938593
9,6,3,10,10407,780899652,-1326898337,-1716495283,-372972975,-1731199932,-286294705
10,6,3,10,10407,-928634352,-2053357123,499663497,-1467575067,2081575519,-354247935
1,7,3,10,10407,1365530206,-1761269011,-1037878979,-1041943110,-1571940088,905857924
2,7,3,10,10407,575582033,-99373015,1377937885,1457404828,-657866217,453689035
3,7,3,10,10407,-437977505,-281173712,1322495942,-273486509,303064348,226401182
4,7,3,10,10407,1639252827,737390138,-754936033,99210890,-453574440,689714429
5,7,3,10,10407,1573961349,-1030186796,-959636173,-809268573,1347235528,482509367
6,7,3,10,10407,1786570415,2097868926,1324895204,-1769654502,458833758,-221215378
7,7,3,10,10407,-830781301,-621244514,-1994079672,-371263226,371434137,-1176653320
8,7,3,10,10407,-733717430,-1237460638,-1579529267,-80607273,-80346958,273129454
9,7,3,10,10407,1971184303,-1364689062,579971252,213781455,-759324817,470113756
10,7,3,10,10407,-1190063237,2007766619,-1006291663,811252275,-235451282,-1032620807
1,8,3,10,10407,1496186678,620931986,1084537193,312215664,1062845091,-1481813389
2,8,3,10,10407,-1809100811,200096688,152324127,-1701501822,192926505,1257573811
3,8,3,10,10407,-499979473,-418285218,-523451412,-2123116554,289303891,-1356535961
4,8,3,10,10407,-770168542,-837677478,-1650551747,461165109,823917389,1901822158
5,8,3,10,10407,2001938376,1588256800,113353070,-717905183,1035453565,1150824460
6,8,3,10,10407,824704471,-1750748113,258802116,209783534,1805247918,-2144587927
7,8,3,10,10407,1321429780,1203248251,-1711061012,-1504243065,890413617,-870756330
8,8,3,10,10407,293755024,-614204512,755382143,1923303141,1956157612,-1007821590
9,8,3,10,10407,1209864603,-905008227,1372937745,753760227,1388012058,-1226178117
10,8,3,10,10407,-1302554669,-1284771655,-517471545,-1890781093,800421425,1989030242
1,9,3,10,10407,2027906392,-1079377269,687808862,1553094369,-689426678,488085463
2,9,3,10,10407,297020257,-1770374450,63650521,1834398474,1747399669,-2094129086
3,9,3,10,10407,524403310,-2073609337,1505985450,-708826806,-216314477,-651983318
4,9,3,10,10407,-340168573,-1180384835,-847563461,-84739115,1098881090,1396611812
5,9,3,10,10407,-374617627,707330788,1772396732,180309041,102318208,1274255594
6,9,3,10,10407,-219650980,-2107205402,-1398583830,-1073311626,1538242399,1755821570
7,9,3,10,10407,-2100663206,637747740,1581369151,349798746,329767856,1512335103
8,9,3,10,10407,183168583,-1262189949,742207759,-1473872006,-903866706,-1230027941
9,9,3,10,10407,-1683638240,1834622580,1963109559,113747670,789334268,1097782096
10,9,3,10,10407,1557327595,-443914751,45411634,-1005544231,-688590763,-1405248339
1,10,3,10,10407,1812770157,-732380382,-40941524,756241609,398743002,1258495651
2,10,3,10,10407,1282760807,775336671,1915067896,-1102651528,2005035663,783872302
3,10,3,10,10407,2077824864,-1688366055,-1604667848,-704587175,384632006,-247446735
4,10,3,10,10407,-1975022245,956308822,266795648,1892548594,-752897364,-10454831
5,10,3,10,10407,-1529555299,-1932831195,-184423665,1726122518,-1257999194,1030284138
6,10,3,10,10407,1809748647,-1500850493,-1173530978,-1854915495,2128110141,200174271
7,10,3,10,10407,-629363841,883020672,-1467249460,-1595572219,-499680313,-1746889355
8,10,3,10,10407,1991470474,1552667196,-331702724,886763918,-1993818008,-970481907
9,10,3,10,10407,847822952,2128618817,-883071733,-1036744759,986070088,-60870577
10,10,3,10,10407,562389079,-598159050,3825156,608383734,-1840118044,1848629970
1,1,4,10,10407,-221502911,854992920,1763543320,1364357049,1749391640,217335852
2,1,4,10,10407,-1102257494,-1346618741,-1629650521,-170650080,-676246651,93712920
3,1,4,10,10407,2137955302,-2143187827,377046180,440454725,1422426441,687992201
4,1,4,10,10407,-936737203,-1589917276,-1135863530,617086600,-1976671629,-458521724
5,1,4,10,10407,707153068,-1083942250,1701184711,609813222,1168270816,662510106
6,1,4,10,10407,-1287098043,-1503890313,1419554242,-1909003986,53305136,-1114249464
7,1,4,10,10407,-909674137,-1634474999,-1203991529,1938847343,-1040012560,-1454244478
8,1,4,10,10407,-170354731,-23305387,-1133270166,-1055702733,977718794,1511076373
9,1,4,10,10407,283944957,1426554895,-1183103684,-1263525178,-293776543,1210842885
10,1,4,10,10407,891537704,1035656073,-419103805,-1410532581,-327042188,374320904
1,2,4,10,10407,206990124,-1703489497,1815417521,512587725,-1223481622,-968461841
2,2,4,10,10407,2134491227,-883321436,-52527721,-67990715,-2135330965,726639840
3,2,4,10,10407,-1482869361,434930316,1821636882,-779573980,340737735,1729814476
4,2,4,10,10407,-896281154,-550448137,1572847668,-791809640,-274716812,1667098456
5,2,4,10,10407,-1053504125,976672862,333131271,830515127,-1083220314,1049271944
6,2,4,10,10407,-997609126,1713992317,-1126964886,-1825297302,829413505,551512766
7,2,4,10,10407,612367954,-174431743,1486366125,971615915,-1341125219,-1176170195
8,2,4,10,10407,1306225968,-245506486,479479564,1447438101,433986154,-1443263908
9,2,4,10,10407,96881421,-426999486,2080730368,-426110864,-1488104191,1457195775
10,2,4,10,10407,-309897649,-949196457,1156264286,2145699840,-2037003379,624504002
1,3,4,10,10407,-10763794,388534350,786498932,1379295161,1682076434,342020404
2,3,4,10,10407,-1215598949,-399304079,-666392812,-1193693806,1213093664,1636615847
3,3,4,10,10407,-1568896119,-1410193261,-2102098805,-775298260,2048819403,-701960420
4,3,4,10,10407,1579348952,216207879,-2089153552,-874559464,-1438580008,-1195785355
5,3,4,10,10407,-888967485,-656632899,605630904,1466055572,707259544,-2021750090
6,3,4,10,10407,-16506324,-1653189612,2133061798,149928834,493508750,629360713
7,3,4,10,10407,-494027167,-595646825,-1048085358,320296711,1923015686,-2105263586
8,3,4,10,10407,1564304354,2095072939,959408698,-392420414,1008353415,-1140393181
9,3,4,10,10407,1064662880,1253160933,-119512432,-31009575,1845170255,-606786337
10,3,4,10,10407,504285107,-2000615019,1636345420,1952048224,408676400,-230891566
1,4,4,10,10407,-808857550,1962378459,-390835401,473707526,-2052238860,9771068
2,4,4,10,10407,-618885882,-771516666,-1876535578,-1757926251,-558931858,-891454204
3,4,4,10,10407,-1942896265,-1724833770,1234044316,1794060464,-1793645570,-1805022925
4,4,4,10,10407,1151829650,1045611072,-810067787,-731587081,106210974,-259719079
5,4,4,10,10407,1787006452,-661894414,7099682,-1674879470,582850212,310570715
6,4,4,10,10407,1529355977,1204921367,1695533730,-1153921359,-966520314,325424877
7,4,4,10,10407,-430198901,2070665659,18594890,391623586,-1512798356,-84001394
8,4,4,10,10407,-1748594616,-448280847,978574174,1211026412,1198403725,-324482455
9,4,4,10,10407,1649628001,52618532,2066735835,243305392,456803240,-159720547
10,4,4,10,10407,-558836048,-780928178,-1163352002,950179131,180376404,-515393039
1,5,4,10,10407,-61108758,1071044128,1121441238,1204974161,239354914,893882276
2,5,4,10,10407,-1585759918,1146620941,-1584915139,-964188828,1528943722,-117817486
3,5,4,10,10407,1598428586,-1173448834,-450026833,-261812129,1510338714,1004289874
4,5,4,10,10407,-931924366,2143228701,463104749,380879864,839969916,670247482
5,5,4,10,10407,1705857129,291602641,-1798431406,-732955878,1912609622,-190653474
6,5,4,10,10407,1356454194,-318587060,-53063934,208672049,-1205473617,927379733
7,5,4,10,10407,-360671468,695694724,-1015136767,756240191,-211123595,1085628232
8,5,4,10,10407,-154149437,697259679,-718787818,589899204,1080520262,704910853
9,5,4,10,10407,716576196,-1331160442,-1123499079,-2081539642,76757307,377005579
10,5,4,10,10407,-1663851914,-1614576180,708587123,-1067424301,-415142667,-1964031502
1,6,4,10,10407,372209815,387772476,638705384,-2080664989,-1181506970,-184438513
2,6,4,10,10407,-1954359803,164264997,-2103193564,-2062805291,547894521,946141091
3,6,4,10,10407,533058868,-2138786713,-1736242699,-816347926,-1273475325,1967512618
4,6,4,10,10407,1847011188,1083203569,105503813,1198749064,1754597478,1332852313
5,6,4,10,10407,-2089675796,1197250964,-2107197429,705388648,-70080674,-1310467947
6,6,4,10,10407,1274674035,-1603898097,-1099434497,-2125646349,-1235784059,1531189545
7,6,4,10,10407,848899575,-861846294,-852135501,-1819584383,1461351723,1350027298
8,6,4,10,10407,2086567336,912961643,1203763566,-637078816,421189938,-780255436
9,6,4,10,10407,-127985433,-395270690,485224407,-118139534,2135631501,-1584106220
10,6,4,10,10407,-1373886963,1992373608,324342907,-312072653,900327411,-780262221
1,7,4,10,10407,1281633435,-1389328841,-1741838287,-1922913716,-440356342,765885616
2,7,4,10,10407,755189981,660654287,1802013404,-1261289491,-1060679149,757171401
3,7,4,10,10407,1727188651,-1013507032,-1200937028,527311090,780719282,-1977851766
4,7,4,10,10407,1655404728,1916536675,-287380228,970701456,836588470,952414010
5,7,4,10,10407,-1477473836,865726481,354029276,-2134162089,-740683472,-659397092
6,7,4,10,10407,2142348766,1984720957,-498084796,317695376,-1810635121,-1512799562
7,7,4,10,10407,767964782,1778927954,1382160020,1238261180,-233806018,180915036
8,7,4,10,10407,-1977820436,-293312779,962441093,-828800738,1077915973,-283005814
9,7,4,10,10407,-1346944054,264987170,685965788,-1017080458,556005989,-1896179534
10,7,4,10,10407,1808778988,-653862190,-981164680,318075248,382093027,-1689679080
1,8,4,10,10407,1203861142,673789070,1377603642,1567300294,1498822730,1030470745
2,8,4,10,10407,-1427796700,795250888,-1720736177,-25995084,-1619736602,-1561323352
3,8,4,10,10407,-1025233217,1183696891,-224303145,1289073996,-1740423799,-2077144857
4,8,4,10,10407,162633110,1514046212,1325215364,-1090529481,1250149348,-1600749593
5,8,4,10,10407,-1811676354,382785856,-1891210053,-1320862632,-1870926359,1629826637
6,8,4,10,10407,88778879,-498201137,-746693964,446498096,-1636754400,-724602110
7,8,4,10,10407,1688229801,938386900,-265643066,473677991,240592503,779886882
8,8,4,10,10407,-1194802446,1755566915,-468238856,245160367,1445675377,549194300
9,8,4,10,10407,-1692441686,-1874108783,215979012,1613014541,-1456762461,1283312899
10,8,4,10,10407,-1970243807,-2123422709,-2147249343,-793813507,-2143198612,-972676930
1,9,4,10,10407,-935053066,-119902114,491617003,10041863,-629733444,-429861180
2,9,4,10,10407,-1420606328,1666625821,-332484306,-1548022725,957519597,563301304
3,9,4,10,10407,-792532904,-1893706829,560551234,-1028987491,1954859864,2036659655
4,9,4,10,10407,-887115826,1804210371,-1888456711,-2106441340,-1194596042,-1648627202
5,9,4,10,10407,-81137546,-1467116012,1939298497,1221189506,-261336560,-1226426605
6,9,4,10,10407,1603949119,-1008177356,-1319851306,-1394601518,-154082380,-110258985
7,9,4,10,10407,1651690103,-618128311,1819772141,-1780856987,752531536,1523064519
8,9,4,10,10407,-445176929,-2007495273,10431542,1363625322,1464214305,965079025
9,9,4,10,10407,-1858000312,-945463386,1646277434,51554951,675968443,651890074
10,9,4,10,10407,-2043318693,1262527351,-445022860,-897502511,-287287465,1349624506
1,10,4,10,10407,-1596630075,1222729345,-532748155,-915824836,-863707168,-1086891606
2,10,4,10,10407,-904979637,-1845720420,-1891000823,-478344821,-534027177,353911218
3,10,4,10,10407,1687210833,909305599,1428530478,869544685,-604015622,169182524
4,10,4,10,10407,-1427534622,-1699032233,-1407784014,-873750800,-472147744,1508131997
5,10,4,10,10407,-855442183,-1562504614,1503014158,2057709940,-606239185,242053751
6,10,4,10,10407,200598087,1902940143,-1599690708,-212087414,-786528618,1357836061
7,10,4,10,10407,1534137710,1298015586,-232289844,-2121146360,-159460640,1677048632
8,10,4,10,10407,2129553583,-575252821,889321966,568791867,-1393431326,1896773562
9,10,4,10,10407,-602380722,-775220413,1375252314,-233098911,-1994946105,1513512452
10,10,4,10,10407,-1877047523,41344567,1887137030,-127907315,-1480636805,332770113
1,1,5,10,10407,-635317071,-796034275,116134798,1456162633,1452329310,1061371668
2,1,5,10,10407,-1930745066,-1183643478,-1602174363,-552548014,1380288842,-544085417
3,1,5,10,10407,-886202164,1658211725,1825639432,-1186652771,-1162690193,1242478638
4,1,5,10,10407,-1473998664,1009021480,-232748729,-2035066200,-1986955833,-2033936344
5,1,5,10,10407,-1388849697,168963845,-224858320,-1710426603,-1548595312,-1013365609
6,1,5,10,10407,-44718953,512602955,-49322761,473129088,2113686819,1716387070
7,1,5,10,10407,1441417713,-225569132,-1357153527,-549940781,-497101845,835304837
8,1,5,10,10407,1105134513,-515703740,-980472821,-1113643847,-450758321,1293730948
9,1,5,10,10407,148970463,2143466977,1241980862,-1115455221,1924349168,-2090053138
10,1,5,10,10407,-1869694518,-954356421,-328294141,-947108283,-1263483974,-1949074610
1,2,5,10,10407,-753450557,-18858711,-1267899662,-47496548,-1189100282,-669367813
2,2,5,10,10407,2068197647,1783864911,-1982933432,-252042412,-805513585,-1063006920
3,2,5,10,10407,-80504632,451241498,1472035569,1965536931,1740900458,1387018290
4,2,5,10,10407,-889799930,-543173823,-122154409,-165609885,-939500621,1011802836
5,2,5,10,10407,-2068310053,1468131415,2079734208,-351928628,1517423399,-727041484
6,2,5,10,10407,855939653,-373887900,1499890324,2088882443,-1633381159,-605361388
7,2,5,10,10407,-1040663805,-1742913799,2029097472,398555585,1076027527,-1735751387
8,2,5,10,10407,224484436,860187470,-719565005,43155731,-1840486326,1847684022
9,2,5,10,10407,-862857089,-442600056,31679213,660448436,1200583023,-533531627
10,2,5,10,10407,441657445,888997247,-1750687349,-1878265152,358599629,-2000406250
1,3,5,10,10407,587910343,1766051214,537693663,-1541055734,-144483768,1906941024
2,3,5,10,10407,-1007352186,924502806,-1824038807,1363898422,1575374847,1425852529
3,3,5,10,10407,-2082116943,-792055780,-730143015,1009048163,-896113748,-1646479204
4,3,5,10,10407,421972167,-226372586,264297106,-1728400688,969950212,-1289118672
5,3,5,10,10407,930022362,-1521154379,-1945353282,614510591,-1658519512,1631340196
6,3,5,10,10407,-195623279,731721775,-1460206194,-350279392,-1482259316,-354868917
7,3,5,10,10407,82618917,-573888049,1356636912,-932996443,-179478255,2030791183
8,3,5,10,10407,-1153301725,8513547,2078981717,24441300,-1695244334,921388309
9,3,5,10,10407,-1842990053,130768780,1170967764,2020172670,-1379215183,1915097500
10,3,5,10,10407,922063289,949574087,-1891176579,1033389754,2104268568,-1749903841
1,4,5,10,10407,-809326200,874262687,-425322513,1350027010,1460561022,-985682260
2,4,5,10,10407,1619505284,1998416041,-1346286431,-577792903,1401509747,901119339
3,4,5,10,10407,697350830,-1319613189,-215885917,1926530507,-219710696,-1805536275
4,4,5,10,10407,-691070648,-1283245166,-257276860,1635417619,1028698030,1659704164
5,4,5,10,10407,-1569664226,1070497348,-354852804,-810429332,-1687723670,-955083534
6,4,5,10,10407,1362854314,778450923,-844442518,-1762489985,1988863366,1081958221
7,4,5,10,10407,-243095703,1307352671,86500499,-63146692,31698830,221368035
8,4,5,10,10407,1441296380,2020306912,500061625,-1056602168,1719382965,-1222240825
9,4,5,10,10407,999413967,-396693631,-974422655,1479657492,610498885,-1888021781
10,4,5,10,10407,-1449843545,1802628309,-1037506403,-1542873887,-1875255051,2122897795
1,5,5,10,10407,1593064728,-2019683995,1443634503,-1662608798,1867953092,-895182991
2,5,5,10,10407,-952585379,-295520479,-1179749506,-2145374960,-1888928130,-559883300
3,5,5,10,10407,-1720592467,-591228094,-444050571,387408368,14025204,-1008999279
4,5,5,10,10407,1864910512,-1689642200,224570817,1276005450,-1664937894,1025096635
5,5,5,10,10407,682101484,921798945,57872776,296126854,1504991683,-1345288333
6,5,5,10,10407,1882135968,-1041111412,2065072185,-21671278,-1697795584,-1756233333
7,5,5,10,10407,-1131050113,-1953202038,798818075,1505827523,1344759552,-435772301
8,5,5,10,10407,1322835686,-1570244362,715827712,1246405010,1687897473,1183640634
9,5,5,10,10407,-1126708030,-1599708973,-465133107,575502406,-932917155,-1650060394
10,5,5,10,10407,-369714082,-281065440,618365428,-740486244,1159198149,-314566980
1,6,5,10,10407,1769319567,192188510,1023709882,1195765845,1579846300,-1074346192
2,6,5,10,10407,573275896,161856606,869866688,-295496890,180019779,-902267221
3,6,5,10,10407,-1477528276,376408625,153628079,1271420736,1460630434,746646890
4,6,5,10,10407,1315292910,-1090105310,7563433,233617262,1981466112,988411610
5,6,5,10,10407,-1441329116,-427391036,169889553,-728746367,-1898281465,-1250768191
6,6,5,10,10407,1087862583,-874637768,809241144,176758027,490990948,-1278657396
7,6,5,10,10407,1106479376,-1426205602,1257189075,1302275293,-1797122284,1351912043
8,6,5,10,10407,-597028468,-1903243170,-1860670361,378288463,1213268851,168351725
9,6,5,10,10407,1090838126,-2012207234,-155044978,2075103389,1650435293,1670830253
10,6,5,10,10407,-943724608,279474633,1273765049,-1749549233,308930744,-1442313461
1,7,5,10,10407,-1697033999,-466785837,-754145475,754496701,363577620,-988199746
2,7,5,10,10407,-1863840925,496550214,869810713,-806446754,529624617,1698136821
3,7,5,10,10407,-879828020,680835335,-1190500116,-1173072237,-2113023782,795414550
4,7,5,10,10407,-1020229123,64617061,-438640529,256134501,-582739783,713745674
5,7,5,10,10407,872696173,-19753120,-1700986027,-1916474303,199199423,-133219808
6,7,5,10,10407,-384230726,-1583451849,1944064363,1511884986,-936077304,765675908
7,7,5,10,10407,-362416260,-725337331,-224701489,1252066648,80517990,-369746227
8,7,5,10,10407,1795545613,-1423456790,527488686,-471863082,-2039185811,1561484303
9,7,5,10,10407,-600738628,-986079331,-572723836,-398213318,-1919837277,242036867
10,7,5,10,10407,-860327262,948106937,-420281827,-819166665,-1325712709,1956274048
1,8,5,10,10407,-191222206,793902513,-641616897,1065370380,-538672440,267259084
2,8,5,10,10407,-1224920300,1096001445,-1010083960,1755432991,270656909,2079657033
3,8,5,10,10407,-1825900346,1051612529,421064975,1229845443,1282884619,-670543420
4,8,5,10,10407,-1622007661,-1253099345,-180156637,-932640807,1246185070,-385980694
5,8,5,10,10407,-1967633567,1843545146,1313583860,-678666042,-11345191,-420644006
6,8,5,10,10407,1488337827,-338376300,742925740,-1555860197,-1242597709,-1268701663
7,8,5,10,10407,1582423161,-1664252145,498359831,952129868,-933062269,-1727221719
8,8,5,10,10407,557353077,924093807,1170832700,-1993563266,-1139948726,-1920233501
9,8,5,10,10407,1092476916,2117067979,-775688422,1803836654,1220277236,1688063951
10,8,5,10,10407,-3174472,-1718605495,114962114,532480095,1224230402,-899513109
1,9,5,10,10407,-2131441167,-1410430180,1107012039,-1589167690,-622875070,-193883969
2,9,5,10,10407,797025230,1294257327,339770817,-1571377955,931900018,821675705
3,9,5,10,10407,1783171166,-684549391,-996041998,-1375615213,1988565018,783540966
4,9,5,10,10407,1507027606,-497359173,1686275710,976952841,2093387901,2047300153
5,9,5,10,10407,-1925378464,1949416178,-904640810,-1826486118,-1149814420,-1728519766
6,9,5,10,10407,-255634753,2016337857,1458832769,-1326959719,327319306,-2003785505
7,9,5,10,10407,55323091,-2021273692,-1121890479,1351923507,-1343072923,-927487443
8,9,5,10,10407,27505892,-1536386346,1731376053,931004728,-617104920,2100037503
9,9,5,10,10407,-554405920,1831180496,-812143823,457614783,359023977,547520443
10,9,5,10,10407,1900568790,1199380709,284734777,-2140217190,-54686550,2071948723
1,10,5,10,10407,-1062847338,-2099183657,-173007425,612374233,-1863607012,1536029408
2,10,5,10,10407,920712490,1712343294,-963455471,-109543935,1104691176,2096139529
3,10,5,10,10407,-1061983728,1141426815,795157201,622870699,-1610615217,-942238159
4,10,5,10,10407,392490174,-1314999150,-1888572831,1293858974,-1630401443,640447244
5,10,5,10,10407,543087879,367986880,474226759,1921920397,-312065587,-2093534203
6,10,5,10,10407,-633127910,-511272155,-545767247,-1809404440,-2146601498,-2029960088
7,10,5,10,10407,-886548809,773562692,-55678381,-1667826818,-800591782,-1186444284
8,10,5,10,10407,-952878484,-167717407,-2044321987,714328298,-2024514525,-1338093953
9,10,5,10,10407,683396713,-2048353089,-879589757,-1089982199,-1767108726,1406557591
10,10,5,10,10407,-1060683960,2082562448,479334738,1075905445,1265539713,-1880493335
