"ialpha","ibeta","ifold","irep","seed1","seed2","seed3","seed4","seed5","seed6","seed7"
1,1,0,1,10407,-1044144800,-1241324063,-874544594,499487959,1956518700,-2060911043
2,1,0,1,10407,1522291219,1321358742,-666689670,648626032,226689188,876235294
3,1,0,1,10407,2021932116,1698888553,-1628342442,1864262889,-2125246115,358396413
4,1,0,1,10407,-1413056914,-1363656221,-1330322608,1207667214,1808994591,1948233532
5,1,0,1,10407,-2091439189,737717462,1578181799,-1469744816,-2136078638,1310849597
6,1,0,1,10407,582774530,665883183,773606022,592385229,-273135263,780029250
7,1,0,1,10407,1870303186,-629086936,-980787935,-2012263712,-887371837,1273958864
8,1,0,1,10407,61714617,-1017084775,1073129238,-1156812712,1633798014,1500368187
9,1,0,1,10407,1790960094,-1393867641,-1398440167,877396860,325350005,-2070411669
10,1,0,1,10407,-622848914,1897196448,-2133958877,1850965115,1288502883,1553649099
1,2,0,1,10407,-1728272833,95672886,-143031728,-496160140,719819578,1672222004
2,2,0,1,10407,2014382353,-1941834030,1822185934,-1337256156,240034344,294399066
3,2,0,1,10407,1888503922,-1757272788,-1538544518,143598528,-1187509769,-1294855372
4,2,0,1,10407,-886454808,442220056,-55983494,1515851923,-226174469,1207501995
5,2,0,1,10407,165893985,-1907892410,-1478991246,1099239001,1286612593,-1180074803
6,2,0,1,10407,1501596345,329697620,-2122268930,2038952136,-1524434150,1939138262
7,2,0,1,10407,-31668906,1438775143,-86298383,-807942018,909283034,-2118812490
8,2,0,1,10407,-1424448243,334354627,445628758,-914575431,1118480523,-1943775227
9,2,0,1,10407,-1244731529,-1730773310,-474399243,1457807464,1685489097,504331749
10,2,0,1,10407,-867093385,-774864682,394607509,369796785,-1380078864,619943161
1,3,0,1,10407,-91794825,-595496426,-1907207388,561450716,1066767744,-2144842727
2,3,0,1,10407,-477963259,-218447568,1028050896,903921716,1397964177,-482376775
3,3,0,1,10407,-1671071835,-1367054744,105660900,-893870401,-3185243,-556004358
4,3,0,1,10407,-623413374,1203518243,960126330,-284610316,1643123115,-218047309
5,3,0,1,10407,-205439879,-38171841,1937745189,-900895555,919477867,-1330579408
6,3,0,1,10407,658718474,453410911,1603531850,-1118649717,971635991,-47814674
7,3,0,1,10407,-1450489857,-116713224,-516450723,-1845945031,-1281603894,-284701370
8,3,0,1,10407,-465498921,-1012963280,-81069446,803386136,-1925805137,1570721228
9,3,0,1,10407,-543074078,379312284,-2111200375,1206800821,-310551986,-1072108160
10,3,0,1,10407,-153450218,-1049844482,1957615098,-2072768727,438012367,428165513
1,4,0,1,10407,1425752773,289944944,-2052104152,61030392,-1494266515,-336591457
2,4,0,1,10407,1950832030,58745431,448102408,895887452,-1391967313,1026834281
3,4,0,1,10407,-1666846471,648360768,1670708922,-183886482,-1574305072,382229139
4,4,0,1,10407,381818606,1642951659,1437097039,1739088763,261372291,60177444
5,4,0,1,10407,1367127799,-721890502,1896491062,706631874,1844097289,-266781991
6,4,0,1,10407,-1233809995,282079661,-444509888,1041044800,-861672271,-1817554822
7,4,0,1,10407,1567366117,1880960944,-1263849087,1527907074,696857845,920557390
8,4,0,1,10407,1478682686,-902686129,-237334497,1904242303,509287595,-22004085
9,4,0,1,10407,1318835984,1707018271,1594044812,-1262501487,1353623207,906810123
10,4,0,1,10407,832411474,-620533853,-499009376,-2040784262,1909452930,-2078237120
1,5,0,1,10407,1175251646,-327596702,-117447613,-969072672,991578534,-1787235857
2,5,0,1,10407,1330859409,-1948001871,-1849594346,1517360309,-1260915582,734712109
3,5,0,1,10407,-45541154,1692963631,-2089182970,407527134,-184176962,-431371520
4,5,0,1,10407,1995243877,-968420745,1091435771,229866778,1080016627,-989817811
5,5,0,1,10407,-218054485,-281903923,1356063508,1660807312,1856053356,228057349
6,5,0,1,10407,661624291,-1030215414,-969990099,969377953,-782764495,-2043779895
7,5,0,1,10407,1314919226,-1918565697,-80801794,-772964551,1241796957,436284136
8,5,0,1,10407,-498552792,-273116166,-1451146445,-1503209140,1204852340,514332190
9,5,0,1,10407,-1308609480,600371080,1535872324,1110564815,1925426955,-848342381
10,5,0,1,10407,-10651484,-952094989,424524750,-1337195691,-1962956394,-893406620
1,6,0,1,10407,1854429761,-1457580837,-699526405,-553722302,150112510,-331861475
2,6,0,1,10407,1673523304,-598015528,327501832,-1681376580,1131816190,-1878979719
3,6,0,1,10407,-1951933010,290777171,-1693522765,1114304817,770638382,-603034370
4,6,0,1,10407,-807390121,-173083330,625844150,613218966,-717092298,1573856621
5,6,0,1,10407,-367745363,1805747644,2124531722,-1234111633,-2141184876,-1854319227
6,6,0,1,10407,781031318,408316179,-416161379,495319593,302177941,-215819776
7,6,0,1,10407,-436612911,1808230384,328891670,1129342576,1717725838,-1145553246
8,6,0,1,10407,1519545787,-1020475198,1406412979,671937945,2010489743,995486848
9,6,0,1,10407,-796848295,-1403635430,1748698635,1554460475,151758528,2048112978
10,6,0,1,10407,250085707,-1502761783,624109992,1344678976,765569615,-37073580
1,7,0,1,10407,-834675047,-877559608,911325194,-224238430,1718898627,381216199
2,7,0,1,10407,-1095006705,-1680537622,-1003235108,1608521343,-446907395,-2094449482
3,7,0,1,10407,-629043327,-57889510,-993960697,-1383682800,-1793419988,616067572
4,7,0,1,10407,-1605635779,1610478253,-1696878039,-582762107,1349303058,-902800210
5,7,0,1,10407,1903250685,-890714985,-634039212,525580787,-51816702,1061456162
6,7,0,1,10407,1116125811,-910491701,1789447670,-1904155676,-584412747,408288159
7,7,0,1,10407,1553702734,-1400124687,-917117232,-1908854985,1780132574,389835243
8,7,0,1,10407,694338672,1888409779,-138996187,-1374135073,-1950288425,2015837598
9,7,0,1,10407,-1326979718,1344674670,1868025518,1104606841,-1577792451,-1091328074
10,7,0,1,10407,-1638187025,190404627,-818485771,293206356,-986858262,-851476440
1,8,0,1,10407,-547490958,1378295791,-1048014004,1125457823,-2026620664,-366561724
2,8,0,1,10407,1948141431,1168186123,-1193393831,-1932456474,620239004,-268662246
3,8,0,1,10407,1233868197,1781642170,-1884077949,-1484610349,877514824,1552792927
4,8,0,1,10407,1529897887,1936767056,1119989722,-1191764349,-949965971,919294120
5,8,0,1,10407,-504127293,-2010484210,-763355282,1974747171,-1664934769,-362926408
6,8,0,1,10407,-1459932804,-1482185246,-670939304,830026368,-1176760646,1893711828
7,8,0,1,10407,1288387794,-57120711,-1889358681,491898781,606073577,913768572
8,8,0,1,10407,-2071750653,-1957108128,-954575869,-1187672492,-765637549,823765826
9,8,0,1,10407,1045715426,777800068,850907420,-1683726733,-1084156408,-40275574
10,8,0,1,10407,1288139834,-1065139858,115580683,772310704,1683017917,-2011193966
1,9,0,1,10407,1390847967,-1260780590,-1050165056,2033807720,1161225581,-1842307275
2,9,0,1,10407,651376066,-73435768,-859607159,850969758,1918625561,-15501964
3,9,0,1,10407,-601570080,907964174,-768080123,227484054,369931514,1029573168
4,9,0,1,10407,997349676,113352822,1829799529,-190294765,-1736766796,26509097
5,9,0,1,10407,-187993474,-2137346849,2009327005,683608935,-1804601657,582825984
6,9,0,1,10407,1212871620,-2038539182,736732760,1834039042,610330836,-1917682058
7,9,0,1,10407,375970581,1091253534,-1538536284,-1609054033,-1473276732,1086754683
8,9,0,1,10407,1517759917,1869558985,-1114940070,1471660659,1741091143,704773344
9,9,0,1,10407,1832094285,1722792343,-1472029862,-1196375806,-639959252,-1754177322
10,9,0,1,10407,1865314728,1439004021,87140262,-791863973,262903502,1201722874
1,10,0,1,10407,-532051042,-155018153,1568242045,-662643452,-955934096,-171522236
2,10,0,1,10407,-1552156759,-38683071,-1317902475,463993165,-905802562,-975455075
3,10,0,1,10407,-682552271,-996175739,1954854711,1656172700,1139980110,-1821604302
4,10,0,1,10407,-67951537,191032575,-859138616,-929052804,264048506,-313268425
5,10,0,1,10407,-1289951078,-1393979730,2135810133,101349912,425654417,2068693433
6,10,0,1,10407,-2005350963,970989358,-1161600347,1812995766,-377584399,1488452753
7,10,0,1,10407,1531349038,397477253,-760266999,-112372189,-477020731,-107971359
8,10,0,1,10407,1029159266,-1875696720,2039173127,-1749002349,1710546461,867263550
9,10,0,1,10407,1270090250,-1007706282,-385144190,-845260516,-470946915,-2019918802
10,10,0,1,10407,65862312,-1080496260,1647718977,1723510374,967365569,1522175714
1,1,1,1,10407,-1572718342,1818700128,177994192,1766218820,1611991447,-476771415
2,1,1,1,10407,1693643907,1514779545,-982109359,-749683622,-1584713143,-2079383217
3,1,1,1,10407,-109533899,-1149376259,401526196,57710086,-735961662,1404744822
4,1,1,1,10407,1187242731,543811305,1779900368,-1857887673,283366101,-453911261
5,1,1,1,10407,904882393,-1533256499,-89241045,-789933277,1358476081,1773943993
6,1,1,1,10407,2080920584,851182556,1859976670,-646824168,-1425861734,-1665532767
7,1,1,1,10407,-318398737,420363092,769468149,1865611834,126115386,1841877394
8,1,1,1,10407,-349982790,1292370246,-1557511804,-1243092269,-337516838,-2133312045
9,1,1,1,10407,275341218,-1155778884,1498235979,-1884778795,-52281557,-738261463
10,1,1,1,10407,-1070833157,-2058741690,-1118748368,-1750214490,1904282157,593943367
1,2,1,1,10407,-881777426,-1921735205,-1585235501,316281478,1871561079,-1736445939
2,2,1,1,10407,-349711184,-291074828,980180692,1696737945,1655952567,1764875272
3,2,1,1,10407,-337244462,1076041196,-441636021,-2047894526,1347101742,-1094431644
4,2,1,1,10407,-1198096478,1201851810,1271661114,-774582892,-797676373,-1933929971
5,2,1,1,10407,1577795198,2133658539,-1047898757,-2093979569,570664516,-1932057896
6,2,1,1,10407,1922578098,773130811,937300735,-571457284,586465811,290135650
7,2,1,1,10407,-1163347208,-2138926479,1924557345,1824346743,-1477452766,582139536
8,2,1,1,10407,-913056505,1318680405,-1851316427,776633983,-51143639,245016707
9,2,1,1,10407,551639793,-1473701836,2081473647,-764577897,1058553182,733175935
10,2,1,1,10407,-1903540510,1414455176,1302752185,61542131,468479638,1472452261
1,3,1,1,10407,-540542900,1576174598,-270533836,23526102,-1907053338,-56656059
2,3,1,1,10407,-1623993839,-1763644944,83392484,703543302,-222802425,-1181962662
3,3,1,1,10407,-1566194714,1544985806,-719818236,170347157,-1675799144,1726196694
4,3,1,1,10407,168104467,-26820081,-415996739,2105690065,1130767971,213456570
5,3,1,1,10407,3577327,-1221221792,-899933294,-41760457,1174220455,1004245511
6,3,1,1,10407,-1039030561,-434001244,1720192819,-1429810788,1798487482,1965854114
7,3,1,1,10407,430985826,-614110921,-1598002298,796323028,1578410150,-403043647
8,3,1,1,10407,1347128537,-1518651449,869492518,-944609785,735702683,932679161
9,3,1,1,10407,2062900721,-414762567,2115264065,-1046393906,380710571,-1679159658
10,3,1,1,10407,-2094167649,468595247,625326689,1928750956,-1228870151,-1410556575
1,4,1,1,10407,1149702307,-1642509096,-1425480368,1006278759,-1081785522,1267013588
2,4,1,1,10407,534606038,19216897,-1404018669,-11411239,-1530756359,-1923590184
3,4,1,1,10407,-1918249898,-370226073,374133667,582991211,-1221636894,-1981836402
4,4,1,1,10407,2025714730,-184250010,630404801,-1973029209,-877892501,-388947210
5,4,1,1,10407,229059663,-772922240,424096181,-2022948649,504278485,2018702823
6,4,1,1,10407,-617404227,711104339,114309483,1337931064,302118210,2105239082
7,4,1,1,10407,-513849095,-1838052238,1938082449,-1946564511,172135182,-1927018588
8,4,1,1,10407,-1465989802,-2141403889,137575791,476929995,-1124050869,1061811254
9,4,1,1,10407,175400202,1837114310,-932991879,-43846293,-1679817705,-1686803731
10,4,1,1,10407,-1217433889,1863822923,1386323903,1734924747,-76622015,-1259962764
1,5,1,1,10407,-2039532347,829718724,-1522112535,2042818173,1895963939,1363416218
2,5,1,1,10407,-1490338663,-1188706848,-1199885345,-508759936,827496057,-132708688
3,5,1,1,10407,1415226864,-1248431286,1671610750,2091322346,-1987755697,410583043
4,5,1,1,10407,1196598010,1472439554,-1048850568,-456327145,-1483231890,678291315
5,5,1,1,10407,819327897,1611358208,1111791285,-727311373,1085499668,-1783064536
6,5,1,1,10407,-1323622903,-674097997,-1978900951,-2057936062,-313527519,1982850257
7,5,1,1,10407,323331700,1993702919,-93368629,192667948,-15178762,-812308867
8,5,1,1,10407,-1385347232,338081058,-1311323850,-1243935024,1964108494,-1344410586
9,5,1,1,10407,-732051602,-1699390799,1940022305,-299322553,-1492684900,-1358104434
10,5,1,1,10407,1213933709,-1021208490,-605497949,224890180,1428951983,-835777183
1,6,1,1,10407,-2014618991,2032495273,435996216,-1280582849,1601571194,181975436
2,6,1,1,10407,2061090662,-1924098366,1909195629,1096586527,-252056147,-259455966
3,6,1,1,10407,1521536014,-443909397,59349302,1289826886,-1865348530,-1452596428
4,6,1,1,10407,-119251756,-1788081933,1197860822,1543878922,1257899943,1339218382
5,6,1,1,10407,-140285334,-1085856814,-944546814,929889485,965207528,86361853
6,6,1,1,10407,2016775920,2003158543,-1650129242,1759350353,-1383578165,-1786696250
7,6,1,1,10407,-351348683,-836855436,-857896860,452124521,-205340979,-123638080
8,6,1,1,10407,-848588114,-1981647156,1890992501,1469858698,-886161194,-961914384
9,6,1,1,10407,366751940,149556598,-153649924,1118488148,-238183874,792165204
10,6,1,1,10407,611651621,-1218067760,-538148387,-1634267201,919109066,-1843559372
1,7,1,1,10407,1336217309,-2054793666,-509507370,1463946206,1698526233,1505324026
2,7,1,1,10407,-1022113210,-2009210175,-429288655,580378182,316246745,-52680983
3,7,1,1,10407,-915585183,936648204,729494002,1652985092,-934875756,966024261
4,7,1,1,10407,-1586100402,1904132713,-462618542,-1884719462,1124874594,1786094458
5,7,1,1,10407,-1667525305,-423863853,1350747325,1566105045,-193562820,169242438
6,7,1,1,10407,-17637595,-1426914109,1171876998,494660828,1193620083,-1617805408
7,7,1,1,10407,-676443869,-1993208289,-1190160456,440123526,-1624095064,1215894988
8,7,1,1,10407,628909419,182125379,-1859349949,-769953857,-1145670103,875792592
9,7,1,1,10407,-480377248,-18945379,-1742105394,-1770952279,-1381605025,1352553868
10,7,1,1,10407,-1399444885,830473468,1919010186,957555104,1069302757,-1724366119
1,8,1,1,10407,1102000878,-1742473505,-276344569,707288383,-1444117343,-1671066256
2,8,1,1,10407,811081439,-76008521,-2091828816,1658408575,201467112,-445012791
3,8,1,1,10407,-33272937,-1248952549,1035438037,-898910938,1149174320,-1821518881
4,8,1,1,10407,-1719655858,-938283013,937346559,958686739,-1931041291,1012202491
5,8,1,1,10407,1760313996,1436876193,-1848233815,-1672640233,1559794396,1900043535
6,8,1,1,10407,-122265022,-1049832449,1074273099,725106839,-836049217,-1294364916
7,8,1,1,10407,517387623,562695296,1331464073,892990414,238766708,748438144
8,8,1,1,10407,846751041,-671024332,-1412695550,2116202382,-1067557945,-411273646
9,8,1,1,10407,124491027,-450255757,481178200,-1073468112,1274561811,-1470493807
10,8,1,1,10407,1149540473,1266920700,-2080233719,-718775441,-1513649011,1472754386
1,9,1,1,10407,-1601487444,-50817428,563025688,-1931895214,394825805,371789142
2,9,1,1,10407,715391425,1876758569,-118648670,-394163168,-1091401530,-1268226702
3,9,1,1,10407,-1705652648,1079660336,866056010,1508936508,-1287080557,216146129
4,9,1,1,10407,-1355954335,666985000,-1814823526,143868502,-1443533878,-391649771
5,9,1,1,10407,1319721578,-448837845,1529585309,-185858537,1075037001,-55019647
6,9,1,1,10407,-1302985688,-1882709148,1638717949,-987102121,1865368005,510463717
7,9,1,1,10407,2045391459,1007153899,-122511695,-1986075982,-578565112,1248685408
8,9,1,1,10407,885162315,314815727,-833430995,-518609494,1492339915,-987745125
9,9,1,1,10407,1074256355,-414782380,1949845667,-834582227,-899468937,326364681
10,9,1,1,10407,-1106313999,-685765614,1700948942,131466476,1357976996,2080678577
1,10,1,1,10407,-1732914810,1226666090,-205590208,1394157951,1520863520,-1318964435
2,10,1,1,10407,1402480177,1767168602,1058993801,-1426489909,429091417,1269801057
3,10,1,1,10407,702633971,65251573,1264289458,-1634266042,-285779075,2072696828
4,10,1,1,10407,-906980429,-2017029808,392191562,1069443087,-434002194,1744942541
5,10,1,1,10407,1364601340,1706751444,973973302,1323807303,2136009798,-849830115
6,10,1,1,10407,-1338228343,-1294279616,673802223,1862798772,-1775743333,-1616344509
7,10,1,1,10407,2007395279,490202184,703485529,1580929270,310927100,-1279580536
8,10,1,1,10407,-583298279,569973860,884212074,-2002231384,853725220,-1431076294
9,10,1,1,10407,-1853803077,-586574215,1491864864,-1188980708,-1671090262,-1748778690
10,10,1,1,10407,-177523827,1200783692,-1880652789,-2125462095,742474725,-823240681
1,1,2,1,10407,1625945260,770994289,477564672,-134444700,919239131,-1447701901
2,1,2,1,10407,-375014735,194258867,1833936758,-1128443873,943385021,-1390352494
3,1,2,1,10407,-2141972937,1790839855,-832514359,-1384255579,2126955447,1965350036
4,1,2,1,10407,-1087594858,301052582,-1565609720,-1631380947,-1141721368,-1325119653
5,1,2,1,10407,-1542308397,-1194747609,-2035232805,-1355434054,-997779140,-899751460
6,1,2,1,10407,-633687398,-632201266,-552856095,1722643602,-329313268,1114086467
7,1,2,1,10407,-986184399,-272336768,795355088,-808707826,-1359967112,-406598374
8,1,2,1,10407,1055169513,-1288967796,827690303,625652856,-722805190,-1219594469
9,1,2,1,10407,-999539766,664963218,836472475,688850769,55625523,-1819543443
10,1,2,1,10407,-806492729,1939205201,1167973973,-2032350105,273612396,-1009908020
1,2,2,1,10407,-646321569,331445295,-175340115,-2003216209,1069719121,1299400242
2,2,2,1,10407,-832575404,1203966891,1033150389,1619230960,834388924,-1334963732
3,2,2,1,10407,-1334258371,596656123,-667690241,-1687268352,597743059,1073944233
4,2,2,1,10407,-190459732,-334369551,2117480939,-1112286731,-1086202128,1432291678
5,2,2,1,10407,1621653034,-2098536136,220902820,-2022005298,-1058285785,619067892
6,2,2,1,10407,675302682,386528048,960807982,-352717359,863491656,-1029763219
7,2,2,1,10407,81009176,1744480795,-1892631848,621726526,-1212238,-629323502
8,2,2,1,10407,-532487572,653805237,2060383788,-1121130331,-1425499399,-1051191952
9,2,2,1,10407,1764149911,578682745,-849783004,443371451,1524770534,-1153921496
10,2,2,1,10407,2059743999,-1244245386,1927062027,2051205992,18820864,-1078679477
1,3,2,1,10407,562197922,-1015713925,1545347247,-1560334275,1208732127,1255097566
2,3,2,1,10407,-80621051,1495895639,1148280089,-890194577,-703710198,-1223215551
3,3,2,1,10407,-867510117,2052308134,1735017172,1336958552,-131863491,-794716119
4,3,2,1,10407,977740765,1988184961,-448850688,1956493985,929943269,-811524581
5,3,2,1,10407,-989083226,1322270578,-982535463,-2066227984,514201420,1955734047
6,3,2,1,10407,-555003924,-1834449060,637850836,1300856450,136971965,1356523925
7,3,2,1,10407,556139202,1426971230,192921306,1866820156,-299340406,-773491481
8,3,2,1,10407,-1251890676,-818016631,-1180358512,-1575818456,616122540,-1107936927
9,3,2,1,10407,531017876,1997369713,1343211723,-958944565,-891336395,1535501725
10,3,2,1,10407,-49194811,1663238289,1592180334,187217369,185222367,-1733714767
1,4,2,1,10407,-1793300543,2026932942,400406335,-548668966,643461584,-721544189
2,4,2,1,10407,-1299060250,1163773788,-1840327104,1503487434,1597696734,-158409230
3,4,2,1,10407,-2036096431,-999873782,283861581,-836833763,1186095799,-1871047885
4,4,2,1,10407,-1389834504,-187689567,652642159,989379125,-2109627254,-1806281941
5,4,2,1,10407,-2004416595,1068824975,-341088117,-1397947345,306626676,-1058934576
6,4,2,1,10407,-1704728571,2058685723,-140738657,-1414651660,1581033397,-966182977
7,4,2,1,10407,723448986,1581883855,221025764,5543217,-1026538359,645666292
8,4,2,1,10407,1523330934,1033068518,1267521338,1512559935,706013584,-973992921
9,4,2,1,10407,-1788629791,614922665,-364780685,196312970,1086265814,1698576978
10,4,2,1,10407,1856283167,677140872,-1585333688,1445736864,-701032742,-595010987
1,5,2,1,10407,1486330924,845183632,-885846667,1211593029,1461957657,1423178941
2,5,2,1,10407,-451194310,1175342392,-1892250417,1159388660,-1248930985,-2131811852
3,5,2,1,10407,-1245894118,1497240756,2136907347,1638537970,380385391,-2022592582
4,5,2,1,10407,904471992,-810424683,-88485646,-760556877,-1104836662,1705853708
5,5,2,1,10407,1230410531,-2025299222,398653786,871175699,2031193819,535420920
6,5,2,1,10407,278806412,186670062,717784498,1600868316,-1363940606,875305395
7,5,2,1,10407,-1973554190,-1546969049,691257734,-2058538055,1527119534,-699593981
8,5,2,1,10407,-1092761762,-1257305589,-2054467239,-928376124,-755266044,285091735
9,5,2,1,10407,-169954752,-2012470627,1523781318,999540589,39074267,-848511757
10,5,2,1,10407,-767864249,-131159405,1241527282,-531036976,-881729637,117039819
1,6,2,1,10407,-1874261272,-320670724,1173111690,-1213582037,1663490817,-367032479
2,6,2,1,10407,-1340635881,1568684108,1328509004,-1452272100,1219848429,-1929586695
3,6,2,1,10407,2067936483,-1774776554,1019558097,-624419051,1541619505,-1159272089
4,6,2,1,10407,-2009015123,-327962348,1320148569,-779483025,-507282243,1225177912
5,6,2,1,10407,2136609912,-366522411,-1014665278,313228244,648128916,1337065257
6,6,2,1,10407,1351228263,-303000624,-568082239,-1261404773,-564161343,-826265740
7,6,2,1,10407,-1759779373,1465350743,-929293923,-1504196156,441255365,316191869
8,6,2,1,10407,627344667,1039971101,-378138500,587133261,37532724,1273651529
9,6,2,1,10407,1005278247,276266505,-878127691,735969230,1553587866,842995731
10,6,2,1,10407,1713329432,-504747359,800302972,-27076983,-1289631829,-60404856
1,7,2,1,10407,-1142909613,-1870870013,-1611866267,-1095705576,1433695361,-1765841517
2,7,2,1,10407,-8617890,-1836029626,-1623591709,234666476,1957140224,-1301987460
3,7,2,1,10407,-119200227,-520125757,1603007255,-34551819,-1567801269,-814871289
4,7,2,1,10407,612464034,1591536776,280532052,-1236357489,1880524003,989878358
5,7,2,1,10407,-1602479362,-267041177,1334108259,-1586369187,-1376164535,-1427668958
6,7,2,1,10407,2013567538,-447875549,-1180291467,2014818755,436698304,-44993619
7,7,2,1,10407,1104855587,-895675429,220423519,1966460069,-1863307548,860690970
8,7,2,1,10407,-425285465,-1135941280,915770603,-238029106,240573290,-1456441435
9,7,2,1,10407,1112739665,-1045480768,-1476271152,1499567700,-163885385,-377851248
10,7,2,1,10407,1613509253,-143701503,-214164354,-1051032973,1222433361,2137431778
1,8,2,1,10407,422282865,-1162496569,2075380338,1102744956,-2104629265,1326320459
2,8,2,1,10407,1649647374,-1813827776,598095335,417477373,-1272073070,-1147912992
3,8,2,1,10407,1062096400,-1206610864,580462064,511013370,1821077006,-2051422333
4,8,2,1,10407,756019604,11122314,754424367,-20248831,-1469934004,369625698
5,8,2,1,10407,1729014231,1636163484,1103456809,-1242331791,-1477584252,-823839591
6,8,2,1,10407,1305995949,-1458797376,-83072336,916444864,2097847812,1063256023
7,8,2,1,10407,26368483,1564739977,1830482027,1567678603,-1872196926,-1783890791
8,8,2,1,10407,810463681,-1818776793,394445747,1627744104,-1291033127,-1453582917
9,8,2,1,10407,227339544,1016491589,-1512490499,1416890964,2115855369,418469245
10,8,2,1,10407,-267899003,1970442286,-613635645,705642540,-2031968111,396717154
1,9,2,1,10407,1966853707,1913903923,-1545101006,-675633343,296045889,2046911533
2,9,2,1,10407,-1356322529,256723502,-817928110,1147635140,1795804427,-44131735
3,9,2,1,10407,-456677020,1522154027,397558782,1884566623,-2121468719,920725922
4,9,2,1,10407,-954484606,522726144,-307658508,1772617518,1596021587,2010870563
5,9,2,1,10407,566814809,1731169928,1234643981,1728526238,-1410612504,293843997
6,9,2,1,10407,-206080945,-947458588,-2124878129,599544960,999644488,242728971
7,9,2,1,10407,-1755893446,-177352575,-150828937,1230528230,712897502,-656905779
8,9,2,1,10407,-1702131513,450400685,-878776686,1523614575,-872191560,-1184868329
9,9,2,1,10407,-1242080228,-282572687,1105359082,128126911,-1295394015,-1401585835
10,9,2,1,10407,-1123907547,777340727,-1275179326,201225074,-1734904206,-385150306
1,10,2,1,10407,-836498055,-486005173,1531209335,-39173988,1595157483,1791198612
2,10,2,1,10407,-414684347,-183410594,1386928867,1834266000,2015550925,835631643
3,10,2,1,10407,380608517,-1548577760,-638559722,-1476116129,-916518451,-1562197078
4,10,2,1,10407,845971737,-1040202383,1185219890,-591907460,-1293687585,2105975111
5,10,2,1,10407,718892521,-1954715755,370430657,1791905173,-995837827,-1269530939
6,10,2,1,10407,-2083000971,1589673467,-1425180638,193277759,-1110835090,-547349401
7,10,2,1,10407,-1387636335,-1490795820,419459046,1476416784,-470051439,333003016
8,10,2,1,10407,608242157,-1525800021,1761588414,1161305009,-1573611859,1311665199
9,10,2,1,10407,-1510505250,-635872989,-617745547,-4880702,971704324,1241034394
10,10,2,1,10407,-181204187,-1215550225,1490477930,-1941025326,-1503624338,-1662191548
1,1,3,1,10407,1386493165,1241115557,-1392003608,1564321931,1610302800,-1939051299
2,1,3,1,10407,-910101660,1473386147,934249653,-993165042,1476347602,112779338
3,1,3,1,10407,-973815801,1221132729,-20558675,1834166800,1518704999,-1236934580
4,1,3,1,10407,590258530,-473579179,1909480187,247306486,-530797934,-1225386257
5,1,3,1,10407,-1076074443,755547242,1415287332,344155785,-947062561,-1549563480
6,1,3,1,10407,610560131,-1232653529,-1827913328,-1256941844,2009486996,1770546841
7,1,3,1,10407,302560726,1272893160,-2101331146,-1138104353,796014460,1349227574
8,1,3,1,10407,-1481714862,613882153,-1611951398,-2094483031,-149003889,-2124440762
9,1,3,1,10407,-277904636,-2068907931,453377290,-1666619904,823548231,-964449096
10,1,3,1,10407,-1640624302,547812605,-2045296467,970289940,-812185372,-1232999240
1,2,3,1,10407,-1935243159,194606593,-1969348222,1202166150,1742548579,-1287682188
2,2,3,1,10407,1464592025,2117576502,-585377050,963297409,522285324,-815260035
3,2,3,1,10407,-210076615,673086131,999248022,-1402412672,1004161584,-413228387
4,2,3,1,10407,1839381614,-633067466,-921860770,2025113013,-1908632671,-23616042
5,2,3,1,10407,-1008827697,1839389382,-877696417,-2067695628,1444862180,-1508212433
6,2,3,1,10407,65874657,1109588371,1315650665,775952851,624462766,-84245188
7,2,3,1,10407,-539682168,1972837614,1942636502,1386336652,-798961721,1428472898
8,2,3,1,10407,-2085030969,758845393,711147465,1784544618,-1338371817,-1439000204
9,2,3,1,10407,-1830306987,953313661,-320460301,1998611964,-79003416,-1108446959
10,2,3,1,10407,1884160099,171791583,1911407808,573784028,-451911020,-1570081930
1,3,3,1,10407,935439281,2019706479,732490150,-27925594,-668717225,1535296040
2,3,3,1,10407,1128425361,-957276533,-323585125,-303082359,1799377519,1157942146
3,3,3,1,10407,1134461989,1121423122,-1207816083,2008680212,-1232266368,-1519445529
4,3,3,1,10407,1340429517,19878097,-219740653,-363154730,1299321976,-1783056002
5,3,3,1,10407,1872196825,1492594883,-513768704,-1784601265,219302709,-1331021595
6,3,3,1,10407,336393936,-214396200,774191829,514314815,988319308,-1946166982
7,3,3,1,10407,-1711584585,-1118567499,-895708539,1500817960,897381424,-519980110
8,3,3,1,10407,1027217735,501771950,1063780322,-1178958928,-955007786,-1363933748
9,3,3,1,10407,1374979694,-411419052,684830016,-2015573062,23188970,1422793425
10,3,3,1,10407,1351350316,-534522097,-1034317624,1264201636,409927565,-1855043981
1,4,3,1,10407,452249902,190448497,1214294105,2141915760,-355557669,247815548
2,4,3,1,10407,806099208,-1084650583,85848266,78654192,-1105446023,-608491241
3,4,3,1,10407,1244778023,1362061016,-235285201,-1672914152,1973315445,1086685159
4,4,3,1,10407,936323627,1400517293,1221364748,1563822686,317263958,-259210383
5,4,3,1,10407,-1891196678,1628327592,-1909857509,1829750717,1535205198,713314069
6,4,3,1,10407,946362087,371810930,-1706373217,-1774430181,-2107066345,-1707315360
7,4,3,1,10407,-1330731419,-421477218,176651942,-671749172,-284951863,1330226059
8,4,3,1,10407,-1518431315,669121350,-1823829498,1168205203,-467011990,1952838057
9,4,3,1,10407,-27999740,722306739,-1731994970,-1495587081,-1749371987,1536956486
10,4,3,1,10407,994499315,2146303474,283812274,1628721149,569773625,867321430
1,5,3,1,10407,-1657215354,326328861,-1671212911,-790636149,805889269,90754724
2,5,3,1,10407,-1765639038,1250600003,1404145166,534711479,-1360077,-1610360564
3,5,3,1,10407,137745145,1140644189,-1453927822,-467991856,1460510300,-477410697
4,5,3,1,10407,33822166,1495426972,1007843889,-1869270130,-1476131793,94424812
5,5,3,1,10407,-405766864,-180924176,1324255319,-2122909469,-1927462165,-686477822
6,5,3,1,10407,59670513,789625758,-1432797450,-36057215,-1668107111,-1350268559
7,5,3,1,10407,1781038400,-1716188781,2082810195,56580695,301416738,-1137837083
8,5,3,1,10407,1249232155,1849334319,1162139848,-819000135,-739521493,-1532851524
9,5,3,1,10407,506907261,610450819,1708571515,-1337965904,1524279217,-1945374546
10,5,3,1,10407,-1540279756,1144704873,-1466487821,21679785,1837717827,777154257
1,6,3,1,10407,1746398781,1226216064,-1186011398,-1062926461,458441974,1702412060
2,6,3,1,10407,2057107901,215839485,703856649,-1056581723,-1329207132,629538886
3,6,3,1,10407,-2000841216,-431715915,1252631081,-616553167,-730619076,-871657890
4,6,3,1,10407,1109756283,2117721807,-991980013,1936610500,-1336125784,1478074013
5,6,3,1,10407,-829441364,1889356942,1248007268,-411896035,706519566,534369285
6,6,3,1,10407,1001595443,462202745,232535506,-937831565,-1898773667,-382403609
7,6,3,1,10407,-1749368568,-1783769509,1880597058,1612875084,-1951125375,1201026996
8,6,3,1,10407,-124187470,-2106229575,-1996529934,549160729,1004797759,832770794
9,6,3,1,10407,-473651007,-108954295,1788673610,-1771896738,-57633399,1216754389
10,6,3,1,10407,1096730291,-1566366474,1926128763,-1166958177,-977685989,-70304313
1,7,3,1,10407,1588056397,-391910352,163102734,-480900588,-1587222208,726898156
2,7,3,1,10407,183150525,-634378837,399889083,-1943748191,1626714070,382743861
3,7,3,1,10407,931280709,1043306279,-473617834,-1106602372,1058143794,560188592
4,7,3,1,10407,-761112835,1908216893,82187444,-1889422704,130897807,366005140
5,7,3,1,10407,-1877412818,1597408383,758901036,1157994190,1006646738,-1148502174
6,7,3,1,10407,830384044,-1094415127,-1630175591,1596707947,398633056,1185652171
7,7,3,1,10407,1906589328,-1248438509,-1697260619,585896929,1252591599,-1072333970
8,7,3,1,10407,-721798295,338680759,229507608,-1264860136,-80167013,919916897
9,7,3,1,10407,-726777531,94641210,-322791776,635540922,404705654,-2017195804
10,7,3,1,10407,37899620,-1656002539,-426238104,-1997413760,237014208,-767266684
1,8,3,1,10407,1208623881,2034671791,158641106,855196274,-1072532103,1499011034
2,8,3,1,10407,1215106231,801566089,60476395,-1498669060,1758479424,329737705
3,8,3,1,10407,28967909,-117365812,2030827920,-1978126089,1157185563,1611528833
4,8,3,1,10407,869534765,-1919167170,-1883121039,1104261436,1517616346,-454381142
5,8,3,1,10407,1659175479,221893249,1001065521,1077703554,246182061,-1799512413
6,8,3,1,10407,1889151897,-484925520,260160009,654727398,878123284,-970940715
7,8,3,1,10407,1374177429,1040214600,1214744568,-204499791,276817404,-2061886129
8,8,3,1,10407,2013989324,-336630824,2144933645,-1968979700,1345063013,929938497
9,8,3,1,10407,1914492203,-1519935905,1283595157,-26495161,-1594462485,-498357741
10,8,3,1,10407,-1408420022,-1716648119,-2030466746,1975707169,721977014,16193139
1,9,3,1,10407,-1911005529,-605078327,1094363153,-764972950,-1764430725,-1608806496
2,9,3,1,10407,1818133582,-954069874,1470495602,856006927,-574398261,-1331455079
3,9,3,1,10407,-1478843015,-855797433,-49499400,-1745313620,-2025634526,-1569973802
4,9,3,1,10407,-988930011,1044213225,133088188,1651889655,-332757385,812431335
5,9,3,1,10407,-1716859663,-1251802397,-884254149,-737184569,2126417470,1091372730
6,9,3,1,10407,-989632286,790930148,1619750310,946487665,-66293495,409769540
7,9,3,1,10407,-471521868,73446016,-2052638544,978751539,-1083859448,-291134832
8,9,3,1,10407,-1438292136,-701980059,847765699,-1635411267,-436360448,-1091891430
9,9,3,1,10407,-299579447,1285274623,748096021,-858799907,-1188715417,1380311816
10,9,3,1,10407,72734879,-880613787,-17475620,1389112611,1215865999,1575126824
1,10,3,1,10407,1037014201,92454440,1301622490,1424719610,543738849,-1462561049
2,10,3,1,10407,-1979279437,-267434191,-396929602,1048534200,-1004632101,1024615753
3,10,3,1,10407,416548886,886343155,2126547055,332466818,1902174884,-1657356438
4,10,3,1,10407,-1365831347,-1869086899,-837110766,-1343506185,1121059022,-1130338221
5,10,3,1,10407,1102934192,-1396987432,-848751022,876969224,-320855894,-215856607
6,10,3,1,10407,-993327807,1072265275,2077020459,-65833059,-314603970,-1188573453
7,10,3,1,10407,1493029642,-1221211677,908473315,359834886,1477834592,917934093
8,10,3,1,10407,-581158788,-689540363,-1555303980,-1743544811,1003467995,1703288855
9,10,3,1,10407,-292896457,744138174,44825269,685139599,-810537635,-1325928077
10,10,3,1,10407,-1018968140,-1316013757,-1079546407,1549712156,-423511942,-1839745231
1,1,4,1,10407,-739420905,511466074,253663996,-88630498,1716147973,49631264
2,1,4,1,10407,-364185750,-115821394,668065564,-1674133169,302617225,-1319665587
3,1,4,1,10407,-1271523889,-958954208,-1983354784,-537397841,-1693363178,-1731485164
4,1,4,1,10407,1035458506,536474856,236065552,2094236335,2025414460,-2114890929
5,1,4,1,10407,-1642954455,376781977,-1481765769,-2026831427,-1248782243,569199084
6,1,4,1,10407,-1905980950,-586738421,-1241784177,-2116572854,564345021,1592021519
7,1,4,1,10407,-1602542922,989795321,1548427436,-432526299,-1755411856,923918598
8,1,4,1,10407,-1698710289,-622427441,676081870,1050561115,1595363321,861745463
9,1,4,1,10407,842853568,-1409900447,1852904460,-1420056602,1702822686,746354969
10,1,4,1,10407,-1332940774,593555414,1336568836,1588526708,1039437686,-1290683461
1,2,4,1,10407,432260838,-1468665300,425628201,-1398069657,-1803196351,-784741467
2,2,4,1,10407,-137042769,1700926287,-306278172,209234806,1524911903,832517982
3,2,4,1,10407,-876498276,1491497189,996454297,1055488704,-301712605,1068810722
4,2,4,1,10407,-399290819,870744735,-367697590,696645656,2057748949,1509557398
5,2,4,1,10407,-1717099282,972742103,1318899220,-521371389,1055705918,2043247986
6,2,4,1,10407,62286312,1775254084,-2075542869,-353609791,1148323222,-1596927656
7,2,4,1,10407,-1834357618,-2009718627,2005784491,-88884083,351192750,-482464518
8,2,4,1,10407,-1067911686,-374293433,2123851430,1692566328,-123421792,-1843867893
9,2,4,1,10407,-1981038089,801439611,-1173440891,674764635,-1918144812,-1952032643
10,2,4,1,10407,250809013,1842696265,268223032,-1083820315,-1456737427,1516247713
1,3,4,1,10407,-1975819773,790228354,-1879673971,1958611892,1875413828,758239741
2,3,4,1,10407,575358608,-652636206,-2030975495,474168066,-2140455341,-753538944
3,3,4,1,10407,-1840728923,-2031986365,544261101,1781816977,1100880220,2077976857
4,3,4,1,10407,-1172053356,-1221223727,364674625,-801225957,-1506156893,-1845107104
5,3,4,1,10407,2114476804,-1889907416,-160178502,-1710547346,-1858800428,1092637419
6,3,4,1,10407,1356571951,907788265,1438332084,1637898203,-1686437826,-73346612
7,3,4,1,10407,-1738284324,2113693719,1144178063,949887813,-641155720,-30579071
8,3,4,1,10407,-1287208633,-166271203,-1794207907,-1719116575,1675835007,658453155
9,3,4,1,10407,-1905545415,356587532,600476256,2106028812,-849145191,-46750436
10,3,4,1,10407,-436137815,1489055759,106639988,940694189,42460105,-1641855654
1,4,4,1,10407,1113682866,-829628762,-259488343,1689135431,-1371302232,-436091795
2,4,4,1,10407,375402810,480047778,995141573,534966428,1485590649,899462585
3,4,4,1,10407,1728695227,734129033,815619820,1608291895,-428694791,127949720
4,4,4,1,10407,-1563620494,491722400,407617218,-493862993,1396077560,-1992739135
5,4,4,1,10407,1565802246,965665493,803840600,-1142815075,-1853321205,1429514271
6,4,4,1,10407,-1972613974,1765073096,-1145566725,-1111717029,2134044023,-1439119902
7,4,4,1,10407,-1175600273,778652340,-581825784,590331551,809734778,1962096312
8,4,4,1,10407,537047617,-1702073864,-1686291013,1275333555,-1188687858,2070892103
9,4,4,1,10407,2014520698,23293184,1253546579,998882435,-1443677177,-1299005954
10,4,4,1,10407,-370089139,-864190393,615235426,-403869833,1892296406,2099410840
1,5,4,1,10407,434981360,1964571180,2108776608,-135765132,-2068165801,-1106148712
2,5,4,1,10407,-14041717,-153111422,-238856390,-902994990,-37154727,2073413618
3,5,4,1,10407,201959811,-1006492371,862392682,-1007152679,-863718193,1363738419
4,5,4,1,10407,1698722509,1358056632,-566936670,-2135534788,-1133154042,312631135
5,5,4,1,10407,917319025,-872669459,1150423124,-2092115006,217272162,74305
6,5,4,1,10407,-474031715,1589830244,-725747020,-1583025845,1691207539,1506546970
7,5,4,1,10407,866466515,953936270,-1935540384,-619110591,-601234192,1031916915
8,5,4,1,10407,228296627,-559147180,1438363543,2018943526,560437214,-984641961
9,5,4,1,10407,1234816930,749605068,759216022,-504007148,1747524812,1120636139
10,5,4,1,10407,1718274313,-1330390297,1492180090,-1166704119,-385950982,-56557710
1,6,4,1,10407,-1754864456,-652590705,-1435854531,-1114071083,1959748016,-692037508
2,6,4,1,10407,1087861164,1894171507,-1580833898,1663467375,-1423399025,2120903030
3,6,4,1,10407,-1287008778,328565579,-407258072,1346845994,1078017594,1308583402
4,6,4,1,10407,-657790371,415480380,1798124009,1457335890,1691670592,1723716944
5,6,4,1,10407,1297552234,-1024593700,473618330,-91778714,-1872833587,832934479
6,6,4,1,10407,-211086159,-315181477,112787540,503904797,-1877301332,-676734392
7,6,4,1,10407,655478600,-264828011,-1386003108,-2100739900,-2058668004,821988239
8,6,4,1,10407,-475269739,1477672511,1621277085,1431612971,-1847422791,-1332351506
9,6,4,1,10407,1828221904,-996812509,-896857136,1433681185,-1238549779,-707242213
10,6,4,1,10407,702187883,1624176409,-880114290,-1668641267,-332038989,-609206053
1,7,4,1,10407,159508801,-1714558180,-485407668,1834790319,-1459511902,-2073459975
2,7,4,1,10407,1802149405,1232503944,-1714526661,1539238942,-2101146004,-580014352
3,7,4,1,10407,-1076105999,126751133,-1375415901,1306687958,-2057129308,-1561436801
4,7,4,1,10407,768566073,1754998952,856770287,-884042996,1837162782,1411145699
5,7,4,1,10407,767597754,1766251148,-285257983,1761132980,1456114949,1718164605
6,7,4,1,10407,541922007,712313710,-676721704,35842220,426351331,1378440335
7,7,4,1,10407,430854891,-1516770192,-120277473,1901189910,-2125163134,1573879000
8,7,4,1,10407,-1572750003,-736047927,1747458177,-427460324,1405517359,263881211
9,7,4,1,10407,1552584229,-1835428826,-1972753663,1207374727,-649377139,1809834139
10,7,4,1,10407,2062537705,1633924830,205789143,667614859,-730759517,2033036892
1,8,4,1,10407,-256758549,-767675485,1752416486,1019614662,-1799129011,1932984766
2,8,4,1,10407,2026528431,-277885009,1262014879,965359466,639097486,-1230595801
3,8,4,1,10407,-1424139313,194076372,-647155000,-1030021889,70203364,1351920676
4,8,4,1,10407,-1634445724,764536967,-339428350,-2111177145,1500058985,499773811
5,8,4,1,10407,-1314034223,679108442,-1788714498,1344651151,-448186525,-1728075771
6,8,4,1,10407,-677238768,-569501910,559452932,-1308346949,1892517287,-391633743
7,8,4,1,10407,-1021989121,877152742,2123663446,578388147,2003735881,833236150
8,8,4,1,10407,1486346174,1787349154,-1584544565,1943891140,908247351,1126053357
9,8,4,1,10407,461531053,-24322533,-1223921480,-1146605584,-1867894759,1373441754
10,8,4,1,10407,-1941465519,-1344222499,801144709,998615416,746644088,122601979
1,9,4,1,10407,1815310493,-1506751356,40712028,-1210393784,1217820076,461565650
2,9,4,1,10407,95579827,-1526752451,1069671903,851770266,932233093,695489416
3,9,4,1,10407,-1872008604,-1390614898,-2007147035,1795268543,-1745571825,-409749928
4,9,4,1,10407,767607010,-118107886,854006734,1726437606,-789183338,345068991
5,9,4,1,10407,300927118,-1301389489,-905893987,-2096566163,-122383153,-74802431
6,9,4,1,10407,-551929052,-483873147,-107451952,1467562317,-183172461,-1954766880
7,9,4,1,10407,1827784464,1253063737,-655177702,-1523652874,-859379382,1761304561
8,9,4,1,10407,-1618525944,1574890315,-676421102,-1703001782,1386028913,1152697891
9,9,4,1,10407,-512996759,-790349911,-1697746459,517071032,-1703485322,1023866442
10,9,4,1,10407,-604861990,743307449,-895272167,1569226249,1822547965,1390866431
1,10,4,1,10407,-779831822,809768920,454209259,1845081476,1570172657,-1716209793
2,10,4,1,10407,1280669048,-1835880463,1077399088,1634358703,501825755,-1447353100
3,10,4,1,10407,381845397,343513182,-582956839,-124830424,709303942,-1518475396
4,10,4,1,10407,1465028331,-1695501107,1700838346,-913904494,-1757613192,-304488887
5,10,4,1,10407,-1969747819,489179634,532350145,-484075894,-329991528,235365765
6,10,4,1,10407,-478291536,1306492590,51941411,-325605273,-1429822424,740981856
7,10,4,1,10407,1654881754,-1637440438,-1326654169,-1560072122,-1265452588,365390701
8,10,4,1,10407,-448265682,-677083518,1702913390,-1210020357,-667860298,976655999
9,10,4,1,10407,-1041639930,-1198069399,-980083538,440224677,-239590005,1028341793
10,10,4,1,10407,84690120,-230117729,-420894867,-1071158129,-292414437,1940650894
1,1,5,1,10407,1732058467,1537199446,1005183133,588986659,-899831660,-1735414052
2,1,5,1,10407,647812760,-1060533924,439941403,-427718087,-1568147110,1586683144
3,1,5,1,10407,876218985,-105475278,587237327,1422422717,27508152,-555802136
4,1,5,1,10407,-1698929957,-1931393650,-379583210,47312122,-1416352636,-709659310
5,1,5,1,10407,1530911985,-426473699,516061564,-338532328,-1714039432,-1146575794
6,1,5,1,10407,-469268137,-1950091546,-163463713,961202156,1103162379,-1576960187
7,1,5,1,10407,1535761614,348422040,1819977510,-1958767718,-1051225355,-85246917
8,1,5,1,10407,-135998415,2050758352,-543744370,1417125473,1591870201,256079806
9,1,5,1,10407,-1850648893,1716503561,-1527757304,-52091485,364034718,-258455906
10,1,5,1,10407,-1463133155,1924863767,1219896129,1514068518,-969169236,-1396548817
1,2,5,1,10407,894375826,-500028865,-575472011,-1963059991,-1986406367,499688474
2,2,5,1,10407,68474944,1342119413,-851984408,-183406501,781042894,-1301290225
3,2,5,1,10407,1410303656,1623422229,1233020142,-872814747,-1022577076,-1467432164
4,2,5,1,10407,-1630377499,-267423491,906631817,-668765474,-1903958933,1449373218
5,2,5,1,10407,1826782680,-630371121,1377468255,15981974,-478501830,-2112548610
6,2,5,1,10407,105086391,536528856,-143607264,1649950089,-1598791517,-1138054073
7,2,5,1,10407,1540631098,765968352,96825721,-884319835,-508281627,-1123910838
8,2,5,1,10407,-38719899,-805069875,1442463163,-1516783061,671521731,-1401478615
9,2,5,1,10407,-1875648117,1552104529,-158285117,-1780185157,-981775775,1060968902
10,2,5,1,10407,1135926813,-1461612938,-1392847183,-2035813573,-1378014210,505714290
1,3,5,1,10407,2050982821,1441076860,-288487804,-1122862838,-1191272649,703981944
2,3,5,1,10407,1276413767,-636427933,829526071,1674416189,1961897250,930983618
3,3,5,1,10407,417340363,1765511287,1596346379,187473203,-1141428774,-1826907255
4,3,5,1,10407,-75319639,958793068,-558055793,611226827,-569707325,-2000226479
5,3,5,1,10407,1246517750,689810708,-466423140,-1581579729,810000965,1895440462
6,3,5,1,10407,1248539551,-2079269917,-1307782312,1993034523,-1054765523,2016349642
7,3,5,1,10407,253212245,-1659364241,-222122256,-923361918,-2032372136,1761979413
8,3,5,1,10407,1116233347,-2035631836,-1613223843,-400627546,1092980745,-494928717
9,3,5,1,10407,2082101964,-1275219141,-635616183,477497749,347992091,-1043880422
10,3,5,1,10407,103530204,1744776642,1897159808,354476987,1682238971,957695263
1,4,5,1,10407,1122466360,630972225,-1473209328,-1971520120,-793667961,885300782
2,4,5,1,10407,496903470,1365189138,1083157223,1883740631,-1839148541,1461104159
3,4,5,1,10407,-1706610241,2065643310,-516751747,-207577961,-1493831891,570913375
4,4,5,1,10407,-898696404,-1922838033,1085765955,2007361921,-747619448,1526193387
5,4,5,1,10407,-918097160,414355086,-1732786671,804509387,440355137,1108635039
6,4,5,1,10407,1387795319,170494007,1580708581,1352698615,-21607289,-1619740229
7,4,5,1,10407,1038701342,-1145868491,1454388881,-790606474,775526758,1345311764
8,4,5,1,10407,-575987699,639338753,-1341236921,1003421163,-275985962,466180994
9,4,5,1,10407,-1877208337,-1332825323,1847127669,-662021629,-48687303,-929295659
10,4,5,1,10407,1642666973,-170715415,-738404154,-433256923,-1225329823,-461433973
1,5,5,1,10407,-2088900321,447484828,-1413631945,-802155470,-1628852216,-774586802
2,5,5,1,10407,1154594604,-577516796,-606835230,915792358,-1003498192,-1897609927
3,5,5,1,10407,-15559083,-309213928,891228405,-562613823,737742238,-325447183
4,5,5,1,10407,-497395302,-1487715749,570833729,813677748,-70828722,-1306413993
5,5,5,1,10407,-1892539289,-901679716,1720988499,-139131971,2069069669,1234316788
6,5,5,1,10407,-1996794762,-537652291,1403828554,-142467988,-139909567,-1229161069
7,5,5,1,10407,-1274576995,-969551013,671824368,-2115414449,638737889,767493821
8,5,5,1,10407,231124755,-903001964,-1850360447,-1438500485,1387525742,-938926569
9,5,5,1,10407,51662810,949329435,-422401884,112475768,-1666666969,894041461
10,5,5,1,10407,-955575030,608931480,-1883862505,69864361,-1896760779,-492240828
1,6,5,1,10407,389471941,-447099406,737401375,1726373866,-1352906706,1081223062
2,6,5,1,10407,-1096341369,-1172081361,-202446070,-2008317383,-557625711,1270653861
3,6,5,1,10407,131627900,-1230630893,922793548,-1141240458,-2013179217,-2117546896
4,6,5,1,10407,-401074865,1521143895,1899183678,-677255477,-122489802,-700099852
5,6,5,1,10407,1032643671,1389706013,-654271333,-139422378,1854170993,461663506
6,6,5,1,10407,1133577128,-1195874999,-1836623335,-823157612,-21053536,2062326327
7,6,5,1,10407,88203251,-415233596,1820543829,1049335964,1991448671,-1848467111
8,6,5,1,10407,611448699,-394172377,576759882,-1768868583,-1017814339,-1828016733
9,6,5,1,10407,-573004683,1047802796,-1935611256,1102572216,-808351502,2027087075
10,6,5,1,10407,1540941690,2037367495,1134194410,2032380253,53064306,1400938073
1,7,5,1,10407,1029077140,90704918,-291424854,779137360,-1342867142,-1141945239
2,7,5,1,10407,-1978905024,1821596691,-912887101,1121038839,-2135527377,2035808813
3,7,5,1,10407,-672634898,928823331,395543294,1874583143,-1108152198,-467003393
4,7,5,1,10407,-780068231,-2002897679,-352151439,1476000914,933729361,623528902
5,7,5,1,10407,926591140,-198652923,-2028021152,1394565475,-535490530,-1907628851
6,7,5,1,10407,-1173248376,-1824598719,-1322601960,-782644893,1506467659,74073165
7,7,5,1,10407,-1134818858,-1507364191,-1878018727,1054695496,1258998733,1198627254
8,7,5,1,10407,675890046,-1305552819,-1600684715,870715168,-852386961,3046289
9,7,5,1,10407,-1143360795,1632937244,-1744851697,1819842183,-1029243195,-236356514
10,7,5,1,10407,-657228464,-680436768,-1177249256,-716680786,2010765119,-1023199732
1,8,5,1,10407,-822471915,-990072287,-1820696228,-2012046080,96913300,-647351131
2,8,5,1,10407,-1788517676,-1639233845,24995106,738221479,-722455963,-800079103
3,8,5,1,10407,-273764259,-329695651,242547295,-341449418,3621523,-340480686
4,8,5,1,10407,1992916112,-1835770012,78945494,-1512999043,1187652423,-1534788361
5,8,5,1,10407,-2121856574,500911497,-1187314031,1670029713,-1244673211,-1777057539
6,8,5,1,10407,1568710036,-1736036669,-238320366,1738985271,1672447608,-1684560890
7,8,5,1,10407,1250561931,-936125165,2129022839,1919184017,591276233,-1880227914
8,8,5,1,10407,-1867527599,-1934624948,-496626249,-234089169,1333446811,-896153113
9,8,5,1,10407,1789720108,1135644250,1814102130,217094621,983378631,1099235183
10,8,5,1,10407,1721921124,-1124420317,137501777,1446014409,-644774906,-271667768
1,9,5,1,10407,-457888835,-38357022,1526383008,-695723069,377101334,1467158023
2,9,5,1,10407,-1236084389,-156615454,213949114,1592163162,615970418,1242783274
3,9,5,1,10407,-1184667648,1310906199,987281984,-1320876210,-687981084,-1799877754
4,9,5,1,10407,1827257384,9060536,-122660285,-1785765136,39868072,-389776039
5,9,5,1,10407,1177329582,663292355,-1779780890,224542339,45257406,1114472625
6,9,5,1,10407,890158644,-1592649099,-990408858,-162144588,900636221,419427443
7,9,5,1,10407,-399759934,429649850,1039440530,435654001,-1155952719,-111293120
8,9,5,1,10407,2024848430,1215591109,-2096824575,-2016195027,-1770090442,-529824351
9,9,5,1,10407,-386951399,306891451,-74406540,1833644536,90127856,-526664633
10,9,5,1,10407,1540861198,-1009980034,-1056643200,-1175099806,-1550984261,2008693285
1,10,5,1,10407,-217126036,-670985495,-887519993,-1206430054,597475786,1582226130
2,10,5,1,10407,-1350887031,1375085404,524811131,108779998,2042202441,952867164
3,10,5,1,10407,-1409884418,219881252,2165908,383999317,58076212,311562066
4,10,5,1,10407,872733098,754623756,-1600309397,2020069763,1363881665,744587475
5,10,5,1,10407,505217437,1549321241,1192771209,1220768472,1353570444,1320793438
6,10,5,1,10407,1091307744,-976291858,-260165964,-1344557881,-1770855138,1307048126
7,10,5,1,10407,-2060960204,-1100430051,1263432628,-298616204,1745779498,1026599145
8,10,5,1,10407,-712457288,-1774637994,-645867036,979139445,87328206,-2062860596
9,10,5,1,10407,-175297817,-1297060307,-157129453,249444177,38244412,-1837839703
10,10,5,1,10407,-300115963,-1270284677,-1754208906,538303359,-1495633977,-1754327397
1,1,0,2,10407,1660151086,-500638321,2122609993,1352423240,2040181824,1136513364
2,1,0,2,10407,-1523277302,1409225891,463954900,1097654134,1353899544,418030647
3,1,0,2,10407,-1666601709,2020496430,2104830887,-2103202887,669903635,2104802492
4,1,0,2,10407,561639660,-619694781,-950239397,575375203,260189121,2085355960
5,1,0,2,10407,414144175,1294098368,-906296996,545844626,1488640137,-349475872
6,1,0,2,10407,810714261,-414465438,-719616259,1674341330,-132123388,807278149
7,1,0,2,10407,771659440,1553704304,535994451,513109982,950828096,2050909766
8,1,0,2,10407,677501835,-522326138,1852256042,-1887314739,-1908677172,-542774242
9,1,0,2,10407,-1298839558,-829622475,-160414133,-1492703,381036228,627954262
10,1,0,2,10407,-26481591,-1563886600,-355592560,-244669747,532618609,-826713894
1,2,0,2,10407,-579827625,481788596,1873105452,-1049843922,-279640771,654919403
2,2,0,2,10407,825740213,-2085731711,930114048,-910731667,-1674866176,1495027858
3,2,0,2,10407,173659409,884389187,1592635549,719939423,322930453,70382150
4,2,0,2,10407,1803187255,-1909008264,387569285,-1703958256,967229142,2111849088
5,2,0,2,10407,113505541,-675563329,239709298,497631631,709015818,1224993752
6,2,0,2,10407,790552241,563687666,633096998,-70000286,1483864619,-921806438
7,2,0,2,10407,-1256494083,-1231507468,-314314618,397273924,1237802839,-1543787910
8,2,0,2,10407,-286463194,1764383284,-1581204388,1058880983,1565977760,-1662394821
9,2,0,2,10407,-1786947602,1580005128,767378397,1346553707,1604129408,1807933353
10,2,0,2,10407,-1281811169,-1901731744,-1248504316,-428888153,1142788453,-1406280508
1,3,0,2,10407,1600490915,-54125915,1697587732,-1505352689,-1915350200,-843600809
2,3,0,2,10407,-444576730,605617262,-1748702969,-443168740,1763407526,1358546902
3,3,0,2,10407,-231953538,1119269361,121893062,7291043,-1590600658,-1470289553
4,3,0,2,10407,-1639043808,-1349339835,2139622799,2051291169,515791168,1478305
5,3,0,2,10407,159212590,1271950940,-1917365297,-1999226752,1702477614,192102680
6,3,0,2,10407,-354250491,472628884,-67716445,710956747,-1896944455,1832843004
7,3,0,2,10407,-1344503975,-418580913,1347929556,908991578,-1526342713,1360748687
8,3,0,2,10407,-718413410,1887724555,1594916708,-708310512,-1829118382,-258126645
9,3,0,2,10407,1917986616,1071966356,-1377847302,-2025032524,122106492,-607743303
10,3,0,2,10407,-348897383,1882937083,370815978,-145843187,901901217,364169787
1,4,0,2,10407,-73476958,-1963980581,1731629079,-649905778,1568671430,2044628257
2,4,0,2,10407,-439076711,978949999,-2063234528,-478820152,154068248,360714335
3,4,0,2,10407,1668881823,-257599986,-112236376,8158020,-1069809820,1782306613
4,4,0,2,10407,-762169563,1797366344,1382287343,-1125548394,-112363272,1176086796
5,4,0,2,10407,-96707322,473341620,147150880,26226625,1291760658,984805421
6,4,0,2,10407,-1999533968,177253856,-436514016,-1118351638,842006808,322455052
7,4,0,2,10407,390811735,1763881653,1009883580,576505685,141108576,-1700189423
8,4,0,2,10407,-1652398188,-917798918,-350261118,-2095488376,-609980546,1722049937
9,4,0,2,10407,256998266,-38323639,1097883291,1447568586,-255698083,-443875020
10,4,0,2,10407,-1259971254,897164335,-159035269,1678003539,-458727423,2026753945
1,5,0,2,10407,-1321340926,-191790888,-1803793505,-2061393057,2063310724,100300970
2,5,0,2,10407,-846118561,-365888059,783387164,-1578866042,940467926,-1381958772
3,5,0,2,10407,-1861525589,-1745096868,-215020953,-1013228884,1851021324,-433240041
4,5,0,2,10407,523657411,313170839,2102986303,364358065,-883411648,-2121367905
5,5,0,2,10407,-1367650760,-42769188,-1392177655,-2074565486,-521735058,-1788985045
6,5,0,2,10407,1833032767,1857906975,-931983861,-312207417,-256079261,-962095499
7,5,0,2,10407,-924571386,1056209096,522074208,1555766011,-1915479431,686924750
8,5,0,2,10407,182355205,392569361,1984665611,-1882156137,-1848359789,-565714761
9,5,0,2,10407,-1623610478,1130478126,187459353,-572936182,-1320026485,1466164486
10,5,0,2,10407,-1316993390,-1299972529,-17307923,933695395,274974016,-1717277069
1,6,0,2,10407,-1374516846,1525472526,-700494561,1509491933,-1361303440,837125607
2,6,0,2,10407,-1522507212,-201369582,-11964250,-842879434,-1730903713,762620418
3,6,0,2,10407,-1623978756,-875494572,393036024,-1857427355,72635885,-1855494548
4,6,0,2,10407,-447087661,1165379702,-911424317,2141674260,730732133,738510977
5,6,0,2,10407,-913488633,2104510698,994893025,-1053353618,-324460243,350327475
6,6,0,2,10407,-1518622064,-1585242374,856493905,409471992,-1892223558,-872581892
7,6,0,2,10407,1947543306,-2061995923,1420089614,1204428849,1977988204,547321995
8,6,0,2,10407,169344688,148721240,788573494,-712068605,-1454494592,-346224477
9,6,0,2,10407,919280399,163228251,1807293742,-51223958,943738577,-1522637887
10,6,0,2,10407,2004388221,1946421676,-580102074,-568412419,-227204437,-1788107649
1,7,0,2,10407,-1904180781,920729202,-4617030,1400198737,-1064796049,-1482728539
2,7,0,2,10407,-11258315,133222452,431671841,-1140065422,-85891112,-1457569888
3,7,0,2,10407,277397327,503984028,-1041046371,-1234140736,-144910444,-696528334
4,7,0,2,10407,-1422748501,-207324529,298612699,1462808670,1455092453,-751610821
5,7,0,2,10407,104746811,1876187969,1195004712,-1466238852,-1310544053,1919010507
6,7,0,2,10407,1574917190,488619755,958605551,-680109819,-1783290853,-242616696
7,7,0,2,10407,-1404334025,-344318036,-982517026,859051969,1478470931,458591810
8,7,0,2,10407,-485939895,-1304017837,212278337,2122476913,1801696962,846824139
9,7,0,2,10407,257142943,2041134395,-180040953,-259140233,-140612893,834050606
10,7,0,2,10407,-1591399116,-165192148,77562136,1552494023,1025209212,-472417899
1,8,0,2,10407,-2132255794,841803676,1468269882,-1137760998,395384538,-1575172532
2,8,0,2,10407,-862069225,-686611816,1335875698,-600801483,-170987428,1517707138
3,8,0,2,10407,252815656,-1364890584,-1728362067,-807198318,1241930829,-1530063101
4,8,0,2,10407,-1241336554,-881954062,-870639605,-1267959773,672093705,641889047
5,8,0,2,10407,-453708203,-1356382707,1952967149,1369760203,-942323731,-1360154661
6,8,0,2,10407,-498440833,-1755614972,271878360,1478379637,-2072293040,2137434375
7,8,0,2,10407,-822977160,-1772538049,-946757313,229369572,1644634483,-111452286
8,8,0,2,10407,-1988535963,-1481096225,799934464,293574922,-1362581700,37755316
9,8,0,2,10407,-611802673,-598538571,522592434,-811020775,-1419248178,-1797646541
10,8,0,2,10407,-183265864,1765636414,282351392,-235522870,1874651925,-1056661519
1,9,0,2,10407,1488281972,1478345567,870480809,1479370295,-997938661,-521842482
2,9,0,2,10407,1260845339,423972279,-472522570,1308007066,-349241807,-617376794
3,9,0,2,10407,-1933786931,1282268943,-1205238547,-131228633,1260090109,-1304359324
4,9,0,2,10407,807066041,386620007,-2120460025,693591274,170859620,-1123814404
5,9,0,2,10407,1855134590,1637881283,669538591,-1855199979,-2040965322,1486039870
6,9,0,2,10407,-550430286,1758002190,-1188560634,1515678260,-657262217,1118601934
7,9,0,2,10407,-255494160,303641956,1763650609,-1475275381,1491095033,-2049725781
8,9,0,2,10407,-689033555,-245949896,-406765474,277911313,-885738349,-1661801558
9,9,0,2,10407,1037700785,-1557121592,-954907392,583951023,-1709490045,-60744023
10,9,0,2,10407,-1790094414,-1255972198,17885532,-162061249,934043143,1185916241
1,10,0,2,10407,1232639627,-548843605,-1271666419,451852346,443656096,2122138690
2,10,0,2,10407,-1519110019,23137378,-72791357,-1061891932,-1358004410,1000216035
3,10,0,2,10407,-346582388,1713870638,1041188167,-680436732,-661657236,377674556
4,10,0,2,10407,-254344395,1288662894,-1955398353,892366959,-367272397,645031499
5,10,0,2,10407,1434741163,-363205515,-724844383,-973789041,-2108178922,1135435474
6,10,0,2,10407,1878627555,985059574,-518009858,-985898237,1962918121,-1020524703
7,10,0,2,10407,-1139683264,1065372830,-1240171730,296927508,2113738277,-387989453
8,10,0,2,10407,-1289804665,-507401482,876509139,-632206818,-936584879,694852605
9,10,0,2,10407,-68341906,-915493373,-836600467,-569188798,23989571,1568965558
10,10,0,2,10407,-1328473707,-766644028,-1673781271,-1737178580,160967209,445174808
1,1,1,2,10407,-500120245,1218444119,136679191,2024442941,96518162,-139790900
2,1,1,2,10407,241285209,860165330,-1559429995,-1919441249,-636894940,-937715110
3,1,1,2,10407,2143457790,1923809944,602744638,1709353715,-1775872092,697523228
4,1,1,2,10407,-492818430,273229076,1155561959,658368888,147511230,1251722850
5,1,1,2,10407,324361373,1802468753,393735141,-1166108827,2144803410,-550388567
6,1,1,2,10407,1588195513,-2136761618,1602864622,-1486673831,835901363,257285323
7,1,1,2,10407,-430339230,-726648631,723442856,724066802,-1734334596,2051707370
8,1,1,2,10407,-1836313974,669656061,-2144922757,-1104325717,1522401022,-735671260
9,1,1,2,10407,-1869332220,1068281884,-1552060982,1975065299,910902138,-22238518
10,1,1,2,10407,2108334865,-238701536,-174237894,1752206334,1902948072,1131375122
1,2,1,2,10407,-1753422063,-479018567,-1312005777,1868580365,953631095,1220453846
2,2,1,2,10407,933087524,1557774730,-2045763407,-562805274,-861777606,-1475027387
3,2,1,2,10407,963126401,-1502142292,-2123271741,-1671180602,202684354,1038509881
4,2,1,2,10407,-1841969301,1882659833,1489962982,165052289,1555484779,2127739843
5,2,1,2,10407,-1005762757,-1840289230,-151675746,-1467769565,2129013270,627348366
6,2,1,2,10407,243230451,-137792575,1652291974,-1021398874,-1924123045,-353492319
7,2,1,2,10407,1062049220,1404767609,120500334,1201817786,-1657290985,567130273
8,2,1,2,10407,-385265062,787644081,919295878,-629676000,-1424371835,737149582
9,2,1,2,10407,75058111,242355819,-399991396,-119473399,273475352,1404686683
10,2,1,2,10407,1583836906,932567446,-1652608727,377347935,-179205952,998064956
1,3,1,2,10407,521348047,-1997320810,-23053015,-491520165,-1742810272,435885762
2,3,1,2,10407,1447730357,-391747938,1503427916,-1884301638,1966666072,-286708009
3,3,1,2,10407,1589886890,-1058405850,1931640676,940449907,698795698,-1338764024
4,3,1,2,10407,1809431168,-1071785811,1745080031,1100833597,1879818513,-890122713
5,3,1,2,10407,-755905174,1934137925,1251425319,478146585,1475579615,-269536250
6,3,1,2,10407,-1151120551,2052342624,-2112356341,-779037959,-693191684,1217188946
7,3,1,2,10407,-677615443,-1664952372,-990089963,1445080747,1360141370,-245918604
8,3,1,2,10407,462208686,627471932,24127920,1674233891,1389285718,1716140634
9,3,1,2,10407,1109613354,-1902505779,1612663672,-827455004,-554316401,362278867
10,3,1,2,10407,-186471649,-457285619,160298970,1608675262,-1175366403,-78217186
1,4,1,2,10407,1559390963,1069857032,-1990952361,1700620688,-1829854313,684939129
2,4,1,2,10407,1052610223,-700839618,-2057307076,-2052636200,83094870,2083088279
3,4,1,2,10407,1684479323,1899544314,-1530414081,289305902,1816813785,-1742836482
4,4,1,2,10407,-780314694,-1288640196,-19097508,-2134461079,1473842739,-634293884
5,4,1,2,10407,1240474383,1932723471,-755785020,283963255,1397554875,-162755941
6,4,1,2,10407,-1183776329,1833726204,-1983368726,506419448,603382214,-469789676
7,4,1,2,10407,-1293742563,-266888598,-572641151,-401585745,-535583443,64379395
8,4,1,2,10407,1882846101,-690301226,-1804682874,-325094900,-843416090,688656472
9,4,1,2,10407,-383629509,-748773829,1729160581,736113198,-1901945691,1062865583
10,4,1,2,10407,-1264729838,-1504605331,403022752,843057805,1860329890,1911061905
1,5,1,2,10407,-1446609569,1810946912,-1384604686,1003246285,2143479976,-78504119
2,5,1,2,10407,1315561251,-1000512857,-1869408060,664809531,1081771571,2094447798
3,5,1,2,10407,-1578486806,840884825,-1168310655,1841903711,1299412661,856932687
4,5,1,2,10407,625293048,335497317,-547383494,219528257,750615631,889825076
5,5,1,2,10407,-759420459,641821929,-1398882629,1094817649,-1181975577,411141876
6,5,1,2,10407,-926420241,1131709033,640318043,-1854089912,-1425672834,-1221379065
7,5,1,2,10407,-645034353,1566727882,664236704,1505647894,786353883,632357999
8,5,1,2,10407,-715736275,769143380,2064819518,1168021382,1252751061,2122389025
9,5,1,2,10407,-1974931765,77885379,976936308,1387462853,-168086590,727976794
10,5,1,2,10407,343143648,-2065630448,1155993273,-430174504,-1314015143,-1630571985
1,6,1,2,10407,-1917219483,-238119266,902071528,197712325,1504300894,-1675380972
2,6,1,2,10407,1612448548,1018999692,-1884686662,384662200,2017580912,732796481
3,6,1,2,10407,1859441880,-799631792,-1295454743,2061154850,-1948817412,-1950885694
4,6,1,2,10407,-1328554071,-23280134,1288844938,1254221559,758211239,1007956151
5,6,1,2,10407,-1647157789,81328973,1664128711,1481533474,1492590756,-1101593377
6,6,1,2,10407,-1375129312,-961814464,-1503439846,1482361015,832900629,-216969223
7,6,1,2,10407,-2129230608,-1267001093,554535155,1725317484,1853278480,1797337910
8,6,1,2,10407,-874083172,-1667422942,-1753792115,-39485848,126743683,903753947
9,6,1,2,10407,-433886573,2102326360,75241238,988111115,934630522,-1381157466
10,6,1,2,10407,719208168,-1678525360,88120817,1984772871,938234276,-2082504118
1,7,1,2,10407,-1983013705,-958552272,-783875913,-1335668487,-2023028890,1111164977
2,7,1,2,10407,-560687792,-862815563,-1266280680,-1127208243,2005530720,649618281
3,7,1,2,10407,-1308620658,1179681037,135580738,310100393,-2121641935,-35843298
4,7,1,2,10407,1221391930,1096377906,1238372252,-72505091,-437757023,-842335612
5,7,1,2,10407,-1302903623,268677508,869400931,-468169309,91434948,-2037552483
6,7,1,2,10407,-1227371260,1660184351,-1313819128,-792809795,-722310592,-835130384
7,7,1,2,10407,945854411,-2102496995,1895397222,-1538976370,1551772131,1506008495
8,7,1,2,10407,-357829122,1498672609,1878842161,-1920408909,74674108,-2104020145
9,7,1,2,10407,1795193479,-1460892465,944440788,795462145,271640120,1276975540
10,7,1,2,10407,-2104429960,-2044506411,-1670122000,1754626444,-1198364035,1872457149
1,8,1,2,10407,145652963,1177981232,-332173373,-1771284914,729184050,-94827598
2,8,1,2,10407,-1495142902,-1508678530,-500296245,244217007,-885089437,-344269529
3,8,1,2,10407,378173482,-968201233,-1524805612,-491921318,758585077,-1207778081
4,8,1,2,10407,672364307,-2041512153,-537570432,1362477509,-1506907336,-982075372
5,8,1,2,10407,1362775265,-1570718891,-1569348487,1363506670,953780882,1617758823
6,8,1,2,10407,-1540060536,-158756651,-1962941172,-2143932104,-1614683874,-1756121895
7,8,1,2,10407,1892661993,-1791675507,-1828318412,-649653592,-2112908920,-1612806919
8,8,1,2,10407,-10207941,-1944597934,-1597969539,-1136709356,-986537633,1694534606
9,8,1,2,10407,521230228,-350892779,531050990,528837041,-233689403,661973912
10,8,1,2,10407,-1792479249,-1146944681,-409511069,-1845553204,-909603864,97658824
1,9,1,2,10407,1501163971,564364895,135130109,559432572,-1599712506,-2029381624
2,9,1,2,10407,1848622713,-1128894196,1161745408,-1279936114,21582898,1725760321
3,9,1,2,10407,235090110,-668024687,1085502344,1895347311,1298715957,-541835930
4,9,1,2,10407,-1934235164,2075531200,1719538443,-222183725,-762391349,1485942152
5,9,1,2,10407,-1540534408,1406950387,2145854922,-506925705,-1080875610,544397013
6,9,1,2,10407,1460005014,-311747477,1895224460,591783160,-511921568,668908840
7,9,1,2,10407,1993829269,-697082957,-1886518639,-1905910080,-476882857,-1675691342
8,9,1,2,10407,1176158919,494091063,-636224428,-1604566291,-2039329340,1611302945
9,9,1,2,10407,-1868321084,-1557832926,-33620925,1238576820,-1178805619,-1615377173
10,9,1,2,10407,-1552879536,663414177,857734894,1587130186,491389709,902512773
1,10,1,2,10407,-981527838,-1704962907,-192617756,673911361,270766309,-1878909632
2,10,1,2,10407,-897863798,-1357631712,1278754166,-1591472942,571872344,-205265234
3,10,1,2,10407,-1982962114,924803786,547837437,-1223378594,951388371,-1167081363
4,10,1,2,10407,1413474834,-2080485497,-1013624244,-1074564119,-588125107,-1718158258
5,10,1,2,10407,-773166686,-1155601666,1222120854,-1284853331,-1435594385,979736857
6,10,1,2,10407,-1307598258,1022128560,-1416394902,961621001,1144948616,603626954
7,10,1,2,10407,1005377345,-483946047,1547396235,112024123,1811371994,416457219
8,10,1,2,10407,337290974,1424824244,548632967,-81029321,2050431541,-630114425
9,10,1,2,10407,1462493465,847573589,1233486616,-320759762,653561594,-603665225
10,10,1,2,10407,1551020097,-1039206931,64806592,772859209,451030971,1513569907
1,1,2,2,10407,1366886663,1382999513,1309646920,-787100166,26639020,350915020
2,1,2,2,10407,1652498430,-677677560,354251874,-1149635851,-2070362440,-1432536347
3,1,2,2,10407,-1362166675,-110495176,1713249112,-1916962005,-1235811209,1534467523
4,1,2,2,10407,553797052,-1518599166,1695453123,165314548,1474116217,-342058719
5,1,2,2,10407,-688297608,1100480065,-211973778,-1263658694,-506338640,-703129367
6,1,2,2,10407,-96264172,1339077191,701937978,-1453739537,-1724475674,1593406709
7,1,2,2,10407,285223454,-194020749,393801642,117262106,1761030126,-1696107323
8,1,2,2,10407,1387172277,1157203347,-413329976,-560137928,1441576749,-1497365385
9,1,2,2,10407,1120279571,-875269114,1637301450,227531047,2089562757,2104796570
10,1,2,2,10407,722746060,1121232761,1130315623,405254493,-279908529,-487559727
1,2,2,2,10407,-1420473093,-255121001,905447104,1844875799,1213793757,-1188945497
2,2,2,2,10407,620533565,-250006359,1823025578,1790197026,-1348319731,70120277
3,2,2,2,10407,48931142,-1396182254,-280566618,-784640849,-513104404,-2105603583
4,2,2,2,10407,1710491305,704363651,-1589300662,-479722711,-1583518903,338354751
5,2,2,2,10407,51989939,-1167630580,-1347175292,-1020138676,-116648205,-1430424806
6,2,2,2,10407,184182659,-1516552887,-129625029,1566355697,-716992449,1561070482
7,2,2,2,10407,-1899907460,-166573452,761484733,73715103,805493501,-1272390409
8,2,2,2,10407,183083722,-1993333570,509102050,-859437134,639545701,2145437284
9,2,2,2,10407,1971792426,-1429986533,-902560669,-1021874182,-2083409558,-1034213544
10,2,2,2,10407,-503717917,569755537,-1571721359,-1606400672,-1674780351,-691025810
1,3,2,2,10407,-1042981972,1345669175,-718260219,233196027,-2141428256,252475035
2,3,2,2,10407,1433232055,1492160794,904076840,1687986930,-1916763013,-1518616981
3,3,2,2,10407,-750749811,-343349956,-86335187,-43278083,2038724112,-1645881268
4,3,2,2,10407,1357707151,-1451790525,-1222112341,1935333912,1555486686,621304039
5,3,2,2,10407,423480314,1298891964,-2078040798,1508926853,-339444685,-2129383383
6,3,2,2,10407,1659512211,-1248006762,202365233,-548116510,1720784987,843104861
7,3,2,2,10407,-2015786972,-2035169114,-568017165,758950539,1157697006,475676652
8,3,2,2,10407,426190983,-270709322,514568236,111693092,-1169781853,-1681525997
9,3,2,2,10407,-333911170,-2043682795,-1272475766,-553524074,1274150217,-820919269
10,3,2,2,10407,968776892,191811411,-31526664,-1968259176,-350943657,1164137273
1,4,2,2,10407,714802815,-2025877087,-1362862552,66102691,1189843153,1785830608
2,4,2,2,10407,1130896402,-1361880502,-392737019,1622613497,-558995403,-213724015
3,4,2,2,10407,-707732958,-1640075750,-265004829,586955954,-307890229,871637097
4,4,2,2,10407,-1174174227,2022764979,-88783726,-1044965077,-276293912,-1642681246
5,4,2,2,10407,-1822098612,-2016321315,1703350827,1970612532,413399174,741200037
6,4,2,2,10407,2047613741,-730603429,574837947,-1812858983,-1315496981,1403008420
7,4,2,2,10407,1339557210,-1626986854,-2070637033,-1991659275,780391832,1477978809
8,4,2,2,10407,924285435,1917034931,405423166,-1158731275,-1182990329,1557490814
9,4,2,2,10407,-1596312106,990039277,-738337147,-2133583194,759078308,45185087
10,4,2,2,10407,-1318056938,-170417042,-1041532652,-931650806,1262665862,-1782322689
1,5,2,2,10407,-1566926019,-42694897,-1929451988,2137847199,664747520,1201414846
2,5,2,2,10407,56068072,-1980950907,-540382738,286638814,-2135430236,1620692423
3,5,2,2,10407,1906916305,1752614728,1309329302,45780633,1896003006,-377273513
4,5,2,2,10407,636157432,1671594736,-31677484,-614791210,421425953,-921591251
5,5,2,2,10407,-1683539217,505397265,-1522029082,-1870849757,888812094,-1534966312
6,5,2,2,10407,-1408181095,395067156,640802884,343952975,1372527366,613465972
7,5,2,2,10407,-238654889,1036446280,1376572716,-1053423474,-581187974,-352651966
8,5,2,2,10407,-635150508,-2025564126,-65607338,-798237014,1782274594,-2023393881
9,5,2,2,10407,1162796384,1749581532,1479478854,383580369,1084686831,465683347
10,5,2,2,10407,-860524126,-497217214,1173501857,-1671362948,-1722781733,751838530
1,6,2,2,10407,-868040616,-1069436823,-1563179391,1264502680,-1831993173,-1005268067
2,6,2,2,10407,1935784110,-1771608078,986844910,-268417934,1887881468,1847576334
3,6,2,2,10407,-1679920523,-1254957971,-1068909098,1677096057,1939696828,571036238
4,6,2,2,10407,2115624898,-1543465782,432215032,-1427136499,-1917861464,1445242165
5,6,2,2,10407,-349432638,-908529877,-1180232059,135861899,364147527,688511909
6,6,2,2,10407,-81436698,-961381196,1462564143,355446960,-1901575906,253399545
7,6,2,2,10407,253075154,1804110877,681135595,1306248289,1712700668,-262855906
8,6,2,2,10407,-1368601441,984894240,-1844590354,-1565703057,-2084342236,-750548693
9,6,2,2,10407,-1120846291,-1592892062,-928991519,1630006156,-1351057150,1334364059
10,6,2,2,10407,247993558,-2026746164,-910720637,-551480081,1189262177,-849095930
1,7,2,2,10407,-395781455,-1394647079,-1532157856,-2115824414,1441823382,507665463
2,7,2,2,10407,1295746449,2057437797,2031405658,275724399,-2058329898,688083137
3,7,2,2,10407,-264824963,-1705557304,-920011584,-777892321,-2063150367,-1128786606
4,7,2,2,10407,-2091796315,20490172,1868841396,-772102138,-2126709630,-520327592
5,7,2,2,10407,-1074166532,1691337105,1812670626,21852939,903453950,-805224036
6,7,2,2,10407,149787966,1613864672,1785768576,-534261796,-1104673098,-402743107
7,7,2,2,10407,-1786820295,2113791545,1540475821,2122902246,1912246326,1262115312
8,7,2,2,10407,198920027,-76070746,-8886544,-482911647,-657115618,-1049695266
9,7,2,2,10407,1741492140,2002374987,-159117084,-1375096148,451059418,-2137516291
10,7,2,2,10407,780710851,-801495762,2089980871,-1273244300,-1532444510,438695528
1,8,2,2,10407,-1977148251,-1083193041,-756122206,1333912040,-879807042,-2034297508
2,8,2,2,10407,-1915444208,332258953,980183178,1601007931,1412479925,1762997694
3,8,2,2,10407,1291192624,1939872739,1451482207,150176810,-1912486462,-416183560
4,8,2,2,10407,743198317,145221391,-662486006,2097082133,-1420875304,-629231218
5,8,2,2,10407,-1532554463,-1222457288,795998682,-1438501613,-478354605,1276669224
6,8,2,2,10407,1664966507,-1855072592,179555663,1467169154,1229300524,-1318715606
7,8,2,2,10407,168883795,2035999398,1854729409,766106492,1785781662,848350413
8,8,2,2,10407,-586747133,-449999949,1628706844,1900126094,-704572069,-1796736119
9,8,2,2,10407,1674133382,-2024004746,-1530030374,883119788,1246138798,1895472470
10,8,2,2,10407,110667515,-856471718,-1914938426,1599250255,-1952828878,812377138
1,9,2,2,10407,276144463,1776015285,-1269251416,-413603156,-1602268815,-1209985371
2,9,2,2,10407,168057496,287334283,855153939,-572886115,-995266318,1796507216
3,9,2,2,10407,-104100545,-1952831808,-1303017520,54763590,-2006213294,-27075304
4,9,2,2,10407,703657608,-95992396,-2017140976,644705720,17649613,1597065849
5,9,2,2,10407,-682822185,-559210024,-687119441,1271274259,-1280061411,1700130342
6,9,2,2,10407,-886350878,1789120145,1431420159,-165385280,-1944900281,1421746412
7,9,2,2,10407,1026726045,-43986806,-1143469370,-957405207,1421167671,-1641545506
8,9,2,2,10407,-1480528283,211455742,-645051163,-817185655,-1444608694,-1670187010
9,9,2,2,10407,755486427,-1401405626,1586135967,1160794312,-918611592,-1480351341
10,9,2,2,10407,-1761607753,-1262673814,412710096,762778648,-585758949,-709293898
1,10,2,2,10407,2053380979,-1652469520,-1660626127,1610523182,-1002477452,1800401715
2,10,2,2,10407,351282208,758424520,571610940,-1418990802,1757533542,-383965784
3,10,2,2,10407,-409927154,-1870429376,-127659720,-611717827,1971348108,-588121984
4,10,2,2,10407,-195656536,-499179211,-1395406866,278385233,902071113,69026454
5,10,2,2,10407,-1028065011,-2072545192,-325614795,-533925686,297175348,-1270862496
6,10,2,2,10407,-1963626025,-183282958,837036619,-1422302230,2128694104,324192201
7,10,2,2,10407,42169502,967783448,1599353063,302156857,-162893228,1001695020
8,10,2,2,10407,-1106281566,1735200416,2027223319,-1759681653,-1856291233,-659575321
9,10,2,2,10407,1422476906,-1249218468,-1044811968,-57155988,982274870,1435791183
10,10,2,2,10407,1764268951,-277718863,709435943,-1612102988,1301803622,1593675108
1,1,3,2,10407,-1990004298,1817828295,1397737486,-564449438,-716558505,1670892766
2,1,3,2,10407,-602794716,607047240,1017751479,1338649145,-1032567884,1488945393
3,1,3,2,10407,-1158347581,1640715874,1242185691,615311428,1648884995,498830931
4,1,3,2,10407,1649908308,151862071,-410905365,639579626,2074650578,-324029567
5,1,3,2,10407,1918609498,968742410,-794855169,-2092205942,-1830136520,9473340
6,1,3,2,10407,-711535409,1846408139,-119344509,1335266989,1430454355,-19607484
7,1,3,2,10407,-1946395227,-2042415379,2005637706,-1901365719,-283415917,479525230
8,1,3,2,10407,1862808027,1351114050,1407640262,-461487808,1075526035,186710993
9,1,3,2,10407,1207901357,-165260638,1554787687,-1434524796,1414567874,9297428
10,1,3,2,10407,1447211018,-816350025,707496716,-33413816,-1561229807,1965326596
1,2,3,2,10407,1243128108,-1443884242,-1180154881,-1428934542,2114698373,1700190502
2,2,3,2,10407,-915602122,-398154440,-844955466,841238044,-616973667,786238765
3,2,3,2,10407,706740363,139455750,-1666211874,-207909616,863285627,-459646257
4,2,3,2,10407,797297423,-768713738,1934784964,-850715581,-187512037,-1445524115
5,2,3,2,10407,-132971496,981302906,-79736788,-1903312560,232475218,-1728838119
6,2,3,2,10407,-2071363128,1067298141,-1608316261,816286882,772821000,-119633972
7,2,3,2,10407,861407534,-125956338,-619402913,-524153949,632949217,-1608003691
8,2,3,2,10407,37264840,2010667741,1976684528,-1250909908,1487740989,-1364779231
9,2,3,2,10407,-181845308,134386363,-182436611,1536436811,-1311914519,-562429432
10,2,3,2,10407,-1046734005,2037203555,-1624692860,-1020793426,-217038763,-27179853
1,3,3,2,10407,198194085,1468013254,-1012676017,448516351,-358499295,-750767547
2,3,3,2,10407,252605852,859908628,1779829340,-1431139681,-1335494928,1498276861
3,3,3,2,10407,-1896694870,2007917415,-948533640,634510216,1996304671,2059044915
4,3,3,2,10407,876743,1985806678,1571846989,1856104942,292631385,-432246807
5,3,3,2,10407,829005505,1031317973,1912307505,-1349796263,-590306272,1163993163
6,3,3,2,10407,-1323457434,-356828307,1564355789,-1235699935,-1642129120,-638003818
7,3,3,2,10407,-2023942082,653295972,1637633728,61782515,1466365639,2128736362
8,3,3,2,10407,867803768,473831833,-2005001789,-1029699933,-217130539,1113740006
9,3,3,2,10407,-1643120537,1660220676,1257276985,58326206,-2032540110,1498626500
10,3,3,2,10407,-1322707272,-1973605308,1303004840,-1512594698,365002268,374233956
1,4,3,2,10407,-1889609106,580743075,561131750,821342330,-1124899211,-2088516768
2,4,3,2,10407,649560594,2075991464,-2118628985,-283525133,2060048003,-444782899
3,4,3,2,10407,-1464002004,-1908040143,1383975093,1930867624,-65710001,267898106
4,4,3,2,10407,-1758178148,-725784983,847528315,243514235,73019841,878736948
5,4,3,2,10407,1623120302,1130565228,-1505745181,-514110191,1320002103,-77064917
6,4,3,2,10407,1518544460,775388762,-1367678183,2004791962,1217789406,-1868005410
7,4,3,2,10407,1468810851,1250207291,2085499037,1995175652,-1291573537,-1547043740
8,4,3,2,10407,-1755370347,398282412,-63389853,-926807120,-876413448,-1208922222
9,4,3,2,10407,-171051040,-807945492,-1914667699,-838860321,-1670990986,-519835157
10,4,3,2,10407,342030163,-640345674,-1868400325,-1128176564,-1609948418,-2029793905
1,5,3,2,10407,1706785026,-976227930,-1921046251,1902223523,-1399958959,524053324
2,5,3,2,10407,1151645634,-2066344074,1483976530,39132781,496166886,20652760
3,5,3,2,10407,-1493731315,1435828319,684502405,2115289912,-1357406018,2087758636
4,5,3,2,10407,1362105070,1801555012,-631380126,-1343742294,-1558692886,715853710
5,5,3,2,10407,-1608542066,1757581803,-2077883845,-163502093,-531464161,-1411987326
6,5,3,2,10407,1392547321,683659953,608669937,-764391055,1021783619,-1660849453
7,5,3,2,10407,1180280112,-1735158373,-84441720,1466763212,1272118309,1772543708
8,5,3,2,10407,1081820948,-797615290,670355650,970207846,163715264,1991400992
9,5,3,2,10407,-640227986,-2083650101,1970584197,-599501625,1444296836,-573922399
10,5,3,2,10407,1250472409,860837517,100253336,-1484491011,-762854738,1527653579
1,6,3,2,10407,-1947837350,-1113094292,1670469685,-654220318,-357353000,1744634811
2,6,3,2,10407,-2031726567,-1545893451,-573189704,-793392167,-571739967,739616461
3,6,3,2,10407,-1688084837,-1880724565,781521177,-461482379,-462602053,1380698460
4,6,3,2,10407,-1970814234,1947274034,-1582928159,600364870,-9544152,-1878788478
5,6,3,2,10407,-1709071951,-701044329,803826306,-268386068,-189147542,-878995971
6,6,3,2,10407,325773281,-711920636,-1104554238,1683828435,-938143227,517901888
7,6,3,2,10407,-733563396,-45995171,-1622597182,1238357438,-1964084875,1216834237
8,6,3,2,10407,7711368,1928436968,1350011408,-1178879700,-106375497,756000060
9,6,3,2,10407,-1429298933,-521310276,311209159,-275856191,-2025089657,546313438
10,6,3,2,10407,838151644,-1876434676,-709908181,-823122984,-1368136305,-2011762556
1,7,3,2,10407,-2011713700,-351877767,1974584115,-566370727,-922873863,582057073
2,7,3,2,10407,932057927,-1806509342,-197479256,-574343054,1820216299,1919774638
3,7,3,2,10407,-618219094,-121543097,-202337597,884978513,831908459,1287818700
4,7,3,2,10407,2122148739,826639848,-850235538,593053129,-717697032,1219607357
5,7,3,2,10407,464070672,1138006672,-1570467234,1343972590,-1559798716,366905862
6,7,3,2,10407,268372505,-1280407544,-1701757005,-162081693,-536848923,1826839738
7,7,3,2,10407,413777197,1936264285,-1462711244,-1919820692,-711582565,1128878309
8,7,3,2,10407,-1924523579,-1066938640,-788327673,-1242576676,-1228908885,-1530316973
9,7,3,2,10407,176423982,-1064403041,1214576348,-890135142,-1654810398,-1074187960
10,7,3,2,10407,-718105608,1672146999,-329278949,515055803,752601474,-1958833051
1,8,3,2,10407,-1627713128,-33841833,-1705822575,-336355513,461461635,-1458869804
2,8,3,2,10407,-1779509852,-602527171,1242991253,2056667357,-56918333,-25361067
3,8,3,2,10407,1303787187,-1074911671,-1940493719,1678368921,-749556405,-672320654
4,8,3,2,10407,1745216950,2026475271,-338774759,1373088651,-757900294,1264330210
5,8,3,2,10407,-6094622,-564786682,-1171479539,2003993384,-22337607,896205937
6,8,3,2,10407,-999248255,1306495323,-1659296438,-1325399259,-2037830570,-781275322
7,8,3,2,10407,171823552,280929210,806346239,-938065107,722930058,1656044000
8,8,3,2,10407,1170085409,213354501,843669844,299209559,-1661506724,1268592725
9,8,3,2,10407,-530954451,-440854147,-728588783,328629294,1712673997,1871176193
10,8,3,2,10407,-1146547251,-1904380515,-1280653345,1274892223,95390525,2035583322
1,9,3,2,10407,464899093,1602882855,-535892341,31655536,-510960612,-890584870
2,9,3,2,10407,1875942055,-210210985,-1825469958,337493636,-924862577,-1132299450
3,9,3,2,10407,1921453874,164681399,1018856008,-1607261615,-5282405,-911136763
4,9,3,2,10407,-182497622,1438783761,-1337267738,-631543227,-1897621126,747044013
5,9,3,2,10407,-1554154592,-1648366378,497961074,1667277828,1970573334,-1291203244
6,9,3,2,10407,11500129,1027969704,729618505,1074888418,823020490,774997971
7,9,3,2,10407,-468182118,1067282945,1295670613,-1368301936,-2141637336,1009113643
8,9,3,2,10407,-1818120188,-861607986,-471938551,444378130,-434663555,2118342557
9,9,3,2,10407,-2047133491,-348770752,1667455669,525136697,-1123472897,-672920399
10,9,3,2,10407,-1114931286,-1543129331,-822934496,1271766514,1786792524,1973269079
1,10,3,2,10407,1454736738,-168048353,-1378012379,2011917985,-1423984557,1087890491
2,10,3,2,10407,-1389872019,-1526131561,2008558278,-794366174,-91164203,186070247
3,10,3,2,10407,6971932,608591809,1437297522,1390967358,45727548,762764291
4,10,3,2,10407,-538430047,-1013645189,1240538833,1989932354,-1644688114,618515155
5,10,3,2,10407,-1828931652,-1202803845,-1316812357,543752662,1019489536,895504751
6,10,3,2,10407,669118793,-2008998860,2096490976,186228091,-61531668,-56285166
7,10,3,2,10407,-1425784433,1890502840,722304124,1283306479,209810058,1369287805
8,10,3,2,10407,751026889,1265869765,1490694310,520782022,938582042,-1737305889
9,10,3,2,10407,39302903,379481547,567137337,-139176866,770756807,1211036755
10,10,3,2,10407,1910371493,1079502462,632679155,-1961306191,-184497657,-505192796
1,1,4,2,10407,-1617065584,1955721031,329364482,-1638199500,1912084676,502989945
2,1,4,2,10407,838294216,-856542421,-1999480947,2092322481,-1454932363,-2022260584
3,1,4,2,10407,277935930,109036200,1745203530,-369592763,980962512,-1371796076
4,1,4,2,10407,-902651822,793437695,-832566074,-1239198650,2092949612,450067455
5,1,4,2,10407,1454088747,-1143092715,1413036800,997432536,1907970582,938421867
6,1,4,2,10407,1991760655,-1284343517,-623079806,1251839915,-1154898392,-693688208
7,1,4,2,10407,-2101509939,1418640421,1792460166,-1532754438,-678850630,1358571364
8,1,4,2,10407,1591355083,561814974,1020068642,-1200145071,1689189623,-1883049154
9,1,4,2,10407,-502682517,-546400699,1343430694,12978216,-1413835476,-1087727773
10,1,4,2,10407,-1541007146,200007903,-639108995,-1061102785,1323670534,-1781079969
1,2,4,2,10407,-980945005,-119154402,2063620380,-1395607606,271975698,418399100
2,2,4,2,10407,670887941,-1476885800,-1192481277,-1023350942,554690110,-1704343942
3,2,4,2,10407,1106242853,-879330735,660077319,1425889670,901922305,-1550601868
4,2,4,2,10407,-676121551,-1560657570,-1612997720,-704021634,-1397837167,268210938
5,2,4,2,10407,1235291307,-2085266567,993919827,1036790468,654405689,-1142943618
6,2,4,2,10407,-1026508913,-1059139137,-382004115,2013670401,1390725704,-431467607
7,2,4,2,10407,-1399974473,1032807335,-2065986468,504502624,749658196,253642299
8,2,4,2,10407,2127777403,-984982133,1560013624,-215888216,-1745551328,-1722516204
9,2,4,2,10407,182263376,-1972660351,-1045849799,974545972,-2023207846,-106218250
10,2,4,2,10407,1958285148,191596641,627654494,-908697327,550858447,-207925703
1,3,4,2,10407,-1327272566,1415852380,87088,1199287193,2005399899,2029085497
2,3,4,2,10407,879031478,1306334218,-1640696072,714978244,1451163775,565363597
3,3,4,2,10407,742692309,32987320,-1181379533,-1536802719,468991871,790735825
4,3,4,2,10407,1732119166,-756122740,1284643869,1571791394,-863642519,1252838926
5,3,4,2,10407,-1757266884,-609456463,-2113755525,-92616385,-13363306,-684088220
6,3,4,2,10407,428094348,341031237,-888129132,-1117757463,1168219756,135456943
7,3,4,2,10407,-2051610624,-1300572945,1156204027,-1267947687,-136526789,-1703969531
8,3,4,2,10407,-117844436,-591701417,1407598651,-216794948,-281977974,2118198565
9,3,4,2,10407,-360344608,-1910670800,436749022,1416712777,-643623342,-320284323
10,3,4,2,10407,-412815295,-1727575070,1811470190,-1500769239,-2093691238,921915575
1,4,4,2,10407,1613360786,-1706457443,83161746,497399792,1201797867,-1259031636
2,4,4,2,10407,174297132,-1916594325,-1613223860,-731529865,1468060622,373489644
3,4,4,2,10407,274644369,1470757183,-339681615,-1047589122,65498810,418521030
4,4,4,2,10407,-1362265927,-1611289581,-2073957722,-817764958,1157507935,-1736873351
5,4,4,2,10407,-386572651,266958561,-1317106214,52287723,-1507428362,548869573
6,4,4,2,10407,471325761,819651234,1836528786,1942070054,-766960744,1142239521
7,4,4,2,10407,1768722372,-133930495,-1826007543,487144209,-1488839013,391030591
8,4,4,2,10407,-1044758412,671993683,-1433834786,90083356,-281661118,-1545158821
9,4,4,2,10407,1760877274,1849540801,523391865,1990828026,1632640826,-121362220
10,4,4,2,10407,1234847861,793763847,-2095372519,-1520325944,-1891464822,1919286811
1,5,4,2,10407,1504249447,-651616420,342282414,74888609,-1557286348,1036120999
2,5,4,2,10407,-836221994,-1388683939,1663007769,-43502747,-258158915,-2059276488
3,5,4,2,10407,72178344,-80642665,375624838,-1909935039,1900063661,-435040629
4,5,4,2,10407,192143821,-945952960,-815800768,1976063843,1039388883,309404936
5,5,4,2,10407,720584236,-435391876,181974772,2022588068,-999029112,1830659867
6,5,4,2,10407,-1670782498,1827646100,1482458424,502328429,1230659579,705349905
7,5,4,2,10407,-13435198,1408488006,139754303,835117835,867731138,289916290
8,5,4,2,10407,-1697455968,-1220741132,482161765,-1666707974,-2066823388,-256097534
9,5,4,2,10407,234476920,-661949841,-91764211,637191281,1956771033,-2065315202
10,5,4,2,10407,1630274306,-1420370693,1093813257,-611947852,-495905119,141772524
1,6,4,2,10407,-1920117005,-815850430,1456601775,-1862715068,-334338993,1643282926
2,6,4,2,10407,-2121914044,1780519972,-836340910,1276732963,231963469,330137821
3,6,4,2,10407,240224316,-1987972071,419516967,-1776159912,1948771858,849054502
4,6,4,2,10407,82545261,2075690914,-480444232,-6268593,274069963,-727755295
5,6,4,2,10407,-810425084,-1194521669,-1339341427,-2132225902,-164864520,1439500615
6,6,4,2,10407,1877742557,-1975295485,-23880441,-57481866,-1681699322,-31701085
7,6,4,2,10407,2043991811,-1553096254,-1290755509,2067932885,1998689155,955165391
8,6,4,2,10407,136626707,1056700531,186067437,-978265771,-1987217462,720928610
9,6,4,2,10407,-933027447,-1161553523,-524841207,1735416378,-2123333108,1493610144
10,6,4,2,10407,1068270278,-1284622802,-644364763,-1553973297,-348904459,-350171259
1,7,4,2,10407,1890837821,-1545330059,-763249913,497541484,-1210646590,320738994
2,7,4,2,10407,-953732893,1225059090,403899101,-315450051,-848675045,537027586
3,7,4,2,10407,-1173560919,625990376,-649184736,-1396077942,-1024547202,-332177150
4,7,4,2,10407,-57919905,-906112271,-1401482827,2056390329,1565695231,350050331
5,7,4,2,10407,-1564325595,-2051368762,82541570,-1219122585,-340780767,1837970453
6,7,4,2,10407,1449061009,1782258857,-2085052677,-610865703,-1536067710,-1167131373
7,7,4,2,10407,-65619147,-1097315386,-527541078,1814819153,1139298841,1072278600
8,7,4,2,10407,-780510340,96026272,-336635999,155373364,-2117690280,629309449
9,7,4,2,10407,-485991402,-964704373,105284932,-1965180323,1428275920,-432990453
10,7,4,2,10407,-1291481956,1531783845,1197087351,1309157257,774071913,-1411344307
1,8,4,2,10407,-1007862671,717682617,48109682,-306994607,-894800754,425632667
2,8,4,2,10407,2133691259,1060401569,673161065,-1992059626,-1898440933,-1295309880
3,8,4,2,10407,-1660968847,1223617868,-572178704,535468711,-1056706936,-104266966
4,8,4,2,10407,-467584495,1322374562,-1222538720,-1549206779,741756540,-538779064
5,8,4,2,10407,1501665655,38254422,-1449641310,-1375636306,57081409,642121508
6,8,4,2,10407,878319741,-381744602,-151879234,1707469178,-1318104141,1067351030
7,8,4,2,10407,-1168514482,2004610785,1345577727,1520628546,-212191380,211574754
8,8,4,2,10407,-1024942724,913980007,1716140447,-1248210360,702787192,-190382057
9,8,4,2,10407,-662474136,896537837,-1088366039,1715997714,-1466013213,-860102254
10,8,4,2,10407,1026193787,-1013196229,1186909586,-746966609,-1112501973,1939075292
1,9,4,2,10407,1593550237,-908530090,-1128253660,150002231,441750237,129388381
2,9,4,2,10407,1116318806,-1821462876,-1336063557,-1178395826,863203359,239068422
3,9,4,2,10407,-485422965,836514649,-1204641275,1677000518,-1994565079,1381071591
4,9,4,2,10407,-1792656677,1383283135,1481835959,-939067264,-1502186525,-1203985032
5,9,4,2,10407,1414092649,-1472909598,-1485090494,155161929,-1940552547,-746628900
6,9,4,2,10407,583188522,-2027839565,-619173959,1530400494,-1529427814,-1586924463
7,9,4,2,10407,-1662879035,-982213406,1087695424,33899319,97820156,2144565853
8,9,4,2,10407,-1520095704,-724530970,-1633398928,1435687619,1267100582,-842704284
9,9,4,2,10407,-716467705,-559837848,-709637543,1888393519,-350534104,-1894980851
10,9,4,2,10407,-337630528,1670943884,-786516317,370922301,-110593060,-1332260348
1,10,4,2,10407,187952035,901594976,-778800476,-297720518,2006829931,1702892560
2,10,4,2,10407,-104776226,-652796211,1254369064,-1109804450,635592421,1161286246
3,10,4,2,10407,-1152385630,-409260434,936908368,-1898203250,1652265625,1034325574
4,10,4,2,10407,-455615896,2128535143,988327703,-1413775274,-1422707340,-2035219039
5,10,4,2,10407,-1790324766,-81489885,-1192823444,-880871887,-142664074,1312369901
6,10,4,2,10407,1574531386,-602912843,-1003873280,-1427519775,-260279734,-1827574785
7,10,4,2,10407,563837652,-560574062,1741716259,-1738994492,1824611063,-1502297863
8,10,4,2,10407,-2097878154,1976278598,532996965,-584904919,-1950889609,883937262
9,10,4,2,10407,1135651962,-256392976,-1754472046,-1226562449,63568163,-746545036
10,10,4,2,10407,-1034647238,-1166833732,-1741874690,1651433509,-465875009,1643086377
1,1,5,2,10407,253236576,-522966432,920105194,-825644358,1066133832,-1101940195
2,1,5,2,10407,132215260,-1854035978,760215322,-1357271650,-614801114,52226769
3,1,5,2,10407,-2037371261,-1668102264,395223311,802976198,-914352655,1157409040
4,1,5,2,10407,-883578304,-1740010068,770484183,1000624667,235055238,1278875904
5,1,5,2,10407,2058626528,-1193179358,-497003450,1101297457,782187878,272684797
6,1,5,2,10407,-1859263956,-1457366419,1408000429,-1484013069,1205141391,1420200982
7,1,5,2,10407,-321527003,-1729382,565596185,-1162818859,1242363461,1323638496
8,1,5,2,10407,-1536153291,593728171,1984504087,2069712045,-682509298,1591146235
9,1,5,2,10407,912400287,373884919,-162530798,2102634613,792381135,1981339544
10,1,5,2,10407,1091867478,-970983835,-391906576,-1793502981,1285079440,-414576063
1,2,5,2,10407,1258486934,783942529,95221017,-713055771,786625233,448076717
2,2,5,2,10407,-1404838694,-2079997228,-1013965296,1116522549,1725117224,-1517773176
3,2,5,2,10407,1776360198,-2028662705,1763777324,1566672075,-1268452452,-585562221
4,2,5,2,10407,1849614535,582383987,-1404102302,1077500260,-531315459,1699449064
5,2,5,2,10407,-1984200959,-644010230,1990214541,920725822,1369444083,-1782400636
6,2,5,2,10407,1182451279,370068626,1356248631,1230943195,552619729,-1049957706
7,2,5,2,10407,-393163931,911173399,-1906154972,-38261872,1002091488,1203777448
8,2,5,2,10407,-1001276931,1263443597,-406261968,-968578948,1766258388,-500237393
9,2,5,2,10407,-1655743970,-2113068991,1881275062,-671177797,-1261100794,1189376607
10,2,5,2,10407,-889837866,-1146529594,1837960491,-447415768,1459889576,1149238137
1,3,5,2,10407,-1331793863,-1046256416,-408432262,-1975682818,250301872,-1683279531
2,3,5,2,10407,-489705394,-2054206967,2088150285,-1121290437,-275624645,-191242010
3,3,5,2,10407,1307760372,507926019,-745653250,1737746648,791782523,-722990670
4,3,5,2,10407,-633729652,518097488,-813998092,-658951784,1680819874,116224123
5,3,5,2,10407,-357362998,568128807,395276427,-1559499548,-1472900574,-1938502384
6,3,5,2,10407,-1654378447,-97724167,954819694,606354205,-844790067,21948663
7,3,5,2,10407,1966121304,2119093018,1558004474,1087176745,2136527898,2033077257
8,3,5,2,10407,1128948465,-2110906577,-1131108343,-781640113,-823097854,1058078798
9,3,5,2,10407,-522730642,-2093362772,-476764371,-655281195,1886026467,301018048
10,3,5,2,10407,-1882146833,837097577,-1223886815,-1637000171,-1341333034,1587809163
1,4,5,2,10407,-688161343,-865881880,205135758,-1612860376,594403,-1549183387
2,4,5,2,10407,1679176402,677064136,397609252,-468959128,825553648,1820122645
3,4,5,2,10407,746906683,-100145677,31063519,1993544198,-1190742673,-1712516806
4,4,5,2,10407,891739754,1381134243,875001925,1754672886,-68571213,-1760264261
5,4,5,2,10407,776848670,338464679,-769604295,-383429122,390034470,613320356
6,4,5,2,10407,1628461088,377076996,-89654798,-1728454020,-1842064154,1852179766
7,4,5,2,10407,220527089,1652776400,1412120394,-1333153968,-811567832,1397563962
8,4,5,2,10407,-826218832,123916504,94701199,1122146964,153965656,1638956468
9,4,5,2,10407,776925331,1319321097,-523623276,605787974,1688915657,-512028007
10,4,5,2,10407,411519522,147032035,-1147590945,1729062957,957291202,-755816675
1,5,5,2,10407,-480610826,-1932225084,1624080476,1882869602,146300519,669832783
2,5,5,2,10407,-2026732100,-533040099,2111184743,1300993238,-1773136531,-1354751314
3,5,5,2,10407,1186724567,-1077237463,1356670572,1783329279,-2059585532,-1216499157
4,5,5,2,10407,-1921194756,1119827571,1612282615,-1174303371,1835262944,-1751301824
5,5,5,2,10407,-1181723737,53715569,-1802281056,-843022794,1564121043,1196137106
6,5,5,2,10407,1163951879,-702881863,1083172574,1277051960,-1791243154,-1481087942
7,5,5,2,10407,-275258957,1930247623,-115406892,2075363293,864945980,-818714326
8,5,5,2,10407,2110509425,-1400238095,-165517100,90818412,1660781924,-343005812
9,5,5,2,10407,-2049801367,-327650246,-1773299661,-611002105,-1826829077,-769828367
10,5,5,2,10407,-1884355433,-256297453,-806983414,-1007628483,-2132844131,1097261725
1,6,5,2,10407,-1011809379,1749758475,1132756136,-287089442,-658769657,-436047202
2,6,5,2,10407,-1936482334,1345514729,-664480267,1414822827,1533443307,1969500816
3,6,5,2,10407,-1385417129,-505987523,825190840,-1359061773,1240572438,670675677
4,6,5,2,10407,166711498,-704356581,-1900153010,-714583043,813957093,868720971
5,6,5,2,10407,-275464239,-188474427,976172765,228664740,1368118145,-235058523
6,6,5,2,10407,-1328490779,-817623922,1950774689,959917765,1831164473,1501256656
7,6,5,2,10407,130893647,-400378442,870300768,870503795,-1536568323,-253836119
8,6,5,2,10407,1476701362,-2130219054,-1473594049,-1091479269,-1875234709,-291478727
9,6,5,2,10407,-1502806742,-958902902,806383720,-61330694,-283019884,2146534617
10,6,5,2,10407,-2900465,-1145349086,-1393560170,-387900297,1782669948,-1958309698
1,7,5,2,10407,-1940330962,259445250,1473290903,-169329659,1223131307,-1092410139
2,7,5,2,10407,-822545360,462717355,-20672964,745557387,1821692950,-454866690
3,7,5,2,10407,145804102,552587750,-683790677,-1706175029,902596506,-677359359
4,7,5,2,10407,1687284253,1858041612,1677801878,-976725942,1143139183,1455628766
5,7,5,2,10407,1043342873,-195939778,1553932818,-1937242138,-23928751,-702634943
6,7,5,2,10407,-156951039,1829031639,817505022,4015659,-1668909395,-1139271430
7,7,5,2,10407,-1798650958,99785537,1198312712,-1116552018,83450129,1903735677
8,7,5,2,10407,-743493795,1499408288,2023856251,-507649236,-963283106,927979277
9,7,5,2,10407,1362654162,1960400973,-509653368,510588119,1565573500,357904437
10,7,5,2,10407,329159041,693541334,-1656556487,-940231868,1312255894,270246753
1,8,5,2,10407,-1463679469,13184331,851496830,-1508414969,-879168680,285926207
2,8,5,2,10407,2035718996,1698037110,1341915448,-715137437,1337924266,1064503030
3,8,5,2,10407,1529134183,-1117250510,243749472,1760437015,980299486,1383874837
4,8,5,2,10407,476086624,-155475835,-972236760,1891200581,-1639622513,-931324597
5,8,5,2,10407,1126035845,1127757924,-2079714923,-134899497,-979538909,-553568313
6,8,5,2,10407,-865131853,682005640,1053858524,1634382205,1757942582,1288067251
7,8,5,2,10407,-466224818,1760950810,649691811,2067003466,2047808763,-847737034
8,8,5,2,10407,-637074081,-851889542,510515118,2062476482,1026458885,1877398460
9,8,5,2,10407,767220271,309181362,570312406,-1577332245,1025729814,-1636319823
10,8,5,2,10407,532429152,-1714394137,1801829049,-46618803,-2092451722,1984614005
1,9,5,2,10407,-1404443870,-2011640790,1409494579,-1375915790,-1341218839,-46767910
2,9,5,2,10407,-1831594132,1178331041,1338967869,-1341248144,1318876032,-152511237
3,9,5,2,10407,-1015899149,1189296391,-116796182,-1901763309,1904118365,-328881835
4,9,5,2,10407,138993655,88651192,736163464,794859378,85028712,-939862581
5,9,5,2,10407,-1695161714,1262949835,-777784074,-586911864,-1327005422,-1558662288
6,9,5,2,10407,-1839605843,-1356188420,-1176669006,-824381640,-1887693753,-389207300
7,9,5,2,10407,-186067504,1501293113,132143879,-1906725,172638544,-1458345096
8,9,5,2,10407,652588462,928523178,1847528627,-1472614149,2059628424,1683651356
9,9,5,2,10407,-1962907531,1478010675,-2076038050,-646930035,1765162838,572214691
10,9,5,2,10407,550813351,-1251468077,1699823820,-764629681,932150641,-106383534
1,10,5,2,10407,547571174,548923493,375098405,-1982864823,-1996752308,378997857
2,10,5,2,10407,-548783509,-834363110,-429322670,-1159853954,-1679563175,706894344
3,10,5,2,10407,507895032,-860746072,-1830234332,2020210074,-1059616435,-1498437217
4,10,5,2,10407,423761914,-2066716376,1323168196,334295383,-1215966610,-942399337
5,10,5,2,10407,876840136,-219455008,1228683035,-1440373475,1024761348,1925384602
6,10,5,2,10407,-2041443563,-1590480263,507700762,-1256928135,-371323875,1499787034
7,10,5,2,10407,1144719910,-2073046670,-413481993,755997211,193145681,1537726405
8,10,5,2,10407,-214264338,477415874,1660558568,-1132621055,1032264031,619518997
9,10,5,2,10407,-1025754556,-1068325878,-1881754100,2011890253,45963841,459312111
10,10,5,2,10407,-496713583,2147410242,1712864381,-851774974,-360915455,1233137353
1,1,0,3,10407,886659469,1289715265,1964095227,-167368568,380480754,-137865406
2,1,0,3,10407,-794869557,1164747981,924659388,1111337000,875433646,-856625288
3,1,0,3,10407,498275057,1570211614,1504931375,-949955568,-371664188,-1390880937
4,1,0,3,10407,778768801,-919079723,1181076221,-814640147,503720020,66094990
5,1,0,3,10407,1130238201,-1898128542,-950511257,525433255,-1987413783,-1009529800
6,1,0,3,10407,-643680915,-117885577,1807412600,-92158396,1457013575,113645478
7,1,0,3,10407,-287541416,1629415934,-818246375,1135028339,1833982767,112045217
8,1,0,3,10407,291075359,-1590732956,1702143541,-1520549277,776676622,1444676348
9,1,0,3,10407,-2038043311,426380806,1363663025,819774795,-91145347,-410105469
10,1,0,3,10407,1283588020,854618536,-598656,-1704631125,2008161123,1912021675
1,2,0,3,10407,-408836743,-1423410913,848735618,1011926420,-2106949249,-1172252785
2,2,0,3,10407,1437209682,1140909644,-1748721567,2015862069,1218946238,1937476442
3,2,0,3,10407,1257735843,539402879,320927084,1888649787,-1785591476,-21616153
4,2,0,3,10407,-2119740711,278926686,2048567221,-1927485694,67773680,1142249931
5,2,0,3,10407,-1302642669,-1859819104,-1907292456,1621345693,-1359376112,583912898
6,2,0,3,10407,-1965831957,-364949803,34181007,1640095262,723094538,-1212037422
7,2,0,3,10407,477212140,-132714630,1626932425,-2042746668,2067359247,-1651844385
8,2,0,3,10407,2009841393,868443739,424763745,-2033163817,-1789704184,-834331723
9,2,0,3,10407,1428047624,-123582168,2102610570,-2104827438,-1808263533,123023461
10,2,0,3,10407,-548162376,-91475991,1283787261,-1564297787,-1099251657,1761631622
1,3,0,3,10407,-2056074694,-1708225335,-207642646,-265680148,-1246705275,-798035186
2,3,0,3,10407,-227017340,-429911349,-1933579450,2012797161,1416212813,-1820025466
3,3,0,3,10407,-2083468715,-1186475502,-1529985478,-1093669148,-756636948,-692229702
4,3,0,3,10407,-117202679,503456845,-341289560,1516931795,1209699204,-659599998
5,3,0,3,10407,1596200395,-1822011942,-1686626968,604298607,698761538,1233679936
6,3,0,3,10407,1162942009,1710532229,301940072,1968453925,-1201921435,1648770647
7,3,0,3,10407,-862199105,-349066297,805590856,1369662293,1561704322,560063399
8,3,0,3,10407,1172835331,1461757655,-2125318461,-1936192844,333107727,-562437364
9,3,0,3,10407,-1903908683,2108415041,-1691554319,979160809,1800864992,2103485882
10,3,0,3,10407,-2101634267,1838318806,2079363344,-1674825004,-1801671740,-4517400
1,4,0,3,10407,-1188279378,1061618708,1456435537,487501396,-1082599749,1786050039
2,4,0,3,10407,1362140881,-1741031989,-1941613387,437772437,412040876,-845225944
3,4,0,3,10407,702022189,-1331367670,2129224013,-220620436,-890900655,1406628917
4,4,0,3,10407,-35951806,870534209,1025158793,-133267672,-217233743,106578708
5,4,0,3,10407,416387393,-1110656387,-1541395689,790460110,769898579,-655620215
6,4,0,3,10407,109604595,-1366034495,1180057065,947073170,-2032011467,1548598694
7,4,0,3,10407,-1411295557,-909788359,1481261438,1445012564,-507419098,-676496536
8,4,0,3,10407,1263135708,1004214079,572365880,-105091297,938663958,-1322687876
9,4,0,3,10407,35822581,-536642964,-1052339813,-2081963640,-559334151,2122511474
10,4,0,3,10407,-1408360324,834048240,-775915138,1160796142,2057336828,-252067257
1,5,0,3,10407,475548381,-1336120832,-439483754,-1626876319,806254286,-616907686
2,5,0,3,10407,-1412066551,-1531769028,-676819698,-318006770,-191525864,-1180759303
3,5,0,3,10407,1034515863,-555100407,1047779860,2137037388,-1620884398,-430368185
4,5,0,3,10407,1261351192,-1983319353,850669070,-1788052406,-409517792,-1912900249
5,5,0,3,10407,-1554576506,1139085675,-1385073703,1933191297,1495392042,393498158
6,5,0,3,10407,-33802406,-1901125693,-1625191224,1456020052,764914004,553710662
7,5,0,3,10407,-1128759637,1159291634,-291297991,-848568033,-1073348502,1828891108
8,5,0,3,10407,1080207984,-1234149856,-982261391,1430152350,-1132884823,-2069796329
9,5,0,3,10407,-44707870,-1805702778,-142751327,-2026668483,-1045497376,711880824
10,5,0,3,10407,1007244154,-1840412008,1850201600,-426329003,93471160,-369619618
1,6,0,3,10407,1163102807,1648574752,-1159553346,485235937,-184640661,855655416
2,6,0,3,10407,761315197,-1992858101,-1348636425,78584792,-1276106270,-1578580951
3,6,0,3,10407,-326405863,-2018903448,-1043430191,-1635822901,-1901881551,1627124801
4,6,0,3,10407,-1293324286,-249785879,-534981540,472463447,-1395448219,1643980076
5,6,0,3,10407,-1917354065,-2113067973,-1519074792,-1952084298,-1475088994,1614549178
6,6,0,3,10407,1012460419,-1941590818,811582121,1790942584,176263523,-1899845170
7,6,0,3,10407,577705019,95328144,-1564875302,-139152402,147379985,-42158581
8,6,0,3,10407,842195877,-2026876343,-696046181,167457408,798374168,-732797974
9,6,0,3,10407,-762283398,-826225985,-1140346929,-1320896950,1332883372,-2071642099
10,6,0,3,10407,1129781629,-2016313518,-1651936581,-1678083973,562784068,1717830012
1,7,0,3,10407,-165944383,-922706740,-1061434345,885696619,-1647783255,-1632055490
2,7,0,3,10407,-524065661,-821122181,658156398,-577975112,2144141231,-1140551455
3,7,0,3,10407,318428123,507085879,2018553777,-265345316,1908809364,-1198421958
4,7,0,3,10407,1351251507,-519007228,1122334585,-1216728913,-1242867142,-743805876
5,7,0,3,10407,517718383,-572704570,1975863425,-1560318804,112321022,807301190
6,7,0,3,10407,-31207649,1222262186,-1703855370,-1860396238,426021027,-1438407392
7,7,0,3,10407,-1909044005,871464643,94808254,1324780307,1082139072,-2009714051
8,7,0,3,10407,-492840351,-1105867000,-810976775,1746382491,-2042397368,1386324348
9,7,0,3,10407,-153706859,-1642179662,-789132249,1239737369,1851460375,-1809406224
10,7,0,3,10407,1391677933,869476542,-1180320226,1557094850,646758681,1838984466
1,8,0,3,10407,-757107486,1313478019,-1668488224,-199028849,-262833262,1639719306
2,8,0,3,10407,1629193545,754746917,-1935181902,-1284606346,-2104788255,-1769872037
3,8,0,3,10407,1449061790,-437329981,1358327632,-1928472954,-1903800181,-2087850314
4,8,0,3,10407,1311946255,-1031807339,-390371456,-1472890234,-1496337429,-1235101822
5,8,0,3,10407,-397339982,-1662568491,1275153765,-1633127098,-612216389,1927415870
6,8,0,3,10407,1431403792,-373944525,-1412992561,-1014800135,-174229859,-57798037
7,8,0,3,10407,606045641,-531042295,-1883773430,-899647818,479033573,1287678673
8,8,0,3,10407,1655669778,1831723011,-1911801515,-1050276600,1269616955,899701779
9,8,0,3,10407,-1382771273,-1273054350,2141418810,36456449,1256964323,-154842720
10,8,0,3,10407,-1146989021,1240183106,-1172845002,910029824,132617191,-1930623883
1,9,0,3,10407,839803851,567994853,-774511940,274574525,729837327,1155285928
2,9,0,3,10407,2112867113,2014401383,-1834996406,-1588100321,1842514556,-1284145979
3,9,0,3,10407,-1788223825,-154361958,1900799143,-1064048175,732223060,28265797
4,9,0,3,10407,-170281547,630465199,-520939473,-503533292,-2000881197,-1186536719
5,9,0,3,10407,736785692,-9433613,1687279857,246018338,-1672856685,490688323
6,9,0,3,10407,1820602178,-850423893,-1689389261,441511702,-1352191227,2070320059
7,9,0,3,10407,879708510,-1550942058,-565277742,-2112390261,175411810,-220546683
8,9,0,3,10407,807256924,958809459,812522103,-1090184909,2102437906,787342392
9,9,0,3,10407,1127066684,-133337401,-1832987058,860847849,-1438104329,1486892994
10,9,0,3,10407,2082919193,-187466843,833071458,1741049543,-494236549,650043178
1,10,0,3,10407,-853048848,-1762720228,874689029,2064354087,-551421908,1534303809
2,10,0,3,10407,-427111321,497676503,-1313689302,1137712461,-1803378359,1777257500
3,10,0,3,10407,584491720,1511308957,-103678950,940849773,659670075,-95443982
4,10,0,3,10407,2113826395,-1521779369,-232065492,1120236165,-950382342,686346599
5,10,0,3,10407,2037472510,-691768788,171470298,-1697108079,1389568259,-137793467
6,10,0,3,10407,1530847208,158372841,1924273782,-468682986,-2130800498,-922006609
7,10,0,3,10407,-260311716,-1820917329,1154320310,337960474,-1065906726,863816835
8,10,0,3,10407,1034728146,-1236289230,401557609,-684139915,1836359905,1549857862
9,10,0,3,10407,-330617323,476981500,-87544323,917826600,-445574337,-372607726
10,10,0,3,10407,-506720897,1934101380,898935631,917929823,115530627,-1394292401
1,1,1,3,10407,-1555094147,-669650938,599327477,-1688883216,-979290354,844461958
2,1,1,3,10407,-685560525,-1158448846,-490091404,599674470,1239422753,1293605059
3,1,1,3,10407,-75771925,269063455,1608825216,-1574127032,-794471723,2004922976
4,1,1,3,10407,1028134132,1217581008,-497777322,-1545946428,-917121946,-1139692889
5,1,1,3,10407,-1697490179,-1120926534,49696648,289155948,-1435696671,378741900
6,1,1,3,10407,2078125121,-1074622839,1987321186,2032592838,-1727622030,761460502
7,1,1,3,10407,1408106321,-862804089,-573147702,-1426526258,47009149,684937960
8,1,1,3,10407,675090933,923725000,761721314,1185224058,-1503171479,398677908
9,1,1,3,10407,-976999093,-743130811,1632846123,-2082183526,-1965240278,351214762
10,1,1,3,10407,-258997051,-155087635,-1856043325,-1119176531,1551288787,1208446549
1,2,1,3,10407,853782289,491526425,-1928923958,-410300406,-1996418616,36683068
2,2,1,3,10407,1899205291,-2117407040,-2056692317,-1552677716,-1339118410,-984987046
3,2,1,3,10407,-1674467962,-1138157171,1020760946,-506218263,-1497623228,-378289517
4,2,1,3,10407,-1568920380,-461660361,1009387286,1642256720,1865882256,1041993142
5,2,1,3,10407,-1521205350,1488729214,472675837,557368511,-295496868,-238076148
6,2,1,3,10407,566102419,866855692,1346482004,-924233038,-1323959371,-1045801681
7,2,1,3,10407,1162320938,1441218635,-1598037759,-1602294532,-1316272310,1709986720
8,2,1,3,10407,-1785109880,-1536750691,1564991175,1592760144,10825681,675323671
9,2,1,3,10407,727140260,1625647629,1908874352,-2125869446,-669896458,1688896240
10,2,1,3,10407,-281231636,354566240,281201527,423812100,-275690364,648737150
1,3,1,3,10407,-662988474,-1041738068,-989293168,653686642,23203560,-1523072679
2,3,1,3,10407,-2040487025,245059298,1256233946,-706198907,251369255,1272955894
3,3,1,3,10407,2041309403,1929404433,-2136079896,-1204822689,1562703668,814451594
4,3,1,3,10407,1166820051,-1803371392,367340214,568187258,-1124207667,1315441618
5,3,1,3,10407,1291146509,1007429230,-237672612,251466354,-306644858,-1070330170
6,3,1,3,10407,2018867031,-536598257,1244722580,535010725,908410423,1700014497
7,3,1,3,10407,1063839404,-2135942372,-1843295123,416194107,1100189350,-379450737
8,3,1,3,10407,-1514777369,-1936112746,-854044882,658752774,-1849061072,-56124940
9,3,1,3,10407,205759623,-916334506,-1992102853,203573615,1526907211,-2037899813
10,3,1,3,10407,-1051237480,1347884619,-741306837,-464345016,-125131424,1021757715
1,4,1,3,10407,2089876411,-1489038125,1905545583,1642027241,-696192075,2061063660
2,4,1,3,10407,479395965,-1371486058,685924300,-24358353,-1936025488,-619040117
3,4,1,3,10407,-324542898,-312350489,13744710,737975189,-119968430,-1155604607
4,4,1,3,10407,559973462,-1453349027,-1841825983,-597869219,-1884827930,1982714207
5,4,1,3,10407,-331500724,552021956,2055531776,260222178,-1071129216,-1270173703
6,4,1,3,10407,867191466,503926965,912149217,471594817,979717949,1440403687
7,4,1,3,10407,606840622,1795326372,-1915139141,-676582777,-1724227832,2027363180
8,4,1,3,10407,-1850333947,835644547,1217572567,-1008440827,-1653713918,-1360552603
9,4,1,3,10407,-1220846873,-1228949453,509603353,-1967624336,-2050332009,-782592628
10,4,1,3,10407,1173783841,746547467,1645347650,1275494258,1151250015,1772470054
1,5,1,3,10407,1541845797,-288675278,-105958340,-1921882912,1578793574,-1801712812
2,5,1,3,10407,-1640164124,-1453435649,2130629246,-221233763,-1185242795,2137055708
3,5,1,3,10407,-156849899,-959590550,484214601,-1836013009,-729839338,1673024396
4,5,1,3,10407,-1114570158,-1721728837,-755909793,1018492424,-637504421,828340354
5,5,1,3,10407,801948993,-1642543366,-1322935129,-1157238758,1951050275,530344867
6,5,1,3,10407,-1034905160,357661874,82592606,-533399730,-294649465,-777555766
7,5,1,3,10407,-945698389,-1726524543,-1100217884,977423481,-1401655724,722381119
8,5,1,3,10407,346315146,1847556878,-1099117724,955655623,-1731982187,-1891347004
9,5,1,3,10407,1329589356,2021210279,-1031272828,679966222,-765138564,1882386882
10,5,1,3,10407,-390227020,-1928603727,608128683,1136891610,-1115685992,-1477325759
1,6,1,3,10407,1562540300,718890717,-1869013157,284317999,2141212680,-1524373253
2,6,1,3,10407,-2028887364,18332948,39259400,-485669501,2062815058,-1967527893
3,6,1,3,10407,-946659278,616881965,1881449236,1653865426,273625059,-1594695549
4,6,1,3,10407,-1203811592,-1120019590,1317479133,805141823,122969990,874401789
5,6,1,3,10407,923830419,-463235539,1972248713,1459547116,226222730,-1278747503
6,6,1,3,10407,-224131722,1290831151,339661230,-787090181,1216740375,18601935
7,6,1,3,10407,-2041149805,-707661606,858357062,-724366544,-1224433259,935895131
8,6,1,3,10407,-308671597,-1370627027,-407219708,-1190938994,1934865575,-1080179470
9,6,1,3,10407,-1171903042,1385210510,-1860727285,1213918778,1894003111,-1924461196
10,6,1,3,10407,1607200159,1328221164,1399378034,1399906824,-640057198,-2119481567
1,7,1,3,10407,-1313499212,-538211707,-1443066977,-1976789805,-2123057077,492662765
2,7,1,3,10407,2004154969,1339113035,1906224459,675003286,80609312,454231195
3,7,1,3,10407,-1721016821,-2024604664,1303163882,2084836984,555565437,-407883112
4,7,1,3,10407,-748680517,-2130359243,-413677707,-94178082,1244401243,675069012
5,7,1,3,10407,-1001037858,-1586098875,899683218,1022808018,974952090,-170289275
6,7,1,3,10407,744537904,-634825221,2020512811,478186470,1104937805,1696171971
7,7,1,3,10407,1347093153,-1112143405,-1591237777,668343215,-1623036837,-742168382
8,7,1,3,10407,732295986,1757918928,499662946,35698133,-876223076,-902272970
9,7,1,3,10407,1388704478,1356486692,1034682436,-839938810,1222152704,1545415391
10,7,1,3,10407,-86697177,-1080896133,247082411,-523695039,-733419877,1384190786
1,8,1,3,10407,87307888,571102882,2142329053,1575927786,-1882848699,525142421
2,8,1,3,10407,-659531845,1740068970,2057016090,-2037352088,910597225,-1769765297
3,8,1,3,10407,-531958751,-866233648,-752620645,-1514515458,-1451811824,1421345487
4,8,1,3,10407,2111524638,1558621469,613977699,-354176080,-50821164,-1830217879
5,8,1,3,10407,565418523,1925496026,138750672,-1203106133,1693414642,580017926
6,8,1,3,10407,868285444,1814444932,309511403,-268067870,-946241026,200489661
7,8,1,3,10407,1315571989,-682766161,-424953148,1615036901,1698268478,1761119079
8,8,1,3,10407,15861463,815799456,1001489851,1111854244,-1718888610,644876393
9,8,1,3,10407,-1701476609,-1881227887,900459562,-1542330546,1189602771,-639866316
10,8,1,3,10407,-675215747,2038378634,-647192686,-48083511,-58003438,-1035604787
1,9,1,3,10407,-1529591545,-1736563648,1838130650,-1026542283,140812048,-13006416
2,9,1,3,10407,961515039,1775313121,-320584079,-215880432,-1749326268,-147571489
3,9,1,3,10407,1060239612,-833826080,-93025012,-2141232758,-398894727,927142728
4,9,1,3,10407,729608828,-1983554055,-1502580436,-118801600,908166912,-1755610309
5,9,1,3,10407,161336436,731483019,-1345461330,515484840,-1962473222,286147857
6,9,1,3,10407,669593956,-1144025253,-403428420,-1434436248,-147328980,1806792931
7,9,1,3,10407,-883361792,-1667614330,-1536710643,-474614037,-1597542176,605433529
8,9,1,3,10407,1241078919,289406803,284472525,923640096,2127733150,32644135
9,9,1,3,10407,-1325492915,-1023028102,1808059722,-906728846,1339502255,-1379784085
10,9,1,3,10407,-341781032,-1893887523,-793724132,50140609,-1522137855,1012859919
1,10,1,3,10407,501788818,225049386,-1592470658,1149200370,-1169482394,-1657166102
2,10,1,3,10407,-1601409310,1609255396,-12143257,1356621768,925654102,583756959
3,10,1,3,10407,879640799,101373591,-954365136,1992586010,306772081,-1833065043
4,10,1,3,10407,-713059508,-1283445335,-310467606,-123024523,1170236519,1110026162
5,10,1,3,10407,-1241713001,-1013026770,553613683,2038256056,668715639,-259455817
6,10,1,3,10407,151235631,-1701482705,792287112,-1299344689,1593748280,2061710394
7,10,1,3,10407,-1524785936,1479192205,-1606827187,-913374723,-1666556985,-1583803709
8,10,1,3,10407,900940435,1526952254,550072657,348844943,-628416704,-1902625241
9,10,1,3,10407,-1323414650,2147249941,-793572268,213074507,-1834585072,-1574195843
10,10,1,3,10407,-985210052,60804620,1055068682,1925636984,826643259,1407674833
1,1,2,3,10407,-295117359,543787423,1922996389,680997916,1129654110,-730371047
2,1,2,3,10407,485239804,1671992582,-1941551233,95193096,-1506520549,1931076946
3,1,2,3,10407,1760881494,1699925519,1217554036,646490518,1057618717,-1131959215
4,1,2,3,10407,1984439007,-1180571019,1740760754,-1416493169,-1737977631,-1317242496
5,1,2,3,10407,2125312250,-703906497,-1518476739,-685037256,-217306505,137112166
6,1,2,3,10407,-263446035,1343150027,1196285072,1242144110,174029274,685215574
7,1,2,3,10407,313937323,-717401112,1180289496,1544227142,-2118732036,-1224696961
8,1,2,3,10407,600740547,-332533124,469709906,-862994040,-454867562,-741199492
9,1,2,3,10407,-392701282,-1098628133,1776358669,-1105784016,-1625239361,189679461
10,1,2,3,10407,-1477488410,1036273941,-2135723320,-496713203,-157503438,-1803177217
1,2,2,3,10407,307270907,-606907907,1711198045,1706060742,534470870,1549011305
2,2,2,3,10407,111215269,-768812059,-1945485151,622180459,-1536667435,2101968247
3,2,2,3,10407,602301988,2089626419,-828365932,1074679321,-1147888188,-244980490
4,2,2,3,10407,-755847266,9551694,-1187334314,405835553,-1438361546,-1823787099
5,2,2,3,10407,1938769525,-907322840,-582274701,-1056263988,710639239,-1268025472
6,2,2,3,10407,-694778159,50416270,-1934688076,975250405,2007968353,493077839
7,2,2,3,10407,849019986,-1336237534,-910271882,-1438525029,1009122961,1991185568
8,2,2,3,10407,-1873750976,-1895798708,457831611,643696085,1819223971,-603584663
9,2,2,3,10407,1412780212,1398588188,-1551147123,1017998806,-1039664714,-78853789
10,2,2,3,10407,-55025220,345496754,1145585403,718465548,1522543800,-914259263
1,3,2,3,10407,912992311,895993389,-274134336,2062568574,-210396551,-38375622
2,3,2,3,10407,-1602870201,-169318471,-2062317833,-462644078,472133931,-19357084
3,3,2,3,10407,-430042808,1243990036,1256286894,146325606,1037774248,1971383657
4,3,2,3,10407,-1126104483,749022397,-1483548775,-113084032,1220176137,-285024037
5,3,2,3,10407,1131205608,1714918798,-2072805423,-169272949,-1634789160,-813109765
6,3,2,3,10407,-56778745,388416722,830109653,336976154,2039428651,-1819065457
7,3,2,3,10407,850534047,106283388,-659600920,-1782245895,-7382434,637384485
8,3,2,3,10407,-621564966,265991739,1287279493,27842927,-451728480,-167906820
9,3,2,3,10407,60139922,729319181,-1379859516,1402122766,-1731776572,-1394969620
10,3,2,3,10407,-914368049,648138428,80952003,1066460882,-2020912216,858710166
1,4,2,3,10407,2054711960,-622225638,-342480840,1905735573,387323832,14261941
2,4,2,3,10407,1503870291,-245136465,-38728813,-131599701,494826053,1784816650
3,4,2,3,10407,-988853815,2017936389,-1253624651,1058665521,-929609239,-1521570814
4,4,2,3,10407,1146566155,1555031696,119653970,-1588881256,-522098101,332996863
5,4,2,3,10407,-1346639505,-1267061213,-1393343982,304632161,606289784,-158694828
6,4,2,3,10407,-1506025779,-360844135,1213547005,-1049580573,609250958,-1975235773
7,4,2,3,10407,1006609022,1179168532,975850670,-1508675615,451418116,1036460590
8,4,2,3,10407,-283613615,616516730,-421614708,-356034507,95824073,1712701760
9,4,2,3,10407,1059640927,-390247004,-1455517829,206867235,1024904987,-779902898
10,4,2,3,10407,779758400,-288827031,-1760688489,1303486110,-1070034740,-321089589
1,5,2,3,10407,1508769475,832766626,-329028680,-2097778941,1963648875,790786612
2,5,2,3,10407,377957377,-1938750564,-805458197,1650769553,1344215785,-1598528997
3,5,2,3,10407,1424117324,230134329,739181123,-808575407,-1635930000,65378195
4,5,2,3,10407,-1688893060,725284979,308716773,-1720524855,1744463464,-92379699
5,5,2,3,10407,-627709,599760240,-429632263,316755602,-888423756,310784496
6,5,2,3,10407,-1792230603,-1586966971,-1612844351,-1203413756,1833934300,888961072
7,5,2,3,10407,939250269,-917871928,737697384,869827555,1328347711,-283805783
8,5,2,3,10407,-602408084,-333011301,-930398771,-1488393781,-528118757,-1359679040
9,5,2,3,10407,735826882,-1232308127,1103244590,44483424,1421162112,-444512522
10,5,2,3,10407,942883231,-906014956,450410697,1374839231,1150161688,-1145606141
1,6,2,3,10407,-1779456861,-535997463,1328888036,-438338690,1065779649,1679475150
2,6,2,3,10407,89918151,759212077,-534261019,-1537268467,90900337,1553017657
3,6,2,3,10407,1869476952,-1443603485,-1544154205,-1563031821,-503153036,-945904997
4,6,2,3,10407,-323293505,1467035934,-560101778,-1436357250,-2131966812,-215319270
5,6,2,3,10407,1157710975,136707343,955434304,102434128,-1440173232,391928599
6,6,2,3,10407,-1365196912,390128996,-22696640,1901634445,-1018349404,136545959
7,6,2,3,10407,-67885691,-2042139111,736333647,-1124260732,-1979131163,473793000
8,6,2,3,10407,-1969014327,1971142975,-1699809033,-378891713,-1612861612,1735025149
9,6,2,3,10407,-1175790925,-809268909,-1485178607,-1878394261,1471007000,1066368686
10,6,2,3,10407,-2048449574,-523087911,1068050388,-307695326,-2124162058,938728286
1,7,2,3,10407,2111447190,-954790732,-327552003,-669759121,1985909381,-2097457377
2,7,2,3,10407,2081427440,-905631225,1929816630,-751717039,-1962294810,-379904122
3,7,2,3,10407,1792347116,-1333824295,-1704083648,-871016561,-1261349173,589656002
4,7,2,3,10407,526016704,-479887539,1887159337,-263321773,-956099615,624413609
5,7,2,3,10407,-37920410,-1271513606,1092076871,594516729,1214721619,453972395
6,7,2,3,10407,111512473,-1270520805,817503113,1244589620,1864996682,2135660206
7,7,2,3,10407,-855445238,1173296264,-813123170,-720439878,-661945312,1508745283
8,7,2,3,10407,1642220503,-1366224423,1310338902,480529260,283790940,2062305565
9,7,2,3,10407,-488180194,1674603562,-1925161661,1395981628,-1119353315,1775057863
10,7,2,3,10407,1597305319,-71028593,1940258998,-318445533,361142764,-90950459
1,8,2,3,10407,1070669930,1773233414,1319421344,-86482973,566774898,548668355
2,8,2,3,10407,-347003059,-32395710,315979242,373564658,450755667,-1543656477
3,8,2,3,10407,207987515,-1729098900,1830217156,840691965,-2092959594,-1589847860
4,8,2,3,10407,361476548,1725381796,1581502590,-81390027,1551290616,-448946297
5,8,2,3,10407,-1044523708,468740078,1534619005,929111331,-1559751294,-1019935726
6,8,2,3,10407,-1287003985,-1516244889,-132509318,-1390117070,2084779238,-1661329911
7,8,2,3,10407,398176879,-850515644,-1894242588,-599050255,-993624256,1931702239
8,8,2,3,10407,650953741,-817307239,-1835778601,-282477417,990528330,344650017
9,8,2,3,10407,-2026091734,1629694559,-663257333,741644481,-908673781,-2101889993
10,8,2,3,10407,1043846420,-933832519,2115857867,1299766894,2077421730,-847172767
1,9,2,3,10407,-2084271361,-1109395707,1142098023,791054658,2127566145,1932229133
2,9,2,3,10407,-1126553182,-106556525,1923974464,-1526088947,993773367,-1329641568
3,9,2,3,10407,-1418441576,-1757845116,690153805,1988709282,-1907944153,1213154222
4,9,2,3,10407,-1491389586,50465969,1296102660,-1223755477,991968657,2107410222
5,9,2,3,10407,1476061615,-956950864,1243586237,-1469120664,627279386,-1704240135
6,9,2,3,10407,-88649501,1598733792,995536653,14172724,1724882186,1753871300
7,9,2,3,10407,2052136169,1775994457,-1822382432,743336668,-1959783548,2062866968
8,9,2,3,10407,1401406156,1829769968,-1130036649,-1458575325,-1499479085,431879022
9,9,2,3,10407,34437795,1702278646,2007967684,-680430255,1904453473,-1172481504
10,9,2,3,10407,145572627,-682919717,-1260267682,-222458605,1788389884,-386579286
1,10,2,3,10407,-1343556175,-1877966635,296318587,-351321865,40631209,870896126
2,10,2,3,10407,-1170930596,-188327193,275810530,-862129657,35105239,-1354829996
3,10,2,3,10407,1044600487,-920489753,65774264,328506659,-1831685767,633922571
4,10,2,3,10407,2013525955,-1136878606,-1630841690,336662637,-1728085542,-371757012
5,10,2,3,10407,445169355,-192627370,1108811739,91734142,-1767328085,-1612466662
6,10,2,3,10407,5772095,208319738,-565074669,-1959461905,-810849873,-760569868
7,10,2,3,10407,580818612,-1461547722,-974473801,-939247628,-2124202807,1077024851
8,10,2,3,10407,-1494996832,-997263591,1260595,1350673372,519783641,2042393541
9,10,2,3,10407,860099927,133256801,-1011154382,-766191533,-852951794,-1902013559
10,10,2,3,10407,-1705123160,1938289227,2073884028,50285654,1586882537,-436016504
1,1,3,3,10407,583152742,-379364091,663501550,1965657924,1977393619,-543583932
2,1,3,3,10407,-2146370059,914481339,-444940371,395233210,267547318,-589701163
3,1,3,3,10407,1204720761,1355960883,1025455192,454086646,-1810147401,-1610095236
4,1,3,3,10407,375429057,-893294228,-604334636,2090319917,-141550149,-872171732
5,1,3,3,10407,2028691149,-185393907,1335261712,789930450,-1724636030,1185606115
6,1,3,3,10407,-235670971,-1199187889,-1396470349,-504069082,785344791,500223026
7,1,3,3,10407,1156002706,-2053352037,-1211051357,189310573,-612847616,-912963454
8,1,3,3,10407,-1941219386,-273713831,-1206989270,111298619,541000828,513221628
9,1,3,3,10407,421277069,1360993172,-1289720184,-2101055146,-415603861,1999928310
10,1,3,3,10407,-864215761,-653173604,-988819942,-1931554220,-98563685,-1696761445
1,2,3,3,10407,-1760526156,-154733965,958277495,-1610633820,79807001,958371729
2,2,3,3,10407,-1438936943,-1379110464,-69142497,641940865,-1399570927,2064750212
3,2,3,3,10407,-1982757837,35903903,-1796160900,-803114730,-988925859,-926310287
4,2,3,3,10407,1113086486,191862505,-1491198395,1864722712,-429536054,-1287158438
5,2,3,3,10407,-851906455,-1832290716,609736374,730757384,255499778,-368277625
6,2,3,3,10407,-891254935,-1615604397,-1433689505,-445854521,1785815614,-1400592793
7,2,3,3,10407,1823955591,338228532,-362035917,-1589952514,-1314646438,43428248
8,2,3,3,10407,1092067577,1759691766,1393896179,-1340509792,1036656209,736655922
9,2,3,3,10407,705440806,9384950,686138435,-358513530,-75112925,1493819317
10,2,3,3,10407,1206219261,-841639241,1519384171,-580739033,-690967210,-238302770
1,3,3,3,10407,86055603,-729736899,-1376011005,1228977554,724470238,1527719677
2,3,3,3,10407,1174569003,1093887883,-1523669633,1218681926,-1811751099,1542032422
3,3,3,3,10407,-694955920,-614456144,-683641570,-570808863,-1008732409,-1994771061
4,3,3,3,10407,1245604951,1035325214,1499632889,1463818030,121987449,1032453115
5,3,3,3,10407,-1002382331,1869887312,991139669,954216050,-1044397596,1982625286
6,3,3,3,10407,-26635555,-2115474871,-1402136496,-2127598638,1868080957,-1476205528
7,3,3,3,10407,-1589341575,335806804,1380362069,968652845,1159890747,-297391260
8,3,3,3,10407,-124190877,-1638788802,-1446951086,198492205,1014411765,-1593734170
9,3,3,3,10407,-1245296786,1897701884,-2140030549,1730247475,-1399357661,-989470319
10,3,3,3,10407,137963409,-1111317918,992310118,1389393989,198566534,-1077760560
1,4,3,3,10407,1762297499,844660595,-1989958682,-1570083501,-660641983,-148234200
2,4,3,3,10407,-2129936237,934045382,1864646373,2106803351,-928435961,-1279783155
3,4,3,3,10407,850153439,-979028953,-1998456600,-287405079,-593879876,-343783541
4,4,3,3,10407,2129052173,1913076455,-1450096579,855915494,-1389665615,1496142550
5,4,3,3,10407,2041597513,1789206384,1749373936,1548346286,-1173866352,1906114386
6,4,3,3,10407,1635564189,359375247,1343371375,-972481637,-1038049640,-1406403207
7,4,3,3,10407,-854095225,-1444108289,-579340899,-682128577,-217969328,1406923687
8,4,3,3,10407,-1006866323,825405189,-2100533239,1097793932,926331922,23674931
9,4,3,3,10407,-2090623648,-1238794397,341422487,-1342085540,144011243,-949691821
10,4,3,3,10407,1359686772,146011782,-586630674,1032646449,1867365594,1568758501
1,5,3,3,10407,1114852482,-617625002,-216965823,-592488129,713283026,-1405907540
2,5,3,3,10407,-1400948570,-864231223,-1288526892,-2011478605,975338224,-545904525
3,5,3,3,10407,-1180980454,157211001,966946274,-1449959442,-390103588,-376038519
4,5,3,3,10407,334395550,1631411741,-1988339376,517020179,1577236665,2079417963
5,5,3,3,10407,-1778305390,-470922644,-256615315,789365804,-729103862,-6507899
6,5,3,3,10407,-1836546359,200561886,868965167,1666293041,1296561527,-659983994
7,5,3,3,10407,-1599124222,2018941433,-248532963,-839384577,-1021159324,789031816
8,5,3,3,10407,-496598833,-877175424,-1662660188,1148256824,568836791,107824819
9,5,3,3,10407,-263842732,962687404,2018046037,-420586267,1214299925,-1145966244
10,5,3,3,10407,-2125200082,-253932760,-544766046,2137157665,-1938820798,897352088
1,6,3,3,10407,814640411,1684058417,-1944416002,-274794822,-1869319656,-1800417006
2,6,3,3,10407,1794359901,-472374833,1237479238,901394903,-1775697985,1037771793
3,6,3,3,10407,-289822364,1573906744,1833152613,663528976,-301227976,-1826891701
4,6,3,3,10407,-989481569,-1436149816,1020365777,-130119698,119946262,-128343892
5,6,3,3,10407,-1910539155,419840184,100673049,-2036587030,1621919017,-1042434631
6,6,3,3,10407,-994693521,97473742,2095889885,1753757919,1063265831,341766080
7,6,3,3,10407,-1961326155,325600095,-1201949685,249444441,824998975,-1201832634
8,6,3,3,10407,-669345231,1953869447,-611127401,-1998831283,-1786405567,-1524299736
9,6,3,3,10407,-1697690842,-1438039557,-1576440178,92799851,-1035434064,-251521363
10,6,3,3,10407,1075151634,895095193,17185226,996759810,-822946173,-1008651496
1,7,3,3,10407,-1622519792,-421532458,-1102153469,1935417334,1161397989,784294688
2,7,3,3,10407,224446604,1320971101,881123930,-1179527305,1109890673,320430130
3,7,3,3,10407,-1055152061,551639591,-1027434202,-1816226109,136983122,1463670435
4,7,3,3,10407,-1674108617,672702777,1991447210,-50015765,1949494695,1155478844
5,7,3,3,10407,-581019865,-413173529,655725877,1519500922,267194681,1282707421
6,7,3,3,10407,-1312650662,-142086142,1774264236,-128199109,-1459639115,-1302661987
7,7,3,3,10407,-394183791,-611866859,1720829586,1384852678,1660596836,-1584122285
8,7,3,3,10407,58783148,-22382281,136508361,2130371108,1620936443,1708406078
9,7,3,3,10407,1165290487,-1081145449,715124902,1441735424,-1515303548,-510310444
10,7,3,3,10407,769407735,1475907217,1380754013,-507987198,763808356,322599498
1,8,3,3,10407,1975779733,920355730,-1653768996,-527173833,-1608411350,2007132826
2,8,3,3,10407,361725343,2059156142,-1153755696,1162509203,-1080929047,-204599110
3,8,3,3,10407,-1693779224,1551943575,-772247527,-1384444773,293504869,-2033195123
4,8,3,3,10407,1423533118,1413561043,-1639159075,879102156,1669789935,-86707316
5,8,3,3,10407,779588511,-1365787222,813946685,1810512305,1018652882,-645682995
6,8,3,3,10407,1942006368,647065328,292607757,283178085,1754885115,1194847510
7,8,3,3,10407,-1429552130,837938317,-1810249374,-1296909412,-1278702196,-600245877
8,8,3,3,10407,-839049670,-1335467612,-1757564095,1121540409,1080044186,-1689738361
9,8,3,3,10407,-1134996826,410655481,2002079076,1466453277,-1884457602,461163477
10,8,3,3,10407,1759924643,-1311485777,610534310,1041363464,-1612335511,135950164
1,9,3,3,10407,1298773949,453505065,471935990,-1211101269,1341676730,682021780
2,9,3,3,10407,-1965422208,1736277184,-672642624,-2025342047,481307471,-451905990
3,9,3,3,10407,1939366487,1290544770,1988362087,1736336909,-486220926,-1362608559
4,9,3,3,10407,2112231420,1511007268,-225720812,1691148951,160956562,2141200110
5,9,3,3,10407,1303086210,617205820,655112292,-655043153,-1232537210,1378113959
6,9,3,3,10407,1536012984,230498077,1651695103,-2135149370,525895561,-1825031881
7,9,3,3,10407,-1248681376,83185253,-2039029209,-1170964100,1253897881,577927529
8,9,3,3,10407,-1352072706,1172717215,-297943659,-1166358674,1347642291,438656809
9,9,3,3,10407,359064940,-1054022132,342074851,-1680625123,1301227613,-35867859
10,9,3,3,10407,552270838,-776599196,1406267909,1603013233,-1084390894,-1243134763
1,10,3,3,10407,-1278198812,-704845964,-1763952372,958921460,1642391576,-1519512002
2,10,3,3,10407,-2135058624,-739038220,-319143335,-1250155941,-592838618,-945566335
3,10,3,3,10407,1876385217,2092806803,1162332047,283606705,-1558977518,1934275869
4,10,3,3,10407,-1507675631,-1034223853,-760012847,1058350536,-1325437014,789637026
5,10,3,3,10407,-1096858802,101125988,1890834138,2020350531,-949957865,-1765103190
6,10,3,3,10407,-1428841208,951441539,998065663,-1627224027,-969001656,647153060
7,10,3,3,10407,1133911157,-1705272906,-31028457,-198374699,-1925983716,945933622
8,10,3,3,10407,-855753824,1476527897,235021104,23935271,-1144097890,2127424712
9,10,3,3,10407,-489041095,-1936244473,-1559824626,-700110661,1829355173,1789354941
10,10,3,3,10407,345812181,-152285150,1015774017,1565035171,523345063,8059553
1,1,4,3,10407,-1615590575,-1082005216,-1544959338,-536686965,-824997609,1560750997
2,1,4,3,10407,544144409,-984269275,-1378345861,-1069167372,567482463,1146124453
3,1,4,3,10407,-990468833,-1493657864,328522790,927514427,-865613728,-1272467515
4,1,4,3,10407,1285086214,-730469412,1299905537,1964637816,-52932992,-2059896225
5,1,4,3,10407,-1957591805,-616650980,-2141297297,678756814,-1863532961,-1581869427
6,1,4,3,10407,115524606,-202599867,498588456,-1498940744,-365020050,464572858
7,1,4,3,10407,-19454841,830432707,-1048824167,-1874160628,174388246,-1480241060
8,1,4,3,10407,-305603344,399989869,1686042861,-1348431976,952096963,-1638170785
9,1,4,3,10407,-1821706231,1155062689,-1206269618,1879056556,-398810321,-2097261683
10,1,4,3,10407,311011079,1347732807,-1257047372,859834259,-251076853,-1301656
1,2,4,3,10407,491692558,1656244328,-1348784621,-1085702268,1408767582,-1207805950
2,2,4,3,10407,-1898649959,601068683,-240895732,1717858443,276128200,-1128592301
3,2,4,3,10407,-274428762,1738376349,1311434990,205111123,-1860883239,29118446
4,2,4,3,10407,-1485917376,-1763941569,-1679169429,832372808,-1297914376,-154876832
5,2,4,3,10407,-415340093,-1940234797,-1575828212,-1849744024,1706016441,475215722
6,2,4,3,10407,-1175416163,23712229,-1093527332,-228015238,776153802,-1169823944
7,2,4,3,10407,-401675142,1595561866,1168303276,2086757257,-1248208604,-1749758585
8,2,4,3,10407,1660214065,-766837901,-1549257058,1938959102,-2090811510,-165229861
9,2,4,3,10407,827770609,-536489785,-1144717661,1787883978,1937972671,-978283664
10,2,4,3,10407,1665817326,1515332133,817683999,-1806188990,-1494059503,377221351
1,3,4,3,10407,-424803989,-2947581,-319940528,-304073084,-1279452002,-486998308
2,3,4,3,10407,134341560,-567454400,962145534,-2118291868,1817436756,-12084110
3,3,4,3,10407,616743478,588609797,1111988895,900762389,-1998058678,-1939353595
4,3,4,3,10407,106804526,547199834,-1933564061,823247751,467772748,-1607031832
5,3,4,3,10407,1093848496,-1245770095,-1325246453,-665380815,85506381,300063824
6,3,4,3,10407,-1427632090,1895448450,-467023049,-1032018670,-948171333,383617858
7,3,4,3,10407,-703990660,-1885477256,1607887166,1435323045,432692107,-323739167
8,3,4,3,10407,198840309,576282906,123475246,-128458777,-1676067971,-21963861
9,3,4,3,10407,1596893448,1759025333,1040216983,843807801,2118005568,-563087022
10,3,4,3,10407,997119788,1810212731,-305115521,804102514,-206150984,-549063566
1,4,4,3,10407,-187447144,-219377597,871276462,-859525042,-1790190347,-959981176
2,4,4,3,10407,-1237347405,950702713,-1186020396,2031625523,1172446847,1912226415
3,4,4,3,10407,375195518,-2016939776,-327212710,1289345151,1658259942,-2037498349
4,4,4,3,10407,1356374515,-517974210,1070898074,-1406136410,742611042,718208335
5,4,4,3,10407,-1953231338,-1640444010,-1762188142,229358998,919800720,469127643
6,4,4,3,10407,-62066093,-906729411,865011252,-831487241,655085428,-670402124
7,4,4,3,10407,-868993565,-1162961648,-1401997390,479077105,1173529135,-2126581745
8,4,4,3,10407,459289958,106381642,891898351,1748222509,-1236384072,645190917
9,4,4,3,10407,912231692,258970881,717331858,288566908,-1525250406,-1068050471
10,4,4,3,10407,178099662,53205610,-209703309,846440163,-2040762884,1537446833
1,5,4,3,10407,-1732407980,-664334445,-860535759,-1797387952,-1390778492,874306964
2,5,4,3,10407,-1457523584,-980568855,1422699264,-1521357865,1325587896,-1368949658
3,5,4,3,10407,-65945082,1202382977,693564219,-1574099049,632968080,-240594498
4,5,4,3,10407,884126537,-287625684,522784192,-1066842909,247146402,1980599437
5,5,4,3,10407,1741476537,-808729015,125021298,1304664968,-961409268,-252501259
6,5,4,3,10407,1175090768,-1654096043,1075255199,1957616553,-1312208230,311108826
7,5,4,3,10407,598163935,-981597829,-1801793371,-1569424067,-1508002832,1716522758
8,5,4,3,10407,-788230809,-1504785610,1379843337,1737527895,-296741311,-75612135
9,5,4,3,10407,-1783575152,-1905310166,1398189246,-1944811974,702324705,875065793
10,5,4,3,10407,535135909,-2056868592,-574499661,708788449,193732535,-99162831
1,6,4,3,10407,1042249221,-1292244101,-1803602968,1032643,1483928058,1848052598
2,6,4,3,10407,364717562,1063875151,530173582,143230176,1959211845,658665844
3,6,4,3,10407,-1128413985,1887571091,-764157138,582442587,-2086118317,1617337060
4,6,4,3,10407,2104005075,1079405655,1845585198,-2056605936,1427759250,502640674
5,6,4,3,10407,-1489600209,-434025100,1716878019,1036621901,1141816847,-1042981467
6,6,4,3,10407,989272087,1353942167,640531977,-1221933153,513301358,-1525279150
7,6,4,3,10407,1874851601,1206262957,657795101,1242473092,1478707527,1463997611
8,6,4,3,10407,61841745,1286446986,-739200913,-2143223535,-45997355,1956404580
9,6,4,3,10407,284999449,-1018561438,1659544925,-362158202,1610117772,-1704566197
10,6,4,3,10407,637642634,965176153,-95244132,-997996400,-611183774,-1544265132
1,7,4,3,10407,-757216437,-1776220805,433292058,-1633295549,1990302255,-1012453175
2,7,4,3,10407,703351884,-1386055551,399565403,-1727000050,-1242752227,1467353032
3,7,4,3,10407,1519898600,665724144,669677124,711936334,-1311375002,-1939731672
4,7,4,3,10407,1385219470,1033662871,318434545,-1642297063,-1668475802,-971427794
5,7,4,3,10407,2051278311,-1394522890,1949265063,-70042947,1616696627,-1467937000
6,7,4,3,10407,2075930323,-1316350060,-1997127962,-140872391,-599304213,-335981914
7,7,4,3,10407,2145953403,1049359229,-901077827,1250000985,2047821482,-2022524531
8,7,4,3,10407,213546916,-982284848,1574797948,-1035018310,-1767808788,-1598644302
9,7,4,3,10407,-1108273623,924524870,-1083377805,545226219,-1356780073,-595082646
10,7,4,3,10407,-1125138759,-1076095158,-443089066,-405789618,-709423588,66876388
1,8,4,3,10407,-1074999009,-1456075513,768723421,1937651863,-1491502382,-1890655772
2,8,4,3,10407,1481169630,-228036247,426818045,-727353402,1816501628,-979863209
3,8,4,3,10407,-2004000218,1105486353,126143839,1216770989,831236682,-1990233668
4,8,4,3,10407,309682163,-771376758,-743987553,-272816375,1145116186,611183001
5,8,4,3,10407,267312127,-1884729036,291520717,-1395767523,1219301110,493797801
6,8,4,3,10407,-1679949265,1440399112,-513222991,-1896709280,2001057781,993764043
7,8,4,3,10407,-1105346657,-516694689,1373158595,-1439421107,824909967,914457621
8,8,4,3,10407,1686969509,1615737220,1171485083,475863332,777485522,-191138328
9,8,4,3,10407,-959032523,-1306401013,-297236631,-358917822,2023108141,-2127438951
10,8,4,3,10407,-897793946,-188321129,1041281506,-196772211,-352868463,1188992136
1,9,4,3,10407,1468126873,406351957,4999496,-1023985171,1731635016,1768660599
2,9,4,3,10407,926529888,-1994248188,969986134,-1450276629,-440109594,-90281827
3,9,4,3,10407,-1739779667,-201949407,1800201013,670714309,101942371,322092812
4,9,4,3,10407,-1113118210,-481973003,-1771468879,-139647900,-1515912308,1513978555
5,9,4,3,10407,-749604439,1074127713,-1944229704,-257922451,1373094486,1708912030
6,9,4,3,10407,967856390,1390364436,-1893327489,-1694939907,-602699987,1797536731
7,9,4,3,10407,107726965,-1307805211,1278104164,-1774626452,-1134241994,-1893455604
8,9,4,3,10407,-1656123297,441126357,1209277909,2026895556,-864379775,441668304
9,9,4,3,10407,1620532545,466509726,-1894377266,1458455162,-413389734,643534306
10,9,4,3,10407,1996052102,-1342583,-732339548,1603850106,-636722439,1202697292
1,10,4,3,10407,-981934207,-1008420809,1294846866,1307469779,-1138842292,924442087
2,10,4,3,10407,242307059,-1176716467,953052477,1358132785,-9042927,1059091164
3,10,4,3,10407,-825872093,-68330163,-1907076560,971781573,-1583092742,-17812951
4,10,4,3,10407,-897938122,-1917590106,-982322057,-56057841,-140662589,838038656
5,10,4,3,10407,771418518,1712181791,934805169,1159275000,383833344,1128887549
6,10,4,3,10407,1220176427,1855438380,-760558584,1923771629,-905371761,566109625
7,10,4,3,10407,1653443489,849690922,1150261008,-202449455,200487371,6890644
8,10,4,3,10407,1502473124,49207611,562546471,-1120687539,-93447886,676380092
9,10,4,3,10407,1054220887,-27682368,2113426115,-288668860,-1873201429,1718023205
10,10,4,3,10407,-47923387,1995984364,89805278,-843562646,-1533792723,1538163887
1,1,5,3,10407,-1575749698,256126193,2010054636,-1276876955,1450607921,1548080350
2,1,5,3,10407,954715929,1929864652,-1030673141,-178670988,-1206514677,-29087023
3,1,5,3,10407,118651380,1812415209,2055092784,1674766901,-668233516,1107716979
4,1,5,3,10407,-1899285820,-569263723,475132616,-1792541308,-1428029787,-1207335233
5,1,5,3,10407,492511774,1076483139,-531893016,-1739034056,-1103277594,909951581
6,1,5,3,10407,-468527008,-664603150,1180683473,885928847,-1277666497,-1794655982
7,1,5,3,10407,-763883597,403415042,493321248,-1847246362,1550049468,1745511552
8,1,5,3,10407,962146360,-1606442530,-299046044,1601892973,-86679311,667335792
9,1,5,3,10407,-1864091832,-67327476,-1383250109,1142379702,-181214677,-1778367761
10,1,5,3,10407,253591068,-1243504443,1757541297,-1012635645,37658979,-1771512142
1,2,5,3,10407,-161679434,-1112967824,1642117266,1917173977,-836524434,-1569512350
2,2,5,3,10407,-870974528,1539236738,1534201180,-1840439130,-219533875,-1546448176
3,2,5,3,10407,-498723248,434331720,-305853156,1032325897,795024129,1173338544
4,2,5,3,10407,-2126570816,-54593898,2074177036,-1376067432,-2090343111,737336386
5,2,5,3,10407,2125053520,873286379,-1924027207,-1755305171,-1583396894,-1581061677
6,2,5,3,10407,1228499563,-1068259210,447167261,-173573522,-2133946320,-193068414
7,2,5,3,10407,1532006319,-949487209,1034013974,1862203624,-357511559,-2038604265
8,2,5,3,10407,1666015183,276453101,-1103038357,-1816290105,1745490998,-182011366
9,2,5,3,10407,1697416985,-218793312,-197661187,-342596134,-1587926182,1696988005
10,2,5,3,10407,-610594458,987230041,1528519194,324682983,975451099,1082198265
1,3,5,3,10407,11529544,-1970552844,1771068998,-1578818462,1848189769,324188937
2,3,5,3,10407,75658934,1724662412,-470008681,769962518,-1644679142,-1477680812
3,3,5,3,10407,571322666,1783172987,1988164164,-1175501709,813199085,363498551
4,3,5,3,10407,1086871440,-1237058928,1450835108,-21410872,464183153,1319065241
5,3,5,3,10407,1847660333,1673481856,-1522979865,1522051876,1174738487,-637410046
6,3,5,3,10407,901399953,-17573469,1633469135,1304312643,354764752,1848902176
7,3,5,3,10407,-149146173,-1664622464,274277703,-774222344,-1718952577,1554922768
8,3,5,3,10407,-1563495672,-723808253,454602220,314269772,1794657945,205227052
9,3,5,3,10407,-974580347,-2118081714,740848330,789790859,1887279436,1391700254
10,3,5,3,10407,819117832,-1964417155,-276801069,-1841342476,350952284,-212014925
1,4,5,3,10407,169976075,1141993993,-546954997,666803582,-532141488,-2056055262
2,4,5,3,10407,-1820469997,883156187,-664001264,-720666156,-1385187692,-1742894920
3,4,5,3,10407,-14046987,-934719668,1809939103,1623761037,542920928,-626655788
4,4,5,3,10407,-1519194235,-1416538075,1884492872,-710963211,1324669164,699813980
5,4,5,3,10407,-705192879,-615971640,1288419629,-549662134,1656452745,-107153811
6,4,5,3,10407,264165918,631663775,547891313,590217516,-1434536570,-1693804357
7,4,5,3,10407,-107620767,-1491294914,-583842405,62556242,-1306860994,-1503469424
8,4,5,3,10407,407170685,-705477222,-1021103225,1326661036,-1064502353,875471448
9,4,5,3,10407,-784278282,1072726982,-320899364,875052229,816672546,-1239661782
10,4,5,3,10407,1205108752,-460573351,28654054,396966283,877979764,829054551
1,5,5,3,10407,1070364285,-1224714961,-1562029889,-1009339110,-1619079291,972045246
2,5,5,3,10407,1248747976,970918133,519331907,1775753399,1336109031,-94490718
3,5,5,3,10407,-1768973372,1410836259,928567125,-473375105,-1147278217,1452499325
4,5,5,3,10407,181605427,1685908448,1826152818,581758308,1319637824,-317006506
5,5,5,3,10407,1923392393,-329809686,-38647559,1368833355,2138054825,4281024
6,5,5,3,10407,-586525845,1349156966,2082605663,-1019202397,-1151778977,-51727174
7,5,5,3,10407,-477523330,826008041,-1062513133,-1709998194,-1773162656,-1651627337
8,5,5,3,10407,-1545208882,-602873604,-95839533,1140871523,-7386074,-1995141529
9,5,5,3,10407,-1420964916,463002447,-342097402,-1451740703,-536703180,-760609464
10,5,5,3,10407,679868074,-696764744,377205569,1248541183,1609129780,-661772914
1,6,5,3,10407,-948278621,882626254,-815443441,-155342627,1796241304,624755863
2,6,5,3,10407,1789278728,929733167,478108910,1308323442,112624133,1069072436
3,6,5,3,10407,-1507163825,1075288452,1683978919,336828164,385595834,-529341051
4,6,5,3,10407,-1223086811,-1452287176,1581012892,1200493164,105559199,-1922694413
5,6,5,3,10407,1126394543,1449609278,-1402446206,-258581768,-2054275686,1625077751
6,6,5,3,10407,440813521,1229906150,-2115813088,-408782218,-1592586318,-450639161
7,6,5,3,10407,1860440902,1093531035,-89347596,1665772422,-1820973107,975507099
8,6,5,3,10407,-1676368605,-1168114255,-2078572437,1676523062,-560502485,1657462295
9,6,5,3,10407,1601682350,-396836997,1722996666,727413510,2128760533,1076112281
10,6,5,3,10407,1568873452,-424850644,1305838091,63595654,828577042,-734436311
1,7,5,3,10407,-2097215994,-723547275,1675232986,826801696,1676509267,791678464
2,7,5,3,10407,-990834014,1794418942,1413234182,1265479140,-1686466250,1888352572
3,7,5,3,10407,-964435990,-957497805,-1708556393,623295838,-1464386811,-999070538
4,7,5,3,10407,-2092808720,419049568,63758457,2110423522,-1684764166,-60138932
5,7,5,3,10407,-812812339,1469665184,-1926688577,-1900076732,-379453514,1081661995
6,7,5,3,10407,807710721,-533273847,-2037497725,-278410732,1318600210,-685678263
7,7,5,3,10407,-1730802399,-594825131,1459509078,-2060708711,420591986,2061340992
8,7,5,3,10407,1325140959,-1744662525,-1399205047,1388546408,-1715009625,806344465
9,7,5,3,10407,-26652783,1962423774,192199280,-1356604978,-905616609,1377536865
10,7,5,3,10407,946256233,1051280603,-522314385,-957811373,-1844939426,-1335302752
1,8,5,3,10407,1173633839,1593740339,-240214517,-342360311,775756069,-822465924
2,8,5,3,10407,29292970,-1924404939,468973266,-2004967461,730209413,-1412205578
3,8,5,3,10407,-1932231306,24437993,-306254305,1023861993,1592226163,-610317429
4,8,5,3,10407,269013880,-1533253277,-2021632382,-833156393,1736574151,-343854184
5,8,5,3,10407,-61792430,-1579711441,-92358830,-953650893,493439745,1200662988
6,8,5,3,10407,2139372699,-2117081117,-843859540,2138707161,-1533446901,-1962791797
7,8,5,3,10407,1369795751,894887368,1593190112,-798301617,-1739366742,1489843438
8,8,5,3,10407,-1747061727,-1381496307,1197805103,496942704,-685804070,-232959493
9,8,5,3,10407,-959223249,-953863253,1781146205,2026179708,-2076498545,753766529
10,8,5,3,10407,-1832653557,-348171001,49807085,-1894446133,104515295,1020233772
1,9,5,3,10407,-1745112689,732326838,1300197025,1655040306,-2092334913,-1628061509
2,9,5,3,10407,-1178627809,-92535141,-1854306815,-1840815833,-1116556892,1021794586
3,9,5,3,10407,1195384898,-1703202376,138705171,-821018490,-231919334,-1249210249
4,9,5,3,10407,-1406408467,-573861457,1911229305,-1394951195,-340639829,535189386
5,9,5,3,10407,1827227443,-1568007210,-142301514,2050168086,-1236420953,-1089214738
6,9,5,3,10407,143795782,-1054088522,-1684806676,1877801490,915766780,-147013397
7,9,5,3,10407,-238622846,-675343030,1721906672,-1558563302,-509149699,1315998111
8,9,5,3,10407,1999948548,-1279350677,-866864451,-1809765632,-1432665142,-1289233202
9,9,5,3,10407,100126690,-1723227083,1382934519,-378021519,753855238,-1884276320
10,9,5,3,10407,1835059213,-1377942419,1273112970,1704663004,-1174756592,-337810165
1,10,5,3,10407,-391549696,-161368294,-672215243,-833321788,2025661784,372744656
2,10,5,3,10407,598205634,231848714,-1537209415,1625242762,-648589782,-1777222494
3,10,5,3,10407,106307288,-173336786,-911836763,-1467540970,-1080917818,-1593610310
4,10,5,3,10407,-352608955,-163806838,486925671,924360497,-1242649972,-464956820
5,10,5,3,10407,1533347554,662336869,1838973871,411620859,1426199617,-1733674392
6,10,5,3,10407,1915222097,71101433,837319513,-1468385657,331044582,1215928664
7,10,5,3,10407,-346159749,-2035117961,1412203495,-2041626619,1046530904,-1171660053
8,10,5,3,10407,1093315173,-1721479071,-1235158042,1127036446,-1257904112,2123999979
9,10,5,3,10407,-1230737836,-462632288,-1692823909,235851385,248081887,446530711
10,10,5,3,10407,-75454407,4132678,1329698226,-1971254163,1995519375,1850999130
1,1,0,4,10407,-596072223,-60892892,246835156,-64872906,1698510886,1241239008
2,1,0,4,10407,1420958344,1674587015,-1507041381,-1711260250,1628843270,-2146622879
3,1,0,4,10407,1379358607,-125450132,465423425,1885883162,769557437,1486081690
4,1,0,4,10407,1800377956,1936261662,1243090976,1860113008,-522877120,620475439
5,1,0,4,10407,8785534,80432720,2019861843,-22184548,-342540840,38130445
6,1,0,4,10407,1944563872,-1210965612,462593646,2060407815,-1556792789,-296534979
7,1,0,4,10407,-2129125806,2098505951,-1705351897,2087315748,-1293137544,-1874257546
8,1,0,4,10407,535436852,1853168003,1309583710,-1411902165,864212903,1896546064
9,1,0,4,10407,1035698510,1101922785,2104488574,37673083,-1083929927,-965464626
10,1,0,4,10407,-1179618837,-899305449,591468744,-831524663,-1181171891,885373253
1,2,0,4,10407,-362770798,1247904798,1523023583,397451980,-1092106871,-946465486
2,2,0,4,10407,2132245021,-919309948,686451007,-1833509401,-1636499632,-1279897051
3,2,0,4,10407,-1815860097,-447186580,403361604,-1835150681,-229224087,-9562981
4,2,0,4,10407,1077895840,2135349955,518155613,748535811,1632401596,-2008035883
5,2,0,4,10407,-2033587394,-759849940,2100075776,-1612855098,1345778618,4454592
6,2,0,4,10407,-57364918,-1362882268,1096138740,-911508151,-1093396737,-1189125716
7,2,0,4,10407,172932069,384645956,-1200390266,644164064,-505946667,809017565
8,2,0,4,10407,1309696222,1848788679,2126610013,1865696900,-1734960414,-1248358794
9,2,0,4,10407,-442388822,-801949096,892020535,879282741,-1541939992,1797328145
10,2,0,4,10407,-2069168540,-785313206,673933533,-1936528925,-779520360,-370321877
1,3,0,4,10407,2125553099,-2062756034,690951777,262539066,-1052255135,-1373277296
2,3,0,4,10407,-2127768166,-527843699,-2053107164,-504134304,-477290366,807669449
3,3,0,4,10407,-1227119283,1457361647,-1016967298,-2001455226,-217482573,-1467031245
4,3,0,4,10407,-641738139,1681514572,733156049,678679084,-1558770410,-723937979
5,3,0,4,10407,404172762,-482828983,742419149,-1441439395,-1324477299,578510883
6,3,0,4,10407,698342597,-527948744,1297408923,-152609113,-1830586613,584683227
7,3,0,4,10407,257429466,-1465269766,-1979590345,1908085014,-1377223872,884217940
8,3,0,4,10407,-807392346,625915199,-707209976,695756015,-1315168098,-1652096753
9,3,0,4,10407,267987979,1353291113,-471839323,2008073458,-2076209858,-1546297437
10,3,0,4,10407,1601547718,-300159872,789147106,729426679,-1917662300,-974930272
1,4,0,4,10407,-1547046446,-1619424085,613879540,426445764,815252688,1025652478
2,4,0,4,10407,1350481328,-676486178,1185565134,-1230091208,1209522126,-1727006808
3,4,0,4,10407,116621553,-1425238998,-196437829,-768417838,298699501,-829086814
4,4,0,4,10407,-1313889417,1649370923,802979375,-143862372,-1091132243,976418174
5,4,0,4,10407,191533688,-59999014,-916674890,-970578796,508815786,-330459642
6,4,0,4,10407,176323861,1370698693,-717121278,467410288,1510374470,-1446499762
7,4,0,4,10407,783046665,-1681852343,1141725647,263734869,-1596013308,987218914
8,4,0,4,10407,1838603321,-1781175755,-672731046,-1375656629,-1875793836,866112797
9,4,0,4,10407,1893937957,-1068742098,2113590643,2072941597,2084044056,-1867015423
10,4,0,4,10407,-1501304274,-630433265,-1930564398,722827719,679131463,-1859591759
1,5,0,4,10407,1516725591,73253694,583913638,-1452892851,650283171,-57014184
2,5,0,4,10407,1244819550,-1759649025,-1079306656,1102451783,-150407144,2144869168
3,5,0,4,10407,-1841076550,-1253339412,-1262672712,-1078259571,-1428291675,-775576047
4,5,0,4,10407,-1976503134,656810085,-742414515,86199933,-174362943,186957658
5,5,0,4,10407,620470697,307905133,-1803330137,-367021461,1000672771,1112773707
6,5,0,4,10407,-46362813,906439987,1090733957,-391315758,1712290976,-776672273
7,5,0,4,10407,1214424707,-5853611,-1027255217,-575269634,-81656687,1234581373
8,5,0,4,10407,-502988526,1665914188,-119683133,-482327234,2126180888,2094177402
9,5,0,4,10407,1874265460,-1138644934,-1589699688,-1117592188,-1169613408,-1638514685
10,5,0,4,10407,930243992,-1850497729,-211631693,1897105425,1967986915,582248398
1,6,0,4,10407,1232967386,-982098481,1834030585,-501971783,779163616,1255130173
2,6,0,4,10407,-1951727846,47264219,1135553849,97565832,1524232823,101173291
3,6,0,4,10407,-1973275827,-1919136146,-189192826,-762297940,-338608566,574154518
4,6,0,4,10407,-1126172706,-523395039,1423121958,1251066395,83289410,1816634822
5,6,0,4,10407,-735027956,1433205113,699508568,-1208539559,749735913,-784257845
6,6,0,4,10407,1282615699,214125222,761584766,997184982,-1643839773,1404665230
7,6,0,4,10407,-1131711480,-1274365830,-872266081,469192015,-1458003076,803745537
8,6,0,4,10407,-1890480353,1151751097,686855799,-1659881765,908133567,1609916933
9,6,0,4,10407,-484543187,-1752649642,1147231736,-582987959,-764449631,1597600471
10,6,0,4,10407,-2101457979,13571577,1616718890,-473939264,616827820,-1748246743
1,7,0,4,10407,-1836470913,526988003,-2058310488,-1293841850,-875116522,1254292977
2,7,0,4,10407,-6562278,-1962870391,-1613097966,-760728173,-363142952,68220542
3,7,0,4,10407,-2109649074,345202669,-1027689325,-920945738,45934363,-649775511
4,7,0,4,10407,1628713484,147959911,-1563540048,-263896062,-1756305362,863807624
5,7,0,4,10407,-1706625160,1388486688,-942601642,1325788766,1397117743,-456967936
6,7,0,4,10407,-4723749,-1528349389,-1008157922,-15837090,1114069487,1934378453
7,7,0,4,10407,-2060661697,214347423,-1529499125,1351822327,-1477381917,-1198654101
8,7,0,4,10407,-1812445439,1845844008,1268228147,1839034990,727542216,535547315
9,7,0,4,10407,-865294783,-612363923,252931981,2038447356,-1997740068,-1887030649
10,7,0,4,10407,352213882,1753034220,-1584514529,1577720511,-483532143,-352153233
1,8,0,4,10407,2041534418,1169485494,2119153762,-75223969,166145030,1002486825
2,8,0,4,10407,637102732,-1036190135,-1362748215,1712713624,1925152773,1758305474
3,8,0,4,10407,-569404751,1639090701,770928436,1456414252,25756605,807125012
4,8,0,4,10407,-2068219723,106253548,14962777,1079789320,1230445086,-1555930238
5,8,0,4,10407,321031219,-98036263,1060135375,-1648293351,-1565196221,906367350
6,8,0,4,10407,549783054,-1722901321,1304001774,-885770632,-2070823728,-2143989348
7,8,0,4,10407,55545052,-2122978701,1450236196,927888727,87152022,-777822356
8,8,0,4,10407,818715247,288971608,886045631,-1240445506,856108246,-1566533724
9,8,0,4,10407,-179797367,1285633827,-386657779,1156590090,1906074842,39660643
10,8,0,4,10407,542891584,939114477,1027055416,1574627621,268832737,1870740842
1,9,0,4,10407,1765511076,1750963221,1741142072,63328810,-1676955419,-324421365
2,9,0,4,10407,-1957688852,1981472698,-539373362,-2005420305,1081300083,1453926925
3,9,0,4,10407,-1798341430,-896891032,1391668746,-2075205547,-2082977517,1278596062
4,9,0,4,10407,-1671246960,872911468,-2074936991,177992322,-687932007,-857051689
5,9,0,4,10407,-731513389,-884975942,-767903237,1158353901,-1930254750,-343103607
6,9,0,4,10407,83308143,-10077940,2112391670,1265956854,-1909563808,1829434985
7,9,0,4,10407,728844146,1487124913,-997453434,820300641,-388438043,338136027
8,9,0,4,10407,-26293224,-355909146,-362103341,433508095,-1035173709,-2045289991
9,9,0,4,10407,-486555660,1146023232,1991583351,-898649936,-1037352539,1396000604
10,9,0,4,10407,-1757454821,1030168099,-1176606016,-458593863,380168500,-1937271087
1,10,0,4,10407,-544964283,251187572,448361496,84901367,801672534,1257606699
2,10,0,4,10407,-1796514390,-1127414691,-788051695,2006569930,-915870972,-1802077286
3,10,0,4,10407,-1775623713,-1263553905,1027915927,-943858504,984793236,-1803196921
4,10,0,4,10407,1353274135,1877658830,1040118596,-1563490289,-258459590,375122400
5,10,0,4,10407,-1825730297,-1202371618,1245324003,-914237561,69327678,2037592411
6,10,0,4,10407,-1583532160,1379844357,749315079,-1515991243,-1025110940,532328957
7,10,0,4,10407,-1783260348,1181329296,-421519922,-1086635963,-85634252,1134811569
8,10,0,4,10407,896139011,2089100671,495935449,1233003454,520787800,2042811513
9,10,0,4,10407,1063453923,331884563,1344140211,-1962165489,-1112698063,1449033305
10,10,0,4,10407,1551143227,882283375,843922885,-1753785844,-785296103,-882102001
1,1,1,4,10407,-1492713909,970275423,536380011,1488283611,1579768268,-960320472
2,1,1,4,10407,684967569,204657755,-1797982457,-230011914,542668524,1463203529
3,1,1,4,10407,-172898378,1516074180,1766955578,105823889,-7442071,979958457
4,1,1,4,10407,-1696639255,-51977408,457386486,-699259042,1025343388,1418162587
5,1,1,4,10407,240823909,1518746747,-1901242011,-1923476355,-1791189610,2052373755
6,1,1,4,10407,446361106,2098829885,-1186986576,-1239735949,388637663,-1586472063
7,1,1,4,10407,-1494099438,-733272468,-437857972,-1080304655,1022907669,1801437621
8,1,1,4,10407,-1675848430,-1418771994,1238315462,-1473795424,-1313163030,1295511599
9,1,1,4,10407,350156911,344537485,2033095159,1937505972,-1963149912,594869196
10,1,1,4,10407,1050311572,-110662367,1168702187,1234545549,11133233,-454267081
1,2,1,4,10407,90721416,-1084103623,118600501,-746165575,1701195811,-492197992
2,2,1,4,10407,-1084634343,825454569,-1578905721,-152943892,648591692,-965133487
3,2,1,4,10407,-530236841,276487457,-1486088582,1547552318,-949776892,1345121194
4,2,1,4,10407,178346044,236451982,-895530701,131867962,-1868928180,-1700999043
5,2,1,4,10407,-1213684250,1449301979,918997756,-1674577795,-150364726,-1234902608
6,2,1,4,10407,-1530887294,-718945571,1596604191,1484923050,159290752,1188277152
7,2,1,4,10407,1488780100,2084257778,-747245363,2034492779,-1089806449,875411237
8,2,1,4,10407,-1596095220,235812377,1813045801,-1324324104,1086446189,-1158599606
9,2,1,4,10407,1145757684,1089571672,-1832354859,302251832,-1973104690,1152215132
10,2,1,4,10407,-793677909,-313443517,1635794837,-91055293,-1345816041,1867917296
1,3,1,4,10407,1790570257,-489253883,-883323700,637526957,-1504607400,1069061329
2,3,1,4,10407,-1295160235,-2033320985,184827977,1750370125,-177373398,-1105323467
3,3,1,4,10407,577943532,-1902766463,713623186,-535757795,1409906625,88236700
4,3,1,4,10407,1591214008,-1697622046,1661064368,1483240335,-1165025803,-785599319
5,3,1,4,10407,-1938257783,625376953,994365908,252665796,-547217965,-1175994332
6,3,1,4,10407,944131317,1745897953,1368192930,-90856853,511445897,1370638121
7,3,1,4,10407,-322972901,1431693125,2127678697,-672547390,2093621733,-1333048381
8,3,1,4,10407,-1825678229,-164618176,746898370,-1900132726,2090510895,528166730
9,3,1,4,10407,1004922056,989161765,1983144347,-438197464,-1314025512,2141259977
10,3,1,4,10407,1935637573,978307085,1529621602,464733185,-1423610190,-1464912166
1,4,1,4,10407,-856153491,-1112496264,305484108,-1004852903,1880525604,-91642912
2,4,1,4,10407,88720652,1119666952,-1992083473,-2114602836,-1152604140,-426343286
3,4,1,4,10407,602275465,1598980875,-300471359,1290853757,-1384286013,188978519
4,4,1,4,10407,40389063,2119994130,2086546301,-1062185649,838266970,-808522379
5,4,1,4,10407,-684710059,777053393,-235505134,-67385587,-819967059,340396510
6,4,1,4,10407,-986860147,-728082928,20059951,-1441424196,912964046,2003575901
7,4,1,4,10407,255992399,-774315108,869720777,-94367001,-1746768092,-2104710629
8,4,1,4,10407,-1395650084,1830458074,-731747586,291214612,2135479123,-63340520
9,4,1,4,10407,-203832828,930160118,212937291,352074245,190408722,1334789124
10,4,1,4,10407,2052840083,1578797283,-567588701,1292964079,-2001623362,1575142183
1,5,1,4,10407,848517194,-1716525581,14681352,-516946198,-192838357,-1710564941
2,5,1,4,10407,-1155621538,-1248192122,-1847790473,1527196234,-338650169,1468896640
3,5,1,4,10407,1364864151,-2101394189,-1766605419,1214885096,175096504,668177330
4,5,1,4,10407,-421442015,-465622321,-1275185287,-1870897671,2012510774,-344477975
5,5,1,4,10407,-51860247,-304668754,-726474291,-1403599222,-136777282,-1835093214
6,5,1,4,10407,99455136,-1822765323,-1329226743,-510909062,-2116044887,-145922596
7,5,1,4,10407,-591482316,-1169095846,1281626147,1658892437,1300331311,1478921397
8,5,1,4,10407,-2055050273,1898704314,-262595825,-1465770230,-1400818137,530698118
9,5,1,4,10407,-1922754854,-1273785144,267405727,1404696586,-2022864107,-2100055946
10,5,1,4,10407,1883780127,684187992,638085057,618462955,1011870795,-1910871686
1,6,1,4,10407,-1853386283,-1812495434,1554803811,219217541,2013147506,-1316833445
2,6,1,4,10407,-565005941,-75980431,529603601,-1072771833,-1949509139,-2043205042
3,6,1,4,10407,-553595166,-865334059,-1415255466,-382556534,1566567488,509987456
4,6,1,4,10407,-234108699,-1788910877,1814470582,-1039001250,1156419435,-1354758223
5,6,1,4,10407,-1583575093,-1359614412,803131390,-1199804462,1913934751,-1591315600
6,6,1,4,10407,1781706546,-30579491,-1406623945,-624460478,1626187738,1420831165
7,6,1,4,10407,1995633337,-1675905101,1830846773,-620034304,-1274615466,737459325
8,6,1,4,10407,-1939775906,1740953105,-291943123,677451434,309826263,976276810
9,6,1,4,10407,1459069037,944684701,-29703195,1380714644,254798023,1563698026
10,6,1,4,10407,-1134785665,-1553794450,-1476457441,1703179223,-1408350315,524301348
1,7,1,4,10407,-1598284158,1576723161,-182758740,510490450,-722894951,2061187644
2,7,1,4,10407,-80051620,-338099792,976737976,2053454149,1776250634,568877589
3,7,1,4,10407,-314630688,-790241914,-1034710202,-1112081193,1961341287,909837118
4,7,1,4,10407,658639294,-791458659,-1187776609,1752956715,1727248691,478111004
5,7,1,4,10407,172576236,-682695017,-296102349,-68664958,161280433,166872033
6,7,1,4,10407,1032515759,-1643234868,1103764789,1981783843,1889322777,-1381003991
7,7,1,4,10407,263779629,1058518897,1496269202,163271360,-158394476,-197332789
8,7,1,4,10407,-1868892324,498793097,-1616026138,-1608304981,2129696388,452268909
9,7,1,4,10407,-39479248,-1609667216,1811628272,1853997669,-356303538,790486083
10,7,1,4,10407,-2084208723,-1285941028,824296637,-1030486389,-1735924674,-148526779
1,8,1,4,10407,-1626191325,318224769,998806031,504657883,-2002776257,-960533378
2,8,1,4,10407,-1931501619,1605101656,-78106631,1834795040,-1516559459,1902991308
3,8,1,4,10407,91890121,-759685928,1590968492,1265493810,1469303726,1619996582
4,8,1,4,10407,-821773356,-1146512676,1854561929,-453484316,80826954,-592818528
5,8,1,4,10407,2056074941,481947874,-1022937662,-1036090393,1845483072,-770410081
6,8,1,4,10407,1899235691,2128318783,-1877399065,1143435095,-1833224640,712231855
7,8,1,4,10407,1498011757,46662665,519759321,-1315882610,-361004243,525086733
8,8,1,4,10407,1721554287,1625544516,100301661,1583053805,1336733042,1981368519
9,8,1,4,10407,1390614507,684257774,931973810,-1326724643,430652864,775819340
10,8,1,4,10407,990419733,-1429134711,-2070020925,530037698,189052859,-191910911
1,9,1,4,10407,-1872263318,1846574985,1699501315,1698081694,-488792312,-1474463169
2,9,1,4,10407,-1800926235,-2004832961,-150707531,-1749057083,-2022569935,-1363603908
3,9,1,4,10407,1414393362,1267426432,327025945,-1475217466,-100768600,282497272
4,9,1,4,10407,1358336766,-1186027297,-2009491243,-1386475560,1456295246,-501559364
5,9,1,4,10407,533643974,1385005627,-821426670,1399133213,1133387021,-551606216
6,9,1,4,10407,-2067335875,-100571730,1486536748,1843186314,1101597936,-1582725962
7,9,1,4,10407,1579613065,-665830296,-411299664,762037469,1422483005,-2061610973
8,9,1,4,10407,-2008616043,1595825176,365852469,161174404,271712987,1132635169
9,9,1,4,10407,-676316436,66896337,1109405510,-723698228,500895802,-234045732
10,9,1,4,10407,-2043912246,817327900,1767134460,1363122933,-464552274,-1940261768
1,10,1,4,10407,1301674542,494141772,-974692910,1284125258,-197742118,-1615475101
2,10,1,4,10407,1843205935,-1421474295,-308495000,2056379246,147332083,-696821357
3,10,1,4,10407,1401048815,-187498183,-599995926,-1209098833,1416501538,-1974572158
4,10,1,4,10407,-1013077488,-1609961593,-907784360,784347008,-2134086008,-1640219427
5,10,1,4,10407,455319509,-891770241,-1037873277,-467586675,235980025,945740645
6,10,1,4,10407,-2050382683,-1038886641,1214637997,-1443963596,-590915434,286790415
7,10,1,4,10407,-1191962174,-1226489123,-1166496777,-1105343152,-449609686,-213128113
8,10,1,4,10407,720888193,-1106729428,58503314,2051909828,1861315894,-1652975495
9,10,1,4,10407,1239098941,-360905063,1278832184,-1300546079,-1093037944,107024049
10,10,1,4,10407,1448654124,-64226458,1004990630,-1427872273,-480132342,379525614
1,1,2,4,10407,-551376661,61274941,-1294719938,186217431,162946529,745941843
2,1,2,4,10407,1123039255,-1038922517,-824809231,-623246943,-943741911,-1680711868
3,1,2,4,10407,-211742018,-2014410596,2004885423,1158133438,-174342521,1592018775
4,1,2,4,10407,-172148551,433042707,-69028000,1387976744,900550934,-172159336
5,1,2,4,10407,-1399984631,1554267092,1795417637,-1708448320,-238272987,-1529968511
6,1,2,4,10407,-1789864274,796592957,1872122901,1648105467,-1453488838,-1054362481
7,1,2,4,10407,1926586530,274194683,314618242,1186194920,-401139764,1309291759
8,1,2,4,10407,-803763083,-1682334196,193757523,-217313042,-2058612166,168142038
9,1,2,4,10407,1104504235,-490454565,-2014901033,-1934962580,991340667,-1821080945
10,1,2,4,10407,-122554612,296016831,-1868392186,-1952619059,2087652267,1352833461
1,2,2,4,10407,-1180953521,-500709913,-333980250,-1722395597,1876865036,1249894105
2,2,2,4,10407,1838122303,871753260,390971610,463641145,-302262899,326532406
3,2,2,4,10407,-610610566,-271225993,-800818465,-439945040,-1406468810,825073219
4,2,2,4,10407,-1257850710,621864465,623697795,535489385,1311424587,-1491344311
5,2,2,4,10407,22356771,-910783889,-1150212610,-1964396473,-233530192,-1574112302
6,2,2,4,10407,49888219,1762505433,314953589,424865064,-1753993634,-526435200
7,2,2,4,10407,744613307,-635441561,39406840,607207952,411813306,-1346138853
8,2,2,4,10407,1352889763,1369757289,663708336,1864632148,-50566972,20163930
9,2,2,4,10407,-1163310672,1935688710,419128943,-1300933426,1944455736,-775854192
10,2,2,4,10407,-1615660841,-1777588849,460734747,-1517390623,-463894102,534463865
1,3,2,4,10407,740140680,1872769430,-2066543595,1485693026,1510712459,-1050266415
2,3,2,4,10407,1531277978,-785598558,-822535319,1710590020,1193000175,2064092790
3,3,2,4,10407,760473474,-666897689,89169643,2110029118,-2051101512,649945479
4,3,2,4,10407,693506709,-716528738,-418635367,723843747,-352566936,1320376166
5,3,2,4,10407,-1016122217,2071505156,-987129912,-611792395,1954458552,-2054451794
6,3,2,4,10407,1587219193,204040992,-1915813708,-1019442411,417431763,-382141635
7,3,2,4,10407,739875363,506526123,1685678250,1200243122,961765497,-593386362
8,3,2,4,10407,-1492686724,777291350,1336106006,116734304,-120019782,1928067730
9,3,2,4,10407,94134072,137408175,36771144,109215315,1402980748,1749635379
10,3,2,4,10407,348472569,1441275021,225401574,-450346033,1227479943,-201778295
1,4,2,4,10407,-1614203882,241748024,1845300737,582462403,-1321047664,-384140949
2,4,2,4,10407,-1226677607,-1509945675,2050012168,206415188,-369870286,1345858195
3,4,2,4,10407,765994540,-1918382026,-1407806875,-14351526,1908699961,595093103
4,4,2,4,10407,-284057179,168850050,871130629,-1858542583,-696299123,-1580301747
5,4,2,4,10407,1876783823,-1545737866,210708921,-760467818,-132698793,-1165697433
6,4,2,4,10407,1505867564,-9889874,1323423875,-1276729465,406009455,-1797067758
7,4,2,4,10407,-1737916193,-1422781322,736424514,257926481,-860939359,-219359619
8,4,2,4,10407,-1917352411,1500960978,-1204663548,1553215643,-1120207341,1130331575
9,4,2,4,10407,448598911,-1012951541,538092523,-77326321,-225656701,-1044139006
10,4,2,4,10407,-327604946,1212958122,-260205635,723975710,436119225,-1048411417
1,5,2,4,10407,183740641,-1222941625,1704484583,-1883169630,554365439,-1784694759
2,5,2,4,10407,-244525909,1865192560,-1397179926,-963140448,349497390,-522143261
3,5,2,4,10407,-818536175,-1041374126,943204921,-1070507283,1560964316,-1536390622
4,5,2,4,10407,-1274300586,490067238,-1465841624,-1188224972,1449150529,-2025106354
5,5,2,4,10407,291724178,-2124584994,-599125939,-2133735685,1874905908,942466400
6,5,2,4,10407,1333858646,-1024731631,-2046284273,-147685368,-1424282998,476584453
7,5,2,4,10407,115329927,-363631618,1826430602,-1401004599,-2026592207,-1456784424
8,5,2,4,10407,916082697,997700868,-1206427410,45285020,-163193560,-231280283
9,5,2,4,10407,1637786310,22954987,2111398305,-1439520659,-1134925492,-67315859
10,5,2,4,10407,-2029403195,1816513564,-1950304653,303657124,1283004082,-2024019133
1,6,2,4,10407,-1989710407,59706136,66145878,-1457061408,-206825965,-1257330397
2,6,2,4,10407,914267451,-774984617,-475609791,622589345,1638144067,807925510
3,6,2,4,10407,420185840,1854973025,-1645276363,685580985,546560430,-690929633
4,6,2,4,10407,348050569,-1580213456,-1516294422,1595539733,1040809778,-806900484
5,6,2,4,10407,822777331,-948313737,-2031673732,-109808217,-917442110,-683230475
6,6,2,4,10407,1820875685,2092367819,-1859689682,1795311450,295638167,-178345298
7,6,2,4,10407,456733769,1274183948,364292529,1091516722,-65410037,1106836836
8,6,2,4,10407,-873832551,1081326394,1419874337,581750838,-2050226304,-618808556
9,6,2,4,10407,1466316983,216633327,-558907333,1358513891,-1217694615,1493060345
10,6,2,4,10407,1436680424,435808439,1242130021,507011398,-1301057688,-1913464171
1,7,2,4,10407,-893231334,1912740423,-1027847935,-439610771,-1025167551,-2138552298
2,7,2,4,10407,-204026966,2117254852,1720109533,1130979852,-1868842566,1052327050
3,7,2,4,10407,867472223,135836157,-1986727956,-2141190050,1228044470,-14700357
4,7,2,4,10407,1078097329,-486711901,-766029137,-2146608104,-55528040,423813059
5,7,2,4,10407,2135554231,-103379366,-1987264489,1629561374,858599664,-659467595
6,7,2,4,10407,562433174,1077661720,102874144,324816698,1890860017,-2000637461
7,7,2,4,10407,-322016245,1415972821,-1960789553,643256892,296353432,435934962
8,7,2,4,10407,10122877,-1960429984,509072663,146903276,2045298342,-1137001726
9,7,2,4,10407,2111085033,419566618,139058419,-1212241907,-1702314977,523281270
10,7,2,4,10407,600763778,414586360,208016703,-1174382741,-627399523,996785947
1,8,2,4,10407,-1320980743,-1634931318,613567847,-1466701867,1083515788,1353916892
2,8,2,4,10407,-1081220509,-919435783,-1582861341,-726889327,1671472513,222491527
3,8,2,4,10407,1305532372,542780335,-1547698542,-671391995,-1045551307,1714776914
4,8,2,4,10407,2023120782,-1105969970,-387120987,-2026885736,1654542485,-467438598
5,8,2,4,10407,121183305,-1496729470,-456513709,-1583303963,1167670598,1290442881
6,8,2,4,10407,-1448537392,-2112858209,-1530371193,-463082372,1187652378,-1540353364
7,8,2,4,10407,1024658787,-1115994984,-1977996831,1784445262,-255693412,-985090158
8,8,2,4,10407,-43873451,-1681003985,-646239445,924645704,886917977,-352291193
9,8,2,4,10407,-519995219,-1158205487,1412880732,671388917,1883889212,-1137388971
10,8,2,4,10407,665299275,1725443198,1257284077,-1550769065,1849149158,1731254358
1,9,2,4,10407,820982761,1498749523,232399070,-2066366062,1233719940,-1730125526
2,9,2,4,10407,-701953137,-1096583525,-890460590,2091057172,-1645704913,-231194825
3,9,2,4,10407,-234784507,598277288,1199728009,422924502,-489223448,-495633133
4,9,2,4,10407,-1010885241,-1689339320,1018886312,-111593793,1948087547,1680386287
5,9,2,4,10407,-482271467,-1742747668,-1431427993,-1528011403,953291397,-554452303
6,9,2,4,10407,1032927608,-55829330,-1115311614,514346370,492528398,-1817363572
7,9,2,4,10407,907415261,278780354,1581693059,1918742938,-1822227159,1347165891
8,9,2,4,10407,195501039,-1857049542,1097984353,-685655057,-740257893,-1583371276
9,9,2,4,10407,-1573841902,-1371798839,913917848,1115829989,-1266105457,339421587
10,9,2,4,10407,-1473097521,-865517360,984625691,1412780952,1591778218,351984631
1,10,2,4,10407,1872355983,928335858,-1813081593,1670443261,331646545,-1314610072
2,10,2,4,10407,-1857001379,-1844087843,-1348471597,-1882765808,-713907732,-135491869
3,10,2,4,10407,-2947676,-758775791,-2109396251,-955510117,-67189433,-1151223619
4,10,2,4,10407,-728187051,1600144419,-290240563,1043718495,-1118527369,-252133807
5,10,2,4,10407,1081675590,1240086136,-103936227,-1950872637,1769070476,-1574904250
6,10,2,4,10407,224400996,909179373,-1214894170,1352331406,1409263709,1360949446
7,10,2,4,10407,590318064,1353527031,1973126559,83048873,-261688640,967740991
8,10,2,4,10407,-325640208,-1033473152,-822542437,-845115982,1992176487,273005121
9,10,2,4,10407,-357288225,-2100328435,1987144776,-1775944271,158148992,1046855872
10,10,2,4,10407,-178085580,268097236,-1695984244,-1900860058,-1814000130,191232832
1,1,3,4,10407,-1902630893,-1147415066,-825059044,-951549705,1945708115,1253703096
2,1,3,4,10407,1964187914,848041109,1490785959,-1777297472,1471382903,-1233214897
3,1,3,4,10407,-1159789813,1355725653,1735876885,856536608,-495878943,279031360
4,1,3,4,10407,509929472,-1129446634,196435482,150652748,1599539009,-261712458
5,1,3,4,10407,-1955042148,-2120716516,1525810264,2019340758,-64377280,-1681229812
6,1,3,4,10407,1379188309,1865833753,-650792189,1741102056,-1993411963,-1430511333
7,1,3,4,10407,1848360734,-1042661898,659347623,-375698932,1329378360,545103020
8,1,3,4,10407,1123518137,-1488596477,1039940995,-645287011,414358505,1429993403
9,1,3,4,10407,1835161593,-1041017404,227688053,388687630,-1144056659,458528284
10,1,3,4,10407,1423783888,-584915548,469250580,1748636161,748100043,-1307995782
1,2,3,4,10407,1890812328,-144822564,1081470372,1362527661,1397090332,138892430
2,2,3,4,10407,1477542792,-2028355737,1733778327,-1938394492,-1599401884,-1531865580
3,2,3,4,10407,-162641259,1586338668,-854787171,1588210820,-1584730530,887806699
4,2,3,4,10407,-212803212,1550701201,1218216684,-39174129,-807119415,1008282855
5,2,3,4,10407,-1945192837,-1204366175,-279545871,-343235919,-205975292,-1029567127
6,2,3,4,10407,309257002,184159545,-2089834471,-1750406524,-1540222443,-104768757
7,2,3,4,10407,1143497324,-1097021734,-2078571509,-191604333,862458302,-791726949
8,2,3,4,10407,1870211956,1335863634,-1208676718,130629516,115266926,1154219821
9,2,3,4,10407,1042179743,926549504,-949421417,1407218198,1234729287,-1016171819
10,2,3,4,10407,1998156489,13756107,1249140437,-471752742,-1637819181,863364259
1,3,3,4,10407,1268474711,-936420923,177680679,-1880017142,-283977496,1813226652
2,3,3,4,10407,1325438992,-2003203504,1812465198,-320831642,-1833053940,1563040945
3,3,3,4,10407,1128922806,-650781822,1486156897,-1456120158,-885513965,433238807
4,3,3,4,10407,-925310753,-1625949919,273080304,1287339530,519403053,-1970909870
5,3,3,4,10407,-1374530163,1654666436,892199478,-60637948,357612843,-1928859815
6,3,3,4,10407,1929684488,1172451334,224026845,-768637851,-1756446802,-1490069127
7,3,3,4,10407,93758791,1069115035,-400320853,-1697689068,-458599215,573247101
8,3,3,4,10407,411905759,-1063605469,-275257891,-413330059,-1613688182,-1289863522
9,3,3,4,10407,-1707919003,1117280225,-671624576,-63306091,-2094101038,-640717407
10,3,3,4,10407,1113064035,-1030423333,-1661953907,1707734589,1959975901,954247837
1,4,3,4,10407,-482013154,-162052489,-1530755973,-233328882,-2079858181,999807596
2,4,3,4,10407,-236475588,124305883,1824451182,1107646704,869913733,-443567008
3,4,3,4,10407,-1008805205,459307605,1092819504,-440926602,1287775855,1213334770
4,4,3,4,10407,1393166197,-1694092669,-1743021830,465157491,376044259,2030948946
5,4,3,4,10407,520531047,1978671862,-180598635,-1940818437,-171334218,1206054635
6,4,3,4,10407,-1524422772,-1908389749,772092672,1573144197,570537690,-1327547906
7,4,3,4,10407,-1447128461,1786373284,-20469150,-83513038,1725002714,2044626017
8,4,3,4,10407,1028328675,-1220868260,1670745726,-231160497,606769185,152190991
9,4,3,4,10407,1921803101,1611596242,950199180,323067269,1154459179,928951755
10,4,3,4,10407,2129432194,-831109529,778354393,1825935382,61705746,1335348144
1,5,3,4,10407,1754860059,1157799634,1913106238,1464524822,-704312952,-2019996672
2,5,3,4,10407,1594934830,-1189842183,335743726,1439437362,961332601,-1450852024
3,5,3,4,10407,-1178356792,869848645,-1982625642,763467258,166670055,-968737525
4,5,3,4,10407,428666051,692128214,1231071876,-1544987733,235625134,-1397358012
5,5,3,4,10407,1265604893,1741438629,-1626631650,440968255,-472487504,1442502496
6,5,3,4,10407,1379661519,-1305558867,1872505029,1720589597,-1313088444,-746400636
7,5,3,4,10407,-1710491171,-1953335258,-1997198881,485777171,1909301904,921342151
8,5,3,4,10407,-2009760500,-340476831,-165821542,623908972,866967446,-1026168338
9,5,3,4,10407,-1088282641,-1303164207,-578926883,-71670302,393445930,714292234
10,5,3,4,10407,1574336098,-1371572062,-660487347,272440615,-1592388552,-494975712
1,6,3,4,10407,1856199021,-222680967,1262719866,-2057751861,-883059686,793090802
2,6,3,4,10407,-1778034554,1032634335,358387640,-669784109,1222347734,-1692041290
3,6,3,4,10407,-2062767477,1819214293,562450327,188117629,-1045070904,368515020
4,6,3,4,10407,-1926644516,1980988380,1607837373,271139698,334141923,-1851374682
5,6,3,4,10407,-28830866,287207059,1828222554,-1543557826,92621845,-626691872
6,6,3,4,10407,1692543063,-272604141,224646914,563949987,307187837,739836717
7,6,3,4,10407,394017908,864575039,1717724489,-539995549,-1496502261,-136172998
8,6,3,4,10407,1070016548,1373587382,-312778183,235477335,428695199,279246966
9,6,3,4,10407,-1484342942,-1528148360,2037300827,-764979295,-1601118611,1437443586
10,6,3,4,10407,-334543838,1085843819,-1584933143,240480603,1226110878,1479251935
1,7,3,4,10407,-1071326242,-1253897826,212849775,-1697399780,1165347421,-542025538
2,7,3,4,10407,-911616082,1916595017,-491801513,670134035,1291250663,1834865616
3,7,3,4,10407,450816846,-847732648,-565625258,-1783009570,1414709123,877787700
4,7,3,4,10407,-1587998330,9241105,1510803972,1187974472,-1164171209,1801909009
5,7,3,4,10407,-442137599,2122348713,-432157265,2137556660,467769897,1137415739
6,7,3,4,10407,454907430,2031659761,1874876755,-613270051,-760279213,-1275759562
7,7,3,4,10407,-1050590917,-1764019905,-1889010944,1269453489,-1677756296,1005515420
8,7,3,4,10407,-535634276,12113392,-88895106,737694623,-1531276100,-516882965
9,7,3,4,10407,1717677124,-1669267335,-1654047172,-570118487,913189323,943506650
10,7,3,4,10407,-1877007506,1307002596,1160084304,1653140145,1316610229,1470547352
1,8,3,4,10407,-1639649936,-236626005,952961021,-800916328,567733399,1468195555
2,8,3,4,10407,636760701,-1807874904,-937142594,-78930840,412589468,-1359252250
3,8,3,4,10407,-1528891955,1414198332,-1136345540,-403487767,-82226810,-1059379602
4,8,3,4,10407,-1074415512,-1671956358,-1301130341,628945069,-676908532,-1381043816
5,8,3,4,10407,-122116520,2124908652,-167503270,-1112466315,-2021744384,-1942447138
6,8,3,4,10407,1257383568,-1979523651,1398441833,152904396,652075505,-1032895118
7,8,3,4,10407,-1382739146,43509862,-1811192124,-265450980,-1664033721,1541712106
8,8,3,4,10407,-1345346697,1451457185,-1407985163,169922314,876548167,1522215945
9,8,3,4,10407,-912565991,-1248295107,-89686161,1273784682,1340276154,-1049136230
10,8,3,4,10407,17832816,-1741970708,1573482000,-1757670336,-1098752802,1103638442
1,9,3,4,10407,-1433406975,398720099,-227986793,-1789158154,663804466,-235794650
2,9,3,4,10407,985602831,-1956526782,-1970995217,1046437751,1341047375,-413212340
3,9,3,4,10407,-1920169828,1612262189,1436388388,692809761,829402256,-2007390450
4,9,3,4,10407,512218299,1932961151,-1075335410,-934900579,-747630444,-1283744562
5,9,3,4,10407,-1044414430,-1196015372,216341114,-1605905913,1655783127,-1629376208
6,9,3,4,10407,1876498788,-1886507599,-301450827,-1942729938,1414536126,-1675063155
7,9,3,4,10407,1993799219,-1308321412,-1871392170,730068567,-1003256080,-685046276
8,9,3,4,10407,-29462987,-2121495557,-267681441,-494767047,-328141082,2088008276
9,9,3,4,10407,1057719758,1630216220,-50102871,-893980076,-391300326,169944491
10,9,3,4,10407,301044001,-690494477,18208839,-1373364466,989423958,1557862911
1,10,3,4,10407,580029422,-1801378990,-933300650,960635225,257986984,-490096266
2,10,3,4,10407,941381461,-727931632,-1377244452,1206956844,-136673074,-466164476
3,10,3,4,10407,-936569747,-825506706,1369186967,1508947683,-1475552766,-1989153730
4,10,3,4,10407,51290414,1486941478,941194035,-1119065271,16028944,845942675
5,10,3,4,10407,528281189,-642946412,1786474454,1134023704,-225729587,754915989
6,10,3,4,10407,421436218,1059073866,1996088633,847624425,-190975369,2088393090
7,10,3,4,10407,1136233007,555205902,1364599555,-474678597,-1614040825,-1729883565
8,10,3,4,10407,-255116705,-39664420,-747160044,-1531027771,1464426459,862438730
9,10,3,4,10407,-49299346,-1421552387,-936447546,-75533465,2096923992,-436999821
10,10,3,4,10407,399085511,-167770408,1659501788,-1373536990,-417319664,1389664696
1,1,4,4,10407,898813462,-271039513,1390606892,1458446666,796843435,1263786474
2,1,4,4,10407,415626295,-1838271243,1623331050,161484599,1871379786,1681005342
3,1,4,4,10407,106440350,-1215329698,-1800266698,-410398265,-553911439,420464359
4,1,4,4,10407,1302268960,679440581,1732606480,-109526461,839038133,300590798
5,1,4,4,10407,1146312075,-6496494,489712899,-1332933886,190620718,1119179199
6,1,4,4,10407,-2099688805,650940110,-1798653189,1641919695,1173071533,2117065299
7,1,4,4,10407,1858227483,1336541676,-568401146,45833081,-583240717,1710715923
8,1,4,4,10407,1549799291,-730950417,-742238172,348488808,1499218841,-650667829
9,1,4,4,10407,1457539676,-1198999839,-700180,913142264,683619557,279852886
10,1,4,4,10407,-493564236,-1761543750,-156201428,307066359,-657164297,2077099686
1,2,4,4,10407,1352289539,1395953307,-999664557,1861297905,927325309,2120412575
2,2,4,4,10407,-117638595,-1003916982,1052225848,1694560553,1443781203,-119985845
3,2,4,4,10407,-667136622,-2012270005,-1684075049,315374970,973468870,141929500
4,2,4,4,10407,-1630586011,-2076847560,-1247952315,665855497,-32045394,662358672
5,2,4,4,10407,63579598,1563073670,-957293580,1796103903,-815156772,1407506114
6,2,4,4,10407,-1309272275,1989878995,292710196,201293044,1814302703,-1184389291
7,2,4,4,10407,106272682,1511049929,932153109,384208156,450333008,1937356916
8,2,4,4,10407,211683683,-1947835635,-787989450,131662601,625313276,-1035070846
9,2,4,4,10407,-497636227,-439058262,-533139088,1494494754,1498310938,-1470469063
10,2,4,4,10407,-462530520,-1147750433,1455628549,402803754,-250360428,-2139835714
1,3,4,4,10407,-1879228897,-992264683,1068696980,686893381,224990498,-1940204779
2,3,4,4,10407,-1156515709,1398004830,1563957656,1040360676,1992334900,-140681328
3,3,4,4,10407,-953126022,148364178,-1726425834,-1347638045,1040628678,-2140257631
4,3,4,4,10407,1557149943,-827221081,805256807,-620554103,-1547219308,984941673
5,3,4,4,10407,-644542094,850233018,1006679912,-506934175,1401978242,-634232367
6,3,4,4,10407,1371863544,243810588,1354966426,-1894262243,1440566522,-1403198115
7,3,4,4,10407,416818472,1931388255,1634769836,-1473104001,1728478438,-1335222274
8,3,4,4,10407,-1584354905,1485603468,68456475,-758153058,-593411312,-619032567
9,3,4,4,10407,-1843042887,-1451386702,-838791560,-1562160858,1707476925,-1461699618
10,3,4,4,10407,-154251914,-1077118029,1475655154,-1571428112,1357291422,1327077514
1,4,4,4,10407,-754547109,-1719585835,-427791173,1774167346,1560681404,-1243697960
2,4,4,4,10407,-286039001,204813923,-768108970,-1656338145,172323480,1995244402
3,4,4,4,10407,-808605464,-1069675939,643853778,-1954734085,711189072,-158885689
4,4,4,4,10407,1227477371,-820256602,66165495,-638267330,619108061,-2092740928
5,4,4,4,10407,306277736,1138880368,-1213070451,-1829455590,995476000,422125909
6,4,4,4,10407,2146997250,-1364841509,477021092,-2003537537,-502107843,332040668
7,4,4,4,10407,1511469391,1815355176,1510251945,1044052227,-1501601748,280644221
8,4,4,4,10407,-1982302885,-1730649858,1773892777,-151687903,1251558069,-769741173
9,4,4,4,10407,286111611,1069188189,2052139884,-1480575671,-2064836204,1180742551
10,4,4,4,10407,-1615023296,486182351,1330507451,2028815447,2062587816,-1556079904
1,5,4,4,10407,1731961950,-1261698555,369426469,1246330163,691030101,1485657322
2,5,4,4,10407,1653192995,-561748760,1230577394,-1266530369,-455393796,-1550470681
3,5,4,4,10407,-363940760,1442055508,1898862118,-310326830,1930456701,1156315269
4,5,4,4,10407,387667753,842568810,-1114782101,-2082708681,-1702077818,53545819
5,5,4,4,10407,555184075,810016574,-2071372995,-469911446,-1066653958,1841513762
6,5,4,4,10407,1187582114,-1050905617,-1707359595,-1529864413,484844692,318482897
7,5,4,4,10407,-1059192340,-760615458,1468981403,80614483,695390648,166830385
8,5,4,4,10407,-832335936,-588438700,1917377401,-962771547,-1255689866,-720718322
9,5,4,4,10407,-1081506249,-1326991435,1302250862,-1189204167,1148408524,1750091877
10,5,4,4,10407,-1694761431,518149564,889050075,-960262895,-2000118467,-1572937845
1,6,4,4,10407,-1905009845,-1979706321,541103917,-1825009569,-338702207,1755075905
2,6,4,4,10407,-628641860,-107861439,1894651350,1221230295,-557826973,-1009895951
3,6,4,4,10407,-1802938164,1779134642,1183436625,-929107927,936898981,-1744506125
4,6,4,4,10407,2049482333,922439569,602086928,-361181272,1890396098,1527024105
5,6,4,4,10407,-79698015,-121301416,-169609150,133525343,-1817250737,-38262278
6,6,4,4,10407,-565354536,1506989286,-1369971764,590987334,1401759483,-2132308956
7,6,4,4,10407,945295772,253515750,-474428437,-779942253,1955744705,1738806861
8,6,4,4,10407,25019218,-2091022077,-946667922,1720137065,-325481406,662786074
9,6,4,4,10407,-559145598,1925381548,-365935081,-1855611333,-1866926242,-1931588792
10,6,4,4,10407,1524429982,26976029,-1124723298,1714081367,-1969677550,582337768
1,7,4,4,10407,-2107730749,616679790,813514476,-1310259809,10362544,1808036879
2,7,4,4,10407,1541924753,669476865,-2036028495,1529165097,-780549612,-1721714309
3,7,4,4,10407,-2131906280,-172314295,486094868,1278757343,-2118909374,193189910
4,7,4,4,10407,-1879044132,-352018986,-1465718711,-791332767,-775388558,1322072998
5,7,4,4,10407,-379676703,1574284483,-129485440,-203303464,506145665,-1898502554
6,7,4,4,10407,-477050726,-2066534939,-2115896544,-1419518845,234356967,78704389
7,7,4,4,10407,1980216720,-733572132,-520019676,-1686730680,-482195057,452642072
8,7,4,4,10407,-1445487022,1693619584,1947315844,-2082278861,708567490,781513893
9,7,4,4,10407,119956250,-801410345,124584868,995892461,-1259208558,-95879062
10,7,4,4,10407,1802208098,475725903,1457047904,-61805655,-403675285,1031332227
1,8,4,4,10407,1405705926,-779784305,-410721995,-2068217120,1911161989,-2126823729
2,8,4,4,10407,-923563319,1118521600,693233438,972531828,-1654412609,2074615536
3,8,4,4,10407,1576765697,-574702921,-1405337937,-1788981702,452124889,-800365400
4,8,4,4,10407,390946193,238471496,1271001714,1664726049,1044880790,-329992496
5,8,4,4,10407,502550359,502544184,484811223,-6861802,-288896056,794002715
6,8,4,4,10407,857196051,420776415,570004712,1755663437,-165686035,1057188427
7,8,4,4,10407,1684780567,-223382613,2004882904,-1670015577,-1633323527,1534857208
8,8,4,4,10407,-2135921993,-2001037887,1759022897,513396284,-107699502,2111885515
9,8,4,4,10407,1322059447,546015902,-843279625,-1386797627,146366935,1333776849
10,8,4,4,10407,-1238228150,-399442733,812645842,1223846868,1304638031,1051694879
1,9,4,4,10407,-846705373,-945428184,-334997785,317050241,2077440002,344379345
2,9,4,4,10407,211645395,1394828786,-1396653734,-1769304201,28705865,150180182
3,9,4,4,10407,-1386353139,-1063549325,1017205177,-898289177,1484602001,-349927967
4,9,4,4,10407,1111360869,480581804,1152675855,-319241725,-984300905,558106401
5,9,4,4,10407,944746292,-1235101079,-330688175,-1121140564,936939578,-230173960
6,9,4,4,10407,-551457344,-1419881750,-734212645,-1757557863,-837659608,44611174
7,9,4,4,10407,-1775213187,1627242150,-2056673855,548073185,-1097579008,-179283440
8,9,4,4,10407,-208172125,325802647,-785606402,-1406177021,853592840,1971897460
9,9,4,4,10407,1914213346,149419295,-2140953843,-2023298679,732417725,-1641179695
10,9,4,4,10407,-219024762,1878746620,1314355988,1470080409,710143501,-960347192
1,10,4,4,10407,-148279715,-1108195664,778926809,-91983125,-1114327511,1377985719
2,10,4,4,10407,1040558476,-1615551999,-443041743,1880858316,-650324310,-105602798
3,10,4,4,10407,1823911325,-1108113127,1683086431,-1244327320,-135248561,-869858302
4,10,4,4,10407,-525945272,1227551311,-1152141448,-928287347,1891158251,-444563494
5,10,4,4,10407,-431979608,625465535,1462045762,-1784056246,751510112,1055766733
6,10,4,4,10407,-1026227915,-153299755,807218465,-80213276,-1135564525,1805427261
7,10,4,4,10407,261071478,-1522595322,280438466,1566080671,-980191412,917690297
8,10,4,4,10407,569269236,611326818,-2126125177,612789762,513448967,-805664630
9,10,4,4,10407,1603830350,-1982234787,-1900739982,1201206646,-1626506311,867612978
10,10,4,4,10407,-801627768,-1386351080,-1222029220,-494739677,-473425166,-688641934
1,1,5,4,10407,-1988551622,1777295529,-1502515730,958009910,1530584961,1218124529
2,1,5,4,10407,700644345,-1687251218,-1285285550,975504120,1245785541,-1836143488
3,1,5,4,10407,1667580140,-1240586478,2080263337,809656875,-2140783132,-677579190
4,1,5,4,10407,-746982680,-775621548,-47133738,-1255442796,-1819865176,-770283263
5,1,5,4,10407,-1638865698,1076977305,557505531,1587365622,-1246439575,1793264254
6,1,5,4,10407,-1718333683,554509468,2100336445,-405311565,-1674316463,1226437025
7,1,5,4,10407,2062675175,-1201845853,217007649,716632007,1816434977,-1114817411
8,1,5,4,10407,1423820096,-421437625,-578526289,1327566253,289839281,-1846715095
9,1,5,4,10407,-339185978,-1610506443,1648921828,837980958,-73580014,-660630454
10,1,5,4,10407,538452002,-154111688,-937835430,-1635712379,-1158448044,1732129656
1,2,5,4,10407,1344555943,1374933926,-542719039,276862950,425433303,1217181914
2,2,5,4,10407,140264756,-933368330,-1395846290,299999517,-1081801527,2116554604
3,2,5,4,10407,-1395242384,-1982929491,1477777820,2021811377,-1347023710,1126097281
4,2,5,4,10407,279516405,837888915,-734561011,-1022414021,-878038518,-696669065
5,2,5,4,10407,1171199286,1445934084,461387021,-1751062781,901893263,292688662
6,2,5,4,10407,994905776,-1724821842,42160388,-1243493649,1580528003,2029267337
7,2,5,4,10407,-1649794385,463067053,-1664968960,-528070357,810411620,-816747783
8,2,5,4,10407,-1526717918,873063917,-1249861171,-372141972,970326477,132659839
9,2,5,4,10407,-1349481972,-1021363135,-248973219,-656667395,383481735,-326739586
10,2,5,4,10407,677458016,702628001,1776223164,1374371198,1024302481,1838866951
1,3,5,4,10407,-846179254,1092401266,-1397729564,1895962714,-1307928875,835136667
2,3,5,4,10407,-1025864475,2073682140,-1375599164,2021237424,1997868807,-815675149
3,3,5,4,10407,1934030958,-861423490,-1644655363,1669765892,761631845,-159330854
4,3,5,4,10407,1120604155,2094162988,-1132936532,399343354,680115119,-2033319177
5,3,5,4,10407,1270300078,932399206,-845712097,70105433,918670387,-358727602
6,3,5,4,10407,923447279,-719764596,-279027604,-263376434,1376439117,1367023533
7,3,5,4,10407,-110684392,-1040785524,777210388,2044017018,-1195308776,477458490
8,3,5,4,10407,-1643194865,-498613154,2144754366,1182083403,1696226322,-136137843
9,3,5,4,10407,987798811,-1040843473,1192386352,613160166,-1035685479,1241042651
10,3,5,4,10407,896464283,718420935,863264661,2104020002,1853595618,988168239
1,4,5,4,10407,-1641223110,99282557,-1020845579,948638499,478090603,1709269858
2,4,5,4,10407,267571277,-439644650,-594600918,-1304479537,572676632,-1320996685
3,4,5,4,10407,1603553693,-1403826388,1240032401,-779471653,286660505,-1800147112
4,4,5,4,10407,-912931468,1542665428,-452200830,-457313381,1384129083,-1731763599
5,4,5,4,10407,-1849357910,1483050497,1902700640,785178938,653900729,276015033
6,4,5,4,10407,-1802522613,-667926309,-2005827803,1859964807,464566934,-1912709222
7,4,5,4,10407,919359819,684745055,-616280828,1912824377,-1092559290,-1005828152
8,4,5,4,10407,-590136354,-1307443086,1535305901,1595682368,-1992727738,1399339359
9,4,5,4,10407,-814019966,-813984761,-1299655949,-2003892664,1053366587,471709440
10,4,5,4,10407,-1760663702,-345178261,693518796,368939827,397226035,-368853258
1,5,5,4,10407,1508069418,-1950802888,988378494,1618852625,-672699103,476407422
2,5,5,4,10407,-1225872494,-267141536,989578320,876615605,-829647055,1943601173
3,5,5,4,10407,410669742,1205507190,-1520612315,201196978,-1467250863,-1562563610
4,5,5,4,10407,1796467044,-871236389,1823698309,-1867148901,-559674232,-1912952874
5,5,5,4,10407,-1081672023,-1608266934,-1831710735,-1919457998,1982399360,-1205960879
6,5,5,4,10407,1644223972,268285487,-358281990,-1906032739,-720812330,-1560170854
7,5,5,4,10407,-750317206,-1340567985,-1886881913,-612386724,-1425047196,-1796678812
8,5,5,4,10407,-1252245675,1681903959,-1378167664,-371392824,1704427064,-1711498836
9,5,5,4,10407,962669446,-2021625266,-2032946877,-46279359,-716870621,-672613800
10,5,5,4,10407,-1856946712,1683499313,10057018,-616296439,-1651997345,754674296
1,6,5,4,10407,1677810175,2116426950,-2061424489,712182933,-1289766906,-917769764
2,6,5,4,10407,487913849,2083117323,-2062535630,1105182798,-1138162713,1043016473
3,6,5,4,10407,1952194751,1173786295,899811859,1554510797,-76170707,-919549384
4,6,5,4,10407,-1529898991,-794844206,-2002293299,1407055550,-467275524,30211848
5,6,5,4,10407,1416128473,1806893936,1243150365,-1895007753,2054542192,1784790264
6,6,5,4,10407,36850549,266491324,-1668323396,-114167417,292688848,2075999130
7,6,5,4,10407,160809360,942561588,1512947132,-118332851,141817238,-128193437
8,6,5,4,10407,-1911214378,-813780275,-1408554627,562438968,1061666265,1127202912
9,6,5,4,10407,525126026,941698540,440961969,-1196353406,77226955,1887632451
10,6,5,4,10407,-634378817,1299578078,1639505468,214607423,1100905477,-524125257
1,7,5,4,10407,160212032,-443368090,1954515691,-1326093063,277413416,-961505609
2,7,5,4,10407,-2070658278,-1685745924,332372511,-1100027181,816414351,-611691818
3,7,5,4,10407,2114248371,-1472553661,1666674051,1299808153,-870055064,-683774121
4,7,5,4,10407,-1090509412,2074200658,-109615613,502663295,371626262,561323387
5,7,5,4,10407,407832252,1103334597,2119569598,1999186454,1826768885,-678181390
6,7,5,4,10407,-1672801891,-1314497867,-1778203635,-346750863,-1598790515,-669818246
7,7,5,4,10407,-81767609,-214090182,-97090542,1910746727,1210599541,268600237
8,7,5,4,10407,-1580572321,841153159,-1330885894,1844985244,707868282,976537696
9,7,5,4,10407,2037283940,-800283698,1684061913,924926232,712852082,2069953585
10,7,5,4,10407,152727889,-175570900,-403803085,-2010993801,-2100210512,1918660196
1,8,5,4,10407,481628299,-1671552912,2077103106,-440612736,369984384,1904939409
2,8,5,4,10407,1287043296,1172402880,-223774674,1736786927,-1498163386,-695552120
3,8,5,4,10407,699322200,-1567324170,-2141290113,-1016887158,-1278530501,1180480945
4,8,5,4,10407,-1671477652,1407935999,2038183647,1876377223,-2006503015,1435875822
5,8,5,4,10407,-368526230,1703845183,-408950918,-1633619509,-1101958411,-359875729
6,8,5,4,10407,87935970,902311838,-133930818,-1443141385,566918673,-547432362
7,8,5,4,10407,-1974734907,365701815,-1571365058,-1150194150,1526959828,1686806971
8,8,5,4,10407,-409406978,-555345940,138206602,-1232191541,-1803640861,285888018
9,8,5,4,10407,-2091921309,-1408538580,-1233287360,-555859743,-1589318694,800833345
10,8,5,4,10407,1531298169,2008396812,2052565207,-1686551821,648673233,-1496956153
1,9,5,4,10407,-68123188,-1970028219,1559623865,-2109192394,1909540555,-521939420
2,9,5,4,10407,-1789728701,-218864255,-1407312569,-1841747670,202556292,907709082
3,9,5,4,10407,-183199454,-1325589117,1749101415,1129703237,-559236054,-1653134648
4,9,5,4,10407,986502873,513369171,-1807428571,-518545621,995219235,705792710
5,9,5,4,10407,-445840208,-1201052123,-1301578598,479931236,688023976,1864544615
6,9,5,4,10407,2053710950,-634790391,-2051427971,-1688705037,1474796750,545848853
7,9,5,4,10407,1747877120,-1835024475,387061810,169432054,1759002425,-1399181652
8,9,5,4,10407,1033973692,-1149122227,873196269,-993721907,810116857,644368737
9,9,5,4,10407,-364415604,261936445,-1322725839,60940922,747641123,-777432208
10,9,5,4,10407,-789690624,-191975399,430153820,1774721641,1618380960,889531272
1,10,5,4,10407,2100838391,1947962324,-1821879233,-1918291751,720708515,1902774946
2,10,5,4,10407,692033297,1860705912,-1576568470,1492388314,-1312681838,-761992628
3,10,5,4,10407,1314704238,1624300939,-1722006851,-2103764995,-2057025551,409750174
4,10,5,4,10407,-2014947193,-1951757986,-7789748,-920746003,1910805696,2092735526
5,10,5,4,10407,2025155770,716716225,1593076829,1100589954,269389260,-1960108139
6,10,5,4,10407,-1932641756,-661399353,-482436514,-1064818167,-857025383,-2143482870
7,10,5,4,10407,940418366,1498030181,-1595591713,-707543768,-383981152,-1236090696
8,10,5,4,10407,1807123753,-759817658,-1127568182,1894667848,44961782,-1523050958
9,10,5,4,10407,-443989718,853930896,-1725890161,1973904171,2002646447,-1571657689
10,10,5,4,10407,1304979730,643972410,-1638941187,1995578179,-1916438400,1254960492
1,1,0,5,10407,-1882157551,542048270,97688991,2129908098,-833521796,-1567414304
2,1,0,5,10407,-1307650936,1823412061,532537184,-1077461619,1644282437,737667829
3,1,0,5,10407,1466452384,-1416320207,15037349,1500528052,-120860361,1990972435
4,1,0,5,10407,-501243257,-273612579,1240584144,-1250579679,245235510,-1506192495
5,1,0,5,10407,-2141958914,1147186028,1170716330,-1550773257,-1437233314,553863406
6,1,0,5,10407,-296179882,1073866724,-430654754,885016952,783419983,-1876994712
7,1,0,5,10407,-1029318729,1874509603,-1305452850,1148104031,1097073590,1766149819
8,1,0,5,10407,-1508384898,336710386,-1363014664,364802454,441726658,2129547278
9,1,0,5,10407,741633809,-1965082532,-50759956,-162385098,-1092045395,-1688302273
10,1,0,5,10407,-445693962,-1703087303,-1151552304,336712507,323516132,1591552906
1,2,0,5,10407,-493948277,1499383107,1764400500,175449492,-453199221,1040699991
2,2,0,5,10407,-111911264,-1752330862,-944361878,1966882024,670139740,-718119532
3,2,0,5,10407,-431436481,-1340330736,-608718598,17006040,562171143,-1490074310
4,2,0,5,10407,-1096178446,370562826,-358900459,1639525252,257771053,2105179972
5,2,0,5,10407,-1745580878,-100092399,49869886,-2031775909,-797587536,-731417607
6,2,0,5,10407,1403884645,-621232102,-1569614853,-2143061557,400336913,142273104
7,2,0,5,10407,-539510017,-2127786634,-1853399473,610023230,-1268713816,-1411892210
8,2,0,5,10407,-1352195696,-1153431879,1926112397,744534018,502972495,610814117
9,2,0,5,10407,-1179141908,1148906241,1837559959,-169029718,-1306081803,-1224354197
10,2,0,5,10407,-1175397233,-898304037,642620790,906594993,-444764893,-1791253843
1,3,0,5,10407,-657946510,772006834,330992838,-1454621272,-848804913,1877940570
2,3,0,5,10407,1695361986,198890119,-653852087,-2128029383,-1940801346,-318191030
3,3,0,5,10407,1096819860,1726865295,302538105,-667673298,1933007770,-284948874
4,3,0,5,10407,1202545103,-432508329,1065462169,-92504460,-2113708437,1615797528
5,3,0,5,10407,-539026637,-1205978310,1140155147,78701524,1905150359,1249855752
6,3,0,5,10407,1578711172,-583736269,1931858671,-837077149,1601977145,-1765364897
7,3,0,5,10407,-1216875393,-606791032,200981629,1646993243,-953042268,1333672066
8,3,0,5,10407,27513643,1668123489,-1179752109,521469318,-1200865279,177618547
9,3,0,5,10407,1389995563,-2092013110,-1750235395,2041509103,-1197581091,2101193013
10,3,0,5,10407,673445034,-577825697,833952526,-1368465914,1137116110,911826649
1,4,0,5,10407,-537691244,-863582932,1527995421,888284514,-1353605610,-1537335292
2,4,0,5,10407,-1315999579,241792432,842180859,2060065279,1737131612,-75008670
3,4,0,5,10407,-144320730,-216580733,203511936,-1908820594,140238843,1803234796
4,4,0,5,10407,-253544482,-516068186,-808872352,1767309438,-1613138261,1724959480
5,4,0,5,10407,-1298325348,871640319,1026340326,-1019185530,1034093621,1485428329
6,4,0,5,10407,-1866461672,1304620062,-1738434528,311685056,917834273,606066264
7,4,0,5,10407,1187629472,-1313347088,-1604039161,-1191545143,1463337208,1503637139
8,4,0,5,10407,-2042355043,-206378350,956781456,452686790,-768548144,27289988
9,4,0,5,10407,-1043961516,1023031406,652254434,339724492,620938336,-693174628
10,4,0,5,10407,868165732,1612665550,57567998,579938860,987110156,2110200732
1,5,0,5,10407,2065957527,748781219,1517133685,759691928,1484929096,-707662091
2,5,0,5,10407,-1883771936,1748906255,1662011133,-321294149,982532361,613164127
3,5,0,5,10407,-465901940,-1683423930,1606133174,-1680564119,1364177983,917112686
4,5,0,5,10407,1534685196,-707919035,-1751812181,-1848411855,1650631822,789586808
5,5,0,5,10407,1272014312,-882821121,-505899704,1714392920,-1129196971,243630799
6,5,0,5,10407,-1466695572,608539741,205433183,-634502951,-1703985057,-356171652
7,5,0,5,10407,-1147679662,-474150249,74888727,-480409788,473323797,532752204
8,5,0,5,10407,939245588,-292135123,-189283991,1053780540,-1345281438,1629758761
9,5,0,5,10407,-491986600,673506627,1826957653,-1968718166,-1622602371,571394994
10,5,0,5,10407,447491801,-484202224,-6936732,-499191375,1506266905,1086266898
1,6,0,5,10407,-1780395175,2064500930,971173161,-1059163461,-212951876,-849887845
2,6,0,5,10407,-748295166,-1069837557,852703481,1115569776,1989172278,964238874
3,6,0,5,10407,-1461367509,221403833,303924524,869987815,-1962118650,127470218
4,6,0,5,10407,-949907031,-1946772871,886927117,371674358,-9930529,650958269
5,6,0,5,10407,-814114595,704897632,2110478754,1617048084,-1683260090,-1115845729
6,6,0,5,10407,-1603519301,-145811214,1807155347,-1178073577,1624930876,499808225
7,6,0,5,10407,-1574066148,321604539,-66279058,-338969210,1880503941,-1579409855
8,6,0,5,10407,1662062003,-1630500134,-274749969,-241463659,-19091383,-769232517
9,6,0,5,10407,986543196,1176077912,118956155,1920025219,1689370451,238121360
10,6,0,5,10407,-709493392,-184091328,1331468434,-1632743059,-1068609548,-547001607
1,7,0,5,10407,1573134239,-1437204221,1859618159,-1551615192,1731987679,-991459664
2,7,0,5,10407,315072249,-44950684,754870586,-1208353354,115470879,-1359613908
3,7,0,5,10407,-613512820,-810994461,681451593,-269736717,537389260,-264105323
4,7,0,5,10407,1880680064,1737237521,711896920,-1881415166,1248113183,-1969348049
5,7,0,5,10407,516636481,2127444508,779694892,-1704434989,120278488,19566298
6,7,0,5,10407,1798218566,-54268401,1838560905,1034001430,492149011,1864541872
7,7,0,5,10407,1866292580,3251463,1081438204,-1399392774,965404284,1048070882
8,7,0,5,10407,1868163026,-25235869,-1761058636,1046396995,-1682464895,128431376
9,7,0,5,10407,-1296749078,-1854265098,-489814148,-2022152549,1594000564,1492128062
10,7,0,5,10407,864092086,753555143,1953977196,239140126,-667134977,110690160
1,8,0,5,10407,-1438129767,752225973,-1675918993,74150808,1003714929,1684569814
2,8,0,5,10407,-1691025665,306553891,-1279271788,-815874213,-1552776690,1157879897
3,8,0,5,10407,-2086175614,331759044,1218569211,1429938076,-838078084,-1425857901
4,8,0,5,10407,1975362725,-791131561,-645883798,-339015328,-1759492771,1583302787
5,8,0,5,10407,2028625230,-1023865893,-386077331,-172904446,47831142,-1625263388
6,8,0,5,10407,-944910948,-1135639539,-618634886,1833720699,1380856795,-1712152258
7,8,0,5,10407,-285908985,1385239221,416580531,-459896090,508286909,1319288491
8,8,0,5,10407,-391290799,-527688476,1458591438,-2049170653,-1178450992,631655652
9,8,0,5,10407,1319930162,671584543,516565153,-1692443246,-1369968082,387324435
10,8,0,5,10407,-1835165600,-183243919,-1921123891,-483876471,594211082,-1431119280
1,9,0,5,10407,-150809420,1338008482,210869184,-981400419,-1200367085,-544385361
2,9,0,5,10407,1768119141,-1995824665,2090397355,43277449,916913558,1233228417
3,9,0,5,10407,-629657555,-14966839,1805459030,-123324800,-925151098,901202788
4,9,0,5,10407,-286206153,-1493461600,-503671200,-2095872126,1146162458,1064224047
5,9,0,5,10407,-1637139105,-2080445765,-1479041071,1162998121,752859502,-1905490065
6,9,0,5,10407,345797831,-80621839,-1622883566,-2067580989,1182314008,-991942676
7,9,0,5,10407,1945777680,-945349401,-1977024393,-2013598460,1003435576,1937138748
8,9,0,5,10407,-290652555,-998141314,1435153809,-913662179,546296844,-754353267
9,9,0,5,10407,-1285916991,1341256367,-660089857,1065947036,-962992407,-781856212
10,9,0,5,10407,2073681467,-2036936672,575357518,59294184,966308110,-1758827126
1,10,0,5,10407,1938240354,700631169,-47962859,-1145477541,831692404,618462858
2,10,0,5,10407,868058533,-1570524384,1142699102,1329243255,-2057079380,-1869527409
3,10,0,5,10407,1262697796,281023269,1146975859,-258756583,-79012880,2111868076
4,10,0,5,10407,1791056754,2051172123,238792493,249874804,-952274857,-1385916816
5,10,0,5,10407,961478997,-1646862205,909327174,-1837561544,-1153918298,-516279089
6,10,0,5,10407,55522028,1682862365,532991219,1572650731,1286601978,-656032274
7,10,0,5,10407,1167937462,-610779564,-1696035511,982199138,-131140741,680632972
8,10,0,5,10407,-800962884,-1709871440,-51204019,1833038664,245425159,-751548693
9,10,0,5,10407,393099983,-127909341,43920152,169794551,2022098861,-1749336585
10,10,0,5,10407,-309088081,-993178934,-1132178945,1403167301,700488740,-1360413293
1,1,1,5,10407,-1183510598,-1096217364,-728457354,-1572646678,1393884071,-320376574
2,1,1,5,10407,-1350224016,-748951324,-928703742,-505765145,1508890531,127600588
3,1,1,5,10407,1963885656,-1828296277,733633280,975367654,-688302517,-1412993729
4,1,1,5,10407,-1308823039,-756975,1859273033,1504117574,-359928033,2039295651
5,1,1,5,10407,2010404382,992477903,1235370282,294901695,1840416712,-415148195
6,1,1,5,10407,1064389804,-1065428736,2057690306,469567968,1043893703,-971954055
7,1,1,5,10407,-1784842749,-1498675139,1651604008,-1550520821,1625893549,-1873455370
8,1,1,5,10407,-821044944,1083901128,1725382764,2106081456,-333233904,-2036532877
9,1,1,5,10407,88509341,641131355,853761370,-1492950866,1397117771,-57353123
10,1,1,5,10407,-1471126144,-1931841259,-176498706,-649094232,-834603262,-683152962
1,2,1,5,10407,-972777048,1054256940,-1389566286,-900071669,422674289,-586981471
2,2,1,5,10407,-374429604,2090538333,1112849379,256003944,5873122,-572216797
3,2,1,5,10407,2020107899,-1124101763,1540122312,250613165,134246079,558392757
4,2,1,5,10407,414922546,-1180452981,-1726531327,-1299297276,-315882561,438325022
5,2,1,5,10407,-1355631508,-2047608837,-1958830470,-179385233,-1113518792,490771086
6,2,1,5,10407,-1395623181,-1304248007,-245897187,-618263104,940569147,-1462777195
7,2,1,5,10407,1072222811,642690245,-1707787149,666589719,2120644136,-597139274
8,2,1,5,10407,1833449337,1096559679,1405790913,1703948110,-1164514942,637835759
9,2,1,5,10407,-478123470,-467069196,-2089291762,-24176815,1539809761,-1658641217
10,2,1,5,10407,-549848305,1121129302,277645270,-46299256,-1822027186,563678200
1,3,1,5,10407,1583682249,-1333504528,-812452766,1303722909,809233838,-963128018
2,3,1,5,10407,404368545,778222451,34551894,529260087,-1474101839,-1016865508
3,3,1,5,10407,153572217,2012927234,1555778951,219655313,-1889557253,1143805542
4,3,1,5,10407,1288700116,-1742545918,-1026062948,-1642597056,1223528219,1489748820
5,3,1,5,10407,1442522763,1535914300,525824196,-758178755,937580550,-1882601254
6,3,1,5,10407,-1431889519,968276025,2116875373,-6003879,-1083342616,-924051690
7,3,1,5,10407,2065512567,1722254580,-1603798841,567422327,1703755947,-665207016
8,3,1,5,10407,-1946658545,666528249,782709425,-704083912,-1521294771,1182405158
9,3,1,5,10407,-25686981,120475002,-1194371851,-1469163704,94654677,689991796
10,3,1,5,10407,751890813,1185824412,37656727,1147971859,-1638057020,1366602028
1,4,1,5,10407,-1489331479,-618991733,1148990127,340858164,-31333208,1735853845
2,4,1,5,10407,174688721,1435914299,-806538671,-1884043019,34217036,-1618748014
3,4,1,5,10407,918229037,-711827828,1575637414,1918910620,-1752774793,827524251
4,4,1,5,10407,-280616789,-747568229,2091054839,-1160487151,1838777154,2134131170
5,4,1,5,10407,988120252,-2018208629,-519175068,1279039988,1345307356,-1384202453
6,4,1,5,10407,-768844809,991313780,572505202,-1315687320,469198370,2048258212
7,4,1,5,10407,-1195669472,-1487902229,-662317190,-2034383606,-1982594045,-852724892
8,4,1,5,10407,-455929359,390951385,-1312511558,-1456267662,328211461,-1913055093
9,4,1,5,10407,-33434725,-671862341,-1223170540,874282505,-193654349,1316490384
10,4,1,5,10407,-1194437096,-140359271,-211496783,251689743,-650591910,-1324998903
1,5,1,5,10407,-1834170065,-146269503,-1111348105,588957440,-998480078,206939443
2,5,1,5,10407,-1876449272,814454203,-965161336,-445705680,2036717383,-1244586856
3,5,1,5,10407,1334371512,-20242211,-237385006,-31103848,963336697,1128415726
4,5,1,5,10407,-1308630581,1735886650,-2032707395,-1719477072,987310386,-309129613
5,5,1,5,10407,-82954903,-607528322,-990043145,2023188544,2021575621,-300831795
6,5,1,5,10407,-1055191524,-643916559,-56754320,-2124244419,173530536,-1775081123
7,5,1,5,10407,447103630,732654850,462533201,-2054295515,-895217639,-2059577407
8,5,1,5,10407,896514977,204175094,-923965288,-1769167295,-2008069565,1638991456
9,5,1,5,10407,1923062435,-923636325,-506133443,402011062,-1999896306,-1506166976
10,5,1,5,10407,1188551860,331808305,-954966993,946952672,-1804180719,2123851742
1,6,1,5,10407,-593357752,449062466,-178987762,478198528,-1650724100,1125620072
2,6,1,5,10407,-467929298,-1841057699,-86023331,-938081303,-819708454,971298586
3,6,1,5,10407,-903687782,1310883139,1866038631,-2029108809,1047178900,1010654596
4,6,1,5,10407,762238641,1237129458,-134447326,-1944611883,-763635580,1830726283
5,6,1,5,10407,1492541473,-1630948177,-583086476,-1861372705,-726885331,-787912596
6,6,1,5,10407,-1470220977,1422218761,306649097,-1434573827,-1215987120,-1030847557
7,6,1,5,10407,725547461,-472963353,-147698421,1611616816,-1384653407,-825349852
8,6,1,5,10407,752054335,-1952281091,616329956,-1437242427,-1474456204,1653879476
9,6,1,5,10407,-1175879975,1249219547,1880342969,563307548,320174794,548635370
10,6,1,5,10407,1899353142,-1676108262,1355376262,1202751,1805666004,-1488091448
1,7,1,5,10407,2059861547,-1297101110,1757866198,-1743995656,780404830,-1153615622
2,7,1,5,10407,258021562,774525124,-531429542,-797955051,-609649603,-2061068808
3,7,1,5,10407,-1361903390,1336058645,-1491639965,2031509876,-1724945919,-1039714081
4,7,1,5,10407,383886422,-1220380570,1352570237,2025609881,-1775238044,467931047
5,7,1,5,10407,953841314,1985270496,796888745,-1064243347,138241394,1693054339
6,7,1,5,10407,928173312,-324646375,1378761868,751660347,-1170524785,617835623
7,7,1,5,10407,-2111324601,714787372,2054784475,-1661462072,1491110708,109276219
8,7,1,5,10407,-405781522,-1265812270,1286091009,210547294,328440041,-75436863
9,7,1,5,10407,-1239897821,-1991569993,-1637768138,1447118655,199919082,-814036932
10,7,1,5,10407,-2121867121,-2073368362,564468130,-595584550,1075548446,-1421368596
1,8,1,5,10407,534820465,-2133566863,-1673577099,-2108717974,-1256742425,-794875465
2,8,1,5,10407,1608508144,1440236918,-951360063,-252976458,-326500655,1006659199
3,8,1,5,10407,-266368961,-1612662411,-89071521,-1055289372,-2086285359,242465405
4,8,1,5,10407,937718786,1396315607,-64837882,-1368918365,813419570,-1482068026
5,8,1,5,10407,725767002,-606690388,-285747739,1295016419,-788261373,-1231592377
6,8,1,5,10407,-2125940555,-132053154,1843835454,865300682,-1912334035,-828201
7,8,1,5,10407,758391996,828776795,-463225604,-1773012257,1171563784,-1676439888
8,8,1,5,10407,51735117,1109083205,-671128525,-1782868619,-674283728,-889878788
9,8,1,5,10407,-1268060825,-1983357108,-277930632,1240875360,1251847993,-1581104429
10,8,1,5,10407,-1825767107,-1485122183,-704436592,1497623021,66457239,166004616
1,9,1,5,10407,-126817901,840768948,-1439032105,-1944468673,1320409304,614115055
2,9,1,5,10407,-756535260,-2086265823,-1553798211,-1276383969,461624762,1033102020
3,9,1,5,10407,1574010018,948721926,1048254190,-155184040,180682977,78091034
4,9,1,5,10407,1750599012,-1887867034,-513176392,450199569,986842948,1608191285
5,9,1,5,10407,1572543686,823701176,315584214,1531443616,-1847883077,-747049214
6,9,1,5,10407,-2116688478,497494400,1815493081,241307310,445192506,-492947478
7,9,1,5,10407,-1334053380,-1481623074,114704368,-343648030,-710321184,-1205875657
8,9,1,5,10407,122187695,1678803202,-567650343,1756341596,859384432,-1614233000
9,9,1,5,10407,918663521,2135044477,-2127331070,-619639029,-636842921,-1960588212
10,9,1,5,10407,1208812291,-565161162,-59174548,798629565,59359185,-1491024279
1,10,1,5,10407,954170505,1555022142,-52964683,-571520959,-231137267,306409279
2,10,1,5,10407,1771611179,-448851700,-1412635898,1304673429,1565216073,1922148668
3,10,1,5,10407,-2012105119,-669605998,1833444206,-877678434,2094477336,-1324922549
4,10,1,5,10407,-1266052402,-1341659419,-1240528469,152623719,-1331185991,-1986619297
5,10,1,5,10407,-883050247,174967059,-380430650,-857429993,-231128368,-2129517190
6,10,1,5,10407,1090214624,1268747323,1171143464,1712299967,993256203,-1126684153
7,10,1,5,10407,-498792834,-829427193,994649086,-689760026,-1969262591,1502865122
8,10,1,5,10407,-1243187295,1128146134,1636485181,1640204830,1807918651,1180724666
9,10,1,5,10407,-627202264,-2011910238,634091122,-859374955,845685555,2010448734
10,10,1,5,10407,1956662498,-1436238885,-1277034535,-1763309484,955749763,526286910
1,1,2,5,10407,1382973058,-1876360843,-1184795474,-1283725252,-1682181097,-1639585006
2,1,2,5,10407,706278068,-1834514032,-1842732471,1927981222,1995512980,2030053992
3,1,2,5,10407,-1369487990,702070529,1115284503,-1213246624,-1340633707,-1923842496
4,1,2,5,10407,-1204215116,-1501761465,-2077842693,1486882600,-1619983453,1580155444
5,1,2,5,10407,153386188,857934696,657049897,-1695318918,-1250219412,1119798646
6,1,2,5,10407,58722884,-1473429896,141296724,-2135638211,-1848191797,1590954405
7,1,2,5,10407,83605342,327157187,-644951769,-1171399406,1016314678,-2118744929
8,1,2,5,10407,1726852140,1722771830,-1061780094,-249819982,2043365266,-2081916926
9,1,2,5,10407,833457819,1227248832,1921592670,87628196,-1338264855,170229130
10,1,2,5,10407,1160264623,1171675111,366784478,-1469870943,-1242407756,2056284203
1,2,2,5,10407,-1218171137,505879729,203940107,-1523260538,743027699,457428031
2,2,2,5,10407,523111417,819861712,1800577217,2071236399,-160632923,1073613430
3,2,2,5,10407,-975634185,1226496539,-1136109034,-1501329509,-153210391,-559000254
4,2,2,5,10407,-1338095209,112056833,551914507,-1515728307,-1359551772,1653230635
5,2,2,5,10407,171606259,1792310528,1711485729,960756321,-782971183,444476897
6,2,2,5,10407,1375665070,-1923466018,-65341686,152228427,1347830563,-1999453539
7,2,2,5,10407,-64084572,289849566,1104991969,1361565990,-1754328893,1041257799
8,2,2,5,10407,879753119,-185172371,-728430076,1198783833,-1681927592,-944982557
9,2,2,5,10407,2102146899,-2074812806,392399253,-1391114120,-893364188,-1780925098
10,2,2,5,10407,-819069065,985819579,-657168682,-1757327765,130270021,-1197058658
1,3,2,5,10407,2038551897,809955951,-1134660995,-359061479,980532551,964708503
2,3,2,5,10407,442911645,857650682,-1613733024,-2039465612,2084165150,1586430007
3,3,2,5,10407,-572317136,44988497,168903642,-1082371576,-666197700,-263972943
4,3,2,5,10407,-1129745351,84820074,-563878937,-628632416,2039681620,-1801003426
5,3,2,5,10407,2056617156,1438826047,1583008206,1532591582,393536111,1929960927
6,3,2,5,10407,1889783748,-344322365,-899200847,1946120041,-621539432,-48936512
7,3,2,5,10407,197196272,-1939932996,2048370821,519282153,686026848,-896096822
8,3,2,5,10407,-204172461,-1313652699,-742125432,-1049243997,662436766,992179526
9,3,2,5,10407,272474111,488820720,2022271430,-1173129137,-2054296901,-1592573933
10,3,2,5,10407,137965064,1981095160,1260786349,-1291132719,-1916272208,-1983122155
1,4,2,5,10407,714923090,-199788600,1683698715,-1523481145,1074923390,-2042169921
2,4,2,5,10407,68310318,1826513910,1457288255,-1977020751,-1193906445,-1768844428
3,4,2,5,10407,250634471,1897097068,-1027031029,673809140,-142820041,-2063651544
4,4,2,5,10407,-356811656,-1525162943,-1453481982,1605883671,127565359,1792733550
5,4,2,5,10407,-1471887457,-1984128933,-1690827682,-1280958926,-1814166358,166968815
6,4,2,5,10407,-1636642569,534706278,-186149525,259453543,458139115,-1015475192
7,4,2,5,10407,-1467832524,806459686,926096246,-488585405,1247542322,-1467318074
8,4,2,5,10407,-1318120089,-451279042,111699177,-1352605072,252902581,2132668674
9,4,2,5,10407,-813287813,-942672340,1150964919,-376611014,-1568771247,-1244585380
10,4,2,5,10407,-1320538455,-2072488976,-1890091932,-1087940100,-1373950656,2040332930
1,5,2,5,10407,865957659,-1976985630,-840775514,-404422384,462677155,312827231
2,5,2,5,10407,1557316283,1551754282,-1377493946,-380353112,1614225582,-662632279
3,5,2,5,10407,-847978313,371425251,-750452845,-1578350553,-1871202295,-1922626551
4,5,2,5,10407,101751322,668976011,1300777045,-1768155645,279490725,429848125
5,5,2,5,10407,853754177,519045022,1217446642,155253253,590108138,-1135451536
6,5,2,5,10407,-1199351360,-306378843,538126339,-25029404,-259890884,-1212702535
7,5,2,5,10407,382143408,-1327344061,1592338140,231856652,1521756871,-1955025760
8,5,2,5,10407,611609267,803315440,-8561608,-2145745026,-2072959745,-1518766664
9,5,2,5,10407,1201478269,692332813,1269545188,1496092512,-1160292886,329192084
10,5,2,5,10407,753768690,-1250135453,-349766439,-1657640075,558956907,1538462959
1,6,2,5,10407,-1673205250,-557101703,746194268,169840028,2120801433,1878703026
2,6,2,5,10407,303854020,1901391634,272851172,1162287823,-951874798,-1174877772
3,6,2,5,10407,-1504572861,-526913080,-763591861,-1201945279,1781218937,-303708916
4,6,2,5,10407,2071158050,-1387752066,-607811429,-2033270872,1424063425,-1047196028
5,6,2,5,10407,1345578315,-1069922271,1089627457,1704641566,1060706056,618804589
6,6,2,5,10407,1722031060,-1804280781,-1588069066,363892560,979092639,490998981
7,6,2,5,10407,-1331712265,-1260569919,-1373163360,491369049,1506087502,-1431293676
8,6,2,5,10407,-677991428,-1577097741,-2031875378,-177993328,1844197104,1925463720
9,6,2,5,10407,-1047490356,-904327056,811792612,-2000846062,-922431948,-556006661
10,6,2,5,10407,-630979677,198928597,-2061381768,-465737774,1632291562,-494648931
1,7,2,5,10407,-232358861,929021350,-627955604,-323063370,262451306,1022035307
2,7,2,5,10407,1754498243,1076351114,-1427444568,-1591599930,1929283304,796268659
3,7,2,5,10407,1360544530,1386239988,574004531,88744381,1851139040,-162723006
4,7,2,5,10407,1483522694,122414235,712286556,1803399268,309921524,323399229
5,7,2,5,10407,-274071501,-566192817,1122353965,-1049965134,1251138610,-161943211
6,7,2,5,10407,1543063796,495460880,67513016,411228451,355537124,-1830018732
7,7,2,5,10407,1575925712,1503316758,1725413691,1573901984,1113074581,-511073554
8,7,2,5,10407,1411956938,-551511557,2114106628,905472269,-1457118924,-1956791295
9,7,2,5,10407,-633359658,676042811,-503222505,340917990,157503333,-888159623
10,7,2,5,10407,1541835733,-316854126,535887597,-1740519687,-905875735,-1048569014
1,8,2,5,10407,463146744,-634847103,-1788588455,1241191482,1209144223,530497910
2,8,2,5,10407,-1313107519,257651716,355839882,-719567539,99277984,1792277388
3,8,2,5,10407,959331027,-976177428,-1327858433,1686536394,243178581,132630294
4,8,2,5,10407,-1629529552,-1329844460,-803798151,-1161317354,1477881538,-1422676572
5,8,2,5,10407,-885565148,-15193979,-1509872086,1128249430,-1694703875,8796508
6,8,2,5,10407,1706532758,804168612,2010341279,-1881140941,-1654434747,673958487
7,8,2,5,10407,-1254991690,-1050710409,733993829,386090652,-1166379594,-18846286
8,8,2,5,10407,-2073429274,326604013,-152325508,1416487651,-1568732342,-228711128
9,8,2,5,10407,-1544109042,467381902,-1276337511,-170340953,1002591317,320975575
10,8,2,5,10407,1822969361,-44942103,74713447,-1652041343,-532353349,-1524419300
1,9,2,5,10407,-605261868,-2119152083,1254673699,128065380,486220348,-1400074629
2,9,2,5,10407,-88479175,1869875745,38420367,421394075,-722253514,1919255229
3,9,2,5,10407,46949735,-857893960,-768923781,-876728315,-728610638,479232128
4,9,2,5,10407,1904077666,-206896278,-434720787,1921850966,496028913,152228779
5,9,2,5,10407,843916806,2085195487,-1580896157,534663114,1045979533,-1021734722
6,9,2,5,10407,-167672966,-1941988308,1778137764,-1020759766,-1519031089,-2014957041
7,9,2,5,10407,-1065780889,-1515917655,330913035,-2083046343,2045618184,740183813
8,9,2,5,10407,-1580696410,-289294440,844170313,1788875098,-1022681574,1044387132
9,9,2,5,10407,-2036522477,-913052952,829142401,608457324,892117206,-66544874
10,9,2,5,10407,-510196600,1498675219,-7745220,-947056413,2034789083,-310202883
1,10,2,5,10407,-131542628,1982514821,-1396689153,1640930084,-1997014991,-307863898
2,10,2,5,10407,1528143990,962802947,-637017627,728481009,-1109875385,-442972410
3,10,2,5,10407,-1685652115,-1443349638,-1010391848,-1203814139,-312753959,127172011
4,10,2,5,10407,-22957281,-62865496,-74331871,-1705238708,-1252384778,-1149722893
5,10,2,5,10407,-380107584,1795356756,-1816617973,-634375519,1979683163,-773392266
6,10,2,5,10407,2066696493,31276326,2056046287,660123335,-138442300,-1003684762
7,10,2,5,10407,-234622693,-253832157,-24976564,1380005354,-492457886,1256645454
8,10,2,5,10407,1766994955,-1275948198,-1295198257,-1617605161,892704876,-1435820859
9,10,2,5,10407,855736895,1372072218,1979847326,1635138587,-1513611607,1050243549
10,10,2,5,10407,-553385696,185194337,-258608570,-284392298,-1976133770,444987953
1,1,3,5,10407,-839114978,2041066440,282933520,-458895829,-1052917577,1113182455
2,1,3,5,10407,-1514756801,-1336692077,421700808,-2076347178,-732394256,264118636
3,1,3,5,10407,70007170,-1394137920,1431682086,45913485,-39095031,941534529
4,1,3,5,10407,131955003,1037607391,-434960440,-626259648,-150609036,-1844191383
5,1,3,5,10407,-2080647737,-1176413068,-571803822,-129821778,-329207818,136926596
6,1,3,5,10407,835102861,-451874216,1364562064,1023884007,-292609294,-2127665535
7,1,3,5,10407,262768551,-611220974,1930293717,822581412,-710634962,1786955449
8,1,3,5,10407,-1481312709,-512621600,-1311317922,2049017807,-109272333,1402000037
9,1,3,5,10407,1494110946,-442078576,-2031208203,1953921278,1139100169,-2119001948
10,1,3,5,10407,1522958399,4000532,-1835202858,-1799560120,-258862219,-1527656004
1,2,3,5,10407,-334182234,-1645463528,1731931245,976353348,-1015638335,2041736971
2,2,3,5,10407,1036264794,-1995034496,1684945556,1574895242,-1424913704,30869053
3,2,3,5,10407,-1386614070,-1303266752,-1338449183,-582524216,1208855220,81776781
4,2,3,5,10407,418587990,951902224,1819022454,-1787717451,1574701016,1794182380
5,2,3,5,10407,1478792241,-338319293,-2017666482,379817775,-1411820762,-501711702
6,2,3,5,10407,1965660159,427532941,1999846097,765750062,-17462750,-1093945636
7,2,3,5,10407,1344724289,2134277726,1541682355,-256290334,-378264990,-1590330017
8,2,3,5,10407,377014497,-245584572,2081803737,-1197548322,-1016407224,787290421
9,2,3,5,10407,1074102836,1657030680,-378062557,41094747,-877807627,2068121425
10,2,3,5,10407,1639853800,-979223236,442565929,1153517493,917129410,-1313199909
1,3,3,5,10407,224365433,-901846986,1655635152,-1456833771,1833612102,-1112070683
2,3,3,5,10407,1470868518,1684785225,-1575126387,1340661720,1131482813,618717580
3,3,3,5,10407,-1969520349,-1299853257,1850536968,470691431,-2143394519,2024869568
4,3,3,5,10407,33866052,779687178,-1900304376,1203389602,-1373845335,-1804063499
5,3,3,5,10407,-1443722822,-1765525595,-536383012,-1609928291,-1133251730,-1643723709
6,3,3,5,10407,182972972,-208665003,1799547895,690896891,-606012777,-720128604
7,3,3,5,10407,-3780169,-1557677711,-1637760688,899941923,816678210,-1691870473
8,3,3,5,10407,1230313585,-1940099849,-1955320655,-785113958,-949990199,-995946132
9,3,3,5,10407,2001009164,-1707116637,-348300485,1499295790,-711331868,-706088532
10,3,3,5,10407,-206170007,-488432448,-1043052415,134148368,1044994592,36369917
1,4,3,5,10407,-1361421425,-1071287552,-674190930,-681407811,20322328,-492836763
2,4,3,5,10407,-728145619,455836640,1885998927,-1632637306,-896252195,-851514195
3,4,3,5,10407,-1776031796,468525520,-1534593322,1619240637,-120136147,-1859166415
4,4,3,5,10407,1944149447,1135274817,804403271,343383692,282027088,407464279
5,4,3,5,10407,756810089,897338030,1926604996,153402947,-877342938,887118889
6,4,3,5,10407,-2073984306,1051731860,-1397261900,-534164679,1827282474,283842194
7,4,3,5,10407,1233909426,-1532887827,483208333,-1628528983,-1924144226,1351619734
8,4,3,5,10407,-1494820050,-234070889,1977134558,1505636598,248000279,1755706485
9,4,3,5,10407,1048934373,1928846344,-1151234038,-1144496783,-2105205537,-874819221
10,4,3,5,10407,1199813085,1136485640,-1014039106,1339976671,985853017,-817725333
1,5,3,5,10407,-1121514793,-1040488728,-2051735729,1283913223,-1682192666,-1694102389
2,5,3,5,10407,-2012717818,-1151071659,1090982647,-2078612984,334984895,2012304457
3,5,3,5,10407,792564545,-1256490329,24559327,107059992,-969427206,299531791
4,5,3,5,10407,-272369575,-341415696,748165287,1004639546,-406158596,-363235780
5,5,3,5,10407,-1578149564,389950821,-1368488685,-438481695,1752182742,-900303536
6,5,3,5,10407,-534546989,1527937515,1173443482,1891627853,-1920975065,-699953464
7,5,3,5,10407,1128450447,-243491336,-556234476,-965502446,-1340184566,648785731
8,5,3,5,10407,1934863409,726743095,1202317252,722195790,-750549823,-1497101748
9,5,3,5,10407,940380145,-1628710118,-849057119,-671626834,-1170452539,-378501417
10,5,3,5,10407,-1998752030,91226491,2109886472,-1000989369,1431870470,-1963098971
1,6,3,5,10407,613341156,-847157462,791860795,716468955,-2122114863,575967558
2,6,3,5,10407,422729019,1345206667,584800371,-542793783,-1366188846,-1970405733
3,6,3,5,10407,-1313903486,-1858666634,-296253727,-1303754444,-1906258428,1395627807
4,6,3,5,10407,990724099,-741217052,-1536700492,1442602639,1696873098,696249435
5,6,3,5,10407,621838543,-1987741601,2038283640,-335868242,-2105282671,-1938009679
6,6,3,5,10407,-1047173438,-55385243,2000603693,-2088987316,-1989408718,50898017
7,6,3,5,10407,508720522,-1208063062,785553751,-1003068872,-435399372,-1006434462
8,6,3,5,10407,-1017092160,119871457,496823694,-643282158,34730491,1188913261
9,6,3,5,10407,-1450926090,1516513722,518587226,-1334525427,-1983820193,-223896497
10,6,3,5,10407,704939689,-1007338095,-928015978,-1509085110,278977545,-1947395703
1,7,3,5,10407,-163477509,1422523924,408635646,1628924535,-795374944,1776732947
2,7,3,5,10407,1319040083,-1696447000,1055737827,245642453,-960046147,-162816574
3,7,3,5,10407,1770940291,9356534,1967967854,-1494894621,721854140,75267830
4,7,3,5,10407,1588639489,354311933,-255508856,-1251717917,-1930786655,441996469
5,7,3,5,10407,2018396092,651324519,1531912625,-479886031,404244357,37531588
6,7,3,5,10407,-211010646,-965277510,-266970056,1520936419,1024173327,-458234683
7,7,3,5,10407,1537574700,619465810,1650137048,-892468173,-1720955145,590036943
8,7,3,5,10407,1057796275,1202485629,-540035105,-1003556677,-1781278035,550858197
9,7,3,5,10407,-307712673,1078385598,-1261170626,1704375745,-1062848185,-51533553
10,7,3,5,10407,1819497823,1929673337,-264875880,1215876731,1388676120,-1901572401
1,8,3,5,10407,1445840633,2073509282,1697030935,-199786418,315162983,-1771090879
2,8,3,5,10407,2013300676,-1289788422,889627590,1577668066,1906453849,1673254777
3,8,3,5,10407,-1179226031,1592361720,-59697035,-1178270892,2001569268,-503234240
4,8,3,5,10407,513299105,2062726798,-1290637304,1573980039,-1167392442,-1426140990
5,8,3,5,10407,362266588,706663813,-1060619670,135323239,-1654962375,-1167337134
6,8,3,5,10407,-2054214439,1576990287,1024750914,-229518792,615566534,713978834
7,8,3,5,10407,-2111442528,1038744808,1006864725,1691814968,954772806,235530186
8,8,3,5,10407,843737581,-83366366,1543260725,2120689584,-256946672,-1010181463
9,8,3,5,10407,584090775,1827871133,464446733,252463560,1136264248,1728100857
10,8,3,5,10407,253997186,-1126356491,-1450139451,-624057285,241676377,-1349443193
1,9,3,5,10407,723397118,-1868458369,-746673882,1164631779,1219264255,-1769083936
2,9,3,5,10407,-1614504084,1103468782,-611676140,-2092036544,-1333060168,-1046336558
3,9,3,5,10407,-134841490,190540198,1261285170,-1704594771,306996924,-1473576429
4,9,3,5,10407,1954125468,-854064893,-336684451,-1971604477,1568366375,-576048694
5,9,3,5,10407,-939394773,530413518,-2116093582,-1419036146,352037632,897467524
6,9,3,5,10407,-517055692,1794392460,-173159015,1618099883,990733479,375954366
7,9,3,5,10407,-1282788391,635689296,430934797,-1662756159,-1158446259,-34099905
8,9,3,5,10407,953879096,710320857,1093379983,1208839894,-1831608455,-272637081
9,9,3,5,10407,110625096,726907412,1686547715,-1331201363,1159492931,685051242
10,9,3,5,10407,1338483323,2072575350,-773943503,-1178503564,-361737487,-1673626093
1,10,3,5,10407,-1609078622,1716752643,-1984001602,2054396669,1618067164,-416798407
2,10,3,5,10407,-765491960,277129211,206536762,-1866042833,-767795846,-814850153
3,10,3,5,10407,-777500399,1333095455,1991099586,268533675,426561743,396819592
4,10,3,5,10407,127817366,1799232944,-726275885,-1743613896,733916917,-879915551
5,10,3,5,10407,1851735258,286529017,-1120347479,-1772885241,431254641,947022692
6,10,3,5,10407,792797151,-1175483094,1492553730,-1498419692,1306155964,-351110749
7,10,3,5,10407,1964299601,-831911559,156054431,1534991204,757598365,695466175
8,10,3,5,10407,-589846237,419100005,-210271636,493979672,1275756775,531772552
9,10,3,5,10407,296996289,1597905674,-207490129,-1233123853,-564152034,-575905858
10,10,3,5,10407,-905071469,-1868096625,-761205586,-220190643,341446500,-1157886624
1,1,4,5,10407,-1151718683,1483053402,-102852159,283233753,-992177894,1430365047
2,1,4,5,10407,-1082438395,118704533,-1925022981,1542948292,-1088698469,2014660387
3,1,4,5,10407,-1833231882,1793565263,1779548451,-1438045153,47386928,1065335875
4,1,4,5,10407,1831216262,-1300710289,283290921,-1153055503,195089317,-1666222450
5,1,4,5,10407,-411223042,1213324932,-1416812861,1827635642,-1445866649,1700456640
6,1,4,5,10407,1130788044,862555815,1878801080,24959656,-130982800,228675127
7,1,4,5,10407,1927890789,246531486,1960855491,1850653372,-1619299400,1358703470
8,1,4,5,10407,2057354713,-1163661490,-161937464,-1153968695,-716275765,1303613118
9,1,4,5,10407,-2025351901,317985039,1457299454,-1732003774,-1893695608,153256186
10,1,4,5,10407,181227227,-432252439,-744887165,480411344,-1617844706,-1345375873
1,2,4,5,10407,184645439,1785207579,1226552695,1917127289,1527534146,-63154101
2,2,4,5,10407,324945180,-538655553,-1854047009,603303193,1722719612,1819776951
3,2,4,5,10407,-954536702,1151285064,246883635,-1915941805,2071235582,-945897545
4,2,4,5,10407,-1477846311,-1349628151,1407571760,-210222310,-1194374832,-1754400155
5,2,4,5,10407,696172342,1661786138,2049724385,-322956483,777838823,1337957804
6,2,4,5,10407,475761287,-625645270,534076870,1401839592,-1743705094,1298407069
7,2,4,5,10407,534672000,-1427895746,-262884402,-1951447229,-1269638615,-741829249
8,2,4,5,10407,-2108289712,1777907888,-1768494391,-652953270,-1317010877,74773826
9,2,4,5,10407,-1455038902,902642180,-1693606887,-1597047486,-627631158,682145689
10,2,4,5,10407,-1984947273,1636860614,1509093531,-1788363989,1092236934,1388380316
1,3,4,5,10407,211523831,-89480784,-1748371796,-1694967240,-664874066,-1371337256
2,3,4,5,10407,-1897779287,1987649086,-1161859630,1675924004,-1307286135,-1867735699
3,3,4,5,10407,1305777223,-500702103,1744230897,-1110737278,815825488,-1607689193
4,3,4,5,10407,-50450940,157160425,-1676005479,240283303,100646772,-1653320299
5,3,4,5,10407,-19530728,-980357548,792110298,1379612023,-45278399,-130310244
6,3,4,5,10407,-778914094,-1198917691,1481798314,301805260,500698976,677525073
7,3,4,5,10407,-1060793280,1977255997,-1676284028,114315357,-303197157,212822144
8,3,4,5,10407,128784144,-563525941,1590305582,-2021871838,-138814648,193687120
9,3,4,5,10407,890436340,-1542128888,822656416,-1626211823,1152629449,-193303169
10,3,4,5,10407,-825894569,-823965053,208271402,-391921277,2036043415,1574574520
1,4,4,5,10407,-1356787525,1292772500,-1779753471,185056704,1111974038,798676961
2,4,4,5,10407,1593027707,-1458310988,1510040103,784985746,-1066209910,401185894
3,4,4,5,10407,-1747481416,1805293308,323842296,1086542279,-1887069498,-426070465
4,4,4,5,10407,-2024811684,444126882,663967527,-935571905,609785645,1076785222
5,4,4,5,10407,-138590886,-292114898,-1151397298,-815225928,1923523499,917093051
6,4,4,5,10407,-416525279,1486366942,1094333755,-1629229654,-1237338338,34864966
7,4,4,5,10407,2144636048,88483871,-1007536068,-1455529797,1971976937,-777234559
8,4,4,5,10407,33714284,739887097,1216224733,260436262,-323704997,2119067211
9,4,4,5,10407,1989440519,-23741113,406976121,1088937311,-1937846052,241006640
10,4,4,5,10407,-516072425,756286925,138564526,1866820023,1929324985,-757252174
1,5,4,5,10407,1832569193,2097951309,1217035924,-403764561,823200702,-1265899794
2,5,4,5,10407,771990903,944054013,-155878827,13163914,-118494690,814665103
3,5,4,5,10407,262363406,-1768802498,-508409340,882452369,1342986473,2114097915
4,5,4,5,10407,1569440164,-1772547172,-1233138113,1072993926,-1679741558,-1424701343
5,5,4,5,10407,-544405815,2146375346,-819887996,-521956004,1254783664,1730186043
6,5,4,5,10407,1932122186,1992655808,-816185377,1510912780,289081128,-402240877
7,5,4,5,10407,-1945069791,1466751474,2103043965,-1268793450,-641295042,-1071283167
8,5,4,5,10407,-1520439807,-1414066412,1140996683,-902006828,-1277072708,819695157
9,5,4,5,10407,808029629,141026534,-1594621668,776943714,-94131881,222276961
10,5,4,5,10407,-954260712,1318588075,1761998744,-2077992965,-2027596193,1534137103
1,6,4,5,10407,1645819496,677062642,-1097049071,-69811287,-1155972187,1638711483
2,6,4,5,10407,-210182122,-1769292488,197247244,-1254422350,196327117,134358677
3,6,4,5,10407,-1676657822,766938951,-977531994,-309142934,586884273,-287668585
4,6,4,5,10407,-1133120678,905614792,-838775214,-675545744,-881249847,1096352447
5,6,4,5,10407,766169236,-1232291123,-1941843696,347868393,-123445434,-626309284
6,6,4,5,10407,1644525709,-311748239,-1033955013,-1718323649,1645843688,-690899438
7,6,4,5,10407,-2144521523,-1813944750,-1949082930,-1324124569,864976008,-163121142
8,6,4,5,10407,-1980786699,1070150791,1068928007,-804710207,1515806480,546297509
9,6,4,5,10407,1585094217,653528555,-112122834,862108497,-2135767072,-8421109
10,6,4,5,10407,297758957,1116780162,261974722,-91896523,281905347,555346432
1,7,4,5,10407,-1066238370,-537081908,1347430000,-835177362,-513906381,1857529562
2,7,4,5,10407,687381727,557078793,578444347,-1336511729,1825496451,1321351773
3,7,4,5,10407,-1137924726,1812772742,-1646068921,-140622030,2067066452,144799336
4,7,4,5,10407,-450364286,1358483077,-1849637665,1000592339,-974073128,730948802
5,7,4,5,10407,710743215,1351952095,859651574,1924633072,190160585,-1963877819
6,7,4,5,10407,-970228875,1877700863,-412990702,-2012839557,-977020121,-44826442
7,7,4,5,10407,-786965744,-1009601434,-2065822106,-1775479143,-492570419,833358182
8,7,4,5,10407,775708074,-1683114541,-662616880,724844649,-1375983207,574724849
9,7,4,5,10407,1026679035,-697035337,325802316,-1649570112,838506285,-230308349
10,7,4,5,10407,1972636324,1718432947,1455150091,-1080526189,-71683662,1201733574
1,8,4,5,10407,1922028687,-1149816188,-537654195,-186830661,1391310510,-16231251
2,8,4,5,10407,-1019755766,-1113642112,1471082627,1666159039,1941979883,801552810
3,8,4,5,10407,1084040629,-1496116300,-1695678725,51089990,1900955717,-2032469341
4,8,4,5,10407,-1227226236,-955433180,-259988041,1035346654,2066006844,-968548250
5,8,4,5,10407,532396047,762285959,-864650825,1229858371,-156111922,1878745717
6,8,4,5,10407,1881076983,445916427,1484803742,1084183503,1192604131,588459201
7,8,4,5,10407,1668347153,-1514302118,-251198859,-31994090,-63712388,1641721652
8,8,4,5,10407,1015566743,-863411391,-841387175,754473786,654266154,539489492
9,8,4,5,10407,1851425333,1942340411,-963038847,1562446136,1823436442,584972916
10,8,4,5,10407,-653983499,1434454248,-1727747589,2067119514,-613929504,408783942
1,9,4,5,10407,848078250,1581603451,-1557115391,582938473,1545528635,1094929187
2,9,4,5,10407,697248171,-436862457,-7395914,1688376943,1889570834,-526021442
3,9,4,5,10407,261266370,-618730848,-791416796,-1066081268,-907151588,-1937709421
4,9,4,5,10407,576945895,1172450016,1791228493,1217148432,983621390,999255397
5,9,4,5,10407,1984414515,-107784693,-509816116,452562408,-786007226,-433904949
6,9,4,5,10407,1007329446,-1703895913,1718331226,378594324,-80124144,729785840
7,9,4,5,10407,2104619200,-1151968142,1584648114,544108652,-1144742033,1434020574
8,9,4,5,10407,216521374,1882872958,-325794098,-1366012100,-337524819,1778350289
9,9,4,5,10407,-1598735238,799244818,-2123390200,-1098903623,-291834868,802375210
10,9,4,5,10407,2069577568,-277481513,-1712955731,-285513378,-1727700895,-1399481360
1,10,4,5,10407,-62237010,42703918,2114440700,2122240597,-1574053383,-1450135990
2,10,4,5,10407,586008614,1521871615,1461026054,1816740584,1579182147,1079339354
3,10,4,5,10407,-17654882,-1136280102,-1232012591,1605113091,214525380,-299576473
4,10,4,5,10407,1005040300,-1548253460,-2085415046,-2058935375,-332163074,-1870015581
5,10,4,5,10407,1878371141,1239797702,1881127864,1541182154,1943282039,1282128355
6,10,4,5,10407,671594679,1800586093,349775463,-1550273306,1160031974,-1092282340
7,10,4,5,10407,-1056351571,1023206018,563715520,-430005060,-1509664572,33767075
8,10,4,5,10407,-1537810797,-5559852,117462045,957367654,-388552439,1965594852
9,10,4,5,10407,858614803,-1278027349,-962446085,573237346,2067701583,591848990
10,10,4,5,10407,785530332,960927214,-935717092,-220332062,2007866646,-347755339
1,1,5,5,10407,-737235940,2036993668,-750652536,1779043958,-43922089,-177350358
2,1,5,5,10407,-1731358685,1747464538,-1333645754,-1344993744,1252656878,1813968108
3,1,5,5,10407,1528568398,1880586593,971327979,1062897559,-1021712750,-1404416145
4,1,5,5,10407,-1097496698,-483746057,1209685746,-699819848,-284935254,166637047
5,1,5,5,10407,-556262243,-75944233,-1577179271,1196700937,-1021450932,753010763
6,1,5,5,10407,-63568667,1501254895,-1175583059,139340027,-482317997,-1442839051
7,1,5,5,10407,870604375,-1905795872,1120928588,-940434768,-865055368,-1367612106
8,1,5,5,10407,1671215681,1303241574,736185217,-168447016,1442499679,-1479219404
9,1,5,5,10407,-7811163,-2108237038,579095779,-1849554259,2031880081,1218341735
10,1,5,5,10407,1672216771,1548939104,-830733050,-1942048613,-1684296911,1742918328
1,2,5,5,10407,-678104512,1973193000,-891799752,495871919,-931475692,829100180
2,2,5,5,10407,656772464,1747708273,413643567,1584873086,844584269,1786178477
3,2,5,5,10407,1109674220,1192802004,-208966649,-1101611240,6024445,-922777786
4,2,5,5,10407,-532576795,1778178005,-2008634784,-270460840,401422709,-1859118223
5,2,5,5,10407,1097435535,1267906053,1970668403,1777838514,1936783891,-1666716476
6,2,5,5,10407,1524211533,-1522691411,1242331373,-1130354025,1760020476,1676735335
7,2,5,5,10407,-271718512,285763613,-400342574,1931459286,41101448,2066885850
8,2,5,5,10407,939163586,-1946786632,1519385509,-1958878011,1748384549,-56823959
9,2,5,5,10407,825259467,674047753,-1926372489,-1359958990,-1554529957,1896148178
10,2,5,5,10407,971257373,-579665911,-718557695,-556512132,794490874,-1497872649
1,3,5,5,10407,-1353340410,-553127761,-1220243092,-1108650501,-212918345,-98469953
2,3,5,5,10407,174533728,69336132,1877272594,-556510917,385758064,988694435
3,3,5,5,10407,-2023201912,-529668738,-1345273119,392832392,596815314,-166250386
4,3,5,5,10407,-848892833,1308016729,-561010085,1366024245,1616345853,-667715306
5,3,5,5,10407,-1665100493,-114114373,-107596243,-1172208170,675518980,1280145031
6,3,5,5,10407,-1061194975,-322805706,1216428467,-1364166493,1651308622,-2087247906
7,3,5,5,10407,1368469761,-596204957,828024308,1096987930,816928559,1753234289
8,3,5,5,10407,827657555,655017534,-115065664,-1301553410,-1085631427,-1159411538
9,3,5,5,10407,521015735,-1598654676,891521651,258379403,-1499736487,772648693
10,3,5,5,10407,-1855781520,-299729808,-2074810259,-2024169185,-214676397,-467056603
1,4,5,5,10407,858298430,-295069395,-437800888,-735655862,-678979649,522648346
2,4,5,5,10407,-1210085043,-1273918609,1284583691,1576635911,586703719,1183800076
3,4,5,5,10407,-1412927916,-1862310406,54085114,-337015441,-185664668,165009707
4,4,5,5,10407,85803192,666238686,-1548221851,2099544445,1589931219,1642660822
5,4,5,5,10407,309573175,1225516782,1242432434,502994525,1194084351,1216976364
6,4,5,5,10407,-477313848,37184589,-748568716,606449043,547985883,1319891741
7,4,5,5,10407,1247506313,2088940454,-102459742,1974433830,1008645671,-916387440
8,4,5,5,10407,1167686906,2083102584,562277965,762154548,1165404765,7758236
9,4,5,5,10407,1635368031,605867990,268894896,1008308990,-1813821378,1282164321
10,4,5,5,10407,-1811196374,-1649472177,924962180,171655379,-1650312624,459841275
1,5,5,5,10407,1054910365,-611112204,-654874551,1710566731,-855237213,94102449
2,5,5,5,10407,-1475133002,-1217116094,-337364,-865984205,-1766711386,-2131516256
3,5,5,5,10407,910683117,-375615201,670099495,202800924,1898451284,-157242084
4,5,5,5,10407,-914385433,-1201479796,-712330793,-2095947830,521363065,-1511680983
5,5,5,5,10407,-2073923758,-124996669,-1378603250,749806191,122263153,1916293557
6,5,5,5,10407,1671470077,-2115363792,630045771,-1517809378,1273707952,1976140571
7,5,5,5,10407,762220999,2109670754,-840291217,1116320390,-813888931,-1008035165
8,5,5,5,10407,-1857275083,785186974,1433192516,-802307564,1866650009,-283692666
9,5,5,5,10407,192314639,486719571,-1030804831,1306549101,116257625,1678822203
10,5,5,5,10407,1697026956,1680214942,1992493181,2093285746,-813250260,-602992863
1,6,5,5,10407,152059271,1200836988,-272094047,-2103856898,-659330729,-417446249
2,6,5,5,10407,1399211070,901281972,2755425,733666613,769303567,1531869662
3,6,5,5,10407,203695455,-1444252816,681427180,1843202125,-1350403448,1109681226
4,6,5,5,10407,-1832286839,129087505,1681405224,145214313,1056810657,553561726
5,6,5,5,10407,-1483505829,1905130568,2096303022,-724700626,2002177345,754917394
6,6,5,5,10407,1944395461,2124338443,1573037487,-1803309418,-1237293922,1998326127
7,6,5,5,10407,-1616279247,1060223277,-500172183,-397251183,-503741540,1197428909
8,6,5,5,10407,1743448609,1903526192,-1112440341,2046707733,113957534,-2106505705
9,6,5,5,10407,-1327041380,851014681,1315096487,1984928748,332702454,1753560127
10,6,5,5,10407,-770752404,-1887308333,-953177682,19978512,-612724466,2059203511
1,7,5,5,10407,-658908642,-1215230992,-674775781,-1931431937,432064171,1690620321
2,7,5,5,10407,-65325662,-1131567457,-515828093,1684249092,1271590047,746481841
3,7,5,5,10407,1165955300,-1704798382,-1581206164,1377156828,-1182321812,1925085895
4,7,5,5,10407,1327689921,-1130824181,-849680522,1569205218,1709015121,2026105108
5,7,5,5,10407,591666714,536542765,952372284,-1777173207,672046200,-1762785324
6,7,5,5,10407,306869770,2145956477,-876309851,-1446035353,-672084666,493279150
7,7,5,5,10407,-1046711028,-882726007,-1678425474,849810384,-919445621,-172827987
8,7,5,5,10407,610276482,732380430,638320214,1856625907,-2078034627,1303652783
9,7,5,5,10407,-493789420,1886947110,-1226038100,1170122282,-2050667834,1832111469
10,7,5,5,10407,-593769136,1029010672,-1405869492,334330971,-503898928,1846595789
1,8,5,5,10407,-1028096705,-1303535703,-2054593006,379532058,-2129897424,-786617168
2,8,5,5,10407,763970857,1211896571,-1611404672,-209850478,379034553,-727059737
3,8,5,5,10407,-175380511,1642971356,-1506284605,-94076504,-861530521,-87968417
4,8,5,5,10407,469819474,1363403624,479609139,-1561416564,719074746,1854087964
5,8,5,5,10407,1907263305,-57260888,-1604775484,1866656738,-434942274,690830621
6,8,5,5,10407,-1900656395,-543293130,1218142041,634720172,1406688566,1645462531
7,8,5,5,10407,-923225134,1186761387,405078406,1514609099,-750675807,-685381348
8,8,5,5,10407,807777003,2103585284,-548052976,-28987972,2004115563,1062215899
9,8,5,5,10407,1929043030,-652671580,426043785,-730268053,-1342660550,404337595
10,8,5,5,10407,1000966384,1248095991,391000431,-905126112,720313007,1480038843
1,9,5,5,10407,-225479716,-1077992026,-1542561621,-1538288891,-727796699,-699458108
2,9,5,5,10407,-2036570168,302769630,-221343923,1868796374,-297610446,2133439349
3,9,5,5,10407,868445345,1516151206,-1754578404,1627706363,-803860351,264900403
4,9,5,5,10407,1959997184,-1866937395,1166989947,-808081104,549834810,1880982507
5,9,5,5,10407,338337164,-1213373565,924027289,81208749,1653830279,-964567573
6,9,5,5,10407,-1706427230,617656742,1152208465,-1816578200,-1139728758,-1980227278
7,9,5,5,10407,-1804992967,-720016598,1256198815,1095198283,-1401341676,1626455119
8,9,5,5,10407,-370374128,527673269,1485076199,1716420469,-2131650461,-1038918473
9,9,5,5,10407,1680700766,1368031874,2109572171,4138849,-1453534932,-2075782068
10,9,5,5,10407,2073311658,-660256066,-2110190845,-1781478177,1406438425,-107232433
1,10,5,5,10407,-546340964,1123015813,2116057755,1605609214,1593763847,1900159724
2,10,5,5,10407,488863325,-847424209,-1943614667,-189709531,719350212,-171696385
3,10,5,5,10407,686609771,-153394078,1039020963,-131114372,1680937199,-768690429
4,10,5,5,10407,7575477,-1963696727,413224444,339523689,1365550178,-1892204119
5,10,5,5,10407,552738828,541488884,-1313866296,1504177492,245999415,-304635194
6,10,5,5,10407,600229973,1160398322,-1226991076,-1394886371,1586575370,-1834072504
7,10,5,5,10407,1081823751,77665857,381298663,-1374423789,-1798648403,-1222892009
8,10,5,5,10407,-93216581,1821169940,1977104983,-2117061330,-1679680163,957052517
9,10,5,5,10407,609936440,-1989941533,360284061,-1414951105,-410929300,-1981181607
10,10,5,5,10407,1111345010,1540255704,-2004978667,754213283,-367742530,-542436704
1,1,0,6,10407,-222692704,-1258241867,2137214250,-297996225,-1157337555,-153839045
2,1,0,6,10407,1383298922,-504559156,-164896374,1293634884,-1438978858,1768735050
3,1,0,6,10407,678362817,200395266,-1912778040,-1102873302,-2111950646,408828926
4,1,0,6,10407,2043148173,1198024679,1268376730,-453059326,-1948054888,-676269024
5,1,0,6,10407,1934860951,1604892794,-335095361,993238370,-843504855,1721554777
6,1,0,6,10407,1706561807,-978335554,-1363364282,-1542218108,-357710052,-2002683159
7,1,0,6,10407,-737826,1349667015,1826014867,-1256945417,-543591227,-1436139968
8,1,0,6,10407,45613630,-1882484581,873666694,414718632,-819313225,1073444352
9,1,0,6,10407,2015651547,777670894,-1181447989,-1541317163,506363407,1795103574
10,1,0,6,10407,-1657914397,606194538,-382358268,-1486708649,-1800815786,672528927
1,2,0,6,10407,2065083180,-1534902446,847241757,1348374672,1100387862,1989183019
2,2,0,6,10407,-216346568,-1159568902,-1646891223,-1838315347,-1259910735,1884840778
3,2,0,6,10407,1130231285,1635823063,-33596497,594905805,-821234132,-369486502
4,2,0,6,10407,863717149,229970405,1810790371,2114023699,-136396441,-2133056338
5,2,0,6,10407,-256431157,744029445,-982496974,-1982351630,-689095937,-2062547390
6,2,0,6,10407,-1696655492,1714344346,2003185102,-644892422,1541386161,1979909407
7,2,0,6,10407,1462977964,1714602283,20528921,2046016829,-1894691619,518387219
8,2,0,6,10407,1957020890,1105844505,-1488127875,-870547015,271686376,934031967
9,2,0,6,10407,381948064,-932354193,-1236868442,-1558186149,-1559261759,1377534383
10,2,0,6,10407,2113418084,2117519100,1014045852,-1173784422,1710699478,-925951592
1,3,0,6,10407,-2059440688,-1979265807,1488787246,1756157288,-202810246,1738795998
2,3,0,6,10407,-426927883,-193309193,-735261053,1991695221,-248811789,-1068221703
3,3,0,6,10407,540599048,-1070317024,1813840866,-1144875156,-2114801636,-1551379350
4,3,0,6,10407,-349068518,2046966682,1091659715,-640401325,-1958358112,-1481453130
5,3,0,6,10407,1879352867,-2080440799,491509573,-1498410979,-1632995752,1606514066
6,3,0,6,10407,275614819,1916947892,-1307061942,-539426437,-909130777,-2099348622
7,3,0,6,10407,-1030030598,1733502063,1795755699,698478692,-1447837000,-300565476
8,3,0,6,10407,2029294204,-96667623,-567465026,984162929,2020018135,436954254
9,3,0,6,10407,-1230082616,399937564,1903115312,-293160676,-1255926051,197298240
10,3,0,6,10407,-568041830,-133883105,1484872942,-1528828716,-464921614,1017844671
1,4,0,6,10407,407288818,976136354,-1170345486,-1411075646,442721970,-2088447822
2,4,0,6,10407,-1715929274,1031951337,1966019546,-1482809969,-458086155,668498786
3,4,0,6,10407,289407757,-1981271174,426023786,1141039168,1578187339,-331829548
4,4,0,6,10407,-515878497,-1149358072,1678299967,-1135860157,455726796,213398326
5,4,0,6,10407,1184655375,-1687100181,-1468269521,-2033723017,-1254075344,-1306737976
6,4,0,6,10407,747552626,-520426695,1180293404,-420705628,-1155342246,480187325
7,4,0,6,10407,-1471999925,1864712746,-1833324233,-790131397,596675890,-648537001
8,4,0,6,10407,-799453982,1608067276,485324759,1214723673,-655638828,-1361168956
9,4,0,6,10407,1271644406,1414291816,2057591952,1957263416,1472470471,1499607787
10,4,0,6,10407,1619053296,-1972361838,-985317088,-299362761,-704740,-1402826692
1,5,0,6,10407,-1392236428,-2061622761,394550972,-1559153446,-1436407673,-31500591
2,5,0,6,10407,-2010665970,1623628797,-1078832403,-370829010,1232031770,58422913
3,5,0,6,10407,133039810,-1299383417,1750440453,-1122515297,-59570046,1711885398
4,5,0,6,10407,-872781888,234985431,-1318996660,1893614296,-4299150,-1002953973
5,5,0,6,10407,825262373,351702553,985060767,728618137,356248585,-1298783288
6,5,0,6,10407,-1440898359,-439888080,320308057,-735799052,1180091338,-404462724
7,5,0,6,10407,-1621621644,1418758260,643069629,-1802169684,351544218,-296931864
8,5,0,6,10407,-33026812,2044546001,-343669971,199075306,350166351,-1818221954
9,5,0,6,10407,602463358,-1272630261,1007874880,-140254365,91517315,-515569400
10,5,0,6,10407,1911495947,1795635736,-1012890749,1085211457,1793987062,1990201524
1,6,0,6,10407,-223509476,-1130708476,2137093063,-1314040471,509904551,991523957
2,6,0,6,10407,482665010,2101609597,635592086,-286663578,-1613460923,-323364858
3,6,0,6,10407,-960389544,1892445018,919019581,-423887022,-620325210,453173357
4,6,0,6,10407,-586410404,1389659751,-746938193,461729726,-1707543576,1201111203
5,6,0,6,10407,-150510479,-1993325117,1105337171,-1650704098,1669486804,-1519898506
6,6,0,6,10407,-189220334,133982883,-2034845417,244072665,-3007935,-390340917
7,6,0,6,10407,-1294515623,713242660,1899893050,-1879064397,2106695387,931122215
8,6,0,6,10407,-1774518151,-254347184,-47454243,63305490,1034010734,320828083
9,6,0,6,10407,-1726450472,-2047120832,-68967218,144379404,238720360,-1193314332
10,6,0,6,10407,18858763,2119132191,412660543,-1142853778,-1340045778,-115672721
1,7,0,6,10407,429718742,92677486,929660605,2084439352,2069149576,528853666
2,7,0,6,10407,-1759495343,-1876174526,-1674483984,1806757606,341362371,96259150
3,7,0,6,10407,30945797,580535600,158735155,-1191455706,874104373,-615725491
4,7,0,6,10407,-533295182,1582487400,368338975,1904690800,-2078163896,2048382145
5,7,0,6,10407,-10013581,379457033,-166615694,-1367408731,1878117315,208543321
6,7,0,6,10407,1144264520,799495098,1017648116,1108169907,2026473770,510188120
7,7,0,6,10407,1600524760,-657863357,-2040328048,-1015344727,751747172,1862817687
8,7,0,6,10407,3572538,-2066751999,-747832129,-303448469,2073969518,2069070668
9,7,0,6,10407,-843727053,1048963330,-1555420754,820085046,251522673,-407938945
10,7,0,6,10407,-2052439970,284436987,510499504,-738055984,-1595813153,-1274683187
1,8,0,6,10407,-1601246515,-1890481594,-1570103022,840323889,-1416118336,-1806861123
2,8,0,6,10407,156615645,1295313699,1006608148,485792847,1093769566,-1410754778
3,8,0,6,10407,-1334039058,1885966312,977439864,997150171,1012641781,-143941165
4,8,0,6,10407,737017089,-268165176,-430717120,1281137528,-1091822247,-1002441406
5,8,0,6,10407,268276331,1152947876,1493843578,-181732258,-506377647,1536011082
6,8,0,6,10407,1154209549,1332972881,119660894,-88091463,949661919,113325532
7,8,0,6,10407,-1319844226,317975597,-2101533704,1261053015,-876804521,-813120361
8,8,0,6,10407,-361752540,-719482715,1392599454,545960868,-811723358,-1728316072
9,8,0,6,10407,1742580265,-739118355,1758530374,-1254079601,-693812099,-618471201
10,8,0,6,10407,773721074,-1935179376,-38066869,277291887,1780597311,-1534837418
1,9,0,6,10407,-1767492017,-1877282881,1511903992,133946689,-659715601,-1510672609
2,9,0,6,10407,1352926106,2100088782,2134276726,-1240894523,37981824,1879714045
3,9,0,6,10407,954837805,1193996578,683919817,349065875,-1806848316,506081635
4,9,0,6,10407,-1283749090,623754320,1424285016,1917949822,1898317169,-1359383170
5,9,0,6,10407,912902547,-359986739,-252757374,82715684,26683881,1678472709
6,9,0,6,10407,-2137940191,708205790,-1214302198,798950486,-797558167,-169363305
7,9,0,6,10407,1315144757,-1553656968,761501610,2008876548,-1923663025,368374039
8,9,0,6,10407,-1127363735,-1864618113,-2070283690,1911354486,-1075731231,36863341
9,9,0,6,10407,-1683305371,39291699,1526721984,183372033,-339440010,442235639
10,9,0,6,10407,-444155361,-437278122,-569933823,-1620838703,-555097148,-1874612114
1,10,0,6,10407,797343440,1113555510,344063707,1187106172,1056880476,-806325151
2,10,0,6,10407,-88213531,-1702480099,-1704195247,-341762831,-1456936785,1084193071
3,10,0,6,10407,1618560628,895132988,-1688499421,450070211,466008629,2073995755
4,10,0,6,10407,1827959685,-781631445,575546884,391542783,1112349537,1781905037
5,10,0,6,10407,-1551506140,1913118401,-1334236337,-510528342,49176320,-1798198290
6,10,0,6,10407,-240948039,-834133548,1855467185,27094451,1530951997,-1542211298
7,10,0,6,10407,-689527216,-820070518,303961950,-1421285768,-226266892,1161544485
8,10,0,6,10407,258183042,1037144169,-526088620,1171885753,-1137953841,-1680410449
9,10,0,6,10407,1585107191,725597241,-665492440,1817302388,-208950465,-164983906
10,10,0,6,10407,-1487930728,1189059616,355784104,398622822,-1320750348,1967735520
1,1,1,6,10407,1980946979,1106764931,-1660044943,1556093573,-381413518,1575793688
2,1,1,6,10407,-1669612295,17192705,1470110115,-1470831075,-1671347996,1119726977
3,1,1,6,10407,-1585183627,2083321782,1987048933,1386498607,-1479429466,1428020752
4,1,1,6,10407,1256367283,205047696,957631023,1626889173,1793743641,-332517822
5,1,1,6,10407,1137708035,-1694421435,1949990217,471457673,594888306,-1142056131
6,1,1,6,10407,-1032771127,1973024148,202844538,-1978641080,2072991329,-340109317
7,1,1,6,10407,-1171784317,1487973799,2107780936,-1457801855,1989911772,-1835182541
8,1,1,6,10407,2113314920,2092148760,-1931655484,-1485506696,123283926,1506635053
9,1,1,6,10407,-1596212151,142174261,1143827315,-1101078432,-139518489,-101271098
10,1,1,6,10407,-864073185,-1297187572,-1650904356,962395469,650298423,1748485324
1,2,1,6,10407,-430961169,-1761427621,-1296705617,-1494924204,-1240607021,-444030137
2,2,1,6,10407,-188609430,482593794,-1817349224,337455118,-1175268757,-505040576
3,2,1,6,10407,29206801,161735059,2142406782,-298004386,-1712947424,1673359119
4,2,1,6,10407,-1838770858,1592310734,1228586703,1672206279,-1834266089,-1260532050
5,2,1,6,10407,-1844740166,-908660604,1931465172,1100344400,261973490,-501090117
6,2,1,6,10407,-765239052,1063332133,-561611631,-163429263,-579897574,-1407030579
7,2,1,6,10407,-2050473252,-1449057177,-1848004453,-499162255,-619363743,-308072738
8,2,1,6,10407,-581747407,-807708840,-311891385,334172919,958190460,865649989
9,2,1,6,10407,958333001,1146363427,1975010919,-490275340,-55246314,1841482289
10,2,1,6,10407,-434622305,773837742,-46448235,-2023453692,-158450428,1411527503
1,3,1,6,10407,1683602172,-313668282,1600151871,1718075588,-1254581882,-1324276261
2,3,1,6,10407,-2100903670,-1815345047,-1983668115,650966430,-753453455,713864034
3,3,1,6,10407,576614672,-2012190438,-2147199412,784911438,-1255869671,-604521944
4,3,1,6,10407,-155754707,-711500400,901313683,-264416088,1263548105,1144567291
5,3,1,6,10407,2138057066,-683623774,441361606,532816513,-1806710433,-384820300
6,3,1,6,10407,1192790304,1178186946,-581871858,236587659,633518883,-1312366411
7,3,1,6,10407,-1697919506,1534254055,768967905,-1838643708,-897964305,1897127336
8,3,1,6,10407,361629723,2121918431,609437438,1493086316,-1160922504,2060493317
9,3,1,6,10407,-16928176,1287474893,-1495259759,-1099875831,2096990367,-757214985
10,3,1,6,10407,-1736751466,-120700043,1036292926,-2037290821,-1801141119,-1109823953
1,4,1,6,10407,93601153,-1609053672,-1798599949,1629170373,157644533,-1685979005
2,4,1,6,10407,-1086580543,-203475404,867533377,-1904464836,-1599572294,-1336065261
3,4,1,6,10407,1741099629,-185628600,1259018893,928045294,-1392445288,-1985503969
4,4,1,6,10407,-656857519,1359896594,90767424,-1997924790,1780303463,-1535015828
5,4,1,6,10407,-88928206,1357731435,-35998522,-510529897,-2136484658,524551957
6,4,1,6,10407,-1151370587,-1521269714,1384980893,1066645804,-826516202,-1168136698
7,4,1,6,10407,1434003748,-510914920,836936773,531842215,316780924,-1211548104
8,4,1,6,10407,-459309571,-1395233114,-1480857227,-823501098,-1956263464,1563969747
9,4,1,6,10407,247567600,297694333,-985283678,731571234,-2124013784,474153384
10,4,1,6,10407,2105951258,-431016404,1980529940,435483620,-137830457,-1813437934
1,5,1,6,10407,-623646130,-261559592,-1321857849,-1323471142,582571468,1547469244
2,5,1,6,10407,-678328780,-896310459,1805088239,-1944663893,1496261337,1690485435
3,5,1,6,10407,-399920914,-1196575241,1359574010,57795259,-351427614,1036648640
4,5,1,6,10407,2091923613,161947373,907476609,-45671189,-366158458,1028898011
5,5,1,6,10407,1500732790,1083433365,-1787582496,1229359074,1691560760,264931757
6,5,1,6,10407,253552489,-350780476,-1349245664,-352677667,1678875142,-2005838706
7,5,1,6,10407,2090202501,529728454,1642117650,-384311784,720742336,-182728083
8,5,1,6,10407,1460427120,-510621081,972367293,647318614,544067597,-308521946
9,5,1,6,10407,1663423957,2117122318,821302604,-158670339,1969008134,-518489118
10,5,1,6,10407,-284058263,1999465877,-1581729386,-371022419,325990706,-729979325
1,6,1,6,10407,136253183,799729090,-1463115746,854131996,632801237,-434206614
2,6,1,6,10407,-1648579488,-296949967,435529928,-478130862,-112267156,-1636309690
3,6,1,6,10407,1255753570,-988736995,-98547837,1367981732,1099150619,-621779550
4,6,1,6,10407,426301701,121498779,-827335116,-1985458268,-309874288,-1171310302
5,6,1,6,10407,1783122327,1551797132,-1258688248,-528059288,1416928568,-74837810
6,6,1,6,10407,138296011,615085098,-1698257176,1673570364,902891794,-355983001
7,6,1,6,10407,-1871574893,-1260063780,-629579698,-1062560440,-478813627,-1224670803
8,6,1,6,10407,-1825218581,167647513,20365635,-539308159,-1957329193,-703598091
9,6,1,6,10407,2066640558,-1716475411,-762393100,383825319,-1052222718,942966851
10,6,1,6,10407,-1685264451,1080338592,-957283853,823788584,-1563066164,1974302153
1,7,1,6,10407,-713452044,-723813580,1054427456,-1386596848,-1916913824,861819042
2,7,1,6,10407,1457516707,159446872,-488841728,933245786,-684329608,-1453035685
3,7,1,6,10407,-599740060,-963217711,-456497271,1289152806,207855107,444883126
4,7,1,6,10407,-562722635,1623189813,-140692057,-439652163,1495570387,1317489564
5,7,1,6,10407,-1390617709,-495467909,2035059124,652821788,2090767052,-1871848502
6,7,1,6,10407,-1939371262,494663423,-1408852330,-999876551,-1445583461,1411816543
7,7,1,6,10407,2139807188,-1248190639,1290569263,1179912924,1839599116,-766263809
8,7,1,6,10407,-2078073909,1663989653,526706475,1484382981,-1050318014,-598018109
9,7,1,6,10407,379924114,46357420,-459526480,-412237280,-202231287,1992232091
10,7,1,6,10407,261036067,1364888923,-1733011980,-131307165,-1831554024,1629455972
1,8,1,6,10407,-1897586691,-182231576,1143342630,-1394091118,-385712422,94007228
2,8,1,6,10407,1386178069,-609073372,-1462080221,-1595705436,-668764240,903874749
3,8,1,6,10407,-2108509856,1000381086,-1672831930,1778397731,418139598,1805772851
4,8,1,6,10407,1093259581,1454231422,1993616468,1949528340,-1246276158,936445904
5,8,1,6,10407,966729055,-964900338,-1890620249,2025611784,1047668402,418505054
6,8,1,6,10407,-1305373540,1343318936,-306994677,346977820,852678169,805621440
7,8,1,6,10407,526204630,-277259212,-174737683,1223748147,2100080895,696574294
8,8,1,6,10407,2135111184,1616112794,-245708315,312427305,-982856091,1088061727
9,8,1,6,10407,650501172,233700618,-1188051967,1596076623,-1729038580,1507563619
10,8,1,6,10407,1248753479,713087616,1824724342,1150419334,-870437914,-1753893799
1,9,1,6,10407,-43111995,-385779733,2043569880,1167819202,471088030,1427901090
2,9,1,6,10407,-689252068,-518024632,1987575696,-1754766850,1689151738,2146527449
3,9,1,6,10407,-496299829,-1217657217,-1999323248,-1824669852,-1372711574,-1586849803
4,9,1,6,10407,1454541078,-1389788638,493459625,-572165380,692725547,1203368233
5,9,1,6,10407,2063341712,-652112416,1478749042,-1007646127,-1889201910,833641179
6,9,1,6,10407,1474038215,878574923,-692861728,1668232019,28501142,1294916252
7,9,1,6,10407,-1690248989,1738408837,1959328647,1212555674,-921824922,1987902443
8,9,1,6,10407,888868540,1003878988,-1240382834,-1306026890,1264433301,133890586
9,9,1,6,10407,-255229921,916822628,666919448,1576872036,1235109038,-766463887
10,9,1,6,10407,321334803,364345279,-241906597,-2045389537,-893156630,1556402222
1,10,1,6,10407,1641872775,1012229593,536102030,114886684,-2019834304,-120426067
2,10,1,6,10407,438894967,-70873355,-155445799,-693423909,-1110356333,-1732110279
3,10,1,6,10407,-1478124908,-391302934,-1423091113,944014226,1860345465,-686119984
4,10,1,6,10407,-882559634,-201106864,-1821521434,1985242969,520259294,219820085
5,10,1,6,10407,-791692169,-1787889666,-1781387811,22623453,1764764865,183388981
6,10,1,6,10407,1442518547,1522461096,-414959801,-2099548505,-2093604821,-125763334
7,10,1,6,10407,537542595,-1369096176,1350485493,1121750879,1947914039,1801874754
8,10,1,6,10407,-205622698,-148562585,2021567259,-1868727406,151274246,-2060201685
9,10,1,6,10407,-1512015426,126759979,1324025436,-1897471489,1496714009,1672719791
10,10,1,6,10407,-1021378017,-1429840411,-1080600079,-1643280034,-22498472,-1677497297
1,1,2,6,10407,-685638285,-752996614,-752435225,-1699828045,-1450972044,-754977486
2,1,2,6,10407,1636385048,-1427563053,-1866362837,382058372,2048972129,1692923496
3,1,2,6,10407,-294951091,561553244,-2061943820,940344389,-486585945,2110250999
4,1,2,6,10407,-688927862,-1802397626,-2028834287,1600553638,136812125,469433661
5,1,2,6,10407,-1832091478,336228326,1492662409,757928588,-514375831,732357630
6,1,2,6,10407,1960207574,-458099499,908122310,1465491949,-417652204,676894011
7,1,2,6,10407,352790219,1870723480,-1281070,-832099543,884204455,-1932094819
8,1,2,6,10407,114124667,557010292,380242335,-1394945101,-2083516236,17723757
9,1,2,6,10407,-1898536618,-1809758539,2049528848,2036972231,445276173,462020213
10,1,2,6,10407,-24322253,208277948,-1228127207,1309609295,-1709922759,-2108353693
1,2,2,6,10407,-7079230,-93185713,103036124,541786687,1949289588,1026367928
2,2,2,6,10407,-661689835,2123262425,-1865920072,-972759796,-517555264,-2060643777
3,2,2,6,10407,585544394,-2067606110,-1743047262,-1259511687,-1747467780,1469905509
4,2,2,6,10407,227884550,-1759193984,2005494909,-1505708085,-2014885846,139142568
5,2,2,6,10407,-1989374973,1468888167,-2139349415,-1370172297,404361587,-1950154356
6,2,2,6,10407,1558047077,-265655377,1644102471,1397500007,870591453,306012093
7,2,2,6,10407,1125273975,1508285652,966554970,-1533681897,1792022730,-1746431351
8,2,2,6,10407,1935989657,1073097537,2063927401,744871743,57271316,-769366966
9,2,2,6,10407,557679180,-2002661845,1609183592,-254926189,-121963238,1143825649
10,2,2,6,10407,-363330280,-1751074034,777830419,-449647410,-702218679,1694140567
1,3,2,6,10407,340648132,1643493917,-678362084,280865184,-397304020,632561979
2,3,2,6,10407,311538826,-1658300964,412266138,-1284758811,611990577,-1481897661
3,3,2,6,10407,-115855688,408491388,-816934678,1828591890,530949226,1134634034
4,3,2,6,10407,-801601871,-336516702,1910212939,-931512703,-974261445,-1803608532
5,3,2,6,10407,797608784,-403573981,852557190,-663948457,1416505745,168909334
6,3,2,6,10407,1562930896,777559467,517022845,418834333,-1836132463,-347829720
7,3,2,6,10407,911333074,-1459577035,1502747611,1226292130,1144885505,-92472578
8,3,2,6,10407,317277990,-1660815303,1750397577,1331187087,-277694041,-356752095
9,3,2,6,10407,1878860445,1806921456,2124963583,124635731,-548081241,1826863764
10,3,2,6,10407,43071836,-616365085,-91545328,-660598888,620324529,-483013179
1,4,2,6,10407,-1774894399,1217671794,-31188387,-953741984,715669522,-737409930
2,4,2,6,10407,-316770134,1760468218,-1435655516,-807222558,-821797107,252943375
3,4,2,6,10407,-1905509144,1872142428,879217140,1105126042,1604106009,1732725940
4,4,2,6,10407,-326847527,1830869249,1259156882,1040490192,-840960189,1766116446
5,4,2,6,10407,-315706222,-1483105536,-1510605173,69493306,-588150244,205784565
6,4,2,6,10407,-1243340349,-2001621596,1145241240,-630686430,312978305,-1188307093
7,4,2,6,10407,-97208516,2026853346,133251930,-1661495629,-264775815,69927639
8,4,2,6,10407,-568170626,-724538385,-625062658,1321598271,113474706,-1159230808
9,4,2,6,10407,-1699135983,-923039285,1929370843,174717890,-1556441076,-2060089343
10,4,2,6,10407,-690331706,-682052803,-173214092,-97910867,855518730,185926202
1,5,2,6,10407,-109594665,-647750849,818480443,1691568698,-688132257,1131868384
2,5,2,6,10407,1054791800,-253659012,-1585129350,-824774279,-337624916,18116428
3,5,2,6,10407,701786057,-1613118483,-1720212836,1737862891,-1508962147,670876431
4,5,2,6,10407,1781469342,348527487,1090508674,727258024,-1409788678,-299943571
5,5,2,6,10407,1303719702,-542632187,-1582511255,-111406537,-1402685473,-266308296
6,5,2,6,10407,-468151111,-500658455,-1610623440,818753089,-1902093265,1141608114
7,5,2,6,10407,637744876,-750247180,1675576009,2059613544,-1735977884,1842279523
8,5,2,6,10407,2064452451,-1848854127,-1547161965,1318526647,1023047785,-1148047892
9,5,2,6,10407,79854414,1427031614,870704137,643243528,594079140,1374976977
10,5,2,6,10407,-307967398,-584047322,1831574163,-1542564071,949184452,-302386185
1,6,2,6,10407,-1347235320,-1283581434,1638242413,1710743522,-725240910,-1486826878
2,6,2,6,10407,1893432838,-210426788,2136039715,1795190158,-1139768844,-2125160206
3,6,2,6,10407,-1260820796,1182105544,2096769292,-517497351,-873856454,1553341375
4,6,2,6,10407,-1009669698,498972030,-595365512,-916368135,443914161,978938889
5,6,2,6,10407,655721200,-807357806,272055534,-2015433495,-1925353825,-771824957
6,6,2,6,10407,-361715694,-158285737,-2018133207,254920715,1561269396,-1487399444
7,6,2,6,10407,636615610,-568731576,-1699456733,-1222413131,490578103,-1544329806
8,6,2,6,10407,596422002,-681134226,1914432187,873095127,-253044590,1472185734
9,6,2,6,10407,660055061,-1473847939,-400687101,-587137503,647406901,-1928317572
10,6,2,6,10407,-1999829109,-843600284,-835395713,-1068911050,624475808,795939461
1,7,2,6,10407,488789463,1365104430,1576534964,-1731890729,1818044785,-2029247182
2,7,2,6,10407,716699883,-1616396141,-2006753767,-924205607,1967561397,-1795071340
3,7,2,6,10407,-1313347325,1236614642,-117555951,184013697,-1032213711,462103758
4,7,2,6,10407,-1222838304,-1418820621,-1242763883,128180017,1730879760,1968884473
5,7,2,6,10407,-305542976,-1291990766,-2104301773,-1185630083,-1985813635,-376375475
6,7,2,6,10407,1236108320,-1791666885,1353546642,677446439,-2127417230,354829894
7,7,2,6,10407,-722699732,1103483238,-1824498706,-1183530512,-273547460,-1904804688
8,7,2,6,10407,-205506927,-47309749,1618007547,-1971977346,-617910446,-260274625
9,7,2,6,10407,503577214,1787426552,879943876,1232261441,-822770693,-1515401546
10,7,2,6,10407,1743925838,1616292536,-1097335080,-1491337663,-1300484429,-1491390318
1,8,2,6,10407,1304001055,137698019,1404974875,-288372363,2009186656,-1293972677
2,8,2,6,10407,-59569702,1560476690,-884636361,-860927795,1984897600,-1539657
3,8,2,6,10407,-278524448,1754486886,1945701962,-495812854,805403476,-1530234888
4,8,2,6,10407,2061503251,-1096544568,-1383129255,-455738270,516130277,554977985
5,8,2,6,10407,104525424,466810479,-31040450,-40760923,1301527394,-1764359881
6,8,2,6,10407,-1346775786,-1010552035,709968793,1550282604,541169354,-276998818
7,8,2,6,10407,-1322115303,1610917026,2100629835,664051361,-48363183,-129861485
8,8,2,6,10407,-1912801550,-137852693,-734587583,-1862649147,1402499736,1237896924
9,8,2,6,10407,857431071,1478580877,-466283826,-1338039751,855869528,-241883360
10,8,2,6,10407,529159460,-835161229,832244342,1944034012,-2068834446,610263664
1,9,2,6,10407,891478107,286946972,1100408872,1542565482,-1304245696,1121133441
2,9,2,6,10407,-640817517,2093277797,1118239060,-1111302242,1844872723,-1700504668
3,9,2,6,10407,-1151920251,846234616,839863232,881633095,-997710703,1082503225
4,9,2,6,10407,-1569887853,750142007,362843463,368570354,523548989,1512191547
5,9,2,6,10407,-336869321,-1400183328,323651312,1442638476,-139520675,987820066
6,9,2,6,10407,1922547541,1339385876,-740997724,-1574386179,967739731,1990937832
7,9,2,6,10407,-1003338951,-1240023234,798735355,-282776177,-221465305,356806279
8,9,2,6,10407,2050298748,-1181591480,981318349,6928953,50996409,1301079393
9,9,2,6,10407,377899196,-1041638383,-575399632,412353876,1369029202,841129816
10,9,2,6,10407,-912754027,-332670691,-1239786796,-1859535567,494108989,-1908146111
1,10,2,6,10407,1425568720,158774242,-1114791000,-17703010,322255807,-1024214217
2,10,2,6,10407,-1908824455,1497854572,2105428748,-601195934,190746141,2117040561
3,10,2,6,10407,2008267677,-1904953479,1260422557,438573017,-1439803042,1285301722
4,10,2,6,10407,1008358496,2111391219,2101104695,-842736176,1946226391,295624666
5,10,2,6,10407,-1537202809,1797487034,1063095091,-745082028,-887174842,-831904114
6,10,2,6,10407,-1035103417,841892762,-571018636,-783612398,1651430790,-1287477458
7,10,2,6,10407,-1875898268,-1432265411,2122803949,162781533,-1198381017,1844768445
8,10,2,6,10407,-1572037959,1390704798,226263938,-410588920,1701604844,-1072272762
9,10,2,6,10407,1176743420,-1832217355,1493065881,-1761463653,-1702104034,680257473
10,10,2,6,10407,-449573114,1518459767,-1013725989,511921734,-1149512577,1946982980
1,1,3,6,10407,720767185,375862953,3611716,1465127633,-236849317,-1131454596
2,1,3,6,10407,-958088934,2129185023,775157476,-560863977,905774015,-820157891
3,1,3,6,10407,1349014897,-1675431040,-409641783,-988457257,1316086230,1467946876
4,1,3,6,10407,-181743526,1149949785,381399254,2052098872,-739421642,919066778
5,1,3,6,10407,485031446,686815183,-1783585623,-80524438,1415350859,-2078298653
6,1,3,6,10407,-1233307475,-1252461968,-1449382492,961798913,1085874428,709468457
7,1,3,6,10407,288187847,-211622960,1120987703,780629055,-129181629,76943356
8,1,3,6,10407,-1371425694,1654528952,1228167470,349281557,809892493,315627496
9,1,3,6,10407,1677211055,-2039639707,-249789950,-1412059690,1381194342,1637528088
10,1,3,6,10407,-1993597414,1386178765,-1914556692,1206832054,1946543030,1717079804
1,2,3,6,10407,-1111641881,-913242623,231557308,-91315044,185285808,1764445464
2,2,3,6,10407,-1695379118,-106243165,885621979,-1621157450,59830251,-1570279437
3,2,3,6,10407,-1154144122,96774587,-1001929639,1655071303,-1507886095,-1165063320
4,2,3,6,10407,1662795100,298818307,444441135,118649516,-1795152784,71718520
5,2,3,6,10407,-734080175,-174615347,-2135018845,-699483716,663027814,2036607139
6,2,3,6,10407,138949697,42847488,1307206149,2105112981,1922190891,2132018641
7,2,3,6,10407,-1414359358,-14164091,1210613787,508657006,-1270210764,769994762
8,2,3,6,10407,-1061149387,-1235439040,-369258716,1194508763,-503200489,188474094
9,2,3,6,10407,-1318302663,-1650722519,-1147729695,1092552730,-1107352185,-1276655142
10,2,3,6,10407,-1763647715,-86646044,-1925010902,1442488481,209922823,-1820107522
1,3,3,6,10407,-65682077,1953135414,-1737478262,-1679647047,737663805,1670174977
2,3,3,6,10407,1923286435,-2013882392,-1542597734,1193912239,-137278966,-30211451
3,3,3,6,10407,-387889135,-1378810727,-1291759667,2139660703,-917413564,-1023308611
4,3,3,6,10407,1155377793,1241448136,2100591698,-984969156,-200172005,1927600336
5,3,3,6,10407,1930809717,-1496303609,1248702984,339468340,596745261,-497472491
6,3,3,6,10407,803576848,-1307865608,-311230519,243881666,-1448263120,566460167
7,3,3,6,10407,-448688255,1035000673,-1423697482,1247469916,557672780,-1111376928
8,3,3,6,10407,406194275,856970393,139731788,1372911432,1107850787,563997126
9,3,3,6,10407,-1289405250,-823425429,448953842,584699184,-787157038,-1345354911
10,3,3,6,10407,472398683,-930786772,-743594920,149300938,2135463925,2002386740
1,4,3,6,10407,1110757729,-1619988646,833775546,1314833297,275709149,895635911
2,4,3,6,10407,-560331777,1710476469,1329622958,-1903440280,131783872,1126766148
3,4,3,6,10407,-1670601224,764865184,1304692455,-935214305,1763851079,1445729246
4,4,3,6,10407,-2087121498,-1637590545,1971240613,-2005863927,-1310908964,17231576
5,4,3,6,10407,-975525375,1218625025,-1735114150,1309521255,914503032,1735196883
6,4,3,6,10407,1222126919,-1098936944,-879448543,253368998,-1019909997,-1306211930
7,4,3,6,10407,-27785626,-1311188839,733602014,307087712,-1321918614,-1952600102
8,4,3,6,10407,2132150435,-439580519,2100869878,-1997547011,205909143,-892522653
9,4,3,6,10407,77828633,-979070918,-2023523472,776256962,754059580,1161616870
10,4,3,6,10407,1124863628,673151775,55143213,-704072776,2145141777,-390822689
1,5,3,6,10407,1657979440,-356045248,377023154,473839533,-305695568,589745930
2,5,3,6,10407,-403795812,942333302,-2061539234,-837056510,-1340853275,1129063629
3,5,3,6,10407,-1508195351,-1891728497,1874405945,-474160067,-595002553,-1644520567
4,5,3,6,10407,-1172810840,-114423428,578124207,1218075916,-1290102136,-1773795447
5,5,3,6,10407,1246149190,-463760120,-819472262,-146182258,1397104729,-1811933277
6,5,3,6,10407,-227049067,768949083,-1715581525,92554358,-449065758,1577037122
7,5,3,6,10407,340225449,1784879130,1473606392,1775035385,-429341701,1917922011
8,5,3,6,10407,-1966727923,2046053567,1137671279,-426990843,529594665,-1256882343
9,5,3,6,10407,-1996777102,85467563,-329556899,-1615169511,-1682160821,2143901040
10,5,3,6,10407,1057461201,561573188,-2069189639,682847676,335034228,-660501580
1,6,3,6,10407,1439772963,747978692,-1207855728,597897205,1552656367,642650381
2,6,3,6,10407,977015415,-1669416772,48564697,-811785964,-1902572768,-714812794
3,6,3,6,10407,-1838905149,1383194606,-1572590393,-334593832,1582900022,-704031267
4,6,3,6,10407,-1870210562,-2048912975,-1098472844,764595017,446375854,1460284159
5,6,3,6,10407,-749490328,-88019519,-223515471,-51124164,1268182328,1402669819
6,6,3,6,10407,-267704279,97164924,295624961,1561630795,578227511,1529854456
7,6,3,6,10407,1847789968,1711347955,1984046586,695066283,182268170,-637667174
8,6,3,6,10407,461477528,442432587,1213489795,2042452892,905087892,1607782363
9,6,3,6,10407,-1892405723,-1116290181,1154478898,-457881072,-1878500686,249269909
10,6,3,6,10407,-826960955,-2101142148,478532328,2039287285,1137102996,90375355
1,7,3,6,10407,-129660478,-760991666,137740926,-1466431835,1689831459,1276147924
2,7,3,6,10407,1337649069,2124790502,-1913122499,-815536873,-355474577,1814992952
3,7,3,6,10407,-1822115524,-696601803,1976026034,-1060321995,-725048722,364702376
4,7,3,6,10407,102871825,1775094638,-426380284,-1541508014,-2096915109,-1166700676
5,7,3,6,10407,277164799,-679824823,703966624,1799045916,-1032023696,-1377478144
6,7,3,6,10407,-1652224964,-780436250,1225256237,-996112604,-1850384733,-1677407238
7,7,3,6,10407,1856516070,-457673127,-1417296271,-1079227719,-1839971031,709751651
8,7,3,6,10407,318406469,-479435856,1564416067,638714497,1666797836,1894039366
9,7,3,6,10407,-1112561881,2142052211,1678429966,1769901054,106593546,-402675074
10,7,3,6,10407,-1680002513,-1291125042,1008814895,1680013382,-633307729,-309918068
1,8,3,6,10407,20655616,331500475,-444979320,-1355785830,-900014590,-625634784
2,8,3,6,10407,-1953660076,-881356349,-614465997,-1845991853,-1290700199,1210508126
3,8,3,6,10407,-1953817813,-552217386,-340500910,143101181,-450140287,456036712
4,8,3,6,10407,-792051390,-605895863,-627686153,-1138845153,1556697336,-3980739
5,8,3,6,10407,323513602,-364966740,-1695542767,1638393138,526574745,-847203788
6,8,3,6,10407,349376943,1769913330,764898369,148428584,-1242039643,-2024750195
7,8,3,6,10407,-424410507,-161015852,983277130,426302198,699144906,1606442736
8,8,3,6,10407,1913102656,2012483436,649092167,1526612671,-1585488919,1224906381
9,8,3,6,10407,1708609032,829293852,-599825024,21466151,2012806950,-1470421478
10,8,3,6,10407,1668716629,1044555518,1362697827,943803782,811199400,773629470
1,9,3,6,10407,-1698723547,-24755553,-88537163,1268794053,-147106310,-535425093
2,9,3,6,10407,-850852529,-188781962,706536928,-1697471289,-1508267698,-670071247
3,9,3,6,10407,441221192,-143288707,-1227302582,-1820585196,-1630140253,24457030
4,9,3,6,10407,1292389894,719562268,24512614,56372562,-601688515,683615967
5,9,3,6,10407,1524764550,1504170960,1544044189,-1589008644,1230480948,-1939757668
6,9,3,6,10407,1142241098,-1298867933,1957947161,-977883959,1871864584,1576064883
7,9,3,6,10407,-449333261,-1394445465,526297675,-234178497,1402586323,745988945
8,9,3,6,10407,-1626243036,254635030,777246628,-274445914,2144504572,-1147655251
9,9,3,6,10407,-1582215453,-656883864,1880450272,169880060,-543247450,1961782786
10,9,3,6,10407,-1005922742,-1038695536,1813537790,492658211,-1409668711,1515994393
1,10,3,6,10407,-945416446,-2042125711,-145685636,-529359021,-396638732,658316583
2,10,3,6,10407,896949859,1066166564,-427163138,439726728,-413599277,-1011374378
3,10,3,6,10407,-1236833245,-743757757,855522396,-894962646,-428322248,-404657400
4,10,3,6,10407,1778188262,421813115,-1726614356,477615142,1125551207,1739719673
5,10,3,6,10407,-1061278445,170736446,-1359521035,1457376127,2068025327,-1561224679
6,10,3,6,10407,925721040,959074256,-1237576658,-320477689,-1138222224,319289042
7,10,3,6,10407,2117629507,-1324323964,-390903073,-1203944456,608121160,-779347934
8,10,3,6,10407,-1439262760,1249705012,-1118012898,-1767017865,-445883048,1026959312
9,10,3,6,10407,-946488,801182456,1806288128,-1439692785,-1546592707,1782760029
10,10,3,6,10407,2095341687,-1311938216,1213999497,1778822524,-1783162532,-220072487
1,1,4,6,10407,473041906,1947523475,928743417,-91771908,276939631,1857844688
2,1,4,6,10407,152242603,-711956868,-1818551142,-43006736,1936824110,1050158308
3,1,4,6,10407,1673418403,475175239,1326167828,-484114397,2020766182,-1661179193
4,1,4,6,10407,1953357521,-2005310384,1845599509,1932945819,-281513746,-887375380
5,1,4,6,10407,1365806201,-1003798348,-1099423082,1153735075,-1972064505,137299705
6,1,4,6,10407,-1359598511,91796226,-102735615,-1221775284,1502412601,-581913115
7,1,4,6,10407,836801416,-226547480,-1463592129,-1541453799,-732651959,790790489
8,1,4,6,10407,-1031278694,-9523700,1239042406,903569759,-520994603,1623485122
9,1,4,6,10407,-1296791362,-1438648031,101007561,-1968726129,-1556803598,2059909337
10,1,4,6,10407,-1467791758,2082574213,528737532,1172604839,39991703,1678068739
1,2,4,6,10407,-1221344492,1671106465,-1946659741,1147310955,429720671,1420459336
2,2,4,6,10407,1892592973,-678310204,-1612927679,-1149415545,986480093,-171723732
3,2,4,6,10407,-1949969060,-895016512,-1382823390,-1647121723,265397562,-1171291600
4,2,4,6,10407,1503885532,834678212,1922913533,372439311,402732752,450090105
5,2,4,6,10407,1152306095,1941335928,1207215626,1473269861,854452258,974261021
6,2,4,6,10407,1080572216,-2018084165,-5385046,-748296238,-1422940292,-1660230562
7,2,4,6,10407,-413988198,1418623400,-503060256,495491849,1715548344,-1169996004
8,2,4,6,10407,-66479180,934796957,-1721796036,-1449129304,-1872168380,270135312
9,2,4,6,10407,480253430,1637954084,-762406733,876243487,110857422,-1507962233
10,2,4,6,10407,857749035,1640712881,-707091818,-1967864686,945443846,1800575235
1,3,4,6,10407,-1448920889,-557202158,-832887485,-1777172365,-1919354861,1792176032
2,3,4,6,10407,-548427695,1223433910,-743351759,-2031900284,809549917,1734559254
3,3,4,6,10407,-465407411,20363544,-481775843,1733933082,593875070,-338915174
4,3,4,6,10407,1795496089,1643774176,-1452047705,1535746095,1705021804,-288451098
5,3,4,6,10407,962286318,-1881567750,1631198076,62012662,-675843862,418443075
6,3,4,6,10407,-1112336874,-1429042442,1419666550,1922445032,-2081007894,431014364
7,3,4,6,10407,965765954,-1859113229,1111116843,-1685204737,-1801260177,1133025379
8,3,4,6,10407,697673313,-1901399700,-836574214,-357049435,-517776290,-1244480104
9,3,4,6,10407,-1441662620,71530598,440375712,-719389933,63038965,-308165
10,3,4,6,10407,359150572,941884625,-1153950337,-1298871035,-2132073778,-837206849
1,4,4,6,10407,195247346,-1716647462,-1681519076,340322581,-1824680306,709006997
2,4,4,6,10407,911816836,1438000384,817269987,-795373298,2079010033,1126826654
3,4,4,6,10407,180041629,-1495340564,1532642610,2141165810,-716776925,666429382
4,4,4,6,10407,-1374216498,1827734900,1889304423,-1153570588,-563679804,1343915073
5,4,4,6,10407,450470979,-405718572,177504488,-1510142673,-1484467092,973784555
6,4,4,6,10407,-1544357173,-1013032900,-1099627113,672963806,-705966183,1030880957
7,4,4,6,10407,-1442626977,1082711587,-253895580,708929850,1630947911,1185129808
8,4,4,6,10407,69749739,-1222147601,337979848,-1079645590,230895951,-1243053840
9,4,4,6,10407,-1554513626,-1059587647,424907738,290897955,448819561,449322098
10,4,4,6,10407,566846163,1781682863,215785909,-797200679,-1025286378,753074957
1,5,4,6,10407,2142753727,1672117578,1779590796,1734195030,-2097209085,-43294004
2,5,4,6,10407,-1354561895,1714319183,-310594213,559923106,2054889711,730893922
3,5,4,6,10407,1295458019,1538544035,-1187193990,1885712731,1741591264,1325033019
4,5,4,6,10407,1231481766,-1690029000,2051087090,1767898728,-1769490473,-1243752530
5,5,4,6,10407,-739910597,-288599039,-885145822,-1905619730,-1306782613,1357967214
6,5,4,6,10407,757305691,-2013981747,-190362637,176276386,953471948,476131288
7,5,4,6,10407,-391346887,-1788240188,-1213350294,-1957923635,907915046,831228094
8,5,4,6,10407,1053610070,-63355154,-901028809,-1298588693,-792989829,-2139963944
9,5,4,6,10407,179829395,248896741,-646167806,-1758775499,-990592562,-1820338172
10,5,4,6,10407,563957055,706748720,1462599625,-912871098,-422131568,-376492979
1,6,4,6,10407,-1159369732,-1755460268,482464479,-1636751805,-495297506,-2105422399
2,6,4,6,10407,-853966006,244154846,-1113678213,1231895587,-1273552520,-354401965
3,6,4,6,10407,1904152888,-159527075,-1588021669,-618371067,1818882563,1610787329
4,6,4,6,10407,562282963,1781776845,809273290,-445556177,1836347058,-1155742828
5,6,4,6,10407,-1841428445,1984364549,-741653945,521019490,-2077869929,1609283738
6,6,4,6,10407,-1316487389,-2091094024,221915758,-626155162,166488832,1082914005
7,6,4,6,10407,-1465807046,95176027,-147566046,-1246627845,-1888175155,-884639851
8,6,4,6,10407,1379073492,-1013413889,2141779376,-216569886,2114496811,-1916451130
9,6,4,6,10407,-2128570333,659068644,365534964,1657980898,709721100,-1533557631
10,6,4,6,10407,1130659202,367427859,375513200,284371784,-1880489049,-1192599561
1,7,4,6,10407,-975895660,-1527177326,879088701,221574230,905780561,1929871654
2,7,4,6,10407,2044995633,-1448987827,1009972535,1557325464,31504473,241895464
3,7,4,6,10407,-1292709777,398568502,386292356,242768980,1587629590,-677525198
4,7,4,6,10407,-1506789398,1498600061,1070468812,-1847221476,1689521779,-658279509
5,7,4,6,10407,-629739196,1486687819,1361264763,865410445,721435569,321722528
6,7,4,6,10407,1235295956,1533503615,-426533602,56439025,-767260737,-989043651
7,7,4,6,10407,-1138770823,-829795501,-1695372341,897095314,1505868136,-1636977454
8,7,4,6,10407,1862934331,482376485,1491038961,593068128,634056482,-2033115638
9,7,4,6,10407,284132844,-1865458094,-1807766359,755570751,404007335,-62185439
10,7,4,6,10407,-1026471064,1207681229,1295787278,1638763227,1133714278,-560270742
1,8,4,6,10407,232385760,80585071,234824823,-311276600,1328839039,740770104
2,8,4,6,10407,-68919932,-725388781,-1563678271,29840684,708922180,-1017058494
3,8,4,6,10407,-516072374,64389069,-689956236,-1064971622,219768617,-514496127
4,8,4,6,10407,829872129,-667028854,1290591047,-1452668049,123230040,217598870
5,8,4,6,10407,-1056220783,1464341879,2010165667,1659920474,-531039703,-1580571789
6,8,4,6,10407,-202206506,1064288577,-896262588,-697477358,2109283807,-700223007
7,8,4,6,10407,-757879654,-1392624610,980850666,-566369801,596314310,1771364254
8,8,4,6,10407,1586452812,958254464,1592321990,-966247691,1738208142,1003158623
9,8,4,6,10407,1712209136,-254415027,-192265660,-904302836,342133119,973493089
10,8,4,6,10407,-2049300199,-1594303573,-399170274,-1086138611,725648349,-1754563955
1,9,4,6,10407,1686702696,1044803749,395444065,1643224057,-220846628,-710677643
2,9,4,6,10407,1544955461,944519441,893993583,-1305567403,615194996,-347439591
3,9,4,6,10407,1002245098,-929090825,-1165323324,-636410360,442512613,-820183360
4,9,4,6,10407,2128052383,-2043653963,-20862094,-143148252,725131436,-324947353
5,9,4,6,10407,-689735433,-1657333565,1404019088,450670113,1064104145,-119427870
6,9,4,6,10407,933228785,-55003664,-1160683262,1224726633,-943475661,156093530
7,9,4,6,10407,496454942,-1462353174,513486826,-672224075,985996001,1481790186
8,9,4,6,10407,1746059846,-212280279,1884606837,837745605,-567201141,-101423477
9,9,4,6,10407,1387717927,-631695157,-2088580189,1188268417,-1140975326,-43823623
10,9,4,6,10407,1968854304,361346496,-926061484,256820578,698956015,-1041261943
1,10,4,6,10407,-586416423,-1943546948,421191566,1955020058,-1110569808,-539287094
2,10,4,6,10407,1747966028,568421515,-375042566,-823092888,-2129809260,-1160445123
3,10,4,6,10407,1808783861,998240972,-1208250005,991500727,-1246657481,131489085
4,10,4,6,10407,-634828236,-284670332,445989305,1853762997,618323735,-356436579
5,10,4,6,10407,1224785020,-304528431,1753444175,799415280,955525127,1996071302
6,10,4,6,10407,764483405,128164550,352490326,-952376988,-2064301195,1666612253
7,10,4,6,10407,341101269,672517527,40012653,1136619361,-719541727,-1580477328
8,10,4,6,10407,205284184,-640460904,-679426906,-1358280700,1650578283,192635651
9,10,4,6,10407,170173896,1799213168,1552736579,-1877224757,1845722647,-1716269799
10,10,4,6,10407,419283763,-1125061059,-1526012667,-1662871883,551363475,-398257617
1,1,5,6,10407,-1550243756,620262867,1212771354,1072818640,1967262211,-803453308
2,1,5,6,10407,1107584411,1806005028,-447509379,493680110,-835824518,-895618959
3,1,5,6,10407,2058620946,546650390,1007517534,-565413923,-1614010313,317974027
4,1,5,6,10407,730820805,1606419695,-1342834359,-1883188624,-833454952,875103860
5,1,5,6,10407,2023236186,334630939,2032796422,428458750,877081872,402928598
6,1,5,6,10407,-1093881043,1005330593,-1070148400,-1623808868,2046701220,-45610419
7,1,5,6,10407,1022417910,129014801,-1068506392,-1399512922,-1913428091,-1524093464
8,1,5,6,10407,1355363387,-979508171,1444454059,2026396211,-1321459894,1635204474
9,1,5,6,10407,-1793411606,-802679222,1973516449,1020243115,1654990806,-766686093
10,1,5,6,10407,1119924302,371230673,-1674145803,-71644526,193479828,-793796996
1,2,5,6,10407,-254479549,471743808,147946870,892622933,1690769754,-1324391564
2,2,5,6,10407,-2030939554,-338335246,619949960,336201080,1289506084,-1605893429
3,2,5,6,10407,-1845765221,1632552108,863325244,-1464197248,-3633217,504642924
4,2,5,6,10407,854560748,1493350827,-799536047,-639276604,-1776341912,-1687523180
5,2,5,6,10407,-2064711500,1014894736,-1668293940,-1882838842,1662040878,-354906919
6,2,5,6,10407,522028732,-267184335,-1261892900,-1554242403,1466841859,1776418687
7,2,5,6,10407,-553819399,-538625470,834058003,-1892251131,-401808433,722646411
8,2,5,6,10407,-517334125,1647706410,1004386614,295300715,2000660483,-1609597195
9,2,5,6,10407,-1294524381,1116897708,1427971237,-149950541,1244309195,-1069074808
10,2,5,6,10407,1318400534,941462102,-2068323615,403640809,1537596867,-1065041857
1,3,5,6,10407,217451328,-1149185274,-1248086627,-850288545,1101890124,1276570441
2,3,5,6,10407,70732801,-115950423,1642640053,1464752817,-1238838538,1828663531
3,3,5,6,10407,1791864107,2095225346,-1132325235,-1873588668,-1778514431,-1167161490
4,3,5,6,10407,-1820469705,-1779675931,-210312723,-924380547,802444059,610618337
5,3,5,6,10407,-916462548,1234282242,1761336930,-727038725,1402041236,-1007991424
6,3,5,6,10407,110462654,1580761113,-1876200009,-883300061,-1801961410,2110436815
7,3,5,6,10407,-1410033346,-918752780,250606813,-1946789540,1848096949,-1017434303
8,3,5,6,10407,1423750260,1904384251,1667492006,-1056714799,593749769,-1441791018
9,3,5,6,10407,-1097697776,1753198194,-1800342966,647321955,1284147369,1618755967
10,3,5,6,10407,266543348,1570125221,331785391,-409503846,1571503696,-35634956
1,4,5,6,10407,-88465504,347847956,1670146383,1548785456,-1985516035,-405698832
2,4,5,6,10407,1033850131,955115096,-1277739709,219660972,-862505384,-1807280317
3,4,5,6,10407,1620231182,-946791627,1812707402,1064642838,2115708833,-264492729
4,4,5,6,10407,-1914566377,1391894155,-348816896,1694302200,-743898864,285681297
5,4,5,6,10407,411263418,-1007791373,-234229974,-1453835702,-1388945127,-698548023
6,4,5,6,10407,1023675125,1378454557,444822925,-1463146304,290034444,-203310816
7,4,5,6,10407,-669823976,-90373323,777359523,786901412,1952435903,582376315
8,4,5,6,10407,657174540,-1375672413,1572163210,170319364,-304198925,-1261900863
9,4,5,6,10407,990783176,-549147674,1443386938,-822084383,1693482125,1227315194
10,4,5,6,10407,-1900591171,99677411,-916474416,1345789130,865015886,1384441902
1,5,5,6,10407,1953761518,248103466,-1540167304,7417195,-509813842,-842621360
2,5,5,6,10407,1644684772,10681149,807894065,523939644,-158216500,-2005866042
3,5,5,6,10407,885693784,448694882,1690522512,462550148,691605751,-2008320269
4,5,5,6,10407,-1289324159,-1700448641,631131818,-646103298,-1748343708,-1176189657
5,5,5,6,10407,-2078460508,-680259959,-1826032072,-1432342890,-1065669826,1240220719
6,5,5,6,10407,1970995400,1161869573,-1486198458,1901252439,1921539350,-537441110
7,5,5,6,10407,2132769203,-282971563,974953373,1078906250,1500111890,-1665954823
8,5,5,6,10407,388989749,-710119116,1682206221,-1054523775,-1418802136,1593532455
9,5,5,6,10407,-1346430739,-662191134,-923027106,-41406286,-1550678131,576358098
10,5,5,6,10407,1262242898,-836230404,110604403,158088480,-45796548,-1640752633
1,6,5,6,10407,1795903050,-697696177,1095069220,-400069761,1196862660,-1166631340
2,6,5,6,10407,1406212676,-465969936,-23461527,-449497584,-1868918144,-766484721
3,6,5,6,10407,1095547085,1435587044,1814744286,415245826,-1662654415,1284668966
4,6,5,6,10407,-1261404141,-397081844,-1872043229,1527604820,61638981,575512636
5,6,5,6,10407,1005021482,-188014610,546391252,-824856923,2037437771,670878275
6,6,5,6,10407,-1124226543,-377173241,706954622,651574754,-390804995,237881562
7,6,5,6,10407,1654979459,-1242317295,1424599864,-1953345419,821404163,-71791209
8,6,5,6,10407,131333026,-799378724,-647254894,-179417968,1219092541,2107785676
9,6,5,6,10407,1478332016,-749106207,1736833266,531852539,-138707665,669470913
10,6,5,6,10407,-234887166,-264916290,-990781482,-335755374,-790010640,-1200429322
1,7,5,6,10407,-406231,-209453406,702334955,-1793490571,1914301503,790328636
2,7,5,6,10407,697997640,575224950,-1450011403,-141693442,770418700,-1732611890
3,7,5,6,10407,-1070399877,-1818247079,1646797894,-2070929786,-657672808,-2105716012
4,7,5,6,10407,1077272835,-490197683,2111636502,1878111100,930931216,-796820343
5,7,5,6,10407,19042587,1822951269,1545727336,-265756945,269525875,2093361180
6,7,5,6,10407,111776257,1624036195,180979707,-1082003126,699495598,-1579045133
7,7,5,6,10407,1827466747,1072930426,23287944,-101606015,673269925,-528223352
8,7,5,6,10407,1082873710,1559080527,653043135,-839882134,532152250,-1993591287
9,7,5,6,10407,-1074787489,-2051647172,-1844354084,-474406926,-1402966951,1999445359
10,7,5,6,10407,-4997588,1058195099,-2063761020,1478650952,-50326801,-2069684759
1,8,5,6,10407,1241514740,588478016,469994560,1588148107,-110526191,1501093531
2,8,5,6,10407,-1328731242,-1374904869,-990823256,969739319,-2000427874,-1887928644
3,8,5,6,10407,1556321175,621169302,-566302312,148696059,-1771396395,-441483788
4,8,5,6,10407,691412972,1867400791,1755851105,397596103,470505174,-308822692
5,8,5,6,10407,-1422099846,531170026,356572931,-1461972484,1601254887,-1321101708
6,8,5,6,10407,-1754146879,-250053117,-800890511,137788355,238033997,-393547243
7,8,5,6,10407,1881358061,211527970,-523626924,-1108175159,-1809817982,1092410959
8,8,5,6,10407,-765192489,-1771800898,970401929,2117322858,-1092289409,1047382929
9,8,5,6,10407,-473749785,-1855179433,1293914922,1040940163,-1595433165,-1297423533
10,8,5,6,10407,-1578856487,-1227958525,886409519,1635914214,100338750,-530202116
1,9,5,6,10407,321584713,-900507722,-1588277509,1962865465,-1381343369,560002487
2,9,5,6,10407,700981910,1835881707,1689577898,1391300431,-1607052473,-372924542
3,9,5,6,10407,-1246475458,757202683,-910190459,-554554139,-1873671336,1994644680
4,9,5,6,10407,-2133921769,1754504334,93318521,-1145977007,1718652294,1545599196
5,9,5,6,10407,-794547620,-1291899822,572059865,-1153755542,-144650017,1896513196
6,9,5,6,10407,492718509,-1975155018,1427906369,-161074073,-1879864651,203324353
7,9,5,6,10407,-1935587225,1650343272,123113172,1758385449,1473498949,-1141890355
8,9,5,6,10407,420844685,-1785517128,1471642790,-1736404583,165398249,-1617272761
9,9,5,6,10407,-1484373252,1833582614,-653291960,699917652,2083388189,1805414884
10,9,5,6,10407,-1494530808,2146727636,1555895864,-604646532,1532432199,-1892461793
1,10,5,6,10407,1612486225,1518565642,574398610,-1872364738,1806788634,-577395018
2,10,5,6,10407,2031641573,1993698517,2134502377,-692695145,-497384626,-1307318546
3,10,5,6,10407,518120281,902980391,181449318,697416409,1009406394,787948163
4,10,5,6,10407,1335657028,929305266,1547649439,-318839399,-772762506,733480484
5,10,5,6,10407,1376114707,-1472069958,1921838121,1959916898,-1723016430,15701220
6,10,5,6,10407,-2046178803,-1075665302,-266704294,-1724445,231914381,1958274679
7,10,5,6,10407,35622820,737511624,-635478405,806709521,1186067339,721962217
8,10,5,6,10407,-1025239481,-801915025,-1966137431,174370514,1827161971,-890037094
9,10,5,6,10407,-1257225055,1848835392,-459099068,-109183387,-1756187843,95489483
10,10,5,6,10407,2084083808,-1334879312,1126697208,778208059,-411645055,433684099
1,1,0,7,10407,-951462897,-1409241925,-1018914639,-1511360790,-93714507,-1973116039
2,1,0,7,10407,557064887,234311022,-1585961345,1266193223,1692495743,-690707284
3,1,0,7,10407,-474066141,1076974136,2102373018,1627665208,-1600688087,341931870
4,1,0,7,10407,-717117813,-1588990620,-208780057,-851057417,1311819664,1835211374
5,1,0,7,10407,-797992004,1019326949,156272296,-1953216008,775777400,1848659705
6,1,0,7,10407,-208200741,773446334,-152953900,561644085,645505264,-85608153
7,1,0,7,10407,41854381,-2034927560,-86141868,1468374578,-1447697178,-1012657451
8,1,0,7,10407,-1282441130,-1826335000,957327134,1833369621,968765865,611364933
9,1,0,7,10407,-555090741,-1777668994,-640645178,-359393984,-1649433271,-1116234755
10,1,0,7,10407,1139920557,1074160768,-1345416025,464787271,-960340127,-623157187
1,2,0,7,10407,1738455793,1765708829,-1617108997,1695532993,434495711,-773944161
2,2,0,7,10407,1099075164,1822556421,948331650,-1887020291,-1251658142,987235855
3,2,0,7,10407,1225993060,-1864140990,-256898558,2101143158,632038066,-375029345
4,2,0,7,10407,418642997,-1273868785,1639382894,1001757930,-1701564280,-643337257
5,2,0,7,10407,-1713777684,1552034668,-1461161320,-1967897157,484894227,-1020312219
6,2,0,7,10407,-1319696842,-1063182873,48319486,-658130588,791202096,-1969625503
7,2,0,7,10407,-290490810,-1134361142,102776909,-1709004011,1402739234,-112963651
8,2,0,7,10407,-86077480,1318054668,-1280717403,761166317,452160317,-715154210
9,2,0,7,10407,-216186304,-1461481192,-1209753199,195680085,641553414,956903420
10,2,0,7,10407,-1487881468,-564695642,15355245,-704041733,741539554,372925618
1,3,0,7,10407,-1934476783,-1230664693,-918340518,-965167711,-635630432,-299675569
2,3,0,7,10407,2051814055,656513390,-665977121,-1848073609,1576015174,1718710918
3,3,0,7,10407,67555666,-1728122124,333795968,-1351180236,1037212916,-357247983
4,3,0,7,10407,-1646459833,1983758456,915236570,-1496609226,2124242905,1692533657
5,3,0,7,10407,1106962820,1324789346,-606102047,-498268381,1915323582,-829607636
6,3,0,7,10407,-1407099960,1608885393,-1918770026,917647621,-1780660117,526841927
7,3,0,7,10407,680458980,-337789283,668109878,-477187893,199599343,1015119472
8,3,0,7,10407,1619183719,184275463,796154441,472691010,194766975,-737618595
9,3,0,7,10407,458772388,-1680696245,-411276010,652545782,-1006007513,1749032012
10,3,0,7,10407,-1598027400,786161185,-759349898,1637263962,-135274155,-1241514427
1,4,0,7,10407,1232455951,-1467449540,250859519,-131641021,-1969700289,-1621338692
2,4,0,7,10407,-182967690,381304070,1102447,580879885,-839081679,-440451200
3,4,0,7,10407,1926533825,1665674003,2012817073,-1358443998,173342357,1971634640
4,4,0,7,10407,-348480315,258815407,1915764898,892394958,-910516513,1974075367
5,4,0,7,10407,1024584422,924537952,-567499856,213770430,-1825761523,-1352807809
6,4,0,7,10407,-114538871,-873571718,-1165092967,770743888,-1680774950,-545037151
7,4,0,7,10407,365507049,-844757940,-2007846159,631609457,-1638383183,-54102745
8,4,0,7,10407,-1032450242,576133513,-148571381,581041400,-1655244668,1611102682
9,4,0,7,10407,389302538,-1938861931,-734095776,1526386069,825807374,2134850323
10,4,0,7,10407,606476362,-1812624813,-125522929,-1167745699,1998469720,680059608
1,5,0,7,10407,-2046066320,-1163884694,-1674749519,723512978,1555851235,-487072631
2,5,0,7,10407,678995191,-1939321747,2078016667,-822326594,-1169931434,1941981494
3,5,0,7,10407,398037983,-1715619221,1190948123,-807131431,688742729,-1317152216
4,5,0,7,10407,50043525,-430567906,-1276212452,524858038,237047243,769682543
5,5,0,7,10407,825406829,-766795189,880547131,-967338527,1986608331,-324795762
6,5,0,7,10407,-539547611,1182833495,-1390700620,-528370247,1647121630,-1687759910
7,5,0,7,10407,856365411,1088751398,968452967,606103205,2062287845,654822094
8,5,0,7,10407,818593490,-1202506650,484621172,330388590,958584593,-1011665613
9,5,0,7,10407,-282780531,-697772391,564204438,232228080,835190720,-551246464
10,5,0,7,10407,-1322979898,1108685019,-2042349134,-639775516,-1464758045,1686522242
1,6,0,7,10407,947535025,-1404974920,-944822338,41249702,2078822791,-1010248303
2,6,0,7,10407,1103884714,1413997767,-2107827609,-1311951055,-736483031,-1083458069
3,6,0,7,10407,1417071756,2110524753,53902174,-1405981663,1010383365,387944961
4,6,0,7,10407,-1399283100,1722279432,691381780,-796945496,-188336895,1530880367
5,6,0,7,10407,830790194,-1922086497,1167171778,2106788949,-333271612,-1830412452
6,6,0,7,10407,871224160,383190530,1610900920,1372031166,129461704,-1500336647
7,6,0,7,10407,1691470746,965152835,-1072549005,-1004333615,-7108112,-282873319
8,6,0,7,10407,352483489,731157754,-1464314624,1921028831,-1805359387,-35145482
9,6,0,7,10407,1101321340,-539525233,-1385401308,-904205543,-347616739,-2041751537
10,6,0,7,10407,-1401558220,681797756,1157988087,-789517465,2079933468,-1899382458
1,7,0,7,10407,-1340236066,1464881516,697299150,-1682599455,1772403808,1957706457
2,7,0,7,10407,517719196,2118465653,1368476417,563859498,-172542878,692614234
3,7,0,7,10407,-1643158397,1695469084,1849325101,-1659827226,-925335348,1310189218
4,7,0,7,10407,-2078659116,-892304140,1663107582,-58845298,-2104818198,382847721
5,7,0,7,10407,-1139025818,763649393,-319498024,-1785011763,-829522256,1707627479
6,7,0,7,10407,1197490009,-1288227669,-167298542,2064849416,1119546566,1504097240
7,7,0,7,10407,-322828167,-1127438571,-1155807243,1258402841,-301261585,-579364212
8,7,0,7,10407,857721441,-902224809,452258275,1871956712,2020390264,-582614306
9,7,0,7,10407,-1053553003,-1950838677,567046794,-2094559377,936991603,-1837984229
10,7,0,7,10407,-371609039,-1322364909,34738672,1143394971,1581308012,1770687521
1,8,0,7,10407,-244932088,-1439494990,1697560873,-1881237808,1383892162,1484457051
2,8,0,7,10407,-716262496,614517190,-784638786,2140803783,-353877593,544227439
3,8,0,7,10407,855832661,-1625910371,-136065390,-1575628605,913431484,-2145964351
4,8,0,7,10407,1973825372,489445650,-745879112,1128991515,-185612930,-591514090
5,8,0,7,10407,-372955667,704519056,584192075,364543116,1030587252,-1152391384
6,8,0,7,10407,498533772,-1271037482,1631681371,-1353734287,129775668,343762317
7,8,0,7,10407,-1342898608,-407779051,919397332,-855009358,784781882,868483572
8,8,0,7,10407,249124800,-2009182077,-107519958,-1617972514,-66729192,1193741504
9,8,0,7,10407,1337789946,-974123657,-1016592415,90561297,1787034684,1347210481
10,8,0,7,10407,1551418421,280671793,-1245891676,-352196538,-1126820070,-729823885
1,9,0,7,10407,-1883562009,-1634151567,-1588597720,1790421575,-1254397639,-1939399863
2,9,0,7,10407,645731890,-1196440822,669002003,-1593702818,-339936236,865314433
3,9,0,7,10407,-201792149,-402322796,2086581712,-637042110,-2120547809,1957381182
4,9,0,7,10407,362483961,-544778043,-1152319535,1550837530,926092099,2052991777
5,9,0,7,10407,803376753,-1807753557,682629755,-1267474328,2052386670,-1621177420
6,9,0,7,10407,702517026,-683445442,1531248767,1393438180,-1185215982,-810850523
7,9,0,7,10407,572471187,-1541083629,-2076572662,-533966213,-2087407996,1383957353
8,9,0,7,10407,1896573346,133221558,-232829082,1640361673,-1065058443,-1002197290
9,9,0,7,10407,-1748853635,727053473,613122391,-587264534,-816875274,1224188825
10,9,0,7,10407,-986299030,867942059,1836293884,-1673223783,-1844985041,-1859097778
1,10,0,7,10407,1591477721,1806274293,-1123563840,-1612351319,844270700,29266385
2,10,0,7,10407,339835907,426469296,-1003598615,-462363688,19777943,-871268279
3,10,0,7,10407,-478040148,-2067312251,101868043,800388801,729662340,1365592825
4,10,0,7,10407,2022880754,355988642,674378411,-2096472188,145893909,1113003245
5,10,0,7,10407,-246897800,1753931279,133114677,-1130317515,1370615519,793372628
6,10,0,7,10407,-1211260611,396781541,1408981870,-627395152,1655387386,-1104546162
7,10,0,7,10407,1742061785,478680571,668794725,-1674856234,-1306423302,1094478199
8,10,0,7,10407,-2138616139,38352371,-486414424,-2026630573,-2000828237,-123816374
9,10,0,7,10407,-1206770060,1511527425,1085988214,-1325578828,-852570011,-1281752764
10,10,0,7,10407,-1781649303,29412742,-1367457259,-430332331,-1318339273,-904074334
1,1,1,7,10407,1662446229,-368839833,-841265719,1005815269,2132243265,1173189338
2,1,1,7,10407,1331232046,1930396124,1658453117,1869457763,-660879157,-1769483642
3,1,1,7,10407,-1114554173,1361705571,-1121141657,-481101699,-1058440429,1912934930
4,1,1,7,10407,1738887893,-302333340,1323309585,1129713252,1427987092,1557914334
5,1,1,7,10407,969095288,-656139293,-2048203090,-1450892490,-255431127,1071429463
6,1,1,7,10407,314597768,1859539563,894044771,-1476970351,368978081,389542774
7,1,1,7,10407,-1932295121,-550843032,-1540910817,-822270144,383748509,1035367481
8,1,1,7,10407,1243477225,-376565715,-599834015,584637176,1182760563,259963447
9,1,1,7,10407,2035045963,-1335010450,826109952,-1757828110,15698260,705049120
10,1,1,7,10407,-317142965,1232895814,892644670,-1678829092,434614266,1294587307
1,2,1,7,10407,1605368391,1490755959,1973134885,-989603190,250244258,1543980456
2,2,1,7,10407,508968557,773532876,-1440056628,-739700975,-35961521,1187431587
3,2,1,7,10407,673494303,1866464946,-297398367,-1997219984,1362871091,451871431
4,2,1,7,10407,-263165514,561282866,1485797555,1890398116,2113958068,-88689408
5,2,1,7,10407,-1025758130,-1883022818,1569833945,1960089289,363192286,-391113086
6,2,1,7,10407,-232599288,1925483402,2081910145,-586203315,-482802364,-68702929
7,2,1,7,10407,299680939,-2046832176,613992925,1102758562,977961286,-1131095099
8,2,1,7,10407,61751226,608112458,361896430,413561376,-747254994,-2063554655
9,2,1,7,10407,1407843043,438350561,-1181526264,132208635,-1912694906,-1405590207
10,2,1,7,10407,-1031759392,-1815411246,-1208676847,1308140983,569273771,-602329719
1,3,1,7,10407,-1981973677,401432176,549145713,-723138351,-909284995,-1133522510
2,3,1,7,10407,-807910175,859123313,2079503425,1659997328,-756035707,129597245
3,3,1,7,10407,537940006,1058438049,-984220529,-122057846,2048790854,-26458519
4,3,1,7,10407,-894087157,-1587175233,1488036240,-1905867582,797893630,572490042
5,3,1,7,10407,-1722770830,2075743455,-396385681,510137836,-1392613875,-1799818996
6,3,1,7,10407,326931266,791906943,1720653161,1500015435,496959401,1606022734
7,3,1,7,10407,-1044699465,-414007031,7560993,1182717697,-1473908338,1538066187
8,3,1,7,10407,679849940,1098619659,-493749899,-2145128699,-2061785079,1343965162
9,3,1,7,10407,1072360743,551429838,1270558569,-1120288276,-1647216745,-695377320
10,3,1,7,10407,-478997566,-1331661200,-2076606662,-567470460,-1882909554,-1216799976
1,4,1,7,10407,-799173681,1305113641,-425563173,-170584502,-2086677082,302102659
2,4,1,7,10407,-127153773,-1383035627,-1621913817,-710811072,2144077189,1619751983
3,4,1,7,10407,1561707998,873078173,276522902,-1548486918,-1439143177,-1627715214
4,4,1,7,10407,1515839416,-1719548596,36358095,1401705799,1214426789,-755864017
5,4,1,7,10407,-1479021585,288462090,-643262191,-28235144,-724055653,-562879117
6,4,1,7,10407,-191763868,-576206244,597618702,-1013530816,-1435586894,-1130348007
7,4,1,7,10407,589992229,1458514417,1130641004,-1043940535,-532950705,1057886998
8,4,1,7,10407,928818540,2054694132,-1822605349,-1880910567,-1447274683,1363699545
9,4,1,7,10407,396351985,831078216,-1285915923,485505686,-1871605554,-325836977
10,4,1,7,10407,295688308,-839003985,1924913995,-1623895776,-933866699,-2079596435
1,5,1,7,10407,-1087090038,1465854880,1803293192,-1228664313,1486174816,859358278
2,5,1,7,10407,-329070252,-929695304,-1850034615,1152650264,-901823527,-677395533
3,5,1,7,10407,1009514902,1995517203,1600486886,55040698,-1119867723,1626362334
4,5,1,7,10407,-940437283,1368659879,1979344376,-1116703679,274409306,574354378
5,5,1,7,10407,-541067695,859728175,-1083588621,2024014770,-958396102,1373512949
6,5,1,7,10407,27404384,1098078440,-1346657913,1569639756,-1093738650,1930846785
7,5,1,7,10407,1521017327,1771138035,-1872520749,603760897,-473362809,-1103219101
8,5,1,7,10407,1861135196,454360337,-673907538,-53305014,-766060352,-1818670154
9,5,1,7,10407,1034293457,-1297419843,-484267872,796294862,-342703184,-1421329530
10,5,1,7,10407,141855314,-591306115,1609077909,1517390786,-399804091,-1782727598
1,6,1,7,10407,-477736673,1742465567,-212327216,-240347391,-146335419,-1204302109
2,6,1,7,10407,-49378504,1715792272,-861210555,366058176,-850355957,144709741
3,6,1,7,10407,-582135167,254168461,635710822,-764785959,-84249486,-828209518
4,6,1,7,10407,-93497478,-216218556,1175976152,1008913044,-82335825,1838053701
5,6,1,7,10407,1776444864,-1117813275,1883941099,-2054233746,934646871,1392332981
6,6,1,7,10407,1742694528,-57750508,-1102584243,-501709139,297516905,-488221125
7,6,1,7,10407,1921286839,86093621,248615995,1960245113,2033368424,1178423728
8,6,1,7,10407,-671176215,-153556591,-999608665,60321372,-1743698537,43209310
9,6,1,7,10407,-1251856713,114892328,-391516292,1564339333,-531770980,1339944232
10,6,1,7,10407,1721448676,1872242704,-690496005,1831705529,-1512466871,-539378085
1,7,1,7,10407,-1557456088,-313208840,-617759380,-719806553,1862101588,934082204
2,7,1,7,10407,1604145499,-1504014657,-1040107256,874821474,1612303796,-989305477
3,7,1,7,10407,-787783532,91732146,-1618373362,-1265166829,1082950270,-262090743
4,7,1,7,10407,-1842662140,-217751896,-16777335,-530779291,880158333,-1460661035
5,7,1,7,10407,810004175,-1428671019,-1562521579,520852321,390426016,488620317
6,7,1,7,10407,362282152,-688659710,-366161893,-1119678345,513798052,397962818
7,7,1,7,10407,1224276944,-328891447,-1718657177,1380419198,664738242,1202749482
8,7,1,7,10407,-221724917,-1042467508,-2018332254,2123624313,322692455,-1172332103
9,7,1,7,10407,1745306627,-904535755,-1706807066,-1590234578,1416248789,903979898
10,7,1,7,10407,-623954805,-106304881,697708931,-1286277529,618749231,-35023704
1,8,1,7,10407,-1802198920,418680774,1860702014,660046517,-1908959321,-1444564932
2,8,1,7,10407,1535892758,-1635915408,-1924347289,1680991908,192046893,-343002310
3,8,1,7,10407,-1156690908,2009479283,562883579,-300850922,-1087409415,-148380848
4,8,1,7,10407,321678246,-624672229,2079737550,2115822483,1084760985,1583799330
5,8,1,7,10407,1115346765,1070457137,1475646102,630392024,-527936711,-832651988
6,8,1,7,10407,673746780,-381111990,-1808047853,344886740,-1530739021,-1076588593
7,8,1,7,10407,2114331048,513670009,1187806444,-1061784578,12979222,-1465344103
8,8,1,7,10407,-2001564001,700780070,2091988401,1517279347,-612092777,1100321032
9,8,1,7,10407,819207440,485774295,-1077901923,476077249,-1303286843,565414299
10,8,1,7,10407,544780187,1186032613,1518901125,-1859286079,1993116871,1825576871
1,9,1,7,10407,1062812626,-1239516148,1289776686,766171861,-22494256,-1283259315
2,9,1,7,10407,1454030290,-435590586,-260037194,930030202,183770229,894480095
3,9,1,7,10407,-1398794701,-1453124830,1930224189,-311556585,-1680936808,-1370651987
4,9,1,7,10407,272567217,-513269783,552620669,1083900702,512856173,-1113420894
5,9,1,7,10407,1719870119,-515292186,1729643555,-1919712676,-1881673751,704577483
6,9,1,7,10407,26585356,-1425242797,-1963978639,718443144,353196025,836065083
7,9,1,7,10407,680167159,1049133405,-1036645057,-343567357,382670721,1268080828
8,9,1,7,10407,-1243433717,-1315121997,185349009,-1235236533,1570201460,-1634885281
9,9,1,7,10407,-344130567,1664112782,-1714755094,2050807426,-913491908,1730865105
10,9,1,7,10407,1402392656,2116082282,2139296915,671546754,-1926393958,-39780880
1,10,1,7,10407,268964801,-857676609,-1893099757,-526243208,-1217961731,1741762566
2,10,1,7,10407,1875868517,283380360,300360302,1046422697,1993885128,236736783
3,10,1,7,10407,-1293780772,1329242740,519934080,2021847109,-1507343640,-1272871975
4,10,1,7,10407,1908581362,-1142204256,1856246091,1089529293,1960056425,185001670
5,10,1,7,10407,697604901,585680059,-509637702,-284072555,-381379223,-587227724
6,10,1,7,10407,1157535010,-2087433501,-320022782,-1174593983,1332850574,-748920335
7,10,1,7,10407,-659073399,-1986419411,764866354,1230880858,22812246,-1099007026
8,10,1,7,10407,999401303,-2060627136,-2063678730,-505369953,347429706,41525925
9,10,1,7,10407,263286442,-756861033,2005197513,935940029,-1303167927,1787074617
10,10,1,7,10407,-1989820604,1478473858,1542034908,-23776026,-677847031,-1645102044
1,1,2,7,10407,1685472291,665470054,-1201947031,-1776400306,1474605395,1265002995
2,1,2,7,10407,-2052875919,-1569646098,180420850,-1780397971,1108713790,-1869977598
3,1,2,7,10407,1388798875,-1605971549,400034957,57094092,-1272911485,1292795755
4,1,2,7,10407,-905349748,-259955265,-1121830117,28632283,1453691049,625121938
5,1,2,7,10407,398501039,-530012883,-149464063,974009228,-1683756798,-907850902
6,1,2,7,10407,-984043759,149406565,-1953678372,251307743,-473453082,545113001
7,1,2,7,10407,-1751443784,-1325348113,-1509094977,-2045269606,1419406514,247290437
8,1,2,7,10407,694480223,1940036047,1582405623,1932583553,-1465038412,1186061940
9,1,2,7,10407,-941490026,277140358,-1325946088,-38003623,-113945855,-2018552756
10,1,2,7,10407,-1998860919,1152175391,-167745280,-1520763466,-1578331086,-385456022
1,2,2,7,10407,579497852,874288886,-1417796728,591219942,-409481982,-483066697
2,2,2,7,10407,-1656945070,1848890919,709436497,-979073468,-1355710598,-384422710
3,2,2,7,10407,-1893258703,-1546187205,1467021627,-619172828,1167535361,1567183953
4,2,2,7,10407,-1602024578,-844912058,1976808637,400360887,-1959816966,1296425955
5,2,2,7,10407,1879241075,752653378,1565094593,-1681458122,-2020352060,1078525309
6,2,2,7,10407,2055743692,925350075,1582741090,-973055941,-1608723488,-1453638397
7,2,2,7,10407,-2074685807,-2021987855,1488873135,941015128,-2049409702,-1895996183
8,2,2,7,10407,1024218839,-1707159345,1559885986,1389139644,1754323171,-1005116209
9,2,2,7,10407,-2014829135,145442040,248457755,-1735239183,209051943,-935433696
10,2,2,7,10407,1373141844,1061940663,-1658971725,1714754206,-304051164,1012476628
1,3,2,7,10407,-1449580711,645394527,-1617712209,1603583575,401046852,2104922627
2,3,2,7,10407,264485445,1616627078,-651842228,-1615362291,-1891602280,-356854322
3,3,2,7,10407,406000509,-1336803439,-1356225666,-1120017290,918831436,-810291851
4,3,2,7,10407,698154506,1536168532,-375704328,-1791297087,-1733211331,1666623717
5,3,2,7,10407,-1296266554,2029618968,1437043727,-206961026,1464581143,-1226250099
6,3,2,7,10407,-210484681,1587321942,-1420276243,-1679274580,463372337,554322820
7,3,2,7,10407,1363102489,-696963692,-848281206,-1140308562,1517069472,858401422
8,3,2,7,10407,599056821,270954081,-2003333375,-1449431459,-136739808,-1411673140
9,3,2,7,10407,-804868279,1105432600,-924707549,952840819,-1166602482,2067428581
10,3,2,7,10407,1727260470,669190244,1530849156,275857106,-1467258527,989992770
1,4,2,7,10407,-1916731911,915918103,1697971371,1662094565,-401438036,-945542768
2,4,2,7,10407,-1352180088,1859586614,1620835019,1060082601,1503064713,1926687506
3,4,2,7,10407,810254208,1416879577,-379987140,1734263318,-556583282,-1955333025
4,4,2,7,10407,-202976664,-1372033995,-1138140576,-810575401,1467620691,1991940023
5,4,2,7,10407,914216394,1282378529,2042881710,1074987886,327435618,-1486270525
6,4,2,7,10407,1727429808,-453951420,-998337077,-1517715555,859203232,-1283471357
7,4,2,7,10407,995440837,2076139505,186909661,591636745,1545917041,-978397068
8,4,2,7,10407,-1349935120,1518204015,-1588247439,-796481648,-1187342502,-1377282257
9,4,2,7,10407,1171461298,-895625374,-218061890,-400385162,575125754,-1201363326
10,4,2,7,10407,303719023,1666529777,249711718,-1035686070,160714295,-1743005862
1,5,2,7,10407,-396586414,-1470060059,-425874241,50653232,1779290738,-693850160
2,5,2,7,10407,-1205799258,194669641,1091510595,-323463488,631504344,-978765448
3,5,2,7,10407,1565350263,-611325791,-109328743,1975953187,-1255612024,-885066871
4,5,2,7,10407,1916349983,552716076,1043182601,-1208744277,528444088,-869178861
5,5,2,7,10407,-1712824107,1783060699,786087659,543404756,809065904,1317263171
6,5,2,7,10407,-786155261,-933024617,-632519106,1228145853,1149559915,-998930787
7,5,2,7,10407,1241092571,-1711491344,6337616,1749971530,-1938249554,914172124
8,5,2,7,10407,500639357,1524376957,-1506331920,-748329583,41270291,1806265140
9,5,2,7,10407,-1906396577,-598638155,1420412706,-1180443229,-1393798588,-1699325212
10,5,2,7,10407,1090970289,1095073411,-50881560,616233058,-194020222,-510525599
1,6,2,7,10407,-1845328882,-444407941,-1083895931,-977740226,1387616314,1898642656
2,6,2,7,10407,304928948,-134532659,-2066523355,1818336485,1097664500,-1300665873
3,6,2,7,10407,360591514,-1173164877,-1476147779,-1100989959,674928583,-387444852
4,6,2,7,10407,2117305981,1411002787,1670951821,47514823,781752009,228168729
5,6,2,7,10407,-161816434,-499054859,-1900770293,1788868262,1105832553,1085817134
6,6,2,7,10407,591432688,-301892430,797284756,1821607779,1394803416,-924749632
7,6,2,7,10407,-1302563470,-1906453012,1415186923,544045679,1987042357,23419122
8,6,2,7,10407,-277799360,-1980348879,-2094803125,1349313899,-593137629,1314318522
9,6,2,7,10407,2019983316,-2146007467,-870444786,-949128272,-233660736,-1129676091
10,6,2,7,10407,1785342349,637530800,-160616854,-1022219474,-1371700553,1527128310
1,7,2,7,10407,-1178788454,610989301,-1123558510,1684790657,1546589111,-2121868657
2,7,2,7,10407,1990443307,568488410,1058604474,-1386212999,1118636607,1238431371
3,7,2,7,10407,-1378987387,-1673961807,-1788679759,161001619,-1773295896,1328282401
4,7,2,7,10407,1730695393,1549598359,-581398126,992500141,885496171,1679211574
5,7,2,7,10407,1072296356,-15166547,365166571,-1049313829,1921180535,-270715910
6,7,2,7,10407,-1762030244,-1422607847,-1233651772,1317671606,-1650064386,-1278604383
7,7,2,7,10407,1165571409,-312017295,-1983245373,856675547,-1404234652,343206747
8,7,2,7,10407,-445816332,866228406,-760860345,-1404725613,74143486,-191704916
9,7,2,7,10407,-77785068,-2033179598,2040543745,-1104262534,-555454774,180877315
10,7,2,7,10407,959733115,591991668,-2071760849,-275321774,1681592164,-1840040065
1,8,2,7,10407,471357955,1996636248,1352558791,-470220139,1574556085,-1161134121
2,8,2,7,10407,-210688204,324600355,-1684007818,1334858858,1467068430,-1841194655
3,8,2,7,10407,-621924542,-1176556901,2033296147,537694801,1965417866,-2105532075
4,8,2,7,10407,-70576529,-25997833,529319771,2010618486,700534373,248330711
5,8,2,7,10407,-1500846111,-1624984182,-489126510,1205789931,766383466,980102009
6,8,2,7,10407,736628201,1834137508,106149687,1264725076,-390514737,-1478988015
7,8,2,7,10407,-763276268,-338310657,-452027922,636413742,-239081505,-1865245948
8,8,2,7,10407,-166350747,-2085363987,937665061,1298837895,-446638883,1398775901
9,8,2,7,10407,796609951,1283330582,1233672614,-2030426008,-440210787,517011775
10,8,2,7,10407,-980793193,201044481,1350158266,1389180493,2113204751,-1293685516
1,9,2,7,10407,-1431607040,106338600,145003751,809570058,-1007809464,-1191281290
2,9,2,7,10407,-1163326671,1125275212,879945767,1025028154,-1403733255,2108609197
3,9,2,7,10407,-1159559137,-80283962,-1675270385,152000734,-682048748,1245085146
4,9,2,7,10407,-820677599,1120938212,782364362,-236730804,-729822660,-1893843380
5,9,2,7,10407,-1055896428,-286127993,-1564472102,521955803,-417876903,1040375639
6,9,2,7,10407,734922484,181557882,-383972036,-1929574874,-1785861927,2090243241
7,9,2,7,10407,1031066479,-1386456649,-1148325271,-1944015224,701514146,-1837414812
8,9,2,7,10407,-601332244,-367240190,-1543945257,-620234351,-1591248133,-1025036177
9,9,2,7,10407,1207521221,-1720673770,-324708938,-518958560,-697253101,404077478
10,9,2,7,10407,-1081348103,1894094476,-369536435,1557939016,-1996825007,-1550182977
1,10,2,7,10407,-310912614,692740231,-114926466,1438840821,-1003299791,-1187807585
2,10,2,7,10407,1226602690,147264678,1925297178,714682444,381919182,2070983282
3,10,2,7,10407,-2069135173,1226984578,-1565833091,-1780416279,-1027919045,419743964
4,10,2,7,10407,-906684575,-2045380524,-96689659,897412214,927865031,-677938982
5,10,2,7,10407,-1795289758,-2021767042,2136387540,-320915725,-164582863,204246721
6,10,2,7,10407,1100175054,645608889,978265248,776838850,-177029156,923467771
7,10,2,7,10407,-1594191077,1147395508,-357414487,1915270555,-227299928,2043578189
8,10,2,7,10407,-520778149,-143810264,-1972174764,-1863290600,730248837,223367941
9,10,2,7,10407,449131063,-1995780088,605975062,1637336045,-139280875,1940317657
10,10,2,7,10407,-1688452258,-2100774710,1443835172,-1533523880,-1894061972,1052173836
1,1,3,7,10407,1841371802,1193093988,-615196071,341134418,-1772931836,441684647
2,1,3,7,10407,-448396380,-1909487422,-320858654,-1687070926,1196860921,-1531399568
3,1,3,7,10407,325523723,-473727724,-383197548,-773606836,-346943252,-633459128
4,1,3,7,10407,1501771708,370690128,193887262,-1544595794,-1172616162,-290051439
5,1,3,7,10407,-222306473,663748433,943875604,664464311,732437229,-89733595
6,1,3,7,10407,-1475545385,369888690,-1194270811,-1579910114,-1091735319,207795009
7,1,3,7,10407,-1086690171,-755103048,-182629776,-241033391,-599846741,-1150449762
8,1,3,7,10407,-1296419323,-2001604322,589882837,-1865289403,-524750676,776116406
9,1,3,7,10407,-2142498889,1278606338,-1811440345,-1850946189,-756870053,-1691601504
10,1,3,7,10407,-1801054465,-726242141,-744387668,1964937342,1888867050,983828420
1,2,3,7,10407,597669009,1976902578,-1120909445,858422220,-1269153198,-1278782494
2,2,3,7,10407,1946493513,-126573147,1430117554,-84171340,1806405871,-1593222725
3,2,3,7,10407,660393126,-1070502200,-1772903953,1023788588,28268424,1282295595
4,2,3,7,10407,1911952097,1011412498,2483504,794060581,1520034213,-1128876943
5,2,3,7,10407,1795142664,-1430262500,-109631850,-1890885475,1672435477,-589226797
6,2,3,7,10407,135356012,-223552949,1384153279,-518587639,-88723345,-1490453970
7,2,3,7,10407,578291327,1330604586,-1496047408,-666030612,1904459110,1668367787
8,2,3,7,10407,-1212705232,-304279707,-1238520114,1740727254,1521659797,877221409
9,2,3,7,10407,633787251,-1263206975,-1752715738,-1631194074,-1422995922,290428022
10,2,3,7,10407,2002080335,-752861558,-445025784,-442205263,203353365,660715296
1,3,3,7,10407,800103905,-123987724,-1648713761,-1257866668,-1078415287,-329215841
2,3,3,7,10407,-2037115740,-732403458,595426189,-1500756453,538128923,-1922683780
3,3,3,7,10407,946272336,-215945500,-977252470,155806745,-1784218945,2121066409
4,3,3,7,10407,-2024159206,-876078378,1301512072,-827964088,-730475194,-701585979
5,3,3,7,10407,1375887939,108025977,1424619915,-614173404,-441060136,1391290756
6,3,3,7,10407,1074182803,-1873890722,1783132625,1224588553,-439915748,1473798938
7,3,3,7,10407,1114119768,887354820,738043433,-964811209,-1382972266,551727524
8,3,3,7,10407,-1156589449,1062730327,601495852,1833277340,1283125999,-688200625
9,3,3,7,10407,574966635,-960410691,-832337140,647364246,-777479556,2120570707
10,3,3,7,10407,637378292,2030501037,-289365610,-121237955,-620346382,-1847624386
1,4,3,7,10407,952619383,1584403017,856468949,1282015383,1258201156,391965380
2,4,3,7,10407,2082461033,-1947544716,-1663802270,727683930,513566774,-990541031
3,4,3,7,10407,1290496963,2025371620,1477366349,1367342955,-96275923,1220810060
4,4,3,7,10407,-1918704605,1715362070,-349475672,-17118467,1373166573,-389261304
5,4,3,7,10407,1216948081,-502729668,-291858785,1744181345,1379505779,-862182330
6,4,3,7,10407,600434558,484189337,1785573010,416254420,876185008,-2052795676
7,4,3,7,10407,-224818144,1001003558,53475813,-954127392,-357347189,-599416853
8,4,3,7,10407,2098812429,-931441223,685533085,283132298,-102800868,-1312004068
9,4,3,7,10407,1921737740,-1544630830,-135948938,-2010973210,1266124711,-449646327
10,4,3,7,10407,-1374159607,-511292856,-642169047,-445709243,944290839,1023651694
1,5,3,7,10407,-200989506,67145134,-585120712,-1791153409,113863688,-648127063
2,5,3,7,10407,-333638207,-642440243,100190546,-1615308784,1511734992,167319700
3,5,3,7,10407,-1622066439,-1397571087,1123207629,799000767,927512684,-1292606164
4,5,3,7,10407,1589371006,-1394873623,1647238796,-2063426393,-1433512796,-2054118026
5,5,3,7,10407,222528247,1572954863,-1966702678,-1315193486,-279774134,462998944
6,5,3,7,10407,2067005302,294277629,465901784,-207230085,1071153396,524519115
7,5,3,7,10407,753920445,1448122524,1362496386,-1793753715,-1607198295,1677488537
8,5,3,7,10407,1924622835,1091841875,792777314,1510207167,-1323916320,1804372751
9,5,3,7,10407,1346446807,-783689046,192994192,-542219020,-291912363,-1766816428
10,5,3,7,10407,-515116442,125695579,2067897454,-1128411589,1276683700,-1137769617
1,6,3,7,10407,-2136418112,-1201752836,-2002849060,109668883,512992917,-1057135621
2,6,3,7,10407,1177806683,1668711598,-88946105,-1973867355,-1185328444,-2068104446
3,6,3,7,10407,-1785002729,-598198332,1823244331,867903381,1632136993,618870072
4,6,3,7,10407,-2069026973,1298035529,-613145500,629906327,-1682301949,626358573
5,6,3,7,10407,-773361405,-922740027,654111526,-4434803,2111921865,-1061345287
6,6,3,7,10407,-981113720,1552605131,-984916387,2046552673,754537938,956084866
7,6,3,7,10407,512300964,-617234530,-336214972,-1989284214,-1506777868,-700039270
8,6,3,7,10407,1932800416,-1575273534,-1149508073,-836948176,163333597,-1184300892
9,6,3,7,10407,-1107852458,1086428945,1217214483,763508215,874237758,-447892873
10,6,3,7,10407,1328244355,-1287967785,-1620874046,1432644186,532203008,-1730186512
1,7,3,7,10407,-474488569,-534651396,-1381959214,-1560189605,1263810939,-336791597
2,7,3,7,10407,2106711688,1389960873,-1675406359,-1088694225,2088093293,395397110
3,7,3,7,10407,1223147734,-658072061,-1584243591,2126260147,-472110503,-1475655772
4,7,3,7,10407,-970163487,1135806084,-193413739,1697150553,-176690294,577200119
5,7,3,7,10407,842095668,1880883216,1892143142,2093596138,1223862167,-1396311941
6,7,3,7,10407,-1223346409,1347224952,1959469426,-1376354027,949867085,-1759204717
7,7,3,7,10407,386772789,-1923189235,205359353,-1628047336,1920743294,-767272891
8,7,3,7,10407,-754611484,-936306739,-203736159,1330213645,1449167909,1096930768
9,7,3,7,10407,-764667197,-1438890789,667201071,-443354945,-765744527,1911367197
10,7,3,7,10407,806278887,1975739675,236474460,242330762,-1034882203,-166046276
1,8,3,7,10407,-1449334590,1820617594,1564351459,418663675,1033917854,-455099516
2,8,3,7,10407,2034496667,416694185,-1034745384,-1990298424,-1079922275,-334603073
3,8,3,7,10407,-933688584,1475835094,112776083,1056334505,1015291840,-1087295504
4,8,3,7,10407,-276551757,-1496805607,-30466734,-2015499063,1749757999,475104778
5,8,3,7,10407,-12548136,1352307674,-300003196,856113578,2004349934,-1756765057
6,8,3,7,10407,-976886983,-661610757,-900113825,1281214771,816756811,-764834535
7,8,3,7,10407,-483817226,1939730611,-851866456,-435302370,147119889,-1140006605
8,8,3,7,10407,-1924330685,-239048185,-1792351291,785896349,689797236,435593592
9,8,3,7,10407,1150859480,60343969,1009100070,-217744412,-953666651,76924320
10,8,3,7,10407,1971901604,-535589404,1402211631,2144802737,-2033204292,1457221532
1,9,3,7,10407,1355115795,-552568980,1652410647,641812949,-75325141,2145886329
2,9,3,7,10407,1129518058,1405039707,-75195594,681357431,-675547038,1050361351
3,9,3,7,10407,1084765041,62661366,1238494343,-939656201,173487610,1511650502
4,9,3,7,10407,-166992853,850113505,1914196317,295937451,678190380,1489852852
5,9,3,7,10407,1080581289,256496362,805958952,783022882,514589314,455379688
6,9,3,7,10407,433264620,-641218753,621881959,584357517,-2028895533,-1580781193
7,9,3,7,10407,-1288740029,1175799791,891725846,1092688,-1029138304,-1671036576
8,9,3,7,10407,-813805732,-337048839,-1608510113,-1437712991,-2040245848,1855091290
9,9,3,7,10407,449178024,-1334454866,-423173763,877764953,2072889589,-938730353
10,9,3,7,10407,-9090241,1421318142,-637959459,-881380483,-477367736,-1906710495
1,10,3,7,10407,1460761183,-565225371,-1214145379,-275245274,2109116720,1222492169
2,10,3,7,10407,-944569158,-880671017,-540190437,85520773,1406880533,-1828604041
3,10,3,7,10407,1469511557,-217914837,1076953299,398197582,999684198,1154352406
4,10,3,7,10407,343891910,1542248840,-462680357,-613668424,-753745834,-1914557860
5,10,3,7,10407,934069863,2071692560,-1476904592,-1119326739,937694470,2003501596
6,10,3,7,10407,-1312428091,539244631,310134097,209339771,-1946030029,1074322585
7,10,3,7,10407,-60084117,1385668697,-1063305904,-2096714976,-294473118,-2026231654
8,10,3,7,10407,1825352486,222780509,1878238080,210844089,1358601031,1144864148
9,10,3,7,10407,-785381821,-835971134,1898714706,-45930215,-139563768,-1279153767
10,10,3,7,10407,773292008,401894493,158573175,-1023188793,-1800477588,1036878472
1,1,4,7,10407,-2107711617,940434355,-26559692,-1071937948,-97208433,413538130
2,1,4,7,10407,1456635000,-307064485,1158912008,-214725560,-754340626,1787047226
3,1,4,7,10407,-2106917717,-1150688436,96625754,76829095,-815190000,-1641245418
4,1,4,7,10407,-1626781729,-188959933,35252836,-934987962,-556765012,-706845702
5,1,4,7,10407,-441235240,170533956,-457116712,-1937061447,-2034793978,-1104162493
6,1,4,7,10407,1135781067,-1058894309,-751243593,-1519444364,-1477424344,-1063655688
7,1,4,7,10407,-1653850464,615423170,-28967116,-1522859725,-1995711488,-227693558
8,1,4,7,10407,-1366220704,837598451,1673594707,-794168256,1896176918,-106227259
9,1,4,7,10407,1801541837,-449995726,-1210034055,72654211,1904680489,892593676
10,1,4,7,10407,865106630,1228989987,-1596013207,-1679733028,-1003432141,977841883
1,2,4,7,10407,-1244299854,-1147069752,-1486564554,967403230,1661398892,-224721451
2,2,4,7,10407,989364510,2090463255,-778529146,-27844095,1739854531,-2021970588
3,2,4,7,10407,69804270,905740272,-1498076974,1101256029,1617569094,-901540776
4,2,4,7,10407,1291356166,-1422760899,1082489355,1886094564,853205811,1656028785
5,2,4,7,10407,-2061670426,424910251,-862454905,844410031,-701836198,1918616289
6,2,4,7,10407,-1998921068,-1763245643,-384797042,2100148656,-1655581807,-1181938421
7,2,4,7,10407,-1564634555,1899177658,1154593606,-2103478560,998274077,743469984
8,2,4,7,10407,1277181411,115263252,-1704203437,-1618371473,-162865848,-927325116
9,2,4,7,10407,238300820,1190006892,1984868606,1964142430,-1994911333,-348170353
10,2,4,7,10407,-1510858558,1604726949,1663261987,-373129604,-770721492,858919607
1,3,4,7,10407,-1257370876,394022630,-700760271,1106434568,-1350922700,711490686
2,3,4,7,10407,-2040250068,-1799608542,-889026472,400178331,734156289,206804495
3,3,4,7,10407,-824492915,802071035,-377765178,-626592824,-1796699072,983675752
4,3,4,7,10407,206721071,-39783908,-1167637984,1844261271,1189321198,-534467566
5,3,4,7,10407,-1475833554,-1155182169,1236472186,464456493,2070714673,-811983842
6,3,4,7,10407,99448361,1260350482,-1725894735,165294088,-1636069492,-1076541002
7,3,4,7,10407,1272450001,597020889,-1546576337,-996910396,209845276,-1160506822
8,3,4,7,10407,2024702076,-1861042573,909142002,-1368013233,-2066922333,-513690978
9,3,4,7,10407,1507357555,212958867,-966003658,-1320820274,849290388,-1560835756
10,3,4,7,10407,1944349409,-1848258687,-50943688,-1980203963,1668421862,1765940828
1,4,4,7,10407,1560823756,391996541,-454046540,-1669137410,-1229411993,996496224
2,4,4,7,10407,-1940349467,-2039460862,1112974684,1525683562,945448875,-1622530249
3,4,4,7,10407,-1714809169,988415802,-1925359759,1338861953,-236664618,598820790
4,4,4,7,10407,467744403,620074790,-1534931339,-228150346,1197334610,-1397947495
5,4,4,7,10407,1797199353,-458414793,600461223,825538550,308977697,490913359
6,4,4,7,10407,764764165,577964276,423588369,-186313767,1883080502,-281284743
7,4,4,7,10407,-69870913,-12321598,-891251421,1823477260,203286831,-1353434206
8,4,4,7,10407,629454560,-237824057,1436691667,816528428,1275392363,758991578
9,4,4,7,10407,-352240726,322977593,-792304829,-1554148897,-187217491,499732792
10,4,4,7,10407,103856185,893536875,-1055941092,1688382221,-1125091546,-1659698057
1,5,4,7,10407,-850392082,-174838738,838245389,-77263892,-75724368,1173530390
2,5,4,7,10407,-1584544261,-537818337,357172998,-769673804,-701835430,-341059897
3,5,4,7,10407,-2039516197,-1356090526,-930670538,402336644,1726228936,-1051258897
4,5,4,7,10407,159170062,1203740362,675094315,920282077,558318199,-1247748210
5,5,4,7,10407,-136259919,-1392914221,2140060455,-835076804,-320087057,-1712479964
6,5,4,7,10407,1925435450,351116770,-1007787946,-1867496749,-302645091,-1943954507
7,5,4,7,10407,-1547727133,894425367,1687604865,57483767,303474088,-448424630
8,5,4,7,10407,1474922454,212651169,-536832008,-1626486434,1659043608,798480779
9,5,4,7,10407,-1217122763,-478078170,1792018600,1525231968,-196902249,537033141
10,5,4,7,10407,-793812162,2029328764,1770362695,1929475990,-1732787794,-1371859173
1,6,4,7,10407,1403118262,2025778331,1877313316,463143347,38050141,1702206828
2,6,4,7,10407,-1049194598,1593017771,-1854929132,1170705628,1874181619,-2079181165
3,6,4,7,10407,-1719984107,1865694430,-797101263,-1314639111,-39596040,-1970161492
4,6,4,7,10407,-137754711,-892646580,1922477658,-147668900,-855035397,-2121174039
5,6,4,7,10407,1951170074,505626285,-1111637965,-1176687655,-79843735,-1986862991
6,6,4,7,10407,1777153634,769715498,630306571,-388014286,-1249578158,-1008347244
7,6,4,7,10407,-681072579,103931528,-1420462009,160977214,2106625519,-1640927780
8,6,4,7,10407,1772609685,1948015198,-626921117,-1581097702,-539443258,-1811895139
9,6,4,7,10407,1086044986,-739354851,-1258549558,-324183114,-1909094022,561653602
10,6,4,7,10407,-1575827430,-106813265,-1037621466,-1714413574,-2074844358,1773172262
1,7,4,7,10407,1876973717,1640284296,1644931313,-1798583736,1477078301,-1916224444
2,7,4,7,10407,-877534382,694701526,-1593402229,-1546837285,-1005040158,706926671
3,7,4,7,10407,45557785,-1679725742,-2077368072,-547005717,919831978,-571178366
4,7,4,7,10407,-1338045446,726571328,-110800025,1185150506,1872584994,-2253993
5,7,4,7,10407,1547151706,1858255130,788247302,-1098677297,1634519439,-767110950
6,7,4,7,10407,785552030,1717473522,906337240,-456004404,-326841955,137581007
7,7,4,7,10407,2033983925,-1985341590,514630932,-160466264,1077195979,2080213798
8,7,4,7,10407,-800427924,-857702562,1407112887,414009728,1831995374,-1477990888
9,7,4,7,10407,-1611594646,1035190700,1904413587,1759541146,-1296526616,-975737951
10,7,4,7,10407,1712849177,126919652,-482853295,1165798524,2076395695,-964643237
1,8,4,7,10407,1929294806,-23829367,1169925748,1009805045,-68494875,-471174161
2,8,4,7,10407,1836436707,-1906765964,-967157249,596530943,1063483153,-834151007
3,8,4,7,10407,-1897699173,1524996030,-996062100,467439500,1924984794,884998907
4,8,4,7,10407,222757770,2033207570,-28236700,2132493056,1023354631,1749707774
5,8,4,7,10407,-1279166930,1964049014,54295304,1535474767,1527325671,-1890513606
6,8,4,7,10407,577709178,-1801271656,1048805215,-10250463,1693265281,863501378
7,8,4,7,10407,-849989622,1298663189,-784077711,-1639346681,-1324535849,1013137517
8,8,4,7,10407,-1047052398,-900679686,119101085,2111383345,-52556831,1754494175
9,8,4,7,10407,-671794104,2014657811,-1532480527,1612809469,-571241991,-1418060000
10,8,4,7,10407,1019892101,-773439548,1176301101,-277672027,-1408079842,1516562401
1,9,4,7,10407,-1126617321,1997859920,-1546455897,838154761,1991681271,-473588356
2,9,4,7,10407,-1461729246,1838482917,-1878107606,-1411104688,1238755143,-469623620
3,9,4,7,10407,-1578574921,-1107593156,866823117,-1612301770,-1436787471,932479330
4,9,4,7,10407,1566448118,-1062136304,1572407491,-1563629345,335303773,-1917422311
5,9,4,7,10407,1012975210,1705699378,703466716,-970274054,1558782983,-1717047134
6,9,4,7,10407,-1543211861,2044588251,194112945,151672991,-1298015931,-1994631387
7,9,4,7,10407,-679465381,-1047313330,778621248,995917667,2078141741,317463410
8,9,4,7,10407,333435864,-998585269,-1499024369,681910711,-2144200543,-1886871132
9,9,4,7,10407,-983152832,-295611091,1745492456,-1871515065,-1107066179,-804841837
10,9,4,7,10407,1680958938,862092839,-183190843,1093673031,-1096659693,956982054
1,10,4,7,10407,-1496071239,1472385163,-872226822,-1588317055,-1687161081,-126215446
2,10,4,7,10407,-14850569,1322715107,1368035963,-1961065908,1900348096,208436963
3,10,4,7,10407,-1717824035,-1367911235,1795012981,930025008,1984134523,1019423789
4,10,4,7,10407,729997614,-133224447,149087190,-1344553265,-1030659705,588282300
5,10,4,7,10407,615572663,-1406755187,-1250693267,128276082,1644718595,1518496439
6,10,4,7,10407,-627604613,-1217308487,2063974936,-1029406873,-1492566996,246875092
7,10,4,7,10407,-1126242830,-1831064236,-1433549749,1358117238,247997486,-845939074
8,10,4,7,10407,995319046,-2007002942,-2004063856,-1169828907,563398952,-1116712887
9,10,4,7,10407,1425923756,1067361732,-1850467028,-869863614,-1588232458,252855000
10,10,4,7,10407,135736531,1757204016,417290502,-65027312,-1990325689,335615194
1,1,5,7,10407,1356501392,-1178422531,-845969178,2056585676,-2108736927,745787825
2,1,5,7,10407,1459048195,2095702854,-1831158989,-223658756,-422126816,616590341
3,1,5,7,10407,265157400,1434134353,1175317445,-1175674081,1461252685,-2034619026
4,1,5,7,10407,514218150,1336648090,-208851879,1008732493,533524028,-779261351
5,1,5,7,10407,1913379734,1754565505,-170926319,-966330030,-719659297,949545996
6,1,5,7,10407,1038852297,-2024801557,-2002403898,-795791225,436241842,-1688030012
7,1,5,7,10407,1293703953,1845829135,1955993410,-879440640,1410395198,-806366291
8,1,5,7,10407,877069025,-1029278480,-1624318080,1527400411,-200228733,-404364441
9,1,5,7,10407,671470325,1237141950,-104124023,1190885580,-1121323190,1138881931
10,1,5,7,10407,-216479867,-131767611,425143843,-116473745,-667066423,324896913
1,2,5,7,10407,-175063653,333178377,751674369,-956309198,-867941735,-967276784
2,2,5,7,10407,927422942,-2024811352,-367440746,-425173708,479859175,-1561072400
3,2,5,7,10407,2106696093,-700169456,-415766378,1379634803,1023683356,1087789670
4,2,5,7,10407,1176919454,-1118546742,236541499,1555214067,572618407,1338826438
5,2,5,7,10407,611014626,-214523540,-1389723045,-772952892,-1856173016,-1463878855
6,2,5,7,10407,-454760596,-39330585,1355619012,1473107043,1634195924,-1770212115
7,2,5,7,10407,636412937,-1065120541,-695625203,-222102605,-1696712671,-1250409358
8,2,5,7,10407,-1720590516,-632054247,-271374816,689159827,-2119812011,1299792551
9,2,5,7,10407,1263433588,-58347269,1401031813,-1660253372,438603927,-2124300195
10,2,5,7,10407,-1806619675,-1486101528,899149807,1965079605,160701385,-1270270148
1,3,5,7,10407,-621941958,1608187478,74278307,-1191937391,-243104930,-353868371
2,3,5,7,10407,483773819,523404571,-740281743,-653171163,-1338875030,42084819
3,3,5,7,10407,-278284256,484272534,-916460527,1615066664,2099590106,267521351
4,3,5,7,10407,-1900467014,-141265471,205063490,2135283,486722239,1614011103
5,3,5,7,10407,-381823771,405930040,-1250580446,-1791036544,841866479,204408137
6,3,5,7,10407,1794853069,-1690545365,1404680386,842251126,1931614030,1150760896
7,3,5,7,10407,-333820892,-1126396927,1893440108,-794502089,1436541418,1291035122
8,3,5,7,10407,301679975,-1644836906,553709232,-1261039423,1057614926,-385588932
9,3,5,7,10407,1579878691,744335280,-1933764888,-1255218190,-781750270,-1656654914
10,3,5,7,10407,612907772,-371325646,1500338802,160577470,1664730212,1916949074
1,4,5,7,10407,-942107762,1491694850,693047713,-1738793434,-54491232,-1301214492
2,4,5,7,10407,-1979476329,-765410924,195019109,-667591429,-332726011,792044870
3,4,5,7,10407,-453826094,-1471930208,201986561,-1723180336,-1978076359,-462302277
4,4,5,7,10407,-163658432,1207232448,-920019980,1296620238,-2004627855,1481526558
5,4,5,7,10407,-98803930,-587016021,-2044514433,-1151295801,-2225245,-930823173
6,4,5,7,10407,1296113390,-867944153,-569942126,-140531268,-19426103,-808607891
7,4,5,7,10407,576076453,-1963200176,-59385407,1164219876,-196757058,1214481482
8,4,5,7,10407,-784340403,1102920415,502187443,-203654139,1696408828,2137791434
9,4,5,7,10407,-266460944,1112099289,-548715505,-317630790,-146012031,969822697
10,4,5,7,10407,2016124989,-376458008,41106323,-238735885,1110987488,613151832
1,5,5,7,10407,1705944107,-9045314,-342706629,1606401051,362518119,-671981847
2,5,5,7,10407,374096261,-1067750902,1685807643,980430726,970554366,1614433427
3,5,5,7,10407,1629088583,-277815748,-900483852,1399532240,-1450332089,181300909
4,5,5,7,10407,-1912802971,-873820840,652160391,-45699867,1800029910,-1299924211
5,5,5,7,10407,-1293255445,919028187,-1019588582,-1964091131,-396067460,-1686889865
6,5,5,7,10407,527637497,377571821,-1985989501,-502814991,1720884750,1521290853
7,5,5,7,10407,-1423117775,591275255,-761139966,1067388388,399760933,-409900886
8,5,5,7,10407,1651997955,836904537,1323954009,-1809579177,197641535,-112964948
9,5,5,7,10407,-901235186,767085726,1676781036,-823693427,-2005004912,-1570890960
10,5,5,7,10407,2024092210,-1165124633,-1504846881,1240463875,413853661,1334335561
1,6,5,7,10407,879766518,2065628223,571952140,510524782,542296778,1478115982
2,6,5,7,10407,1635854962,583985649,1229399927,-1980479884,-2028726375,-950921511
3,6,5,7,10407,1441087367,550093195,1843707866,-757606508,-139955091,1360267774
4,6,5,7,10407,-449156729,-1299976323,-1884343821,-67499672,-439001158,-1361945620
5,6,5,7,10407,317978157,237484070,-2032749443,-693420401,-456011951,1070475229
6,6,5,7,10407,1875487281,-114903095,683767516,-926725482,-1160190497,812185066
7,6,5,7,10407,1290007518,1716684518,1366923944,1619068725,339863213,661269796
8,6,5,7,10407,1674018403,-1398413973,1425930175,1964810814,-907719252,-1025673736
9,6,5,7,10407,1223194865,1221072211,1526917832,-173432541,110148252,1521395739
10,6,5,7,10407,1823496310,-966592080,2079950501,-1644441206,-813052286,-786515704
1,7,5,7,10407,-1378256884,2041983541,-1076849341,-372569872,-1600561274,-631523816
2,7,5,7,10407,1807982474,1312049173,1428567456,1001714857,445716169,2072173975
3,7,5,7,10407,-938959035,296156125,-479637522,2043599044,1539887424,-1156573171
4,7,5,7,10407,1749175713,57683551,1586653898,-2104616944,660728832,2059952146
5,7,5,7,10407,-22879161,-2037606108,1788513567,-3425826,-95502231,2088751838
6,7,5,7,10407,891303094,197198294,1577834212,859366353,1673826817,645288278
7,7,5,7,10407,-1330060021,-1558509369,1271852414,1012952769,1453926190,1809160169
8,7,5,7,10407,1991861759,524663902,-1528672274,-260067814,967172960,-177796040
9,7,5,7,10407,1038456605,-1111490339,1638724527,-32526852,-386744685,2004715671
10,7,5,7,10407,1456436646,-1278716532,2115477906,-647156316,138181052,-1308401700
1,8,5,7,10407,973527998,636206894,155304507,-1456054974,-1533938209,-1837395357
2,8,5,7,10407,-786189221,-1896607933,46904385,-1317839422,11987125,-508693584
3,8,5,7,10407,1091171035,1018371032,289038967,-703864156,2048037934,-1522520433
4,8,5,7,10407,1415445080,-1232200889,967880414,-1047583214,-1861096136,-2137940558
5,8,5,7,10407,-2001798017,-1590142429,-43938933,1658007100,-1299848297,-1895573238
6,8,5,7,10407,-822616854,628925414,707998383,1213210821,-824312283,-754100038
7,8,5,7,10407,-1012217697,99268029,-2102621897,1707517705,-1664516100,1742166188
8,8,5,7,10407,1798024221,-1880937825,1323956689,188390720,-746465046,-841316763
9,8,5,7,10407,-1824423006,252608344,1031274267,1722099411,-1792427706,-1940379970
10,8,5,7,10407,-753833727,683004160,1398598025,-1620368272,-820194434,-645348303
1,9,5,7,10407,-231404717,246465623,-1531576914,-1281917346,989302880,907337446
2,9,5,7,10407,1246756009,-2089621905,-269096647,1688744577,2079457179,-1164403559
3,9,5,7,10407,-1530304989,-1657282300,-542031221,-1237769797,10211335,-209866665
4,9,5,7,10407,-1257748627,1582865942,1066342853,205397051,-125758142,-2011457744
5,9,5,7,10407,-326611182,606692146,-874523316,-1106713692,1858759443,176816439
6,9,5,7,10407,1537611667,157615021,1299615836,372023649,989681311,1173343116
7,9,5,7,10407,-379745740,1610974119,1770229264,-740113725,-827992494,1667988586
8,9,5,7,10407,1695880671,-937040349,384676640,2021810854,-2044234806,-76332089
9,9,5,7,10407,-1549107887,-1551359556,564738767,-752091688,880310809,-1127977717
10,9,5,7,10407,-1320459493,2061282131,-981009991,221849663,-1959403544,1838978945
1,10,5,7,10407,278538633,2021051372,-709113905,-662797377,2088597355,-163365701
2,10,5,7,10407,-552266649,503262851,264190639,1109330612,-418537684,-1534235707
3,10,5,7,10407,1369159257,888151502,825990507,-1714698546,1603240802,-1034607838
4,10,5,7,10407,-1889880822,1784678190,-521283406,560869480,1958447865,-1135349259
5,10,5,7,10407,893042269,2111610707,-63555298,-1376541179,-902250642,1297846349
6,10,5,7,10407,-1113047713,1226364739,-207959786,-1121697543,1531037725,1891943744
7,10,5,7,10407,1393618,-1576426206,1487443148,-2042270762,1989303049,2104983459
8,10,5,7,10407,-179758550,-1927048451,-1941262452,970631728,-1712165490,886341553
9,10,5,7,10407,-1389569228,-398915531,592900526,161173549,1402573517,-1258201923
10,10,5,7,10407,1451612974,2082182566,-2061718692,-1374187089,-1925713148,1233398328
1,1,0,8,10407,-2068096870,2093925255,24335673,915888872,-416089669,1842789533
2,1,0,8,10407,158754435,227501409,1259976356,1622704362,1769520886,-538142299
3,1,0,8,10407,557286443,168103945,1798948134,-1825436577,48061798,-1690962800
4,1,0,8,10407,839618357,-2007409659,851481045,-1488164766,1123708300,-1934565464
5,1,0,8,10407,196567839,1094776898,-1585390507,-1579898629,1834267284,-1686256748
6,1,0,8,10407,429695827,2145942015,-256248015,-1447478238,1870695916,1914681747
7,1,0,8,10407,-204233369,-2030998019,-812836628,-2085321764,-1987026339,-1083355729
8,1,0,8,10407,397029010,170855963,-798009012,1623183089,-113286648,-1833638686
9,1,0,8,10407,-333421118,-1201597361,-1026284370,1001978526,867445804,1514079177
10,1,0,8,10407,1020980283,-16482895,1927676138,-914182810,151159265,1440526371
1,2,0,8,10407,-1278293265,1552878728,1550978716,-1536139300,-1058571574,1491627100
2,2,0,8,10407,882346087,-116944136,-40967207,1014417175,-2104962150,-412866526
3,2,0,8,10407,1278945182,-2013814772,2053380388,1339116438,990262100,-48797532
4,2,0,8,10407,276762862,-1205621328,-1967857806,1591868421,-1069889395,108172452
5,2,0,8,10407,-154283392,359361114,-453831100,-346938877,-497023153,787632065
6,2,0,8,10407,718945420,-1286465002,436212508,-2128196567,-1704622580,106357684
7,2,0,8,10407,-1903476540,1637545473,672374319,293095419,1784743699,1399494064
8,2,0,8,10407,1392150528,293999333,-1256986091,574212498,954295994,1008131966
9,2,0,8,10407,19092639,1327761274,1172853705,687047127,-2038563524,-1183612101
10,2,0,8,10407,-1552686840,675391146,-433218863,-1742128672,-2121254422,-1806105903
1,3,0,8,10407,1048449908,501208845,-1545391966,-1343814808,-550486809,150368342
2,3,0,8,10407,-1690142522,-426285592,1727122249,-1667872906,-1071849825,-755238505
3,3,0,8,10407,-1571676146,1977478255,-969825273,1928327025,-1974312523,-414464226
4,3,0,8,10407,52921762,1992946330,-1457587772,475543735,-2035882627,-484911341
5,3,0,8,10407,-126094851,1616061662,832992196,1905562414,1788844201,22011156
6,3,0,8,10407,894537840,331105786,1003150867,1982804804,-2087979892,-1899650552
7,3,0,8,10407,-1851971467,-1730215233,424158321,-1243393840,-1648690937,2100242796
8,3,0,8,10407,-355884738,-1614754188,703105728,-1753670346,13106440,-269791278
9,3,0,8,10407,-1376352358,-1632061264,-1158007327,-2133454932,-1012916256,1553941500
10,3,0,8,10407,-1415658860,1650349892,-353368193,-1603365330,-1473807263,-1605532300
1,4,0,8,10407,-1334131957,-192319362,1549605888,-997742366,-604524708,437081206
2,4,0,8,10407,1284370243,1398139491,1165906509,1144845848,-983347055,-1514222082
3,4,0,8,10407,1229722945,-654676716,-2146292198,10561711,-597417974,1642435786
4,4,0,8,10407,-1432707638,-934361734,-1285310127,-115887609,866911537,-1006004247
5,4,0,8,10407,-1095132261,1805433406,-1793364601,-190139000,-826469213,-831039683
6,4,0,8,10407,454197768,688158199,1057517150,1422687415,2053430032,-1466491611
7,4,0,8,10407,959445192,964676621,1605132806,1048304017,1532294152,396775130
8,4,0,8,10407,-1214868965,1255786113,-1343016178,-1595792864,-1674527309,-1410754045
9,4,0,8,10407,-67050635,862991454,-30143156,-1353733715,-734939523,611017990
10,4,0,8,10407,1940254727,-2038339500,-814868686,-150468329,749622346,1440883432
1,5,0,8,10407,-2145135960,-679274297,-1054143376,-1867426847,-591082183,-725542787
2,5,0,8,10407,1415420231,1936382471,-54063539,207410228,-762653312,-8916988
3,5,0,8,10407,-843995805,-320151810,-764541531,-1928609535,581416225,-713309617
4,5,0,8,10407,-421661358,1656981451,241257635,594166660,-1992341669,-1307693779
5,5,0,8,10407,1723128280,1731684190,916679613,501833203,845165605,-1202271700
6,5,0,8,10407,-394386126,1024864816,-1555145977,-203054603,-1240630749,-275898603
7,5,0,8,10407,-821358232,237115092,-659272291,1597031141,-551369513,1053919076
8,5,0,8,10407,2068460729,1414838356,-1022534765,478960046,-257708632,993550566
9,5,0,8,10407,1868486349,-746405482,-1378816339,930798271,-1213919826,404552059
10,5,0,8,10407,933807362,-1292058399,-927535520,-888596848,-67813147,530750132
1,6,0,8,10407,-1008504171,-281126964,1100223350,183920284,1818552062,-1260164448
2,6,0,8,10407,-1813029856,1531243987,298790220,-542007322,-956458398,1322413588
3,6,0,8,10407,-1111767044,1949951641,612619806,1548400480,1206139467,755850705
4,6,0,8,10407,372557079,-455569896,-1023983645,1615305819,-90604491,-1215163883
5,6,0,8,10407,-1601242688,508989802,-2071558490,387721332,-498040722,-1279571076
6,6,0,8,10407,-454508736,-63773471,-297771782,-1497814237,390373426,-851252157
7,6,0,8,10407,-1284307391,-1289531487,1736998381,1174022170,-781819004,-1008737573
8,6,0,8,10407,880276353,-1608212671,-685206833,1897312211,118598499,-1837048700
9,6,0,8,10407,214378068,1382814836,1549397942,1609996810,309351128,-1750817518
10,6,0,8,10407,2068743166,581817805,-2102482355,1751380846,-488680004,2119760932
1,7,0,8,10407,-1678242177,567842431,-662099053,-33489147,-2044916475,503677279
2,7,0,8,10407,-1658556682,182113229,867526346,810171399,567755180,1132576611
3,7,0,8,10407,-682740714,1477543707,1170503092,1856244334,1869809191,-741384102
4,7,0,8,10407,-1629300988,1571020237,1827623840,1136411125,-759607720,-2004431843
5,7,0,8,10407,502274517,1088114,-175270916,1597046811,871264107,1430294329
6,7,0,8,10407,320061922,490201941,1541467879,-143253899,2136418508,-1631148848
7,7,0,8,10407,1547096959,-2107447567,313373420,1321168833,-24021742,-313664243
8,7,0,8,10407,1482239509,-889590713,-701850638,-565294115,482547090,-1992096967
9,7,0,8,10407,912288865,338709980,139758182,-1528185709,249305174,1298686859
10,7,0,8,10407,-839054791,-1431891024,1127263942,2016671994,528529714,1389852376
1,8,0,8,10407,-1346026826,-762712965,1788205892,495125044,-614529193,-761625586
2,8,0,8,10407,-1845527456,-381048062,-964720834,-258126121,-338264970,-1226189508
3,8,0,8,10407,253248661,-1645889734,1738955596,1386433237,2147355985,-389913448
4,8,0,8,10407,1534589004,399102862,959812783,386179831,-798404617,-1593277844
5,8,0,8,10407,-1964721839,-585584411,-228988147,-1059957359,-1413948742,261941752
6,8,0,8,10407,687498663,-1302601156,1455584219,465741837,-1356154360,-1453225471
7,8,0,8,10407,356110568,891395655,-1202075697,-782837389,-1716530076,-9897922
8,8,0,8,10407,-712586790,1051537930,1379243946,1125266773,915559893,640511100
9,8,0,8,10407,-2100185106,-956717119,-606863476,1632701924,663399743,684895798
10,8,0,8,10407,1128141769,-747225075,1534611910,500962577,-1999278708,1341290261
1,9,0,8,10407,1149794410,1225548763,688134757,-1272900804,131247079,-1181187578
2,9,0,8,10407,-821998080,2121424667,-1641424196,839022237,560173309,-951814511
3,9,0,8,10407,540820703,-2010506184,-585349572,945083545,893298003,-673748013
4,9,0,8,10407,516887797,83443937,-242684504,442978192,-962835680,404843325
5,9,0,8,10407,466687834,1645495643,-1686253642,1929648112,-964493521,60081438
6,9,0,8,10407,-704191744,1383818714,-1273078395,-1343436982,1603377532,35182018
7,9,0,8,10407,-632230804,1578521320,-1467904736,251827330,-960388038,332824706
8,9,0,8,10407,-1759466728,-646771112,1120042152,1874741356,29129576,-755264236
9,9,0,8,10407,-1215361656,-1759894103,-1466683936,-822101201,1076766959,559103902
10,9,0,8,10407,1770207387,-871218657,-1182279455,-168031462,550307188,2073270331
1,10,0,8,10407,-331744688,605213481,-1771213809,-935427198,1285213136,113926735
2,10,0,8,10407,-493799681,2123556599,972425364,-868781357,-1724645472,76700359
3,10,0,8,10407,2120749678,-612581825,-290299287,938074217,785972703,399116286
4,10,0,8,10407,1205848150,1443978846,1194554817,553353813,1425676881,566386738
5,10,0,8,10407,659466668,190654375,1158704509,343031564,2120619320,-1950910062
6,10,0,8,10407,-1722173524,-594480295,-1829011931,-1792879585,-1296542809,431014584
7,10,0,8,10407,-1014696971,-2141500969,996773731,-1538486593,1610640690,-420502601
8,10,0,8,10407,1646610750,167267066,-916171493,-835181972,-974092939,1655397712
9,10,0,8,10407,997596230,-582075834,-1984011440,735737381,-1578164561,179349417
10,10,0,8,10407,-394415093,-1578672766,631744288,-1001225808,1742631759,1718179329
1,1,1,8,10407,1499121095,-658503141,783245167,1031314381,-224872605,-1114776537
2,1,1,8,10407,1675480542,-653587960,911432960,1929781068,2092187152,871252054
3,1,1,8,10407,-1491305811,1410058109,-935355247,-1038028948,1110767639,-2045010441
4,1,1,8,10407,1703744915,547816113,-2005097362,1916108768,711958597,488905740
5,1,1,8,10407,210273294,-2128431617,-2036609968,3578402,-1638922817,-254196255
6,1,1,8,10407,294721444,-316616992,919088889,842580146,1562059298,1655744235
7,1,1,8,10407,-1002328326,-1697184353,-2021648628,-1668623409,-770411692,-1082433143
8,1,1,8,10407,871257675,1635158042,1962006819,1926195059,1312450635,-336164464
9,1,1,8,10407,-1765351119,68039406,557050684,1725248458,-2114395502,958229903
10,1,1,8,10407,1732072862,-1235831569,-865843967,-231133257,1548472596,411997218
1,2,1,8,10407,-1310909625,772221986,1227908473,585224282,-486975323,790813397
2,2,1,8,10407,-1121887684,1536533923,-1023259037,-472981235,1862487598,556719394
3,2,1,8,10407,-1571668449,1731243693,1058306639,-2115505846,-501515685,1454037087
4,2,1,8,10407,-1642694444,24387380,1908088831,-328401936,541514982,-1496515307
5,2,1,8,10407,-627849624,207272205,989576630,-403747837,640056002,-92949024
6,2,1,8,10407,-1315865276,869995932,1704825345,-1241480243,-1211771545,-833507558
7,2,1,8,10407,-958566035,906857116,-1825443134,2027174944,-2003537970,-557640329
8,2,1,8,10407,952599194,1648374235,333626698,1264522793,-1318539018,-1638712492
9,2,1,8,10407,-1715095737,-1368517553,-583195515,1262424512,-1124445939,-1683734346
10,2,1,8,10407,-492375735,-615456488,-1000497316,-1300998139,-1951352499,1073025884
1,3,1,8,10407,-920737662,278229149,-1150567020,-1309159100,1122885707,385064986
2,3,1,8,10407,-1135575181,1980755015,-1436867158,914826100,43227402,-1082900767
3,3,1,8,10407,-296448855,367849700,-1869642809,-50007207,1939543458,1544769217
4,3,1,8,10407,-1409051184,2066941258,1040997198,272190965,-456883160,-813513105
5,3,1,8,10407,-974835030,-1260893915,617172365,1805133569,901053775,431967642
6,3,1,8,10407,-327653923,764617900,399743953,747636882,1999662820,188758096
7,3,1,8,10407,1700789550,-1127930891,804146957,-1265725667,-757390101,1460365286
8,3,1,8,10407,-931488952,2127711974,922760798,-931081836,1796068938,-386366471
9,3,1,8,10407,-993226095,-366241933,585480025,1608888586,-1235147464,-1670741630
10,3,1,8,10407,-1829576831,193833013,1202129933,212728417,409985250,2101369209
1,4,1,8,10407,-111722828,-1312773672,-522906138,10399686,-353909610,-600173164
2,4,1,8,10407,-1847968133,440275235,1359831724,-1883415957,1751422873,704922940
3,4,1,8,10407,-2005588322,436517649,1272706586,-709719613,1669031859,19033087
4,4,1,8,10407,-2060135658,443420474,1370603330,-1315614124,-837811085,1207974995
5,4,1,8,10407,1190275259,1570874476,880883693,616996682,403870346,529248774
6,4,1,8,10407,-832153760,-948834837,-944898219,-788730316,-1264702367,1976415451
7,4,1,8,10407,-843390208,-1652144712,-848885692,-991680029,-2069672657,441589191
8,4,1,8,10407,-800982607,-330576150,-1377780126,205958565,1459418225,-255177252
9,4,1,8,10407,45031056,1907471769,-1337162682,1945553596,104594555,807159188
10,4,1,8,10407,1902839840,1410671168,1012543662,634555509,990539874,-578595298
1,5,1,8,10407,-1811819408,1447299017,-628141242,1427500118,1783501323,-1561141764
2,5,1,8,10407,1584288042,-1539622151,896265637,694391758,-43055144,1469887942
3,5,1,8,10407,-1473920209,-752252591,-1362852916,1966288432,-1928571443,-174825292
4,5,1,8,10407,-1512734983,1560026397,918720466,-1658709431,792211452,-1801974797
5,5,1,8,10407,540163503,-50318611,-125013241,-446189678,97794557,-1749993206
6,5,1,8,10407,-1100356197,1758089035,1872237185,-1702795807,-917012725,1596226957
7,5,1,8,10407,-1985811764,-2008996587,1443383369,1629170691,1567833738,496667488
8,5,1,8,10407,640162690,183795662,1952460718,-1667721406,-293980008,-934446990
9,5,1,8,10407,83982840,-1055660730,35109484,227774645,2035929750,-644218793
10,5,1,8,10407,-1064593746,1357207950,363058622,-2046556828,768365364,-1781061698
1,6,1,8,10407,-1470896127,515342102,473617806,1724654122,1291254480,389800294
2,6,1,8,10407,-464896655,-1338775773,-123396650,-860909094,-301611563,-124348224
3,6,1,8,10407,1190901085,404757396,802540041,-341584467,-1137410031,50819824
4,6,1,8,10407,-1715389480,133641904,1555242426,2110734709,-521164245,-1049087994
5,6,1,8,10407,-512764199,-26440149,-1838514891,-2145480964,1984590447,-1692971029
6,6,1,8,10407,109016016,-1518947694,1492550188,1993727827,-401139294,181776819
7,6,1,8,10407,-1515392406,-1064157134,-1572990891,-115647102,1736188143,1427976786
8,6,1,8,10407,-387115845,1026345428,1011028813,1152704329,271175077,595480002
9,6,1,8,10407,73658131,2022696120,-309344668,-151650111,-494852732,1416183330
10,6,1,8,10407,336370683,1259825882,-571044862,1457746064,-1712016748,805541836
1,7,1,8,10407,-2115381180,1969634820,-650897972,1346008328,1041330482,-1178621879
2,7,1,8,10407,1841332340,-2068244880,-2095667336,2110756821,-1713595026,1878387608
3,7,1,8,10407,2069239962,360762074,1612159117,1814924770,1781185147,-910136179
4,7,1,8,10407,1185796140,-1055915260,75376325,1704675013,1393605743,1955286295
5,7,1,8,10407,-907277574,179450470,54125475,-1577843391,398670173,1256535040
6,7,1,8,10407,-1676564329,-172257582,-2143000943,520028230,802163921,577504476
7,7,1,8,10407,-1917002389,-514572343,-445295580,-633676324,-1188634728,2145223431
8,7,1,8,10407,855363224,1973672367,-920820848,1454236624,-198867388,-21993360
9,7,1,8,10407,-68813633,778213914,-1582175228,-889702600,435398448,-1386416054
10,7,1,8,10407,-1185612760,2047157117,-2049428345,-681659441,-22257326,-1723543085
1,8,1,8,10407,-912165753,860970769,613425007,-1818504912,1134361469,-737990549
2,8,1,8,10407,-1767953205,2081957256,-813374794,-1733831536,-199562854,-716110082
3,8,1,8,10407,275895339,610954780,1192041513,-540606307,1808573586,-1706965569
4,8,1,8,10407,46036927,1109164065,1434024425,-466242950,-1634702524,-913652610
5,8,1,8,10407,-787629296,84046525,1401848769,1179928570,-180264783,2116272653
6,8,1,8,10407,-659806500,1331594618,-621070715,-64649276,114511965,1921132442
7,8,1,8,10407,1546458097,-2097618284,1484439822,-68747998,2054860726,142321516
8,8,1,8,10407,1234330825,-261135678,326231056,1360038151,-1428354912,1389608668
9,8,1,8,10407,-379188620,-1303987216,-1426727685,244354356,2109341641,133269772
10,8,1,8,10407,1966481021,567844697,-293794944,-2107841593,-1501421268,73289856
1,9,1,8,10407,629639587,-156002946,1787073295,1064470484,1489413110,1062683388
2,9,1,8,10407,-1271502125,-2114866698,67211913,946654235,-1645594213,861034843
3,9,1,8,10407,-1242381205,1504088816,-1588383940,-606575135,215204377,-1823263984
4,9,1,8,10407,1066260459,-1090064267,-1275369343,-557161203,29341322,807782571
5,9,1,8,10407,44756335,-1404010694,644669398,-1423730125,1814896838,1931666726
6,9,1,8,10407,2042751579,-30588982,-467067386,-578969833,-445551997,166709591
7,9,1,8,10407,-434653973,324590342,2076960389,78068183,-1941935848,1901334927
8,9,1,8,10407,-117928636,1080058892,-1922715525,1268941539,-2136182135,-1469256831
9,9,1,8,10407,-1822061848,618009346,1674026966,1660599392,189247466,1751476141
10,9,1,8,10407,148193958,-191766064,-845644553,123088051,-2001583153,-1588264629
1,10,1,8,10407,-340203703,-1502554348,1790237738,1072061448,1773762698,591988329
2,10,1,8,10407,806833693,-184076303,-1951302266,-610586601,1289761874,1674449862
3,10,1,8,10407,1070263279,-905565173,-1643634016,-920859096,1611972301,1291934599
4,10,1,8,10407,1570501092,1235478791,1491300059,-1121319926,407379347,-1254805877
5,10,1,8,10407,-1766775275,-29880004,1776572581,620258874,1623053589,765380079
6,10,1,8,10407,-1735438559,2058925294,-456590959,1391398029,1042166741,-992685561
7,10,1,8,10407,481576017,526399836,-677133783,123299991,662556926,-929569322
8,10,1,8,10407,195836978,1284281915,81093091,1251320824,494631093,-383506334
9,10,1,8,10407,-829955592,2019970173,966650689,2076583015,-211159339,1918968445
10,10,1,8,10407,1103972826,-339229610,1784315650,487833467,-1774996723,-1620318329
1,1,2,8,10407,652034610,812173518,-1197091391,-649982647,319494893,843070185
2,1,2,8,10407,-256887693,383156510,320146818,100665892,2090026841,-1598967903
3,1,2,8,10407,-210950509,-1770470523,1768092408,-168460740,-2007996021,1636860139
4,1,2,8,10407,242939233,-1310637504,366958587,270451965,1523467301,-1371565008
5,1,2,8,10407,2042072737,555931831,1637969117,266797545,1633311636,-1220147282
6,1,2,8,10407,-1986450138,-1432990353,-1332064892,-1292439598,-343218592,1350020209
7,1,2,8,10407,952520049,-954368664,1655939156,1677955117,-965872732,-2047679167
8,1,2,8,10407,387810426,859888699,-311470012,783541128,-238556831,486718689
9,1,2,8,10407,-14784100,-1918055624,-2101866836,-980773381,1848459621,-2058025915
10,1,2,8,10407,1713861957,246739947,-1679987725,435665528,-681383120,1692087763
1,2,2,8,10407,1597666428,-99175964,-1531400293,-262649451,1406698196,-756859452
2,2,2,8,10407,728222800,-383637629,-1661173396,1639709520,1627822756,-946678722
3,2,2,8,10407,1672975140,-1667986216,1456074815,-1324432262,842795361,-944885919
4,2,2,8,10407,-527970469,-9656045,553635140,1610511931,-1345428961,-1816396071
5,2,2,8,10407,450944376,1414630335,-85934622,1965396555,-1267692161,-1796796519
6,2,2,8,10407,1790500888,260616771,-163045021,-1249925568,1025964925,-2068805955
7,2,2,8,10407,-1854899721,-857815868,-1884548275,1686403064,-2146311228,694986336
8,2,2,8,10407,-773344576,613160125,574671311,-526970453,-173633182,993930852
9,2,2,8,10407,-472610957,-651679303,209381851,833142103,-143115021,496200491
10,2,2,8,10407,449169165,220176843,1173281808,-1980382595,-1579003212,879960894
1,3,2,8,10407,1823030025,1467651572,-498647235,-113372679,-1370131969,-187503092
2,3,2,8,10407,4641577,222009742,1668307006,-1752437938,1260648529,589826993
3,3,2,8,10407,-274293554,209643742,759081308,-228435740,139845044,-895358526
4,3,2,8,10407,1383283465,-94640014,-54828642,1834442962,-949215458,187634163
5,3,2,8,10407,-2120416946,713538619,-1596584797,-1560929820,-1764131164,1494656649
6,3,2,8,10407,1440439251,-283802118,724031118,-265121809,336033970,762887289
7,3,2,8,10407,1743359396,610254509,-399236,-52813746,-855640385,-703566305
8,3,2,8,10407,-1123369247,248407194,1647677068,442698808,-947578332,-328553322
9,3,2,8,10407,-1488308333,-759849570,-1431754078,-1172254358,-344516945,-798561198
10,3,2,8,10407,-1320140992,-162173135,430409642,-160261607,-1522869117,1290966779
1,4,2,8,10407,-1562877976,478303091,822380659,-1174940543,-989050254,-1520070739
2,4,2,8,10407,-561142935,-1645076279,1124575842,-1434297618,1744712295,823083552
3,4,2,8,10407,833015318,719667491,1744396247,-1798561075,-1235602006,-227439743
4,4,2,8,10407,-1138361539,-1423584558,-1087187681,-331891636,713614737,1750378907
5,4,2,8,10407,1798622630,134013943,-1447204289,1284437592,-1059844019,1134288807
6,4,2,8,10407,1969544440,1756104433,1856756252,-962504727,2131957261,1178031455
7,4,2,8,10407,-441193962,-169979563,-2077549738,-884720213,1201722798,121277278
8,4,2,8,10407,-791295281,2051128568,993165327,901465088,-1869991881,-2077241755
9,4,2,8,10407,1157662875,1780319636,-398241791,211781936,-36645381,149308021
10,4,2,8,10407,-792546393,1383956274,250622099,-1131837540,-1812049823,-1430900747
1,5,2,8,10407,396186033,-192123329,2021428347,398362483,1383442663,-193741877
2,5,2,8,10407,-1922402089,1699781074,-1754806883,-1816772035,-26262075,-656741952
3,5,2,8,10407,-1990934541,69491343,76240719,1312322659,1960869929,726279669
4,5,2,8,10407,-1953073016,468141288,-2109638562,1927766524,2044206859,1733671715
5,5,2,8,10407,-617257186,-1740818094,-1369895885,1845739899,1683260690,1234656975
6,5,2,8,10407,737422256,811512281,1361060401,139704120,324444550,-1867368423
7,5,2,8,10407,-1583223327,2061097453,112658845,-1609396765,-98262071,1524147875
8,5,2,8,10407,1981991208,508365198,-123396663,1982677230,1093916587,2002691601
9,5,2,8,10407,-2093315180,-601980563,-1341499186,-870889432,-136075824,1414360522
10,5,2,8,10407,687699249,-752023122,541153937,1783672012,619706614,1801609983
1,6,2,8,10407,1424068094,1942045995,-549868528,-972922938,-1336372289,970560487
2,6,2,8,10407,-1945758162,-934596293,1435050258,-2005673398,1998531962,-2033560362
3,6,2,8,10407,-380423065,2037385759,-254672824,541193716,591101329,-1655200716
4,6,2,8,10407,606762338,1808624626,-2088347742,1043510700,-1601825014,-1326392318
5,6,2,8,10407,1502416683,1242520573,1171496205,-326023788,284336691,83956738
6,6,2,8,10407,-759929748,-1176513469,-907664935,-1727500923,-1730059145,1357063845
7,6,2,8,10407,1495106773,-615531354,235217513,-1259243412,2135053363,1060573825
8,6,2,8,10407,1734940050,1872802189,-2003288329,-1381781054,-161167082,-64217120
9,6,2,8,10407,-1700412466,1477500965,-58194251,-542722861,676633466,1267828656
10,6,2,8,10407,-1813208087,-1361296056,-2036829956,1320651005,-64425008,170196663
1,7,2,8,10407,1442794142,176834069,-1170716614,927016835,-2110775525,-494040987
2,7,2,8,10407,2059172078,956588070,-539200291,413340945,415070408,-1253005893
3,7,2,8,10407,884345132,1275377574,1013508897,-1884572875,-321322192,272132966
4,7,2,8,10407,1530838498,519691269,573013482,-1576222197,-1710271826,-605584361
5,7,2,8,10407,1997656081,2080152254,-1248095460,-902473761,1044550591,347218701
6,7,2,8,10407,752421450,-591641925,1780089743,-1234783400,-1158625819,-1398033265
7,7,2,8,10407,1661788906,1541982044,-1468435256,546833840,-1290665017,-712245229
8,7,2,8,10407,1272644754,-1616229608,903697947,2047984870,1337849054,1780686646
9,7,2,8,10407,-251772671,1705983883,-443454851,1541859606,1772013060,518858370
10,7,2,8,10407,1677333781,-1148578377,-309944247,-1911229776,291213391,-2045265549
1,8,2,8,10407,1101939795,-947223246,-544667253,-1696883921,1870241374,-102936811
2,8,2,8,10407,-156026920,-806276316,-1097257195,1460116046,146702450,1796728170
3,8,2,8,10407,-1629529127,1081810563,-1597141517,-200613364,-4457284,-729286640
4,8,2,8,10407,569915225,-797293953,1771957829,1039100600,534302393,551749124
5,8,2,8,10407,722978035,1361751497,1354170221,1412065978,-583762703,-2020987897
6,8,2,8,10407,2003708312,-2125877625,-1455512295,-1471486313,-850371404,352097930
7,8,2,8,10407,545189124,-989552852,-906128229,1695299374,395060185,39205929
8,8,2,8,10407,1926108120,-716755561,505397828,706873577,-1876955369,185621620
9,8,2,8,10407,1261646994,-1431564799,-341108288,-2140128477,7709793,-296755935
10,8,2,8,10407,-301295016,-69968556,-1249503931,735628300,-859118190,-1755757714
1,9,2,8,10407,1705775005,-683751696,1953764601,613208758,1871127121,-2016337206
2,9,2,8,10407,953194934,-2097313172,-438817158,-166086186,2108616420,1486273476
3,9,2,8,10407,-1424187587,462897191,-212999586,1104535780,-698426391,707892299
4,9,2,8,10407,-456315299,-1828207662,-859634061,698233277,1614672170,89566424
5,9,2,8,10407,751390903,1814406857,-875281216,279459614,1139314508,-1478345336
6,9,2,8,10407,1019163848,92651372,1519824325,-2072829719,321242826,1869268343
7,9,2,8,10407,-1071090883,-569275273,-893309877,-1494057105,1180355703,1153297593
8,9,2,8,10407,-1116891548,476099075,827841586,-1186662609,-1644725128,1162588269
9,9,2,8,10407,-247823791,729658276,-1921503987,691639481,1769517472,-148975592
10,9,2,8,10407,586127468,-604888330,1707348007,1730360068,-1771535464,-158764583
1,10,2,8,10407,-34294152,1247729044,965611286,-619389978,790106524,-253220627
2,10,2,8,10407,-910389716,927287592,-1641191446,1948579891,698430725,-106637110
3,10,2,8,10407,-842092846,-970186105,338257533,-1409580089,-635649020,990209465
4,10,2,8,10407,-798984968,-1326546355,1154568564,373981661,237701467,-270965240
5,10,2,8,10407,289202010,-2071215991,-1300921672,2097006337,-2010595795,217477192
6,10,2,8,10407,-872783458,93467098,-1748860635,397300239,-953258374,1428293079
7,10,2,8,10407,383682847,999219067,254692633,-1321713930,210681842,2043290369
8,10,2,8,10407,1357909287,-433375432,548848623,77861970,-72295914,550934866
9,10,2,8,10407,-1457242133,-1177615980,1167286192,1360037459,196908327,-212179020
10,10,2,8,10407,66639541,-1110387814,1701899002,-829602862,-395567773,2076814471
1,1,3,8,10407,1087471787,212498645,700422589,-1013846996,-2035906270,-1866309468
2,1,3,8,10407,2060840552,22882515,-1444034955,391328673,-1006455489,-1679313288
3,1,3,8,10407,-229797868,-1192004639,-1298606365,-249285427,-290162392,-776107853
4,1,3,8,10407,7313236,2133885678,-2051291376,-832640888,204905924,-375913511
5,1,3,8,10407,1527512463,-1181095188,1132316112,-482992706,1719188657,812684191
6,1,3,8,10407,8614038,982808060,-1922897712,-42400040,284821264,1767707319
7,1,3,8,10407,2132661245,-1631537730,-2046616159,-932445361,1848189287,1167073885
8,1,3,8,10407,1179800483,341148386,150898947,1368349909,901120894,581802439
9,1,3,8,10407,-1851946773,908718527,2028609211,-747602523,1983525550,1295701610
10,1,3,8,10407,-1671011292,1357843751,-382741283,1635667099,548857632,1086611231
1,2,3,8,10407,396900976,-1894093944,-1690615250,-810782895,-1710336276,-2081487619
2,2,3,8,10407,-1607246126,418991901,869984746,-622937013,-1693117483,-1947671137
3,2,3,8,10407,-934305101,-839712891,-574591939,-1289580501,713987991,-1348582707
4,2,3,8,10407,662621785,-1233991791,531217271,-1627052936,-422242317,-1199502652
5,2,3,8,10407,-1515023521,1168503098,1369380050,-1405521710,821680801,-1092921709
6,2,3,8,10407,-1574674944,-971724690,1365349771,-1400197915,-1792652747,837354675
7,2,3,8,10407,1955467582,-2145799700,-1720560400,-95622619,-788543644,-881431758
8,2,3,8,10407,-704403923,1946467200,158268972,-979058257,2106971279,972120794
9,2,3,8,10407,-1406487519,-390292865,-1104813973,662002233,-1912381034,541435701
10,2,3,8,10407,2118321397,-1002327688,-932274325,-569928085,-734456564,1907057111
1,3,3,8,10407,-119295822,1301742631,1639148580,792679347,283136805,720100637
2,3,3,8,10407,-1198317867,1435364092,513026812,-1155160818,1442664168,667702568
3,3,3,8,10407,1343133911,-1864866569,-1642681054,-455002677,227472290,-1972781508
4,3,3,8,10407,-1777756944,-442117220,-1270537103,1876399590,873936895,1804142951
5,3,3,8,10407,-1896530137,1554485253,1623863952,1898074351,1127211895,-719903447
6,3,3,8,10407,420033671,-1689568025,493540424,-1968300640,-213282106,-1113981890
7,3,3,8,10407,1612957623,-298878036,-186774512,-810210914,-1263046435,-977638863
8,3,3,8,10407,-1026110568,-699498474,1359799855,1621030640,1220673503,1959914472
9,3,3,8,10407,-1724910032,-798055689,761599955,1230689574,1755497909,1623765562
10,3,3,8,10407,-1770777377,428663330,-506501986,-1085441207,1891864427,-1464763477
1,4,3,8,10407,51505732,-577123376,2144566119,-718998961,-484752207,-1496468023
2,4,3,8,10407,1146090006,2127198879,-1461017540,-48509793,1963890304,-869156331
3,4,3,8,10407,-1201909844,-287078015,-356462709,1971807625,1136519860,-532141567
4,4,3,8,10407,472575230,1956122922,1565563652,-1628030181,1908261442,-1917427178
5,4,3,8,10407,-143173578,1032620794,-904076975,-1711346596,-1287199679,561360248
6,4,3,8,10407,-1186432346,1755792821,-443013124,-327436869,-1768821093,2027474235
7,4,3,8,10407,1752091028,1293629409,767897155,-688295461,546712231,-1856788182
8,4,3,8,10407,-1820144397,866440878,2104729773,-503348874,514075392,873338505
9,4,3,8,10407,715550679,976495141,1616942113,-1948760647,-1393885462,-1303944505
10,4,3,8,10407,-1044037409,2106690746,-2006245181,-813946856,-1300898208,-1443318192
1,5,3,8,10407,-15709929,-863670444,833433079,-1699567659,-888703611,1417753920
2,5,3,8,10407,1563535045,-395509492,674848521,-943391456,1068573557,-1151917272
3,5,3,8,10407,12277645,-408076719,-301382087,1105488310,238691906,-1224980691
4,5,3,8,10407,-555881217,-854566597,-1369541784,1628092590,-413362665,696393779
5,5,3,8,10407,-1204965714,370592084,577027351,-718467222,485281862,447864370
6,5,3,8,10407,-1259583200,342775779,1166836823,-1545330626,2098805242,355231925
7,5,3,8,10407,282044205,-509711308,2071435399,-1799474593,-998653734,1888636668
8,5,3,8,10407,1586430845,-1624672898,603652233,1142122418,1958412608,652693731
9,5,3,8,10407,1155507820,1660861197,-1049326686,495303907,280589191,1061861698
10,5,3,8,10407,-182837208,-2077668155,-561628934,675451040,336486075,2048030175
1,6,3,8,10407,-1554138634,1097752228,-1445557811,-794044801,1244698681,-1507429049
2,6,3,8,10407,-158762985,-2002925024,-1036368657,-1885929820,-227240587,1939681321
3,6,3,8,10407,-256720750,1191998775,1673458542,-1991305024,1313903563,793698946
4,6,3,8,10407,1082580442,1830702354,-1898284780,245559160,745649813,985528306
5,6,3,8,10407,1661555144,2082185774,1506225566,1798744025,-953616406,1814735206
6,6,3,8,10407,1461575965,1118212985,731257392,-842895106,684469120,1449929032
7,6,3,8,10407,-1977647787,-959012450,18162544,-615994031,-970511015,-601982298
8,6,3,8,10407,-615691357,-1982416141,-698565221,270687724,-1137043696,574402075
9,6,3,8,10407,585419720,83826150,-196536523,1414374664,1932988742,-1795644835
10,6,3,8,10407,1122700008,207779677,-728206704,986859663,-2046044397,1081750018
1,7,3,8,10407,-743553066,1672389847,349846166,-1269752833,-741989227,956999408
2,7,3,8,10407,-975680226,-1630038585,-373889480,2114505594,-1937825120,1578202382
3,7,3,8,10407,-1161956860,-467995703,-1299666798,1082807614,1526059963,-479044460
4,7,3,8,10407,-237222101,-1167983281,245632453,911203383,1533218910,2126139186
5,7,3,8,10407,296996250,-1329613201,-390645811,-1301814204,-1284850697,-796899443
6,7,3,8,10407,-695525310,1769276273,1974806071,1630129311,-212621756,-84917008
7,7,3,8,10407,-1964594017,224026294,2021017786,-1677404048,404026347,-1954404211
8,7,3,8,10407,-1827927386,2072183825,-1788854001,-648590664,-784814090,-1188735111
9,7,3,8,10407,-1559556016,2024775172,1621562028,-1007321180,-1090956368,-1981862053
10,7,3,8,10407,43249075,1221499798,-1741007954,1445909370,685869661,-443715693
1,8,3,8,10407,-515271879,1414548633,-472739971,-1068780467,1923330112,1778900149
2,8,3,8,10407,-1378634254,-65080391,1071169713,-1641233869,1308820940,1840855313
3,8,3,8,10407,-1993922774,3290974,1060824393,-702824135,975122828,-1763244001
4,8,3,8,10407,-865047580,372007766,-792365141,205970880,860831775,938550656
5,8,3,8,10407,505026633,1080886706,-1830684315,208673288,-1797308334,1476641130
6,8,3,8,10407,1589950680,119041354,1718483619,-1280075310,-1220863157,-1146254931
7,8,3,8,10407,-1898188190,-54067108,2038564312,-1201685178,1445078928,159024363
8,8,3,8,10407,127615122,-2014163367,-886183335,1945241923,1381916127,-1896434396
9,8,3,8,10407,20895138,-1135690151,-961042372,-1171669290,-675548670,1659335390
10,8,3,8,10407,-171745561,2112555272,-440779546,767942184,-480772884,-2031797045
1,9,3,8,10407,-1783938086,60193370,1388822822,1465027046,-28717549,-900120597
2,9,3,8,10407,-167575203,1045788880,-1053961940,1377014808,-713426406,-297366194
3,9,3,8,10407,-932566898,1490924660,219766289,-1779814013,323250181,-1324270900
4,9,3,8,10407,1107901152,-1334019601,1198818304,924017522,-1667063235,929386041
5,9,3,8,10407,861647790,-1127746761,-1461938090,-1799502361,-169124349,-1487782977
6,9,3,8,10407,-1058075262,-2111736501,-1570442705,1245653448,-256595350,1074587741
7,9,3,8,10407,-1305121845,-1529678185,1894530182,803266243,-1739131172,2032982252
8,9,3,8,10407,359797237,1202800469,-654976647,-981189473,-1088514750,1622962669
9,9,3,8,10407,1715024500,928545472,-1314509239,-1640489266,-362351174,128850091
10,9,3,8,10407,-1307631945,1265707913,-1104088326,-241821666,974101082,-545462791
1,10,3,8,10407,111229479,624837222,211410651,-1428951483,-395303164,1293331886
2,10,3,8,10407,244922715,-331753522,1585611450,-1662906349,1882581321,-599521479
3,10,3,8,10407,-896172377,-472960827,1449536804,-146763629,-378639491,1222538159
4,10,3,8,10407,1558336552,-1490215389,2082844518,566593223,-1780540447,846011427
5,10,3,8,10407,-110035619,1497357730,1573810932,583856381,1957836273,-32376003
6,10,3,8,10407,-1928707508,-1258790278,-165917569,-1846922585,-273895361,1445514798
7,10,3,8,10407,-1046007432,772235521,-1825483466,-1487736741,-800090556,-840861768
8,10,3,8,10407,1152194285,1061744304,211169695,724053809,1018615495,-1605191420
9,10,3,8,10407,-1942632253,2098402310,-650068951,1228408844,1140167437,-213905035
10,10,3,8,10407,629780272,1973155897,614407436,-1982229342,-152983289,1605752013
1,1,4,8,10407,1308460462,926171085,-728857496,-809913710,-1897587766,575072169
2,1,4,8,10407,-1024950877,910230841,636725112,-601827677,-1802836131,1020751008
3,1,4,8,10407,212576210,500799908,-1589349662,-510570906,-217631806,1530360414
4,1,4,8,10407,529974712,-575381622,-56338414,-675945273,-1270731701,1587257374
5,1,4,8,10407,-441257156,-891643028,-414683443,-1835107207,1270268149,-865534037
6,1,4,8,10407,-1793090565,-1263869867,1508428507,-909390209,-886407936,-1508923513
7,1,4,8,10407,1888899504,-745302994,-622322740,475928326,1331461888,-88790956
8,1,4,8,10407,-648985661,169355824,1219615299,-1322776433,2109552934,945212532
9,1,4,8,10407,1477747584,-496907578,-1130988381,458257862,683947488,1235784166
10,1,4,8,10407,493750224,-1934843603,-1789918490,1976906576,1129641967,363279523
1,2,4,8,10407,-2092287157,255563873,-616957940,187652337,2038590945,1761562051
2,2,4,8,10407,-22762596,-1233178656,957450550,-1172986257,1460707262,-1254227820
3,2,4,8,10407,-630901697,287355093,1126416125,1835135311,-2093593619,1456948765
4,2,4,8,10407,-191046494,1026679723,-1129187239,1036216553,-1656427882,2114354880
5,2,4,8,10407,1771440740,-366538614,-50177561,-1516706504,665718120,1673071977
6,2,4,8,10407,265828586,-1990674632,1256974298,1249870654,-302100400,-1391424634
7,2,4,8,10407,1633618192,1125347683,1242538158,-1621676748,-1625310440,932538554
8,2,4,8,10407,1561902475,-358379183,174849835,-2108823741,-70210273,265972074
9,2,4,8,10407,814845321,-740430421,241257951,1497925248,1165199911,382420728
10,2,4,8,10407,-1990251303,520939530,-566496585,1959442716,1901452261,-1998269446
1,3,4,8,10407,-39325864,1819162059,227883074,1597243705,-231956478,241811719
2,3,4,8,10407,159101372,443325398,782397548,244402280,1435676979,-1659517984
3,3,4,8,10407,-894787447,-772236744,-1460409832,1163486983,74283117,2089498375
4,3,4,8,10407,-36461682,-1677300918,1375531218,887914685,899376950,-1261432835
5,3,4,8,10407,-717481768,-986364554,314342592,116710378,-1461236892,1053757844
6,3,4,8,10407,-1180065411,1582549528,374300520,-1744092144,-1343354706,1707442575
7,3,4,8,10407,-2007616504,-1019472448,1950470851,1058965366,846472153,1040155439
8,3,4,8,10407,-873654703,-1293568492,-1593975379,-516699469,-1522708423,272083173
9,3,4,8,10407,-474801626,-517850383,-1586791054,-2027274869,222133430,-1842604772
10,3,4,8,10407,987905951,-1212518999,-566626774,-179880247,1394110246,-1427255276
1,4,4,8,10407,2128665521,504854494,-859448247,1747003335,-1458355576,271732084
2,4,4,8,10407,636970622,441278812,2113873989,-1732382375,-1989727951,9319050
3,4,4,8,10407,-857102758,1678740144,218220067,1774055047,497135026,1928100635
4,4,4,8,10407,-417133911,-1514054482,-1493381846,-335814648,-328214157,-452371646
5,4,4,8,10407,-86261321,1894724031,-735965571,1335802275,-669129403,-2134321566
6,4,4,8,10407,-1164742443,-1202479792,-617141780,-371749224,15204659,1847957897
7,4,4,8,10407,168799437,-430426747,542569022,675638229,696386045,-548221628
8,4,4,8,10407,-1973057821,495137166,1867894695,351693197,-790591597,-1160502681
9,4,4,8,10407,966508673,494212021,1055036183,29237224,-1622845918,-2132880463
10,4,4,8,10407,246461825,669410679,180044439,-421107691,-519459974,-1122968706
1,5,4,8,10407,-1163303670,1911869654,437497091,-364546341,1370342221,-1897631722
2,5,4,8,10407,-1746917571,-1262356899,1151308607,-606786807,51434595,723468713
3,5,4,8,10407,880474640,1562313445,1082052572,-43875166,-910164045,782673605
4,5,4,8,10407,-1603096322,-1171543457,666152430,-238918206,75712644,-1550989670
5,5,4,8,10407,-1895779927,1895408660,978088665,-284234971,587137513,-448938831
6,5,4,8,10407,-1097736360,-907771734,576875159,1101625595,-692796705,2099945738
7,5,4,8,10407,1986642210,-497410984,-320718408,-1363815373,-960816262,1558562867
8,5,4,8,10407,-405825183,-967286065,1330467585,1059073641,-1864402026,656414807
9,5,4,8,10407,345323936,1810285229,627596947,-671325968,2146730815,404729061
10,5,4,8,10407,-486304419,1063252433,-2063975704,1731417879,-41688420,-435717926
1,6,4,8,10407,-135740192,271661210,-433486674,-573626446,1010965023,1189870349
2,6,4,8,10407,823493363,-55499603,2044728268,174836358,-1134418812,1636398518
3,6,4,8,10407,-677603523,769794605,-90256863,-947386481,-837982528,1749598553
4,6,4,8,10407,2146767176,1839703912,1086766781,-405143438,1787298593,345919962
5,6,4,8,10407,2085850197,625055941,-251354671,-1878979566,1140399906,689160407
6,6,4,8,10407,-1795764832,-130261440,695059633,1549304940,506824251,918531422
7,6,4,8,10407,308905618,981013051,96413144,1551367285,1167300479,-878026642
8,6,4,8,10407,81423717,-2032527053,-2117253948,-1191333801,1532558104,1747303213
9,6,4,8,10407,-1899143187,1277475570,-1073382830,1667838165,-398515769,1359010435
10,6,4,8,10407,-762046426,222890755,2073340008,-1911785364,101633067,1012384243
1,7,4,8,10407,1522125088,1051626455,-1537085305,-562652302,-949009122,904942084
2,7,4,8,10407,-2022960723,1157012344,-1037805384,1170883801,-400982531,-829448837
3,7,4,8,10407,838035936,-2031148997,-995206715,-719766988,-1875509112,-1245118829
4,7,4,8,10407,1373887729,2040228968,894292528,457780127,1792387944,304089692
5,7,4,8,10407,-2092458982,-385770020,-1093597425,-1784130528,1384885114,-940270579
6,7,4,8,10407,-1164653062,-2140043575,783055692,-807818916,566546918,-1999286869
7,7,4,8,10407,731323034,-553141210,-69997145,-1801394174,1267554297,-2050710524
8,7,4,8,10407,-1275579022,-173967490,278776106,-444630030,992462997,420875676
9,7,4,8,10407,-689400741,-1230276300,800054346,1822959104,-1603007709,5640563
10,7,4,8,10407,1995165092,1504526625,1286113103,-276449662,1774038875,1448332982
1,8,4,8,10407,-552282850,1969132527,825968029,616301415,-265916104,1137749540
2,8,4,8,10407,-989487583,-1835730551,-246886582,631032192,52969767,-902219384
3,8,4,8,10407,1160132986,-561741470,-61867219,-1225855921,-2037271263,-1018854313
4,8,4,8,10407,-1124752635,-1574807633,-5201511,921530600,-1688875262,-1146371237
5,8,4,8,10407,623188422,-2027108111,-860633402,-464567785,921703932,-377190356
6,8,4,8,10407,-1297852226,-1769668819,1356957732,1479907049,1351239079,2014587782
7,8,4,8,10407,331597980,184246125,-1374134908,1603807670,-950975527,817171073
8,8,4,8,10407,-2000273658,-1422406720,1730912432,-75021164,-1148438581,449521911
9,8,4,8,10407,-552155695,-341775669,-524176434,-641953240,1126388516,-949118155
10,8,4,8,10407,604870443,-1956151433,1041318560,-1321351676,-86607571,-1791168711
1,9,4,8,10407,-1538244472,-1234250163,-1324317366,623271974,1339001722,-1102463436
2,9,4,8,10407,-1637202674,259424139,-144778220,625531839,-384008910,298022096
3,9,4,8,10407,621315819,-1501537403,1339154552,-1136704493,1783467045,-2024330360
4,9,4,8,10407,-512378271,-471122025,918164304,2092842407,855594709,330555235
5,9,4,8,10407,-1209168688,-1333171605,-159915392,1161084449,117306635,549638991
6,9,4,8,10407,-386717306,-873183201,46938885,-1637788480,1677203896,1822360660
7,9,4,8,10407,1347046422,598127781,-186199441,1067519573,-398767446,398119274
8,9,4,8,10407,136018997,-1293834141,501870469,808393136,1565703489,-1521613533
9,9,4,8,10407,-661445465,-1673823775,373318411,-1694321683,1664016681,1242461724
10,9,4,8,10407,-1149285491,-1346175908,377692563,642080093,2030273126,-622414488
1,10,4,8,10407,-1431999111,-248760038,706655323,-2072058371,-635242966,-474792580
2,10,4,8,10407,-1481207408,1311142050,-1199463687,-8805296,1827943564,1108548596
3,10,4,8,10407,-1786001589,1101148469,-176364057,123113968,-1777558419,186114359
4,10,4,8,10407,-1693017483,496536300,-1594464139,-199941450,715776149,1331803930
5,10,4,8,10407,-670068613,-1235493226,-789482728,1246389017,396946157,-123725465
6,10,4,8,10407,1938102848,1501059933,-1154801441,-1787108118,72987034,-28384182
7,10,4,8,10407,132186377,882258176,-997984694,-1170655961,-1035905316,1355452211
8,10,4,8,10407,-1635484033,354193311,-294760601,-1239736861,-2113260252,1169337767
9,10,4,8,10407,41355353,-218401890,1300676387,-42472210,-1212518979,-1211944557
10,10,4,8,10407,-1020198642,1067001515,-1931048428,1624927386,818807540,-654823743
1,1,5,8,10407,219088587,-1528845790,-1391157916,669477030,-1740432625,878394424
2,1,5,8,10407,282875118,-1759689014,-148149065,1099952677,905780923,1604015442
3,1,5,8,10407,-1961398940,498008973,1493665470,1850258036,1350493307,1996555532
4,1,5,8,10407,-105394427,460619528,-2091470385,-10451129,-882943865,-1413856229
5,1,5,8,10407,-1414837693,658678007,-465366082,2009468778,1149446932,2065489290
6,1,5,8,10407,-1347278357,-2039248550,-620196494,1344805879,171679538,-486549058
7,1,5,8,10407,1259273152,814220767,273446382,-330907608,1024222392,-1360185889
8,1,5,8,10407,-785575329,24987375,-12210072,278624720,1151059461,863508262
9,1,5,8,10407,-163145646,-1058849478,-998081053,-1871992638,-552384370,-317186281
10,1,5,8,10407,-526417198,240119360,-1393060977,266234232,1850579845,-566311901
1,2,5,8,10407,-768733574,-1312569944,-1888374675,1469725044,2085322678,-1880300503
2,2,5,8,10407,-833488402,-1206571862,755728982,-116882064,-1177273807,-1667951035
3,2,5,8,10407,443818500,2108012586,-806335352,-892774919,-1939261736,-1622122110
4,2,5,8,10407,-967237695,-2069085844,2029991055,-846462495,1041776297,21935308
5,2,5,8,10407,-1887542518,403517590,2103467191,-311694502,1561145389,1173286736
6,2,5,8,10407,-563786816,-1492390572,1209662795,586885319,1709536877,30422488
7,2,5,8,10407,-67090239,1992039189,-1217990790,1109355043,-1522422343,217438740
8,2,5,8,10407,1988786323,422201114,-2010888794,-1792754791,-688173548,-1852419520
9,2,5,8,10407,1925815597,-904856587,1531049521,1620826651,-1661021670,-1459162673
10,2,5,8,10407,403813972,1630231020,-889423563,1232267105,1696963149,1727760940
1,3,5,8,10407,-1002652943,1528035018,-1249473443,-1097273299,-961301636,-69223860
2,3,5,8,10407,-2122950488,-1305791303,-907760329,1840418131,-232937333,-140816240
3,3,5,8,10407,-148476816,299640377,-723940633,1620107911,2070385923,-2095137275
4,3,5,8,10407,2052249223,1937647951,-120518703,-779569302,-1418380893,803989421
5,3,5,8,10407,-986133839,-2070173849,-495004615,169319014,268485044,291112185
6,3,5,8,10407,-203790593,1949892740,470251678,-593064171,-883661140,-1320049288
7,3,5,8,10407,-1574600122,1334131152,1338254850,1098953909,779355964,2067796419
8,3,5,8,10407,556589261,-1258152836,1042982098,1228702523,-948308939,2093847178
9,3,5,8,10407,731130828,-903187112,1902072605,315469560,1365047486,1759935015
10,3,5,8,10407,301363365,-784212468,811135997,-203545487,941882751,1409712658
1,4,5,8,10407,-287147638,-618401747,-1069433915,2121874969,1404239089,1454770849
2,4,5,8,10407,-1253206877,916833236,1065959239,278630047,382520221,-1933605435
3,4,5,8,10407,1750466401,1589155059,808739081,1505914467,1294149119,-1768757209
4,4,5,8,10407,4716984,30253457,629277635,1044626468,2136691759,2057595556
5,4,5,8,10407,-1169832038,-992861928,-448438429,-871396672,1852216445,-945725279
6,4,5,8,10407,-361281303,776227522,886345004,-1833889752,1858098338,1762515099
7,4,5,8,10407,1578400866,-461809668,-2050338033,-1643870247,-1431713293,1103916779
8,4,5,8,10407,-1597909877,-492266393,1127253291,-1493409546,480317743,1060680109
9,4,5,8,10407,639580193,-1175399287,-1886584532,2121257738,-282379253,-13161960
10,4,5,8,10407,-149466054,-1143100798,-117525466,-694567321,-431386125,1692613544
1,5,5,8,10407,-1087977281,1337171704,1027821366,-28504322,-587450145,838243341
2,5,5,8,10407,96089499,194386640,2089494959,-847514196,242038997,-808854858
3,5,5,8,10407,1206306871,-1463658050,-870107387,-236305119,-967134750,1606899492
4,5,5,8,10407,-1631286584,-1571209770,-1901062592,-765499673,976804895,442562481
5,5,5,8,10407,1691005186,748378287,-2086946931,680228403,-246389637,1773282113
6,5,5,8,10407,-713976194,-170066497,-2081811806,1076886144,1935771685,-1083041832
7,5,5,8,10407,-758533499,1612898329,1397967510,1271250720,-852550773,1431165098
8,5,5,8,10407,-324290861,1083206727,417101221,-1773349460,-1675089219,641189379
9,5,5,8,10407,1281981623,-1969522429,-1385241476,2046280945,-1114516236,642225759
10,5,5,8,10407,-1773757247,1174588883,1858834108,891978275,-806744000,-1945305301
1,6,5,8,10407,1952330937,-916164451,1537413555,1717748016,-1864051200,-225283150
2,6,5,8,10407,287060618,-64862837,-1465212566,1188380029,216379218,-960033113
3,6,5,8,10407,447977204,-1232383541,-2056582130,-144689702,-1713030874,2023483239
4,6,5,8,10407,119803263,890533275,-139896446,-425950356,-1521588723,-714683832
5,6,5,8,10407,-1564009058,440633739,-1341057998,-1303850436,1056355778,-2097046642
6,6,5,8,10407,-318633483,1124277832,-1321908588,-1026970652,1988236046,955596411
7,6,5,8,10407,1498744318,-242855295,1538051251,561651043,-2138542770,244567822
8,6,5,8,10407,9781450,-985119778,-655981729,-1446842486,-1254918337,-690449355
9,6,5,8,10407,-71510812,214200809,1488009795,1032087749,-651940668,-775704638
10,6,5,8,10407,573582950,495645823,1237026463,-1739680503,649484616,388635104
1,7,5,8,10407,-523735531,-1202003920,1848051203,1659501709,987935838,169340711
2,7,5,8,10407,-370207400,1246548266,-1086058890,1050748801,-841434968,-1443719859
3,7,5,8,10407,303261708,-1800800141,791980363,1468180803,-1187733583,-21700318
4,7,5,8,10407,-2110489351,-1563003667,1556677018,1793367531,-1866974325,-2142277406
5,7,5,8,10407,-946551095,-1866646431,1757274254,-655092888,114554830,-1768936411
6,7,5,8,10407,-1236938208,1027079528,1383863886,-1929926627,325306370,496866023
7,7,5,8,10407,1786515620,-587232522,1130907605,1609352425,648717826,1008790110
8,7,5,8,10407,-1408984709,-412674371,1559078429,-1236865708,510794601,-2052597727
9,7,5,8,10407,-2008030310,-1793914449,1707781547,-1353100186,1618067264,-1440959701
10,7,5,8,10407,-34030871,2098070272,-1676720852,963595059,1633267101,-1067748443
1,8,5,8,10407,-1025610683,792332980,867464631,1342872693,-1094176786,-2063289326
2,8,5,8,10407,1775691509,1497842286,-543656662,-1874185507,1288001918,-333588361
3,8,5,8,10407,1980063276,844944673,408888729,290556187,889168465,-1753922826
4,8,5,8,10407,888332527,-244345030,-2040159232,-1508674495,-819081299,1101233533
5,8,5,8,10407,-1347037104,-308053890,-1426846091,1256787153,3365294,473083811
6,8,5,8,10407,1010576898,-851300139,129047627,-364081258,-503465716,970143234
7,8,5,8,10407,2122805954,-76516591,-1163366843,413968251,1575007533,424221033
8,8,5,8,10407,1240572204,1887285401,2034311140,839446785,-938794034,-756443695
9,8,5,8,10407,1038011650,-992740879,-743133158,381650943,389439565,-1968695315
10,8,5,8,10407,636480242,1202672698,843797673,-1764994421,-232459371,-1855718828
1,9,5,8,10407,-1560958381,497545390,1797504450,-882454135,-679523794,-3021786
2,9,5,8,10407,1050580795,-1749392396,899473006,1662361218,-591121045,1380449770
3,9,5,8,10407,1307839755,2048877032,-1174053782,1862116591,335169485,-1674197941
4,9,5,8,10407,-553238098,1435671884,-340274750,-1159464566,-1731275335,-12561196
5,9,5,8,10407,386307700,-233461772,-1128409792,1775686402,-373501321,-1153046290
6,9,5,8,10407,1586102002,1043538814,-703775765,-636519544,710488404,-1023343204
7,9,5,8,10407,-1597126652,971212395,-936055711,-1620983246,1803879488,-1332751405
8,9,5,8,10407,-2040484029,-1102866560,48640833,1511875515,920067950,1769177457
9,9,5,8,10407,-97240193,1800925309,1848453394,-786679603,375946196,290976836
10,9,5,8,10407,1869264169,-486538422,-1458715667,-147392839,-507706023,652740962
1,10,5,8,10407,1240331563,-1254607773,-405284446,600106688,1101862118,-470259562
2,10,5,8,10407,-1798842650,-90218191,-5326380,451931624,-1630890352,1384109368
3,10,5,8,10407,-1694246437,-494546383,-134439903,-1541858366,-1270527840,-110753267
4,10,5,8,10407,-1171236933,940979239,747141143,-743574358,530870812,-603233082
5,10,5,8,10407,-1945610153,-520297003,438067247,1090047416,-1917804768,-568047947
6,10,5,8,10407,-1673443646,190251041,271260336,-1109054721,1041910416,-1012799607
7,10,5,8,10407,-1393153030,-1393289361,821901788,-39000020,1931966200,-1153949955
8,10,5,8,10407,238509511,-1796417010,-1189422715,1576930168,1048171793,-1506512300
9,10,5,8,10407,-542043741,-1291898384,-401829352,-1652013595,-111785609,-1922214964
10,10,5,8,10407,-1695677840,-746132238,-1429592721,849195379,1204315744,2086595078
1,1,0,9,10407,1694195535,1820599027,-837651959,-1702069935,-1485505778,666212051
2,1,0,9,10407,808867045,-719589552,2044698188,-1389165995,-499671119,984975288
3,1,0,9,10407,979547711,-1690868932,158293483,-842116864,1596249124,-2087148520
4,1,0,9,10407,-2090735032,-981692513,663879432,2067377629,-354371827,-1896578420
5,1,0,9,10407,1400203192,937795040,1210399390,-1310486402,260965671,1870832780
6,1,0,9,10407,437810025,-911640126,60964891,511296874,727124630,-977702570
7,1,0,9,10407,1490381648,1964922222,-404325663,2094225841,1042656225,130457290
8,1,0,9,10407,2081286100,338840981,1388288081,472050291,-48571296,1404020796
9,1,0,9,10407,-946836067,-2113947041,1078647736,1152614831,-179971345,-1063235766
10,1,0,9,10407,832259609,-91451769,703357782,1750609782,865874380,-86720319
1,2,0,9,10407,1363793853,-1864635482,-1410706119,297314183,1700550903,-1392173830
2,2,0,9,10407,-647994826,-1873539453,890576298,1587965615,1552548042,1344723228
3,2,0,9,10407,898094176,-1239615504,925956294,-2022823920,2066324423,-387370574
4,2,0,9,10407,-1736368694,-2137444707,549584477,-1442421053,-381271109,-112706254
5,2,0,9,10407,1411697406,805144751,1845228739,-1854827906,436594870,1630567549
6,2,0,9,10407,726684810,249321683,-567950414,-386687698,975716900,-791613157
7,2,0,9,10407,-2027999454,1849938411,-680574400,-1847248053,1546516626,826390447
8,2,0,9,10407,-760394705,1306930119,-283153557,1139598452,1246836054,-1800551725
9,2,0,9,10407,-558551564,-159490109,-1668275230,-330568289,-1932298105,2030595417
10,2,0,9,10407,1103945498,2048832715,384337504,2073546292,-2041313555,-1935288275
1,3,0,9,10407,1919623719,-354507011,17672545,2036315209,-1373190961,1737183460
2,3,0,9,10407,-1223588589,1324946194,507052171,-2028199157,-529141844,-2101847999
3,3,0,9,10407,1132427814,1097364090,-443898801,-1609182686,-294356414,932258096
4,3,0,9,10407,920511595,530637645,1602912993,-2004751266,1353981747,-1911512540
5,3,0,9,10407,561762202,1043079146,1388451129,-1583043290,398750845,-2143546790
6,3,0,9,10407,-317816932,-1967871846,2100166628,-1488885268,1191133758,383696319
7,3,0,9,10407,324362808,280380164,-1684264632,-1954113221,752155280,-1995110235
8,3,0,9,10407,1734082701,-623583789,-1806465907,-1150349339,-1516825681,-1944738336
9,3,0,9,10407,1466550852,-1986109509,-703316791,-1639080854,234401321,-1443695829
10,3,0,9,10407,-269935711,-313787717,-1842348582,-2067032042,902393804,401532621
1,4,0,9,10407,-1443433931,739856145,-888679869,1174404013,-1879991093,1740357391
2,4,0,9,10407,264585995,-1577523822,724760168,770200631,1472821957,1693678537
3,4,0,9,10407,-983903509,-2141991137,1967695252,1786910148,-454045784,-794591158
4,4,0,9,10407,-501697211,1785287081,143112758,745335232,-1994695372,2118218618
5,4,0,9,10407,-2146931630,2043374535,781858389,-1484893138,-564817119,1629229533
6,4,0,9,10407,312742001,690066182,-70508115,985124846,-1573292638,443844097
7,4,0,9,10407,-1393229854,-1538832729,-550237598,1397909505,1580179203,-840706891
8,4,0,9,10407,519857827,-990579714,-1172994082,-502402741,-1490593923,1641068592
9,4,0,9,10407,-1295821203,850751066,-2048621352,1962624449,-314837351,1842221501
10,4,0,9,10407,2029592148,1632108694,-1269946325,-385961840,-718609328,1504420352
1,5,0,9,10407,1179592998,1198580305,767038322,-2107889035,-2059365305,-1828628704
2,5,0,9,10407,-685432113,53133097,25059513,-147259911,1782414892,1090711114
3,5,0,9,10407,910588297,-286537921,-82727946,-1536587974,-1112817864,-856775227
4,5,0,9,10407,-1753851271,1004105948,915869935,-2111553388,319191774,-774433933
5,5,0,9,10407,1782695701,-2005261061,-844180282,-1610794651,1828676524,-1458530313
6,5,0,9,10407,-715673781,-1019746386,458079054,-541542433,1759552080,759989722
7,5,0,9,10407,-1187903037,1007519830,1640033261,-1360858087,545189085,-218820899
8,5,0,9,10407,-124411020,709219617,-1601199160,-153148737,-1597279463,1657987185
9,5,0,9,10407,-2119107459,-2048741468,1012127386,-695420457,-965906308,928760003
10,5,0,9,10407,573309828,-2144443728,69607856,447574159,1635305763,-7876722
1,6,0,9,10407,-1387903092,-817080049,-883061723,-1122004202,1907528383,-1213883076
2,6,0,9,10407,-1756624645,-2430243,-2098763955,437617038,1983309528,-69558665
3,6,0,9,10407,-686831562,-1144527569,1624137,-1729961866,-1791192554,1220416705
4,6,0,9,10407,-1644749593,-2147356017,1381222467,-492797765,1360351602,-167848480
5,6,0,9,10407,1417442279,1534126626,1718009530,1027990032,372669295,1043733613
6,6,0,9,10407,624658425,-1702866187,-442932080,1979540986,1458423012,2108183128
7,6,0,9,10407,-1742222140,-948967796,150943727,1879325807,757557471,-1795935630
8,6,0,9,10407,396421011,1079353748,-796058978,1196672729,-245745675,195579137
9,6,0,9,10407,788699651,-1290638129,1659324616,-804959571,855549288,29722405
10,6,0,9,10407,-83724752,-1092456265,432930975,-857069107,-1971031130,-1161209666
1,7,0,9,10407,663512270,2016543304,274942223,-1498421934,-2092238704,-1926075792
2,7,0,9,10407,-1255477347,-283823554,1588188872,-1895324592,1900243344,-1389166574
3,7,0,9,10407,1990077821,1062554641,1632748010,231832501,-2002498302,1383082940
4,7,0,9,10407,1112337734,1409419037,716851764,-33249686,-1392505568,-1084751641
5,7,0,9,10407,1461100612,199667733,1033095401,405497092,915405197,1131012422
6,7,0,9,10407,-98182786,-2024897657,-756785860,1164875826,271569039,614822193
7,7,0,9,10407,1083222642,-321667158,-805972903,81352269,-1376023303,1782356624
8,7,0,9,10407,-237081851,-1257220637,-816675999,932926313,-1480902325,-1948365159
9,7,0,9,10407,-2107317437,-469939622,1432611808,1872574741,-2001382403,1454057540
10,7,0,9,10407,-1238004241,-77486542,-82358083,-770173309,-211122412,981856211
1,8,0,9,10407,-1939381289,1951694646,-1916592185,247912846,-1586342794,713063421
2,8,0,9,10407,-1213719825,-2097040460,-1331596377,-390251675,283629018,-1885089662
3,8,0,9,10407,-469010094,465570265,-840922992,2131040594,-1907331830,-1143832778
4,8,0,9,10407,68861321,-581409458,-251027556,-2139684932,-690854226,1028930045
5,8,0,9,10407,855240522,1657323676,-2002293069,-96201765,1504246278,-787132890
6,8,0,9,10407,1546031297,1722537995,-1239819305,-1623132357,1354031332,263863388
7,8,0,9,10407,-1421405093,1023216674,-806313991,-2072178095,911857684,1723929006
8,8,0,9,10407,-1837676742,-1457275303,574082509,384983069,-978643041,-830411032
9,8,0,9,10407,800325815,970064517,1193963472,-516495118,898076813,-1583012484
10,8,0,9,10407,550091840,-465566986,1068949408,617250100,63033820,-775087145
1,9,0,9,10407,1399611106,-1647768358,513747535,-788527996,-767562199,2144476537
2,9,0,9,10407,766002786,827476666,1733327671,-187177931,-1049869806,-635760932
3,9,0,9,10407,1324590405,-857627711,41202832,42039186,1811850319,2109393223
4,9,0,9,10407,1067335410,631731543,842834480,1288991836,1856599531,-1619808613
5,9,0,9,10407,-1401698132,-604078258,61156984,884306625,-466677714,1403082905
6,9,0,9,10407,1973281907,-739704019,-223697822,-1470701128,-1086822698,-698517463
7,9,0,9,10407,-494221292,-464898197,513349755,-902088043,-1752839607,944139378
8,9,0,9,10407,658221105,-611680684,817793516,-2147260628,466033526,365416747
9,9,0,9,10407,-1031640912,1939068162,1766923821,2139693615,-371995787,-1655712108
10,9,0,9,10407,181286670,1731387290,-181080589,1326441235,-2088521731,2090883775
1,10,0,9,10407,273648549,1713354860,530618469,-744776935,1118533300,1452829456
2,10,0,9,10407,1927178685,956437252,-1626657137,1180294318,369408357,1476798256
3,10,0,9,10407,1436294476,1944044433,-1542932183,1955313890,948803311,-750060538
4,10,0,9,10407,833196248,-874837929,530020275,-287087529,1988857647,-452341075
5,10,0,9,10407,878249069,-1653062843,1447774770,2069169077,461002222,692939421
6,10,0,9,10407,673672729,1488917846,539358663,-1804203538,1912367216,2133123774
7,10,0,9,10407,-1556959108,-954012944,-1645544335,-406753190,22514816,1711382346
8,10,0,9,10407,-1610587287,1124545017,-115442549,-1994086344,-800195831,874327012
9,10,0,9,10407,1418684037,-848332603,-1325049409,-50861726,1577672502,-1348318178
10,10,0,9,10407,-2119031630,-1835583499,-1996405864,-1426868291,-1320012348,1506849940
1,1,1,9,10407,-1508505471,-785269597,-1369538205,504478679,1890218965,902141605
2,1,1,9,10407,-981645546,-1185512725,-726846983,-915879661,143019225,532720837
3,1,1,9,10407,-1458694417,-728664286,935168284,-213128306,-1693765995,394685403
4,1,1,9,10407,-552030913,322123666,-613704248,86475069,-832018408,-192983108
5,1,1,9,10407,1961707857,-1305952863,-479340473,-1869071499,-1491989888,-1625554670
6,1,1,9,10407,-177612644,1942122141,-1638832425,-659390111,654305086,-654235254
7,1,1,9,10407,2027502636,123192766,1188607842,1175479792,698206641,164404866
8,1,1,9,10407,893161624,1851381848,-1594974977,-1914944820,-1924429718,1608329302
9,1,1,9,10407,-1217271067,-916082170,-1428486838,256843518,1198392197,-1846528683
10,1,1,9,10407,-2023994737,1479322323,-583724271,-70676373,-417742609,2136861991
1,2,1,9,10407,-138060130,230110902,-1035618753,-963604530,-681877714,-819610944
2,2,1,9,10407,-487380471,719856378,-141301475,-388403574,1203941445,702743034
3,2,1,9,10407,-1903799940,1625922361,1354540053,-1265664174,-1993918319,1552441889
4,2,1,9,10407,-2015481827,1404184535,2028306828,102531499,-1653011709,-1981349671
5,2,1,9,10407,451879672,226963605,-1615969979,-1524670839,1753321905,-1449856994
6,2,1,9,10407,-1043904521,-547752160,934899545,1170976414,-2118772907,1624171590
7,2,1,9,10407,-1538984031,-18037137,2062590851,-713322587,-232425574,160086535
8,2,1,9,10407,-975881386,938757350,794620496,1228432381,-802566240,-777534020
9,2,1,9,10407,-991687935,1913786442,2001559107,-1270557249,33785345,-851503796
10,2,1,9,10407,1430298345,806070855,-19231398,1680369412,-934083386,785341083
1,3,1,9,10407,1523781348,-248861782,-409124508,-1332177517,-780933725,-1109708670
2,3,1,9,10407,579127253,-322853946,-839438343,935296770,1012562478,-1145037387
3,3,1,9,10407,1978185676,-711724149,959099958,535523933,1306965372,1438114147
4,3,1,9,10407,-740619269,-444488385,-1846700587,-877592918,209390482,-1444228209
5,3,1,9,10407,-764200503,-1132797087,-1364298786,1236774051,-106315401,-914597630
6,3,1,9,10407,-1447617707,-1045776303,-531705314,-1573069567,471483324,1650373713
7,3,1,9,10407,2028899456,777593909,335392663,-1790984641,-1946137050,-995917614
8,3,1,9,10407,1739118251,-1996689832,-343597639,413510406,-2037978209,-118198632
9,3,1,9,10407,-1860170053,-2060593832,1705245516,-915618461,-479037342,1414818940
10,3,1,9,10407,-1447186858,368735943,-848974043,1369462852,694172265,-1110819506
1,4,1,9,10407,698819573,-1732928684,89678947,-986655724,-189501138,-1175753901
2,4,1,9,10407,753332588,-1042341743,-1935583857,-137821578,-180183626,-997855332
3,4,1,9,10407,1764080142,-747486272,1924992112,715107283,2027905088,-133149313
4,4,1,9,10407,803096896,495240874,2140936699,764189650,-1742707544,1137255541
5,4,1,9,10407,-1568431236,-703631425,-736157376,863922349,-431973167,1143826680
6,4,1,9,10407,-630623813,2128808315,1546672275,2056505377,-290310441,-1752678676
7,4,1,9,10407,1860751394,406069713,588352936,-308054771,929221625,2061893351
8,4,1,9,10407,851597065,860664951,943085036,1466501964,688549243,292758089
9,4,1,9,10407,-1798772713,-2109102300,1840526286,-645781321,1191766367,-89178383
10,4,1,9,10407,-12275068,-935968644,-1818706238,-1785345088,1522653261,1014741839
1,5,1,9,10407,1307100296,-2106658960,-1524423570,-1188829540,1502002822,1780293240
2,5,1,9,10407,-255192161,-1955021558,1279845170,1810418013,-462073262,387185489
3,5,1,9,10407,975007403,158043991,579245694,-1543131517,665336314,-1150593148
4,5,1,9,10407,806814948,2011347762,-598017654,-1603622135,1404314876,-1287057165
5,5,1,9,10407,-1214015433,-1279118076,1366181670,1531500074,51654949,-2072289767
6,5,1,9,10407,-2026722407,-2026296546,-1242699945,17001713,-41294344,884671619
7,5,1,9,10407,-1392812857,750046730,-617644143,1400612626,-1090710573,700329662
8,5,1,9,10407,1487500587,1352859085,2140356398,1561032448,401395268,-430214876
9,5,1,9,10407,1791460804,2025029836,-1330375709,-1717282935,-1914601864,556607714
10,5,1,9,10407,373125866,-1635680143,961742283,-513247029,-1083274046,-1199206190
1,6,1,9,10407,-1285360750,1306843515,-353784085,-20105961,851105060,69694993
2,6,1,9,10407,1336296280,1471424303,548589434,672967901,-134349791,269764130
3,6,1,9,10407,-801495285,2142772427,570816972,-620151902,-441582711,1850425468
4,6,1,9,10407,1958659306,1628832524,-869837257,-143320043,1370109743,490588620
5,6,1,9,10407,1758888545,1792559660,-1416899171,-217251495,1014517858,-1096664700
6,6,1,9,10407,-1379578844,753023105,-409022411,-595549536,-1681089424,1223800447
7,6,1,9,10407,1930865406,1634000909,-508056288,-1254015826,501923895,1473837335
8,6,1,9,10407,932805982,961472019,-914502103,-1993736641,1367009457,1824421150
9,6,1,9,10407,-574535845,1250868927,-1586316660,226019965,-917572669,350531842
10,6,1,9,10407,1510780220,1831324574,-85995107,1630203745,-992232874,1651513035
1,7,1,9,10407,-1371975903,-1001371968,1195099771,2021291786,1904755779,-1551709381
2,7,1,9,10407,-1652654367,-703861881,1298292783,1456152271,-14791099,7996921
3,7,1,9,10407,53933639,122769912,-1927237464,-1394437859,-1827884388,1240656445
4,7,1,9,10407,869990546,1842203651,1272470549,-786746353,1593229113,-847672065
5,7,1,9,10407,-88096181,-589837617,-290703136,662552610,-1386180314,-1596898425
6,7,1,9,10407,-1856040293,163058959,-1892186015,-957759108,-902274083,-377943943
7,7,1,9,10407,595500089,-829300177,-1143171120,-187252717,-160131562,1514269700
8,7,1,9,10407,-98476076,681128825,-875934986,1459545227,-2008836990,-1860544927
9,7,1,9,10407,-377952535,1897409472,-493888275,1216663069,-1289342906,-1861766026
10,7,1,9,10407,925322244,-661417862,-883892643,558063440,1061849762,1720728430
1,8,1,9,10407,1726465760,1716478940,-800484463,-769957932,812459633,-1528466230
2,8,1,9,10407,288476548,-1637324123,-501306891,-842015304,-2012078805,1243202615
3,8,1,9,10407,1198811910,-1020777698,-1073026513,15995880,1612793114,1945385969
4,8,1,9,10407,-994981760,568946609,-526538566,-1631423109,-904041942,-2136490907
5,8,1,9,10407,1394803715,-2032913209,-1545106433,-620415617,-894810651,-1898516822
6,8,1,9,10407,393457243,189891414,222834414,-144311199,523044115,-493386260
7,8,1,9,10407,1294817448,-1235988059,-302275276,-1365322526,2076816379,1463561174
8,8,1,9,10407,-1638801759,-1020852119,1910168749,-809573109,-538983082,1871625154
9,8,1,9,10407,2019598270,128602304,-771666404,1285866055,193793988,-1132924372
10,8,1,9,10407,1125140425,225128792,-773045754,-1877745957,-915003211,1986323696
1,9,1,9,10407,805481619,526724493,1743327822,1381212081,-524120190,791680005
2,9,1,9,10407,-1894427522,-1947067369,-489952001,-1460360847,1625585642,-234425020
3,9,1,9,10407,1932086688,1266035237,648726576,312493057,-819501826,699029524
4,9,1,9,10407,-263533479,-1288102497,833075366,-1081700049,2112095181,1358315704
5,9,1,9,10407,83340030,1518288366,287331686,334249054,-807703245,-417865372
6,9,1,9,10407,500028206,122774136,1937150073,233934742,654595848,-1592886322
7,9,1,9,10407,584629539,940208456,284254830,-768542754,-1820332377,-1837643744
8,9,1,9,10407,-1057675448,579941072,2019629943,-427596621,-853097828,331659607
9,9,1,9,10407,1127226215,-873164053,2077311869,1079969063,1901559328,848235259
10,9,1,9,10407,-1089955626,-296859317,1744038005,1508423029,-147853712,1290551563
1,10,1,9,10407,-696987214,-1599637561,1155204575,576751374,303121114,-221969995
2,10,1,9,10407,-735032927,-379940731,-644063879,2085378079,333427715,975440244
3,10,1,9,10407,1116949293,517582498,-1303475642,-754222904,656928460,1045461910
4,10,1,9,10407,27899292,1204188700,2102730605,1557244730,1388958529,23204051
5,10,1,9,10407,616339587,1172143904,1950470151,-1388266503,-2102724077,-1883015395
6,10,1,9,10407,-1166100440,-574400483,-1000693210,1555164657,-1272622602,1834167366
7,10,1,9,10407,209789497,-833580700,-765094765,-1873689527,1979629172,1009948889
8,10,1,9,10407,1830380304,-86795956,-177324210,-2083998150,-1309877326,798638025
9,10,1,9,10407,-165552442,-1168558185,1283667429,-1061087087,1186317287,-724075287
10,10,1,9,10407,1418723988,-1330833996,-1365298801,1289608129,-461850990,-151971503
1,1,2,9,10407,-643375105,1970618130,-2123251391,-808731191,-479647919,-1769159561
2,1,2,9,10407,532768154,-1337079644,1617692982,1723778735,-2039166255,1507277477
3,1,2,9,10407,2032110430,1240100827,1472994844,699736681,1637680061,-924942193
4,1,2,9,10407,1197304732,-324588890,-125746138,-1854665828,-149449231,-1747137488
5,1,2,9,10407,1255794481,403112130,218936188,-1214545796,1952764993,-1999038945
6,1,2,9,10407,446822178,755105381,-327990547,-1385681924,-398188924,-1149609874
7,1,2,9,10407,1577291553,1888375578,-1259740621,-2091227845,-799151019,2134778164
8,1,2,9,10407,61429239,1963109504,956475938,-1896168982,1788983811,-865666162
9,1,2,9,10407,-496852268,210253914,-1005327551,-1672005507,1211411324,1029643778
10,1,2,9,10407,-445780798,475415627,-1618571092,360429784,1112612160,958539128
1,2,2,9,10407,1292858400,870297146,1666999042,-1597028133,1539862474,-364044150
2,2,2,9,10407,-1340113770,-2084010444,-883311089,-866268838,17909428,984630800
3,2,2,9,10407,-1763317334,533549129,-393495976,223378470,-1461637350,-1121802893
4,2,2,9,10407,2061669269,-1788595228,634393023,-1396524405,-389331221,782206145
5,2,2,9,10407,-196430840,1071514635,-2141454519,1838418941,20343967,-1525079518
6,2,2,9,10407,-1258966565,-404398120,-611992625,-370036976,1038112979,-979904138
7,2,2,9,10407,-637877991,-1737124973,-948973008,1073897686,-1439245689,-879671718
8,2,2,9,10407,-2080624657,1510855342,-693156243,105441182,1253338687,1754432687
9,2,2,9,10407,-1577954400,-1564049039,1288703242,1562769264,177924804,2086447212
10,2,2,9,10407,1980473849,-656263298,-2052340810,1383820986,1058859366,-244559378
1,3,2,9,10407,89508373,1850658908,-1386875548,-1267368978,-1162582301,-2092793010
2,3,2,9,10407,1352352272,-1895129000,463450633,370829656,-1218382407,-21361037
3,3,2,9,10407,1101291800,1298036596,1862554139,-1108031061,844933950,1144508974
4,3,2,9,10407,-1747126510,1395842769,866844807,1539861701,-1064167688,-303695027
5,3,2,9,10407,1982226778,1125506618,973558705,729130019,-979855690,1374507799
6,3,2,9,10407,-315668025,75555985,1406302267,-1606787734,-18881162,1066482389
7,3,2,9,10407,665702879,-1224968871,-131975573,1545127944,2045297496,359636262
8,3,2,9,10407,-2109053138,1230916536,-1645932878,-955064455,-1862450117,1580166103
9,3,2,9,10407,1964225185,1161142690,-1175830819,-1610768360,-861649042,-776180678
10,3,2,9,10407,-398890903,-1747080114,-1519871293,1428195005,-2106082063,-76978463
1,4,2,9,10407,-1544017476,-1916186238,-1129834758,-1993669580,-1841210609,-1479264404
2,4,2,9,10407,1144066209,2049382026,-1744613909,-415584974,1365328743,-849904630
3,4,2,9,10407,-1090403643,1279586096,221742261,-994698186,-502497265,147597230
4,4,2,9,10407,-454494796,-1457844552,-356160352,2055459717,383282080,1365977469
5,4,2,9,10407,-391506899,517755830,2143727225,600038961,1840843950,-990195913
6,4,2,9,10407,-362932842,-1226609790,1836929678,752644847,1979065111,-1733853001
7,4,2,9,10407,-1426375761,-1994745366,-368298354,-1145812525,115065637,382310737
8,4,2,9,10407,-648853158,-1545200619,2059687141,-714684490,-1766462738,-1940325842
9,4,2,9,10407,1538157241,-1145454917,954015248,187771754,-1215707136,-2083263383
10,4,2,9,10407,-1253073773,1583750186,-1720748232,-957108841,-1438828656,-166863440
1,5,2,9,10407,1971644801,-477283141,312150393,-259357646,1641642007,-1007945786
2,5,2,9,10407,-307193078,-977959419,-2115240150,597463925,-823103129,-1077302429
3,5,2,9,10407,1696724299,-621628677,-1550152321,19014645,-663792099,-1812594718
4,5,2,9,10407,801666157,23115338,-1864533419,1195915447,-153315232,778653609
5,5,2,9,10407,-1860178427,-1314943797,1109087932,1551481229,1018943303,1399668946
6,5,2,9,10407,241327954,-1332472811,1066727221,-228936004,841651029,1377757616
7,5,2,9,10407,2109953361,-666362249,1604990010,-1250957825,203389244,-231742622
8,5,2,9,10407,-1284476440,-2045061325,1351295850,-1797327075,2247867,234983667
9,5,2,9,10407,1056311644,358154905,1270252680,405819707,-781737014,-660611224
10,5,2,9,10407,2071731093,1027173604,-968667334,525602502,194093297,1998759715
1,6,2,9,10407,1380807245,-5971486,1362651269,-930023537,-763364878,696143053
2,6,2,9,10407,-1654824160,999222134,-2055321376,-2007249946,-1858914296,-1250207643
3,6,2,9,10407,-88359537,115059235,-1840494967,2023327960,282043036,-1072993726
4,6,2,9,10407,345720871,-1376430407,-1062217429,-1805477422,20676756,-323838159
5,6,2,9,10407,-1481735033,382535340,2103887804,166878429,-1636733108,330472209
6,6,2,9,10407,-1948299118,-1791063865,1935819599,50961042,-1248206213,-1764104746
7,6,2,9,10407,845827634,-711867224,869756317,-1434068930,-1836206052,-1470018320
8,6,2,9,10407,-1195059779,-2043552158,-257137059,-1941471511,-1657911533,-723587820
9,6,2,9,10407,-1794292463,-2066117187,964490987,860157350,1796130914,-1028848991
10,6,2,9,10407,1457698124,-2087383031,-738166394,916699786,1023603920,1850098739
1,7,2,9,10407,-460087125,1722849576,1903195180,454153342,183141683,-885568123
2,7,2,9,10407,624199479,1896547358,-626060123,-1455805422,-1507774588,121569694
3,7,2,9,10407,1092918410,-73552046,-374991041,1107043033,-3377912,-1917815812
4,7,2,9,10407,1631104164,1017489787,346986480,-298818333,-1150063792,-406395199
5,7,2,9,10407,-1781483108,-1774130644,943602831,325791365,-871503251,-2025974073
6,7,2,9,10407,225370103,1433186570,879129178,263584081,1942649285,310634401
7,7,2,9,10407,-1538549952,1244081500,-81114335,-1976249444,240249025,1439689420
8,7,2,9,10407,-1073446920,-1684941912,-1509441006,-1326302502,50038426,-1208308322
9,7,2,9,10407,726723505,-2065562659,-825717140,726722718,1304342892,1550797231
10,7,2,9,10407,1080974498,-309423973,324701718,-2008322923,-34281559,-2074088921
1,8,2,9,10407,1761713616,2025876659,1729621244,466229874,-1299453613,1288902268
2,8,2,9,10407,2072635405,-1165727022,2123452176,-1286561698,-1090383708,1827637169
3,8,2,9,10407,-679399331,2056675203,46769088,1112259108,-1608935153,166420139
4,8,2,9,10407,119386194,892826507,1005353611,-849450811,1550401322,112020312
5,8,2,9,10407,90671225,362199695,-2007349023,542606705,2079390134,-539527314
6,8,2,9,10407,172672770,-114847299,-326548846,501757552,-818032355,-799742775
7,8,2,9,10407,-621596208,1751067458,672526831,758278911,-1080687119,-1788403857
8,8,2,9,10407,1338927531,1324910846,1048390932,982263750,-1622168627,-585351305
9,8,2,9,10407,1163022559,1471766463,-28873970,2076916729,2095023684,1056569241
10,8,2,9,10407,-1217871184,1161945239,1633703820,823561164,1868378903,949091031
1,9,2,9,10407,-1272332907,-1718774216,-1527240396,-348964857,-1028030799,-1433747099
2,9,2,9,10407,1971642440,2011051408,-1903804050,75987972,-1038019789,-46470152
3,9,2,9,10407,486627742,-126589816,473867376,-245255493,-672556457,1530215298
4,9,2,9,10407,-466532416,-1823658868,-945747857,1793466305,1119679626,428211255
5,9,2,9,10407,232768804,-1320785373,-2061094876,1745855305,239735745,-1437524509
6,9,2,9,10407,434206402,-1366795093,-1857719735,-1450225045,1860380436,-319688302
7,9,2,9,10407,1425999073,1627192547,2011214054,1188291373,1362580690,693376086
8,9,2,9,10407,-1694419906,982617483,-549324959,-404339532,-688953019,1670937808
9,9,2,9,10407,-1803578153,1741448798,-316089767,-747941631,-1416173980,-1910197373
10,9,2,9,10407,-557879939,-1259996991,-1876073286,-97035658,1278691738,-410072329
1,10,2,9,10407,838203761,-831550842,-2082187670,-785338785,1420805460,1403470053
2,10,2,9,10407,-1783563993,-1051668532,1170809122,244968314,-1509660536,-1033365721
3,10,2,9,10407,-734857334,438830577,311723200,1789162248,-1425536113,1233553949
4,10,2,9,10407,1064688365,1576488985,1541582665,666707503,-1908820779,1451789699
5,10,2,9,10407,520227957,-1480865058,409898020,1346759543,-586995359,-1830620109
6,10,2,9,10407,-1304574217,-21627018,1816719986,792110283,394209608,1586052571
7,10,2,9,10407,1852599005,-1575860155,1907731133,517405161,310912881,-1420801959
8,10,2,9,10407,1349913982,-127288608,-1433023121,1291627979,-1767068474,2018514713
9,10,2,9,10407,1117619161,-1739410362,-696103125,-842956732,1900205530,1403172357
10,10,2,9,10407,946327903,394523299,260518817,-1062568755,682784529,686032656
1,1,3,9,10407,1576854217,1977712738,-273236890,-1334168227,-344525977,904704595
2,1,3,9,10407,1115089575,793929755,1815358240,-1258332937,1214338027,-644117244
3,1,3,9,10407,-2020091993,-1643666176,-272386544,1525613975,1671219794,-1450307227
4,1,3,9,10407,-920514966,-950970180,-419516676,-1469858310,-1504874836,254280551
5,1,3,9,10407,918680969,-285780571,482229387,209129550,2000683104,-1709635903
6,1,3,9,10407,-868406745,-1774784630,853945744,504104084,1938371710,1041026086
7,1,3,9,10407,-1462471553,-1533450379,1934516056,903041590,2106906327,-1309869125
8,1,3,9,10407,845152264,1440871804,-1358668503,-1883981927,923696267,722834403
9,1,3,9,10407,710493237,-607882202,152719572,-1625895130,204538698,1997327649
10,1,3,9,10407,-2044562690,1465922200,1330796697,214671769,-765674425,195782877
1,2,3,9,10407,463276945,1342198888,6540816,1483225854,1100953144,-1823650657
2,2,3,9,10407,-544927034,-1767112454,-1688335692,-1761368986,326313787,-150604658
3,2,3,9,10407,-1061350154,-1342884340,1865051915,-29311533,-1651094521,-752902043
4,2,3,9,10407,-1352009204,-1692615187,179193099,100549951,341767721,-1035156611
5,2,3,9,10407,-1674229582,836363819,1491208994,975467235,1986126790,98545007
6,2,3,9,10407,-531930324,-624825260,1326983027,1009201584,1190454103,353864607
7,2,3,9,10407,-1557070314,-1528287238,1742980634,1656822143,-523907955,2070088985
8,2,3,9,10407,-556482408,-694753978,1845194747,-1138479055,-1979120686,-1661376200
9,2,3,9,10407,-538852240,-543298196,-1830435213,1358725031,1417640543,-1650237260
10,2,3,9,10407,1503131312,1533667013,355570833,-308917194,-1972148157,-509773978
1,3,3,9,10407,1290741029,1679909311,-254633948,-1543439293,776167064,-480450246
2,3,3,9,10407,-417274594,2032039552,1192287941,658876087,1730215527,1117820215
3,3,3,9,10407,1687031246,-1898015600,-959776002,-615339147,1055010347,-1249358188
4,3,3,9,10407,-1020199533,-123838110,-1133526905,1304389627,1657255203,-958206257
5,3,3,9,10407,1934224287,-1898282170,1272304708,-700517815,-306639982,329063107
6,3,3,9,10407,-1015397670,922178251,1594804430,-1624202452,-1969511337,-1402668289
7,3,3,9,10407,2092479576,-276514070,319902328,-560188818,226492924,1853167743
8,3,3,9,10407,-32547935,315279882,-561701574,1892164265,1739240080,-1970558240
9,3,3,9,10407,-1613754089,-70859918,219134652,871049636,-899696451,-1852936243
10,3,3,9,10407,-1976056663,477224345,314947451,-1925913512,925432994,-1561055789
1,4,3,9,10407,1822908733,1530156528,248251426,-2020295635,-1005856829,-1804796176
2,4,3,9,10407,-508555157,-2001045960,-2018649514,-1803418579,-2058865332,332584687
3,4,3,9,10407,-230110222,-1379024372,-1030329405,-543528739,-1070772821,-1691703403
4,4,3,9,10407,2091227266,242138398,822027985,-1335395819,-1158485763,2015817546
5,4,3,9,10407,1305016432,-469058870,2110964308,629444601,-1222293510,-15497003
6,4,3,9,10407,-1701504119,-475667810,2062866230,-761288240,1571867007,1355116362
7,4,3,9,10407,981719131,1640440570,322931400,452065155,-191968632,666959800
8,4,3,9,10407,-1756402563,1392261387,1788796859,-1922119534,1813412957,424531720
9,4,3,9,10407,-1507807832,1481379349,676031296,2001188623,218368802,402583107
10,4,3,9,10407,160759735,-2068082849,1733639911,787963867,1866854215,1382645340
1,5,3,9,10407,1671260922,-732611990,327048774,1381608570,1793438128,-266082415
2,5,3,9,10407,-1809021958,1268245990,-1958003008,-1478902307,-1210949370,-1395298053
3,5,3,9,10407,1695597844,144444815,-814526879,-61907667,1475166875,1664088490
4,5,3,9,10407,-2130614761,-845846074,478488429,-1683476567,-2019943770,-271551779
5,5,3,9,10407,-1511006957,-1391130700,1078797736,-1140740157,-2055106617,327455969
6,5,3,9,10407,-1583746672,-2014085351,-2098487236,1724761572,-506550578,-650967742
7,5,3,9,10407,-1278577887,-1500397996,-1015013256,1700289520,-65719639,475444590
8,5,3,9,10407,1724886537,-951948240,-392982740,-279477400,525287297,-2144090541
9,5,3,9,10407,-1555018186,133287479,-1934825122,-1340898291,-1502816528,1756458679
10,5,3,9,10407,588934047,1216714992,1799763725,155605631,-1178609092,-678351603
1,6,3,9,10407,-1641340698,2017669985,-731548196,1014152672,-752932620,344457134
2,6,3,9,10407,170508948,-298515565,-351199852,-736556821,2064777996,-2106070063
3,6,3,9,10407,-168994024,1300710953,209874840,-1748539679,-953466866,1359302013
4,6,3,9,10407,-2030646406,-1900827956,1824265020,470823295,876393926,1153935136
5,6,3,9,10407,-1601317233,-554940459,1485156065,-2138706006,1421744402,1627674914
6,6,3,9,10407,712751580,1551565645,483625291,-950590902,2065202785,-383468584
7,6,3,9,10407,1156650705,596834673,459498637,773100330,-1712394496,-1582425616
8,6,3,9,10407,1757388113,-499960675,-1298501385,-970907242,1470744261,-1702093640
9,6,3,9,10407,-309160429,112214816,-634436913,2147207803,-2137518707,-529339153
10,6,3,9,10407,-1404324701,1922856771,1573056140,-1499548744,1415485552,984254928
1,7,3,9,10407,-1280471532,-945030812,1524867115,-1978356244,471495108,-1750795253
2,7,3,9,10407,538661259,1497452315,3472085,-1647657387,-851872748,-1180291277
3,7,3,9,10407,-1493470380,-1960361093,-274618401,-2063733010,154502090,595178848
4,7,3,9,10407,-360731070,1102756132,-1939912999,987780940,1570969712,-1569655627
5,7,3,9,10407,1089322595,2017965962,510209228,1447372190,238365177,457102832
6,7,3,9,10407,-1998171935,-804197611,1321157304,-638875153,1990291855,1850932990
7,7,3,9,10407,1344118325,-298199663,-1174043613,363044036,-101451801,-365218880
8,7,3,9,10407,-1664641445,-1247776650,-913501843,139427143,872638507,-1609325238
9,7,3,9,10407,-1066182843,-1477984726,-490705737,-92539645,72991689,-2127060864
10,7,3,9,10407,-46870828,-1923447927,1554456972,-740137251,-1898095278,1568789
1,8,3,9,10407,960687952,-457344640,852210313,-25687044,-411368728,1114151641
2,8,3,9,10407,-50154516,1245306309,-1600787153,-719368799,-1539106114,902958806
3,8,3,9,10407,-701346979,-1837851304,17042409,-280108471,-1374731099,-2111631469
4,8,3,9,10407,1626381014,-689604576,1712094275,-1794474839,1035298437,-251719103
5,8,3,9,10407,-282225323,-1363369066,-164898544,-1022989129,432653853,312306296
6,8,3,9,10407,-856392834,751908169,-932851959,51575687,-632872804,574424355
7,8,3,9,10407,-1677964578,-251138020,961973757,651953027,112127574,526310309
8,8,3,9,10407,1150463657,-765617847,1634508140,866807264,1450117011,-1652807616
9,8,3,9,10407,-1966812439,1043198352,-328242290,-1774172841,-967253388,-1642820555
10,8,3,9,10407,-1808232913,-925555960,1694901458,1056500022,-1538946662,-57524540
1,9,3,9,10407,-874832986,-2036787296,612749795,-1015106086,-495639210,-667678304
2,9,3,9,10407,-304291709,-58928137,680014660,-24634470,1122587788,-68685116
3,9,3,9,10407,-1623248201,-562960967,-2110294404,-391623064,1877407993,-254831959
4,9,3,9,10407,-1735928073,32854713,-898513413,-104467301,1595960120,208793720
5,9,3,9,10407,671874879,212566592,62845580,-1063515638,1412187714,-814945962
6,9,3,9,10407,-614686796,-969262453,-1962448051,-1248014586,2020160460,1531990335
7,9,3,9,10407,1563021962,549006800,1886695639,1342496212,456074684,-1960129835
8,9,3,9,10407,-1738706392,367548819,675261555,-1674415551,928761433,1088780455
9,9,3,9,10407,413153939,1229737060,2030183759,828834885,1615443369,837337298
10,9,3,9,10407,809126641,1681364566,86895572,1516680748,1923009131,770718894
1,10,3,9,10407,1349262933,-491116569,470795912,-1120943653,1404703027,706381329
2,10,3,9,10407,787862289,-1848966104,-1236243969,-2141141427,1926114798,1296923768
3,10,3,9,10407,-953547133,376782466,1821676780,-541637429,1570411957,1551039326
4,10,3,9,10407,2085360810,1025836301,406683947,-1513952558,-1753210740,398797491
5,10,3,9,10407,-1026236781,-1195002585,1219482157,-1510099467,-1858575129,685411541
6,10,3,9,10407,209071103,-125251469,-1735366629,-2010252343,321176018,-461213637
7,10,3,9,10407,558560242,1460032193,-32511226,-2019588274,-1085539049,1467815474
8,10,3,9,10407,-78416100,1475230510,514586800,-973623907,-166800959,1270564383
9,10,3,9,10407,432987310,-96695320,-1412577577,166118544,-877828752,1948971517
10,10,3,9,10407,-647209438,-2058722567,-2043756600,-1006425958,130141823,-54985765
1,1,4,9,10407,1004976590,-432654047,-2058180708,-571184043,-913455398,-1276765805
2,1,4,9,10407,-2053821168,-481803972,839330187,-1288019036,-1289657572,1472794102
3,1,4,9,10407,-1227526641,-526744430,1033004486,-21364218,1691981767,2137376940
4,1,4,9,10407,-201525205,1258174666,658575533,1919125204,1721162171,186214712
5,1,4,9,10407,1928819666,-1502312263,-770481211,449899020,-296516028,1082493194
6,1,4,9,10407,-231477211,1590189472,829627214,231085310,1804507272,-1881128575
7,1,4,9,10407,-567898658,-1536338705,-1202713971,-1573825827,-330445108,-2038415335
8,1,4,9,10407,1957507641,-403577587,1848419304,-582047997,-329871706,691228423
9,1,4,9,10407,-699849149,884478962,1791226389,1999640725,-836983793,2100541791
10,1,4,9,10407,-1454751654,372432478,1000548930,236435028,1723548622,-1730719040
1,2,4,9,10407,1252328561,-123852435,-881984878,296977660,1845814178,-1582497207
2,2,4,9,10407,1511566684,-1372416535,1555753057,-201954571,575879708,763345689
3,2,4,9,10407,511389172,297538275,1171490180,-1433967911,14001669,942189566
4,2,4,9,10407,775622552,1811944131,1456610607,713596260,-308977360,-633042760
5,2,4,9,10407,608668786,1900847652,424069212,-994791447,74418691,1146011277
6,2,4,9,10407,1477461019,651936822,-1486458395,784262102,-1511526792,-1726942407
7,2,4,9,10407,1970142493,-1991176078,781729412,-1505802855,1439382498,-1233380693
8,2,4,9,10407,1450538436,-1580730309,-1021563221,253041935,371000572,-1778247528
9,2,4,9,10407,339253930,-1696662237,720545668,507917007,969078614,-1440960578
10,2,4,9,10407,1786564495,-1599053969,-86457603,-2059429900,1015184541,-1785667638
1,3,4,9,10407,-1691235850,-951133437,1614950042,791970870,87365846,-626129699
2,3,4,9,10407,-937392361,-549155905,-587028846,1114912126,-909668255,2129371117
3,3,4,9,10407,849945294,496163742,2082389793,-891251153,-493749408,745102817
4,3,4,9,10407,-1688102730,1237896127,130699914,1011366356,-308513987,-83525494
5,3,4,9,10407,2122524187,-576964044,849193498,1807550138,1594548332,-1609652328
6,3,4,9,10407,2136802961,-77957773,988476911,1910197713,925735938,-1427076402
7,3,4,9,10407,1348596402,1163891779,21684705,2087561002,-1075679656,1676921471
8,3,4,9,10407,1078244652,1050958757,902347753,-876801843,1688478015,382041654
9,3,4,9,10407,200042509,1849368853,-1457950203,-643158729,1802780968,1964025082
10,3,4,9,10407,1960800916,674695353,-498268955,-1466586345,-1954230343,1663271423
1,4,4,9,10407,-2110313637,600396284,431508061,1051514929,2013293861,1256202572
2,4,4,9,10407,2111844879,884547402,1224753531,-88932365,-1177790143,1686573957
3,4,4,9,10407,426035346,-1332777268,1382614715,-1303143941,294298738,-754878509
4,4,4,9,10407,132516546,1848270164,-1912395843,229396026,-278543410,1797500229
5,4,4,9,10407,-172556226,-1733246430,-410849987,1541682062,-203015459,2135522537
6,4,4,9,10407,-1605067163,1146702476,1159524896,573598263,1913489448,622422346
7,4,4,9,10407,1786062699,-1398059427,-1764768742,-204751776,1385076633,-1100513217
8,4,4,9,10407,84699143,629622625,-1778045796,449956544,439072683,312544164
9,4,4,9,10407,-227721430,-1958086351,-1450797617,143140807,-273544098,710734822
10,4,4,9,10407,-1276141483,-338209667,523146658,2104943342,1266064050,1989887339
1,5,4,9,10407,-694243846,1584349391,-1682617095,-821793352,224358682,1401662112
2,5,4,9,10407,-1108120420,1734098374,211804781,-1420421542,48405729,457684007
3,5,4,9,10407,-557534194,-1143831595,-243317268,-124794476,-121300314,1195277929
4,5,4,9,10407,1148986651,1613463096,-1684808819,919068160,-1119768296,-1210165825
5,5,4,9,10407,-2083896935,1118465375,-384160121,594854406,233662678,-1687312085
6,5,4,9,10407,-433943343,-2118851587,1530762711,-449296689,-147586613,124848855
7,5,4,9,10407,224389578,-326699122,-1521281829,-1054054494,-1039455843,1304456703
8,5,4,9,10407,-165442689,-201026203,-1677253918,1982491277,-799881383,1810681096
9,5,4,9,10407,-136164840,-1598933564,195721014,-376448214,920563637,479127296
10,5,4,9,10407,-1116973532,-2085578536,-1816785900,-262861320,518569939,-2017386775
1,6,4,9,10407,1343913369,-839788211,391121852,-964118129,-1886139290,-973625224
2,6,4,9,10407,-797631839,-1515114628,-254613153,1181013214,-162832168,2123169680
3,6,4,9,10407,-280211555,-2132401400,-1405850469,-261759699,-1750491516,-1936848137
4,6,4,9,10407,-1312061781,-939595196,1754286664,204239813,-769673181,373046424
5,6,4,9,10407,1861362141,283145338,-72639625,-423051231,1566234790,-1554617830
6,6,4,9,10407,192902144,1798662103,-239688151,367443628,662475009,313382811
7,6,4,9,10407,506852658,-1298445364,-1509381614,1748456491,-283304948,-1232201002
8,6,4,9,10407,1550100131,457596370,1800711468,392423134,871002493,-1625954670
9,6,4,9,10407,-1532772887,1846806217,-563175587,1134702109,1764049290,-798289284
10,6,4,9,10407,270755364,1499044974,-613920603,1557605967,1101837040,-892015104
1,7,4,9,10407,-967271388,-1446189268,-550440730,1732687627,-1242901346,480983434
2,7,4,9,10407,105037554,-360419592,1027432864,1778905951,-1541660457,578259092
3,7,4,9,10407,104690263,-1252267897,-341547566,58166727,2079537928,-1518696552
4,7,4,9,10407,751238602,1426889104,1272828054,1540561469,-110987655,-1053648317
5,7,4,9,10407,-1130098377,-933013068,776075285,1722312452,191075491,1839397537
6,7,4,9,10407,1116302967,-23894372,-989729130,350518433,1289710668,-1921238007
7,7,4,9,10407,835691958,697297212,106839315,1168849872,-1322084804,611336541
8,7,4,9,10407,1572539986,1342507698,1211249447,1040706062,1040649687,-1678477612
9,7,4,9,10407,-1875221660,602957781,-1549685422,1090104899,314938978,1419220133
10,7,4,9,10407,94878992,-888129310,-1003995282,821955198,-1883299866,-976522764
1,8,4,9,10407,852008707,-731297363,1451880401,-1670638785,-1142538898,-2088116159
2,8,4,9,10407,-1166692749,710329023,-1169201909,-797061404,-1903290897,1132296301
3,8,4,9,10407,-667299106,-1373804440,-1051945309,-1207163161,-1437182739,222930325
4,8,4,9,10407,-814120868,-756208661,1617756517,1162920539,1305547435,882403865
5,8,4,9,10407,-2126479611,1994458083,-436228498,-381295481,1585679346,-1821197395
6,8,4,9,10407,-1542870566,-1779492773,1679125494,-1078285159,1883134115,651413158
7,8,4,9,10407,-1215414270,210509459,-1978669289,-1622507051,2066398476,-813168783
8,8,4,9,10407,1322267372,1277871674,993140641,-808497366,-2135975005,-260208819
9,8,4,9,10407,1451400290,1072995366,-148725742,-1394266321,-732165208,-1649515943
10,8,4,9,10407,1067448468,14320944,1083764883,-590245144,2088879943,1140132520
1,9,4,9,10407,581424862,894787277,1183785834,1569849284,713170208,-919254246
2,9,4,9,10407,1008580542,-446832347,717666249,-1184608452,-898930193,1810590625
3,9,4,9,10407,1905021223,-1633900689,-1779795016,-1144574765,-1011031760,-1925791896
4,9,4,9,10407,-1284904803,-2015977939,-2083856704,-1532195175,-1243945814,-665785766
5,9,4,9,10407,-2003963997,1132132046,2038968395,-75527200,-1616885961,-2089165268
6,9,4,9,10407,-1478643994,-1782081809,-1809195575,-1499376292,-88027886,1466480983
7,9,4,9,10407,-1837447477,768840372,542184626,-2083295775,-171309461,1909133355
8,9,4,9,10407,-1430112993,-609504202,297388725,-2108360806,-1464729481,773280285
9,9,4,9,10407,-1502804484,-197652216,1811312854,1845067939,-432881257,716422639
10,9,4,9,10407,1470992678,-880868830,-1845001084,-229924229,-593403801,1833433962
1,10,4,9,10407,-2034981865,-420352477,-254731905,1780304935,-546864387,-1842733771
2,10,4,9,10407,1259129553,-339589875,-1331320959,1718509736,-2141940562,-20202742
3,10,4,9,10407,-1918367083,2132866805,1157573848,-276098444,2061657855,-1483472522
4,10,4,9,10407,-1605513283,1812404806,-962985312,-1901183750,424656194,2010513315
5,10,4,9,10407,-234181264,-250688166,-1145136738,-1672286003,-607466144,2109490051
6,10,4,9,10407,1923161269,-405050258,-157599762,395574999,-278344081,-1691103735
7,10,4,9,10407,291293779,-435181025,-553742013,386945159,-1979080824,-1634316764
8,10,4,9,10407,-1954534302,-97697496,-527054899,-593353771,920896493,460460712
9,10,4,9,10407,-1508315742,-1282175893,-425425315,1107942326,245631921,-1940693533
10,10,4,9,10407,2049662532,94332736,784850113,-1343342651,352518507,-1689720974
1,1,5,9,10407,-855222608,1485286038,225012105,781032001,1418324007,1417068211
2,1,5,9,10407,-1992753315,-1676269416,506060531,-1661189976,1926718870,-1818430129
3,1,5,9,10407,-945410718,596543517,1668685398,2087658227,878930068,-1515696856
4,1,5,9,10407,-1275745452,363586865,433654187,192664431,263099164,-1547471142
5,1,5,9,10407,-951035689,357799150,568626017,-1575624773,-1130969271,278681355
6,1,5,9,10407,-1977657173,-1610884433,-1227753445,-305127960,2041555952,-1669521809
7,1,5,9,10407,-1263364671,154605574,465949580,-2138268007,1501085048,-2105111572
8,1,5,9,10407,-2025267635,-1005464202,40077323,-737160899,371554969,793851294
9,1,5,9,10407,1789503615,932252381,-1211150210,307725784,85898713,-611461456
10,1,5,9,10407,-287369182,-747170325,711246311,515027709,1605098318,573320905
1,2,5,9,10407,1455333257,-993869066,-1340834310,1666279543,2103669511,-1908050235
2,2,5,9,10407,533189097,870630591,-1914916375,-876993661,-312448496,-1336523538
3,2,5,9,10407,306945486,1233092980,870534347,-2054139859,1461047550,-1347590763
4,2,5,9,10407,-1911029259,1568567430,-135842545,1572829193,-1433611961,-1558452384
5,2,5,9,10407,213208324,1755600529,-1094278150,2117785850,-1300350858,1425743338
6,2,5,9,10407,-256380330,-1711868280,953888604,-759232568,1668580659,863322118
7,2,5,9,10407,1866306334,-2031534574,-1218206748,302993906,392011486,1401439698
8,2,5,9,10407,1445777306,1170400718,822025029,-1651273030,-1557286976,1892210894
9,2,5,9,10407,1329784114,19042124,-2018845211,-437891703,1912981237,-1059637539
10,2,5,9,10407,-1676797324,-2043895679,-396731837,-1608906702,1076333420,374050032
1,3,5,9,10407,-1329771790,-582918506,1082965119,135646345,763179893,196969914
2,3,5,9,10407,-1119595298,695148325,990182814,-1059054808,-436796869,-1320070931
3,3,5,9,10407,129643021,1089608129,-326473781,136230560,699614100,-2131006100
4,3,5,9,10407,359936467,-1824214233,-1037051862,934679204,-550692638,-285960889
5,3,5,9,10407,-713431825,1594106093,6209636,110711439,1720706276,-36951007
6,3,5,9,10407,395926547,-1578919584,-2076137077,-70778167,298554296,-1510097870
7,3,5,9,10407,1652554515,177599740,2089909128,669126497,1361171188,-1730035987
8,3,5,9,10407,-1253301819,-1017621216,-1885700803,-853470464,1843894540,-1016338445
9,3,5,9,10407,568869851,-1074359031,881315970,-190998078,1998425221,-722147064
10,3,5,9,10407,-2127825469,-1183074213,-615827590,-1063252786,-1363915107,621377054
1,4,5,9,10407,-724288014,926773931,-166161486,77731363,-1583191218,-296878118
2,4,5,9,10407,-294441042,-1524880011,236801362,359969310,346110984,1842585502
3,4,5,9,10407,910968124,1525710219,1742982814,-115649548,1023899693,1977884224
4,4,5,9,10407,2022844374,-85861920,-17403794,749223861,-1721298671,1303280400
5,4,5,9,10407,-384289664,-915600713,788114255,-1733054800,-1242200985,993150427
6,4,5,9,10407,715527559,58859627,-1862233702,-2080710896,-1456619242,-281091441
7,4,5,9,10407,621007681,-1195242878,-1200483566,-1001648085,-160087306,824240408
8,4,5,9,10407,2133357753,860580254,-216625088,-1540282387,1860983244,1087390011
9,4,5,9,10407,1085914267,855812618,-1357130837,874205632,-2009829554,1420103977
10,4,5,9,10407,-574109231,-1367277353,-2119819074,-566498221,-1974774804,837244296
1,5,5,9,10407,398695009,-731164565,-571720603,-1702883043,-416168836,-1768883390
2,5,5,9,10407,-159713875,417710641,1124202444,-2138131,-97847469,1584550283
3,5,5,9,10407,391303433,-1710243986,1779596530,-1945543544,867952114,-1103676439
4,5,5,9,10407,1673301072,864036923,1684672195,-692039809,-393463384,2000763028
5,5,5,9,10407,-1417707309,-1308585227,-2134372802,675359850,1161626261,-1443601423
6,5,5,9,10407,-903817491,763068727,-1954116178,132120755,33337547,-1404805223
7,5,5,9,10407,-24866142,1784503991,-1672032790,2037996794,-1987192133,822592247
8,5,5,9,10407,-2131987528,-1616919906,1486404204,1064586914,-1786170946,2134202914
9,5,5,9,10407,920897155,-690416963,310838366,-927006335,-161897563,-445936204
10,5,5,9,10407,-491500606,1450883984,-809795846,493846143,1764790595,1006476142
1,6,5,9,10407,-2142539236,-96410034,525264669,1580364669,-1994837258,1532233903
2,6,5,9,10407,-2127915600,276013507,716309877,1273607133,-1801123620,-2093113246
3,6,5,9,10407,454242380,-1100814346,809882183,-761110548,346488972,1991852735
4,6,5,9,10407,1077250560,1161068718,-200398046,-810828973,1719490413,-447731765
5,6,5,9,10407,-2118813176,-846637844,-401621995,703207115,-1344672708,1460118890
6,6,5,9,10407,-881307793,-171476900,-433255097,-970657517,1209940613,1807419059
7,6,5,9,10407,288011140,245090942,2003565044,1570607960,62906733,2079889771
8,6,5,9,10407,1127862783,1056473587,-199300065,1037064717,1924834833,2104855651
9,6,5,9,10407,-1279428953,1836675748,1739126107,-2056345397,1980000185,1816592925
10,6,5,9,10407,1675152473,-115061168,-2138158066,1982934320,-1568018148,1075910012
1,7,5,9,10407,18483210,-10510213,-1461321840,324281725,-1935782412,402473389
2,7,5,9,10407,-1340584745,-571852019,1358616993,216136840,-364364124,-1560347557
3,7,5,9,10407,913262215,2078783858,-284804383,393736704,-657440072,1903454506
4,7,5,9,10407,1435086957,1739574279,418038978,-342883222,-253494732,-1350839381
5,7,5,9,10407,1409517470,879425531,1277298263,138832484,-164970776,1789620786
6,7,5,9,10407,-1177639297,-1089024838,-2049595359,-1226792717,846978893,1191327820
7,7,5,9,10407,-1774211907,316177136,-1317432369,1568799956,-1702232638,964521502
8,7,5,9,10407,1070319993,572292321,-428351616,-1930579261,-1659833924,-1599631801
9,7,5,9,10407,692245383,-1035109681,350549549,-331960156,-1412081384,1154985059
10,7,5,9,10407,-1639067425,-1783971259,-1328664892,1534864842,586666277,295682596
1,8,5,9,10407,340596964,-1728718674,-2013429640,-787357838,-1673563529,-911548751
2,8,5,9,10407,608525184,1887449881,-779511379,-950894479,1370648821,1974786429
3,8,5,9,10407,-1937839061,-1659877495,1576014031,879222027,1654997161,1913257125
4,8,5,9,10407,-992862962,107961548,-263773560,-1944050829,-1751156907,1369957359
5,8,5,9,10407,1032050686,1341866958,-530690918,2044147066,319323292,698201073
6,8,5,9,10407,1924984932,763810939,1768861314,1587791980,-1569926424,505941542
7,8,5,9,10407,73767824,-1982383742,235671490,-1628323371,-1997352162,-1978173103
8,8,5,9,10407,-635012663,-643427854,-1772473836,-450546284,1422233733,1114829165
9,8,5,9,10407,304554196,-886902040,488097940,-180858271,-549977407,-292136358
10,8,5,9,10407,1899632394,1701637965,-1833723051,2012054700,-1536779147,-1140144053
1,9,5,9,10407,-610059225,-1048113520,588929855,-2104373304,-571851446,-457582527
2,9,5,9,10407,-550665106,-1405614390,-1153207058,1566106478,1042199346,-490435140
3,9,5,9,10407,-2140441916,612120232,-2002272568,1804846505,427798402,-1573406243
4,9,5,9,10407,-1326421820,1809804238,-1046607440,-1881809179,600315274,-1997478621
5,9,5,9,10407,1676577905,-1189357025,-942302762,642466786,1134974233,-561758858
6,9,5,9,10407,77403403,944976965,1303643326,-1505316014,-83354607,2037799845
7,9,5,9,10407,-793502185,422679512,156103916,468207167,-66142644,2060033194
8,9,5,9,10407,-1077725806,-845848902,1733071220,348823777,1800583243,48272990
9,9,5,9,10407,-1830945578,1727714429,-1899607151,141339154,1744179361,-1242190355
10,9,5,9,10407,168031937,311410254,7967954,1076727544,296817709,27179737
1,10,5,9,10407,1946477617,-1814566950,1825381873,-417103736,-1449281160,2049169848
2,10,5,9,10407,1000414983,776301176,-2112879880,816458299,283980533,1991565916
3,10,5,9,10407,-1797612556,1837067538,1387477065,-1805915692,1995102496,1376187214
4,10,5,9,10407,585901028,120305690,-63109825,-358837121,-1628883138,-1680968798
5,10,5,9,10407,-725932626,-1745614663,-894755107,37349046,-1236871734,-1141895712
6,10,5,9,10407,-1567560901,-918721289,-416464297,1926141173,948771698,2096963774
7,10,5,9,10407,-129583638,763539853,-612633110,-1252831965,1815245224,-227414138
8,10,5,9,10407,-1125772640,667204723,-1960343953,-1500456473,2110252463,-994529479
9,10,5,9,10407,-1077265698,730924165,600568758,-507465998,1748188922,-23975204
10,10,5,9,10407,1124336207,-953693011,-558379316,-18584633,-1532592104,-1746681782
1,1,0,10,10407,1704862053,-248495885,1399314393,1972554025,-488197974,-1838976017
2,1,0,10,10407,1407825031,1920193233,1814620890,-895471859,-393002522,796450789
3,1,0,10,10407,387455448,296948685,1491515466,-618010593,1949966891,928974802
4,1,0,10,10407,2057332807,-470710229,1236333850,-2129206041,645623158,155711310
5,1,0,10,10407,-509621789,-1991430766,-10035702,936510920,772669702,2068391056
6,1,0,10,10407,-60913417,-152356140,-1089798313,-1335336957,249342162,-1954656665
7,1,0,10,10407,1941001118,1526246721,605806401,1061770413,2029463024,1204719974
8,1,0,10,10407,-1372735079,-1542566709,831658313,1968806822,1659986284,1962384115
9,1,0,10,10407,-1670594746,-1469977217,1100801128,639220199,-1637223842,376047999
10,1,0,10,10407,-932005063,-1995539614,-524893401,-1207225921,-888464330,-2059289308
1,2,0,10,10407,-201141592,-303386741,1889112242,948115075,709619428,-1757276743
2,2,0,10,10407,541243420,1496137313,2117616759,-1359427493,188587637,1254332581
3,2,0,10,10407,-1116336388,-895162325,724809397,-58967628,-312506851,-1181266721
4,2,0,10,10407,-1926923844,1040071251,-154530581,1231246459,-1809547363,-363239903
5,2,0,10,10407,-469303376,374118485,-565559110,-518050939,-67233610,-1097792837
6,2,0,10,10407,-374327566,-1184374637,1714387800,-846712732,-1630926973,1064865402
7,2,0,10,10407,-1145549370,-1861022032,-738043039,1850365892,577139752,-2130746788
8,2,0,10,10407,-842812143,-1003229249,-32637598,926928150,1972998820,1334124033
9,2,0,10,10407,487944869,1525552373,-98852598,519973527,825632961,-1006604052
10,2,0,10,10407,663903136,-964930136,-1210759054,1476667798,2058097048,-122692320
1,3,0,10,10407,-2040266513,-1463657218,1104949173,1962901726,-1629349998,407429226
2,3,0,10,10407,-635474288,-968517103,57002574,1068773783,482706477,1784382882
3,3,0,10,10407,-995693149,1700191722,-1571722465,-526936767,-674691360,-1784658298
4,3,0,10,10407,1174323804,-747359790,160169750,-876069247,741607060,-1361020435
5,3,0,10,10407,-128653486,245849323,59210699,-338307954,1480002521,1215096967
6,3,0,10,10407,1493660594,-1580629644,-154462937,-1740915675,2029233240,-1700509681
7,3,0,10,10407,1969001159,967624311,452453762,1602327748,1854699647,-2092362450
8,3,0,10,10407,577845006,576322556,-384226251,956078672,-307768711,508672287
9,3,0,10,10407,739167101,-1900723895,-403960649,518169963,-2128496423,354283560
10,3,0,10,10407,-2057045490,1429863530,2043541756,314428297,1159834831,1240222497
1,4,0,10,10407,706486009,1810478512,-1575425754,1827991460,1561987341,222197493
2,4,0,10,10407,-904984301,911432273,349075969,696825215,-290213272,-444645593
3,4,0,10,10407,-1429146759,-1332437258,1434794903,1705711001,1523541156,1849530675
4,4,0,10,10407,-881878794,-1039229586,1875894936,925495389,1103446786,-1824196306
5,4,0,10,10407,-713456662,-2929686,359962035,1212043997,34531480,-637183355
6,4,0,10,10407,1039101648,-907327951,-1803521572,-1095938926,2075548914,275253799
7,4,0,10,10407,870699099,-198961399,-1463591425,-1786694762,949883300,2052976443
8,4,0,10,10407,-1955956340,-1306301091,-1094110167,1812254367,692702105,-322317952
9,4,0,10,10407,-1614576813,1844232902,-1422903698,-2051077033,1260708481,-311114444
10,4,0,10,10407,439288260,111696502,-1768678286,1985228336,439170934,-930391852
1,5,0,10,10407,-1167882958,-1176035007,-1644190983,-239046095,1880680617,-1827487134
2,5,0,10,10407,-129843779,-1952461201,-1958183851,288260616,-1717968925,1142728617
3,5,0,10,10407,2139545484,1931432874,634676659,-1496294987,-216448533,-1079271600
4,5,0,10,10407,-673744756,739767599,1093232477,-206446322,-1093636183,634429339
5,5,0,10,10407,1679521770,1946056068,1973850189,-1608310426,-2103924169,-164306177
6,5,0,10,10407,-701995767,-1943815585,1152750573,-1055715308,2055803184,81408136
7,5,0,10,10407,-955828241,664324100,264216552,2091088785,-995542527,-1039010995
8,5,0,10,10407,1801640194,2046492620,1410479461,-372759430,1030810951,256385196
9,5,0,10,10407,-234358349,812974993,-1461460044,137124543,-1718372496,1972636980
10,5,0,10,10407,-944708436,-1032106495,2017504300,-1481861741,2097010800,2130236895
1,6,0,10,10407,-135873344,1434279197,53328921,96391023,-330607337,1705472402
2,6,0,10,10407,1708838149,-1296994557,386786150,-1242782305,-1796698271,-1597865454
3,6,0,10,10407,-135036230,-1986324948,421767946,1599376528,1987242174,179339632
4,6,0,10,10407,2100559817,712436338,236776001,291469445,-532201006,807626643
5,6,0,10,10407,1419714087,-1666503810,1120284437,1966397029,-1101402631,-1089380501
6,6,0,10,10407,1848452898,-1143721727,-360787730,-1532043508,-884465370,1004859122
7,6,0,10,10407,1565664369,2027228359,507449367,1379005899,1130470388,-693375218
8,6,0,10,10407,-973108580,189994680,-1601841571,1386118099,907949787,1697778606
9,6,0,10,10407,-843782121,819637810,598022922,1041023206,1482390981,102037216
10,6,0,10,10407,510744516,-351881507,1278638704,-758891176,295555598,-568302519
1,7,0,10,10407,-1185909361,-1014849139,-110149501,1569957603,1580514206,21778986
2,7,0,10,10407,-852812073,-1994364293,-697187575,-677632906,267433271,-871374178
3,7,0,10,10407,-1626515082,-895310018,1037407645,2117638909,1213375624,-1369720202
4,7,0,10,10407,2088469040,-335606130,-1909121748,1128594271,2063171749,-395727843
5,7,0,10,10407,-252965904,1378132266,1828057078,-2049831414,29491599,470506390
6,7,0,10,10407,1116560912,1267070649,-1240867526,-1965290329,-923215062,1863531709
7,7,0,10,10407,-820027234,1489622334,-1741543160,571274361,1659803041,807581120
8,7,0,10,10407,-453227376,1827124352,2042566331,578383731,-476393106,-1960551412
9,7,0,10,10407,-1233172808,-1207537542,121676857,1384253742,-469882868,2035937195
10,7,0,10,10407,-667235021,-864152005,-23758382,1142243865,1701217241,-1766460174
1,8,0,10,10407,-2036963169,555999007,-1782044188,1465649483,1847351678,-2092038537
2,8,0,10,10407,-12029508,-412126715,-1270014738,1565562188,-647545282,-279231117
3,8,0,10,10407,98665773,-1271928571,1170641545,2090057694,428477888,725043846
4,8,0,10,10407,-330097020,553267493,-1153985004,270919454,1868150352,1297394412
5,8,0,10,10407,-1380800433,1457545262,-1954432348,1517255974,1830866505,481811353
6,8,0,10,10407,-1617156968,1036955973,1043999191,-1547149627,-461872685,578170030
7,8,0,10,10407,-1935649001,81654383,2125361929,1791115078,1153643806,1670680439
8,8,0,10,10407,1764141238,-216124342,-1907780646,-1341821901,791909563,2061292286
9,8,0,10,10407,1706937077,1917580003,-1402251812,-855633236,-386316269,819802999
10,8,0,10,10407,-422214375,1257590654,1456873387,21799773,1048919635,-1154475820
1,9,0,10,10407,-974260010,-419196831,-217878421,-338929113,590213064,-1713098626
2,9,0,10,10407,65758877,1994084417,-1806260525,-2078353909,1694493961,-2006099622
3,9,0,10,10407,-2137090588,1460871162,-1857149756,-1085899990,-981928583,-928959844
4,9,0,10,10407,932608465,1735922056,-307949782,1962404151,1912380637,2126987376
5,9,0,10,10407,1607595395,2048454437,1496378722,-648791000,1872526739,-1859130386
6,9,0,10,10407,-544347037,-1793672010,1565935073,-1038038388,997595937,-1282934883
7,9,0,10,10407,86865471,965065351,884141119,-707676761,-534168463,2034053252
8,9,0,10,10407,-1306445232,-1695999606,-1614617051,-523298784,223956961,541092529
9,9,0,10,10407,-961104079,1883063531,1466754328,-673896794,304916171,-1697681604
10,9,0,10,10407,-1322630864,839098541,-982449478,1891349531,1686392884,-152665615
1,10,0,10,10407,-2143929332,1140381528,808247518,-1823679536,1260832374,1591136510
2,10,0,10,10407,1747429302,-497607496,205342706,2085637916,-653692686,-24850410
3,10,0,10,10407,-1790900351,-1558236469,-961965731,-1637378612,-837812947,887236086
4,10,0,10,10407,1629696987,674161391,1568253028,1545158787,-697755866,354076651
5,10,0,10,10407,-2133620374,-572899066,-1628638928,533686517,-712346747,-1785024944
6,10,0,10,10407,1834984858,1911828352,1770113995,1091129846,581041272,1762928912
7,10,0,10,10407,535270410,1351400988,-851703457,691981614,1840687313,2038655021
8,10,0,10,10407,718243108,202981458,-1188634893,1462064310,-1786733041,519632108
9,10,0,10,10407,678318053,1189189471,784570854,1940454347,-968118612,-1339761678
10,10,0,10,10407,1278921710,-971212666,71055425,-614022340,645432818,-338212251
1,1,1,10,10407,-1565220585,136511121,-266440729,1820988572,1219420306,640059202
2,1,1,10,10407,1933737616,754675580,-508433598,1061061626,-2126068874,-2105167187
3,1,1,10,10407,-1691486285,851868079,640114404,1326473792,79805527,-553139528
4,1,1,10,10407,-1940669386,-238698279,-1261533766,1382621978,552454194,-730182992
5,1,1,10,10407,2143659418,44597415,-706236929,1780798390,-74121975,570392779
6,1,1,10,10407,227436683,-2029204627,511702100,1611412588,506598611,1499552801
7,1,1,10,10407,-1622278012,-2037096,730524040,-2141941030,-965083110,-286908600
8,1,1,10,10407,128238192,-1562793949,1366300165,-626006323,-1947814234,1299272737
9,1,1,10,10407,-858503752,1518365279,-1671608285,549921121,-659278804,35182657
10,1,1,10,10407,-17130123,-970341453,-1549409060,-370384069,1638809718,1180637570
1,2,1,10,10407,-1726240625,-1967742333,-467972879,-1858391602,-1699067467,1110734371
2,2,1,10,10407,1074978047,-1906522882,578181319,-1553737914,146913906,-943599972
3,2,1,10,10407,-1107504533,-2080690275,76028048,-686357003,-1392308433,-1883421263
4,2,1,10,10407,-1581438865,-340016904,708886522,-1098019484,428039250,-368477494
5,2,1,10,10407,548767399,2138368232,-387210523,-233051899,916278668,-384128301
6,2,1,10,10407,258899747,-1977517608,-327164699,-1242219085,1309980557,873164959
7,2,1,10,10407,-1164322897,-1006880495,-936726389,799467222,-1105350552,1279101946
8,2,1,10,10407,-1141847008,-17971783,1636509762,65088989,1358620586,-1855017768
9,2,1,10,10407,1366221066,-1670665116,-2078963938,-1655993431,200951695,-1870587739
10,2,1,10,10407,2127050071,-26510100,-1874311591,-244825809,-106884703,561095789
1,3,1,10,10407,1050940359,-586745592,1410514003,-2147030952,741907461,-1852103589
2,3,1,10,10407,680495455,103080289,-2066300736,437830354,1644204078,-811981519
3,3,1,10,10407,1219790032,600567574,-473436117,-1992710759,-193267515,-1637338478
4,3,1,10,10407,1277280102,-342445516,-1537345312,1534839584,-1560294646,947909237
5,3,1,10,10407,174564414,1513826317,991873089,1465014022,1159140037,-771825052
6,3,1,10,10407,309510832,1608291033,-215056703,-687160010,210182985,-1629813320
7,3,1,10,10407,-996424749,-470181878,-704779307,682845190,1529920998,1573033177
8,3,1,10,10407,-239234137,1402130224,-1611974497,545360350,1687671754,-435721297
9,3,1,10,10407,862061035,-1083822985,946841622,1150485902,1013981508,870790779
10,3,1,10,10407,973485021,-315456951,-1641343554,438000020,-1240415946,-548357427
1,4,1,10,10407,-1323705377,-859961959,153509924,-10622999,1434960601,1737468133
2,4,1,10,10407,-863506637,-1848107270,1805268495,87197709,-720460608,1897855987
3,4,1,10,10407,1181589195,-2035067360,-765762153,239483919,1813570591,23639866
4,4,1,10,10407,202360638,-1740753553,2014419731,-691536,1745094351,1281016745
5,4,1,10,10407,1833343009,-1716520432,-1772600787,-2026895207,-193932885,-94283489
6,4,1,10,10407,-1099026149,1774901885,-529339736,822340677,-577215625,1901838156
7,4,1,10,10407,-1361696553,1328926497,-1784809091,-384237819,-2073167884,-882580291
8,4,1,10,10407,-240382238,788985268,-1400020946,379455778,890426173,2099781083
9,4,1,10,10407,-577304638,-281541171,-571551308,1084782210,-1129025184,1328910957
10,4,1,10,10407,1039816838,-1624734824,1502932893,-2010449367,476851189,1427099093
1,5,1,10,10407,1619062218,328200743,253759827,48591893,-828793669,382386523
2,5,1,10,10407,838245464,232593669,-921718541,1188184096,438030412,-20729722
3,5,1,10,10407,-1747917226,-1878029806,-241891944,90389697,1467291440,-356004413
4,5,1,10,10407,-100881686,149084857,272751227,-2128708215,-69820817,-593925166
5,5,1,10,10407,2022139376,-823318231,1810398803,179323849,-1530241378,-888822739
6,5,1,10,10407,1298753911,-747990526,532722518,-583273014,-2140884299,1386462228
7,5,1,10,10407,1501553033,340563698,-1690553499,-1797505764,-952416540,-44958195
8,5,1,10,10407,-219339316,85481132,1928456637,2144022707,2058537039,2092815955
9,5,1,10,10407,-244453432,1544229919,-1226606066,1441943484,1311807891,396337840
10,5,1,10,10407,-1534197907,51954166,2016303565,1025461331,-464735759,223560215
1,6,1,10,10407,-1289010547,1432819737,-852631562,188656049,-1647839536,-1340236535
2,6,1,10,10407,887406091,-1796762914,274004850,-208032485,-164491134,1041046230
3,6,1,10,10407,1576482215,1477716814,1003731630,-90340005,814012280,666320389
4,6,1,10,10407,-1313540682,-784697052,-1113281428,-1995921142,1410418360,-360423402
5,6,1,10,10407,1621801230,-805608611,1346061314,-300507310,-1048978160,-752879643
6,6,1,10,10407,1884970373,1264217288,1302089675,852568180,-208834181,-1331780648
7,6,1,10,10407,1719571305,720055908,792898886,376018330,-1999615101,-541942494
8,6,1,10,10407,596613822,987270417,-2104006240,1084684772,314304383,-1979299374
9,6,1,10,10407,136901995,-909049830,-755152313,392910681,788504778,-789357709
10,6,1,10,10407,-1335481247,-1337191252,2125313935,1303593291,1986602325,-1154339634
1,7,1,10,10407,990289040,1858523500,-211877922,-789704440,641744332,-1451734847
2,7,1,10,10407,50170295,1322574781,-1376452202,-356081889,465873362,2085042025
3,7,1,10,10407,2043174921,1442622160,-1061593532,1198208599,-1843038069,-2064385334
4,7,1,10,10407,-1467209675,1260468470,1222362238,545187836,-1294298082,2008422712
5,7,1,10,10407,36035941,-634180589,609053736,-1177993164,780648802,-982176509
6,7,1,10,10407,-857492451,190928575,-1183231236,-151325582,2084476826,-1462726809
7,7,1,10,10407,531895512,1019794350,1247129374,606771676,-1498283383,-1610395368
8,7,1,10,10407,619990030,2041788808,-366612247,530851727,-27375030,376474308
9,7,1,10,10407,1742034961,-638775086,-1959613682,213885071,-1866100217,609573510
10,7,1,10,10407,760406623,-29855139,-1921053514,1123164568,1162578085,1709954650
1,8,1,10,10407,-210260210,-493380408,1878068437,586213871,2140607130,-610434253
2,8,1,10,10407,-434328530,-745260777,-486882045,-1086573448,-281950287,-682559443
3,8,1,10,10407,-1145287351,1247223963,1530350477,745158869,-1571651859,-1763740901
4,8,1,10,10407,-1926616660,-469904243,-1321286372,711712888,-97720008,-1458956954
5,8,1,10,10407,1852234317,1759061393,-163984421,-572383135,-703777812,367640914
6,8,1,10,10407,1686309873,-33374026,-1493278407,1568351623,1731933081,1898242759
7,8,1,10,10407,-624126961,-131986004,-1566621570,-792997728,870866779,-918001238
8,8,1,10,10407,-383338742,580159790,-1511193627,-41449640,-1123324113,-460248291
9,8,1,10,10407,130735440,-810949331,-852678252,807472542,1664483227,1382615511
10,8,1,10,10407,1775668498,1073395270,1253114922,819764863,1978693298,-444372043
1,9,1,10,10407,-1029263724,-1695404878,-196650159,-210636157,-596427300,2079329755
2,9,1,10,10407,2042219910,729382943,-1611320457,2013029150,-114220471,-635044532
3,9,1,10,10407,1335868258,-2110805174,-2118659847,-219148798,802631081,151532056
4,9,1,10,10407,-268932150,-1024800566,-1933731034,1980574976,909406399,-2001194986
5,9,1,10,10407,2073849533,-1784682058,-1740418900,-1693794464,49939234,1973664144
6,9,1,10,10407,762664373,-408720248,-713160778,-1956418008,-1144767197,443061736
7,9,1,10,10407,1295821571,1015160971,1546031014,476807344,-1762114879,-696490948
8,9,1,10,10407,-1120700216,-44697661,12723293,1030902371,1029795961,1235139874
9,9,1,10,10407,1914511062,-1817319531,-92873861,-1207424146,-528815747,-809286829
10,9,1,10,10407,-1903131955,1360604723,-681322313,-890785238,-1023243236,244317527
1,10,1,10,10407,81917782,-373152415,-643130412,-1180834293,711720483,463913571
2,10,1,10,10407,526914854,1547460376,2018932463,-2107104438,-1162655440,-1922993688
3,10,1,10,10407,-587860758,-1210491221,1032588433,-2052332179,1922421281,295484398
4,10,1,10,10407,1660299608,-1404362588,-2008249562,-1521930252,-304525965,-1246424895
5,10,1,10,10407,-852867654,-897521522,-1757680432,-946752315,2136803464,444490024
6,10,1,10,10407,-775271557,466779906,1140037808,-1939177636,1902168896,-1532769691
7,10,1,10,10407,-1897285724,-1617051230,1157228441,1171038777,1371878599,759896468
8,10,1,10,10407,556954987,919812665,332934041,-529780505,496971552,-1781756081
9,10,1,10,10407,-1984240284,62388018,639488680,-2054304823,-901079706,1985919902
10,10,1,10,10407,2015711461,-343970474,-910907694,-180651243,-1156554792,1885986390
1,1,2,10,10407,1696019214,-695873348,-646947287,182981127,729712892,1758342272
2,1,2,10,10407,-1151628876,-752825348,-455334963,-1546446097,-206970869,1350629876
3,1,2,10,10407,1945124958,-1106333159,-582819900,-44466039,-2072663561,598649135
4,1,2,10,10407,-1207841202,-772717889,2123388566,1827233530,-1747092998,-465938566
5,1,2,10,10407,-249450036,594968438,-1876167832,-2085572811,892582513,1380868236
6,1,2,10,10407,1625852481,-69097454,-433459628,-1469530316,106818246,1495585791
7,1,2,10,10407,-619906349,-1420155259,-2132005974,1278329759,-1403818581,-2022006113
8,1,2,10,10407,-736659537,1417076003,-677250166,-1711079163,663286358,1126454870
9,1,2,10,10407,-155540290,-2006119312,-529262533,888167021,-485977495,2084702780
10,1,2,10,10407,-1368139767,1264074126,-1720557712,95015570,-475611897,835778727
1,2,2,10,10407,-1970062030,1403598426,1963156791,268475157,-260387253,1097703754
2,2,2,10,10407,-2125174234,1360894941,529305134,1806179464,-1352896331,1148100930
3,2,2,10,10407,149475689,-1932149970,2031529763,-1650462748,-1032379039,2005919610
4,2,2,10,10407,1980275479,-200862578,-1354262535,197190281,554272183,1780560607
5,2,2,10,10407,-933467838,-1959001022,-488041413,-1277449346,-1753653006,-193939782
6,2,2,10,10407,-1647058133,-2080740946,1135721984,2123431567,346222201,-1651132392
7,2,2,10,10407,-1298282016,-1652084725,64982666,-1270730707,-1100797982,-456019265
8,2,2,10,10407,-1737890536,-2113509998,261943457,277945223,-24523092,-645172850
9,2,2,10,10407,1402398540,-267471225,-924809783,-323416106,-1616622893,1580887060
10,2,2,10,10407,-1581351368,821070033,-672037608,-520369793,-1255909216,-706625952
1,3,2,10,10407,1082042623,-1262751087,300375075,1091136228,872849146,1722312977
2,3,2,10,10407,1156486001,-1129056103,884778531,1310291081,658636965,-1193840153
3,3,2,10,10407,-19621023,-1538474510,456753717,2066866920,-677123528,425854800
4,3,2,10,10407,-252987620,1847724633,-206435052,-182211469,2147140680,691515658
5,3,2,10,10407,841856032,-1261869201,-905755766,-1861153719,1462870419,-1380795289
6,3,2,10,10407,-795665941,-1812799394,457857413,-937459662,1264095389,-43699881
7,3,2,10,10407,434832214,-824044465,445380871,1112499274,-783256920,-1145849264
8,3,2,10,10407,144147393,-2023181162,1936634517,-1828779438,-457919062,-1098543070
9,3,2,10,10407,-2036081857,1589253543,1102397738,-1751782464,2005322927,-1669367018
10,3,2,10,10407,-504337864,264436322,1214443657,-1508389096,301287774,-496230438
1,4,2,10,10407,-1661035439,8495367,1026433352,1964377185,714967293,-659515620
2,4,2,10,10407,-1706766611,1269466632,-1411315916,2128966183,-265096207,104953320
3,4,2,10,10407,-91180876,-917413607,-1022667738,1781721037,1988368304,-1649977652
4,4,2,10,10407,693521922,351331212,-214342459,1868965103,499977247,-1720306422
5,4,2,10,10407,1582488533,572635319,-12295083,885635084,-900481318,1905991134
6,4,2,10,10407,-765689031,-1503363347,2010833952,-710542327,697591427,1575811181
7,4,2,10,10407,2124227905,-1393646789,-288332367,-993746324,-711603859,1591521687
8,4,2,10,10407,-459713718,-1973935241,-1821897383,-1648120844,-510054195,405312364
9,4,2,10,10407,-453213906,-108997658,-632870559,687059344,-1540243176,1885114844
10,4,2,10,10407,1544112259,1703837175,-1835203212,-707286533,-1283283577,746866242
1,5,2,10,10407,1188188633,1895760692,-1593333141,-996267973,-1278227209,-50400425
2,5,2,10,10407,-192702215,-971022042,1610756005,1867644760,1969529439,-1195863872
3,5,2,10,10407,1746048317,705122430,835234077,439526509,-729365817,-1241570674
4,5,2,10,10407,-2141560973,362225523,350796063,2106365928,-1207751084,-480917171
5,5,2,10,10407,-172411612,-1662011667,253340668,1900690273,120578054,1222239777
6,5,2,10,10407,-1180662410,-210478810,223214554,-89836696,-1060473973,-690473473
7,5,2,10,10407,1682988090,470911427,-238180399,892086194,1109996769,-1803305360
8,5,2,10,10407,1922065169,734656679,48240722,-1874724181,421069736,-1653179079
9,5,2,10,10407,1692049510,1297805478,634157632,1318163255,406434743,-744235845
10,5,2,10,10407,1245666390,-1836609964,233392814,-1734118246,-806133708,-882392265
1,6,2,10,10407,1513671220,555063590,544786838,281072843,-1863055177,2016511085
2,6,2,10,10407,1267404299,-1751369023,-1323149135,-1685053213,-2006502544,1281180648
3,6,2,10,10407,1965369478,-637810209,2049866430,426262642,1207422204,1352479789
4,6,2,10,10407,1421041155,1086590930,-740035148,-1685428210,387923146,400881771
5,6,2,10,10407,-125967865,927835452,-336436244,241432615,-1062854510,-692413728
6,6,2,10,10407,-822071182,133426541,-1047925659,-1129485914,1258182831,-401634836
7,6,2,10,10407,-1695895568,1727883617,-1980442980,-6773745,110756697,-2127546624
8,6,2,10,10407,1601138616,-2130477062,-1335675506,-344652735,38177113,-1537761224
9,6,2,10,10407,-653959707,45530008,977672671,-275567692,1742197513,-647234823
10,6,2,10,10407,1903169338,-377677730,1488671995,1919172094,1775910731,-315850270
1,7,2,10,10407,1650275572,1483440429,-1963203269,-872423271,-390434334,1664423388
2,7,2,10,10407,123468055,-1916857194,-52005302,991664109,-1425261590,1402890664
3,7,2,10,10407,-581741498,1230751562,-658998829,-1658460571,-55939258,-1089985234
4,7,2,10,10407,1165177895,-2123964121,-398636409,1029096194,-773405613,-1956122759
5,7,2,10,10407,1544668625,2097527768,612852731,-593542893,-369081438,-1778541812
6,7,2,10,10407,2065293934,902645717,-1686504146,-738168500,2140856007,-1142213122
7,7,2,10,10407,1879485668,-1254197840,-1748338733,-1804657273,384676409,-1607465671
8,7,2,10,10407,1675099880,367099732,-1295956143,145186189,526791573,-1744847449
9,7,2,10,10407,-1375712888,-82510444,-1893076915,1862888917,95301617,-1857334013
10,7,2,10,10407,338559193,-295899868,-1485904341,594220924,-17758044,225157323
1,8,2,10,10407,-1240076403,-425115801,-1559826853,-1675418002,989063345,131972615
2,8,2,10,10407,1867795410,1971613789,-1640956383,145522095,1487379427,1919618065
3,8,2,10,10407,650164197,-450741195,820808085,-1415548312,1011992124,-2018700871
4,8,2,10,10407,-1170640291,1048514980,949294945,1262528787,-947701742,-892898372
5,8,2,10,10407,-1624574544,-2061863048,-1917806689,-1877211565,185239013,945935622
6,8,2,10,10407,-550932345,-1896468568,1196236189,-2096018139,-2009072914,-1788922517
7,8,2,10,10407,-814577129,116535445,-429951057,-256497039,-227565745,-772342173
8,8,2,10,10407,-1045486693,804416022,-1697090897,173160000,-1312879716,1749800078
9,8,2,10,10407,-53946941,-516782468,63766093,565375690,648501918,-74600089
10,8,2,10,10407,1658124055,1095851370,1768154804,-1107872349,-590191831,-1535663133
1,9,2,10,10407,1899475056,745997420,1027568272,-2133878928,-1664192948,854474885
2,9,2,10,10407,-2112395586,314995223,-42186580,1181581461,549404959,675986347
3,9,2,10,10407,-2024870343,180748302,284549979,-1451601495,-1561346939,-1888969841
4,9,2,10,10407,-699117991,-668810441,321663078,-306011688,-1574044895,951681833
5,9,2,10,10407,-1302204889,-952990399,690383539,-1552368565,-1557716133,2114700290
6,9,2,10,10407,-596971602,749623071,437868985,1286748516,985489103,391263637
7,9,2,10,10407,1256457216,73175886,132889267,242290653,693961493,579682100
8,9,2,10,10407,1744714097,-580154379,2118515842,-1844307878,-896196424,561502355
9,9,2,10,10407,206760121,1743544048,-807209159,2059875768,839014689,-958802295
10,9,2,10,10407,-992497326,663083717,-1244829324,-1939411319,1397489175,-282466580
1,10,2,10,10407,805339704,843858943,945928934,-932753648,649962031,-748387088
2,10,2,10,10407,-565100529,2070072897,-2114946986,1351508349,191948052,-649896022
3,10,2,10,10407,354348569,326412734,-2039871515,-550503891,-1023335194,1703374745
4,10,2,10,10407,-197395940,-1731617746,1460655639,296303834,-283222560,1581009033
5,10,2,10,10407,1369132126,53019797,1468911018,-2016178713,1579781145,-1998833592
6,10,2,10,10407,773464606,-1888487097,240787878,-668768560,-1131547704,180595199
7,10,2,10,10407,-561296157,602690872,-160550500,1171882185,-1814180797,-1446588521
8,10,2,10,10407,1571087127,-1384990828,-1038839306,-1577145435,1539018367,-283718152
9,10,2,10,10407,197292943,42615003,-518722092,1403658584,1117635613,1020168060
10,10,2,10,10407,-1772391887,415304013,490190326,1545161593,360767861,-1731718249
1,1,3,10,10407,-1498077615,-491138113,231982778,27929883,1464599682,-598463032
2,1,3,10,10407,-1656807385,-1652359487,-1642198924,1217639702,-246354286,-1961506028
3,1,3,10,10407,-1808501412,7526183,548096295,-1850700622,-863830621,-471926044
4,1,3,10,10407,153827158,-2118290160,-1955951861,1765800482,-1828937213,-1416330490
5,1,3,10,10407,-928370075,402369972,1818684679,1826446773,544723867,319757802
6,1,3,10,10407,950082927,975115254,1904082355,-1490575900,1115190780,1331364357
7,1,3,10,10407,-711450494,219864177,-1184098247,-1156571830,1022233591,-1966219720
8,1,3,10,10407,-2145238442,720112262,-235520818,-1636357754,131292523,1044865913
9,1,3,10,10407,-701522609,1086370736,-2013751195,-1190595569,15028090,-922365747
10,1,3,10,10407,-1555388916,1722449790,-462879482,-1270073177,-493885626,-1309135933
1,2,3,10,10407,-136375192,-1990844808,960746043,142506393,1448833112,1206816352
2,2,3,10,10407,1596790154,-2035855453,-1087911800,1941977508,-1879796695,1083019491
3,2,3,10,10407,-1170953877,-1815990051,-1668285298,-780373266,1397458940,-412780523
4,2,3,10,10407,868480886,337028164,627330679,-2032058787,369764612,-1038986782
5,2,3,10,10407,1871294012,-374965375,-776247733,814025407,345718486,-478907353
6,2,3,10,10407,-1178777094,1731892128,-2047855325,-517994950,730456890,-614224948
7,2,3,10,10407,116854143,1009643276,114548205,-32670759,221720131,1339245062
8,2,3,10,10407,1645383798,1867045554,427388755,-402253280,847067163,570735567
9,2,3,10,10407,973980253,2084891385,1162220748,-1259295687,-1815006381,-1390172956
10,2,3,10,10407,-294089778,-1086709570,-900017217,937542439,-1273163943,653345352
1,3,3,10,10407,-428371540,-1998758445,-1119083163,-213332642,569018189,-888438584
2,3,3,10,10407,-1032454833,913049107,84176705,1582588538,-11083558,-520785208
3,3,3,10,10407,-438142256,1765489691,-1275945347,1565719888,-462852745,-362570034
4,3,3,10,10407,-368855929,703143801,1053114431,225827665,1227964109,603387141
5,3,3,10,10407,1614233256,-1529364984,632149010,-152522201,-620961907,-1251341274
6,3,3,10,10407,2074104040,-865293328,1080769239,-439936045,-406855224,744588014
7,3,3,10,10407,1542414822,-2078529161,1419070647,1098296048,-78125618,1279478887
8,3,3,10,10407,-837721726,-1426791739,-1716715911,82784387,2021142452,-702223829
9,3,3,10,10407,643455671,1954180629,-1999218791,-2110894013,1490377723,155240867
10,3,3,10,10407,-1957187518,976871618,208644782,-1358431022,-1406300519,375849391
1,4,3,10,10407,1188019708,1850972787,90817781,1367795213,-1174966638,-25041670
2,4,3,10,10407,-1636779497,-1680737224,-1503372227,256867163,862397831,268523074
3,4,3,10,10407,1051681361,1574729051,-351778124,1105166414,1409716294,1015370038
4,4,3,10,10407,-423512677,155642818,442262440,1343386165,-107907760,118642718
5,4,3,10,10407,-220223048,1321221853,-313653316,-1083451099,-818697290,-667710233
6,4,3,10,10407,-1019837492,-1460347147,-878446756,61898114,-570640098,898574736
7,4,3,10,10407,1433907998,460874122,1225347906,1295613415,-1670840298,2129877169
8,4,3,10,10407,137521343,-560082448,-158387466,-1008712602,-62740287,1648152685
9,4,3,10,10407,-2101130279,-1184859528,-1368126015,1645806627,393622299,408640435
10,4,3,10,10407,-679947036,-73324447,179216589,-1689530820,1858645854,-1466852897
1,5,3,10,10407,-1854545604,-528780963,1902654910,1865729868,-1297680690,1820481791
2,5,3,10,10407,-2110273089,-1559994593,-595439862,604395770,1568388555,1975950532
3,5,3,10,10407,1733549148,-453556137,-1543234124,-638469600,816007659,-880786156
4,5,3,10,10407,-724048663,-1549101999,1686024195,865060050,-7961152,-1131058283
5,5,3,10,10407,-1287397405,-1657404699,502147759,-1844226745,1820091405,1684631625
6,5,3,10,10407,-1270367920,-823669863,-771206132,1591913676,443985464,-272767851
7,5,3,10,10407,22910304,506332972,1439021402,-269585104,18709976,229158360
8,5,3,10,10407,-462027556,-135594457,-1600054452,1883397057,-626837754,1191367833
9,5,3,10,10407,-1631446975,-335206488,-1500347341,-107212027,332540708,389645251
10,5,3,10,10407,-1890012094,207775977,-1869108629,-189046427,-435477526,-1957337522
1,6,3,10,10407,-15316491,-2113608929,145787109,1500027675,-1386358091,-470254661
2,6,3,10,10407,-1615822906,964798160,-851316392,-1395944453,-1941189052,-238376678
3,6,3,10,10407,-12248470,680504394,-692854729,-685932567,2035420171,1516187256
4,6,3,10,10407,-105182767,215571270,2141449818,-1074693749,1157671262,-1595307978
5,6,3,10,10407,-1401230798,-448907103,1210679995,379084285,790474000,470618766
6,6,3,10,10407,-416821925,878864927,1816445507,-1301983315,1011209996,2022728800
7,6,3,10,10407,-1666871862,-361469150,-57901975,-1942362104,-679118916,1778123215
8,6,3,10,10407,1665554903,2132251453,1011239345,208319579,-978571629,506224996
9,6,3,10,10407,-414128265,721479638,-1104779458,826628319,2072553924,-906701807
10,6,3,10,10407,670945371,-720056890,-2085844563,1796041222,1804326540,-2001808883
1,7,3,10,10407,-249102738,-2063721120,-240609737,-1356063852,1492386287,-1226673213
2,7,3,10,10407,-483834901,912456694,524962231,-1019922451,815011699,-794812826
3,7,3,10,10407,-721840316,-975091955,979389208,-848188330,-901545122,1868048806
4,7,3,10,10407,-683778934,1598511980,856189637,1845253895,-1393811952,917477712
5,7,3,10,10407,1974382112,-1945329037,1629735418,1544085623,1478729597,-1600601388
6,7,3,10,10407,-465110231,-1904418650,985746063,2134865288,1654248240,1671030580
7,7,3,10,10407,-1168812724,459911956,-1102202013,-74801064,443440897,-247280971
8,7,3,10,10407,-1400482252,58542286,728121931,123401154,23190187,743253686
9,7,3,10,10407,-1209407572,1382338575,-774107465,234485584,416724418,492978043
10,7,3,10,10407,-1292182644,1019048252,114175021,-1206905324,-433029221,-410755971
1,8,3,10,10407,-574981469,-241539225,-1715101890,-81585331,1624098288,2072922395
2,8,3,10,10407,-462630496,-1098867453,-790418585,-402156506,158392273,304927093
3,8,3,10,10407,-472166235,26556184,1431098079,1863446177,-684628768,611012148
4,8,3,10,10407,1494804140,-2052831951,-1857044637,-2019792145,1619778973,1064754350
5,8,3,10,10407,1420372068,-59550441,1480634625,1425307683,-1902759978,-1582227018
6,8,3,10,10407,1615199885,-1234584335,-2021384126,1949348060,958292494,-287315863
7,8,3,10,10407,659240794,-352664525,1829660576,948735734,-1942324944,1855014868
8,8,3,10,10407,-1064513229,-523521737,859508241,1375824237,1791068893,-916952297
9,8,3,10,10407,-1766992387,-656349557,-374663560,-915198297,731322905,-844608280
10,8,3,10,10407,636937459,1373517473,-1202219901,766015994,-1652779364,419945796
1,9,3,10,10407,-790847704,1566236640,1468049207,644561347,-430708664,-184107093
2,9,3,10,10407,146282778,-819279366,-329491576,1054890986,401130165,4282102
3,9,3,10,10407,502052685,-1028456965,-1453331612,1767753841,-1110635481,-1801168085
4,9,3,10,10407,1770328292,-1069091513,-390378872,-1125663913,657415991,1702707822
5,9,3,10,10407,-1535713411,1570455634,-700217848,2077085993,3515018,1933083184
6,9,3,10,10407,-462176923,-998661137,644542773,369692103,-1409588346,918438284
7,9,3,10,10407,1907533570,941044542,349999146,-508473272,-1589083051,902580087
8,9,3,10,10407,1940386781,-468244164,-51934759,-1252101778,-1415242000,2023816518
9,9,3,10,10407,-1122757557,-1894523180,627364551,1445277539,168584325,1621144390
10,9,3,10,10407,-1196597432,1774717486,1470338134,1411071510,1398998659,-1971366911
1,10,3,10,10407,1022901160,-1679411198,-1560305432,-895185438,1828513426,-1956615565
2,10,3,10,10407,-2005219857,-688105286,221828367,-402585279,-1650376855,-1694817010
3,10,3,10,10407,-2034772548,320418433,-156064379,198672422,1541383173,1611548499
4,10,3,10,10407,1811152629,-1939873941,-15847765,-536359539,1650936229,-1466594124
5,10,3,10,10407,-1516196403,-2068022216,530943595,-481878822,-906404994,184259868
6,10,3,10,10407,-505300253,-1918675181,-871484726,-1323266281,1491505211,4467148
7,10,3,10,10407,-337102838,-1686048428,-801959239,-924157915,1159035043,953586164
8,10,3,10,10407,1381384216,-789602722,-2022017537,-1422087924,-1573832110,1501741463
9,10,3,10,10407,1635875546,1668828663,864833446,1263130532,-434681886,918165396
10,10,3,10,10407,866227004,-588689977,-1914164881,-541202417,-1016644535,-63563126
1,1,4,10,10407,-162032884,7372491,-1227326422,212462510,972198228,-462892603
2,1,4,10,10407,-1854721477,-935191132,605022616,5594465,1749529477,-495121068
3,1,4,10,10407,593000847,-336736353,-924312997,935938920,-136096163,480434820
4,1,4,10,10407,-1997699145,-989385297,-1769913512,-2124551835,-1696483051,962220320
5,1,4,10,10407,-900481015,1322616565,-904500910,75854671,862214037,2044403279
6,1,4,10,10407,582892388,2048632440,1341896911,-980924595,-1956951984,1203601916
7,1,4,10,10407,1214349103,-2112634798,-907042548,-2078479651,-1572516563,1585030606
8,1,4,10,10407,-18028494,-1208043826,-1234067730,1312439452,462256246,-2124661298
9,1,4,10,10407,-898598180,-466273209,125463346,1732032269,-1779955880,1783425746
10,1,4,10,10407,1691480821,212453204,293547190,-952780069,-752124989,1121825039
1,2,4,10,10407,1612541442,1076555718,265818717,536348195,995632740,1361307615
2,2,4,10,10407,-1389017790,-1725985926,1918383722,668211856,-753864937,1338013021
3,2,4,10,10407,54286201,-1419872618,-938964089,-1949971760,2105170427,1991530230
4,2,4,10,10407,1371059184,480521408,-1063432383,1029983519,-1002485125,123254107
5,2,4,10,10407,269879231,-305246474,-201882523,-1032347068,-1980216119,-161292588
6,2,4,10,10407,2050108392,-1039808245,1363658372,590058534,631327482,1569454393
7,2,4,10,10407,-1859117287,-60293323,-769555981,-199823524,-1396635423,-763085892
8,2,4,10,10407,-194316773,-229260453,-900862965,635631185,-724815970,303154427
9,2,4,10,10407,1877957164,586926583,1221382823,1063110112,-537709929,-1409213804
10,2,4,10,10407,-1088345399,799454598,-19618067,-897080858,-1449599453,-405378820
1,3,4,10,10407,1071003916,-1273112607,1475592433,-1362984023,168203787,1308827743
2,3,4,10,10407,-1038842003,1442783924,-1794588951,2129614276,-1773907374,-660703098
3,3,4,10,10407,718712664,1625750770,246480034,-699588138,573989977,598529613
4,3,4,10,10407,-1580714429,1123441391,-1676769652,1806936225,564253730,1928968385
5,3,4,10,10407,1809460711,1326707290,1518783454,-673375930,-682780491,-1945890257
6,3,4,10,10407,424816239,260315739,1503953167,1046251548,-1244838082,1622747206
7,3,4,10,10407,-2027661309,425238931,2130243385,-1302248531,1684389866,1827051709
8,3,4,10,10407,1716603601,1746998283,-1393382284,170162589,-2103695041,-1312556031
9,3,4,10,10407,-1606199986,574609318,-102889864,-906726096,995073634,-1293068623
10,3,4,10,10407,1081051209,-291817913,1565622809,1006865218,-205675021,-786765392
1,4,4,10,10407,-1689837854,-958338927,7585774,-1352118099,325186635,-73640901
2,4,4,10,10407,538240269,-1822004743,-73448890,-1252740202,1693264456,488076159
3,4,4,10,10407,-468909903,1211138295,-452495076,-403151306,-366833939,1988466106
4,4,4,10,10407,-151187412,929853163,494351502,1632053810,2132789608,56334001
5,4,4,10,10407,-1037007359,-1022292146,395540772,1557962139,-1282591135,2093638517
6,4,4,10,10407,1742618225,-1931061849,947039202,1354957097,-1694219145,60760285
7,4,4,10,10407,1481195573,-1180898862,1455948141,1503202818,172354361,-32682789
8,4,4,10,10407,-1175650079,-81792965,-1805280665,-608284407,419144134,765047215
9,4,4,10,10407,1971336904,-1487945700,-1021634540,-1146049338,-932300827,2013921292
10,4,4,10,10407,2140491336,933195927,-1278981633,-522569274,729449251,-1186047377
1,5,4,10,10407,2054743606,-837411327,-1415245734,-2075588150,-146806632,-1470358070
2,5,4,10,10407,-416134616,-375902539,983253745,-2055765743,1070481572,1317136914
3,5,4,10,10407,-1633198270,-124698817,910625002,-632499320,-261487255,-5894749
4,5,4,10,10407,564369696,1548282152,1307399152,767417929,-386825128,-1717923282
5,5,4,10,10407,886016788,-1560964399,-184502589,898346936,1769404103,2087223527
6,5,4,10,10407,-1839330030,-1041350969,-1017824974,831351872,1304667927,1122553901
7,5,4,10,10407,-1954216679,567364417,-70005777,-151017469,1674166220,284273678
8,5,4,10,10407,405123367,-749148282,-633757744,-1687471220,-921473305,378525492
9,5,4,10,10407,-325908575,1719651585,-1763564222,746798155,-2043800575,2096644508
10,5,4,10,10407,-1227070572,1614594079,-1453453592,12734904,-1708064521,1749540661
1,6,4,10,10407,328133084,217792717,-1081911910,-1266108268,-660996612,-154597814
2,6,4,10,10407,-1773923803,1828573404,2058304749,-1912060395,2132283162,-1928611342
3,6,4,10,10407,-294509730,-265353954,2082024759,346630596,-332754548,1342667592
4,6,4,10,10407,1634938246,785990539,1238884643,-1495396478,-1417708712,1559702660
5,6,4,10,10407,-2064263491,-848618291,1730590160,-1178232321,1233939411,315104536
6,6,4,10,10407,-1840457187,-1944869338,-504373164,-965969102,-922262849,335987968
7,6,4,10,10407,1134624736,-304438164,-488019472,-924527343,1636111684,-1042237597
8,6,4,10,10407,1829094962,1119483595,211733523,794872476,-715472387,38294859
9,6,4,10,10407,-1591064569,-423582072,-2061711379,704862741,-2097310362,-1478482653
10,6,4,10,10407,-1458503359,-2024969302,-2018245498,-2065228939,898868679,-1746639908
1,7,4,10,10407,-1028530811,-1381868268,1079918413,-455416129,-1139085114,-740140059
2,7,4,10,10407,-280651489,1482921006,-257563110,-1614159635,-1493319225,-1334608155
3,7,4,10,10407,1421024502,859948778,1139112294,724787560,1731179461,-64222880
4,7,4,10,10407,-735636571,1779365221,-1214606934,2112916289,400200695,-1169614261
5,7,4,10,10407,245210753,262432265,462555091,-318025584,-955649211,-373449638
6,7,4,10,10407,1833535305,-280595374,-346746362,-486590265,1223732608,1477064556
7,7,4,10,10407,-310884870,885157636,1072869089,-1340598938,-1424864830,-996181618
8,7,4,10,10407,-1583546576,1038171525,-1225251031,-538204938,-587230396,-1561515759
9,7,4,10,10407,-695638878,-1849685371,1658916539,-356396152,-1407743295,944751613
10,7,4,10,10407,2043064688,673501508,-830812575,247386001,1762731647,152210134
1,8,4,10,10407,-692883378,227495298,2095837835,-2057614783,-1099238992,515497279
2,8,4,10,10407,-1041208134,1374627682,-1700283922,-421950107,204089409,1084257412
3,8,4,10,10407,-704516176,2108906350,-251042723,663367918,1885326772,509081176
4,8,4,10,10407,-172810131,2043128599,-866644772,-1233656910,1170529531,1016552775
5,8,4,10,10407,1651662331,-1727603600,1325024925,657073770,478020033,-1774685089
6,8,4,10,10407,1020132208,-1259465663,1903409075,-1223160102,877641312,-730107828
7,8,4,10,10407,1977781046,1058545243,-1751119687,-1868742768,-1767030314,494850879
8,8,4,10,10407,-602787450,789360310,1438419474,-1408611225,-842068886,1637878909
9,8,4,10,10407,-1797858462,1750915851,-869044245,345313871,-1975597809,1530979856
10,8,4,10,10407,-1238457413,-1954448772,122981135,181660828,-1848322534,2026771499
1,9,4,10,10407,-1522714996,1178465436,1053339543,1393164366,398014829,538969032
2,9,4,10,10407,2099083243,133698970,-1570651666,1251357539,-1361324689,-1111156300
3,9,4,10,10407,-1145235367,186356482,-64436792,534116544,1968130565,-1108279630
4,9,4,10,10407,-1695139200,-1849321408,-576754376,1309932287,1031810766,643438243
5,9,4,10,10407,1162928640,1039964863,462649525,1561651634,2076058401,-481909684
6,9,4,10,10407,-690324656,1589835339,1641743158,-2113303611,-1497285676,193209217
7,9,4,10,10407,678357181,-1066525202,-97748855,-1505233558,-565886258,-2091191475
8,9,4,10,10407,923483541,-1775022707,-1629323527,-2001571728,-1810610,-1449713137
9,9,4,10,10407,-346638849,2011671304,-994033811,1582577359,1694930090,987540753
10,9,4,10,10407,-1804843593,-1147813542,-766000854,-1000655786,1947632912,-1535653917
1,10,4,10,10407,1634186257,-644770948,255275242,1720362157,1219258327,945285316
2,10,4,10,10407,-1191753891,-1116454476,-610461947,-1795679056,-1979608130,-1789835942
3,10,4,10,10407,1391540101,-1049586295,1835174952,1580563856,-654332739,-955300347
4,10,4,10,10407,1797749002,-1617561813,1284427312,1002662483,-297690140,-1397658322
5,10,4,10,10407,-668393256,-1438238323,149242111,-386676351,-723204616,-1049067139
6,10,4,10,10407,1090868095,-547332661,-143591612,273149485,2028186569,883155405
7,10,4,10,10407,-552021798,1948767619,-2011886777,-1299478622,-1282256489,-1286500716
8,10,4,10,10407,-1989247080,-396569729,-1873345772,-850339165,-880382249,1255875237
9,10,4,10,10407,-1245070612,-1049849693,110118739,-2056031563,1980281917,-428143266
10,10,4,10,10407,1101259685,-140697115,-1949816564,631573840,-946922794,2002361560
1,1,5,10,10407,-273967351,380313742,1615859077,1366310108,-1424890176,-868804499
2,1,5,10,10407,570966452,-513522365,-293195203,-1792287314,-2009172887,457016560
3,1,5,10,10407,640639526,1592552955,882691783,55322491,-1910580565,1658678939
4,1,5,10,10407,-1829484164,2016065973,911662643,-1739963386,449435362,-1593949466
5,1,5,10,10407,-1672133857,-1286211089,-1732146369,-1689880826,159288411,2086641975
6,1,5,10,10407,1192012971,-1561876537,564272914,1505810799,-1439403667,114858647
7,1,5,10,10407,-1690036266,-2010684339,-1785655362,1787288298,-1593944370,-222627425
8,1,5,10,10407,662803526,-257004211,1529250074,1221438585,1921569115,-1989080524
9,1,5,10,10407,-204530360,197903245,885512075,-945491862,836284011,-131676481
10,1,5,10,10407,-340777526,-1172765730,-1659083085,-1703099918,-791158755,-808586005
1,2,5,10,10407,-461096723,-2012719176,2127711068,2024796698,-1761499501,1792615176
2,2,5,10,10407,-1977503685,-1617513233,-1519691655,-990237300,1398174219,-1293488242
3,2,5,10,10407,774132422,531963912,352944295,926829255,-2079127269,-1482023430
4,2,5,10,10407,1556379451,735853246,1764526225,1135916272,-458351442,150689742
5,2,5,10,10407,361510849,1138433044,544332347,-233690787,-1700830236,1736298472
6,2,5,10,10407,-1559468489,822468875,839503165,1765050722,-228846736,1929987490
7,2,5,10,10407,501388686,-882814381,-577833277,779384722,1693009400,1673432568
8,2,5,10,10407,1452969206,1204207614,895434886,-379353729,1602269848,1216823738
9,2,5,10,10407,-763544548,-88086734,-1098545281,860931617,333472108,-1488262305
10,2,5,10,10407,382950593,445428106,-1545029049,239020917,1699162998,239120891
1,3,5,10,10407,1405944796,2105777128,1206673212,423069861,134642185,284213614
2,3,5,10,10407,375145393,-303411236,-508552355,-910807070,-1498704501,-1120504655
3,3,5,10,10407,-674902593,1498255081,-939999712,-315849528,-1091071582,1625458688
4,3,5,10,10407,-1460458313,281138487,851199029,1388472646,188360491,1449136016
5,3,5,10,10407,-1613595239,2059138179,-2034892623,-2064895922,-1259773626,-1114677742
6,3,5,10,10407,210864682,1885599820,-798005986,1362566008,258102642,-1196535632
7,3,5,10,10407,910994824,-1508056886,273715743,1666636365,1455025391,-275675945
8,3,5,10,10407,-1542712446,-1213297734,2001340150,-2035662038,2046557859,1279489877
9,3,5,10,10407,-1760241444,-1490243442,-1733736518,943717526,1733844405,1371351755
10,3,5,10,10407,-863822995,362411266,265206183,-1989122253,-1972530185,-1955715118
1,4,5,10,10407,556562937,-517872821,1200995504,-1172920504,1966007382,1102325713
2,4,5,10,10407,1468767379,1101473554,1007209310,-1248490610,-1364827107,558285449
3,4,5,10,10407,-131965050,1681946967,-1298377406,-1846080290,-1837267640,1581204657
4,4,5,10,10407,-126689125,2141717043,801851089,1506017475,-1438718524,239847079
5,4,5,10,10407,-282790640,-796387441,248706560,1059712841,-1907438647,563950657
6,4,5,10,10407,572189058,1751454060,907962129,751154570,-1143914328,1287690407
7,4,5,10,10407,-1042054890,-1113063964,-209585832,-485695671,-1129205970,-419359708
8,4,5,10,10407,307378158,1298415008,-1719776493,-1684364820,1804902755,107376066
9,4,5,10,10407,387028236,947815167,1882230626,-415744516,2119783585,247676947
10,4,5,10,10407,-1882245125,-1691267287,1403703146,-192602917,1255007345,1902064988
1,5,5,10,10407,1626963879,1528131796,1448601833,-1276158573,198442292,480429664
2,5,5,10,10407,1563533288,909792746,1056886373,-1212951281,214640553,1623493338
3,5,5,10,10407,849673855,-718283576,-91363302,-1593588512,-242653676,-1833669580
4,5,5,10,10407,485128090,-538217319,2051695687,1037256255,222296633,1049329507
5,5,5,10,10407,1218447137,-2053952159,751309589,1052205972,1226575518,1145518320
6,5,5,10,10407,1960235411,489018409,-18825682,-1137234078,-1618191563,-740469022
7,5,5,10,10407,1825891110,1404308599,743037746,-1330627455,-1743165794,-25181721
8,5,5,10,10407,-1469033700,2119775583,1102326414,1826931322,-1988039892,2043351113
9,5,5,10,10407,-1096277239,-2095759015,-1901792167,-282264008,426215675,-1885697695
10,5,5,10,10407,1733282572,-1184331225,-998886790,1291992927,-1463321218,-979629871
1,6,5,10,10407,-2013770886,229754976,1069796460,1117713371,-347640201,-1284888664
2,6,5,10,10407,1646935208,1720093332,-761899904,-1914017112,-1766091540,782150030
3,6,5,10,10407,875051326,244917064,95942763,-1977913919,1328108869,981094845
4,6,5,10,10407,937100210,-76688750,-1390010179,-323721918,-1324390541,-2052360998
5,6,5,10,10407,201901552,1796477912,-1242567198,-795245983,-771243765,-1276481607
6,6,5,10,10407,1283164092,-635741899,-1191712769,-219303175,-391170910,-1363742418
7,6,5,10,10407,897812896,-1768962439,1382438822,-406353316,-118274712,1137650666
8,6,5,10,10407,644789914,-2085531587,-1501936069,-1362142212,-613782129,1222287187
9,6,5,10,10407,115673826,-2019794613,802076416,1119547160,1166850486,-69677914
10,6,5,10,10407,-1695319589,-217755402,656883504,2081179159,-177836893,-2094556286
1,7,5,10,10407,-1092023475,1980867337,183721043,1664857052,-1168696242,-441141688
2,7,5,10,10407,334729744,1743331244,-2008701040,-904560114,-2145657942,-1506928871
3,7,5,10,10407,1557058019,1383910111,109311861,-1927745137,912369958,-95465330
4,7,5,10,10407,-673836336,-268930046,1068454832,-1594930936,-959713361,-1449040343
5,7,5,10,10407,-1593692046,-119280811,-1082620550,494538303,985783809,389188370
6,7,5,10,10407,1737596924,-1917417603,-1475259200,-740155724,-926138512,123608379
7,7,5,10,10407,-1691753916,1929141250,714397877,637769157,411557767,-701586040
8,7,5,10,10407,1767015589,983142571,1825098032,729304663,-1872273178,74919263
9,7,5,10,10407,1586180933,-51503015,1524932788,-1207095267,-1318524270,1604016975
10,7,5,10,10407,-1555311104,-229641108,-1103605618,514717454,-704923638,1032137128
1,8,5,10,10407,-1656886349,1939863128,2140585302,-1473211192,-991257090,-2057312069
2,8,5,10,10407,-1184840025,679454443,-1585668747,994944265,-976415609,-1918032678
3,8,5,10,10407,-1666236445,-1356652313,-1989076719,832019607,2126542463,1837315811
4,8,5,10,10407,-1699734197,1993441808,-515286367,-85793547,300340658,1153552193
5,8,5,10,10407,-1934104756,10945048,1261789388,-1604375873,-1431218019,538724528
6,8,5,10,10407,1033391603,-1625145232,-244523398,-126458886,-564773524,-1502959514
7,8,5,10,10407,1563102531,2143817381,30981393,-91378741,570552963,-2054692969
8,8,5,10,10407,290556823,797450936,-1246317004,-893724170,-337417358,-1979973063
9,8,5,10,10407,-1041769839,-334560758,1931986829,1511987245,794948859,1113993375
10,8,5,10,10407,-1536881898,892742919,-1041381565,1988029217,-307034099,-2094932453
1,9,5,10,10407,-557794618,-1283431771,-723012200,-1982510519,974044632,-1787192173
2,9,5,10,10407,956349345,454796455,-1880272046,-1361415484,-2040002045,23322766
3,9,5,10,10407,-627641905,1164380566,-17259734,1443194517,-777973858,-2232392
4,9,5,10,10407,1942099158,647616753,296859033,-341579442,1397883414,-707481396
5,9,5,10,10407,2044989752,1985520149,9021568,432522191,1018256459,802738315
6,9,5,10,10407,2012675921,-545366723,-239691522,-1055010496,2042833709,1976814732
7,9,5,10,10407,1400060426,1425772772,-1335675380,-1774336657,-1776708900,-1189406090
8,9,5,10,10407,-2004598540,-523193592,967036369,510101455,-452839880,1328430325
9,9,5,10,10407,-65591404,456871092,-359009453,1070239538,-167869554,1399501670
10,9,5,10,10407,-80623975,-123032783,-2142236012,1171855968,633193572,-1152110188
1,10,5,10,10407,2140817964,1320429305,-1631442682,-1062582334,-498363334,-736054674
2,10,5,10,10407,-1943087472,1142850608,-2094009740,-1746896807,2083219602,-1811120738
3,10,5,10,10407,1670916658,-1163978234,-353835990,-919304694,734656994,261677837
4,10,5,10,10407,168188819,-2080610250,1841682946,-2125321434,418041607,1281458869
5,10,5,10,10407,-150372908,-264422038,666143621,-1684969478,1022451560,-2045065646
6,10,5,10,10407,614585707,1666061442,-2111207698,1481309167,-1218863176,-851933859
7,10,5,10,10407,-895406142,261252786,185530728,1624897846,604962290,-1647907413
8,10,5,10,10407,496584889,-521798453,335846479,-249539699,-2127554308,1070755552
9,10,5,10,10407,-1343397262,1090407648,-544809339,633329771,1228987480,-1362451172
10,10,5,10,10407,-1720955244,-102413723,-474045198,1564635066,-749400576,1070820240
