"ialpha","ibeta","ifold","irep","seed1","seed2","seed3","seed4","seed5","seed6","seed7"
1,1,0,1,10407,1404479659,-125779984,1221124913,1603824446,-1245837657,908644028
2,1,0,1,10407,313293980,-1650290772,-474974623,547775510,444193391,-868455907
3,1,0,1,10407,1000078393,349316722,26112355,-1499067690,-1329121417,-277781198
4,1,0,1,10407,-386571152,-426976571,1708132218,-1394821482,296645489,2139094703
5,1,0,1,10407,350473673,-879710455,-894246704,1790288729,1203923537,-278311345
6,1,0,1,10407,-822510795,-1748467332,-1827811387,-1329619564,-113018538,745280899
7,1,0,1,10407,1083752894,233352972,-1745881973,1134189762,-1635582651,1388323135
8,1,0,1,10407,681666318,-371771629,359600965,1233168711,-2015920401,-1972719122
9,1,0,1,10407,-1769555723,-25117671,395693995,208754759,2001427839,1035846137
10,1,0,1,10407,1705341638,-430822231,-663813190,864852941,-68400767,-537004322
1,2,0,1,10407,-1081542157,-1048246152,-937353052,-1806815829,-785576181,1819589744
2,2,0,1,10407,-1522657454,-83620490,-148487181,1203321841,1855627871,1894356754
3,2,0,1,10407,1079067455,-2088402489,715459187,1697087379,-1143374533,359853913
4,2,0,1,10407,2050851642,-2121341222,889487524,1189650159,1901101292,-2012965414
5,2,0,1,10407,1225704061,-2010270051,-32369806,-253921999,272319940,139514700
6,2,0,1,10407,1548732444,955155850,-1016596737,-478921700,1394534738,711943820
7,2,0,1,10407,-653608899,-1361466453,55470432,-1595667171,-1404930212,-855553955
8,2,0,1,10407,-1864846551,139910175,-888879296,-191854946,-880815451,-1068758906
9,2,0,1,10407,-1828484230,2088573691,-911854803,-139104573,-1596870173,-740515305
10,2,0,1,10407,-135849752,1895738720,288954253,-609295424,-1136811990,-1943193737
1,3,0,1,10407,-1858681436,-1880009570,-420170364,-1010726230,1715364292,570758929
2,3,0,1,10407,-525630984,-1110787100,-1609762625,2117399849,-1845185129,-19782527
3,3,0,1,10407,-140706437,-1390432869,984733569,-1985229990,-521865885,-1048801567
4,3,0,1,10407,-1058713680,-1508203028,-1271628208,-1134179803,920999473,-1272799296
5,3,0,1,10407,1532002336,32654144,-2069047680,759902205,-988830557,1242779657
6,3,0,1,10407,1285686909,-1867260785,-467631492,651856608,-355839972,1106635309
7,3,0,1,10407,566672216,-475534830,935138855,1811628049,-46227668,-999867584
8,3,0,1,10407,968861978,-1892238713,-680810185,1600836142,-977202226,1873808527
9,3,0,1,10407,1157130594,-2098309845,-849189414,-1742470264,-1004775654,-284607252
10,3,0,1,10407,317206901,-414923970,-236079942,204921672,1239198474,-320086341
1,4,0,1,10407,-1685373705,-2098110103,-64559647,-1143961582,-2126840791,-1862974464
2,4,0,1,10407,620729392,1655850669,186661403,335795645,390849514,-1112043729
3,4,0,1,10407,-403304491,11202050,1351838526,-1931729494,758329567,795523604
4,4,0,1,10407,239467725,171594764,2011408029,-1066310210,-1395873348,-162548328
5,4,0,1,10407,-699894455,-528287617,1689415034,-190213379,1320675099,-1809716560
6,4,0,1,10407,1479963261,-1104946508,-859207983,1505163909,-2003567393,2120190631
7,4,0,1,10407,624128570,1603858905,1317190800,201218382,-1891047570,-463328415
8,4,0,1,10407,1340652654,-887077937,-938145273,1633350934,-694508355,-1089655336
9,4,0,1,10407,-579255140,270957263,1364069498,-1266893960,-876399590,-1431698090
10,4,0,1,10407,-1206251160,1896077780,-841182856,-1286568368,852814096,-1638038592
1,5,0,1,10407,-1565827276,-1058001081,1059939622,-1345619979,1292709205,834284257
2,5,0,1,10407,-449730194,1276759475,-328945535,2117629679,446556924,-609943181
3,5,0,1,10407,1246750855,1307560098,-1494431210,-222385682,430717392,1211637590
4,5,0,1,10407,-1998303105,-604300996,672860763,-792613246,-1667424945,1635365156
5,5,0,1,10407,-1154257464,-1458747764,2116989888,-411799783,-1161417488,-630862778
6,5,0,1,10407,1443629963,1045382429,1704681186,1770605772,-1870968854,-1250322921
7,5,0,1,10407,1611576150,1347484951,1627676708,1417678218,1060768506,-223185285
8,5,0,1,10407,817602145,328339813,941561211,795862278,137654626,1327313911
9,5,0,1,10407,-1710387979,-1885972596,-1277896740,-591479620,1885802240,-292254450
10,5,0,1,10407,599343901,813258057,50110755,2101735360,599814899,-494029828
1,6,0,1,10407,-1420205370,-1564115144,2078901754,418569027,-1660205471,-1819155890
2,6,0,1,10407,-2084973234,1780583133,634084017,994824368,-701300431,-1668084261
3,6,0,1,10407,1609565994,388410457,1980943867,-1187497074,1091426632,-1907289977
4,6,0,1,10407,98844346,-270918223,2118713123,-1301608836,-158491429,-1169966362
5,6,0,1,10407,-425337476,1701531292,1446807526,-1877204696,1844107644,-2116170994
6,6,0,1,10407,-1365708478,1589963248,807115937,-705341489,-265057916,-643415830
7,6,0,1,10407,987280132,-841494098,-1060386457,325798478,375769683,-1144676204
8,6,0,1,10407,-862157357,-1353317448,1795618541,1410311557,-1257847895,-98508108
9,6,0,1,10407,-276091541,965205150,-827332037,638161952,-363032242,336312071
10,6,0,1,10407,-363816399,2010869241,1864819693,975056474,575757559,1029564150
1,7,0,1,10407,-301001121,-1963358207,-1610174300,996560744,144772226,-2032042523
2,7,0,1,10407,148316923,-479229189,1103380726,1076707999,1694233423,-1429764741
3,7,0,1,10407,1792203982,-1620711941,358393650,-993474419,-830248438,-1422320060
4,7,0,1,10407,62471471,976185223,996602404,-942738325,-170422573,840036300
5,7,0,1,10407,386635927,290907132,-8068365,-274528461,668916283,-1868171210
6,7,0,1,10407,-841396627,-323095796,1968348677,382594129,755904544,1259272638
7,7,0,1,10407,704750826,-455907174,80614283,-1151086106,-1366561460,1778813445
8,7,0,1,10407,-1588190783,1671317998,1450325715,2082693776,954662342,385236169
9,7,0,1,10407,-1895654994,-1414669132,-77310393,1251007918,354340488,-1865089185
10,7,0,1,10407,-1356605501,2010589768,-1001394152,-879005041,-1485613207,1261757065
1,8,0,1,10407,-564756632,946692017,591712740,1527588119,281914068,1771763218
2,8,0,1,10407,-84821905,-1252113441,688917980,-272522088,-9704819,-2016361770
3,8,0,1,10407,-225342776,1006840614,-813531666,2135499469,-1087482332,1479644917
4,8,0,1,10407,1583614124,-50307857,576606055,1491895841,-859575789,-1522613560
5,8,0,1,10407,-1625472255,-1201829985,-347925720,-167044171,-1390623075,-994598595
6,8,0,1,10407,1938695567,-1536665418,683809751,1084978373,-1289870776,-1651445641
7,8,0,1,10407,972080448,-1244718477,-1165699905,-230579060,1471463763,-309037483
8,8,0,1,10407,648470598,1931417245,-1326863726,67450644,1523104470,-123631275
9,8,0,1,10407,-1308144269,-540004730,11951716,1831461172,-520271409,476161347
10,8,0,1,10407,1873159387,1726621405,1393073368,185079061,597285194,-316091119
1,9,0,1,10407,-1437012093,1921956678,-1154413988,-495142750,-1773921364,-770067426
2,9,0,1,10407,-668712611,-1835383539,204662606,18356293,257026574,1422964028
3,9,0,1,10407,-111410444,1746818086,2006081080,-1696245892,1535654668,47508896
4,9,0,1,10407,-1329670001,-747917506,835379950,1494615052,-984869084,-873269420
5,9,0,1,10407,719124840,-56179387,1946150685,-1846124057,431675619,759022003
6,9,0,1,10407,-260783918,571946923,-1544792093,-1703721919,-1570489463,-161208021
7,9,0,1,10407,-1462083301,-877880034,-339682513,-516083122,526637847,-376254642
8,9,0,1,10407,-237340435,-1839352407,1798088245,-1586412189,-819384985,-527761772
9,9,0,1,10407,-318259423,-738828553,-225025589,147598392,1215965497,-956539665
10,9,0,1,10407,1472601393,-1810558217,915298932,5684954,593151569,478762411
1,10,0,1,10407,-283824885,-983419138,1120497341,-475303172,-746562691,-72031979
2,10,0,1,10407,5294827,-63347811,-1233846922,-1788689291,1290659424,-465056557
3,10,0,1,10407,-1398211448,1634013085,-254453842,1524151492,1014795964,-244525957
4,10,0,1,10407,-823369369,-1672455384,-1906266838,682512347,-1014490963,2006049163
5,10,0,1,10407,531863720,-867758992,-1741728047,-681848578,-1770847667,1887874577
6,10,0,1,10407,-1292640307,-568772067,1907651346,1948213131,-1001041400,2115967970
7,10,0,1,10407,-522941550,1776745103,-831080449,1342998114,1291992327,353142365
8,10,0,1,10407,-1278492765,841600032,-133787135,-1962024559,-56881316,-505014852
9,10,0,1,10407,-1235909422,1033452948,1822323394,-497406440,-1651558666,1350125480
10,10,0,1,10407,1460774857,885913823,760143282,-733120609,1591801320,-772013233
1,1,1,1,10407,-1818178483,-1471142914,1833967799,2032157584,-264436130,1801109987
2,1,1,1,10407,-97186739,122871840,-565824957,-1806337067,1009994949,1412996201
3,1,1,1,10407,-423824557,140655685,1025216390,1992983840,-1693634302,865174690
4,1,1,1,10407,-1297782078,-1494653975,-499237997,-1684189607,1223434965,-113793138
5,1,1,1,10407,-1873734023,-939685194,-1946750733,1869957863,-1059271340,-187924309
6,1,1,1,10407,1611326382,-408429977,-160523567,-153766439,-1693991564,-1785082438
7,1,1,1,10407,1076716564,1621618249,-954220681,1896843582,-2102520901,-905450327
8,1,1,1,10407,963571152,-500984355,-1625203073,-1485200598,205200090,-754354532
9,1,1,1,10407,-1482506064,1665373086,-703585565,-1767644333,-75680689,1291834140
10,1,1,1,10407,482529295,-524048762,1400074417,976732434,-1896357835,-382863474
1,2,1,1,10407,1014714699,-601838461,676751120,1403426422,1806559088,641931601
2,2,1,1,10407,643211197,472012434,1738628775,-806645156,1832940421,-471287388
3,2,1,1,10407,-1811251567,46567439,-487969697,353563205,1307943190,194646366
4,2,1,1,10407,176943842,1729191501,-38281834,1973112980,-2097066322,702521748
5,2,1,1,10407,126408994,-79238054,496669004,-156782824,1420346137,-495219841
6,2,1,1,10407,456763325,678094230,1098830818,132141236,1631319522,-1728698643
7,2,1,1,10407,-142984126,705958132,465082526,-674843277,1939472076,-1276520236
8,2,1,1,10407,-488032661,-2100163146,-101824832,-1119129450,-484575099,-1431495597
9,2,1,1,10407,1120759039,-1729699981,1605953815,-86402092,-1363700448,408329633
10,2,1,1,10407,-1980077880,-764408431,-945167260,1072283077,19664735,178553706
1,3,1,1,10407,-1083235917,643801526,800708489,-177685304,-609597629,468642603
2,3,1,1,10407,-1849762750,-872096728,-547068102,1187054891,-956473674,706098007
3,3,1,1,10407,-294497697,-776721328,2119166839,-1541988508,-1392881180,1662456662
4,3,1,1,10407,-1233578393,-1878641338,274327134,-225907772,1311555485,1292901985
5,3,1,1,10407,-848161244,1949631923,579728951,695088846,657977657,684612963
6,3,1,1,10407,1081111290,-804564171,1551197833,-1518318821,-1929997855,-214659186
7,3,1,1,10407,-379384608,-1274178797,1307254595,-1903460550,633950140,-566948600
8,3,1,1,10407,-447096012,577347486,-1716079331,-84262806,1456861021,-1122182936
9,3,1,1,10407,900016307,925683342,558912251,995210545,-330129311,-898300823
10,3,1,1,10407,1156391222,313587191,1773352666,748938916,-960852824,-1337615880
1,4,1,1,10407,554495642,-125022676,-2012577903,1722900370,-850974792,972425231
2,4,1,1,10407,933740737,1043897669,-594008670,902636594,1522209035,1452197736
3,4,1,1,10407,757071108,-443431300,-1966557722,-372331425,1870728568,163223391
4,4,1,1,10407,-1881486695,-1088059370,-1919949596,-582171398,907912705,-1930153442
5,4,1,1,10407,-465631370,-282019126,1708618819,-2113583804,-777611997,2064850081
6,4,1,1,10407,2008822822,-1126153869,422961618,1733148208,742174620,1078003796
7,4,1,1,10407,-1266627563,1281647570,-1095299298,655143484,1324231853,-89271697
8,4,1,1,10407,-1201771506,-548241716,1703926044,573308221,-1213269901,1402300839
9,4,1,1,10407,1645659623,512942192,-1217450600,1795521387,-21338376,1434788470
10,4,1,1,10407,958850824,310198610,-552155334,1860147167,-1158774520,-906791362
1,5,1,1,10407,978415558,-13535371,-1030987432,1427881170,464777081,-1056766978
2,5,1,1,10407,-1812098063,1376426854,-2070482688,1864064812,1990352613,-1006594667
3,5,1,1,10407,-1345630969,1595635540,706187077,-559327233,-1327419475,-280093254
4,5,1,1,10407,-77703143,1920294573,-804620339,-1705272427,-860017456,1153480008
5,5,1,1,10407,1583615355,-1400184348,-1319374879,-1080678440,1033811312,695916221
6,5,1,1,10407,-1758209463,227592240,1185459422,-497907726,-848911406,-847616131
7,5,1,1,10407,-2035202121,2030711806,387702512,-1042371620,1577916364,-2144479720
8,5,1,1,10407,1792249147,483310744,2124163727,1362954109,-1526269876,1459692199
9,5,1,1,10407,1432600207,1788291018,-100627110,1693247350,-656835721,-1345708766
10,5,1,1,10407,-458862054,2142685936,-1785016720,-2006902781,1490044629,2088510573
1,6,1,1,10407,501345072,-2010597789,-1779632401,1249778801,-450626324,-877227808
2,6,1,1,10407,143891980,-1567689710,765033541,1205355062,725964464,-526336627
3,6,1,1,10407,2046975742,598986087,681864631,-2126376675,-1894197674,-1074797784
4,6,1,1,10407,-70942286,1561094159,-224701886,-439612274,-907695727,-1651848445
5,6,1,1,10407,-489267128,-838263459,1688769743,322269497,-763511229,795436361
6,6,1,1,10407,-526721631,-1327100811,-1015795429,1606189535,-1952406526,437775826
7,6,1,1,10407,365357629,-1976716069,122410306,-629794442,1359827946,-1456044918
8,6,1,1,10407,29689181,297876058,1381345070,51081078,2026146509,290404434
9,6,1,1,10407,-2055162164,-531637323,550963692,416616969,-164072242,-2085668863
10,6,1,1,10407,1178751130,1543579346,-1662656506,1692924871,712752571,-1480290134
1,7,1,1,10407,1310814134,-1155854227,-1681121095,1649106950,1345707832,-31308160
2,7,1,1,10407,-1277748316,470424328,56359843,31050180,1189799866,-932579810
3,7,1,1,10407,1908733113,-408916388,1612320630,366292627,1399334261,-715743309
4,7,1,1,10407,1135591144,1687873407,1385594332,1401102028,-1695359008,1208813188
5,7,1,1,10407,-1172217653,1437180025,-454366279,1400389232,1832779346,-401732816
6,7,1,1,10407,728284444,-2145529077,-993635435,-909165765,-1111868744,1001592385
7,7,1,1,10407,1786593695,379144956,268538475,2073162458,-635471508,986706202
8,7,1,1,10407,-318170798,-1806496188,-184302310,-343179806,2133810396,-645651923
9,7,1,1,10407,1751339871,-1435343401,-1982265418,1369271647,-980248899,-643682564
10,7,1,1,10407,-597656365,-1343862772,-368346026,-1558651521,1025251360,-793709203
1,8,1,1,10407,1398134899,-2068613198,1388175341,-1355484630,1628934719,-275790544
2,8,1,1,10407,1697702913,437627584,-1418830392,1164478843,1730015915,1620089906
3,8,1,1,10407,1001626513,589222165,204304783,-889768016,-2116718811,-325143841
4,8,1,1,10407,-1771642013,1259479558,2107090788,626286540,963366423,-100318382
5,8,1,1,10407,-154626277,524385959,559981895,1677004478,1028426171,213986421
6,8,1,1,10407,-1850271310,1168054044,-1965902116,-268688617,866826576,2059414419
7,8,1,1,10407,713239126,601142244,1734835020,1509548786,622005643,700027798
8,8,1,1,10407,493679065,235505809,1142076531,-76657821,-1938625580,-1412282852
9,8,1,1,10407,1580859938,629849893,-229656816,1252933695,-573930538,-342667230
10,8,1,1,10407,1708957115,-2072509729,-248887361,-919720198,2086129133,-1355270536
1,9,1,1,10407,-1604641050,379665354,1846885199,-2644049,1061594267,-908144612
2,9,1,1,10407,275670882,1473435844,451145873,-1333922047,1419187556,773030577
3,9,1,1,10407,334990184,1244295988,-1282972355,43057269,-244915432,1130761322
4,9,1,1,10407,1732572026,-331193385,816586138,251530817,-1120450189,1415857032
5,9,1,1,10407,-2045883208,1121111717,1855263149,628494852,-193661820,-887154917
6,9,1,1,10407,-441675790,-707137233,107352497,790967258,-72004592,1943561116
7,9,1,1,10407,2058046593,-934410885,-1297327296,1432162889,-1322090486,338706279
8,9,1,1,10407,106498569,-1748406110,-1346991024,-2073532390,1849988939,1693102905
9,9,1,1,10407,1597713055,-1592549353,1583475685,-1718808674,1578037485,120460321
10,9,1,1,10407,-946591872,-777605146,-1038424532,-668351712,2028768230,-77149514
1,10,1,1,10407,237985481,-673873301,-567928494,519943643,1555129229,1290863332
2,10,1,1,10407,626195088,793092635,1019900155,-1139512449,-922900886,-341022344
3,10,1,1,10407,-900736683,1477342475,-857384851,1047956560,1088498933,-1786115790
4,10,1,1,10407,-204976194,444380290,-95946669,693714774,323327792,2103287718
5,10,1,1,10407,-515063315,-1268545435,1164424875,365436414,1968251290,1468422345
6,10,1,1,10407,-1527188668,222474080,-281657305,-283414622,1763153916,957819799
7,10,1,1,10407,-797889220,-892077305,1059655417,-1377707330,1779921007,-2064070529
8,10,1,1,10407,683975189,-187787771,1217340849,-46536372,-1410091159,-1043856507
9,10,1,1,10407,1513439631,1509327735,1077481235,-486131148,979660603,-2121923793
10,10,1,1,10407,316421184,133929980,-394076911,-833437303,1649484197,-622742835
1,1,2,1,10407,-1885137801,1304461132,-35699121,1885298370,90194484,1322778924
2,1,2,1,10407,1048519541,-932458353,401897881,734310733,-936903404,-451282422
3,1,2,1,10407,-495466344,247727062,-1951576023,1784393599,-407838575,-1283305248
4,1,2,1,10407,257721176,1544595410,1300823640,-46427210,-2143464000,1672646236
5,1,2,1,10407,-1024623023,-417091494,1680407819,-1871727229,-141896487,-149199399
6,1,2,1,10407,-1027368881,349860949,-746558454,1750412206,-1925394616,-1966531384
7,1,2,1,10407,-235987836,-1592013967,2009298364,-304216287,-272320976,-803913514
8,1,2,1,10407,-1628468033,1498036917,1159173017,1074404339,1266413760,-887458711
9,1,2,1,10407,-1595475074,-1734626175,692206636,-1319316276,572499046,187064458
10,1,2,1,10407,-21885224,1493004635,102881216,774051195,-1837801413,32492813
1,2,2,1,10407,1792220793,-605021182,-1652790835,1464101769,-1919120522,-1975101482
2,2,2,1,10407,-779181780,-1283577113,-2009041379,-1128563912,574693015,1466728564
3,2,2,1,10407,-1443855267,1124652206,-84060681,627991108,-1955654932,1632950190
4,2,2,1,10407,-749189701,1316806463,-1917915698,2029853277,-242157548,-914859723
5,2,2,1,10407,1978965278,1790052905,1854275114,-1195550615,-340377572,2123828286
6,2,2,1,10407,406848669,303141914,1165089282,1263431545,-1172368018,-209784224
7,2,2,1,10407,607921244,-1868400960,-911006461,951042120,1711277402,210105110
8,2,2,1,10407,-1323299681,827818299,2028049970,340221142,-788106652,1994566409
9,2,2,1,10407,1216280369,998363202,2044995710,1879385799,448045578,-928020441
10,2,2,1,10407,547398634,352586477,-191835737,1024844166,-740756319,994311118
1,3,2,1,10407,184056172,1268516478,610939580,984223864,-1731288807,-1209369854
2,3,2,1,10407,-889322020,120133222,883570268,-36694217,-1046677639,1895820800
3,3,2,1,10407,-1577053855,2029179985,-1567641337,573059081,1822976896,2077747629
4,3,2,1,10407,-1555608450,-2082738489,206322963,-428607385,-1580842438,1637880925
5,3,2,1,10407,890780499,1558556403,-240896741,-1643244897,10553472,-686130122
6,3,2,1,10407,334772437,-2055515016,-1706685282,-1334390257,-1115987450,1889964433
7,3,2,1,10407,1518296240,-209054626,-1842898004,-214129912,1258391699,1394927236
8,3,2,1,10407,1066962607,-695460016,-896175086,-1797578364,1081060527,-1194020034
9,3,2,1,10407,1274070541,328848326,215289834,886685464,1440793836,1637504681
10,3,2,1,10407,-342512941,211193438,-1349439178,1186757210,-1441723815,-86543269
1,4,2,1,10407,856292710,-1002548957,-2104145906,-867068745,2059680208,-1191878711
2,4,2,1,10407,138012464,-1544703459,-178281070,507460149,1870587323,2137634775
3,4,2,1,10407,-58909756,161121800,-541085208,1977839319,12592843,-2106271786
4,4,2,1,10407,1947529617,-493981059,923343742,2068346527,-1190376508,-1172231842
5,4,2,1,10407,995419909,-1022848401,2086111700,288024735,290831787,-1625505792
6,4,2,1,10407,-933575915,166647082,1094277298,825633413,1127244875,1753785082
7,4,2,1,10407,-1001288861,-2014985226,850657798,-1838054542,1582144318,-1236390486
8,4,2,1,10407,-1274538964,401624117,-396836124,-1743582716,-267122768,898159037
9,4,2,1,10407,-177583023,99635498,1852799230,-181014797,-1940390470,1573342124
10,4,2,1,10407,344968396,-1264804081,1016014060,-875272982,1796998880,-1359136214
1,5,2,1,10407,515020727,-965475617,-1953330260,-1723367777,1919953896,900140959
2,5,2,1,10407,-576671155,1898131408,-202626210,2008021096,-57839616,981226777
3,5,2,1,10407,474741336,-1217608086,-419603851,517449541,345910421,1297793524
4,5,2,1,10407,555040627,990405140,-1684750762,-1626379642,135560140,1129335724
5,5,2,1,10407,-744903025,1348639967,700415430,-766920823,1945560153,2048661515
6,5,2,1,10407,-508135476,1459738567,-364065916,-1671443804,-1254502252,-204117317
7,5,2,1,10407,855713613,-1339055723,-1487117290,-1521880580,2079334966,-51230325
8,5,2,1,10407,-1328496713,2072396320,-1845628772,-1158100483,-1829976880,-1114687545
9,5,2,1,10407,-1175001591,882405372,1608891874,-1164130435,-879531620,-1085392210
10,5,2,1,10407,-1857296165,500089536,-732637710,402878745,-1296444970,-1125086454
1,6,2,1,10407,-1494928279,498476605,1754974206,-1464845688,-1226438518,-974667810
2,6,2,1,10407,42378776,-680940118,-1306360201,282449339,-1317884365,-1114511127
3,6,2,1,10407,1479468144,310548485,1970997656,-334412022,-479257471,-312287378
4,6,2,1,10407,2112445117,841082059,-2104178896,-1291302181,-703427524,122330631
5,6,2,1,10407,1086273110,1098549358,1237822849,1061545264,725727485,1315377278
6,6,2,1,10407,1498757051,1152182528,-458264258,1779308036,-2067810551,-460361166
7,6,2,1,10407,-1112914099,1940082411,-1713388869,33282679,1264639676,1693445842
8,6,2,1,10407,-372440021,332634818,1421414203,-1077613857,1252482045,392375318
9,6,2,1,10407,508525269,-974127341,1471754861,1854449456,-1629402789,654474699
10,6,2,1,10407,165319838,435253268,-180626279,-808991590,920825209,-1272342657
1,7,2,1,10407,-1879080079,-147263360,1516371398,1491597125,897227428,1270707378
2,7,2,1,10407,-1041386553,-319405176,2032825255,2124399231,1969756089,-2036228920
3,7,2,1,10407,-1930104534,-530567958,-323889749,-798182856,-68994340,-1839500062
4,7,2,1,10407,-314736998,-1890136022,-260463559,1418131312,-245639474,2129645172
5,7,2,1,10407,744825464,-1247792565,-730664205,-127356874,-888778656,-1235095440
6,7,2,1,10407,594045412,1793093657,-637169217,515298007,1410376147,820311075
7,7,2,1,10407,-692195258,1785319856,1717246274,1310918015,1783853114,-2101889895
8,7,2,1,10407,-2049181143,859609991,-1309111890,-207993039,-736939688,250724188
9,7,2,1,10407,-919336231,1657442214,-1712738071,496024911,-978750814,1720485285
10,7,2,1,10407,495323186,-1959731691,-843324500,-888514791,1880200717,27038986
1,8,2,1,10407,-1079627104,-645939596,1101142330,-1306111823,-290544932,1850506539
2,8,2,1,10407,1149046184,-294436757,-2067033365,-1792226760,-1485041017,342306451
3,8,2,1,10407,1806444002,-257021599,-1792422185,-1260179899,-249292229,1108586880
4,8,2,1,10407,1551907890,-884922360,433160564,2054423397,-29600244,-2071426364
5,8,2,1,10407,1705778541,1754439977,298834182,1367816347,-1609128133,853879139
6,8,2,1,10407,395586460,-1449520054,187020058,-901729303,146022547,32169833
7,8,2,1,10407,-886563173,-543113110,-1990129818,-1103843687,701208596,-1178981238
8,8,2,1,10407,-1705137627,-850895860,-1250223024,485360849,1427461778,-2096409251
9,8,2,1,10407,382156326,1895328867,-59328723,1042299302,983874465,-812261254
10,8,2,1,10407,2061145457,2011898609,-1028239807,1153431002,177200651,1014374709
1,9,2,1,10407,-183116208,-1382023797,-423474282,-994797931,-144481747,-1895976389
2,9,2,1,10407,1360761841,-993870488,-1626427944,361955802,-874909085,1949009921
3,9,2,1,10407,1324123971,-1728059656,-806445131,-1153075394,-305332049,917515617
4,9,2,1,10407,503984692,1961515773,1664633734,1917419559,1249576868,-1070723657
5,9,2,1,10407,-1078485504,-322777350,1411928605,-1798567515,-1458404811,-643210988
6,9,2,1,10407,936490566,-957531760,-1719467878,-1616183464,-1331778399,612486814
7,9,2,1,10407,-1924227049,1101894954,335446112,-2112904772,-1396184454,59286204
8,9,2,1,10407,-661752897,-120425597,-1107331115,204503368,2071835997,1542104111
9,9,2,1,10407,-681756291,-1508089267,742141213,-188044678,-542786149,-663821782
10,9,2,1,10407,-1657566584,1856416613,-883135431,-1008693909,-1226164951,-2128790028
1,10,2,1,10407,-1773590198,1300261136,427834839,-445499214,-1611929641,1405119610
2,10,2,1,10407,1892383312,1807618122,-1121684376,1085419246,-74906146,-653658388
3,10,2,1,10407,1852891627,-2043246187,-1113814370,-1311810358,-1082369024,426908454
4,10,2,1,10407,1576223685,1859136407,-1005760394,79101998,-472612024,-1895244929
5,10,2,1,10407,390410860,1374231030,353555167,1102213473,72026637,-2147071769
6,10,2,1,10407,1933946120,-2055243929,-912877832,197140276,254023502,711740667
7,10,2,1,10407,-1634205636,-2054131897,-673764439,287732487,-1527106344,-189176551
8,10,2,1,10407,-2065629126,556377654,723699359,-180614499,1009764722,1663589555
9,10,2,1,10407,1606376554,1191325829,87501645,-1400822147,-747505450,1227379980
10,10,2,1,10407,361651456,-1232847351,-295273047,813500344,751530563,-543003566
1,1,3,1,10407,1550620489,884849094,115280,-1649621327,2118220327,-2028530186
2,1,3,1,10407,964613480,96734624,283325333,154692857,449496241,284278366
3,1,3,1,10407,1035973906,2143306483,648710044,1631155305,-224636476,-636947016
4,1,3,1,10407,-1456134138,-225442419,601087112,-1563217705,-284074873,236036032
5,1,3,1,10407,671248971,-994917200,-463974999,-1303423393,-225151945,-896765992
6,1,3,1,10407,-688013683,1629880182,-831545945,-1155014660,-315096244,-747108390
7,1,3,1,10407,1257300475,1443216436,1583379668,82053606,-111097278,1181720624
8,1,3,1,10407,248388232,-539502684,-1157422149,684373940,-943061421,-667268038
9,1,3,1,10407,-1390116846,799771889,1972912354,-2134269917,1217252535,47145777
10,1,3,1,10407,149110010,-1488460686,290056281,1415185318,1201940765,-1743624587
1,2,3,1,10407,-1094579514,885399693,432883933,-25859624,1378864122,-1669124431
2,2,3,1,10407,2040002014,-1520885374,-289361521,552296364,-330069369,-2118612720
3,2,3,1,10407,964658186,-1770358259,217243463,195252642,-1114200846,1472652870
4,2,3,1,10407,1718044834,656414131,2105944231,-406619180,718932647,1831747034
5,2,3,1,10407,-56520905,1904313922,-2094888543,-814698213,13906029,1025068945
6,2,3,1,10407,-1909253152,-323235949,-1685994629,-149976829,1052144254,-55384521
7,2,3,1,10407,627948286,2124561778,1431176956,-1613305394,1453984877,1234072615
8,2,3,1,10407,1734783652,1706654394,-462068380,401822440,-1189031561,-205075915
9,2,3,1,10407,1013678426,652788752,-628405907,-131176611,-1349992828,1924198624
10,2,3,1,10407,1221248855,-232782714,-1649667911,2055657986,-1114652040,-33143142
1,3,3,1,10407,840732000,1682431376,-1360553622,1830938688,-1639586631,1660750840
2,3,3,1,10407,1678049454,1758900641,481599726,-534099621,-111455151,-1522847501
3,3,3,1,10407,759201523,-1966355898,624076700,1956631917,-568846496,-1556989951
4,3,3,1,10407,-374062125,1837368990,-916649611,-1771128933,-1412145264,266632138
5,3,3,1,10407,-830717938,1456977358,-414700162,-725865831,334560439,9660122
6,3,3,1,10407,708789884,497515611,-520483490,-144686619,2002088544,-760846383
7,3,3,1,10407,560927620,-744517799,2145345814,935678843,1027913914,-460388919
8,3,3,1,10407,564601721,-2056510110,-1259660214,868761798,1572546373,1519193194
9,3,3,1,10407,-1364488897,1783323490,-1867388834,-14631384,1389312093,2037902256
10,3,3,1,10407,-1446347470,-1771288459,-1176082616,835425960,1582848217,-343516747
1,4,3,1,10407,-1844283595,-1164632985,175288837,-1225710655,-1619934,1926645474
2,4,3,1,10407,-903800705,1379936128,-1680656460,-1425399672,1434058455,2059097434
3,4,3,1,10407,-1138987034,-1027565486,-1627469664,-394155165,-527285620,1266818805
4,4,3,1,10407,255135607,1484262895,518063323,1671195061,678947538,-1472277842
5,4,3,1,10407,-642354251,-1138676293,-1656906479,-1288514829,400100730,-868058321
6,4,3,1,10407,377300377,-786904579,-58407593,1928307698,1249287564,-1870418407
7,4,3,1,10407,1644650541,-1371810593,-30552999,-618286374,1697440233,1953243832
8,4,3,1,10407,-953422078,1499838123,1740677460,-1875746852,-822886600,-1384531213
9,4,3,1,10407,2041606972,1784632563,559833218,1552938104,-230987871,97165387
10,4,3,1,10407,1070885527,52566217,-751772302,96641001,1732743263,1810039674
1,5,3,1,10407,214630146,596183808,1250982223,730064921,-1723369480,1019290124
2,5,3,1,10407,-384207310,-41967123,-1888378936,394022355,1551667131,1361272549
3,5,3,1,10407,-1422799123,895774017,65903684,1577791896,-1728886239,2027117203
4,5,3,1,10407,1959116897,-1274503744,-2036925488,-1680000771,59312437,1594633894
5,5,3,1,10407,1687405368,1078691716,925357874,452176953,174732906,-181048483
6,5,3,1,10407,-1561610547,-1369441809,-175462106,1055557111,-567470721,37920671
7,5,3,1,10407,-554732822,39280924,749522266,722891337,-1724084075,-1084363022
8,5,3,1,10407,1558241351,1276391826,803879029,-491143952,-1968462472,1605393988
9,5,3,1,10407,1732959713,-1538247295,-1652934851,952894596,-1478017040,-138415587
10,5,3,1,10407,-1198073686,1657457174,1054594798,-850069776,-432154330,-1471541753
1,6,3,1,10407,928754785,1882983473,1574170407,1010653492,-1218864247,-294916223
2,6,3,1,10407,796206958,-32252746,-756052055,1140107107,2072625173,-634524676
3,6,3,1,10407,317041874,-2075979905,788110234,-1423276189,827340586,1623970306
4,6,3,1,10407,191906006,67730057,-421782489,-1656748130,-829078282,523927245
5,6,3,1,10407,1443448444,737124566,-939237541,-8233243,1412219617,966693155
6,6,3,1,10407,-137433408,545831113,-465541798,-1033921492,-882796444,1288864180
7,6,3,1,10407,-843007542,617944877,-948124158,1651777620,-250472099,110931294
8,6,3,1,10407,1297683085,2009376291,-1517987423,680383341,1859307021,924794233
9,6,3,1,10407,1570577127,1119078233,1975675960,792982610,542315640,1600333413
10,6,3,1,10407,-1718289006,-1810465246,-1270638358,1066394147,1239764581,-2090135173
1,7,3,1,10407,534939793,1283655258,-93294487,-1125538016,-1625460030,-1167736412
2,7,3,1,10407,-1796865786,217146182,-609547624,-1922544286,1966253284,-1090245328
3,7,3,1,10407,928144588,985771610,1616699068,639110262,-1709116418,-1724352333
4,7,3,1,10407,1818449878,-1868653336,-1239387741,1161086763,1534855586,-1100315547
5,7,3,1,10407,1957909473,1787670366,1331436197,145488948,-2125112107,1770320686
6,7,3,1,10407,1363461171,2071646242,396117161,-910682587,-54621465,47126282
7,7,3,1,10407,25278807,1159491684,950897818,-652264618,-500983201,-1273118770
8,7,3,1,10407,-1877055231,-881254182,2001685800,650731067,-1123920780,-42735
9,7,3,1,10407,2122177938,-45632028,-1138853967,259604748,-34329196,-538713405
10,7,3,1,10407,-351047026,-751927636,-1875587060,-415370881,45442487,-1563001939
1,8,3,1,10407,1657002741,-771662438,1690838625,2021049995,-701325916,469797711
2,8,3,1,10407,715051634,-1011512665,672564764,370227997,-788920620,862988989
3,8,3,1,10407,-1833638793,848629958,-205175462,1886121900,779698877,-1373523304
4,8,3,1,10407,1105432453,222271604,-152131634,-1256781616,1470211238,-751062436
5,8,3,1,10407,-968787,-882495741,1202948105,147804470,15134743,1291670065
6,8,3,1,10407,293012625,-1165865113,802440085,1465216739,-1978954499,-1140518300
7,8,3,1,10407,2113964753,1945404248,-810970184,-791965486,550238060,-228828263
8,8,3,1,10407,1569952514,-367026707,500925663,-1673336969,1596348540,652850270
9,8,3,1,10407,460553505,-93947965,-1078144095,-837876719,-1935038055,-1257272083
10,8,3,1,10407,879061931,2060043765,-2072534400,554876903,804567793,-1166445942
1,9,3,1,10407,187663097,1368760962,-1403179606,-701425379,1709028823,2108680107
2,9,3,1,10407,825658301,-950345196,-693112422,-1351953189,-1567502205,-1069610342
3,9,3,1,10407,-1233104916,-1358204873,-107988921,-1899178955,-671854511,905305236
4,9,3,1,10407,640916003,834904054,1019484104,1466418305,33282140,-1910051938
5,9,3,1,10407,88395721,-2104898209,-1812366791,1671797087,-1070949899,-991211798
6,9,3,1,10407,-2111853917,1275520275,-636836367,406810640,1833297656,-444737689
7,9,3,1,10407,2071094516,244759675,1567595885,-1130827091,-748512844,630481777
8,9,3,1,10407,-1748458881,-1496928763,-799608030,-1894753827,1299420466,1701184930
9,9,3,1,10407,-1247009960,469155805,-1685672042,-713017249,-1918068526,1711760572
10,9,3,1,10407,-1677415566,-406635134,1903755035,-593250490,-296599653,-1907991017
1,10,3,1,10407,-1605518552,-852260027,1336494991,1189504692,-935418248,1068378391
2,10,3,1,10407,870805776,-975712812,-339433299,-1124183444,1230682266,2063058783
3,10,3,1,10407,819206399,-84574254,368574173,-191410715,1441996603,-1638651249
4,10,3,1,10407,-766284693,797460413,756265910,-1130703866,2142813372,1168655169
5,10,3,1,10407,1031568875,1728695436,244810915,1234927029,-115199849,1892974390
6,10,3,1,10407,-1667743576,-762088947,899037236,312008337,-472133091,350802021
7,10,3,1,10407,-1676533049,1358671316,250163227,2092401070,214988772,864748269
8,10,3,1,10407,-1603938983,230971806,-833682766,2119249867,-2077516258,2022449441
9,10,3,1,10407,-1520653724,-162752598,-473531709,-1416492169,2069430024,-1654194271
10,10,3,1,10407,-13560649,-1282470287,1480152012,1325587980,-256660324,-1274519783
1,1,4,1,10407,-1784196092,1082733972,226676753,1833858801,1787812831,-1005242022
2,1,4,1,10407,-1505965223,1327523079,736531610,387718332,1309464816,-1182626526
3,1,4,1,10407,995959519,1095802079,-78097080,-1854997847,81095223,1245365227
4,1,4,1,10407,13886366,-860264440,-2070768102,-483690522,1182270460,84240116
5,1,4,1,10407,-731370039,761378793,550438973,-1121996315,976264860,635808885
6,1,4,1,10407,-1415318953,571437384,752539576,-1500212045,-474699474,-1232088923
7,1,4,1,10407,1194786769,-487815022,138236097,-632274196,319364898,-86883600
8,1,4,1,10407,1507287911,-813925027,51112220,-29356284,-1453093379,-81644419
9,1,4,1,10407,-1414693343,-855620020,-419849457,437648168,1897233400,955751127
10,1,4,1,10407,1041224292,751895240,1103113440,1926386938,-1004628104,-493016947
1,2,4,1,10407,-1506768567,978669026,-189162710,-1912717606,663594296,-615450006
2,2,4,1,10407,291862971,11026030,-1985759396,292309742,376380913,-656363191
3,2,4,1,10407,-752805299,-94424609,325528696,-1238407009,-1969645282,-1821888695
4,2,4,1,10407,1450829359,-1650001108,-450141372,-611949638,1678468845,1885609959
5,2,4,1,10407,-1068443091,709760390,910141858,-1623281715,-903673713,1957848401
6,2,4,1,10407,1700271682,-367054822,548788531,-81806556,1365857301,875249276
7,2,4,1,10407,-1688888857,1616939150,1067828986,-2027609390,2021380845,455192376
8,2,4,1,10407,1705091906,1714979000,-1193353809,116362701,-640363918,2003553617
9,2,4,1,10407,633886869,625422781,345102832,1786247796,-2036388834,-95196476
10,2,4,1,10407,-684481753,-1918007148,-1442296503,2025050807,1007703748,-783928855
1,3,4,1,10407,-433217525,-335665673,-1637076181,1419829486,1123449071,-1736849690
2,3,4,1,10407,2028840419,938003537,419489799,-1263771541,-216480740,-900740512
3,3,4,1,10407,379066133,1659283164,1419579896,680139376,-984515202,1338867618
4,3,4,1,10407,450414107,705752911,1476651651,-532759903,-429319645,604273529
5,3,4,1,10407,-1738296216,-1447473408,450128299,-1602186551,1883907195,1354761315
6,3,4,1,10407,-1633057664,-2040735103,1963200107,-2144762201,151223110,-2004535435
7,3,4,1,10407,2092793970,721315962,-1396263340,1129202141,-272097546,629134589
8,3,4,1,10407,-572593362,-1111026923,-440403135,-712972037,297939429,792982773
9,3,4,1,10407,-190964991,102115055,-1162110081,2100185065,445234663,1935890110
10,3,4,1,10407,-669381391,623242278,-256025890,5090787,-1473372677,-1643906433
1,4,4,1,10407,89489304,-898885404,-1956921257,-1146841449,1266461538,661537504
2,4,4,1,10407,788809828,2109664650,1692663134,-23620323,-192004577,-1216547011
3,4,4,1,10407,630331580,-1564633554,-1112353596,1057642554,1133777394,1418862549
4,4,4,1,10407,94674898,-21833498,2143884672,-2144132248,-1924455941,1423789708
5,4,4,1,10407,-1765372488,467057962,-252102045,661210362,-1227256726,-457220086
6,4,4,1,10407,184089869,874420805,519033450,-623125264,886175313,-114209474
7,4,4,1,10407,-368854622,-1187294289,-835140175,2138731038,-780867875,1271805734
8,4,4,1,10407,681061870,1003112898,-1243116022,-589338033,-354044496,2095550462
9,4,4,1,10407,1722755547,-1031933171,834800282,-871195005,-742285370,2033286953
10,4,4,1,10407,976337988,-498487520,67233444,-835438823,-697771789,1809055885
1,5,4,1,10407,1305004811,1575649651,-86466625,-1847246843,-1780623021,1426673384
2,5,4,1,10407,2087006913,1381289119,-104098519,1800444014,1498576141,1355218126
3,5,4,1,10407,739417402,985467269,2040137461,-619611141,-1253944109,-408493764
4,5,4,1,10407,398742344,-1099483611,-674545730,1752733831,-1857633426,-568249057
5,5,4,1,10407,-880166577,-791630673,-1724291009,-1512720354,1726603178,-500379161
6,5,4,1,10407,-1341582488,76158823,-1121545706,1358454232,-1790821352,-491331439
7,5,4,1,10407,1032711798,1110009320,-554515667,56771755,-1074769581,-2009165812
8,5,4,1,10407,-1952215998,814155347,949052987,-1418338957,757778052,-1216038227
9,5,4,1,10407,-1797628252,-1565698661,113993820,-1934133197,1126808364,-1890600421
10,5,4,1,10407,1260777456,-406635091,537415909,-1702536683,-682336316,27896422
1,6,4,1,10407,1411629141,-276117264,651489377,-1398675943,1857767707,1349340288
2,6,4,1,10407,361377036,1786012273,-39294389,777378503,-1761440216,-42301185
3,6,4,1,10407,-1220273602,-1791382103,920026265,-1704591785,198644569,1267004040
4,6,4,1,10407,-1999796603,727036979,5213602,-287360873,-763674177,-2084127955
5,6,4,1,10407,-470460081,919051035,-1720760602,1081666038,1230853779,-1982927578
6,6,4,1,10407,-1235734723,208186780,-1698823133,1984981338,1406007855,333103140
7,6,4,1,10407,-2114264092,1463644419,729721571,324562606,966863151,-599651048
8,6,4,1,10407,-281567973,-1402546045,-1011605156,629451308,-1302689346,36267140
9,6,4,1,10407,-1221154503,318128858,1522758549,2107977609,-960552172,-1128272985
10,6,4,1,10407,1458136224,1910417060,-1301672511,180103716,-1437378791,1620103958
1,7,4,1,10407,-1578441879,-1676084810,-1292925662,407428443,-11248310,-326265684
2,7,4,1,10407,1380477907,277322362,-1690164862,-1939373137,-1029188109,1761291461
3,7,4,1,10407,-527259888,-1184508126,686075826,917976039,627920828,-1025126529
4,7,4,1,10407,-722740685,1160877690,-730131120,754194725,230712377,605783489
5,7,4,1,10407,-939497057,2117689430,538246268,-773301339,-698583893,-527505605
6,7,4,1,10407,-799493137,-1507182943,1694619287,1469924754,1132041765,1098209135
7,7,4,1,10407,786403068,-1665514826,495044814,351978876,-869505229,-1568445269
8,7,4,1,10407,1586534666,-596035454,1395749194,-2029200123,471686944,-2107541723
9,7,4,1,10407,2005525525,1265267927,-1740385414,-977942255,-2143578672,-912396234
10,7,4,1,10407,2049371795,1415879449,860122871,1900316337,-1592172706,349257052
1,8,4,1,10407,560621820,-301680160,1948052083,953344045,-712720297,211555335
2,8,4,1,10407,-535155858,539442748,-1644978126,1291473059,901969915,1246615695
3,8,4,1,10407,1138396264,-1387943776,-1883411795,-872111409,-1218022903,-2107350628
4,8,4,1,10407,-741073739,1307514354,948162316,-634973919,-1251001101,-396686383
5,8,4,1,10407,-80127682,-1424671788,-506037535,-657344106,-989606731,1720844511
6,8,4,1,10407,-1040118787,43982549,441057466,1123281075,-1476396861,920436553
7,8,4,1,10407,1183122632,-1513963683,-1031154952,-1321379156,-593526688,2123479891
8,8,4,1,10407,1108590512,2089504212,-1241298106,2125355108,392604407,177383677
9,8,4,1,10407,-158613199,657019104,112941617,804930794,-1379557759,2114502736
10,8,4,1,10407,123713361,-122342445,1868052774,1537412036,-1801211693,-2104928223
1,9,4,1,10407,-1739022822,-1169096412,-619906444,-1655233889,-315417705,1398088778
2,9,4,1,10407,2033405767,1737255885,-879872058,-1828345884,782733449,-1429873832
3,9,4,1,10407,2142412767,1020482612,102072068,212971989,-645057631,-345690171
4,9,4,1,10407,-921226962,855412082,841478336,-1121844334,-1884959401,-120115646
5,9,4,1,10407,-385575509,470368070,1949908487,-715329070,2118954453,-441774530
6,9,4,1,10407,-2076114432,530784531,-1111557846,-1577099538,1756322890,563329829
7,9,4,1,10407,-649362890,-1958234395,1155117657,307503358,-303459430,-336204663
8,9,4,1,10407,789336940,-272424147,-839681990,-1489968040,-548609059,588902374
9,9,4,1,10407,-67054109,2027199537,-763208552,2021236199,-315029564,1450203128
10,9,4,1,10407,-1713321625,1733530817,-1867447745,394304279,-7498438,-2050360067
1,10,4,1,10407,1648478300,325227868,175504170,-151760948,942823384,1349014237
2,10,4,1,10407,357153171,800737452,1736073299,1991718964,-670088669,2064906256
3,10,4,1,10407,1834282755,-1510046105,-1247808444,-816065320,154440441,1827813629
4,10,4,1,10407,1059477560,9968090,-1780119715,-1304517172,827358265,880522586
5,10,4,1,10407,1116405634,-1738525299,1582046241,-1130086959,974538031,1138229619
6,10,4,1,10407,1014053798,1884917374,1484693264,1908185476,1007566399,-1398561903
7,10,4,1,10407,-1229776015,1988787261,-173571238,1294918762,98527854,-324842880
8,10,4,1,10407,1510360042,1790047762,-421296931,-1825608606,1301632465,1155344056
9,10,4,1,10407,832729517,-570739527,-204359537,631229602,842854295,-1681641663
10,10,4,1,10407,-1950293475,-1556141922,649250946,-130497007,1660069367,-1244023816
1,1,5,1,10407,-835196382,369770027,-1894984213,-786288348,957678667,1544564279
2,1,5,1,10407,-1678041810,501667213,-1303121958,2038158510,995829335,-153044473
3,1,5,1,10407,-1208912370,821882258,-787977660,1697130874,1929265651,1803393634
4,1,5,1,10407,584803031,963217197,-1698803019,-1784860952,-579725200,-860876056
5,1,5,1,10407,2136766740,1683965440,-320369526,1445953502,215946371,-1540159017
6,1,5,1,10407,-759528515,-939195455,-2059897170,1867072825,-183864748,1612762683
7,1,5,1,10407,1432174461,1390732214,-546953643,465893775,-278634196,-241375816
8,1,5,1,10407,-100049838,1668156253,-794958948,-5774623,-1046072137,-1431804567
9,1,5,1,10407,1430335424,830443242,-2070191391,-1880916968,-674164093,1799432981
10,1,5,1,10407,1897974717,307920012,2003676658,1888086272,-2146541194,-877097270
1,2,5,1,10407,668107536,-355213703,1043708963,1670514907,-1290205803,564867621
2,2,5,1,10407,1920450136,-1573074176,1661567288,-1681751522,396579835,-881353289
3,2,5,1,10407,602351718,1385944686,1031258678,-2138573695,344228621,-866400285
4,2,5,1,10407,-515887999,1027757781,-1537597979,2009383440,732291381,973596829
5,2,5,1,10407,-633073489,-659795047,-1004025059,-331949144,1195478593,-2113910132
6,2,5,1,10407,533000312,1678189054,-683030667,-1674565174,1391173952,-57387400
7,2,5,1,10407,606408486,-1339328938,-1300797744,1433414925,-1286896729,-1844178478
8,2,5,1,10407,555080758,246227513,1889899007,-1310214547,1230514777,606448308
9,2,5,1,10407,-1789488091,1688606640,-414092757,453190126,-854055099,970228611
10,2,5,1,10407,1430567680,1399212471,222520750,1245226509,1180718352,-828901830
1,3,5,1,10407,-1644187013,-977494506,1673755840,1689843696,557513558,-111283718
2,3,5,1,10407,2006613953,-2000541633,-321463308,805540003,-2032897867,-1263123611
3,3,5,1,10407,-730371882,1531433684,111171900,-624884662,-2056667050,73414440
4,3,5,1,10407,522950745,1710537740,718597035,-84108631,742132168,819147649
5,3,5,1,10407,-1209836972,686059590,1858652187,-1531601998,1227442817,-974476065
6,3,5,1,10407,-1033274504,260011540,1827109332,-1814550490,1763668916,1418711583
7,3,5,1,10407,1439550487,983945450,-934189850,-72908555,2031817450,1758410733
8,3,5,1,10407,-1599377597,-1607865596,698263465,-554722584,-480567388,1378190326
9,3,5,1,10407,-478158598,-300257571,-1011338535,354302374,1168168912,1160707271
10,3,5,1,10407,2132353379,-821664774,-90849827,225610170,427107047,1117973943
1,4,5,1,10407,1059306185,2097740595,1654125592,-1145429006,1550746077,1750510896
2,4,5,1,10407,-2061178061,1855473068,-1387241205,1958623346,-182837949,-1052668879
3,4,5,1,10407,-704953763,-564582749,-721768775,-1437143968,437432987,181197623
4,4,5,1,10407,1274689388,1534998129,1310879745,1257079279,-1091382188,-1924466194
5,4,5,1,10407,-1845872605,808693747,-988328943,-1657903226,-103863224,1318377795
6,4,5,1,10407,34089031,610659502,945865763,102540738,637417855,-815706509
7,4,5,1,10407,-362727891,417519837,1899989420,1352082355,-1994758159,1990988672
8,4,5,1,10407,256255701,1816406513,-1383184167,486769488,-2055186576,-35805149
9,4,5,1,10407,951883137,1587401947,2023780701,-1314089818,259787152,1711342039
10,4,5,1,10407,1885055490,371890256,748159700,-842049714,1706291148,-1361987860
1,5,5,1,10407,-417850630,-643104408,-1761161920,806334609,-1714423338,-990251809
2,5,5,1,10407,-1261997699,-1401687737,-799927696,-200965105,1309533390,1451333834
3,5,5,1,10407,-31584295,-2062550128,1017440052,754084572,1343639231,897631033
4,5,5,1,10407,-757496266,-245441336,-588000104,1734857632,-1616774527,1427179543
5,5,5,1,10407,-1239513319,-1138576635,238661653,1798069074,-599850934,1966090002
6,5,5,1,10407,1054336212,-732847543,-1388654575,-2827117,1380034381,727521029
7,5,5,1,10407,1032281044,-1003100176,2108029079,666504939,-1416265721,845632304
8,5,5,1,10407,464900403,-233564717,-249036465,-1657124497,1229070134,-1096802558
9,5,5,1,10407,-2057767238,1727572298,-1455314311,359140729,-1935038768,-1023156913
10,5,5,1,10407,850068301,-134213629,-1460164857,-1280020671,-1349499794,-185381131
1,6,5,1,10407,-1791174389,1306943777,1113177743,292389638,70767941,-569463004
2,6,5,1,10407,1952959006,274719288,1978393286,-1932049483,721323524,548974819
3,6,5,1,10407,577979028,1707086924,-1831824885,1237775714,1575183225,132090536
4,6,5,1,10407,-16079402,1991672261,109033343,1295234269,-784140582,-714362380
5,6,5,1,10407,1119521259,1650967298,205495552,-1495084201,-716491576,-74655277
6,6,5,1,10407,969505510,-1218452765,-1862195756,-1536798948,-320778989,1294280609
7,6,5,1,10407,1809595803,-371202538,-71989449,261561590,-1661960586,1442194114
8,6,5,1,10407,-759613863,223919582,-475846039,-1109113653,-2143919106,117014125
9,6,5,1,10407,-242278629,975923524,1858266237,-1394332444,505532171,-1633377433
10,6,5,1,10407,-1899886781,598872123,861130291,-1763259500,1278640867,516799022
1,7,5,1,10407,413196321,-1665703378,350320828,-1423452940,409993670,68581093
2,7,5,1,10407,2085685991,159291700,175945021,-2085033798,-1736593,1305753409
3,7,5,1,10407,1890477140,307879559,165455457,1364474278,-884594250,1719970949
4,7,5,1,10407,1129435702,1568000822,-1344125447,1183054000,249599981,-181219448
5,7,5,1,10407,-398074162,-1366383174,-959052860,-1680225466,-466535353,1775523022
6,7,5,1,10407,752352113,-1477287415,-80473140,-524135199,1903494127,162312997
7,7,5,1,10407,-1499299594,584587924,-864171194,1176934004,-1337861185,380674225
8,7,5,1,10407,372518751,-784526518,-2117372767,1007643339,1256554427,1702209982
9,7,5,1,10407,-137942153,1869327426,1782220662,985958073,-634528294,-1077811501
10,7,5,1,10407,-1144368139,-2087206111,-1084641543,34765014,145613023,121371072
1,8,5,1,10407,1935756947,1910777018,-158508309,-2046831547,-1130255848,-888785137
2,8,5,1,10407,-1984341264,1636127253,-1549328959,-158125223,364353293,438114289
3,8,5,1,10407,1866305996,1394107163,-1129319057,-788469148,330286064,1236228173
4,8,5,1,10407,-1002788483,877661801,2141616295,452202223,1849412081,-1600362632
5,8,5,1,10407,132704703,1968734922,-959861893,144568991,-694891515,1275833236
6,8,5,1,10407,1810897253,-1818316855,989678394,-491630857,-356198825,-1223369137
7,8,5,1,10407,-1668240366,1083110745,648196633,-1979207692,-840451359,-966029942
8,8,5,1,10407,1438552243,-41620028,-1102352893,-1056602467,-217377745,371022127
9,8,5,1,10407,1322473205,1960141123,1944054395,-501934845,-2101916627,1274291478
10,8,5,1,10407,2127855460,1910779974,-1694017420,-1938550196,220081069,-1169763704
1,9,5,1,10407,-1205809909,811421099,1851954709,-1637601436,466331967,1202516559
2,9,5,1,10407,304743242,1625353201,-481315582,1096308117,-1595085187,-1391974014
3,9,5,1,10407,-1882389419,806486761,-1301807197,485506947,1134990493,-2088401608
4,9,5,1,10407,-257807239,-969506949,1740525674,2083599093,1864530641,-362841594
5,9,5,1,10407,-640292125,939780911,-1045615285,-1540206321,1588525710,335681682
6,9,5,1,10407,1698537797,-34947848,-1768294707,1813855750,1022127326,1468062718
7,9,5,1,10407,2052906723,1240750741,1793120910,1695829236,-1691067465,1491788423
8,9,5,1,10407,-216552298,-228376970,116936571,-17598774,-1825010088,-1740233025
9,9,5,1,10407,-728161170,314340355,-1572154937,-1583457987,1464882884,-746897256
10,9,5,1,10407,-761171066,-565594738,-1441605297,-803562544,-517288550,-1800545364
1,10,5,1,10407,663386180,-231872144,691570748,-975273726,-443768780,569446299
2,10,5,1,10407,-431557923,-275408046,1764783391,-1684439248,-1749244605,1956407706
3,10,5,1,10407,-823980975,-783887237,1473242123,1302304723,2114064734,-1917662661
4,10,5,1,10407,-292988137,2002811009,-1349511061,574122263,1248921021,297546528
5,10,5,1,10407,-1045713183,-370649597,472621888,-1311494782,-401176360,1114432566
6,10,5,1,10407,881091178,-10257235,272809854,904191127,1099333994,1042648183
7,10,5,1,10407,88805048,661194455,576860279,-2129319166,1301321291,1777693935
8,10,5,1,10407,-382743391,178347597,-1768155144,1202477944,1082560812,-634137039
9,10,5,1,10407,547214345,-2004384464,397057093,2004901726,921657000,-321640871
10,10,5,1,10407,-1959724593,858128314,1673735306,-233442888,1513789581,722584728
1,1,0,2,10407,1406272686,1487864713,152464266,-38127521,-903500606,-1957622703
2,1,0,2,10407,1127753258,1203030400,1754884640,-1127726419,187800731,-1030559445
3,1,0,2,10407,-468353557,-732415215,-1477620052,-637755550,-1696775147,1220469837
4,1,0,2,10407,-655137303,1034899647,1283804565,-2062885262,2003470962,561716073
5,1,0,2,10407,-1408988984,-409804300,-1769018021,1199462767,1707859653,565975580
6,1,0,2,10407,1172516210,-1782753654,-1109142796,891926057,1964824298,-404068541
7,1,0,2,10407,1679405893,216390507,-1713335051,-1164423164,-1428175594,1883143277
8,1,0,2,10407,1273812969,-1785316508,-1371782448,793715768,-1458596407,7290381
9,1,0,2,10407,-2037606068,-1764314480,-1382167181,-816459202,119765107,-1974082952
10,1,0,2,10407,-123901369,-192911913,222476814,-179756651,1506263365,1889742876
1,2,0,2,10407,2003335560,-467633347,-1710585837,2071429506,-94147488,609356681
2,2,0,2,10407,2120187657,16938235,1611651387,2140863259,-1206752580,423424315
3,2,0,2,10407,540466841,-2093913308,-239547416,1514765732,286772610,1466723806
4,2,0,2,10407,1645215086,247726188,-1064693732,1541909337,894390391,1823097992
5,2,0,2,10407,-803021258,-971053845,-43764081,-20670273,2006538503,2030327153
6,2,0,2,10407,-243922345,-1971141703,-1836600238,-229254104,-1723321891,-1478289542
7,2,0,2,10407,1617429729,760102398,1044690265,-2053819322,-1410758604,990429196
8,2,0,2,10407,-385238598,-2118659667,-1034979414,1288020897,-1873011534,-162354386
9,2,0,2,10407,-1460896705,651753266,-765295736,1880777325,-1999876661,-666630101
10,2,0,2,10407,-193926016,630180730,-1821658390,763756203,1373291385,962321989
1,3,0,2,10407,294827262,356897256,1618913510,-537544058,-1239111401,849831797
2,3,0,2,10407,-1818169235,195037692,1712050905,1050201573,742813901,918535397
3,3,0,2,10407,-367757874,-1997658901,-1025210916,1180605137,99411540,-441155972
4,3,0,2,10407,-1113396853,-496819726,1972719136,-2023830918,-851540098,157892835
5,3,0,2,10407,670953163,-508611261,397543362,1341349165,233583056,-851965570
6,3,0,2,10407,2113755870,-1750746023,-1187331652,1399280854,-1972621529,-612877467
7,3,0,2,10407,-747411131,-2096096634,-1448351980,602538628,1640334592,2095186341
8,3,0,2,10407,-382670506,-1320126930,-748997779,-1528044651,265520073,187962188
9,3,0,2,10407,-368206746,416377702,-1395764441,717181952,515183160,505018196
10,3,0,2,10407,1401713658,1404212513,-1671154789,627048701,-199101065,-1185095003
1,4,0,2,10407,-1411364196,907154622,-2139336990,2016760837,1594470287,332020403
2,4,0,2,10407,531684303,827560508,1869789500,-1365409916,-2008315363,38371632
3,4,0,2,10407,-1372729698,981540328,1051038577,-609023807,-167025304,-821816944
4,4,0,2,10407,-880820848,-8374520,271008772,-1474739042,-1485844059,-180865817
5,4,0,2,10407,1932221293,-242586698,-101833457,-1498277258,-251637113,669915888
6,4,0,2,10407,676455010,33053412,1437115432,-183425039,-865971582,-224635253
7,4,0,2,10407,689185044,-1831183661,1898082632,1318809917,247570530,-764482456
8,4,0,2,10407,-1005118464,1115464170,-18995525,-166855402,2000204417,578026096
9,4,0,2,10407,-826351734,333190473,-297016119,854797392,-1095452229,1953966034
10,4,0,2,10407,-1929354006,-728712267,-1759932853,-1209480613,-51094475,1509810983
1,5,0,2,10407,1282408356,-2037551340,1629503726,-389567006,-321346505,1548363477
2,5,0,2,10407,183902679,591389745,-540673497,-240613536,1318334398,-1204545833
3,5,0,2,10407,-502685619,396763891,-1590132934,-1768059112,951758318,-255033800
4,5,0,2,10407,306670982,-1992823564,129700670,-1926932812,-1260584684,1642112066
5,5,0,2,10407,215201850,2038724620,-619327571,138832231,1132841847,-191845275
6,5,0,2,10407,1353112019,1407918014,2034462432,451132366,-2049843570,957413902
7,5,0,2,10407,-1401708745,86220905,1470107428,1687179556,-1978305227,-1103886437
8,5,0,2,10407,-931558783,-568852332,-871754986,-1927423016,193146854,-177811259
9,5,0,2,10407,328955367,809482497,-1037709207,1093361598,-78794729,-2080673321
10,5,0,2,10407,1022710727,1185042290,-1751745979,-1749814509,-1594388059,1634797234
1,6,0,2,10407,1948268702,182475121,1737257948,985267592,-716748873,1710313344
2,6,0,2,10407,-905066766,19113294,1961703178,2071181591,-1517690044,412228215
3,6,0,2,10407,786136251,-348013890,-559806547,-1572314581,621695326,-1802521055
4,6,0,2,10407,2135387750,-596648035,171186935,1416440993,1329679192,1629649983
5,6,0,2,10407,162645459,1020111175,1818270130,1693365311,1638644124,-1105674793
6,6,0,2,10407,440007143,47722844,-1694626428,2084627610,-1378332400,-1600629377
7,6,0,2,10407,1295507762,-669283580,728300541,-1492944596,1477670414,1888694371
8,6,0,2,10407,-470179770,-999704718,-483399864,-1882267372,1363989007,-1427706460
9,6,0,2,10407,1682297586,-2110248152,-1904004703,-474254282,1616350176,-241570377
10,6,0,2,10407,477573887,1542632844,-2039559318,-290369188,261952032,-1481707470
1,7,0,2,10407,1733181770,-911377962,1518490265,1600577063,1867157270,-1758723104
2,7,0,2,10407,313195605,-212729759,-454036513,783704658,-746782229,-1026566860
3,7,0,2,10407,2104577327,1084192605,-114872095,321921597,-994265223,853034528
4,7,0,2,10407,-1986095913,596823548,25745080,-649025934,-96554100,-2062553375
5,7,0,2,10407,-199906590,-267616577,376544698,-798602407,998871580,1696680069
6,7,0,2,10407,1032987027,1547378696,-319547771,378274935,899069068,1874350580
7,7,0,2,10407,1986404429,2134412090,1077084959,1941757041,-355001805,320021132
8,7,0,2,10407,1570043474,654622195,1453629181,1525319141,2037859360,-1935799988
9,7,0,2,10407,-89280576,2077538963,-458724315,1345941404,1700963203,1792378507
10,7,0,2,10407,-1658026794,-1676045763,1723144619,-611174676,1421473782,1651040152
1,8,0,2,10407,1453888319,-113013751,2008969171,837964562,361770117,1429984474
2,8,0,2,10407,-842189156,1946576067,-1442981806,1977432730,1807212343,1597961465
3,8,0,2,10407,1243795086,-1844363410,-2042483809,-951709346,935677820,-1306421458
4,8,0,2,10407,-359879682,-311247490,-574387630,396299783,-900949411,1728533388
5,8,0,2,10407,2014491249,1577415369,-587267089,-2141501970,-1530713471,-906376729
6,8,0,2,10407,-795830386,1869688581,-2009147606,-273227837,167562940,-1595193000
7,8,0,2,10407,-1509918998,912292792,-1959700612,940105695,-1892935237,1734365610
8,8,0,2,10407,681259496,2113724278,-1688108910,1490756117,1679492082,1231276733
9,8,0,2,10407,709170555,1148441893,1440870180,-1364756304,-348527694,-1566793916
10,8,0,2,10407,836226915,2103409809,-947540182,1578668113,-2066643604,-708585661
1,9,0,2,10407,638891014,1504874818,732233505,-678946011,841696429,-84093418
2,9,0,2,10407,1512912465,-47301864,873065279,-880417303,-1100054255,100918419
3,9,0,2,10407,-1536008192,-2062494677,1244624999,51072665,-525278070,294930090
4,9,0,2,10407,55829026,2105213600,-1764897008,-1505413043,1099819350,-595846471
5,9,0,2,10407,-1942348456,483998926,890033817,-1775269518,-1980142269,-1563048100
6,9,0,2,10407,1945618017,1685787250,1272798012,1808354172,-536326688,1228451450
7,9,0,2,10407,227634558,-117404632,1142887201,-97446735,1466171278,1773456491
8,9,0,2,10407,-1335129927,-266525294,-411989940,-310885912,-1545968604,1080168624
9,9,0,2,10407,-1742746141,-1074387234,637244072,185423405,607918379,-816695143
10,9,0,2,10407,-1043489348,1495170236,1022071159,-227876870,183074970,838680801
1,10,0,2,10407,361934644,-1270583492,1152430309,1024720627,-2145750467,-1113290062
2,10,0,2,10407,-1697884024,581348255,765330000,228295467,-101751409,1803666183
3,10,0,2,10407,-1953712884,-422634596,-1646888095,-188533070,-1744827799,-1978750210
4,10,0,2,10407,1551744139,-660698195,-256935843,1941226552,1417484001,-1337671675
5,10,0,2,10407,887438442,-1398967553,2016175081,1696105002,1994308296,-553334560
6,10,0,2,10407,1369107650,636144756,-1692529122,717596375,-310135577,-443852868
7,10,0,2,10407,-1094637370,397056315,-379148360,-856418249,910349198,-172120089
8,10,0,2,10407,-1394527991,-956464732,1059744869,-162035338,432246723,1146434962
9,10,0,2,10407,-482884143,1129168789,-288213989,-514949528,-1586731276,255671143
10,10,0,2,10407,624956818,1416811255,-137967250,980848766,-1389422677,798634293
1,1,1,2,10407,1463112312,1265992611,-53404666,724458457,-1327988851,276014248
2,1,1,2,10407,-1162443905,-2028319119,1155170010,1067117324,1757027515,-771140440
3,1,1,2,10407,1716752979,2011014687,1663444584,902777202,-1603747641,-587283121
4,1,1,2,10407,540521785,-1030252990,-1708028516,-1079007776,1279315942,190401673
5,1,1,2,10407,2048613559,-113150305,1216324273,-86331213,1356843014,1059769647
6,1,1,2,10407,-1500568565,1754505061,-417316537,-1735121944,-1458393249,-1853938089
7,1,1,2,10407,-1840911283,14508727,-478261838,2075318689,-1863111979,-1141839523
8,1,1,2,10407,791071854,761205564,-1600474819,-636923449,-1549223177,-342811198
9,1,1,2,10407,-146438544,2077533307,57983874,934635470,-335243888,-1292901547
10,1,1,2,10407,2082748824,-1578288316,-1307355008,547728865,991392061,-1601383047
1,2,1,2,10407,1420009857,9897130,879029914,1952376691,1934171849,-1148462128
2,2,1,2,10407,-336665422,-619974290,-1278599613,291069343,2094512596,-1178575360
3,2,1,2,10407,-695105681,805582289,-784257951,1301993392,-770242221,-1772086290
4,2,1,2,10407,1442386758,-570634238,-1411171105,-1126741922,-2067839111,1062469549
5,2,1,2,10407,1233804762,570193238,-2137534417,255303825,1960321644,-21919745
6,2,1,2,10407,-819688069,-130744002,1827624693,1685227315,-1968376462,1052224844
7,2,1,2,10407,2101790486,947784894,-1204334151,-1696214311,1616946251,1124750746
8,2,1,2,10407,933429705,-339615872,-1659301824,1278597015,-2122016697,-73790834
9,2,1,2,10407,1457640619,-296055369,423154001,-473284024,-1658133753,525143495
10,2,1,2,10407,970713592,1092889540,-148493527,388692259,-248615008,-905165767
1,3,1,2,10407,-1925505176,-683451152,1476957487,501536988,1531572390,-817497504
2,3,1,2,10407,-1896555021,-1979887756,793359617,1190109728,-1509828606,-66462823
3,3,1,2,10407,962804844,-682778364,2030398451,-657948154,1194084920,-1397405991
4,3,1,2,10407,538510774,351932422,1142192604,-672260687,364148747,-738549315
5,3,1,2,10407,-1133664692,939684558,-584195862,63882308,-264931894,245368073
6,3,1,2,10407,-1655062955,1647448044,1088337089,999201874,-745584429,707847902
7,3,1,2,10407,1672248553,246396674,342264818,-292501123,1968921435,-1134819669
8,3,1,2,10407,995722290,-2008612330,-74833422,-746171969,-1311631164,675379436
9,3,1,2,10407,461126499,-776954156,969229656,-473786151,832857243,663948365
10,3,1,2,10407,-76624879,-928104733,-856066235,99237617,-626018290,-871417069
1,4,1,2,10407,502813509,-2107736088,1977614724,-860388031,-1296039542,2047879100
2,4,1,2,10407,1164720277,-286668290,-1940036066,-453124621,616317533,364823691
3,4,1,2,10407,1524405104,377341214,30460290,729312835,653785878,909191712
4,4,1,2,10407,-899813187,2087762969,1522124616,1210312320,274661114,-2014732049
5,4,1,2,10407,-700810807,1206680410,892697553,-309793523,991239292,979495856
6,4,1,2,10407,-525725114,1792115880,508716365,-1163818498,-362320026,-391143449
7,4,1,2,10407,-1318104178,-1371094415,-21854266,-1302373009,-531642835,140742005
8,4,1,2,10407,-365333490,156359600,-1332461670,-293777144,-813011721,250925684
9,4,1,2,10407,1652685341,-770442326,-2040706473,689189541,517781486,1263856858
10,4,1,2,10407,175593416,1202379301,1863391188,-1382253350,1814671765,1880024597
1,5,1,2,10407,-76434652,-493652688,-1443167233,-1918603105,-380266310,-480308006
2,5,1,2,10407,379125089,-1796125101,1740063542,1475340589,-712801509,837308339
3,5,1,2,10407,1681052870,1098781838,639376884,1976763311,-1406438582,1999114169
4,5,1,2,10407,-206775980,-33962227,1885679729,-1668459342,1399156339,642130066
5,5,1,2,10407,2119878843,-2089979485,42456537,861707331,-475666128,2052509071
6,5,1,2,10407,309109365,-1785550542,-891422972,-84258355,1469153069,-1113545177
7,5,1,2,10407,1762630124,-1940883003,1930425833,-584233855,-248809454,-1782756914
8,5,1,2,10407,-52568103,416850270,1613562233,403674221,1646056939,-1607338987
9,5,1,2,10407,2081377706,2013880790,-1461629122,-1997939353,474317266,-416171488
10,5,1,2,10407,-1203100836,1135454982,1343504073,1464783860,366864818,1452706983
1,6,1,2,10407,166279343,4905733,-1764827528,-663538298,1705424433,796436100
2,6,1,2,10407,713403248,1615348394,-1234274921,-1567520039,625985107,-1919538147
3,6,1,2,10407,1098482481,827009536,228044795,-223995076,-1901020263,-1875723936
4,6,1,2,10407,-412028160,-359811554,1902201633,-2100844182,-468474433,-1345005751
5,6,1,2,10407,1507924933,-523338649,585748126,-780701211,1568640842,-348255254
6,6,1,2,10407,-470385372,1764156447,-201481967,-1563108568,-1505050397,1807531285
7,6,1,2,10407,1185998638,-1820624945,1964554663,-381441376,1564839053,1497236353
8,6,1,2,10407,-1909298930,1723092676,-462076988,1906065564,1234162836,1223492872
9,6,1,2,10407,-364309914,489993368,566842401,-848373649,-406459750,-115766776
10,6,1,2,10407,-415689543,-1490282305,1721099365,152270863,268892766,-349249220
1,7,1,2,10407,-347807508,-256914384,495909949,2001405548,-2091944925,-581626033
2,7,1,2,10407,1135608327,-626376784,2014067883,-236655617,-315223369,1907676829
3,7,1,2,10407,-889157481,-94599573,-1870692838,1015107529,1848678702,-1967803235
4,7,1,2,10407,815557401,-1571035232,-1753167874,-319574366,2014401350,-929405533
5,7,1,2,10407,-563698841,1840665858,672504646,1996099563,1843385340,-1103212298
6,7,1,2,10407,594114613,543215870,-1712518107,1173471473,1454323746,832686140
7,7,1,2,10407,1898787512,-456976085,-285039402,263578632,-1191310775,-1348874637
8,7,1,2,10407,-1630055425,-1788945910,1955974143,1915913193,-1575575146,1131971569
9,7,1,2,10407,499785689,-983402115,1885215672,1252260733,-1281297750,-1263271263
10,7,1,2,10407,-79700526,338688389,1253642927,734843339,249296756,-1437683084
1,8,1,2,10407,1638219464,-1220666111,-271515172,1618772331,2141836622,-1877928798
2,8,1,2,10407,-1458131076,272080660,1579028241,1945747468,902242763,-119838709
3,8,1,2,10407,1157380578,1371408403,-10410667,-1117899266,190302572,795727531
4,8,1,2,10407,1361734890,-1383250624,2135897763,1363305273,-1418825717,971071258
5,8,1,2,10407,-454084182,-1792135478,-311015875,1226292051,122973968,-1559148895
6,8,1,2,10407,-441156599,1978404297,-1929127865,-466282534,-303791794,-423200612
7,8,1,2,10407,619554032,-1966523661,-1587716878,-1577748826,-1423636928,1269361078
8,8,1,2,10407,613852886,-1367967443,1038478904,768898589,1293562861,70568984
9,8,1,2,10407,1316922670,-577229554,-606166459,51717843,-1556295421,-1063319367
10,8,1,2,10407,-349401369,1238869613,-249788345,1180828830,1820305093,744611389
1,9,1,2,10407,1569126486,1137522021,-1454687600,147964729,742755891,1609679289
2,9,1,2,10407,2012624057,1137611995,-281701394,-1923761486,-351303902,-1571999500
3,9,1,2,10407,-360956330,-553404282,-858020191,1530282175,1904143142,-1665818163
4,9,1,2,10407,1714428885,-1272106961,1998809929,516673188,-553948299,-697540533
5,9,1,2,10407,1533700914,1314307881,-1153385194,-320171585,-183304076,-1967853695
6,9,1,2,10407,2077929056,-564039662,58225881,-1126475614,1589412501,-1068809403
7,9,1,2,10407,-625592450,1065178723,-2140550937,-271504150,-2131905337,37837995
8,9,1,2,10407,1365251078,237351811,1877823557,1856714823,113803861,952860403
9,9,1,2,10407,-1289833841,63414273,1174371979,-175855530,-959243423,467636026
10,9,1,2,10407,-259570218,1916196609,87457394,1170318793,614458547,715703932
1,10,1,2,10407,387928579,338780289,1539933430,-1500857228,1384646123,-1280358558
2,10,1,2,10407,743853727,2068522976,1874550916,1095838813,377599997,18796395
3,10,1,2,10407,742745318,-1176713620,-415425530,545489647,-556741112,2024281500
4,10,1,2,10407,1549914994,892408249,5746875,496581688,-1596423007,-159114161
5,10,1,2,10407,344238856,-1186503414,1672015863,-1063872155,910772118,-1197115903
6,10,1,2,10407,-1372971488,1269203610,1933071265,1387908182,180516062,-1587162968
7,10,1,2,10407,-1648251929,-666936461,1056440085,-1130330124,245056279,470694051
8,10,1,2,10407,532573777,-405176045,-1254819747,-100949810,-838504953,1510819234
9,10,1,2,10407,1770537480,-558905721,863756341,-1907207046,-161274123,-838455923
10,10,1,2,10407,2055032796,-648622144,-646384968,-1712009793,-1903381402,-1421297266
1,1,2,2,10407,873439829,-560471536,-247461988,168980435,567855643,1626066902
2,1,2,2,10407,799290534,-1715244932,-191847626,484369065,-1217187955,1605813265
3,1,2,2,10407,704561355,1801623918,1804593251,-1775003264,537426585,-629421478
4,1,2,2,10407,1658079554,366501578,1018780626,1277455628,1164503788,-1173566370
5,1,2,2,10407,1961780266,1517104685,1626573759,-584200652,-760671697,993997322
6,1,2,2,10407,-445951446,-333483198,1095491507,-1028890424,1069580987,811483217
7,1,2,2,10407,2007285189,-1381629544,-2136183746,801283017,-1462933726,395803020
8,1,2,2,10407,516788059,1717120481,588593206,1459210010,-554085070,-1735910999
9,1,2,2,10407,-1884710742,1232313916,886864723,-252494652,-188040812,-1408676772
10,1,2,2,10407,-131882671,-951774495,-476316545,1877976513,-2119376590,-1491259247
1,2,2,2,10407,-494715777,-1663611340,-541116097,-1181187209,756978058,-1537180456
2,2,2,2,10407,-519733440,1184174278,671037430,147858253,-169601545,-8404292
3,2,2,2,10407,1654322105,1167326816,-1220222062,-1043353229,183231402,-616778429
4,2,2,2,10407,1154649867,-1409283185,-1899856493,1794831286,-605643413,-1547915870
5,2,2,2,10407,1262738305,-731732097,665851290,2066431939,1183847769,1358113348
6,2,2,2,10407,-454977031,-1419626850,537710368,-195966974,2012073212,1919698361
7,2,2,2,10407,-1064643169,-1687961601,1859803030,-2141273939,1749300412,-789527323
8,2,2,2,10407,1108722111,-959129958,-527645318,1314036117,949121037,-1445409718
9,2,2,2,10407,-1742494361,1788281863,-743139616,566799380,-538517416,1835637597
10,2,2,2,10407,2134989922,1995087678,371782345,-1074035105,593550294,-898764720
1,3,2,2,10407,1054479249,-249911162,1978893637,1111897685,-909035304,991285247
2,3,2,2,10407,-2081742977,-377437958,-651781040,720102057,-1774284663,242037314
3,3,2,2,10407,-161319963,-1380813122,1593991938,1869324786,-1726933660,311572651
4,3,2,2,10407,1918744785,-2081753386,875001174,1670424704,1771704453,1772025416
5,3,2,2,10407,1326594530,2092176706,1121522796,1535947890,-433416824,-1782478473
6,3,2,2,10407,-631511931,-128261456,839839338,542340947,-926456751,-155492924
7,3,2,2,10407,-489601399,872314405,663555602,-1483021721,-201374579,1528297530
8,3,2,2,10407,1327946753,47470745,-2131038503,-244187060,1783005224,-678915411
9,3,2,2,10407,1485426072,1650746231,-76343078,-905918302,1948677930,1836408226
10,3,2,2,10407,647163650,1517423628,-1945527350,1286022543,1478871769,-1144000464
1,4,2,2,10407,-1341544940,531913294,579387375,-642742113,171260081,-618729772
2,4,2,2,10407,-1187291659,-162803660,-147331707,-556609439,118756553,-977998610
3,4,2,2,10407,-606117789,-1172251144,257412280,-802476571,493054348,-1869462507
4,4,2,2,10407,1567397125,376062408,-618978378,-59072439,327946263,-638391334
5,4,2,2,10407,1182015612,-1825910616,-543049368,755007712,-2069505338,-1595784291
6,4,2,2,10407,-504196981,1659061652,1307015785,895787085,1000299910,-863566674
7,4,2,2,10407,-1492587353,-1971813855,947503004,-931661931,845419471,1626848185
8,4,2,2,10407,626908501,1016827399,-634967352,-718773899,2042092668,-1513926097
9,4,2,2,10407,612901849,1963831047,-290546000,-1452472168,864933434,275195506
10,4,2,2,10407,-848564946,42560161,601798794,948231850,-382848960,-261827530
1,5,2,2,10407,-1623470864,442863562,733643065,312930815,1098901917,522860247
2,5,2,2,10407,-1482871459,1261496296,-466525231,-1511848031,1795236649,508827561
3,5,2,2,10407,1788723099,1898576249,2028711975,-1456371829,-849303320,-1450060080
4,5,2,2,10407,-1997388456,1157743801,-1622491121,-218945097,577813611,-1738486099
5,5,2,2,10407,-1373689591,-1058480684,1667930471,825689864,-1912133132,1522166195
6,5,2,2,10407,905495378,138173870,-1922901669,1244804283,294801580,436873866
7,5,2,2,10407,-2054475333,1802194358,-705386966,-2053638456,-759604755,-19024949
8,5,2,2,10407,1985952270,599733987,975936950,-1460517406,1216383990,-1315458158
9,5,2,2,10407,1118207459,137833690,771830548,1212239240,-1709364787,-968392481
10,5,2,2,10407,1210596009,725877080,121701484,-1873018152,-304752410,1930486174
1,6,2,2,10407,1401059686,1318206749,639215581,237659677,-1574843544,1412105465
2,6,2,2,10407,-1528173450,-525109036,1193181266,-563748578,-2129163265,-911068249
3,6,2,2,10407,1304867459,-1156705992,61938574,-1108164341,-1996720,-594773832
4,6,2,2,10407,-1491088306,1864691739,-1093136120,1215124845,1408960394,-1121095931
5,6,2,2,10407,-1872950008,-658427323,1969351244,714454108,461749726,-1122238106
6,6,2,2,10407,-263133793,-373573323,-1732742750,-582002869,1598629750,-985256858
7,6,2,2,10407,1812431505,-260137780,-451299846,-1572052013,2059905108,1115511336
8,6,2,2,10407,494878114,1054248870,-816960709,-1974883755,739207951,-1333907704
9,6,2,2,10407,-629815880,728214542,-141755051,1703292937,-1008707566,-1542252575
10,6,2,2,10407,-1357927190,1185037214,512771160,-987628276,491918126,1522497521
1,7,2,2,10407,-321498932,-738508858,-7826112,-997269348,-1790120022,-738258019
2,7,2,2,10407,1383930048,1092519091,1246887755,-150198686,2067968004,732799363
3,7,2,2,10407,1687788668,-2011446532,-510791653,-1022572352,584172133,2072981203
4,7,2,2,10407,1344602322,-2037746433,2011929223,-1222952225,79236664,-128327992
5,7,2,2,10407,1012656498,1760943104,1492160505,-392593788,-1034629368,1572002095
6,7,2,2,10407,-1497085558,1859588230,792062321,821504840,1383067697,-1197524410
7,7,2,2,10407,155031488,-1452239882,-1924853375,-1037227118,-965701159,1650578892
8,7,2,2,10407,1672309466,-686302445,1370792707,1646085252,-342360721,-1428101870
9,7,2,2,10407,-1382151021,274746060,564053733,-701445269,813894944,1162690474
10,7,2,2,10407,369815501,-867231444,-2126256083,1861850979,-1678323354,607411024
1,8,2,2,10407,1598132077,864242666,1745054267,416717758,1120900144,-1196092248
2,8,2,2,10407,-1760257846,200116168,-1624748304,-1876516479,-633074068,825653710
3,8,2,2,10407,1813301138,-1411425126,658353997,-1837345918,-1782726953,-725531639
4,8,2,2,10407,1730964734,80767401,1540790604,-421951654,-492548378,-1081227377
5,8,2,2,10407,1829197234,247989277,1128872617,1434637237,-412338886,-1485886092
6,8,2,2,10407,1752151813,1978919403,-103273704,-797570026,213119401,-798698570
7,8,2,2,10407,296997911,877806596,173013157,-1397300224,1057739109,236391478
8,8,2,2,10407,-1009640852,-326659544,-823415152,-1415268772,1187721240,-40013200
9,8,2,2,10407,-1526364482,275399308,-1501813616,-1641598412,-248722831,1249972156
10,8,2,2,10407,1758501498,26105410,585368673,-181372349,-250649842,-14603657
1,9,2,2,10407,1514069278,-924321363,1424785284,-650140479,1205790671,785510036
2,9,2,2,10407,682215624,1051624685,-2136380019,301530963,2037695228,300478155
3,9,2,2,10407,237168569,1124657296,-1121548603,1619366196,-896770053,1400665559
4,9,2,2,10407,498908362,1631665995,-1933057415,1225127186,448606528,1965193592
5,9,2,2,10407,-623672456,-1271993049,1360815715,-2015105680,76416494,-983134326
6,9,2,2,10407,476215467,-2036895325,-1796701832,1847288736,1565096567,-1823977424
7,9,2,2,10407,1485979348,1199592699,-280021613,-2039326430,659576460,-716221589
8,9,2,2,10407,805008501,-396122020,1853272846,1438589552,-919526380,1169508762
9,9,2,2,10407,-1525619871,-200511420,-1916514655,1661877645,-332326696,-871772288
10,9,2,2,10407,1419404349,-1186272559,-1146295414,1550322635,541759327,-1584663000
1,10,2,2,10407,-2051864537,1113565746,-321518194,1010744328,330000861,1202869370
2,10,2,2,10407,-1090761191,1786307864,-943938903,1730581934,-1195354763,-1611502919
3,10,2,2,10407,-1991678484,1973381421,-1479595934,1594275661,-533842866,462062761
4,10,2,2,10407,559252849,517166679,1806681923,-726454050,583221560,-777764459
5,10,2,2,10407,1507520240,-1862104626,-2044145640,1683523165,-63248705,672622586
6,10,2,2,10407,-1987070117,-121696275,1304128941,-1455763917,1083108913,1124733356
7,10,2,2,10407,58733976,-917723474,-1162567328,-1143918572,-155886186,896396907
8,10,2,2,10407,1518767435,749412051,1304347338,217043629,-603785258,1083794806
9,10,2,2,10407,-2093540221,797941960,-245235900,-833456613,-1831108575,583803513
10,10,2,2,10407,1417307273,-858248888,1353959809,334418840,1115173480,-944618145
1,1,3,2,10407,7409721,535551391,247768495,-1518209679,-1908311997,761859860
2,1,3,2,10407,165773391,-839016139,-266115596,-388341399,117566586,-1884781569
3,1,3,2,10407,1012287380,500626406,-1438577525,715946663,1230442983,-1029002999
4,1,3,2,10407,-1062669237,-194725553,1798808998,718611583,-1915736166,622289755
5,1,3,2,10407,-890272396,-450495131,2014204198,1438890309,-95980598,-1595494397
6,1,3,2,10407,1595586568,47487573,732499279,1079251961,1321182223,-1737177476
7,1,3,2,10407,24755332,-167093436,1911268564,-894517281,-2002933712,-1441073632
8,1,3,2,10407,-1372011305,-548031625,-1233039725,-211141049,982420129,515774387
9,1,3,2,10407,1684123642,425806560,1904387280,-592640387,-1081781812,-629613665
10,1,3,2,10407,1139783575,-1171367008,1531162622,752368847,-773527773,-2038921520
1,2,3,2,10407,1381050895,-568750643,1448368572,-1051633626,982564203,-1804637836
2,2,3,2,10407,-1407336787,1343266862,1575561394,-1975311605,-1464693348,-2032871634
3,2,3,2,10407,-559170359,-1014036958,1447276247,-1095487247,-1374141895,-1808361407
4,2,3,2,10407,618692736,491584287,44275361,-1822492886,-1023628299,-1263476778
5,2,3,2,10407,-984727964,1184234451,316671099,48213983,-1628284770,-853613865
6,2,3,2,10407,1258496561,524226633,-1539997425,173251638,-194885655,-1525492577
7,2,3,2,10407,2112410063,-1545081334,1650121755,1589116937,-1829770437,2134753861
8,2,3,2,10407,649703829,-1923410667,1379295215,309710080,-2136198669,-165160680
9,2,3,2,10407,780105692,1974688703,-667235401,-433125985,-1744833499,-222258603
10,2,3,2,10407,-1315547841,-1220175316,1023277199,1674777185,-1646585144,143691570
1,3,3,2,10407,814521340,1808238851,-1468108924,13680704,-884401305,-180940623
2,3,3,2,10407,1768446938,-600382348,-1555004696,1831590344,1157434336,1694138432
3,3,3,2,10407,1245034105,-186331393,166207480,-508880809,-1126745932,1580537514
4,3,3,2,10407,779138218,1955703751,198985450,55316789,-442424541,480241883
5,3,3,2,10407,-2016107361,-196416357,-1974172432,-1454440235,160293603,1568335039
6,3,3,2,10407,1429590610,471357551,-646825612,711176665,-826911735,63743553
7,3,3,2,10407,-1661035502,81218739,1387458887,1444215372,254682744,-1658049459
8,3,3,2,10407,-852526090,-248819776,-353120216,2043936710,1820871866,-1216268903
9,3,3,2,10407,-1374426023,985519188,2034809664,875178386,135993002,123929874
10,3,3,2,10407,-1293820124,416919898,-548648413,-978384686,271562289,1700877454
1,4,3,2,10407,837942323,-1760976863,-1574388771,-2078429602,1320268834,-227480159
2,4,3,2,10407,1301280325,1369314525,1723539913,-1956691321,185139497,-1715291256
3,4,3,2,10407,2000438162,1497597715,1443242117,-1383286716,-1212871480,-566598302
4,4,3,2,10407,1118540245,-2118409744,-1894464852,1925431579,411712196,524157143
5,4,3,2,10407,261158718,1868480348,827758812,742268198,-35170772,1500746867
6,4,3,2,10407,-308645844,1352610370,-542214974,416019039,1692472454,-619761982
7,4,3,2,10407,-944872378,-393389910,-1792013702,562487028,-1889351419,-1448161292
8,4,3,2,10407,-1192638445,-1988294928,-1691954551,-1550187017,1234600748,-543626495
9,4,3,2,10407,1676715517,-150074704,1201710649,387246849,-1562976153,454340537
10,4,3,2,10407,-76805054,559193981,-218538205,-261795475,-190524966,1719653427
1,5,3,2,10407,1508938712,-296772247,395284429,-1962408695,646497142,-634834875
2,5,3,2,10407,-95456224,-958168388,-889836699,1676400863,-1360407232,-367313797
3,5,3,2,10407,-1258159997,2045390027,668688974,-671873855,-1797136991,1127400689
4,5,3,2,10407,1278182429,1801446752,-1997537972,1928185065,-1049322331,-878384702
5,5,3,2,10407,-398659368,-1134575899,1849406305,330766536,-253323483,-1272347514
6,5,3,2,10407,764386007,1760682400,-1047967936,-1783257613,846070327,683855900
7,5,3,2,10407,-371316001,911863383,357332397,-1481499523,886965535,-2071976021
8,5,3,2,10407,-937299064,890712829,1976225048,-1666399793,-1943901253,1559588581
9,5,3,2,10407,-1886558582,-1483223045,-1285392662,1717438080,117458853,1455487697
10,5,3,2,10407,799884159,2023770325,1668248971,756334258,-1379015600,1783473029
1,6,3,2,10407,89041365,1927419090,164517334,1329902213,-393831255,1584211048
2,6,3,2,10407,-1352781487,1860113388,958444302,-1416471307,-1120005236,2127518813
3,6,3,2,10407,1262713525,-1195870518,-1587645604,370628312,960496496,202018447
4,6,3,2,10407,-1727629749,-1937077951,-703870517,-1225661651,366700465,963441911
5,6,3,2,10407,-765611074,-1468400873,-911412659,1149759293,307105388,-1957452306
6,6,3,2,10407,-1813235716,553220220,-685713255,-140941981,-2131768231,-1842939026
7,6,3,2,10407,643193117,1707386770,1947709757,1329311371,98434560,-1332687867
8,6,3,2,10407,-687977029,301704940,608404977,1368987526,-1079171464,-450384175
9,6,3,2,10407,-1931810536,-1948123635,1549943193,312184716,609128990,1866455015
10,6,3,2,10407,-17761818,2347705,316894265,1303923838,-245425575,-1381627029
1,7,3,2,10407,574471541,-1345826433,354107415,1323698747,405616805,-315533666
2,7,3,2,10407,-1809668031,327309253,-1824414663,1358716156,451779309,-685001287
3,7,3,2,10407,-11215436,1693768106,2122865362,2030497273,462550787,-241151854
4,7,3,2,10407,206242859,-181420998,584524658,-531812628,986690970,741999136
5,7,3,2,10407,997937857,1878890573,576560617,5664130,-613204268,1520409089
6,7,3,2,10407,-1411403467,-488909625,1755478866,-1248201957,-416843671,-1096446393
7,7,3,2,10407,-1634415374,1560212437,-1890101547,1850779271,-308417378,-2078621520
8,7,3,2,10407,-1622556581,942054546,1041110796,-1635055728,971455120,-101308643
9,7,3,2,10407,1379753287,-1756314494,1085016340,1288737905,-906145757,-59117867
10,7,3,2,10407,-1889328599,134475866,867643005,2064624785,-233513761,691873102
1,8,3,2,10407,1441247441,1730137529,482295116,-972787621,1869792327,-1546686597
2,8,3,2,10407,1008042266,-503433395,1576815323,1951390292,1634239040,724029656
3,8,3,2,10407,2028515999,-1852157861,-954987091,1074824024,-448273609,-615628770
4,8,3,2,10407,867854021,-1586741312,-2071082916,1550340564,-974853871,1292734762
5,8,3,2,10407,1015127684,1389923355,-1564881867,1518703132,446187704,1062750306
6,8,3,2,10407,-1314765133,-1059745957,1684942212,-1123061922,-2141059020,1636606707
7,8,3,2,10407,-1245438367,-1958792101,855356198,1498512035,198063716,2141912073
8,8,3,2,10407,424369413,-1882428208,-684575382,2032071982,-1256250072,-672803931
9,8,3,2,10407,2002792688,-58225220,-961562321,-1119771632,-565337677,426230754
10,8,3,2,10407,65068596,1677458348,487323540,-1215282595,1108919684,2008863110
1,9,3,2,10407,226270340,-869515552,-1452820162,-103927516,-425929826,1179782720
2,9,3,2,10407,-438094715,549067785,525311488,-101928834,310627964,-1053178746
3,9,3,2,10407,-423960728,-90768639,286806128,69982141,-1101425146,-1866680714
4,9,3,2,10407,-1497693489,579684504,-974389176,-2127682552,-566036350,4757884
5,9,3,2,10407,1909850941,-1633265374,-1213868534,1470785625,241987701,533045226
6,9,3,2,10407,1810211060,-560747383,-512212417,151254494,-2005045925,276568744
7,9,3,2,10407,1074588045,756387610,-929275014,1084353746,643961639,-254413227
8,9,3,2,10407,-423263882,1660818170,2009762116,1102424728,1121583537,939510836
9,9,3,2,10407,1055311077,1176047523,-734871697,1553054892,1459347502,102456115
10,9,3,2,10407,1392006723,1099789243,-1279827710,2022086826,-847526504,-624793594
1,10,3,2,10407,-130190077,-1050394884,1040570430,-521998278,1030333731,1138698470
2,10,3,2,10407,-366208040,-177037564,-1154016060,278240732,798450031,243661446
3,10,3,2,10407,-1411811745,-1866065736,702075663,497991564,-850934806,-1110321956
4,10,3,2,10407,1995500443,1465278979,-1694157243,1980861496,-1594004853,-80689797
5,10,3,2,10407,-1948988200,-425805145,570652683,-184581795,-1890152254,-2023388736
6,10,3,2,10407,1082858167,785486621,-1954148080,-1512509298,-1898441092,-799508784
7,10,3,2,10407,-323881036,-292788798,687634010,1554407025,-1017844466,361041139
8,10,3,2,10407,-1063835221,-2052547357,955629352,-969487485,-1522836362,1769522883
9,10,3,2,10407,2055164129,2102766379,-1621582722,411578100,779782365,-437130746
10,10,3,2,10407,1048554636,1581463834,-162327532,-1760409454,-716441003,2000448557
1,1,4,2,10407,-223405528,1998308744,796955621,1358417787,1573120229,1471246169
2,1,4,2,10407,-1259699159,-1953597008,1453449949,265354301,461702532,1544877936
3,1,4,2,10407,70251350,443214517,-581063907,-1211735843,1825701288,-127545376
4,1,4,2,10407,-439531513,1318480120,1525771697,-838302182,-755520895,668159567
5,1,4,2,10407,2139588596,-532778584,-1674025854,-1006900338,-220370409,-1170203676
6,1,4,2,10407,-571974286,-588087401,-809099406,-1562454673,-1973166130,-871397716
7,1,4,2,10407,1308780608,-1249863012,708418469,1625696042,-1778430335,-251007466
8,1,4,2,10407,1832676982,-722674056,1773447318,1460224755,1340282879,739530968
9,1,4,2,10407,297112770,459140098,620117712,2024646144,66335570,-1561403673
10,1,4,2,10407,-1754792722,-887207504,-1506425962,436338628,1577708441,721433964
1,2,4,2,10407,-1314298713,1498652963,176461863,-16607633,-1399396923,-1877567670
2,2,4,2,10407,-313153076,1579881792,-329788081,-207645998,-1959323738,-1251174734
3,2,4,2,10407,-324171688,801119373,-732211338,832536362,-2032241098,394665188
4,2,4,2,10407,-128054528,1190837887,-1237957294,1404835287,-1775720613,1879071682
5,2,4,2,10407,956074843,-255944156,2035346788,-2048135445,1742430635,1832235848
6,2,4,2,10407,673843191,-300243825,-612711022,692366995,-396610148,455351479
7,2,4,2,10407,-278536795,750907722,-309743429,-1994383888,-1524848829,-1333752729
8,2,4,2,10407,1273429038,175708682,-845831890,-369450736,-1205329706,-1901400045
9,2,4,2,10407,1625562083,33509269,-1771012940,2065684901,534761687,-32660961
10,2,4,2,10407,1327402060,1445003973,382927019,-384408284,-1970778917,-732019209
1,3,4,2,10407,25954384,-1427487309,-1850766514,-1521616381,341137165,-588236955
2,3,4,2,10407,450083799,805543247,576672986,-1114662319,-713764260,437087053
3,3,4,2,10407,736541090,1207297098,-23856472,1344357446,-1547486703,-643833083
4,3,4,2,10407,72890985,-429098558,1081603392,-1925523196,-1110861958,1585215608
5,3,4,2,10407,1589976906,1434403076,-980955778,1780529946,1712469235,1145982587
6,3,4,2,10407,-1123074517,-1476367083,1732526431,-924521814,502329636,-65120785
7,3,4,2,10407,618557496,1610544755,-137438169,1307064648,-1608203391,-912952816
8,3,4,2,10407,589677589,147662886,-1724853426,-778252410,-1920927843,473720220
9,3,4,2,10407,-769758058,131181997,-1369997115,-22085293,-909160241,413131618
10,3,4,2,10407,1384889727,775463235,332417702,1564116511,540134721,2121181016
1,4,4,2,10407,-1038927430,-778230526,-1400761799,1276554704,-591737744,462685962
2,4,4,2,10407,-786957053,1929667098,1041694655,889569006,-1989234010,1728174699
3,4,4,2,10407,-1152579056,-197215807,-2076414023,635466260,-122060877,1573896392
4,4,4,2,10407,824541230,1499270229,-1806491914,785091140,1425216980,961578878
5,4,4,2,10407,-449766360,-1234827272,-668728953,-1673259814,-1728332149,1243518149
6,4,4,2,10407,-2074280936,1742592361,1527455907,-1617558551,151669580,-1223568793
7,4,4,2,10407,-1807621932,1285003276,1575068887,-834524669,379504142,1312787057
8,4,4,2,10407,-1876247537,-1394332792,-1482051516,-2046614748,-1666326762,-1773176836
9,4,4,2,10407,186465150,172508540,208043016,-434629603,-1277787568,-1553148739
10,4,4,2,10407,-674770012,660858342,1060106978,-584877254,510679937,-2022038401
1,5,4,2,10407,286543501,1332762467,829387371,338748872,-59806557,-427529517
2,5,4,2,10407,-756888941,-252127191,2093165017,-1710781100,2052173723,-1972829510
3,5,4,2,10407,-1740062538,2043405251,-658577140,-1925402402,-821962260,-159976893
4,5,4,2,10407,-499838356,-65039988,1857559993,1532109409,-776974032,483677254
5,5,4,2,10407,-301975093,187223780,1123024734,1074909160,-899002665,-1973994779
6,5,4,2,10407,37671295,1264799014,717328141,1788654929,1317980140,-1334542412
7,5,4,2,10407,-1913346197,-1019193188,-1399764340,-763655517,1058036434,-98668079
8,5,4,2,10407,1814742991,-167539793,1629535806,-1320925415,458219600,-1173067899
9,5,4,2,10407,725404622,-1077358294,89042660,-164424189,-1275912890,512018020
10,5,4,2,10407,1205362845,817413888,226768292,-77423895,606217942,1687923673
1,6,4,2,10407,2083799750,-1780663550,-723806598,684591255,-1319076878,-569825869
2,6,4,2,10407,-2131899758,1608572837,1429735104,564468579,-527208825,-18237913
3,6,4,2,10407,797603366,-1785294475,-1445534695,333466583,1840497501,-1283092347
4,6,4,2,10407,-76449475,-752448958,-1042920465,1596902185,-934771378,-1132130895
5,6,4,2,10407,1539371032,-1882928230,-1444003135,1856086708,973305245,1879257874
6,6,4,2,10407,-896293350,-878179280,-1253653273,-1272764273,-630117061,1368160059
7,6,4,2,10407,-1534682829,53312336,-1712793218,1687556943,1464036215,-330724379
8,6,4,2,10407,-730057061,-1144620459,895691327,962376050,2012751048,1991919331
9,6,4,2,10407,1307039072,-567586279,-1968455189,-980534374,457336549,2135439189
10,6,4,2,10407,-1357683250,1864920971,-714361964,120147460,-1698663922,-432463250
1,7,4,2,10407,-1897662463,618406245,-1770460964,-2129047366,-864663051,-1422856422
2,7,4,2,10407,-1763964572,237809798,-202113011,1118113225,1468323128,1289777389
3,7,4,2,10407,2078439906,1669992922,839332401,-2103795860,-1154358698,1301917200
4,7,4,2,10407,215965186,2103890245,1904436764,1928791144,-186146244,594508282
5,7,4,2,10407,1572627998,725974659,104556535,-854950580,-1959447772,-2012908043
6,7,4,2,10407,-272083507,-657029459,-966303486,-2057987948,-1048243087,-1431739074
7,7,4,2,10407,-2050596538,1804204758,-1191515992,1084491227,641930539,-1657877542
8,7,4,2,10407,-588901776,1047173084,-2004843467,-2004848613,-220175176,-1666407095
9,7,4,2,10407,-876360262,1444509347,-337062226,-1557732313,1685117979,-1181037169
10,7,4,2,10407,1888996189,244295322,549922395,917068805,2086850694,-1071283054
1,8,4,2,10407,-639066863,1554480725,146700430,477751560,1154925312,-1857369121
2,8,4,2,10407,2050258213,-1440081496,-1009188024,-612379065,-1565621664,-491077415
3,8,4,2,10407,681162105,-1692702975,1975865405,1668386379,1176402861,2003068561
4,8,4,2,10407,-479011004,-1880045900,2103268476,658737744,-1153280664,108960784
5,8,4,2,10407,1353951919,-1036769129,-1139307804,1571835695,-171369806,-1148638414
6,8,4,2,10407,128330087,235039020,1264429470,-1739277242,1259623143,1808872596
7,8,4,2,10407,-1872776810,2119654588,-1079563096,-844699941,2031473171,-356596089
8,8,4,2,10407,941523184,2089877222,2117654405,2057007550,-1027377678,-445400386
9,8,4,2,10407,1776546446,1412504274,25952019,-521749679,-2143788289,-1087923256
10,8,4,2,10407,-114974194,-1672815134,-391761927,-1817737555,-1166506785,852497913
1,9,4,2,10407,185873889,-120799662,1801416300,-597694061,-905633780,328558707
2,9,4,2,10407,1956644635,-837350929,444226734,-628459011,611945639,-1260480733
3,9,4,2,10407,1615010756,-1256109869,27331593,1014800430,474835370,663345789
4,9,4,2,10407,1632879984,1059065853,-1600654960,-1388826771,-418170848,419663216
5,9,4,2,10407,1098594973,-1510273493,741247266,1848831902,578192309,561068404
6,9,4,2,10407,1786783732,1830824984,-1949367687,940909814,-1995837017,205569402
7,9,4,2,10407,-665698045,-83050360,344681010,841758161,637653812,472542442
8,9,4,2,10407,-376472446,-1988388804,188956408,-1710741552,-861740485,600206378
9,9,4,2,10407,-1718611863,-736282694,-1035565993,456205265,-1269410891,57164127
10,9,4,2,10407,-951544922,539896154,1267950793,166647937,852804098,-74871439
1,10,4,2,10407,1388427047,356826564,1717755174,2084237334,1775204551,911334177
2,10,4,2,10407,419634999,-429731724,-1032811384,257380236,926362948,1469440438
3,10,4,2,10407,-1378208456,-1167900927,-1178280607,-35633531,260003667,2039756997
4,10,4,2,10407,450248557,-743911641,-777588305,110513039,-1273243018,1798200721
5,10,4,2,10407,1578799464,-184885353,2010894999,641024709,-1796268435,-2033705355
6,10,4,2,10407,1750873033,1126574842,1227612037,900001072,1386296026,-427172524
7,10,4,2,10407,-372080587,1253188403,-552402751,803925432,-195576410,1343009843
8,10,4,2,10407,-625577475,1736069426,550406998,-1171979051,190262283,-1398248067
9,10,4,2,10407,658347820,336813950,-437103422,-1923355191,697724593,1933242667
10,10,4,2,10407,329938727,637224778,2118916440,1388365641,1660043732,-1753577630
1,1,5,2,10407,-694004654,149739387,-613256178,-295461938,-110632599,1106032237
2,1,5,2,10407,-1075334188,-1986847373,-3909205,-1115358629,-1942908754,-1127563215
3,1,5,2,10407,-958918608,-1249105611,445887380,-930837220,-700029669,712355895
4,1,5,2,10407,346875154,-166981274,226149252,-320847049,-1149369368,1944099352
5,1,5,2,10407,283244321,1012365028,-1200951535,-917514773,2000815690,1838889017
6,1,5,2,10407,-1687836956,-1763445450,-1428858136,524872849,-660385675,-1195690323
7,1,5,2,10407,-614066541,1479220559,1476912222,992376673,-378328746,-870463874
8,1,5,2,10407,-29735452,-158490400,-1164620273,-819633676,1396991331,1129916206
9,1,5,2,10407,1740277709,-1079850418,-1706939270,-696250760,1785906969,45190566
10,1,5,2,10407,-1671675937,-2054218045,-1684521157,-1975810101,1053883992,1725170760
1,2,5,2,10407,342903222,-1058245356,376960859,-1297421687,1391838722,-1200879384
2,2,5,2,10407,2081702431,-1173243265,-1898088664,1787595669,-2103368936,-1023486302
3,2,5,2,10407,-1361340904,-1196627225,714378982,994089333,-942296444,325215570
4,2,5,2,10407,-1778302066,-298561836,-1676491830,-1461175779,-382757421,751823401
5,2,5,2,10407,-1906973233,1008114262,-639693544,1737298114,1294093982,501701733
6,2,5,2,10407,-1267508198,153006200,-1733850150,-1712876936,825508151,265047392
7,2,5,2,10407,-991769383,-2089824879,1590302020,-1474397525,178454659,-998124608
8,2,5,2,10407,-175010760,2045432119,988114940,1101486575,529468040,1827967842
9,2,5,2,10407,2060993071,824839239,143315056,-1335031336,1508340612,1696799224
10,2,5,2,10407,-537953721,2071820479,111197101,-703655441,-231323426,-1048644510
1,3,5,2,10407,925917839,1466798947,1254290709,-440118778,-2075258428,1183873362
2,3,5,2,10407,-1001427111,-1884414998,1842828408,772835225,1670536879,-36232501
3,3,5,2,10407,-2073744915,-1955536835,1715591916,1905189640,1224958674,-720457033
4,3,5,2,10407,428960778,784748871,438172669,210897786,1019816306,476329558
5,3,5,2,10407,-562372498,1677249957,1654461488,-185215589,-753825633,-1449394953
6,3,5,2,10407,302274363,756220600,1654855927,2136017240,-661712402,175214037
7,3,5,2,10407,-96681670,2078441806,-800412438,1367257673,-512315009,839635219
8,3,5,2,10407,477219273,2094403233,1972870070,478941382,1411279216,-1463877279
9,3,5,2,10407,-653918510,543940129,-504292651,-947412172,1419647133,1830121983
10,3,5,2,10407,-858150193,2050875408,-78596306,1775862471,-84769502,-413213116
1,4,5,2,10407,1204367495,1771430146,1012735517,-1359878964,-589506257,-1956924632
2,4,5,2,10407,-1689368428,1450582224,820941802,-1467522351,1534272507,2056569405
3,4,5,2,10407,1392908709,-1845798256,-1879410950,-565381685,606239826,-1657530554
4,4,5,2,10407,-653847950,-59456870,-560506062,1788554705,-855922690,-1297211443
5,4,5,2,10407,-61281794,-718656577,1252217708,-159899506,297451850,599475481
6,4,5,2,10407,922775966,1780871419,-675698416,757166340,-1968079603,920507410
7,4,5,2,10407,1574599467,1044129845,21046034,-1940079506,-665047987,-88172698
8,4,5,2,10407,-1679124383,-1112870312,1209417209,-671099769,52950240,-489750728
9,4,5,2,10407,-1182704163,626476053,1224080405,1236679157,1935065437,1836427141
10,4,5,2,10407,44239033,-1712430245,-370803991,-1616593537,1903900007,968562460
1,5,5,2,10407,-364098491,1795211447,-367683059,-1943783262,174219292,444381821
2,5,5,2,10407,-2047907904,1610987545,1200189911,905937655,-413170560,1069571342
3,5,5,2,10407,-21594190,-456865247,1978086603,993725993,-91441324,1751368383
4,5,5,2,10407,2121302782,1940856878,-1473434171,1048577089,747608200,1277553501
5,5,5,2,10407,-1148914347,253696631,-1323509380,-1875835211,1740362467,1709918836
6,5,5,2,10407,2015669644,-1296530577,-1854735986,342615243,880775879,389336463
7,5,5,2,10407,871000102,1210092447,-1315536722,-483421783,-1773113641,-1413213202
8,5,5,2,10407,-654660779,-837997568,1911137634,27456737,-1665368294,-189571744
9,5,5,2,10407,-766603031,-1075710259,458261841,731194492,23150884,-1236143268
10,5,5,2,10407,239714185,-1494414097,558759845,-516391510,1271447581,-684295479
1,6,5,2,10407,2134146716,-382725451,-1201466985,590888810,235477572,803890893
2,6,5,2,10407,-2004585920,151243390,-540062281,1894326413,-894236091,1489233276
3,6,5,2,10407,1971957872,-888893972,1162540712,1641396250,1617272595,-212533585
4,6,5,2,10407,-329012335,-179781852,1066119069,1496983664,1750476593,1903852645
5,6,5,2,10407,743895219,-621839538,-1482704027,1542399562,-1442250572,-1601930170
6,6,5,2,10407,1344129105,1167225064,-1224830998,1383587680,-2059620906,1992751923
7,6,5,2,10407,-1707276386,1075715117,-338853415,1116696644,255880867,1872355153
8,6,5,2,10407,1673556773,12658131,-728864538,913397213,546502255,263177405
9,6,5,2,10407,1042655011,1334043293,559761624,1183641650,-1740028006,848494352
10,6,5,2,10407,-333496687,-22981620,1608908236,1907424911,-1734737837,1597917414
1,7,5,2,10407,-147731829,1187782813,-781572230,1517060404,-23168934,436360908
2,7,5,2,10407,1864911213,519884800,505841928,1744639515,124665897,-2006453380
3,7,5,2,10407,958598031,-2047632724,-2038106568,1610416769,566248162,1242675902
4,7,5,2,10407,-2101159777,-1571314961,-1157220705,-1408425480,824793184,4960786
5,7,5,2,10407,1104572112,-1429728856,1087343015,-612137785,1796448644,-734302975
6,7,5,2,10407,1681512418,1210441812,-1360351871,863704408,1617633075,672158690
7,7,5,2,10407,1206853244,-1747688548,-1076427952,-1660085307,1194359166,276400724
8,7,5,2,10407,826655219,2080815290,-2102319816,-51208427,-89068928,616879189
9,7,5,2,10407,-913996038,-2090712627,-728580267,1282107139,403935704,1761304348
10,7,5,2,10407,-1714758739,-2136733348,-316459438,-264050871,-1035098940,-1190317566
1,8,5,2,10407,-313117392,914567235,-1242889030,665448350,-2085235472,-1008803257
2,8,5,2,10407,-1863031804,2134902047,-985736621,-1443220242,1620355686,-1207634499
3,8,5,2,10407,-450253420,1155760199,144410178,749894206,795151080,2015330526
4,8,5,2,10407,1337864864,1533775237,-452699774,154394348,-550426160,-723739621
5,8,5,2,10407,-1635780612,-2048494882,1333093320,-898102655,1970588499,1885173949
6,8,5,2,10407,1277417094,-1403884164,2112282165,-1388669390,112898126,2109393114
7,8,5,2,10407,-279979521,551849898,-512476182,497159014,965091014,1031652052
8,8,5,2,10407,1286782912,-1558595983,1414391377,-210856977,369495391,-744227246
9,8,5,2,10407,1824116112,-43310679,1350466420,-300908257,-1489205249,1076340843
10,8,5,2,10407,905087184,-1497696227,-2143745879,-80912900,-1612155139,1031439572
1,9,5,2,10407,-693209511,79638848,25396555,-1886858568,1943611773,1046836071
2,9,5,2,10407,267909979,-1393629489,458084389,-1987009688,1310661745,981275995
3,9,5,2,10407,1176590319,-1371943524,1476536156,208262416,-1412667122,928533671
4,9,5,2,10407,1040576889,1152135542,444265805,-1995014242,-268730470,-883722041
5,9,5,2,10407,-1053271949,-1797419208,-752752532,-2115134793,-1389424952,-836289559
6,9,5,2,10407,416261753,794254191,-1423095304,590779116,-600676721,-327449436
7,9,5,2,10407,883693180,1310009482,1570937567,1358428204,1384341743,-1839880496
8,9,5,2,10407,1375669772,805913978,213181381,-141950923,-1557856410,-149860308
9,9,5,2,10407,1543814699,1148289896,-625198580,-1697145242,-599910712,-1177838972
10,9,5,2,10407,-1605539729,-1308859376,-616769575,1561526429,484658741,844872128
1,10,5,2,10407,96395211,-1161272404,-826696309,-340783452,-1925559925,-1597037534
2,10,5,2,10407,-104638097,1064093933,-575010848,1153749568,60238501,89524854
3,10,5,2,10407,764089335,-1896946818,68610981,591323484,1775073594,1637795647
4,10,5,2,10407,773863460,-813583354,505009276,1973575641,-1504073999,1810224209
5,10,5,2,10407,-822073640,-464941648,39849846,1412301561,-1737428352,1115641856
6,10,5,2,10407,2086922173,-1913776944,232321797,-330683301,1131104631,1090613588
7,10,5,2,10407,-1540111967,219579630,-147006865,817971258,-700047687,-166266093
8,10,5,2,10407,1047011802,-1085626403,-2026290524,25425695,1404641485,-844125374
9,10,5,2,10407,-1466816627,-1399551104,647702321,-2093030314,1907735355,-120992969
10,10,5,2,10407,729330858,1649286479,147194079,-1607216767,1159606590,-158430357
1,1,0,3,10407,1647412843,-1325644764,483911876,177230662,-1991191878,219316307
2,1,0,3,10407,-676237844,-1017755587,2121710809,769966825,1669540744,-1549726577
3,1,0,3,10407,-868016779,108542866,1864834167,-546348453,1421085983,-1010732577
4,1,0,3,10407,868379191,953240543,-736004802,-547651611,-89265032,-2016581007
5,1,0,3,10407,1907557153,-487451806,2137326545,2126962673,1923820564,-1657395462
6,1,0,3,10407,915435915,-1012043295,845786524,211581449,-1595166426,-34477384
7,1,0,3,10407,-2138910700,-362546487,1728877824,-379602097,-1369288635,-1504688216
8,1,0,3,10407,-193106050,-935764085,-1228699124,1386773906,-146980454,519487170
9,1,0,3,10407,1514874366,1970420709,1788360603,2064990018,-369198248,1839001982
10,1,0,3,10407,-548665646,88974169,259821534,-497487378,1102516148,1422480256
1,2,0,3,10407,-407375424,689231853,-1062287387,-213967538,53478782,-454342658
2,2,0,3,10407,1661909743,1027957704,-409198008,-1875175960,1279099222,1114034338
3,2,0,3,10407,-1033612713,1366053458,-1846035009,-821407906,728637793,-2133352303
4,2,0,3,10407,-2140758039,-1214506234,623712898,-1528939889,270727918,932930958
5,2,0,3,10407,-905251575,-880660925,2097235372,1570689519,-179160463,-1268077191
6,2,0,3,10407,-329302292,-1545328774,1622792739,498722394,-924092621,-1942944819
7,2,0,3,10407,1382845126,1165124350,1887221117,2061114939,-1595585342,627828547
8,2,0,3,10407,-129878203,1905262229,-1807645628,1747536871,-1910826861,-313310359
9,2,0,3,10407,160086808,1475188371,-127005414,2072139997,414562212,-117347083
10,2,0,3,10407,2092597940,101187897,-738725068,-637436974,1188723996,1182357845
1,3,0,3,10407,-1461500660,1773846022,288286262,558838335,67094571,-162253864
2,3,0,3,10407,2052270827,1240177883,46312380,-286110069,1922747832,1200936228
3,3,0,3,10407,-1976983390,-1327308792,2138534640,-1787640077,-2040436324,-1399947818
4,3,0,3,10407,995191628,1465133088,1684531646,-1953099306,833255279,-1160254122
5,3,0,3,10407,149630808,-1342928515,-244370927,1143386988,-773214173,-1160000223
6,3,0,3,10407,1475602875,700568406,-1540623101,1663538364,-70669695,-1428290742
7,3,0,3,10407,-1406403311,-158547759,1556754586,-526185423,-212528096,-1680885161
8,3,0,3,10407,472655954,1084626372,-1731868466,-1302917143,693940600,-676804218
9,3,0,3,10407,-178641917,1057656158,-1784512174,-1123997090,114500108,-1971437470
10,3,0,3,10407,1642352583,1030583394,-1106356147,-220691307,1999758223,-1410161380
1,4,0,3,10407,1636008947,-1433210402,-1798158273,-1969796595,-302353029,963235068
2,4,0,3,10407,1726497820,472286956,727471708,717410405,-648622950,-1039250962
3,4,0,3,10407,-1680651105,86047974,733601912,1590001571,-1299181351,-135780344
4,4,0,3,10407,-1458629333,-1502925967,1987988476,2067798185,-1510918489,-922165818
5,4,0,3,10407,1986565062,1770015273,214710340,-907446053,-1147403268,-479237087
6,4,0,3,10407,-1931987555,111262887,1333445668,-892316245,-287037977,-13287520
7,4,0,3,10407,741324490,1306956573,-500954366,1017584463,-365615174,1399577852
8,4,0,3,10407,-620267553,-1048042360,1232256546,-428280860,-1027935276,156078945
9,4,0,3,10407,-1631033244,-1700477763,927293368,913591248,728104770,1901192025
10,4,0,3,10407,1735410641,-1343293806,1777493861,-1777067795,1174232442,-1208424296
1,5,0,3,10407,729770782,977298731,-1457931224,-556367656,406791981,807816915
2,5,0,3,10407,-1937566413,-1611831274,-499546229,499049129,-1341829407,-726164574
3,5,0,3,10407,1155499692,740128309,-295937223,-1396076558,-2123204659,-636734962
4,5,0,3,10407,-576268519,184938726,-1683902965,795978041,-323790807,1320702798
5,5,0,3,10407,1115942351,1733198966,-1009814859,-1583211811,-1550360108,648734129
6,5,0,3,10407,-1899376949,-1295581870,-1672323353,-1530833218,888945942,1863547532
7,5,0,3,10407,-1485537039,172440224,-450956560,-2080352487,-1400268681,528453912
8,5,0,3,10407,-1521462039,-391017994,-1183792871,-1393120484,-892041044,1375563892
9,5,0,3,10407,-686714239,-462750665,2138255643,-803444269,-1320883094,1875728176
10,5,0,3,10407,-315832923,-1202307547,-671077381,1212011680,-1778561230,910742314
1,6,0,3,10407,-758900672,-791226163,1077491629,1226960678,-886201626,738027713
2,6,0,3,10407,1105373014,-1582050363,2058865654,840239252,1682346094,-1030392685
3,6,0,3,10407,-443377339,-457683904,1649198615,-948980734,1094544699,1929634616
4,6,0,3,10407,1844078771,1630140041,881831389,288764893,-704478064,-674802900
5,6,0,3,10407,-544945626,724883703,501141585,1405778072,-480325159,919080759
6,6,0,3,10407,-1225714922,-765387856,-271970024,1068063838,-1689765126,-1195193471
7,6,0,3,10407,-1221425662,-80414789,1529032104,-1584475160,-1223597003,2004397451
8,6,0,3,10407,1266050813,153475453,-1022230382,-365312201,-129034067,-953976421
9,6,0,3,10407,728639559,-721061441,262132666,-1492670007,-1596396264,-226272304
10,6,0,3,10407,-810090381,-1501069214,2117902603,-1080349397,-917005311,1258234454
1,7,0,3,10407,-573723603,532335242,-294843740,-2084930802,-725067385,-2100877693
2,7,0,3,10407,-16294476,73416705,434652176,1505483494,541423355,-1715400263
3,7,0,3,10407,-438675870,266783457,1299199974,1166868602,911738890,-394316417
4,7,0,3,10407,1206048388,1090537516,-314021360,-1035875856,-948891158,-620952419
5,7,0,3,10407,-1757202236,-601327160,1510605308,-545811008,1520815255,-1088762902
6,7,0,3,10407,1999782498,621332705,906600173,244047089,1830002802,895780173
7,7,0,3,10407,1482548725,-1527540239,978936199,446023294,159186807,514472626
8,7,0,3,10407,1131828351,910028908,-1026585826,1969596716,2017519985,-7198958
9,7,0,3,10407,-2003517852,1120361188,-2000790512,981950810,1130006971,-103334380
10,7,0,3,10407,-915634069,571753007,-1884050842,-2135815363,-1980804374,1469406833
1,8,0,3,10407,-1664944356,1568254751,2081358615,-1272833659,-892619998,-1362884311
2,8,0,3,10407,193969959,1336143617,-508768702,-1130520353,-1430509859,-610715728
3,8,0,3,10407,-1577885990,-692928303,-464907130,-1529802987,-1973953555,-401471588
4,8,0,3,10407,-1627928327,-720661414,-1058517142,1595954171,828446397,-2071980094
5,8,0,3,10407,-322097762,1513682997,1232817438,904879255,1340027705,903141571
6,8,0,3,10407,750614372,-1249748848,-636488371,-1208443801,-140472316,1278690831
7,8,0,3,10407,-574617130,-2096625898,1091139527,937620014,-2072413086,248726193
8,8,0,3,10407,-1209634597,1359048658,-602661483,-876727902,-57165975,-1916759432
9,8,0,3,10407,-387017849,-2103802269,-753131658,-846750658,-942986615,886999532
10,8,0,3,10407,1204237048,-691930971,-2072032093,164146263,-1108300148,-1638440051
1,9,0,3,10407,-540827573,1801085416,873503109,-189479155,1776960998,1228094246
2,9,0,3,10407,1902148628,705417954,-1626126618,253132111,795246875,909502340
3,9,0,3,10407,-632501727,2896288,1906592077,1601407876,-674145496,1827753264
4,9,0,3,10407,976970980,-1540713390,-21666496,1885382295,1457392446,-1738566775
5,9,0,3,10407,421436903,-389342058,1805092277,-1763221545,317809459,561151310
6,9,0,3,10407,1743224413,140339526,262876950,-1865599751,-520729535,-1936192518
7,9,0,3,10407,2014217559,-2134873729,-1073061391,97714589,545243801,519836986
8,9,0,3,10407,1079959807,-200949330,2102959390,1508507777,-526182472,432582623
9,9,0,3,10407,1036795357,-1650900059,1022640834,-1043219300,1996382691,-212787333
10,9,0,3,10407,242200483,-285348879,2096685168,25226479,1562984358,1770840658
1,10,0,3,10407,-1852474408,2018881723,-1400882201,265017896,-42476552,323585414
2,10,0,3,10407,-1028473331,1432356964,-575909151,708606607,589756835,-2145778161
3,10,0,3,10407,348972536,2117412329,987145685,1070303696,-1292789726,-1213030660
4,10,0,3,10407,-1133818433,-231958503,93810369,177509018,-959906623,764983518
5,10,0,3,10407,-1300524158,-1899532645,1896317790,-2053618322,587922896,20881329
6,10,0,3,10407,-677149452,-1956356041,668546217,650406236,1747764058,450330460
7,10,0,3,10407,-1816167784,-101601775,-1588481868,-123789127,666427453,1661926851
8,10,0,3,10407,1475591585,-253800902,-1979765769,-1830485600,2055994610,459062993
9,10,0,3,10407,788817695,-1681571570,809791867,656368277,1157307522,795557900
10,10,0,3,10407,-53692699,-325700939,1664313767,-1312791806,-1740465906,1508246233
1,1,1,3,10407,37507534,71952264,1432082215,-1385898280,2017755174,-35766465
2,1,1,3,10407,1697721055,-1388287649,1148572469,-158938106,975212990,-1578485476
3,1,1,3,10407,1292300983,60171062,-933804217,-2057308040,-1292079298,2123811044
4,1,1,3,10407,1355930505,650086987,1412772898,-1770851010,478863809,-164144428
5,1,1,3,10407,1860610557,1917619779,-113024613,753548472,214870120,-1327866820
6,1,1,3,10407,1428749915,671197559,2001670845,-1469933129,641590281,-595857697
7,1,1,3,10407,1343350904,1055030085,1163460735,-1670990149,1669841377,683253563
8,1,1,3,10407,2136063716,-1991205735,-2037615044,1843208113,1005210041,-222526545
9,1,1,3,10407,-949528787,50082558,1564038797,-1677353536,-1584659577,276775338
10,1,1,3,10407,864725306,896921949,-1746226696,-137848614,-58576721,621836480
1,2,1,3,10407,-113799172,1211469468,926982140,970098879,537603409,-772204850
2,2,1,3,10407,-1396751607,-684822856,-127333158,-918763935,-922120684,-910656808
3,2,1,3,10407,-1307358059,-1832615241,-1408460349,1196519747,-1496578322,-558798222
4,2,1,3,10407,245873082,-1416002847,1538864416,-344866193,-687340099,1867475117
5,2,1,3,10407,-192402989,1517322895,1902118687,406005562,456147482,1647531773
6,2,1,3,10407,736707990,766366450,1349442643,919355981,-202373992,632773738
7,2,1,3,10407,-1742809011,-2018188034,1052137967,-40766306,173317653,-2013967630
8,2,1,3,10407,-1733650176,260886501,-1653526286,-473749876,1258729347,1643433
9,2,1,3,10407,41864048,-1517394274,-1104389437,1225170222,106195987,-1463338540
10,2,1,3,10407,-1536848623,2105195620,-751094831,-2127436923,1797110039,-99783652
1,3,1,3,10407,-1736805655,1817812941,1408113874,-1202384145,-81426019,-938892215
2,3,1,3,10407,331551849,1433648684,1330697822,316453917,265918877,-252523140
3,3,1,3,10407,1340244077,-2059407842,-970576917,-410168572,-1694473136,1162498557
4,3,1,3,10407,-247765523,1467859002,1015459368,2097260557,243505517,220173750
5,3,1,3,10407,-899945794,1838785846,-2066920300,468894853,65537788,-1612464698
6,3,1,3,10407,293060212,1684850117,-691751614,-1770917099,1222569945,1213890967
7,3,1,3,10407,-1750600357,887311536,-1435983517,803694066,-929950956,-1781662087
8,3,1,3,10407,-1985410748,-1536639648,-748741793,-707006527,693669597,-1391096810
9,3,1,3,10407,-1691372987,1283938252,1466758086,-1257047768,-1116087110,1653577443
10,3,1,3,10407,-1735358873,532150118,1417177547,239924308,-1064469135,1464082830
1,4,1,3,10407,-436426237,1713640289,-1204436410,-1977062401,976134753,-1254603475
2,4,1,3,10407,-980783996,504687547,1813202735,-45624736,-1565915747,-440266099
3,4,1,3,10407,326191063,1813344483,-1184370496,2087661863,1400899379,1124524320
4,4,1,3,10407,-1774278267,-176620787,-1997418873,2119454594,-502390442,-1191106153
5,4,1,3,10407,969374131,576165742,119433785,1056701061,-41216957,-59486692
6,4,1,3,10407,761203908,-1241213828,392464637,-1023454411,1278128609,-504210984
7,4,1,3,10407,1983939637,1624303908,-661164354,-2057710473,1567751619,1323713882
8,4,1,3,10407,-442036713,-189121084,499184933,-1283686028,-1714057647,42144017
9,4,1,3,10407,253116634,1915344619,299901214,-1664053602,1485362222,-1096289902
10,4,1,3,10407,-835980859,458114682,1298683217,-506324055,-1366862726,-86865214
1,5,1,3,10407,-1126859680,1610954212,210529260,-1739891845,-1067499800,662898146
2,5,1,3,10407,22427722,926116996,-1346827207,-930692586,1492167050,-1972219570
3,5,1,3,10407,-926394677,-1777405168,1512996186,427075428,-262143489,1143670923
4,5,1,3,10407,-851269506,-584942857,460935467,-2001522667,690644182,-493351447
5,5,1,3,10407,1341873600,-1035715252,-1759130466,-1064029663,1017619739,-2033387233
6,5,1,3,10407,-475016972,-951258065,118483214,-310745109,-2132140594,1368332548
7,5,1,3,10407,64602374,-2119223950,714586780,-497279638,-1896234871,590358443
8,5,1,3,10407,1589125189,-247517984,1574870455,-820778475,476152488,-1760757432
9,5,1,3,10407,1824781896,158038654,292677480,-1575322953,-114569973,-587910455
10,5,1,3,10407,721343420,-918961502,-1857166295,-1385189615,1721472893,1844828163
1,6,1,3,10407,-162479821,-333997046,1301445347,1699046539,-1389183131,1859223097
2,6,1,3,10407,582311599,127096499,-401223525,-785949057,176629099,1255222808
3,6,1,3,10407,-1197585057,375252674,940885514,-1299809672,-204969307,214795032
4,6,1,3,10407,-1309471154,-1462557179,-1447232468,-441540521,-1451711629,-538901258
5,6,1,3,10407,-1881651506,1988496740,1883049021,303360963,-1168821882,-328024520
6,6,1,3,10407,-839737528,1025707134,440735072,-1016141231,-441606416,654938920
7,6,1,3,10407,-1228199600,-150820017,379791916,-1471745500,1819019871,451531772
8,6,1,3,10407,1267870294,-382729234,-14996182,71909537,-1329541669,-1695750455
9,6,1,3,10407,-81597399,661670363,1594404791,-2063507570,-783377115,-970031072
10,6,1,3,10407,305281732,-1682311458,721264435,354961506,2083470249,-1045929457
1,7,1,3,10407,89981206,1197559600,1306055605,3249715,-2091110683,193024072
2,7,1,3,10407,139668392,-1439473098,2014501274,668021738,-1924890984,-1700233553
3,7,1,3,10407,377498600,236164405,-1345219203,181171581,746899082,-566534850
4,7,1,3,10407,27292750,-2078587748,1143816864,1843049658,137331877,481225280
5,7,1,3,10407,816610640,1379800587,1382701495,365235554,-1355247243,-284592287
6,7,1,3,10407,-1184880602,-1968104415,952655014,1873472324,441144025,-188708636
7,7,1,3,10407,944785291,537161771,-559603345,-2129551828,-95964864,631293757
8,7,1,3,10407,1017551337,-2007644093,66550702,-956617103,1307658815,-1365405312
9,7,1,3,10407,-2046075088,-978925320,1237675508,-446056685,1190072778,422156458
10,7,1,3,10407,-424370196,-839139937,-141866438,-1624423625,-220029608,1117044413
1,8,1,3,10407,1326628741,-765402353,-65542426,-103044128,473200890,-1037352752
2,8,1,3,10407,-917833001,-1421816086,-204863257,-2005595608,1194166270,2094340598
3,8,1,3,10407,-1022902390,-1785788186,53123741,-2022787721,-1475645038,1313915480
4,8,1,3,10407,-696549330,-355134003,1821946473,220776821,2139373833,-993316635
5,8,1,3,10407,-1724615095,-679950150,-1732836387,-1108668469,871882500,661257250
6,8,1,3,10407,1200697674,-1156998785,-1197003445,-201566701,-2144591117,1689239678
7,8,1,3,10407,-1264310898,-694062397,171577834,88394776,981631789,-294163706
8,8,1,3,10407,-1054524701,-658141941,-192106956,-2124999310,-9942843,-800822579
9,8,1,3,10407,1359302842,-2014401619,2059390967,-835535858,-1516456207,310801741
10,8,1,3,10407,-1045587238,617376816,-135154700,-624092521,513810291,2093606621
1,9,1,3,10407,-2072709824,1124651792,-353524742,-1565110685,1561159563,-577946990
2,9,1,3,10407,566497834,-947288443,633521243,183037891,-1458584076,949059015
3,9,1,3,10407,-1395262123,473393379,22840453,-6846503,265472106,-1866328361
4,9,1,3,10407,-347656645,-1535371346,1520099727,1455775723,1234854035,-966552282
5,9,1,3,10407,-1521283342,1587612996,715522036,-1139874816,1098041937,-893078331
6,9,1,3,10407,545782846,1542311397,-1935742668,-1760494049,-587382440,1558024062
7,9,1,3,10407,-1548480370,250892895,1253047997,-2059800583,353518199,-1506639563
8,9,1,3,10407,-1562311688,-1762947695,357340994,574139183,-651713507,1084994414
9,9,1,3,10407,-1463191760,-2026037818,512179495,-1038396708,1042598333,1078423670
10,9,1,3,10407,-394039423,-1356206224,1096706546,-1900010274,-609595371,-912169519
1,10,1,3,10407,1930375996,-891660120,1597473384,743972800,-1356454792,-1242077460
2,10,1,3,10407,-2088479456,-126967891,-77877338,242817817,-175399829,-303060443
3,10,1,3,10407,-259822119,1705850821,-841977906,148215392,-1583526274,1393739771
4,10,1,3,10407,1555097960,1969302055,-661926736,-785645702,1760213007,1724461125
5,10,1,3,10407,982123330,-848933493,-2082813914,-1261229002,-1050015024,59806267
6,10,1,3,10407,1336794407,121177832,-536258829,-1587881815,1867856846,-1504180536
7,10,1,3,10407,-191131988,-1013418470,2082833094,1749363997,1488961022,1858161668
8,10,1,3,10407,362085171,-1747341086,-1746616313,-2022589721,-592472693,837386180
9,10,1,3,10407,437984786,1547707225,785336347,864405788,1720845551,1115176055
10,10,1,3,10407,373679308,-1247790120,1792610039,-76261208,-1802034107,-414830580
1,1,2,3,10407,1918011035,-1034106519,495272080,1341320426,399662851,-240040850
2,1,2,3,10407,-221415052,939611000,-1316328140,-535284342,294465869,1828825972
3,1,2,3,10407,-350417452,1965998081,-28690306,1285688647,1159606295,-1928703569
4,1,2,3,10407,-1875962874,1583147597,-949776536,-125737987,753719468,1032631818
5,1,2,3,10407,-1807943096,-1404319217,728688132,-1937497510,1238880032,602088318
6,1,2,3,10407,-1340287456,-1493779820,-164447507,2075942941,1431334184,-1900773044
7,1,2,3,10407,1137375099,719883941,-1528417274,607859203,1607897199,926972053
8,1,2,3,10407,60872044,167389935,-1557506153,1614277174,2137130883,-947536244
9,1,2,3,10407,-1727339598,729484299,-1259440139,675998381,-1245881844,1334668378
10,1,2,3,10407,1402185367,-1906634455,-1203325022,-947803445,-1210214778,2029179212
1,2,2,3,10407,57718815,-362936242,558621072,963227899,82443669,-653660388
2,2,2,3,10407,-2137692333,1169033933,-2046046490,1341637248,-103553497,503662973
3,2,2,3,10407,1263901650,178530368,-1403285428,-1766124237,-1598364192,-1080658543
4,2,2,3,10407,1399588805,1086723613,-1094966042,1782292992,526963853,-506229507
5,2,2,3,10407,-1296943919,905198743,143118631,67686545,510311527,808946133
6,2,2,3,10407,463714632,-577324570,645383742,-674550673,-717763716,755728508
7,2,2,3,10407,1968755695,-572676227,-1191038532,-511803925,1015061352,1679855915
8,2,2,3,10407,816377365,1592671362,1057752873,288789132,-622952124,-675272698
9,2,2,3,10407,1752633041,-1316750704,-173471543,1893364941,152744740,1686288527
10,2,2,3,10407,967760256,1950891290,-421398454,-1321335689,-162707064,-1073005478
1,3,2,3,10407,919938762,1875648966,-1576489321,2040057581,-604476716,-508319849
2,3,2,3,10407,1774702297,689321837,185433384,-746090304,2024266247,2141309260
3,3,2,3,10407,-795699307,966584889,-2100752166,1314592679,-1739209094,778406768
4,3,2,3,10407,-1214822488,-287691035,-369059379,-1696797256,1555442353,1115567104
5,3,2,3,10407,-1455855581,291956415,-337287433,-1380774638,-887790891,-2136439177
6,3,2,3,10407,1728794853,1042170815,-1894210646,-55479136,1961740472,1950411969
7,3,2,3,10407,1828205907,-1851720226,-1080368376,-759099418,1454412724,1351687809
8,3,2,3,10407,1296036070,-1000998377,-1162062515,543659704,640171707,642246952
9,3,2,3,10407,647952243,-1638962597,-1878485634,745759732,1764826311,1105666931
10,3,2,3,10407,492155276,-842695571,1778565434,-474150394,-316771862,-2044642637
1,4,2,3,10407,266133850,-977983515,-1837093978,-1209806757,1765333754,1822081045
2,4,2,3,10407,743978397,-1388548159,-1177642627,-1324524410,708816111,-620302927
3,4,2,3,10407,1771335392,81408985,1643927590,-2021508642,2145422192,-548757970
4,4,2,3,10407,-911818441,-535325852,967809655,311038087,-1062233662,-1830964750
5,4,2,3,10407,-2122734409,-806700285,-783884326,-1010461866,-121367850,-1748623160
6,4,2,3,10407,1707640746,1677206774,1012897254,1976551537,268103319,291135184
7,4,2,3,10407,-1749934344,-175222516,-2097768164,-1636821261,-1212298423,-1689530634
8,4,2,3,10407,456912798,-1066958219,-1361178611,-1842438311,-846814686,450731146
9,4,2,3,10407,1419335780,1371022434,-158117607,-562516894,952977087,1604084928
10,4,2,3,10407,-129927538,-873670007,1799583970,154452277,1817932874,-1196944303
1,5,2,3,10407,1627801140,1900828402,510849360,-1119236937,3085397,115382323
2,5,2,3,10407,2024476303,-1752076415,302935170,287887787,1142236864,-1674601502
3,5,2,3,10407,1095716849,1455838369,1659326055,-324585823,-816236294,1824082968
4,5,2,3,10407,173672611,-394557123,-1384766105,1706232924,1783252759,-1140651345
5,5,2,3,10407,2120310903,2126051171,-1371908607,1062878342,1243487658,699650908
6,5,2,3,10407,-230118867,-1447405698,-115988066,1666612107,-419080892,458206118
7,5,2,3,10407,-158637092,-1197376228,372198359,2145117058,539271560,1708873295
8,5,2,3,10407,-2033388983,1349907351,-1009583159,1142556839,-845040586,-327054871
9,5,2,3,10407,1383189400,-1212098034,-1047145223,-1820193319,-737478340,1970934798
10,5,2,3,10407,1690308732,-1026321722,-1992147703,1049352425,258564556,1124968152
1,6,2,3,10407,-1969433858,-1434217345,1242114719,356249759,1629297876,395745779
2,6,2,3,10407,2048136973,248454544,-877926094,595926901,-2061267878,-466616095
3,6,2,3,10407,-1847889219,987082294,-1467743479,-1818983354,1930086382,2054029533
4,6,2,3,10407,884330139,-733955698,-1151401974,-1776108105,711976811,1609603514
5,6,2,3,10407,-1503972591,1923914334,-246355819,-1504925093,-189590145,-1176113400
6,6,2,3,10407,-589490970,-952641875,200177451,-968099996,-827785341,1092200505
7,6,2,3,10407,122119433,1482047626,1104703015,-1333040166,237532746,-630416929
8,6,2,3,10407,1805689330,-99709042,-1717297786,-1784626017,22603826,-1755120063
9,6,2,3,10407,1823886735,-208058527,-162047208,1765918271,-1155245192,995254297
10,6,2,3,10407,1231812691,235031764,-493481913,1698544045,-457057713,-282667526
1,7,2,3,10407,-1648390534,1015814351,-2014384906,396352231,-2144877168,-1362470549
2,7,2,3,10407,832722254,-1694455409,214698256,231516184,-806780686,-985684965
3,7,2,3,10407,-1837091129,-2109482039,866534423,2111887086,-713202381,-642761320
4,7,2,3,10407,281007898,970172626,-1134142548,278851577,-184359683,-124187577
5,7,2,3,10407,475862224,-230563298,1503530049,471430368,68429995,-1986630966
6,7,2,3,10407,-1060815638,206659968,-1270009050,1750281907,1863336803,-951029258
7,7,2,3,10407,1094901297,1043248820,-1924479106,-744104518,-33892355,394535091
8,7,2,3,10407,1108424652,1906673870,-1206267156,-290488964,1769286256,-627958081
9,7,2,3,10407,-1687617810,1647555603,552121795,-572559173,1279078429,1153186587
10,7,2,3,10407,330979650,129413795,1047706388,-1115156872,-833520407,1605461705
1,8,2,3,10407,641072415,-1945039679,-1599120652,607618573,-167122454,-1081201675
2,8,2,3,10407,-1107022540,593432911,1815487667,-1637118018,-1705783364,-1997145067
3,8,2,3,10407,505661121,-1775080382,1435935496,966175038,-1547896771,-177749148
4,8,2,3,10407,1401602098,-1801634584,-880050355,-1162334846,1236186535,2117235599
5,8,2,3,10407,-1461132495,-1566823285,1027527744,475426637,131912090,347068497
6,8,2,3,10407,1932844036,-1819261843,1022653614,97784105,-703843288,319559093
7,8,2,3,10407,1100190984,-76911239,1798137110,-218649495,256632302,823619682
8,8,2,3,10407,-880555925,-810433336,-82948272,317299119,-1162468362,-550901285
9,8,2,3,10407,1234784349,-1313652698,-1728541293,521628298,-2075548175,544218206
10,8,2,3,10407,1270106622,-2054581158,-424835122,1020350459,-1868729131,-2006532028
1,9,2,3,10407,81108715,-559522955,-1326036663,-1716337654,-263792481,838205269
2,9,2,3,10407,-1114157606,1559392558,1020532519,-1947273770,-932352858,1725746649
3,9,2,3,10407,1450174847,-46271431,1471933963,1809852832,326688666,1763856112
4,9,2,3,10407,-1821939030,1582789648,-62542570,-1316968065,63850732,1836241486
5,9,2,3,10407,-617209832,-1313284914,1923266586,-1517887640,-544687490,-871807238
6,9,2,3,10407,-1341865053,502540811,2096803748,1295884022,1496165317,-1655039856
7,9,2,3,10407,-2128341505,837015388,135494579,1919655662,2037895463,1726098148
8,9,2,3,10407,-1299235003,-1033664755,2059856513,-1581900420,-1411561142,582670279
9,9,2,3,10407,964355152,-259221909,-1142064060,660491991,-137218444,-1563750871
10,9,2,3,10407,385428868,1677470650,1162560818,-1519591870,272263163,1428029184
1,10,2,3,10407,-131297464,-314935437,750252543,-32233646,1342909238,-707181367
2,10,2,3,10407,-1431666049,1958160873,1279035964,1199258589,1071643489,-2140950709
3,10,2,3,10407,550237894,1472609682,403728414,-243352145,547430837,211712265
4,10,2,3,10407,-2018144919,374669711,1885884121,1502863861,-1708868318,507576975
5,10,2,3,10407,1157734340,-931413915,-274905739,-814607292,-1506723772,-759535382
6,10,2,3,10407,118016288,142103856,2108944090,653223801,1708189010,1698662998
7,10,2,3,10407,-1883153413,31459046,1431640638,-2129265869,1918914825,242340921
8,10,2,3,10407,-1730004411,1962707857,463083318,-359568548,-2049911295,1760759037
9,10,2,3,10407,2052910037,-1169851130,1871406128,-1115798278,-932348610,-1966639223
10,10,2,3,10407,-1589881773,1171220558,1286590806,951771874,514168438,-1792233247
1,1,3,3,10407,-736175988,1276689294,-682848537,1263628085,-1938848586,-315077764
2,1,3,3,10407,828347502,-1638740186,271343327,1032633176,1498946751,55603845
3,1,3,3,10407,2016986020,1226204204,1304787204,1093983614,-181226411,1168268036
4,1,3,3,10407,1672659888,1046931208,-1462440856,-1773976451,-1900377845,575997979
5,1,3,3,10407,1968587766,-95383545,698613475,-1674318002,28490075,-1672495183
6,1,3,3,10407,-817203468,-926575662,-1989550297,-1974637455,110430548,-1993074536
7,1,3,3,10407,-401643311,-653504870,252516457,-386338417,-1459791242,788544666
8,1,3,3,10407,1682862557,411550448,762909841,1536593159,1275905402,-1059668846
9,1,3,3,10407,889752848,1615027839,-94239906,-1830852149,521942752,262784371
10,1,3,3,10407,-1102461807,-547309021,-1430992707,-444352974,-517447993,1539490128
1,2,3,3,10407,-259262802,-906773447,398176645,1099698674,1123322242,-1563820911
2,2,3,3,10407,112351734,1216714245,-1905971919,-283943805,522844485,143757992
3,2,3,3,10407,-178878431,-21564408,-1866428140,1462841572,974594497,2140208743
4,2,3,3,10407,-113154444,-1978832562,-1487551449,-296451093,1523927011,-1044484551
5,2,3,3,10407,-1072989880,-1912837571,1823831692,1893319153,1604451731,-593964255
6,2,3,3,10407,329574278,1336560878,-1876525842,-631433872,1999892510,-39797466
7,2,3,3,10407,-142399907,201561940,307694418,-1347910776,827887137,2146254380
8,2,3,3,10407,959832969,1202811776,-1577177392,495589694,-1760551247,119500148
9,2,3,3,10407,519113511,983015208,1346899778,129094256,1080938011,1840689270
10,2,3,3,10407,1644554652,-598088676,1359762396,2124883795,-169421232,1596391081
1,3,3,3,10407,-1787554344,-1865780834,1033765935,-1628481697,-1341006591,-1620912898
2,3,3,3,10407,1637050157,817399535,202587764,-1247967578,-450044350,-229549792
3,3,3,3,10407,296125961,-1712545268,-685906572,-587770817,1322559239,-148474282
4,3,3,3,10407,1067608985,-593099586,1637417308,-1341189492,613589021,1555275193
5,3,3,3,10407,-900449615,-240634670,-834279623,-561893383,1721458660,71416149
6,3,3,3,10407,-1475901875,370633101,-1012279732,-1931222347,1706296372,217913557
7,3,3,3,10407,1135932414,-16306287,1563257463,-592927969,1801735013,1831748211
8,3,3,3,10407,-418295055,1183128329,-282639180,-1319495794,-974470137,547085049
9,3,3,3,10407,-1814994462,103313708,142338336,1915258991,1369352489,-1100574095
10,3,3,3,10407,1220165978,99805470,855211041,1523111662,-938253773,-1201490469
1,4,3,3,10407,-434207945,1556798516,1251013554,1359975817,-262116613,-1486762411
2,4,3,3,10407,926215825,1328252013,1547275031,-567334360,1770829954,-1722015613
3,4,3,3,10407,52217988,779591050,185165956,1882446084,1511141009,-49972616
4,4,3,3,10407,-1055791288,-1808842480,213562660,-1763187231,1019549832,-1998954985
5,4,3,3,10407,-1041340246,1901157239,-1766688171,1523715620,1667521678,303922557
6,4,3,3,10407,-104422122,1658833101,1631164748,1655735017,-1440272246,-819109331
7,4,3,3,10407,-1138447995,-800645402,-1723528488,205711985,-2065359743,1917612487
8,4,3,3,10407,1520499780,1301522435,1593105522,-827339472,-448939387,716528342
9,4,3,3,10407,-1710481162,-1831245048,1948518142,-814834426,-960541252,270084490
10,4,3,3,10407,931565742,-950702721,-1904285912,1416292838,-2006595772,1647774353
1,5,3,3,10407,-1242198297,-1161388690,156888292,-459834516,1830688387,-464650917
2,5,3,3,10407,-271856901,-2056783226,1368106202,2030621230,-774625312,1951779715
3,5,3,3,10407,1809511596,128744347,1961167970,1290612374,-708469203,797505326
4,5,3,3,10407,-417665065,631570420,-1011826422,543088677,-585467997,-943971559
5,5,3,3,10407,218156319,-502927058,-908089827,-1385150053,1692743598,662665681
6,5,3,3,10407,879278792,-672947679,-671833052,-1091651747,927550301,-1587108332
7,5,3,3,10407,-1511429,-1705197866,-359602231,-1699368099,1938724273,1763384327
8,5,3,3,10407,378599314,-836892707,409513353,1918356498,-138213018,1643612572
9,5,3,3,10407,-485896259,1704925235,-1581902478,905223010,1199980997,-1552274647
10,5,3,3,10407,1208368352,-28208761,907339174,1710872126,1628328367,-359463936
1,6,3,3,10407,1076805722,1610167992,1121000855,469453747,-1730356784,-1322866872
2,6,3,3,10407,118874262,176646380,-359137413,-560457329,-1224578447,1929547193
3,6,3,3,10407,-105471754,778902625,-235385759,776797231,1078915314,1058433406
4,6,3,3,10407,-2011664314,-1945121227,-1368163734,813349912,-449142685,-1665820801
5,6,3,3,10407,-769649998,-367915002,-1344155811,200283950,1754581847,1635327656
6,6,3,3,10407,-395524470,427545560,249034738,-237616798,1770440728,1111264876
7,6,3,3,10407,-2063275154,-254791556,886370496,-137628228,2022119922,247306256
8,6,3,3,10407,-537282889,845571441,698025517,1426258647,562734348,-910433842
9,6,3,3,10407,123350303,817030890,373453306,-654551200,534345285,-342038405
10,6,3,3,10407,-1686896121,1441270476,889962923,-1705914363,394292430,1315791308
1,7,3,3,10407,185620948,-1898475087,-669274847,1158843782,-2094676691,-700743699
2,7,3,3,10407,-805160795,-786670506,-1320137962,-2116108196,-1247099952,565024708
3,7,3,3,10407,801105184,-270420373,767943368,-1879382792,1082611771,-527774254
4,7,3,3,10407,649865715,-1577283340,-828483341,608332358,-274289838,1926076855
5,7,3,3,10407,707843467,-1754612671,-1978654030,-1276867911,-1887858450,-100312740
6,7,3,3,10407,-2071772609,-1513812432,1199009516,953305242,586413408,-1774002149
7,7,3,3,10407,110262432,-2049748158,-1306068346,930814890,-1311252383,-1021822384
8,7,3,3,10407,1035862844,-710166653,1096264879,-1453194659,-2015052873,1695871595
9,7,3,3,10407,1890495103,179798560,-1253358489,-1454181047,-2133081218,-1524268587
10,7,3,3,10407,1905320915,1461429273,1368735791,2049465798,974828330,825744342
1,8,3,3,10407,1225602608,-2062910705,-1359513963,-918334611,-400246065,-1983588443
2,8,3,3,10407,-1661267162,348533689,-2032521473,1054916109,-140777535,-1819829836
3,8,3,3,10407,1232424669,-1641473074,-967043164,-615480631,-1613266162,772221214
4,8,3,3,10407,743291565,-1990979068,-328592750,398562654,-375523698,189473216
5,8,3,3,10407,-1458958659,-666918798,1133871586,1166464603,-1535448052,-1013701922
6,8,3,3,10407,-68403548,-1251371936,-831970688,1866721370,2119126332,1618726226
7,8,3,3,10407,-987079976,-1024890773,1282696014,284238600,1891838350,20405059
8,8,3,3,10407,-1887182712,615796914,-876004656,1829078284,1257750910,1819289452
9,8,3,3,10407,723520097,875565044,-844650345,449749257,623939318,1354614510
10,8,3,3,10407,-571464843,799428746,-27738307,441284862,61533800,-1428436763
1,9,3,3,10407,1615802538,1825526229,1990112912,387353351,2115546494,2003144678
2,9,3,3,10407,1233205874,-1284330448,-1060916124,-1581627611,1091451195,-1429133567
3,9,3,3,10407,1794798453,156868725,69068217,-206440867,-397531229,-200405760
4,9,3,3,10407,2123047775,-1343844484,794009761,960105589,361721248,1984199228
5,9,3,3,10407,1464449085,1483837068,-322349907,1942132691,-747489354,-90196761
6,9,3,3,10407,1527148862,898663347,-807974222,796093088,-726155461,-963080713
7,9,3,3,10407,78265343,1807942670,1508380709,-1111503739,435114992,756740345
8,9,3,3,10407,-870704374,208082802,617842785,-2028287723,-947142312,461928458
9,9,3,3,10407,145957613,-13310191,-1798363580,-1581074651,987675632,1262751648
10,9,3,3,10407,-1112472821,-326213249,-294951050,-764561116,-2137984027,-2050287860
1,10,3,3,10407,706086313,2075612323,-1158693544,-1558850461,-2048947099,-1277044115
2,10,3,3,10407,-959259824,-526780561,1636315585,472204566,-673533479,-1223536122
3,10,3,3,10407,1052296372,-692567425,-1155252647,855101792,-1010894656,-1338536012
4,10,3,3,10407,883418726,-2109739519,1881955334,2140309108,-1619712053,-370044181
5,10,3,3,10407,1097517850,-634189792,1451968257,-852621069,-1151736516,-1425874091
6,10,3,3,10407,-72275924,-321985778,-2073285807,-1228886488,298330020,1024214437
7,10,3,3,10407,2072901100,-1696588602,1565870494,568538883,565655336,-1139339956
8,10,3,3,10407,1727348899,1154656204,-311447020,165016306,1646235253,-1674769596
9,10,3,3,10407,2118033879,-1195362795,-1557603880,829094147,-1846510900,-1285804006
10,10,3,3,10407,-2114437625,-650474878,-196696312,-980569957,1215816586,1866375927
1,1,4,3,10407,-947927545,2096235452,-1142969884,-29796620,1806861889,2032002585
2,1,4,3,10407,-738641563,-269761859,-292090026,-908867299,298311288,-981836027
3,1,4,3,10407,820379513,-281226788,-1440998745,-1609487650,2007396368,-56196675
4,1,4,3,10407,1689425265,-427077276,213760582,-1566311875,1616257557,782939162
5,1,4,3,10407,-6920456,-336398343,-476727457,-2077551523,-270793424,1835178801
6,1,4,3,10407,-1176840735,-990109982,-2043237027,1052903502,478278888,1922458861
7,1,4,3,10407,1269141340,-1366407086,-126485487,-1846947030,1211027893,-474798497
8,1,4,3,10407,-1308564004,1225078957,-2010246011,1561147761,1816568211,1653526954
9,1,4,3,10407,253241775,637175028,509091929,397149420,1144110045,1297214378
10,1,4,3,10407,-1994663720,-1700301198,-1447895296,-2103949314,-591144272,1131665009
1,2,4,3,10407,1136145733,552049049,-1271810962,1481193838,160863326,1715698696
2,2,4,3,10407,878909286,-1277076223,1336155870,831188840,1086834132,77391077
3,2,4,3,10407,816312998,-1728698878,772584907,876302937,-686965604,2079958472
4,2,4,3,10407,-1004658113,-1766904885,-1528203545,2059196495,1596299288,-1036412394
5,2,4,3,10407,1194298420,738314466,212282122,1345460895,1682285284,-1778668438
6,2,4,3,10407,-1501815219,-1422398945,-1586947592,-664832753,2130524555,1369083920
7,2,4,3,10407,1007599552,-1985141829,949393628,1946198132,-833950256,634486304
8,2,4,3,10407,766260940,2031109675,-2036954446,-1938362763,-729105923,-1172293814
9,2,4,3,10407,1175235926,-2129319663,155271207,-1746352432,-1852987467,1128178755
10,2,4,3,10407,1828270914,-473430901,-1109287600,-48161555,-753772881,2010240604
1,3,4,3,10407,-87324070,-1212653606,294672746,791847020,118447052,1225079845
2,3,4,3,10407,938781605,961341836,-1132331050,-1116730754,-351910951,1300294818
3,3,4,3,10407,-1454734478,1366490813,1850913050,-791412763,247032620,1462400493
4,3,4,3,10407,738361121,1114608910,492198736,-1458342356,-1250144847,-503692307
5,3,4,3,10407,-1454446884,254193857,1616237494,-605521696,1776427643,2101654748
6,3,4,3,10407,-1408526460,-1779999616,-614005545,539765424,-1093961940,1670594183
7,3,4,3,10407,943164319,858475375,831544813,-2060339830,1701917533,1152449900
8,3,4,3,10407,-1267528726,1860095130,3886040,-1499610769,210371507,-1556605932
9,3,4,3,10407,-2022504372,-1903273586,973013784,-1462194351,256951254,1793508627
10,3,4,3,10407,-1809578722,-606606578,1022623957,-698168869,-532010783,1816137940
1,4,4,3,10407,-1014577334,1208592848,1665507419,1505518433,-16925253,-186317645
2,4,4,3,10407,-1274542522,-260935424,-234541978,66038839,-361247125,1695380197
3,4,4,3,10407,991776796,-2073313573,-1861276110,1934249699,1171217193,-1423102111
4,4,4,3,10407,-1482318727,1353555619,-741492825,-1069252625,1728803532,-127712657
5,4,4,3,10407,1410699605,-59767773,-676472271,1780723047,-1556984272,-67468356
6,4,4,3,10407,-1257338364,-2119960086,70005767,1978586568,154015196,-1425169463
7,4,4,3,10407,-1225166527,-1480294497,-1122526460,-2036635529,-1630906137,1915454525
8,4,4,3,10407,-209741259,654166006,324680165,766191023,-316210678,1494910442
9,4,4,3,10407,463248996,231553901,344009713,-664030449,-2053835927,-1386446660
10,4,4,3,10407,1750957553,582924419,2071198560,-613043033,-1648670864,-639794396
1,5,4,3,10407,676110716,1015750990,-1071950704,-503303418,613704584,891531209
2,5,4,3,10407,-1716255762,-1687809389,1542526117,1936200280,379319017,-733299602
3,5,4,3,10407,1512040018,-485218603,1565248077,-1543028118,828550890,1450449868
4,5,4,3,10407,-293868683,-1672821244,-315385922,221595066,-49995333,-1552162933
5,5,4,3,10407,1486744417,-1442575742,-528087695,2026439031,969791480,447729203
6,5,4,3,10407,949149687,-910019405,550298472,1465193277,-535081857,205038313
7,5,4,3,10407,-1958703456,-131504737,287922104,-1904910069,429362598,503878352
8,5,4,3,10407,1231822147,-1790768138,-1349768375,-128551484,1179667810,124106739
9,5,4,3,10407,-909355922,1977521671,-1310263743,-2060548322,-1197132348,427328964
10,5,4,3,10407,-528460266,-1043535027,345424498,245466993,-1960609580,-1043080072
1,6,4,3,10407,-1817926390,970013321,-698526739,779025740,1141222807,-148826321
2,6,4,3,10407,600876310,257211623,1773902115,1961273614,-1011242892,-1444425538
3,6,4,3,10407,-1220838322,-1573124806,-843216127,-254960765,-836722855,1659586555
4,6,4,3,10407,-898676565,-279649062,952885089,-1423305941,967993563,1358032801
5,6,4,3,10407,-1741326375,-144488507,-1102860401,234008543,1211078314,-1366677746
6,6,4,3,10407,1067234737,919966231,1807126856,851189206,384662364,785436637
7,6,4,3,10407,-1426389590,190342072,-1264365389,-1806789458,-1010904985,-199884815
8,6,4,3,10407,1276146792,-1217775968,-1349643403,963235789,179368180,552068609
9,6,4,3,10407,-1954657864,228046054,-2048738566,2024534799,-206405862,-2086982720
10,6,4,3,10407,2056408073,389704900,-182215861,-1473400535,1129445012,-555636220
1,7,4,3,10407,2093077345,673237159,-1269275799,1075645960,-2143881110,-966114962
2,7,4,3,10407,409825880,723072702,-947778297,-1321430552,191886406,-1533663265
3,7,4,3,10407,885407988,9051349,354707423,935612109,1193271575,822127490
4,7,4,3,10407,-1932705564,-168080556,602480130,-1203727862,772143684,951813815
5,7,4,3,10407,417517866,256564063,1844577561,474977371,22167384,-393046933
6,7,4,3,10407,-1671943852,-106381919,-1581120986,-295934594,-1571829297,-1713171729
7,7,4,3,10407,-1773813949,-1113630262,-500261776,-877986502,1234064596,-411185599
8,7,4,3,10407,1518728059,1774861735,-189259727,1494877284,1475959071,1081317466
9,7,4,3,10407,1209886581,298380835,614212549,1814272503,1473874021,580126432
10,7,4,3,10407,-987693650,955379775,694308001,-318255909,-1693579907,-530984229
1,8,4,3,10407,-61185890,-1846872783,1410663976,1090597385,1394162729,-131532905
2,8,4,3,10407,-1037586946,-918087238,1545682317,-2053862251,-1767044673,-122055541
3,8,4,3,10407,1902004822,1181700515,-866792811,1393272254,-815854156,122788960
4,8,4,3,10407,-1972566668,994321789,-1518379164,-2089671570,138722358,-413910893
5,8,4,3,10407,-1580189388,423509601,-1895498135,544142329,253500977,1077399181
6,8,4,3,10407,-120577683,1103629043,778370403,1954799331,25075992,16136314
7,8,4,3,10407,1023696277,859998668,-354220253,-1285336580,-1280828532,-254243113
8,8,4,3,10407,-1842020590,1006602561,-1783509875,-1547921647,-1144358796,773782469
9,8,4,3,10407,912242181,-1800827570,155536143,-1277071870,-457519503,1266451393
10,8,4,3,10407,241921611,2032980910,1238540385,289073370,1848883133,550399194
1,9,4,3,10407,-1855984691,912596306,817917489,1953213600,1128711093,-2106487581
2,9,4,3,10407,-1180406353,-2045355199,126108207,1024776429,-490016025,-10320476
3,9,4,3,10407,-568580362,-194660543,-2007187359,823586638,2010979569,928754260
4,9,4,3,10407,2046902121,-318077381,1898639960,1766932966,113306089,166981201
5,9,4,3,10407,-1424583202,-1351702974,378940939,-1686433104,1589507307,-201410548
6,9,4,3,10407,1891959097,1538118682,-1026804755,-606995028,1964334010,1621021908
7,9,4,3,10407,2104520773,-1431757562,1521670032,1113317012,1124345569,707230917
8,9,4,3,10407,1682693244,-1906531929,-1097281253,-1147640346,-555785424,598977273
9,9,4,3,10407,-1408723310,867880054,1755099660,-998911401,-697866154,-316135411
10,9,4,3,10407,1423757148,-1537103932,785796016,1278146474,-1532010146,-1284341583
1,10,4,3,10407,1118489673,-1057333101,-2002008920,103018189,-634675275,-1763310115
2,10,4,3,10407,1240764426,1146029707,106058974,-1919400528,-719608697,-568722957
3,10,4,3,10407,-2105866096,984493553,221935752,-1055009978,-166369938,-1252869685
4,10,4,3,10407,1630507289,1404725062,936473357,-1087680225,-375509796,-2040642803
5,10,4,3,10407,-1719927078,1479704416,711270102,1783432683,1459375841,1850852470
6,10,4,3,10407,1788843963,-81827511,1375158261,555571629,1225937167,258581058
7,10,4,3,10407,-1493650833,-310097034,-432273371,482273492,1183931884,1968039675
8,10,4,3,10407,1666006585,257779001,-1237269078,1521440086,-843545610,81672423
9,10,4,3,10407,-550857365,-938014327,-1504061551,443826706,-2110639871,-580171276
10,10,4,3,10407,-798271014,-1866081063,124578931,615174692,447928119,-220065549
1,1,5,3,10407,-837079922,-1837928335,-1547708151,1651087260,1774870212,1435928263
2,1,5,3,10407,1098646068,1739858608,537060482,-697954312,1751618756,40674665
3,1,5,3,10407,-1339215008,756811872,-433037173,1033049925,99585133,364796901
4,1,5,3,10407,388822383,913344035,1278322974,-991399606,-793577492,1775116852
5,1,5,3,10407,2011401261,436356034,-613066591,-348296280,100621263,383532585
6,1,5,3,10407,436445845,-752895792,462327953,1563569572,-2084510098,88502467
7,1,5,3,10407,80356479,-841948659,278463680,402310805,1409465248,517834012
8,1,5,3,10407,-1663209501,680212718,-741523495,-797529592,2129623339,195184776
9,1,5,3,10407,-619843258,1228979840,-526259297,121794098,575776960,2091015096
10,1,5,3,10407,-171979621,-1452646715,206135346,-964425850,2065791941,1116059791
1,2,5,3,10407,1716325011,1828105139,68672921,-1587225320,931671504,693207658
2,2,5,3,10407,2101069761,-659503189,1589420432,919573685,2119743155,-1687465035
3,2,5,3,10407,-164871791,-1153418920,-558230784,-1916856383,-390002273,-596783948
4,2,5,3,10407,-440068219,1312592265,1308312043,723148279,-1274789681,-1515632747
5,2,5,3,10407,-1438507831,1015380514,750685328,-1377149292,1577497952,1734177213
6,2,5,3,10407,-794176426,-1012742192,-2009964183,1800182036,1546336038,1892422205
7,2,5,3,10407,-380897314,1995902507,-1789372427,-133708495,132935696,1270102590
8,2,5,3,10407,-1106595821,1331916798,198859099,-95860366,-194301714,-1961454581
9,2,5,3,10407,2111967854,-1822119900,-500704767,611559768,1498145390,-977420335
10,2,5,3,10407,-1000158281,2056429094,-1368564255,270993415,-428447318,-534659539
1,3,5,3,10407,-1773402470,-2040149426,-1993173149,1775045207,-1038139957,-811889847
2,3,5,3,10407,-911123165,-22208890,-496838816,1152749528,-708361283,-74364255
3,3,5,3,10407,597626688,-1562547218,-171582748,-1664165851,-175222006,1427650903
4,3,5,3,10407,150140959,-2125163342,-647968379,1911630784,1611473174,-306253675
5,3,5,3,10407,-1869478557,1840874777,-1837370314,1759568333,173526586,-268188024
6,3,5,3,10407,941424070,569893107,146109235,297662350,-945624690,1292108900
7,3,5,3,10407,195637884,-1353459846,122631885,-1997981261,975505987,487380505
8,3,5,3,10407,1548082384,1137758274,1009469031,1042193656,-793520113,52575634
9,3,5,3,10407,1675197601,-1187263218,298212143,370954940,1185042913,-235011354
10,3,5,3,10407,-1676073744,272571820,1215758096,1167968606,-371424254,174537157
1,4,5,3,10407,-1812392113,-1321866460,1191756363,-1622766292,2031029995,-1393461945
2,4,5,3,10407,932425320,851595873,-1560436569,-1981136624,1398442575,-1137880729
3,4,5,3,10407,1405054263,144619844,-489323343,-812471753,781418472,-328784874
4,4,5,3,10407,825932350,1401724795,825539254,803965001,1420776649,-2017989090
5,4,5,3,10407,1100981199,2047246847,648547080,1492909725,1919259117,44176995
6,4,5,3,10407,-1338851007,-623927609,-2022243959,1931352035,1285309074,-2082612328
7,4,5,3,10407,-1663519425,-1586187467,151514961,-1209259070,2001907810,786047701
8,4,5,3,10407,531448481,1057468094,-470982445,604473475,-1309829778,-1717673011
9,4,5,3,10407,1649154870,-1591488012,-2020248303,-1898296803,719349263,385449827
10,4,5,3,10407,88699121,-1834975963,-1870693476,-234452991,750710256,51620372
1,5,5,3,10407,1154472963,67456605,663070725,-618426196,1087256025,72329926
2,5,5,3,10407,-937443197,930564550,58377619,1780178,-1828456949,-947634354
3,5,5,3,10407,-1238133403,746211243,1461623558,-1497498280,1944135822,2020409448
4,5,5,3,10407,-2120426023,-1631063631,563633170,1254926069,-178421861,-1367897361
5,5,5,3,10407,-682377314,370443523,-187220033,266178003,-975335193,-590192387
6,5,5,3,10407,1597292965,-1773710268,-484451188,2074584591,-1262452304,-419655096
7,5,5,3,10407,-1130629702,721027526,-231341400,-842897340,-264363336,-712905213
8,5,5,3,10407,-458608031,390198482,-1314956093,1839413974,-175825869,1909088341
9,5,5,3,10407,1784591603,-339606811,337166320,1592792872,-692674614,1633772175
10,5,5,3,10407,801674006,-636593373,657753954,692701733,-37933465,-2116336651
1,6,5,3,10407,1229627807,-886128556,392303501,-116922935,-1073571859,709952546
2,6,5,3,10407,1719831975,601983910,799917275,2049134857,-965976150,443651389
3,6,5,3,10407,872577114,1131124155,-881403104,343911501,-1075530249,1479875298
4,6,5,3,10407,1644741278,-949135098,-2127650729,-1354992828,72544367,1412201490
5,6,5,3,10407,-1097107411,863113563,-923521083,23867430,71012757,-18591759
6,6,5,3,10407,1760833342,-1301345912,5169948,-1731143967,1331973665,1530348768
7,6,5,3,10407,1849053729,-1525658843,-482672867,-171908882,357808527,-315692144
8,6,5,3,10407,1043378121,799159337,-1921987324,1387461871,-1395054736,-1476591528
9,6,5,3,10407,-1427542471,1998706017,-1855188343,1291924566,-1207350838,-947125197
10,6,5,3,10407,-281004810,1478349659,-556904068,867925936,1661436748,636692146
1,7,5,3,10407,341765189,1247434058,-959855537,-260826046,1071312664,191683740
2,7,5,3,10407,-1078649585,274618508,-671060582,1348534532,546308687,944730849
3,7,5,3,10407,-1254606830,1954034354,-1867695492,-404898756,-994708028,-1388210339
4,7,5,3,10407,236902528,-1567198310,2037107947,-2437474,1055089815,1134451234
5,7,5,3,10407,-1322340357,-1466111593,-113144398,-512436976,146060417,1949571468
6,7,5,3,10407,587403042,1141245656,-502471215,847472093,-2068098690,-1377431799
7,7,5,3,10407,-1788197286,1901249413,-271970290,-1910109600,-1789995370,1698547395
8,7,5,3,10407,1650138565,895265485,274493979,2061298779,-1950980260,-65765669
9,7,5,3,10407,-314592982,1028840497,-821325546,561939145,-1478713716,1760699068
10,7,5,3,10407,1449875968,1955955159,34488801,533521462,63934835,-1781027462
1,8,5,3,10407,231041091,-1011919117,1656144892,-1512358019,520672208,557642224
2,8,5,3,10407,1757317683,1795592313,701166441,-1644829139,1050415621,-669320278
3,8,5,3,10407,1853350292,-970546843,-1224510803,-351817247,-1338109405,917534610
4,8,5,3,10407,-369188160,-427184138,586706786,477099879,-706243742,-2065096325
5,8,5,3,10407,-44172519,1233078089,-4270567,1999495035,720919016,-1829638553
6,8,5,3,10407,338578310,-1488220660,-545199839,2116542293,352195557,341093435
7,8,5,3,10407,-663490419,-208839533,-867297486,-1376751446,-890490467,123049453
8,8,5,3,10407,1606589385,353633960,954107709,1577697954,-676230555,-1808832889
9,8,5,3,10407,-2060040091,-2044814106,1817125663,-431744385,-26838699,-1732275551
10,8,5,3,10407,-1402215682,-135439802,536217187,-1967259101,542203202,-1372104895
1,9,5,3,10407,-1016386295,1725734574,-1790360562,1274788151,1639957446,-1697647971
2,9,5,3,10407,342985254,-445470442,-1880342488,421165784,351048792,1141786126
3,9,5,3,10407,714505316,1321934700,508712503,757000166,663761869,725355583
4,9,5,3,10407,-1268035463,-2070288188,829492501,1136917799,1346006699,-388403706
5,9,5,3,10407,1439404721,-65470954,-1322115891,-1750758645,-2067122561,-203118379
6,9,5,3,10407,-398355518,-171499450,-1875537596,1557046383,-1414889561,856166087
7,9,5,3,10407,551440433,473130431,154362039,-343548586,-1087670385,1743011643
8,9,5,3,10407,-282330683,1290549199,-1459239826,562697401,-231221888,-512275307
9,9,5,3,10407,403554380,1706356729,-8727986,1424834416,465725574,2010372278
10,9,5,3,10407,132540540,-1934651251,-514929018,-1301669293,1190409631,-2047710174
1,10,5,3,10407,-216883119,238027796,643860438,-513745104,1677804963,-86577087
2,10,5,3,10407,-1715994606,930143357,-1900908947,1590869123,-360702298,1870412951
3,10,5,3,10407,713672655,557415248,568862801,-1478845407,-1320456406,-1716465229
4,10,5,3,10407,-1137579793,1711321922,1554420962,803287563,2099514092,-170534265
5,10,5,3,10407,-87874264,938534637,1413811297,1201360552,2011973531,92519276
6,10,5,3,10407,-1533682100,-1199959311,1682885091,-1923121355,501850363,236814672
7,10,5,3,10407,-2107535341,812616121,-797788813,988762924,-524152399,-287177620
8,10,5,3,10407,-1672014371,1448213259,-1369580623,1911713461,-564741092,885096236
9,10,5,3,10407,-517899389,-1916875877,-1849127992,-882894483,-413152063,1495462116
10,10,5,3,10407,1052532166,-1656077921,1114629195,354015368,633032143,467695950
1,1,0,4,10407,1959613414,-364105235,-1860440624,-251092814,1852556270,-285177302
2,1,0,4,10407,1182840555,-1368763051,-838305091,-695267821,534723406,1714223754
3,1,0,4,10407,2124042000,-2081325948,-345334149,662026467,-2029957633,2000304942
4,1,0,4,10407,-1746278313,1957612109,-1920830952,-1311978275,1269421761,286740658
5,1,0,4,10407,161671360,1615480403,1111133664,-1565255285,-1828675095,-103497537
6,1,0,4,10407,961227162,-1832690203,1744538407,1309958504,2108315017,593380731
7,1,0,4,10407,-1479082125,1398766195,-602363860,835680291,-1910644986,-1634318641
8,1,0,4,10407,-2032337001,-473661301,-1214173897,178997940,-1953731179,-1717419000
9,1,0,4,10407,-1171077886,1656836565,-1790641741,-607480514,315225150,-251654803
10,1,0,4,10407,898901482,240291993,-1199213903,-230135850,1334461186,-1304503319
1,2,0,4,10407,-1367672136,-2020849471,1243649972,1919046199,2053988768,719806985
2,2,0,4,10407,-159482291,-1036931891,1553957065,-2134932664,-1692608902,1388694806
3,2,0,4,10407,-369385301,-1032373879,-1347437104,573126186,-780783405,-1875363112
4,2,0,4,10407,1531036362,-1732906065,-1729543046,-1442458503,1367036693,-1499348122
5,2,0,4,10407,1029662649,367527093,2101336782,461174068,1974915240,-322406143
6,2,0,4,10407,-589280182,8885384,419172608,-402125696,-1590321553,509320438
7,2,0,4,10407,1547600293,-898532199,-1742070459,-51939436,-978210252,2133901683
8,2,0,4,10407,-1691701718,-1969138464,-2016743749,363748494,179620806,1512590986
9,2,0,4,10407,1872143487,759489935,48408553,1591597655,-581024023,661827523
10,2,0,4,10407,630954664,712133843,988938825,-831438842,-1200974738,253411173
1,3,0,4,10407,460796850,1907797572,-1495217103,1860786612,-772609155,-644763620
2,3,0,4,10407,115983996,1239407359,-942426155,-198103182,1320664296,499173514
3,3,0,4,10407,-1400911824,-38040058,151619931,-689073013,498064410,2116876031
4,3,0,4,10407,923849477,-647881060,-525635645,-2103800942,564875936,1725208847
5,3,0,4,10407,-937982229,-1144255912,2080726942,-459965487,1929817808,1184708161
6,3,0,4,10407,2126829964,2127466461,-1628385684,417281886,-147160115,-500343370
7,3,0,4,10407,-380683463,-791309088,908791272,-309829677,-519150435,-2034571977
8,3,0,4,10407,-1129392906,1928653751,1710902176,-912496956,1270479777,1475149433
9,3,0,4,10407,-1029729545,1595332993,827235654,183216371,-1920732584,-1542274733
10,3,0,4,10407,-1987864965,-1108211814,1949155746,1281322961,-852781165,508365238
1,4,0,4,10407,-362796444,-889813301,-1195713426,443561901,1274234573,-519599037
2,4,0,4,10407,1565629008,-944367307,-217962753,-1422915702,932738190,-140214871
3,4,0,4,10407,597281998,-52348963,10583511,-1190511600,1481894041,-181851402
4,4,0,4,10407,1326807575,-1570924610,599366348,2091514461,-2102512047,182537240
5,4,0,4,10407,-197619385,1401903313,2108632183,-1017197482,-1513771512,1363247277
6,4,0,4,10407,1920439793,903400450,1629815201,1763548263,1831621137,-1672298037
7,4,0,4,10407,1063111789,-1956381884,-79037338,1279922209,427694686,1178427258
8,4,0,4,10407,125092910,1412948343,-164591730,-1815322768,502081896,-1819008153
9,4,0,4,10407,393106111,-98772203,-837848238,1235392368,-1687737119,836322115
10,4,0,4,10407,-1002269868,-1905090534,1295774077,984207862,1277899337,-220856033
1,5,0,4,10407,1188797534,-874332181,991898811,-2024282667,1648372240,1031630585
2,5,0,4,10407,929606461,-2030387029,-1212662425,1592623159,1750040456,-153186443
3,5,0,4,10407,-58394716,-106178995,583495698,-27776817,364659740,429908700
4,5,0,4,10407,733998928,-458400621,548893771,1822142606,-329160740,1177084836
5,5,0,4,10407,-167575704,-546682900,1318710590,1594951602,-1173022827,-807536804
6,5,0,4,10407,632700688,247567587,1804375844,-1658576519,852939417,1209687914
7,5,0,4,10407,-1330660928,1816068178,-1187513116,-1778025096,-1602944157,-1312577884
8,5,0,4,10407,1867246117,900977829,1252201942,2138888292,2039489854,903169684
9,5,0,4,10407,-495248374,-1343522901,-1930660120,-197707344,-1073975695,745002051
10,5,0,4,10407,160035693,68023943,-2135668136,233222260,-94847358,815955534
1,6,0,4,10407,-453016443,-618209901,-2096455493,-884292626,-943791958,-685729641
2,6,0,4,10407,-997392717,911961172,-420192001,-821350604,-1757722439,1258083201
3,6,0,4,10407,1277729473,112011319,-1214899974,2142930877,-1778959760,-1260897673
4,6,0,4,10407,-554758610,-1539596694,1376653812,1915199819,1804528953,1887948382
5,6,0,4,10407,-582555898,2111591256,466434771,-1366676536,1281387821,-74561538
6,6,0,4,10407,32506305,1956554483,1771344927,1582341919,1887675191,-375645952
7,6,0,4,10407,1051117206,628744428,849459469,1115896590,-1313359831,-2132731455
8,6,0,4,10407,-1539224204,1478779867,1977651716,551708534,1553222235,-1951011801
9,6,0,4,10407,-1814525415,1721669116,-893455901,1932466132,1708587055,376582851
10,6,0,4,10407,-1494327088,1152851789,-1517158498,1492419538,1377613453,-319936956
1,7,0,4,10407,-885104800,1404777583,-1348555996,-90786778,1543269744,-2136368143
2,7,0,4,10407,1292694013,-196688237,38904806,1481246553,-1193568159,818563702
3,7,0,4,10407,1538079407,-1753746728,1915354045,-908097865,1779113218,-2101197404
4,7,0,4,10407,-303830520,1184478253,-864813568,1697913689,781772553,-346179136
5,7,0,4,10407,1922481870,1230690750,1636034200,-914595525,1917943957,1652773777
6,7,0,4,10407,-1916664080,-1107711862,-520479236,-234207852,1121559355,514523228
7,7,0,4,10407,1788050279,2039327271,1590177180,-83547952,1055772653,1741657052
8,7,0,4,10407,366571272,1142387762,-713588941,37177759,-1111792009,-502954152
9,7,0,4,10407,2091241297,1606948682,-274625410,1713274515,910338145,-328069249
10,7,0,4,10407,313572166,-1912400828,1696521193,-988889638,-972292073,987161475
1,8,0,4,10407,1310934900,1548990169,-2139884198,-1293037796,-1423321121,1939468826
2,8,0,4,10407,1218740602,1148204100,735566827,277602083,-1251854985,-788854037
3,8,0,4,10407,-1511539315,1606195200,-1355598743,1624557326,1199415946,-71305691
4,8,0,4,10407,848845998,122146297,581064145,304569968,-1310200462,602292043
5,8,0,4,10407,159845693,1599349455,87429453,1821652848,-1765601229,81972421
6,8,0,4,10407,-1921275506,1755650503,766119006,-835363999,1335036846,-311179418
7,8,0,4,10407,-558008880,-860988193,-70210905,-1477794162,-2116927870,1024634965
8,8,0,4,10407,-2118360781,-601303160,-287649574,-1287290898,403272357,632242065
9,8,0,4,10407,-1022932611,1982011410,688387249,-2110170593,-1102767681,-473464813
10,8,0,4,10407,1971315569,1301423246,2072755319,-1902795700,-1128413929,-1625100941
1,9,0,4,10407,-1175771108,1921560882,-84252978,396603124,1486457326,1873741474
2,9,0,4,10407,-1583635569,-771400272,2026044677,-909279896,862614327,1467448891
3,9,0,4,10407,-1937187098,1183608122,1432001820,1795665958,-739092356,-486299092
4,9,0,4,10407,886901581,-732281124,-1474847178,343919395,45522489,-2102301385
5,9,0,4,10407,1300946098,-1866490989,-472163811,5920068,-66997215,1872580224
6,9,0,4,10407,832307785,388760701,1707904126,-1290637336,587188542,400851275
7,9,0,4,10407,-383957148,-1886605286,1320222717,970416112,-688517826,318314031
8,9,0,4,10407,-959176851,1029146126,-364445049,1706670122,1041623932,-98257207
9,9,0,4,10407,-350315021,850935420,-710188044,1938732761,47414614,467412233
10,9,0,4,10407,1639902308,1435041212,85359486,1348085505,1512933663,350146380
1,10,0,4,10407,-590816475,586063196,1663471573,-1204355034,-1761827130,1106921932
2,10,0,4,10407,-1856106977,1052599605,936100418,-518135289,1340106457,1640332371
3,10,0,4,10407,994787089,65442553,1500523344,-77193792,1159620149,-547570924
4,10,0,4,10407,1980968829,-1350961450,-1750333812,-1001178122,1619524003,-1983317870
5,10,0,4,10407,236631245,-1544810093,-1686176562,1861058486,669678351,1952578165
6,10,0,4,10407,-685785707,860409041,-1719400963,1583668052,332999974,-1414962163
7,10,0,4,10407,1524603744,345490844,1789195877,1807760332,-371008876,-1162356391
8,10,0,4,10407,-79709891,-2018944676,-785748157,1616555086,1993767490,112103822
9,10,0,4,10407,1097278372,1847309453,-743393432,-1952569071,-1403213034,2009983064
10,10,0,4,10407,-411707369,-749514560,893135303,-1631789050,-1736325903,1831437264
1,1,1,4,10407,1850453006,-470071159,-902027590,-1391159768,-780839196,296408388
2,1,1,4,10407,1241242918,823724562,2049067408,-67055373,-1573683218,144898032
3,1,1,4,10407,1516934551,306915630,68527149,2063702143,-1289491429,1085495538
4,1,1,4,10407,855823897,-351943179,295293081,553590202,-1829368144,-861101219
5,1,1,4,10407,-1288749323,-325395242,198066740,-1771836565,210798438,-878688351
6,1,1,4,10407,282491208,295178840,1167571473,-1419405975,-1579803839,-1990044442
7,1,1,4,10407,178942444,-709945920,-225129675,-1494733896,966570551,342839555
8,1,1,4,10407,-650073149,1566469480,338159642,-2035199597,-2050242205,-349043202
9,1,1,4,10407,-668922706,1731249167,-1084049378,2003269312,-114230811,1722863841
10,1,1,4,10407,420267194,-297122261,1418615736,-1661681333,-1438427977,-411767599
1,2,1,4,10407,933214692,-110096672,726021764,-748395192,147193497,-1336038020
2,2,1,4,10407,-1335698014,-44161194,-1093015672,-1248988401,-1913368147,-2086072263
3,2,1,4,10407,-576210018,-403571026,-1255601746,-963561300,110853473,579565151
4,2,1,4,10407,-253455251,1258957911,2093372917,-230780207,-73111338,-249501770
5,2,1,4,10407,188175566,1381030729,-2106491724,1665508888,-885038661,-1793041957
6,2,1,4,10407,-1591776533,-1769221043,-1173885686,956820432,1192479056,-749607759
7,2,1,4,10407,-323489104,407725906,-264113688,1448638735,-1623587598,-795828489
8,2,1,4,10407,-451062222,898834054,-1276734856,1557034953,2009473732,138242379
9,2,1,4,10407,-1036817239,1930159944,1651162422,1970160229,1073515515,-1573883408
10,2,1,4,10407,-1828343827,-140909875,-692435705,-1061377825,349656277,1780440106
1,3,1,4,10407,-852925094,-595955749,510387081,1943824980,1496164808,-1269713495
2,3,1,4,10407,-353051370,-1489550335,1327583031,-1825333352,483022539,883651153
3,3,1,4,10407,-1787069534,931256502,292150899,1825467392,765742802,-2060927911
4,3,1,4,10407,532056491,2125602227,-2002928781,1287028077,-877735621,307702351
5,3,1,4,10407,-590610445,-805850417,1264905271,-1250658677,308658119,1382555214
6,3,1,4,10407,717241390,1390442709,-90943010,930218431,2075804270,1406537288
7,3,1,4,10407,-256779668,1459431843,-635553250,749075382,1707924688,106549215
8,3,1,4,10407,-2141676191,1691010709,-806418345,1117886767,2107559000,-213420956
9,3,1,4,10407,1410450595,-518752256,481052936,-1815205981,2118314767,2068509698
10,3,1,4,10407,581328130,-1797115640,171571566,-1369855213,128785637,181469544
1,4,1,4,10407,-734234647,1712802226,-2100619037,1256938718,-1938324736,-1311653597
2,4,1,4,10407,1185209618,-651972795,-1667215548,1010550346,-1096011776,-288990163
3,4,1,4,10407,-1367475247,-817102191,-686575889,525757989,-1275279756,264370623
4,4,1,4,10407,1360028068,392077872,-533337871,-1030179666,146848520,-273787426
5,4,1,4,10407,-4671309,2018474885,429565011,-197243713,316710115,2066013844
6,4,1,4,10407,-1660725204,995718181,-268916537,1399581793,-2073126019,-1581721544
7,4,1,4,10407,1862975383,-47450032,-1442410023,585689451,-17678391,1514355358
8,4,1,4,10407,1225902386,577459530,1958781644,235168718,-1651543628,-1437442190
9,4,1,4,10407,1355433630,1500005031,-1761053204,1279952357,-790490357,1265519075
10,4,1,4,10407,1106369457,-855953177,986458664,-1722008584,-1150057102,2042389132
1,5,1,4,10407,-1571744335,-1409418923,177448259,-2093871218,1204446770,1598633893
2,5,1,4,10407,1675727354,943508644,554390095,489907807,-455923740,1210244522
3,5,1,4,10407,797394149,489825390,1689544027,-334668836,204580062,-1380139838
4,5,1,4,10407,1846789595,-1916797349,-528457502,-703059179,-2047534520,1533032453
5,5,1,4,10407,1983050111,1965699000,1013889515,809021800,216572533,-828511658
6,5,1,4,10407,2086173810,633500025,-741108774,-1527997755,-80569024,263727810
7,5,1,4,10407,2003737026,-1902336574,-558626921,1726087220,-494527083,1421071654
8,5,1,4,10407,1716697520,104928088,2041908518,1707961353,2136563158,-390779347
9,5,1,4,10407,1632460558,1940257141,256100028,1262882151,-1621216101,-1423564509
10,5,1,4,10407,-889903506,133342083,1193778350,1232069829,1420452009,463274425
1,6,1,4,10407,402211065,850440869,-546680556,-958904280,-330616162,537140545
2,6,1,4,10407,-642420855,51934594,-1375957576,1621361439,1913622930,-1394011884
3,6,1,4,10407,-1026436799,1670411183,177421667,1381269722,1453878312,-154084335
4,6,1,4,10407,107395324,-1619366596,1590552753,-1806068808,1663116612,1195206184
5,6,1,4,10407,1105499991,1206891425,1340558261,-1552979748,-593015254,1361848019
6,6,1,4,10407,628625221,1804692935,-1212944068,-1113246966,911707567,-2050847351
7,6,1,4,10407,-1566468861,-1983341627,-1587388849,-2056200546,793133322,-1491915008
8,6,1,4,10407,2089738603,471164034,976849123,1340287447,-589904582,2114379902
9,6,1,4,10407,1728960534,-735672552,-167242592,-418027754,106194877,753407993
10,6,1,4,10407,-437889168,125652718,1569399999,13099314,-1019732158,-1107515450
1,7,1,4,10407,1107760764,1596221186,-490744136,1365922980,298339231,-822270369
2,7,1,4,10407,49307636,712505333,1580916173,-1834286221,127177164,204960610
3,7,1,4,10407,1274175432,-531211574,712623822,1706134359,-2100843695,-726608461
4,7,1,4,10407,-1445376157,875834907,1333050990,779791689,1921524130,103463501
5,7,1,4,10407,1591580990,-720505537,962249906,601161011,-379156804,205173437
6,7,1,4,10407,1583243672,-809985132,-904659579,-1451320218,-1345296407,-450358145
7,7,1,4,10407,-14798583,1490274406,2085453045,-1114701455,826686841,-1334841224
8,7,1,4,10407,1841476320,-1306276837,-1700196161,1656321851,939855725,-579251951
9,7,1,4,10407,604149965,1181918853,503801146,-31774085,1026985257,528504944
10,7,1,4,10407,-1296340640,1494406582,-144941960,-766068668,-1471585887,673573121
1,8,1,4,10407,2074641177,-2025886991,1775018476,-850590356,1624255704,500114175
2,8,1,4,10407,-1776611202,413907032,-1801475294,9624308,-1739839986,1764373250
3,8,1,4,10407,-2042193673,993368136,-619860178,-1466501268,-817714384,833285919
4,8,1,4,10407,93387277,365258678,-1766846245,-1056458341,-1946307631,2011395781
5,8,1,4,10407,1243933097,773154721,2110274174,-1906102681,671465489,-1761223192
6,8,1,4,10407,1665655361,-1057683570,803861206,877479320,-1410867526,606064256
7,8,1,4,10407,-511650517,-186051010,961767423,-165470082,977662692,1119915473
8,8,1,4,10407,1468227187,-1916714053,-617691644,971941150,-673346841,1764183378
9,8,1,4,10407,-2121842912,-1658642261,451663420,997446590,1972390353,-1426674842
10,8,1,4,10407,-1456144720,-1776288402,1152424169,-958379518,-444012818,1966877261
1,9,1,4,10407,-1200828642,-1095814246,-1886094813,-335912076,-683773821,-1882726938
2,9,1,4,10407,-1893159339,-1959611938,-1276548096,1653665188,-1834233322,646622469
3,9,1,4,10407,748772354,-102875780,-1403822897,-953488404,-954054388,1793010291
4,9,1,4,10407,1560335728,-610161870,722920295,541219472,1019149599,1517725727
5,9,1,4,10407,-1182786593,-195086497,-632657679,-560452460,-973649948,-1246156073
6,9,1,4,10407,348982144,606604620,-355233795,-75779195,1159456204,-1591303697
7,9,1,4,10407,-200593696,-2069507170,-1399999422,-1316586043,971991444,225481132
8,9,1,4,10407,-2071614410,1339323918,-478585570,-363609009,-1739626456,887130754
9,9,1,4,10407,-579294568,-324914164,1402054064,-861899900,1234596261,-1918837435
10,9,1,4,10407,1529519568,1968807225,476888578,-370682042,-14977689,1242594426
1,10,1,4,10407,-184819004,71369359,-1725085228,-1096139865,56975232,776899962
2,10,1,4,10407,-1305938313,426490927,-117134870,740737893,2076644919,-1504623984
3,10,1,4,10407,1647406205,-751494680,-1388555425,-2040309252,1526253039,-1968589779
4,10,1,4,10407,-782514970,858297295,1614888155,-1990231327,-1619003444,-1140296768
5,10,1,4,10407,-662020808,-1206480508,-1505014352,431237474,-1042486523,-1721283362
6,10,1,4,10407,1533390748,-1638893226,-1288054048,2117438141,604100154,1726961249
7,10,1,4,10407,-1175467990,170645538,-201325282,286075753,-603378307,978938161
8,10,1,4,10407,1663851046,-872429027,-682509430,-1016857271,-1050582273,2131239309
9,10,1,4,10407,584610299,-859931989,1608398065,1304685376,167985108,1772799262
10,10,1,4,10407,-726111100,-655333101,-504067567,-435088975,210551455,-120540413
1,1,2,4,10407,1877975940,166875835,-1758064038,-1503693799,-1231237936,-1439220742
2,1,2,4,10407,-1635258715,-1676829074,-1494896288,1262243115,1719431942,-1659252221
3,1,2,4,10407,1484567475,1111040151,-1271349718,-2140220533,574731413,-1425487722
4,1,2,4,10407,884549993,1862438539,1603755798,-850188920,352272454,1308567656
5,1,2,4,10407,-431595618,1644528515,-194300547,1444951308,545966132,1564432975
6,1,2,4,10407,1262737858,853983774,-1831064073,-283014521,-1277245490,-954019551
7,1,2,4,10407,280590553,749438900,1516574643,-1667551739,1771026871,1108968872
8,1,2,4,10407,147853843,-1087426399,-1685406615,2028093740,907161584,235066264
9,1,2,4,10407,1014922556,1172812441,-1147272974,-54593642,-432808904,168812955
10,1,2,4,10407,-180067833,-803041175,-334271177,1372401317,275943383,1183894497
1,2,2,4,10407,-598846356,1650600444,1106824230,1885108572,1675279474,1948081979
2,2,2,4,10407,-1585054309,419735316,1493651337,1094888488,-124826215,659064931
3,2,2,4,10407,2122190,-1168111942,631458384,1357269183,-1346234979,-740942141
4,2,2,4,10407,874879462,-715723119,-1627962340,695520924,1193906928,1918342637
5,2,2,4,10407,1008779340,961005280,-1555556747,-1110788962,-616981464,-559560336
6,2,2,4,10407,-908727964,-528763143,-2078280661,1511836686,121201133,1063065078
7,2,2,4,10407,-430118823,1286384642,-1278544694,103360808,-14198034,-896050621
8,2,2,4,10407,880022933,-570476136,19215044,-162799348,-1396156873,-946365885
9,2,2,4,10407,1685938373,1774838936,-1048651135,-1733823809,307273625,368960157
10,2,2,4,10407,782048961,617247944,-1063508099,-2010369792,-377982648,-1287971605
1,3,2,4,10407,1269002962,972723562,2038982592,947646111,1038428813,1914393744
2,3,2,4,10407,-1464118852,1340581494,-1905195084,-1276789379,-280400605,-1688507526
3,3,2,4,10407,467794203,-618795459,-444784216,-361411711,-1072165047,-1433645923
4,3,2,4,10407,2018325818,-278465461,-1217053282,-664096316,1954345983,1956018280
5,3,2,4,10407,51282783,685347561,1062068466,476784766,-1508447887,-1941723882
6,3,2,4,10407,1708631872,-1154443022,-234889489,1679344513,1555915886,-951856336
7,3,2,4,10407,1417935436,397340900,1142930882,1059962881,1637035330,-168992244
8,3,2,4,10407,1243444111,-2131790308,-555641772,1845931640,825177943,-450432007
9,3,2,4,10407,-933156507,-942607605,1239953065,-1149759,1578929541,-344785350
10,3,2,4,10407,1731211703,1208767438,30915800,-1154528939,540931637,1397837646
1,4,2,4,10407,-24537446,-1478562476,973196593,690607277,1289065712,-582137449
2,4,2,4,10407,37333552,778552610,-1334870070,-1060058066,1579545732,-1640764275
3,4,2,4,10407,-1073886492,-496239023,-709326550,-735636401,-816397749,1884111237
4,4,2,4,10407,-1753100964,291628124,-935763353,-2085334592,283964142,-647629031
5,4,2,4,10407,-1373226230,170477171,-1030650945,1483813611,41510741,1876753761
6,4,2,4,10407,-1178622006,-211209037,208751090,-285000058,965673237,385029428
7,4,2,4,10407,208326012,-1495123252,1934871394,1837027526,354120377,-578135315
8,4,2,4,10407,-2116240899,-564929952,-639619016,1330781636,-744722452,-1739587726
9,4,2,4,10407,20425979,1914587629,1858942982,-219241724,1200759615,-35550777
10,4,2,4,10407,1658061958,13944503,1995859665,961902944,-683846868,1308672553
1,5,2,4,10407,877915773,-1653206115,1508295925,309255841,-1843427912,-469894685
2,5,2,4,10407,-348176421,-790511485,-434482222,1311130946,64902661,-1278378797
3,5,2,4,10407,628100936,1123307046,-835862925,-257677417,1951470819,-2071905961
4,5,2,4,10407,122157269,-1836109659,-1823875717,-1091256963,-323245406,-1918471189
5,5,2,4,10407,783293394,1309737534,-227566305,543717779,380456391,-2019518957
6,5,2,4,10407,-1945947301,2115996754,480137369,910095573,23951911,-636080065
7,5,2,4,10407,1094899710,1493188054,-2104619518,362342965,1465157253,-1074063703
8,5,2,4,10407,-2057293683,597857813,-1889915429,-648293041,1431920893,1485942275
9,5,2,4,10407,1411111889,411789398,-1205474803,-905083783,1737811099,2059236604
10,5,2,4,10407,597378843,-1780030117,-1080485070,58311239,1472006726,-928411926
1,6,2,4,10407,-526927216,-1118039937,-679848536,-430847332,-445456727,-1737944380
2,6,2,4,10407,1508085145,603606628,1744781857,-1670970522,1801467867,-518908188
3,6,2,4,10407,-2114897354,666005218,1160344127,-671953277,-1611333003,146032252
4,6,2,4,10407,1447781567,-1962975334,158944932,1319990935,1198046623,728113239
5,6,2,4,10407,1379770392,-1238286084,-988834866,837177772,1063679257,-2043968435
6,6,2,4,10407,-158417439,-1485033798,-47528581,-88690945,729409367,-969030121
7,6,2,4,10407,1986138256,-1055466325,823244175,-496838498,611422750,2113120507
8,6,2,4,10407,-636279187,915055841,324052642,704299846,1737316456,1098815330
9,6,2,4,10407,-1267473551,1326838722,-484308415,-131306857,-2104127871,841730459
10,6,2,4,10407,944691263,-1264234532,-100140013,930995671,665518203,-499505349
1,7,2,4,10407,-1276638304,513929371,-353474795,1684565817,730104300,1285317125
2,7,2,4,10407,1925794014,-284915644,2128583672,702417143,-1803423559,-792962261
3,7,2,4,10407,-1778405500,-385780465,1147866326,-567231919,-1896015537,883324913
4,7,2,4,10407,1220028216,1243048781,-216548867,716482702,-1294385284,1230335301
5,7,2,4,10407,1429985423,-1348641364,-1416225010,-2123968395,1514179152,964659425
6,7,2,4,10407,989987228,-986743267,-1114489451,-147427562,742505547,1611745951
7,7,2,4,10407,-140005708,-351337449,-714514350,59611770,-373245571,-461371794
8,7,2,4,10407,367238398,2039511282,-1902506452,1172448233,-33714284,284241995
9,7,2,4,10407,947160694,713104456,241715747,726478786,-1338391730,-2023940300
10,7,2,4,10407,-851913217,953961484,-1280347242,1341868721,-871861832,-652442443
1,8,2,4,10407,-1383561483,1158987590,-1400481043,-1749052282,-801403145,-1419997005
2,8,2,4,10407,1718483985,-936887235,1565163304,-1498609387,-1694343132,1877565188
3,8,2,4,10407,-1159511506,-1160431188,-2077240060,-1330697928,2109109601,2066701599
4,8,2,4,10407,-1521821791,1463777034,833578250,-691597122,-1235340354,-901429651
5,8,2,4,10407,387437403,14232902,490287744,1501274318,2033161409,-1250894984
6,8,2,4,10407,1373847771,1353599849,-1117170373,-1958993452,-893954596,282314374
7,8,2,4,10407,522188979,779297739,1066550626,859311020,-1396354561,1717283835
8,8,2,4,10407,-1887577925,978595548,-540101172,822400045,1689496329,922643526
9,8,2,4,10407,1603624283,1958375299,-1054615126,1755161774,964827426,-629672987
10,8,2,4,10407,495087282,193186336,1742917627,-1231692595,1525036659,-261339227
1,9,2,4,10407,1601062390,-1746199235,834039280,1225172614,1047036113,-68436365
2,9,2,4,10407,-1631105961,-1392299641,1251644032,-1036956982,-93228345,1499674286
3,9,2,4,10407,346716546,-1137862167,-830500458,1414760878,1601463652,-769702264
4,9,2,4,10407,49665590,1538531454,498446241,1896873745,-2127789753,-1000490979
5,9,2,4,10407,-890291301,-1268605386,-1020275550,-402623939,-2131954669,-1216520035
6,9,2,4,10407,1335293372,1337118306,1407096136,1128712234,1454569800,-298910615
7,9,2,4,10407,1488426,-1231806934,389482728,-1507984860,-1676689333,-1851853606
8,9,2,4,10407,-1148304543,-538835709,-1828796597,959962586,-163769673,682873936
9,9,2,4,10407,576630637,1220578704,216765210,-1452595971,-2062453307,-88830462
10,9,2,4,10407,2134316580,960167893,1294938463,89824319,-873974292,1993904301
1,10,2,4,10407,1886038936,-1742194300,-1602750722,875801065,-786389925,1539551566
2,10,2,4,10407,1362941498,702716991,1143282204,2090699908,-431914181,-2074114476
3,10,2,4,10407,603930639,-213578015,1512423315,883776450,-534487006,876499539
4,10,2,4,10407,-1337580686,1966139222,-1847217935,-1230435353,-1643378579,1967441105
5,10,2,4,10407,12212346,-393573294,1060016682,25528820,-1165059266,886388486
6,10,2,4,10407,-1894783747,-1641966693,-746418670,-171261175,-1115839845,1869003090
7,10,2,4,10407,1059854983,-1962497381,1762815265,1267097135,801952102,659836702
8,10,2,4,10407,-2017481919,1327888919,-293818016,414574495,73340778,1383829363
9,10,2,4,10407,1238522016,432012278,-1782511159,1383462838,1851836800,1180652873
10,10,2,4,10407,1017531286,1451748797,1574926266,28004575,813992747,-781240292
1,1,3,4,10407,-1756115713,2017164698,-635188938,-1856081022,-2107318189,1725387427
2,1,3,4,10407,-1101313055,2042637462,1438285512,914939286,-34614705,-106092000
3,1,3,4,10407,-1579737638,536624172,976100182,-1891323338,1768930710,-891927168
4,1,3,4,10407,-671176192,-1333999320,-391245106,576944701,-751393853,-1393172585
5,1,3,4,10407,853012182,-1309427837,-425395261,-2106663032,1256902659,279632512
6,1,3,4,10407,363140757,150399633,1580875877,-883161975,-177705362,464693843
7,1,3,4,10407,-1001387002,1886324147,-1301137327,-1655599821,660198299,-1194037020
8,1,3,4,10407,-86623837,-1153749756,-1459482339,57281891,2041892645,1011575382
9,1,3,4,10407,289893436,-400583353,53551741,-446817078,1228750077,-1800113614
10,1,3,4,10407,1880112556,802230597,2099715443,747890142,-642732634,-410822827
1,2,3,4,10407,-982727519,-31497273,-202065912,-1693348496,-220943385,-1082302026
2,2,3,4,10407,849516475,1497631963,-1198632224,529948682,-994210738,-1839796198
3,2,3,4,10407,339551321,947399682,835399743,1765042743,414492291,-1874726183
4,2,3,4,10407,1382332517,-1823114459,55274008,671734471,-320469339,295851862
5,2,3,4,10407,-1532855121,-2075974511,1044595570,123463201,281448512,-1207783839
6,2,3,4,10407,-498402250,664429653,1753031983,-181987634,1003258954,1990948406
7,2,3,4,10407,182691282,-477095407,-2022687236,766116790,-852615477,1104870047
8,2,3,4,10407,-1696709837,1591550255,-1143035057,-2090129855,1356159263,-272277207
9,2,3,4,10407,1937887947,-918143658,-1065190724,-436182581,-869763190,-1950071026
10,2,3,4,10407,-956514675,2120560560,2094777532,2089447146,-1454598024,1432478942
1,3,3,4,10407,-660246997,-358801115,-634627297,108551435,-757817689,1133138079
2,3,3,4,10407,-1404363160,-1639386456,-1538413935,1271743656,1075880354,716027827
3,3,3,4,10407,-1975379464,2131465075,407126163,714524244,465198264,1844154477
4,3,3,4,10407,218236228,942949194,103633585,-1083577485,-2050306985,-2060285181
5,3,3,4,10407,-1483552636,-226617606,-1525115247,-1602253078,-819738513,-2028676599
6,3,3,4,10407,-1014843115,-1435545915,1930072558,-211672516,260580396,518603479
7,3,3,4,10407,-1471110580,-1038872358,-1690069484,1858779631,-1926953029,40658425
8,3,3,4,10407,-1135062620,229820959,-2126196349,-151566578,1654779766,565179003
9,3,3,4,10407,580605291,-2146993747,-385235429,-2040347949,-1915865751,-1590909260
10,3,3,4,10407,1625602120,2049058172,-858576851,-1577063385,-1229999780,-2046891920
1,4,3,4,10407,759894831,737120989,39004743,34802151,-799485370,-1508150716
2,4,3,4,10407,948150252,937222039,-946471010,914799119,-468655441,520805802
3,4,3,4,10407,1140445005,-747136879,-1277071176,394949560,1615114311,167381270
4,4,3,4,10407,-100786193,121797188,1562406919,-901109571,1979440520,212219426
5,4,3,4,10407,500102561,-1752352529,296825079,-540473762,87452350,-480276097
6,4,3,4,10407,843444958,1555852918,744450619,1715118978,-272043977,-2119035985
7,4,3,4,10407,1631374101,1286799645,-1493941878,-1410909873,1277064583,1188764023
8,4,3,4,10407,1804509791,637377879,-1829015627,249612721,734768211,277958487
9,4,3,4,10407,1591649098,1917683829,1937649056,-1943437937,-1525592388,265284388
10,4,3,4,10407,1910295352,-215779481,-1175631834,976871903,59769132,107172002
1,5,3,4,10407,-1197271451,-146907533,353217679,-614144054,-1969799735,65498353
2,5,3,4,10407,2051483691,1606730450,640890795,-2073401103,1172538416,684356734
3,5,3,4,10407,-158637279,286015752,366532244,-189233088,529314536,1591676268
4,5,3,4,10407,254260008,234314446,1182363205,1000256871,-191008792,1479066347
5,5,3,4,10407,932474121,146196668,1444619505,315839234,1363467552,-122309904
6,5,3,4,10407,974156452,770115559,-635651730,-1179327899,9378361,-176375251
7,5,3,4,10407,1436650319,489250352,486551658,-1619249566,-2122889675,-1177720207
8,5,3,4,10407,833703903,-1502591349,-961463188,-1284252966,348862926,714510232
9,5,3,4,10407,-1215132987,1818814044,1965422845,-1751419413,-516838030,1281312345
10,5,3,4,10407,-1940011562,-1730637715,1082193265,581841091,-1234221121,316920017
1,6,3,4,10407,-710055211,224254248,-1882780111,-1440874386,1476848113,1305158348
2,6,3,4,10407,1146913852,-82474765,153508744,853981322,-1056318594,-112624118
3,6,3,4,10407,1012831962,1764617014,-272457877,1814626094,-1311515228,-1139218542
4,6,3,4,10407,1282054578,959232373,-781651461,-500843980,616861961,-333281615
5,6,3,4,10407,348332900,158740714,-162399669,-1557895576,164405311,-1866031538
6,6,3,4,10407,-164913759,1165179981,262062275,-301071987,-251190044,1923789509
7,6,3,4,10407,1427494921,-138877204,1204712165,-850951303,-132060981,-919258880
8,6,3,4,10407,737992329,198176232,427365006,1664588895,1573881420,1093227856
9,6,3,4,10407,12188209,1964314803,649056892,1607673761,-420535342,1768350332
10,6,3,4,10407,596629257,1047150511,-1638358588,-81423553,1001019314,-482473038
1,7,3,4,10407,-1722531280,1901109629,-2066320414,875309151,226193738,-1943379492
2,7,3,4,10407,-953762333,-1350597913,91129066,-1126413724,-794800828,1805288499
3,7,3,4,10407,-958361546,1660721611,1186282465,629667669,-639981146,-691499816
4,7,3,4,10407,1512903581,1509513582,243185580,714067900,-149600768,498551660
5,7,3,4,10407,-739874735,2060438814,-917068439,-570757092,645377484,-1199458550
6,7,3,4,10407,-1195293362,1006380470,2005439317,-674698061,-129054407,1706636709
7,7,3,4,10407,702786502,1485134041,-812222571,-1571833965,1210871746,450727700
8,7,3,4,10407,289007949,-139327983,-787535031,-219649098,393723318,-1197257153
9,7,3,4,10407,-1362901241,-1713386661,-1059315419,1873987792,369900155,-2069664824
10,7,3,4,10407,1482033268,1416002178,2017755468,-439865922,-443105073,-2019260294
1,8,3,4,10407,354322543,-629794275,1401818330,-869471666,1686546192,1166986957
2,8,3,4,10407,-1986371084,-1320982616,1552120182,-254285732,-1066927480,1270529706
3,8,3,4,10407,-919583904,-797183482,-119988357,-1922644449,-1644870274,1530557074
4,8,3,4,10407,951105940,2048741254,-639320008,563934729,-1632817202,-75184875
5,8,3,4,10407,-1468201506,1491303627,406891119,-82320338,673639726,42499802
6,8,3,4,10407,-1760582770,1941381495,2065055349,52496602,-823412522,1748983802
7,8,3,4,10407,-951770427,73786436,-1388426800,1220006043,589863060,-107251672
8,8,3,4,10407,-323851251,1495665615,2076533119,488954312,-638432967,1326503107
9,8,3,4,10407,-1602882804,667506337,-356726595,-846035814,-966650947,-2066590079
10,8,3,4,10407,1709223009,-807029046,-1992288301,445947202,-1072386270,-403614610
1,9,3,4,10407,-121792818,-1134165892,878210034,470676997,87512219,-2043980448
2,9,3,4,10407,1107253166,641112299,515647465,-1252259267,-132535852,-2096577418
3,9,3,4,10407,-457854879,-1381220032,-1620422802,-875701258,1206209760,-662633651
4,9,3,4,10407,1883420214,1659538543,1253306569,833459210,210257879,1251458051
5,9,3,4,10407,522152073,-1306616957,731503198,57898703,-506765481,-934702261
6,9,3,4,10407,-1371078699,-1101932506,119930546,-714844124,784954554,-217325596
7,9,3,4,10407,-1767456406,1894809882,-1395200646,1310322108,892200199,277706626
8,9,3,4,10407,-1441001386,-786044552,-338059128,1949813935,2056146362,-1854839486
9,9,3,4,10407,1812624303,-1675967538,665382841,-1297762464,1956691142,826983393
10,9,3,4,10407,-1360015418,-1516988287,-68478193,1098288429,-1059510273,-333507035
1,10,3,4,10407,-55456300,912917663,249832714,370606474,-1580415371,-1812544458
2,10,3,4,10407,1043736813,1599558273,1906011442,-293615515,823362561,-1477752347
3,10,3,4,10407,1120213996,2026687574,1906558858,-1481627015,1558746520,-1683056120
4,10,3,4,10407,166593136,998855202,1319405810,1917939690,299794887,-1229597156
5,10,3,4,10407,-1909323628,621345326,319461020,568415411,-1295044402,-1558511155
6,10,3,4,10407,-809940553,467004415,2112211663,-2022414212,-2035144454,486663211
7,10,3,4,10407,-947316333,-130383196,-2053720890,800917121,566316258,617524081
8,10,3,4,10407,-1497211699,1484970520,-640666544,-517468705,267978967,759787067
9,10,3,4,10407,-644168836,808819455,-814935170,1115526421,-1681913740,-956910245
10,10,3,4,10407,692744218,-64932565,948103258,-1234249852,-973325937,-809206064
1,1,4,4,10407,-1968200406,-1108229277,-889471648,1449737686,-1951405181,-880160886
2,1,4,4,10407,551102202,-2011765511,2066490404,1569514842,783200792,-994361144
3,1,4,4,10407,1067512570,756539380,-1818663722,-1763164986,-667309540,-1137147367
4,1,4,4,10407,1231467343,-493912715,1118877462,-985379433,918121853,-1341229116
5,1,4,4,10407,-1611968282,-1711892274,1769006135,-968377088,-1806540109,-19946087
6,1,4,4,10407,-825377063,-1945484861,1542839398,-1526011079,2028499600,442677335
7,1,4,4,10407,1260375785,362958421,2034046289,1544598417,-243544273,993305654
8,1,4,4,10407,524041617,-725707935,54662964,908356427,1472228372,-87591502
9,1,4,4,10407,-1738963048,1479370427,57984844,34114473,-374155289,-226852382
10,1,4,4,10407,163974166,-448914553,1875421759,752546097,860331458,-1833888018
1,2,4,4,10407,-1983782059,-1944490993,-1467022555,79386679,-2084359054,-494577444
2,2,4,4,10407,2113316816,1434259434,1146761777,-711165871,1703746703,1148068332
3,2,4,4,10407,-1481040240,722921832,147345584,1676317846,747762388,1760054965
4,2,4,4,10407,-1963435219,-1779849923,563028358,486521188,-2133198928,1010901645
5,2,4,4,10407,-1866548202,-1955265083,-98378167,-599769332,1946753052,-2046078306
6,2,4,4,10407,917360303,2000651697,1238309100,463084085,272596239,2128358492
7,2,4,4,10407,604859450,322732200,1583963590,-355602696,-1270214732,-1896269368
8,2,4,4,10407,738469788,1094850038,766971493,1271571443,529368248,296536473
9,2,4,4,10407,-107698780,-1799323306,1855588199,209601587,2063315750,1318151562
10,2,4,4,10407,650285172,1677674257,651863202,1248564482,-455271566,1495872970
1,3,4,4,10407,-1871245668,-1127547089,1131781845,126360531,-1527273184,993232613
2,3,4,4,10407,1972041041,-1702910516,-393768450,1803676366,1765911708,483204835
3,3,4,4,10407,-1247818672,611221434,914270660,-62153442,-1959707188,1176661455
4,3,4,4,10407,-671804571,212504027,1388519473,114917776,614477338,1599658167
5,3,4,4,10407,-2104525689,-773562129,1309967514,784039815,-65561368,1824608985
6,3,4,4,10407,-455139934,-17547350,1335437306,-1990384620,-796689445,2105008790
7,3,4,4,10407,743696643,1011801422,-790548271,-309823519,-137682340,2013148593
8,3,4,4,10407,-1613808487,1801651859,-1411077414,857229934,747912087,-1292077661
9,3,4,4,10407,785511878,199802980,-1469181011,1716650318,461355881,1536135757
10,3,4,4,10407,1284147473,1792758522,-605070323,746462957,1897828552,1735194323
1,4,4,4,10407,-1087530167,-1564012541,1599443635,17476902,-367103513,236292078
2,4,4,4,10407,784795956,-1071005274,-1682560755,1847560484,-585757863,961943401
3,4,4,4,10407,-1607675217,-856057246,-316441662,-2057157740,1629024617,-1725557280
4,4,4,4,10407,-1347157956,46864956,-392791701,514708736,-1150329781,-104978779
5,4,4,4,10407,-122327655,-1829560454,-1430279503,-554917769,1215930538,-91188908
6,4,4,4,10407,-423025746,713774303,2026844642,-1442433065,-1822904646,-569403897
7,4,4,4,10407,-906751248,1362291473,377409182,1608506761,1604308782,-1690952814
8,4,4,4,10407,377224313,1742064380,-1233214126,-1086316873,2102499164,869095570
9,4,4,4,10407,-1862322095,-673947763,-245548298,454673109,223873449,-803364558
10,4,4,4,10407,-867487070,591223118,-205206976,736357028,-521542714,-344223495
1,5,4,4,10407,871606147,-1229687233,-5852564,1247453638,952029281,-743104284
2,5,4,4,10407,2080309049,-1201053205,-1300402231,-1305335839,-1539546629,94904062
3,5,4,4,10407,-1572049042,-153122587,340009080,102031626,920018811,-690420232
4,5,4,4,10407,-1657373045,1241528067,105732720,-643125809,-1780432887,947109924
5,5,4,4,10407,1589779844,-1792507852,1904988809,1058730402,-1993527734,1185671538
6,5,4,4,10407,-1680215513,8277617,-1470603673,-1364260824,-1445353214,-1213509257
7,5,4,4,10407,1797082506,1781898403,495906082,141078808,-123221869,2017808233
8,5,4,4,10407,-1295398539,-1889828731,-396772234,-1189131427,1537034412,1887413937
9,5,4,4,10407,140821904,-908023883,153118244,2081282910,-699769572,-1760849346
10,5,4,4,10407,-1979956757,-625093621,-985572692,1367339235,963122037,-1735851584
1,6,4,4,10407,-1493367081,2010271916,319930714,895072176,-176638251,-1106254646
2,6,4,4,10407,-1901118900,-187523417,-335680368,1022107651,1589903677,-133545602
3,6,4,4,10407,1319060082,1033062447,411870310,-1946525463,-258441572,322551061
4,6,4,4,10407,-1245456054,108521006,1413001218,-1376521417,-508910656,-1675242156
5,6,4,4,10407,-707329917,2128664626,854870321,-1661079542,-669325721,49119214
6,6,4,4,10407,-290395789,-1631541735,-1394031309,1760618662,168115050,616029760
7,6,4,4,10407,-1810610884,1884268843,215807102,-1972895644,761196617,1299604096
8,6,4,4,10407,-869082995,-1722106863,-520942389,396247296,562954812,-1995174288
9,6,4,4,10407,1626170558,1516036205,-1568553096,1640550403,-1708714069,-1732316817
10,6,4,4,10407,1235411900,-624563391,2004809016,946633445,775429662,107881087
1,7,4,4,10407,1772307745,-577976399,1154105625,860677824,-1125032934,-1024754389
2,7,4,4,10407,311955024,155150163,676473219,2054405263,-748663584,-514943329
3,7,4,4,10407,608050707,1217617839,1577952326,-299966180,-244630948,2146982732
4,7,4,4,10407,1980446653,-179876618,-396537855,-385760371,129441618,-1537239902
5,7,4,4,10407,2138028077,-1883521501,1206280132,1963395554,1177947937,-504315811
6,7,4,4,10407,-1984151532,1842395698,-609871326,-398817157,1945488258,196756432
7,7,4,4,10407,741066013,-1133842888,-517999703,-1980633827,-2081097114,-1110141424
8,7,4,4,10407,1243964459,-326430260,1485079665,1976233552,388344724,-175992101
9,7,4,4,10407,1797239775,-1866593719,1042896724,1460677015,1736965477,-2117385686
10,7,4,4,10407,-2045939633,248174174,928508290,1382699081,-2065639235,2146364838
1,8,4,4,10407,-1932330556,-838988454,-1018144427,662901948,1033859552,-1206681711
2,8,4,4,10407,769927557,-1615381268,-1276243852,865573811,-87356954,1293348449
3,8,4,4,10407,1434852984,-1295712159,-678203689,-977340450,275154067,-1920013736
4,8,4,4,10407,-219326908,898527026,1518874561,2043112950,2088871247,-1387239769
5,8,4,4,10407,-773470035,-1077494288,1094798093,402106896,271844830,98125441
6,8,4,4,10407,1740188540,-1873904108,-1577006064,-461306664,-799124098,-1311350036
7,8,4,4,10407,980264928,1710762793,1739285919,281193998,-663281271,1503644969
8,8,4,4,10407,398890223,-1673073220,66101157,604364404,-1511093974,-2134096667
9,8,4,4,10407,-433360428,-433300145,1941399799,2030683791,369070740,-2132132213
10,8,4,4,10407,-372311391,1068867586,144760894,-964697129,-1741984884,1283734619
1,9,4,4,10407,1523660409,-187496504,2029305891,585790606,-1997009816,-1256961898
2,9,4,4,10407,20456914,-605346379,-405797150,-533516730,1439901348,-1223687178
3,9,4,4,10407,1094226551,1009435744,1418190852,885555416,-729386756,1461826456
4,9,4,4,10407,611842889,-1592374637,848014504,1789902251,1825735126,-216706947
5,9,4,4,10407,1404081890,742286859,-722367427,-1486918623,-1317944069,489020881
6,9,4,4,10407,-1985358429,2110799171,-1311388753,-387340497,-1176376839,-1512545836
7,9,4,4,10407,-2029348388,-1559855519,1950385795,-90067324,-526319935,78574005
8,9,4,4,10407,-1712154649,-763836357,-1324020330,-1234636057,317213451,356856655
9,9,4,4,10407,-1633229387,-419190803,-1430947730,-232898243,753240618,-639502955
10,9,4,4,10407,708998767,280338146,-144541652,-2125396407,1492562945,1434601343
1,10,4,4,10407,-1927132724,-273239318,1363525875,-1850829565,67818207,-915551682
2,10,4,4,10407,-970458735,1437751672,-388211795,870927707,1474417943,-1155084867
3,10,4,4,10407,1125033743,-1048776153,804171777,1464426095,1709357448,-1761083393
4,10,4,4,10407,2102901698,-1097700003,726581256,1502023300,-1211040482,-1405672870
5,10,4,4,10407,-1055953448,-1817410255,-1158259484,128447360,1011226225,1460164872
6,10,4,4,10407,1785449425,868593235,-1122028142,-237021585,2044162075,-1856216005
7,10,4,4,10407,1632112347,2117928086,-982821556,-2035055724,16910404,924940719
8,10,4,4,10407,1587386533,862362439,1432667991,-1302243229,745495726,1582119485
9,10,4,4,10407,82356184,1071341592,-1738494518,-151867440,1703479229,-1279331063
10,10,4,4,10407,1015323735,-1923681954,509562971,1098562919,-1111518191,-201599306
1,1,5,4,10407,876804981,2068898704,1207477671,445698312,-525764761,-1057981372
2,1,5,4,10407,1538002110,-1006079918,1958520947,1349510279,1862638744,2126019670
3,1,5,4,10407,-48069355,-2114558759,89001837,907711802,-1821464607,197872813
4,1,5,4,10407,580320504,1532937474,-1050465098,1648672631,-732623818,-123414977
5,1,5,4,10407,417545115,1977492275,293700309,-283611702,-1029391609,431287432
6,1,5,4,10407,-1903092203,306547024,1786995752,622954257,1155769978,-1719596343
7,1,5,4,10407,1951681997,-900822783,-1563207676,1532544294,1090874165,171368497
8,1,5,4,10407,-1798765163,628390067,-1693505568,-891683519,-1023019387,-198293027
9,1,5,4,10407,-1018489392,90284430,-1372248022,282452234,-46333329,-2146409761
10,1,5,4,10407,-2052452263,1763482419,-190419199,-1203437021,-2120451288,1396682202
1,2,5,4,10407,428432076,924755580,-146618056,-1040875483,-179307132,-91503374
2,2,5,4,10407,-255463272,62064905,-1705781768,55876199,374344343,2024227249
3,2,5,4,10407,1227376555,-2084977429,-1271052475,-1824883195,-477956742,-1621693209
4,2,5,4,10407,-1649039945,264437405,-879270002,89829549,-1901009711,-82593121
5,2,5,4,10407,-581632496,-1045417465,1138251438,997762864,467389744,-1131163448
6,2,5,4,10407,1632574815,-1009898576,-2045499365,-2035909654,127286059,-512168149
7,2,5,4,10407,2043781535,1107503623,633526643,-1875902578,1552726783,-1610090720
8,2,5,4,10407,1570246740,1505221738,794747040,1902202744,1507962398,-1909803650
9,2,5,4,10407,2101315241,-546257592,467733584,-2032402308,916660629,-1813557209
10,2,5,4,10407,119389843,1190765023,-1366627788,1358545455,-1089385427,1707959538
1,3,5,4,10407,-1979143759,796602451,-1240778427,-1259816457,-120991308,396216702
2,3,5,4,10407,-2126405320,-1120666019,1838023563,-1060045183,-675468669,-1489463994
3,3,5,4,10407,1726964538,345067384,-976458149,-1484766736,1814400049,1008546074
4,3,5,4,10407,-986127223,-1901878282,-282413439,-1196225306,-140086675,-851925657
5,3,5,4,10407,952933921,1571739428,307063080,315663938,-1208048339,1672361220
6,3,5,4,10407,809622126,928109567,998234062,1454486214,1571712612,1653010929
7,3,5,4,10407,-1016709032,-1039216158,-265186357,656532390,1445726400,-1598673479
8,3,5,4,10407,-1791682322,-199182446,1902836435,-1087931966,-687563391,746431885
9,3,5,4,10407,-799308526,-1523620105,-310857238,1595690787,-1621767278,1837268928
10,3,5,4,10407,1362599455,-1297171672,-1815920967,1376987751,241465040,401254178
1,4,5,4,10407,1205657376,-265379326,-856147466,1963477577,-1543617308,925995347
2,4,5,4,10407,-1803145633,1967193606,594840627,-1488910665,-1974727247,-685739615
3,4,5,4,10407,-1640646891,-341261410,1997347363,-1163488971,1932870172,-103670491
4,4,5,4,10407,451386560,1584864976,-2126530346,-1842632785,982561519,1454002570
5,4,5,4,10407,-648993694,-1957215649,-552293056,-1346471772,1214854934,-1996424629
6,4,5,4,10407,-1124045350,472729369,-1935188889,-889114500,-914777020,-1018112342
7,4,5,4,10407,-409766913,1675678240,983972389,-1048270689,1436225212,1113489867
8,4,5,4,10407,972303878,1074168668,-500450766,796503850,-144349417,-106944374
9,4,5,4,10407,1465270308,1733273990,-1697279234,-609777810,-787020034,1861584739
10,4,5,4,10407,-1194254817,-1672549639,235580892,813177873,611123768,-1066961335
1,5,5,4,10407,1856413081,-822903743,-891421079,1933827825,-227845587,327411680
2,5,5,4,10407,-1719146453,927186788,-1691416313,1260144167,1060628011,1528432249
3,5,5,4,10407,-970819018,706531853,-571068269,1331619027,871593992,1457048571
4,5,5,4,10407,-1596638655,1464368790,-440542021,-1209754723,-29647304,1150826747
5,5,5,4,10407,423859250,-474474745,1558573188,1367844139,435591585,1470754841
6,5,5,4,10407,367935664,910363651,-597070366,873765403,287830316,-1198276497
7,5,5,4,10407,1130146061,1644439787,915670987,1832919483,-530421039,129653117
8,5,5,4,10407,-913948523,1095796368,1382741042,-232510135,1950967269,235598442
9,5,5,4,10407,7485903,2068237228,1795533456,1623618797,-661966871,703266027
10,5,5,4,10407,-1720217192,12725496,797472091,1185267714,1898337401,2091005628
1,6,5,4,10407,-1239873265,1768125537,-821222558,-412543844,-1542431780,2085264324
2,6,5,4,10407,1822166346,1210437229,438594126,-2123989935,-808673064,-770876203
3,6,5,4,10407,1557767318,1277818212,2098018844,-497204988,184711567,-1220614746
4,6,5,4,10407,-818855736,-1442056854,-400627004,667014377,-1208472503,486019226
5,6,5,4,10407,-961631605,1395670406,764426116,-591159422,-1142789932,-471906258
6,6,5,4,10407,2091917786,369588788,-650736757,-609090939,-1310948785,-31323365
7,6,5,4,10407,1065213103,-1954517820,-1079798769,1902311867,292091046,-1083258256
8,6,5,4,10407,1606017278,790969645,1749609254,-1203837272,-985149271,19733105
9,6,5,4,10407,802288708,-912146192,1466790600,1629562906,357832421,835420352
10,6,5,4,10407,-1537687682,1743447047,-1508073003,-1976215790,1159056248,-1362828318
1,7,5,4,10407,1699798595,-1491240960,-1075212394,1705597794,-284264749,1755902579
2,7,5,4,10407,693114887,-711052807,367798771,-550202016,1495413473,774123966
3,7,5,4,10407,-1066254979,181751459,1754658703,1727235335,675475269,-1644399634
4,7,5,4,10407,597637092,836066287,293002554,-1634192865,2001088559,470961875
5,7,5,4,10407,844608022,1028667459,-965347093,1463385114,1621893467,1271212086
6,7,5,4,10407,-1327549427,-1533770484,1606447033,1241575471,1063849150,938191821
7,7,5,4,10407,827505973,-1057862190,1344336930,-322588500,-1293026286,-1824264765
8,7,5,4,10407,-2025282372,-97021523,2052410843,-496890526,865111114,-330276346
9,7,5,4,10407,341944598,671862167,-2059197813,-1967340505,1825865884,1733942728
10,7,5,4,10407,2107761253,1205527907,-1174842102,-1010416587,-209465051,1196236125
1,8,5,4,10407,721739329,-645044849,-1339320411,-437760228,927564001,-855437434
2,8,5,4,10407,1631781969,1382909618,-60158145,-639475207,-1145608138,1923111511
3,8,5,4,10407,-211260937,-1816703325,-1370646961,-1302194981,1233215018,-1621976709
4,8,5,4,10407,1595819184,-1451955179,1632324970,-1669384726,2012010274,1417175867
5,8,5,4,10407,1302157895,-560385100,-390949925,-651138370,-349772076,25044575
6,8,5,4,10407,-1527452643,212307225,-465846336,1551845392,-1750495675,-1895668758
7,8,5,4,10407,-1582425438,39731699,1554329086,676242948,1932426838,550678613
8,8,5,4,10407,-1015540154,1023310791,-1463624867,2069970344,1957637276,1870770720
9,8,5,4,10407,421815397,-1613338556,996966612,-5975684,-203581390,-1057732488
10,8,5,4,10407,-713533804,-1949571292,-554331668,1264856192,407413324,-1562287238
1,9,5,4,10407,-60762208,-2107519238,-1252642133,-1962980816,-1123924316,745871664
2,9,5,4,10407,-268225917,1602268339,-629787575,631619801,1682761079,-1327323049
3,9,5,4,10407,-1617622640,-1639948676,114956817,4985447,149113460,-793646358
4,9,5,4,10407,1610281614,-1845717834,-2016204668,2005497385,-735196729,-1221516370
5,9,5,4,10407,14766612,-1417723367,1179331964,-409705927,-1192473037,1509617153
6,9,5,4,10407,527222158,2122289906,-695411477,1649457674,1865794352,19909653
7,9,5,4,10407,491029626,-1973625052,2021172406,-900636209,-259331736,-954602476
8,9,5,4,10407,939570797,1418355573,1071309180,-409097640,818490807,1720944282
9,9,5,4,10407,1609161886,411803883,751797620,256189932,2067949536,-1657051987
10,9,5,4,10407,-1290645937,1225235487,-300543351,1538305456,-1772524539,1876592519
1,10,5,4,10407,-481450417,1337420102,694165776,-1474711709,1112450567,-635787147
2,10,5,4,10407,-1951607288,1371241212,2037405538,818960974,1115849772,-1632431541
3,10,5,4,10407,-1554405529,238198472,1128713470,924421602,-2111087759,647836357
4,10,5,4,10407,749527952,1324512542,1692830900,-2129380444,1012426105,-1929326661
5,10,5,4,10407,417931548,-404123212,-1123271259,-1435070488,-1812245061,1866912021
6,10,5,4,10407,-736839009,-738599254,-1197322411,-390314112,-2091919461,-305932859
7,10,5,4,10407,-920036436,-631316583,1063283095,-1519629143,-352444231,-1953843553
8,10,5,4,10407,-1173850576,292652229,-471628328,1868657945,-756626552,314837424
9,10,5,4,10407,1045456105,-593083500,1710434757,-1609908141,1244581128,894603875
10,10,5,4,10407,-659645493,570773735,1600766844,-1420748036,1469065869,-888256918
1,1,0,5,10407,-1445916282,-1748616979,1727562022,-52408332,299366758,-1489849764
2,1,0,5,10407,593623177,-1295941850,-1347276049,-1291240434,-380554838,1985746633
3,1,0,5,10407,131586208,-463522319,-109678160,1084399865,-503860593,266861625
4,1,0,5,10407,-936406368,-404736175,1077814228,-2047901984,1847010420,-390639658
5,1,0,5,10407,-381789064,-470062195,738876615,-1519910190,1741564006,253190741
6,1,0,5,10407,-2101993760,274764531,738919535,-1392676129,1082467817,-1069916784
7,1,0,5,10407,1853732969,1097588969,146636872,2041613668,-1911050082,18952262
8,1,0,5,10407,-1858041052,-2032268256,-1392169264,-2120615284,-1999723374,-1755714242
9,1,0,5,10407,1293870206,452524093,-274472750,1807123456,533579626,1233566755
10,1,0,5,10407,-374560386,-1010985250,-1464533662,1055125752,-1071868181,1442900540
1,2,0,5,10407,1144199391,1311181058,1165885563,-720496171,-1171199733,-785647245
2,2,0,5,10407,-2106370899,-79512701,402793004,1282002537,-1121957520,-37905975
3,2,0,5,10407,1091947107,-1324573486,-1826620868,881299006,-749637396,-1629533877
4,2,0,5,10407,33359983,514373924,-381591577,118502270,-2031585582,1011326118
5,2,0,5,10407,1893163207,-34498930,1874172028,1039102189,-1201784477,-2140733789
6,2,0,5,10407,-1947616362,-526148772,2005359167,-2059053264,1259582027,465199901
7,2,0,5,10407,-1245413567,-1023138113,1550489634,-275059964,1969294850,193380299
8,2,0,5,10407,288469973,-1092860980,431680988,1519284896,1412267507,1481296652
9,2,0,5,10407,-586147669,1705721786,1199796437,1643443838,1469958451,631127653
10,2,0,5,10407,-405706290,1163525777,1970585374,-574857167,-1743135950,-678354710
1,3,0,5,10407,-1847771580,-1119469992,1864530628,-1861811603,-1607208955,1556662353
2,3,0,5,10407,-228467321,-1989584044,1057254006,194688956,-1797775201,-705629949
3,3,0,5,10407,773976238,-736071825,258532334,-366712651,699420695,111639003
4,3,0,5,10407,-489378319,1920249431,1994500275,-240993236,1892655202,1575332164
5,3,0,5,10407,-603425052,-548461092,549779331,-282615573,-1331866986,423611612
6,3,0,5,10407,-1741312813,1193303701,-1142322855,1719084684,-773087731,650493425
7,3,0,5,10407,2087708073,-1725339658,32211161,-1432087406,-1891941897,1041992415
8,3,0,5,10407,-2026082365,1144853865,179394526,1998974920,-515716549,-1515657654
9,3,0,5,10407,492243950,-585586537,-1065479578,39138591,-1272480334,-1536185955
10,3,0,5,10407,1594031662,1791044934,-1205297758,-1031368514,-1398899294,-1312881461
1,4,0,5,10407,-1722244456,300444630,-1066928183,-1131345990,972963675,-1973173111
2,4,0,5,10407,-678100991,-702208255,372182414,-1209984271,1455499909,4459479
3,4,0,5,10407,230832256,-1210827548,1661754895,531044623,1067065862,1860391659
4,4,0,5,10407,-964995768,583140537,894004087,1165506101,-1006696598,-710588794
5,4,0,5,10407,-533492126,1228222770,480862386,-411437900,-50783497,1168292553
6,4,0,5,10407,-484793833,2090844615,-428937928,1080017122,1099776196,-832034418
7,4,0,5,10407,713290609,-1931792488,534726584,-1257156066,2088516309,-1054556954
8,4,0,5,10407,1828605458,-840719153,-851591190,1624123986,860264887,1174877144
9,4,0,5,10407,1033241284,-1826224600,359511772,1140642122,-1793110129,-391035125
10,4,0,5,10407,2069461013,-576266685,-1206305466,1090547719,1396322127,-1138168357
1,5,0,5,10407,-1543798530,-670097005,795737880,540880045,1287530328,151975108
2,5,0,5,10407,-1089279430,1683944150,-1830180992,152427835,-592449041,-1121696107
3,5,0,5,10407,-2076395349,1655816050,912430862,919765161,-559000812,-1995037499
4,5,0,5,10407,-1109466565,204885506,-768251124,-1586749841,-445303096,103215504
5,5,0,5,10407,-1523178945,1508771942,-1373551350,649769862,1297725626,-1548165600
6,5,0,5,10407,317115940,452000354,765490127,416306728,1314509416,-1583141327
7,5,0,5,10407,1934548280,1288158442,1513343419,-733853004,255153345,-2134210897
8,5,0,5,10407,-421492282,427579413,-1060616570,-880214021,-941698540,1627996536
9,5,0,5,10407,1855363060,416254640,610667727,1455822166,-1449798429,-1959386059
10,5,0,5,10407,1122225388,-1801283701,668695594,383584976,1342564900,2065547573
1,6,0,5,10407,-109339405,-438730932,1274668837,-386101370,-1981741084,471098024
2,6,0,5,10407,1984238040,31702336,1030957798,-462779817,728191627,-1622149997
3,6,0,5,10407,1200141095,864294464,-1924108549,-902295977,2064891189,-1149069850
4,6,0,5,10407,-1214180626,-867957359,2014341212,-1665551346,550916113,1971179375
5,6,0,5,10407,479836096,1607452057,702808374,952092373,786415553,675368590
6,6,0,5,10407,1360808350,-1483703034,-261869715,1106178914,657381431,-1407613680
7,6,0,5,10407,-1081754014,-1561941375,876382276,-1969411057,-517068809,-629902640
8,6,0,5,10407,-1579187348,-1924145159,-649099585,68112494,-68900313,-500061061
9,6,0,5,10407,-1192576890,-653054770,1717635936,-849840488,-1981443886,130705249
10,6,0,5,10407,275192915,-1292201184,943111564,1081501277,-443549197,818556211
1,7,0,5,10407,900522307,755852013,1505642615,1831028177,286619085,1096105472
2,7,0,5,10407,-1577379517,-438254683,-1199369456,1733862999,-5098246,-576820190
3,7,0,5,10407,-45672268,-1834687127,-1161150278,1168570929,1186107238,-1801995116
4,7,0,5,10407,1694768033,1809812771,-351727632,838301470,1812324753,5596115
5,7,0,5,10407,273124756,-1547767166,1739179031,895824776,1765325967,949976868
6,7,0,5,10407,-338535175,-12781718,870131767,-492475440,-1605072380,-168351873
7,7,0,5,10407,417777905,-1541476373,133348155,1064688005,-1357473819,1201251986
8,7,0,5,10407,1235830552,-991831605,2116527972,2012987617,1374356356,95203302
9,7,0,5,10407,-315677384,1838814851,-1470287339,271409566,972372360,-834187836
10,7,0,5,10407,-1402554974,36837818,-217432561,870241243,852610793,1302859665
1,8,0,5,10407,1125308505,1303841331,2081412832,-516116278,-62959061,440646777
2,8,0,5,10407,1760681134,1135379103,376305556,702936956,-25092830,-1243731451
3,8,0,5,10407,2102773714,-89319033,1308910826,733567949,434732610,-2026437424
4,8,0,5,10407,-1811940521,2001534971,1176880048,261689860,1586009439,-1905982589
5,8,0,5,10407,1325178496,351455976,40619351,92455006,-1213049393,1511587584
6,8,0,5,10407,86515054,1080959680,-171888240,1324363963,1232201348,1283897223
7,8,0,5,10407,-1627301144,1923523850,776079818,-570439919,-585465581,-403895847
8,8,0,5,10407,-712300806,1599731557,-1022185545,181757895,-674764660,-445038399
9,8,0,5,10407,-1324571484,663148983,-852435240,-1733619734,-1579132273,-1597784657
10,8,0,5,10407,1717215081,-2058809016,-1923922535,-974679230,-1771174280,-1721210969
1,9,0,5,10407,-206092283,891015180,-1445985641,-1023435930,-962709809,-1605887734
2,9,0,5,10407,1476584623,-1780099963,1596715756,1301351046,540561665,1910937928
3,9,0,5,10407,-1578573391,-1314619697,-967981039,1060298476,1583482693,-709793531
4,9,0,5,10407,1033867320,-998718609,-875558738,2131600030,-689145886,1540958000
5,9,0,5,10407,-296965754,-627018647,1456821426,1720336545,-277460002,-1397272640
6,9,0,5,10407,-1556561874,1185409781,1240403028,-361128974,-2118574209,-2117619799
7,9,0,5,10407,-616795986,661463243,1445631962,-1771590417,-435162539,1707129648
8,9,0,5,10407,-1683102180,-1960097238,992501553,-1582150108,986761810,978074705
9,9,0,5,10407,1119999901,699870226,-1790884209,-1575439039,1828432865,-2052240298
10,9,0,5,10407,1500600213,-41028735,1379340746,-798034771,272240438,-110141664
1,10,0,5,10407,-1352713482,-474511871,2072755968,40032898,1813340897,1209387441
2,10,0,5,10407,-238792902,-1172860342,2008994123,-600457398,-451902943,-333913914
3,10,0,5,10407,-1374437548,-1617754215,1665940587,1882949070,335708599,1903937032
4,10,0,5,10407,-2053328036,-278323985,1008137293,-1482029060,-1344656166,-1641440579
5,10,0,5,10407,-1443813187,-194221345,-1191580999,-1524664110,957840279,-1904533164
6,10,0,5,10407,-1788507854,274062322,-555105984,-476206564,1003227504,716562496
7,10,0,5,10407,-1685021633,-499166147,-1314725633,-1210863083,-2109843316,1173438402
8,10,0,5,10407,407090063,1884820612,1285297113,848799506,1356296309,1426013830
9,10,0,5,10407,-1490815529,380004310,-1470691121,-113062817,1751273232,41786399
10,10,0,5,10407,-1134131606,1960681025,1482927139,503056364,-256586413,-58064627
1,1,1,5,10407,1880050526,1264819894,845120455,1129978171,1116980313,-272518105
2,1,1,5,10407,-1591924045,897202714,-1395844154,1670022173,1651195174,-1137995993
3,1,1,5,10407,-595546070,-250750281,-775322878,880732139,-1305370071,-2056757258
4,1,1,5,10407,-1940778129,-42199439,-696802727,-441052904,935918744,685442467
5,1,1,5,10407,-1759321426,-274253893,404827919,-6858277,-1397750730,159356104
6,1,1,5,10407,1944277601,-70484671,-750078453,1707940962,-1611561165,1588113293
7,1,1,5,10407,-774191112,1740166834,239084351,-110575024,-745813161,-1948705018
8,1,1,5,10407,-36488224,1486397556,-1154116646,-390809609,-2125833525,1101592534
9,1,1,5,10407,-413732874,482172572,853476194,404147171,-1624949326,105323216
10,1,1,5,10407,368544399,-1810657006,-1458223047,-2115279476,-274776544,-1114099096
1,2,1,5,10407,1863207836,1377269114,572074895,1945187310,1392853057,-462756088
2,2,1,5,10407,522473091,1295331593,190861103,-552755657,-340746223,574014576
3,2,1,5,10407,897019157,1353641206,815802160,909981294,186134138,2043095532
4,2,1,5,10407,-1419845041,342220330,1345235200,227678792,-1057499252,-90763734
5,2,1,5,10407,-249246390,-42046867,139747769,-1865084556,1851647623,1364214083
6,2,1,5,10407,1265018934,400598629,-556590427,224528997,893720560,1271012657
7,2,1,5,10407,-484199740,-1356349005,-1664250164,1290972976,1680528158,-53596680
8,2,1,5,10407,779427485,1684128349,68397708,-1929528421,1150376990,1051150840
9,2,1,5,10407,-1563101649,-599857713,-354556086,765736706,-626038922,163296171
10,2,1,5,10407,345830007,-222385278,-11314547,940023454,1992998860,-1414859096
1,3,1,5,10407,1956687545,1112363321,-2101153589,-1147241425,-1326105992,-618709503
2,3,1,5,10407,1224477579,-1073344159,911946708,-808271987,-864073268,-576199619
3,3,1,5,10407,1972061732,-1089344649,1866432585,388523443,1991134905,1348642341
4,3,1,5,10407,-1745354418,946190767,2058057188,1175259381,1893721753,2121236208
5,3,1,5,10407,-1606790845,-1848947108,1434019180,-1816520579,-35259219,677011297
6,3,1,5,10407,-619303149,-1513082333,-321745528,191980476,1984000772,1034852766
7,3,1,5,10407,-1417064546,-1736982827,2053400191,-1518334566,-1234175031,-1942261941
8,3,1,5,10407,-1859878432,2123967160,686491539,-764040055,1784592598,330002039
9,3,1,5,10407,1173572012,754229526,-321291156,-593358515,-682903873,-2033254657
10,3,1,5,10407,-912398733,243399671,-96714101,1487759638,-1593431128,711763836
1,4,1,5,10407,-875220386,350762621,333928743,-703510279,2081162032,-1421484720
2,4,1,5,10407,-614203354,818328926,236614421,-2136572785,1739841970,-1170728097
3,4,1,5,10407,-427747827,-877279831,-1364442756,1592960135,-1074797691,1424915030
4,4,1,5,10407,172547472,-2063513954,-1447404659,976873176,598160113,1755830070
5,4,1,5,10407,1089773453,-1731539141,-1364882422,-1057415486,592868206,1151771232
6,4,1,5,10407,1079408951,-624730598,-1740870721,-1716816056,1629223779,958477242
7,4,1,5,10407,1021234278,-1497405749,-528035991,1507024688,1717652955,-411742670
8,4,1,5,10407,-1226837956,-1716113152,-1358043982,424568129,1685295202,-1734710638
9,4,1,5,10407,-852430661,1657393087,-669821038,690253865,-1415765377,677001714
10,4,1,5,10407,416167527,1180560432,812647765,773761597,-444805333,1930586635
1,5,1,5,10407,-336410123,274572066,278271986,-150223697,-1158437826,1523476790
2,5,1,5,10407,-587441823,1956076750,674764734,663083943,1572412543,143309856
3,5,1,5,10407,-1456141482,1656235091,2000884051,-829639060,1113785833,2061876171
4,5,1,5,10407,-315313031,-1754229326,-1904262935,-219638980,749144992,-291234217
5,5,1,5,10407,753429342,1428692004,1269479156,1188069012,1652967359,1088061095
6,5,1,5,10407,-1821316945,1980923660,-950511739,-15758978,-1966301863,-2071802857
7,5,1,5,10407,-775924815,1098258910,-1189996075,1520570726,1091077835,1319152154
8,5,1,5,10407,-907587114,1178321686,1594851084,-353377614,975260885,1677417431
9,5,1,5,10407,1266781775,1845009543,1583567978,409954559,123283311,140517207
10,5,1,5,10407,-1056567514,-1340413272,1075729085,1386844659,-640352054,267421393
1,6,1,5,10407,723767473,-496274771,1851760083,313051270,-2025032617,-2034705634
2,6,1,5,10407,1988043270,-561330882,-731290009,-248807828,2074027946,677096461
3,6,1,5,10407,-717445498,419061101,-1021286903,-994519110,1141154271,1657366787
4,6,1,5,10407,2114694505,-1380380026,-811231094,-1406846906,-1377990871,-1853252737
5,6,1,5,10407,1267165213,-140205255,1569223299,1869069376,-1008231231,1591948581
6,6,1,5,10407,1693434523,570066913,-1971444540,1207024587,1166032213,1640082250
7,6,1,5,10407,-639516133,-792267168,873835349,-1358330744,1001763240,1498517832
8,6,1,5,10407,2010362500,791652218,22752570,1308301284,-340003639,-1468283926
9,6,1,5,10407,1137829711,1933434476,-1920335917,-924799090,1970785160,-981318663
10,6,1,5,10407,-19629661,1950956900,-1131421129,-1347738284,1005246461,-1347921902
1,7,1,5,10407,327776248,-651835232,770737220,1701601598,595083412,-1511651970
2,7,1,5,10407,-517859229,2037928674,1099077415,-1178111960,1429540742,-1875911275
3,7,1,5,10407,1803920884,-220821891,-1092468592,246211583,-2128025616,-1404035509
4,7,1,5,10407,1575215210,-701476079,1872721300,170983500,1086763714,-1948913015
5,7,1,5,10407,-1398116081,1109993471,2062560372,-564685776,-140964295,1069435990
6,7,1,5,10407,-165952619,-1322229053,-401864775,937815160,-679725437,1632159110
7,7,1,5,10407,-1352278356,-337593367,1681400978,-1272384129,-557736331,1575147167
8,7,1,5,10407,432461628,-251176925,895365263,1179080428,1965994295,155648690
9,7,1,5,10407,-1224838843,-1400358653,1720023830,-589415387,-463597405,656109304
10,7,1,5,10407,-1270985558,368875153,494594821,-334978228,-1949852791,-326697038
1,8,1,5,10407,843581328,-1131384162,-1088859113,-226964281,-1887518878,1566217808
2,8,1,5,10407,330262407,-881114874,1159235607,718592707,1733502186,1240925628
3,8,1,5,10407,731704650,564167970,1348039040,376744357,75716407,2045205825
4,8,1,5,10407,1362853585,-1131822667,-1836604238,1068086152,-305284730,-235545422
5,8,1,5,10407,-1536030716,1718681586,886386021,-432007986,328975142,1722721852
6,8,1,5,10407,-475694136,573561539,-1682281064,-1539932105,-1056121726,1109738001
7,8,1,5,10407,-336232938,674948118,1557855220,-163795116,2067860952,-2123600288
8,8,1,5,10407,-2079380752,715303199,-1605289895,1942531192,-1647439099,-1026655931
9,8,1,5,10407,1839226650,-1934878683,-378383845,555680873,-789006130,-164635859
10,8,1,5,10407,-1951848066,1896435006,-665337270,768406938,-436703845,826202878
1,9,1,5,10407,-814313899,-900107324,-1729183941,-1583039476,-1857665884,-1525438853
2,9,1,5,10407,143918846,-254275879,65799844,-1773531817,-649784917,1200639246
3,9,1,5,10407,-855482090,1878109637,-1391943082,324202631,-422408364,-1625651677
4,9,1,5,10407,1472440967,450992382,-1716949433,-2039825327,-1205050736,1131284882
5,9,1,5,10407,-1927203139,-775947535,161490868,-1554880348,1661373401,-508364978
6,9,1,5,10407,1475915618,-677475812,1430476172,1661334891,-722869683,-2022714345
7,9,1,5,10407,985803432,-35103488,1047597770,-1584452517,-1665245290,-470488457
8,9,1,5,10407,104560548,1690800416,219892121,103881352,593664151,11010436
9,9,1,5,10407,-1270543965,-1765449092,736716028,238621126,-1274829329,-1260647865
10,9,1,5,10407,-107747244,526921414,-229949393,1261176680,1663242933,752356741
1,10,1,5,10407,63097254,-1767346161,1870307035,485999428,442328694,-1622318299
2,10,1,5,10407,-71032613,-732730450,-745074742,1749549861,-1080177243,2083876303
3,10,1,5,10407,-1156160590,823390422,-668702753,2050335046,535664544,-2016743610
4,10,1,5,10407,-1850016325,-681407564,-286173851,-771691549,-592394626,-90767951
5,10,1,5,10407,286132599,2064146506,-1658243349,1357644858,-165289911,1834844581
6,10,1,5,10407,677547176,463206105,1067456967,810129718,-520903061,-303563363
7,10,1,5,10407,-1251996221,1924625327,-205490095,1587907272,1606278333,82183434
8,10,1,5,10407,-1996164444,-34039246,9864791,563177912,589236850,-1828424797
9,10,1,5,10407,247806836,-717089964,345338174,-1104612763,192513945,-1839188776
10,10,1,5,10407,-1347674726,1132855698,-1595436043,-1048297388,-587643619,2049595321
1,1,2,5,10407,-1629876019,1098540620,1797203292,-1127624193,-816394127,-877833118
2,1,2,5,10407,1293101867,-1266854460,-335579534,-1602751812,-1096801620,-826401044
3,1,2,5,10407,619953233,1064950227,-1962568818,1716274044,-2085007639,-90954421
4,1,2,5,10407,-1599978011,-626322098,1385760255,995741030,-5008865,-1844408491
5,1,2,5,10407,1227733570,-380890079,1163480729,-406927741,651215733,-127486665
6,1,2,5,10407,-513233673,304166210,-720870630,-1111613755,1703501802,-124123997
7,1,2,5,10407,1232017560,-1722400530,-766003310,-1975171143,-613187867,-1242244502
8,1,2,5,10407,2026194620,1612967840,-1900283880,-1034379929,-1237910804,1764460576
9,1,2,5,10407,1617951026,162014276,-1235966335,-1260662113,1830830261,-335956498
10,1,2,5,10407,145288145,542197711,1209700396,-1655794362,672876896,1890956249
1,2,2,5,10407,631528434,-1325265493,-620403529,1908125582,-250951380,-674922881
2,2,2,5,10407,-1415375625,-1022785566,-1439728444,-2059522263,-2001698795,2127559571
3,2,2,5,10407,511613364,582445583,1753851053,-1329566677,336783195,-115210127
4,2,2,5,10407,-2121445640,1219425727,1832286410,97756069,599006920,901853388
5,2,2,5,10407,-831244625,-1568653682,249183126,-1553432268,1440444331,328326790
6,2,2,5,10407,-1894504589,859632991,-1230231531,164756157,1994051796,1572375946
7,2,2,5,10407,888697059,-553190597,-57007682,1324387673,-388731684,434216508
8,2,2,5,10407,-1793176523,627217509,-1679499843,1865577715,-271292605,-455829302
9,2,2,5,10407,-162528859,-257507486,-1474610143,820376463,-178327411,1139952387
10,2,2,5,10407,-886795073,1816828739,1180201012,1947386212,-235005066,2022155410
1,3,2,5,10407,84261897,455879570,1735068551,-1560464222,1598674634,-1406822263
2,3,2,5,10407,-1615861484,-234736638,-1789107775,-1010738642,824124323,1530367751
3,3,2,5,10407,-2038787410,2059093807,324802434,973855255,-2065692771,-2072554186
4,3,2,5,10407,900266118,2087241811,-1164021883,1449843598,308967948,-1097923113
5,3,2,5,10407,701103938,1963697805,698162622,1914785071,-250824921,26220335
6,3,2,5,10407,937863896,-1983062643,-1426691266,151211504,-963941877,896205728
7,3,2,5,10407,-843651217,1079762766,267703058,1164498269,-225097833,1843653734
8,3,2,5,10407,-863468995,1391214622,125727979,1457623610,-669882502,-1384484090
9,3,2,5,10407,1135382403,886015818,-863533074,568264255,-1537559583,1600520531
10,3,2,5,10407,-298764313,126207966,1724173330,13377503,1191626343,-1945772414
1,4,2,5,10407,-206209193,-1533675414,-1299199357,-1810735134,98373447,-599365794
2,4,2,5,10407,-1952682100,-767876265,-757957770,-245172766,-1593210903,430631254
3,4,2,5,10407,-2046362732,-1983088930,-1256173179,1219342283,1917421987,2046217727
4,4,2,5,10407,-1703329919,-2011820414,820789244,2105085287,671224393,565360993
5,4,2,5,10407,773653598,-712785244,-1088026804,-31254385,-520149731,1718550405
6,4,2,5,10407,-122629433,908065854,1835579240,1094996922,1025028342,-1085600800
7,4,2,5,10407,-2129131377,2000233286,-549261367,138477885,800563797,-1642980299
8,4,2,5,10407,2119070502,113695553,-730133286,-2001520778,-949981281,1237118232
9,4,2,5,10407,1266348338,7948496,2052731004,1944249223,2090322059,1583477256
10,4,2,5,10407,-1151085427,1428814311,1093261398,-1961566693,-357442538,1766069853
1,5,2,5,10407,1954719223,2102616458,-520823659,1850339391,-302604497,-1040645876
2,5,2,5,10407,-1103341425,384467459,-102342393,-1229667019,64616284,-1379206070
3,5,2,5,10407,1409562859,74173675,1853172717,-1253140838,-2003862936,1882631385
4,5,2,5,10407,-1908027017,2015625046,-1541325857,128086153,-222966726,324598688
5,5,2,5,10407,-1293576768,-2097062208,-1952419860,809721548,1366509057,-615050015
6,5,2,5,10407,-1942434003,-872631817,1417259527,1556748903,-1992205006,1927692271
7,5,2,5,10407,1824762460,448920828,-1724108401,210813037,-2075542227,658075059
8,5,2,5,10407,-1922801238,-303131996,-1381433848,-1067177429,1027031989,-975745898
9,5,2,5,10407,732081641,-1656308114,1821722643,-898499004,-326858498,843570144
10,5,2,5,10407,-341119101,584054537,-1263961734,-1064330486,-127040015,-1559035771
1,6,2,5,10407,-1049239877,-13411375,1011191839,1914491375,1894925979,1568965755
2,6,2,5,10407,-1088898627,147372711,-1105632627,2121593654,128291115,-1436060109
3,6,2,5,10407,1063172204,-1669834149,-607860558,-543948544,1945718230,-1745045362
4,6,2,5,10407,2114735565,145563300,-884281406,1334302534,-308133740,1052660042
5,6,2,5,10407,-1840666668,-2040954820,-1052037586,-1176181253,-1367579986,1366501115
6,6,2,5,10407,-834336068,1052500628,1827321266,-1718766714,-2030435465,-1764742762
7,6,2,5,10407,861427777,1240827334,-906248201,-1144670219,-1408809015,1207087264
8,6,2,5,10407,321113020,71509553,-743035253,1783310852,-253261964,2144795113
9,6,2,5,10407,13746163,1581857148,208326575,952665707,-351868034,-1673924827
10,6,2,5,10407,550377541,-2065527220,-1260778100,155294871,545157363,-1887039935
1,7,2,5,10407,113637834,-1144121158,1706275141,1390297125,637575742,-849568235
2,7,2,5,10407,-215409091,-1062572614,940501598,303157826,1629499008,-178143243
3,7,2,5,10407,-1979104291,-649539326,-853183458,-885565233,866193056,2080541831
4,7,2,5,10407,-913888983,1094595061,266431170,-1703637334,93193472,547949918
5,7,2,5,10407,88851714,-892838571,1915024977,1817904651,-1253696179,1387431145
6,7,2,5,10407,2090319721,-1667836762,-902221589,-1431541979,433446443,-376842876
7,7,2,5,10407,937205933,1849273989,497309814,-1037238421,2112833438,-1289562576
8,7,2,5,10407,-1775449110,-262906451,-733908385,-940129054,455744135,620370033
9,7,2,5,10407,-1684087315,-703598252,-370044594,759614387,-529595603,1676054919
10,7,2,5,10407,-128240688,1004523975,1476127319,284137588,-1594041852,-1079842461
1,8,2,5,10407,-694221731,1159610907,-730384378,1756653392,-1233933477,174269590
2,8,2,5,10407,-1300841686,-839031712,132800751,-864411115,-2043941399,-1714820096
3,8,2,5,10407,-1806085945,1852997578,1944133607,1765060374,1528065995,1129497868
4,8,2,5,10407,429000155,1440032941,-1474449277,398225572,1299680082,-1068020400
5,8,2,5,10407,-2022271457,-543349519,25986396,1842449541,889495703,1009713331
6,8,2,5,10407,964646683,980618140,940504835,1722303069,31260349,-1377921365
7,8,2,5,10407,1425630114,-1209741394,1885414440,-1333485880,1665542903,153034190
8,8,2,5,10407,172256819,-1673885068,305838186,979697672,2051390493,2144301427
9,8,2,5,10407,153480401,-1967639168,-1271104911,-1258450596,830488801,314175519
10,8,2,5,10407,-1389178578,1679974676,-358529142,1016800766,-598286343,-1519853671
1,9,2,5,10407,772004493,-1998770930,1101399719,1251486331,-1844935839,382628171
2,9,2,5,10407,-531700114,684623471,155112856,802524563,133741767,601561481
3,9,2,5,10407,-156441151,-1581258265,1906958821,-360621681,42399286,-94387576
4,9,2,5,10407,442540788,-491283010,-1025138273,-1638050144,-1264280040,1188610796
5,9,2,5,10407,-1773100244,-1497026925,1862104563,-1552690512,1946100266,-1219626259
6,9,2,5,10407,-1445772149,892289942,-2087883737,-1516980991,1213039583,-1749243356
7,9,2,5,10407,304567262,-1493124025,-880920324,-1801600247,-1450113302,2047375708
8,9,2,5,10407,-1904554370,805477308,1862111931,-641754228,476146679,1254755784
9,9,2,5,10407,341100950,1124319083,959251194,-944559901,-1999783054,-1216392432
10,9,2,5,10407,1046436207,-130629413,25628499,621835172,-894576877,136791828
1,10,2,5,10407,339413457,768865910,-538572644,-613238136,-243869152,-879324900
2,10,2,5,10407,-52095450,-180192577,-1986543468,-429407732,820500849,1170486196
3,10,2,5,10407,1029456655,-438535201,1215447524,1778014166,-1004100341,-1248799987
4,10,2,5,10407,1482054305,930112124,86673886,1621281713,-1469907003,-852152540
5,10,2,5,10407,-552547964,-1965149017,-1882436039,-1374577502,1703803082,603893701
6,10,2,5,10407,-585466185,-2092053665,-1257733952,644716931,-164029257,1768207268
7,10,2,5,10407,54220020,-934360379,-1714544461,-612740091,-722660266,-1516457848
8,10,2,5,10407,-2087957960,1850274634,-850548810,-944335873,1652126957,-1762311204
9,10,2,5,10407,15503647,1633110463,-403491383,-1926289034,28188743,-1336090211
10,10,2,5,10407,-1798760491,-1732606445,-647186010,53376443,1630566942,-149364247
1,1,3,5,10407,2113202479,1243185796,1440473281,-1980312434,-1166362988,-1734886643
2,1,3,5,10407,-675253165,1045163447,1486553454,-1240804214,-1251327244,1212080359
3,1,3,5,10407,1462274169,-1642546933,548150805,-1658171647,218390591,669743708
4,1,3,5,10407,397272833,425664512,1262706847,1975353261,1201613185,-1235535385
5,1,3,5,10407,-460542115,1594598070,1159061483,685432148,687445184,-512602129
6,1,3,5,10407,-402603997,-1987249105,1945057814,936381657,457085598,-1836060318
7,1,3,5,10407,1292353716,23843530,1818774999,-857588132,168243049,-554393141
8,1,3,5,10407,1899024465,-1333294244,-134986271,1639316612,360099037,2102014504
9,1,3,5,10407,-1609329481,-1718532908,-1160503136,1549205452,-898963006,-990262757
10,1,3,5,10407,2126036386,341869135,1899495430,-1172208872,2141879635,-943033452
1,2,3,5,10407,-801623185,-528249842,424031202,-1359859421,-2118057029,1389669681
2,2,3,5,10407,-168134165,876506821,1616724180,-142745641,-1599218804,1879515809
3,2,3,5,10407,-37260086,-465985780,401876650,1739923200,-95994107,585735242
4,2,3,5,10407,215054726,1035753911,-102934023,81879198,1280010956,1673034688
5,2,3,5,10407,2142633764,-1893930426,458227874,446308556,73827951,-1242624441
6,2,3,5,10407,1711387496,-46787505,-507983155,1639360200,-298073799,-748145871
7,2,3,5,10407,-1663232458,1611879192,846604704,1294460339,2106505913,328747378
8,2,3,5,10407,-185167449,603562085,-1494299595,-452304661,1889428960,1309235566
9,2,3,5,10407,279332285,-8031504,-1009008469,-588107572,-1314840496,-1017446962
10,2,3,5,10407,317769272,-1044911158,490931545,659342679,924912790,1141049613
1,3,3,5,10407,258331765,1908778572,-1537076717,16667619,708562884,1937686942
2,3,3,5,10407,1890349821,1217765409,-1873478749,-233393578,1001817024,1236064535
3,3,3,5,10407,2048782743,1038174151,-126697488,-1769349341,2059656054,-282310190
4,3,3,5,10407,1603803868,1948119738,-541141686,674019261,937465254,971222937
5,3,3,5,10407,476617466,-313153880,-267642384,1079902252,-340652903,306105273
6,3,3,5,10407,1237042938,-1736642473,1369747822,2088692251,-2010002243,-633882608
7,3,3,5,10407,370652619,-251677287,369412465,2127014695,-693673536,-1189284717
8,3,3,5,10407,-280358528,2088272072,-845115897,1514652186,1808124764,583300489
9,3,3,5,10407,-1228653722,-1299232334,167378886,-99826503,-1995581595,-1451688302
10,3,3,5,10407,-2084344933,-1014740232,-878129799,-716107758,1047589488,593465774
1,4,3,5,10407,1356657853,-1660800824,237140672,-1725790523,-1507813541,1447999201
2,4,3,5,10407,-1430565451,-120137670,-761397715,-1374649498,691092367,-1972372738
3,4,3,5,10407,-617275323,1021783215,1760092542,-378486923,-2078666897,-1996839342
4,4,3,5,10407,1112168641,-1184347463,-594777749,464397037,1079477625,-598947015
5,4,3,5,10407,538774792,-2107798422,-1399945913,-458782833,1741527623,90047930
6,4,3,5,10407,-1544636779,1670808835,-1609338722,1273645136,1508753761,625749481
7,4,3,5,10407,902308114,377720540,-948964484,1528144797,-283729291,-363812619
8,4,3,5,10407,-2095664758,-1081954756,1976606526,-380529926,-1146598292,-145338334
9,4,3,5,10407,1604052172,-1914208873,1365689850,444112690,-107002552,-659202143
10,4,3,5,10407,1801950248,682089648,1810661652,-1061767431,32884317,1095355741
1,5,3,5,10407,612148255,1847095869,-908740186,1611734464,-720642263,-283428434
2,5,3,5,10407,-1698106041,696339049,-204132052,1517718576,1695991313,-143538858
3,5,3,5,10407,-659260398,933475539,-737048046,891558831,-1698159541,-1531096356
4,5,3,5,10407,-1274710287,1139513478,2086971885,-416847148,-1629180483,-1008035070
5,5,3,5,10407,1616145371,438643428,675712239,-1459891907,476706010,-1277224924
6,5,3,5,10407,869639224,-2083698113,438689625,-993292722,-1834820617,-1451537475
7,5,3,5,10407,1460094190,-2082097597,1855651247,-736348333,-1324920924,-1909526265
8,5,3,5,10407,1956684794,-21386800,-914274229,980532310,1931636200,-1958492521
9,5,3,5,10407,-1275029768,-974273994,292940313,1427808789,-1674663015,520376608
10,5,3,5,10407,952834882,-1688441635,81399236,-1671126886,669128011,-611370072
1,6,3,5,10407,-1009860925,-1458183918,1544117993,719596566,-255652831,471911505
2,6,3,5,10407,64022826,-602773902,673066134,-625056999,-97104331,-1560008353
3,6,3,5,10407,2109953323,-1615626049,-953410157,-1206675845,1937001736,835756247
4,6,3,5,10407,-930192800,-436228445,-1284106807,1210155737,-1614329769,495442793
5,6,3,5,10407,1601838745,1838705240,1826009577,1771887963,1537209324,1091931319
6,6,3,5,10407,2024034915,1819129876,-1481483964,237848791,-184609355,916185120
7,6,3,5,10407,-2032442979,1764656325,-237088842,297145496,-442313502,257220665
8,6,3,5,10407,494853502,1173079415,336363901,414880984,-56262471,339887062
9,6,3,5,10407,-1230905227,-2085446931,736238497,1994728046,439940510,1776755952
10,6,3,5,10407,921363881,234289352,-216359705,1156021398,915379207,-602586317
1,7,3,5,10407,-927930684,-914196649,-522792822,1770207470,1328333482,-31633100
2,7,3,5,10407,1859331950,1642606806,197070489,1620165885,1191271795,934759434
3,7,3,5,10407,-30837860,-1539880992,676463922,821627033,841146339,-1117584405
4,7,3,5,10407,-1359513762,-1809300595,696946349,1893596436,1194753220,1655458706
5,7,3,5,10407,-1944740705,1982015756,-1604101519,1082045863,1231944878,979755807
6,7,3,5,10407,-1251353028,63650329,181040862,1745409859,-652415641,1406977787
7,7,3,5,10407,-1742505095,573636293,-1135891463,-1016208733,1374299434,-1107748311
8,7,3,5,10407,838641318,-786180741,385756614,-164084889,856268906,-2134960809
9,7,3,5,10407,-1023245168,594096926,-1832545309,-1157527808,-887055199,565742556
10,7,3,5,10407,-1046470667,267198580,-958436341,-181873683,1054662655,-1459440572
1,8,3,5,10407,-1937105810,-1355656928,-891395083,-1823791886,-563486425,-1558035681
2,8,3,5,10407,1178687690,1106049826,-1990942490,-1797602074,-1537057165,2105758998
3,8,3,5,10407,-682204274,1551897369,-741081134,278198575,723311857,1898165293
4,8,3,5,10407,-1028914846,974967871,-643511480,1263427416,190050080,1260274472
5,8,3,5,10407,-1960803764,1125717571,-1396050649,891156053,1267769580,1544373505
6,8,3,5,10407,1155069010,-1551441602,-1553916545,930030993,1935912575,1779326880
7,8,3,5,10407,-457998292,-850524886,-220181835,-1393640251,1788897781,-146005019
8,8,3,5,10407,-2053815285,-521199311,1643309716,1222970209,-1052929685,-273242986
9,8,3,5,10407,-805314351,1538531841,-760437847,2063061881,1100919596,238867583
10,8,3,5,10407,-2029019709,1570336501,-1609057883,2006530108,1260479951,679773341
1,9,3,5,10407,-1656962694,382832628,1156856785,1613496534,-580850916,1810030809
2,9,3,5,10407,-2079189345,-1699632353,1079981432,1212834847,-1915698755,1814185037
3,9,3,5,10407,-568293595,-420639162,409836697,1720801191,-1272452283,1961971228
4,9,3,5,10407,-1831289877,121222409,-1868261348,137878656,2063670025,1755481742
5,9,3,5,10407,-1781084522,-1178886684,-581265986,-11056352,-105274249,1650563828
6,9,3,5,10407,1800428281,1105740217,2121361182,-1542040228,587790266,1257906419
7,9,3,5,10407,1760027537,-153866917,374294253,-1252094610,890843335,-1260633034
8,9,3,5,10407,-2009380567,1706428279,-1155077885,-700096727,177738105,-1271809282
9,9,3,5,10407,-1571867668,-21309957,1303864964,780200654,562735346,976517656
10,9,3,5,10407,-1071160357,-24523619,-1765690068,570974752,348263359,52963987
1,10,3,5,10407,-2102981505,1230594537,1903369916,-1325558875,1326012986,582450423
2,10,3,5,10407,2063593832,-580359193,-1685300427,-251363684,1931873290,-1309697271
3,10,3,5,10407,2131629708,837742826,1394507449,1149144812,1732510575,-1971711876
4,10,3,5,10407,-470005265,1020678471,-843576934,1493289944,-932726552,-1619641404
5,10,3,5,10407,1061497418,-1466518332,1575174772,1524671861,-1600270415,-1970180574
6,10,3,5,10407,85220022,-1192580452,-367117466,-156681453,920971140,-782935523
7,10,3,5,10407,-1204288516,-656697374,1646445377,-1797390218,-1750277200,1503826870
8,10,3,5,10407,554832955,1935023346,1782202983,-1565719569,225088919,1995264168
9,10,3,5,10407,-1531707801,-1219384428,-1411728088,-710316583,2060481707,-1621389859
10,10,3,5,10407,-1695333936,-577249725,-972591228,-1295952779,-1510527724,-384609557
1,1,4,5,10407,-974843062,-827153545,-624532504,-152350276,1148561960,-397190191
2,1,4,5,10407,-1051891280,-968226779,1027204657,-1223646898,-581275584,383583605
3,1,4,5,10407,763078278,1434035638,-1219807385,1593779050,-1435203632,164086764
4,1,4,5,10407,-694059269,715661705,864212710,-2031793519,1524757030,-629660576
5,1,4,5,10407,-2063757804,2119074082,-1682584022,1871311109,599524813,-1790337708
6,1,4,5,10407,-2099209634,-2106588502,1128914471,-854873528,-1799370698,-2089514860
7,1,4,5,10407,1373387499,1370212526,-1116746710,-2034984082,-590238481,-741326079
8,1,4,5,10407,-1411668869,1808365393,751317484,-642716820,-64527217,1675423575
9,1,4,5,10407,9846486,835179142,-502479969,-1099600625,1635438021,-1037448585
10,1,4,5,10407,-1579594928,1179590378,-181417298,-1617196031,-1068681694,1345254376
1,2,4,5,10407,352744498,1077529739,-1173599578,1100829092,-186089913,-1093343890
2,2,4,5,10407,-945489647,-1286612044,1697356650,2118537891,409190689,-10597493
3,2,4,5,10407,-1282250307,-1300168493,-466368867,-1853620179,881781272,-1526297352
4,2,4,5,10407,1219488508,896552472,-1371375483,-370383147,-320483806,396649826
5,2,4,5,10407,-1340673139,-2038756523,1862454858,999655955,-47250417,1801297113
6,2,4,5,10407,734957209,69608952,-1831132214,-70995866,1534231149,1912229570
7,2,4,5,10407,-221571800,-856093778,-1800361297,-292110975,-1964709731,1461157281
8,2,4,5,10407,-1788851734,2076201412,-1497704646,-1943744632,-1176225065,1775951812
9,2,4,5,10407,-2057707374,-555461903,1714109738,2138514883,2049934362,2000098390
10,2,4,5,10407,2087313888,1686538319,-1723658847,1449272436,-156986239,-1799235177
1,3,4,5,10407,1816016843,296808795,839377110,1417712648,47512218,1609472261
2,3,4,5,10407,-1951037111,1652075939,-591412230,907294229,-1462705350,1923958811
3,3,4,5,10407,-295155913,-1185832931,1691860970,-1328825663,-1217111356,286660800
4,3,4,5,10407,-699109960,554140766,191523570,1009864499,-249597018,-1947540729
5,3,4,5,10407,-1240858325,1806365323,710232486,1825132042,954553304,-1288168365
6,3,4,5,10407,1878245906,-1152236923,47970469,107858184,2884723,-602099699
7,3,4,5,10407,-2047604358,-1777983889,-536117936,299782066,1044913062,759279426
8,3,4,5,10407,69018869,280194846,1169701742,-1242168003,1571953597,492762364
9,3,4,5,10407,-359401721,-517409569,656151958,1996553862,407396691,-1507538631
10,3,4,5,10407,-441775161,-1710638110,2142450786,-1370312623,2086703408,1768563517
1,4,4,5,10407,1928461784,-1841997118,1663421572,-1794824262,1666946375,1412998869
2,4,4,5,10407,-289503914,-328483960,1523859832,1900194429,1668074489,-1052943599
3,4,4,5,10407,1131175448,-641015585,1867065649,-1177298936,681532159,-1768191816
4,4,4,5,10407,541580940,1131788701,1420984015,-1546212051,166005218,-712504965
5,4,4,5,10407,1050684571,-476989421,1388250601,-101571552,1398696687,-1128908871
6,4,4,5,10407,-2092283003,2011355697,627276103,-728216088,-415093084,1745184015
7,4,4,5,10407,1099922050,833683217,959475935,-762901635,-10587871,-1252018217
8,4,4,5,10407,-94317578,480157642,1571274117,115236748,1129111006,281233024
9,4,4,5,10407,540835530,-1263191210,-1672623576,1320627596,1568088928,-1297515784
10,4,4,5,10407,1396686321,1101032411,-589316419,-1070576506,-609029115,-1975791717
1,5,4,5,10407,-550075536,1440090174,1248301109,185034063,-1428893768,-1801542081
2,5,4,5,10407,-1831939565,-964077647,1208937316,1595939033,779057353,1163207400
3,5,4,5,10407,-1029378856,-1987670270,1933644699,689731802,808712370,-1845627571
4,5,4,5,10407,739602846,-1925657402,462776398,1739770193,-508105352,-1308153434
5,5,4,5,10407,-753470077,-1025342525,-1371006139,-1742649360,190924517,102895216
6,5,4,5,10407,731456814,-1664125007,-1479563038,-1291581178,250936833,-26684857
7,5,4,5,10407,1139258938,955456531,-302845305,947353891,-960691534,-47667172
8,5,4,5,10407,-1782535721,954276229,-1848114844,-1456101988,464743922,1909981221
9,5,4,5,10407,2115737042,1673527585,1728226292,146134585,-1115990831,-1108584015
10,5,4,5,10407,1788589762,85578919,-1089025641,1205488986,582901792,1117135833
1,6,4,5,10407,326243001,1324335126,-224400835,-1233992867,1676454470,1290316800
2,6,4,5,10407,-1238207209,1500793689,-437869211,199451265,1258547776,1934917972
3,6,4,5,10407,1387767060,-1208376867,-1647650741,-557673736,1688003887,397477223
4,6,4,5,10407,670171567,-1807250405,667917293,-1650810225,1915825830,537124262
5,6,4,5,10407,1340491228,2025181164,-2120137007,-512170321,-1127962673,2081960162
6,6,4,5,10407,-1924986880,-805383289,-1231668545,685095508,-1275717359,693358812
7,6,4,5,10407,-1902965361,1411784974,-1442822511,-2100642111,-1112352179,-201768640
8,6,4,5,10407,-1894527335,1103052014,-1919099021,-1669023659,-1818573774,723903368
9,6,4,5,10407,-529599241,-1263058212,1548620587,1249153913,-171879729,512628419
10,6,4,5,10407,-2056770051,846340103,4741203,-2010894900,807456164,1371404608
1,7,4,5,10407,-944153713,1755024471,940219747,1782929823,500589868,-698031641
2,7,4,5,10407,1889277673,-106657670,583059526,-1925229028,1064939161,791264275
3,7,4,5,10407,896800352,1852881228,-1686161187,979112948,429930389,1207284893
4,7,4,5,10407,-1032459092,234505084,-1685339702,836650424,199955095,-861795410
5,7,4,5,10407,-1745546667,559597235,1050797794,-1239652069,452443258,1845335764
6,7,4,5,10407,889366162,-1575515219,1581976638,1966077680,247094456,1894110986
7,7,4,5,10407,-1752080057,-1131640953,591379741,-1323133201,-1637568473,-420928513
8,7,4,5,10407,1600137768,932523824,-1398341283,-785936299,1724377015,1415646778
9,7,4,5,10407,1521691474,-1435757567,-1529950691,789374233,-780555240,549666076
10,7,4,5,10407,-479052038,493111842,389623354,-124760115,-1331466498,-1369852282
1,8,4,5,10407,1555435472,31535278,-1233066531,1121330226,-2143114112,-1670232017
2,8,4,5,10407,857346086,-1885498790,-925502653,862719644,-354860500,1622152910
3,8,4,5,10407,87589306,-287102636,-1849575663,-1027686536,418871744,-1720993391
4,8,4,5,10407,-1393035903,1370548826,1235082054,1996083955,1664565132,1513414254
5,8,4,5,10407,-569541495,2029691411,-1907690773,-313384121,-88516693,-1967473823
6,8,4,5,10407,-1175462502,-1920879308,-770139631,-86366452,169634218,2029453003
7,8,4,5,10407,1981296684,-251584540,-3829092,752963134,1289050538,-589702263
8,8,4,5,10407,1273962182,-1973346297,-1069309361,568684192,620993597,-892359410
9,8,4,5,10407,-1647897966,-583203853,2009114586,1150424232,-1481956480,140938568
10,8,4,5,10407,-470730614,-1441005564,1338078561,-1807434333,1902443579,1366129205
1,9,4,5,10407,1416371052,-439201330,2116450976,1746403497,12515118,-1358079520
2,9,4,5,10407,-2110081644,1514482253,1681667797,1434707765,1993278553,2072527013
3,9,4,5,10407,1880752407,748419527,-1633767754,-346335314,-610955596,-85697880
4,9,4,5,10407,-1185857471,-66068700,1737663775,-786890314,2024779649,-598521998
5,9,4,5,10407,998486628,-1224966972,-1021494012,-1930028401,1039602764,-810046473
6,9,4,5,10407,2079838378,1606781251,-1613195752,1957238565,960753835,-1081743526
7,9,4,5,10407,-841185599,367005875,-269081543,-1904257519,-1032695671,372810615
8,9,4,5,10407,1989673156,-146767554,1198350231,1857376206,907881537,-533450670
9,9,4,5,10407,-1489651979,-702110417,1891067120,1725587707,1759949870,695815513
10,9,4,5,10407,1000092291,-2037351018,1441687160,-348375204,206230077,1230695048
1,10,4,5,10407,-363251082,346057147,-381286542,652622361,1907538936,461430582
2,10,4,5,10407,2097757832,-1026788680,1858661436,190567572,-981440151,359744211
3,10,4,5,10407,-478748222,-405667126,-1540739267,-1650266118,1800256100,2028549691
4,10,4,5,10407,-114081163,550232413,-695692359,857455616,1601338136,-214399994
5,10,4,5,10407,1076706084,1096291234,-635766474,-655933237,-1280836165,-2096028409
6,10,4,5,10407,2072614664,16622448,1336892643,-2101076422,-390574195,-1721645412
7,10,4,5,10407,-2118899214,341635122,-1761382861,-1493961198,-239957489,1294350601
8,10,4,5,10407,1683692630,-1412240624,1630111725,48315073,572477078,246343687
9,10,4,5,10407,503291336,-703107369,874958837,-687812329,-1311126719,-567379862
10,10,4,5,10407,-1322965081,-1790814466,-551743787,-1713201273,236789252,-1136194372
1,1,5,5,10407,-922922097,1346080606,-393006274,-552344550,1079230486,-1685317360
2,1,5,5,10407,977850283,2060655443,-2113781755,1152305904,-984841335,1194998947
3,1,5,5,10407,1759693233,-476280702,-1873058804,-645712483,-1826724394,-1275206995
4,1,5,5,10407,-1668007390,473171577,1763654761,1810053986,-1214071424,168057566
5,1,5,5,10407,-1284962479,1810763059,-289108004,768147671,1025760386,2065461027
6,1,5,5,10407,1170408496,2055358764,-234956675,974726895,-88274855,2073312959
7,1,5,5,10407,-373816648,-1218038810,-952930627,-746777602,-664025190,-1094654177
8,1,5,5,10407,-376101146,-832789045,-376951372,-675084755,414324225,1488011167
9,1,5,5,10407,515140297,1489147383,421574498,223944214,-1139075559,-1254606571
10,1,5,5,10407,-235104146,-492781246,490573746,-572449543,1004001948,-903740116
1,2,5,5,10407,65873953,2098663688,-706096757,-438730044,792295789,-1360648339
2,2,5,5,10407,-1502483370,487846393,1874530680,-518209447,2110914370,88200164
3,2,5,5,10407,1597079626,-638961361,1299218728,787404085,2052417175,-1329455744
4,2,5,5,10407,-1065063758,86471641,764397870,688105448,2102832435,-1753402365
5,2,5,5,10407,1252949055,600265682,1992097184,1424455126,-1464030698,-605985632
6,2,5,5,10407,-1684241869,184581596,-1186614101,-1632994467,-171110893,798103821
7,2,5,5,10407,239062111,387427354,51554079,460552858,1002885101,-1710102165
8,2,5,5,10407,-57347774,2063045926,1297223356,511782426,422948306,-951659474
9,2,5,5,10407,1817836108,2037941330,-1397847737,-153872492,-91986612,-1861669531
10,2,5,5,10407,-272453793,1834416506,259369921,365516376,379547730,150172723
1,3,5,5,10407,1110423946,1861473037,-589831875,1915752517,1381534157,1086782019
2,3,5,5,10407,-1213902041,1332605988,1223921506,-367789,122372087,1485995271
3,3,5,5,10407,-1236976893,-1198732958,1015183550,94536894,1461200468,-1807582162
4,3,5,5,10407,-164767229,2106071099,419724171,-1730183837,900206136,-561737339
5,3,5,5,10407,-2101146026,-1486289975,477954979,1342539126,-1900394599,25119550
6,3,5,5,10407,323394690,711732239,640321120,-826683617,942032428,1818499200
7,3,5,5,10407,1085203737,-2096908854,-2013359594,-481553594,-2110069687,-1173154112
8,3,5,5,10407,140510309,-1231076790,-1929771526,-1512336597,-1956446365,1013144535
9,3,5,5,10407,-781376597,2030844692,-288700499,648477483,-304907645,2079051675
10,3,5,5,10407,302863604,1313799628,-517679354,-1003018920,-2112521436,61710085
1,4,5,5,10407,-232346815,227234755,1006915669,-1270007621,958325728,-2068776095
2,4,5,5,10407,-1556899917,181905799,882724409,-197807557,305969466,263443657
3,4,5,5,10407,1800642877,-1187306865,636331121,472901330,-1987389538,967574293
4,4,5,5,10407,-1954144304,523890252,-309789681,-941759110,2009209822,563031192
5,4,5,5,10407,330924988,1603940197,1619350259,-352848291,-1462837667,1692533923
6,4,5,5,10407,-1175707974,-1820840558,-1072365624,2091189162,1744850131,984830378
7,4,5,5,10407,789029001,5252086,5576761,-1923234915,-1137310970,2029558430
8,4,5,5,10407,1086219338,1481678670,1407965984,1449510891,-1982636040,-1885232313
9,4,5,5,10407,-1848831844,-1027421822,-1315910875,-1474615116,-1836336342,148117767
10,4,5,5,10407,1638609256,-1153721911,1796837664,-462556958,1529143256,-363167693
1,5,5,5,10407,1410510184,-1932937938,1826671258,-443909438,981615292,537006391
2,5,5,5,10407,-1284287841,1664797264,-2090073876,-67782025,-484473190,8060185
3,5,5,5,10407,618043614,511592930,503207918,1674912700,95197476,-1650189760
4,5,5,5,10407,1509443843,1773839187,-602697127,-1163815850,-1571838757,-330658238
5,5,5,5,10407,1150145021,-1645262973,-593120575,-257629257,-1303754890,96552392
6,5,5,5,10407,1322003033,1216059094,-14044846,732823703,232517532,-510910023
7,5,5,5,10407,593543468,935088223,394062362,-1747344822,-1534975454,-1592502910
8,5,5,5,10407,895676385,30182731,1381077210,-942935147,-2030202576,-1405514218
9,5,5,5,10407,1285502109,-1006625594,1494942441,-695422832,1719200476,-415171237
10,5,5,5,10407,289893660,902281710,-1587982264,1787555029,1981282299,285964872
1,6,5,5,10407,-334362558,-422659598,238232779,2079024032,1477999061,1900202551
2,6,5,5,10407,2045411559,-914311862,2064508922,-1067839733,-1300728077,1796289359
3,6,5,5,10407,2134535608,-1459590077,-1364679198,-1142067802,944565749,520722666
4,6,5,5,10407,1405739250,410886016,-1541830749,-1677263420,300185188,942374251
5,6,5,5,10407,-112973506,-366896639,246603892,114715646,996887061,1203307691
6,6,5,5,10407,-542797132,-584075457,1607840012,464069494,-530908705,2052187521
7,6,5,5,10407,1218146648,802632580,1784891561,785598855,-1470343413,-2081921396
8,6,5,5,10407,-1310800247,-563633213,659846183,-1535969050,-1437775967,-640842974
9,6,5,5,10407,-891862429,-1698563890,-603326887,601663249,-1890315460,239664551
10,6,5,5,10407,-1870532193,720816690,546827862,-862596881,1748011169,-1190210944
1,7,5,5,10407,-186392336,-1769113026,-882113622,1162868872,1342146326,1950274106
2,7,5,5,10407,-428113385,-1806270288,-1530787366,-1782119946,2142718333,211650
3,7,5,5,10407,-1017554509,1423032015,-1174044304,-1732868996,1853910812,-138360781
4,7,5,5,10407,559412402,1272452823,-1999950961,-1332531975,1758583960,961670663
5,7,5,5,10407,-1456847945,512131185,860347590,-1231093846,-719533628,1803904200
6,7,5,5,10407,-1126698674,-1699494197,1551968661,2040058775,-706321863,-952510890
7,7,5,5,10407,1894979464,-55623837,1675346020,1150930327,1525637061,1259154279
8,7,5,5,10407,1898897398,-1614816903,-769128563,119275780,-877189888,921552973
9,7,5,5,10407,-318359349,-2059695164,-1847511837,438254682,-1036894313,1246033256
10,7,5,5,10407,350054597,-608343790,1683944108,479606163,1703979703,-486957944
1,8,5,5,10407,1834562914,-1082936919,1096473588,934024331,768902697,1112735715
2,8,5,5,10407,-1797427532,839609957,-1901353028,-122146927,-137289711,-349141681
3,8,5,5,10407,-157502337,-520108327,990927136,2131490534,899431649,1193519975
4,8,5,5,10407,1283114187,-1806363337,543312594,-802396445,-885356984,1173644245
5,8,5,5,10407,1573884365,1899657328,1919753645,-1465526445,-1454737061,329816523
6,8,5,5,10407,1820548033,-1240344093,-1330659512,-1015248460,748007064,-1056622995
7,8,5,5,10407,-812557075,-429587323,1891526528,-1128405533,-1490060725,2144186095
8,8,5,5,10407,956354107,-75089702,662855720,750505212,-1266260038,2048104216
9,8,5,5,10407,-1941448064,1777636385,-1925948374,921912102,2037263648,-38202274
10,8,5,5,10407,1487399908,1967746106,1373780721,-1917376446,620856938,1287188899
1,9,5,5,10407,-307941041,-1507434613,-759841396,-1779071152,-258171293,209158888
2,9,5,5,10407,-1835707315,1157453083,-123749648,1605171170,-336561831,-442513335
3,9,5,5,10407,-1268441954,-623790755,1058740759,-1696379424,771918434,-129686302
4,9,5,5,10407,-1811435263,-736748061,-1079924249,-1746488324,-1110746748,-1950339985
5,9,5,5,10407,671874943,-1825953806,1633210904,-1757511130,-833575911,-2121625435
6,9,5,5,10407,-1211912213,292742628,-328754164,562649899,487834925,-138884990
7,9,5,5,10407,-920608498,-665338230,761046201,-2009241058,590243855,580782035
8,9,5,5,10407,-1407633553,-619011837,-1603131480,1781310012,1679612298,1411832317
9,9,5,5,10407,1632835740,-712125208,-1903279481,1911918880,422604271,-1723770512
10,9,5,5,10407,-471419998,640577118,945301435,-1650747020,-2092255695,668005267
1,10,5,5,10407,-887617124,-529039039,1642923041,-877497719,2036775203,-1592549801
2,10,5,5,10407,23553898,415025042,-1457183496,-53029270,112572352,1824597252
3,10,5,5,10407,-180276540,-110182493,-616103196,-1649037135,-2125473760,-1051953241
4,10,5,5,10407,-1903290148,-798700029,-2055037580,-2142047782,643608375,653241806
5,10,5,5,10407,1929968631,1011900736,-722015818,-438705884,-1886547586,-4138387
6,10,5,5,10407,-839816529,-1118509839,1400605197,341498686,164882749,-1486477792
7,10,5,5,10407,467234741,-293135916,550954306,1020876488,-1568642303,2102417928
8,10,5,5,10407,1920735850,437894729,993675661,-401074715,1210672806,-851025233
9,10,5,5,10407,1102674358,-1212172327,564868964,984767061,1602434421,-699487522
10,10,5,5,10407,1845164285,-496014845,743108884,383862583,1421919302,797677045
1,1,0,6,10407,-1521259461,1204217443,1947890353,2075709238,-769579156,-1388481699
2,1,0,6,10407,1405960438,-130815324,-1103065748,-1766927203,-1749947875,310726676
3,1,0,6,10407,1472828429,-1274314331,443246083,644531481,-1552112908,1022988018
4,1,0,6,10407,2117881669,-1152838018,753786318,1951813170,-1597727981,889637489
5,1,0,6,10407,817504314,1351385793,-308908699,-469910610,2087135540,-1378615802
6,1,0,6,10407,-953094325,-1254978460,-1719433750,1791999025,1893287404,-1894410134
7,1,0,6,10407,491434198,987710172,920574878,485702174,1366493334,-1797145279
8,1,0,6,10407,1254012775,403727407,1889064279,2050078198,796649230,-945917985
9,1,0,6,10407,1838376526,561723393,305805579,-1726466206,-1654403866,1507144704
10,1,0,6,10407,-389851364,-440337191,-596939009,-466048684,524494394,1798211644
1,2,0,6,10407,-532723303,-1838238512,1471977840,-325558435,1402367029,537292383
2,2,0,6,10407,-1838388696,-833911642,557997905,-505209948,-573241077,268316885
3,2,0,6,10407,1392898250,-1715241454,-631200192,-1767089031,-500235509,-1274526622
4,2,0,6,10407,1557448248,1267497440,-530683676,672402276,289282718,-306479256
5,2,0,6,10407,-1428529268,-1634236443,-1192052203,1191466643,-916789720,152097285
6,2,0,6,10407,-2064297560,-1747086180,938723739,1069777504,-531912962,1391140844
7,2,0,6,10407,-756732558,1474550824,-1170641082,1684673176,1518954692,1722058831
8,2,0,6,10407,1912439029,-2021818793,1037040096,-1438550508,-519664088,-1273134701
9,2,0,6,10407,-125449044,1450997860,-1472604940,-1217513369,1431512341,1548280560
10,2,0,6,10407,-737242313,-1814460064,-2083222380,-1170921724,43475275,1204148261
1,3,0,6,10407,-1747279726,-2066791014,-1710219165,207909069,-31725576,1944986425
2,3,0,6,10407,-1847106471,652288851,1838215354,380862646,514607088,1649765260
3,3,0,6,10407,1046329046,1932781027,592628985,863381763,-1468088492,2017983535
4,3,0,6,10407,-542178430,-1767958563,1074200253,751555394,1994829120,13805771
5,3,0,6,10407,-395975958,-1353736280,1503956818,-2026703405,918241289,1848720027
6,3,0,6,10407,-1128970913,373730034,-743377665,-1425964099,497583392,-849668970
7,3,0,6,10407,1835221431,-637833617,1286398381,165334058,106031552,1801563124
8,3,0,6,10407,-453352324,-229982666,-1390105870,1581854933,1855149160,1200635239
9,3,0,6,10407,-639015570,-307249959,-1590870508,18880837,1611083436,2103420406
10,3,0,6,10407,-1116323270,-1606384077,-989916204,-1005652647,-741815639,-1492867921
1,4,0,6,10407,39848450,-671100451,-2124076673,1565049328,499771049,2126497228
2,4,0,6,10407,-1310184544,-321149517,1003788501,1507633791,-1449222379,2028579865
3,4,0,6,10407,-1089435222,-1981555264,867293809,-49122162,1534313485,-1813584343
4,4,0,6,10407,-1789432119,460958837,-1187729509,544249181,1797803875,-869081280
5,4,0,6,10407,1947325750,271338659,101649286,150267890,-1625124542,1320022149
6,4,0,6,10407,1740675497,-739067658,-2098650471,1051901934,-423949006,36713332
7,4,0,6,10407,1330631566,-1452375297,-396296921,547074048,-483806528,-906685685
8,4,0,6,10407,-387007854,-582416215,-65465320,-1220385184,1628383393,-37675835
9,4,0,6,10407,-1862759001,385820295,-1869588327,1610319679,549004628,-1382486028
10,4,0,6,10407,572256075,560664450,-561810115,1338871833,109142267,-1337606386
1,5,0,6,10407,-583165059,1737186844,1643466462,146181830,1327176051,-1870314794
2,5,0,6,10407,659873119,-2100507886,1932148254,-122580251,-1741432961,1397079076
3,5,0,6,10407,972584701,-1601759286,1022528131,519887282,94601888,-70859548
4,5,0,6,10407,1719286553,1773187121,1228107591,1012584347,662177886,2070150792
5,5,0,6,10407,5949298,374103969,-1254371324,602569409,-1350274414,-1346969312
6,5,0,6,10407,312318511,-1391665538,363629330,-72531658,2085368170,-2126738974
7,5,0,6,10407,280500722,-642590818,-175904626,-1157785452,-647284910,656909783
8,5,0,6,10407,1891244525,1570351893,-493815535,-1825858009,-1282908276,-128083558
9,5,0,6,10407,-499468518,1022518175,1236351426,1827848197,1617148857,-838272585
10,5,0,6,10407,1452054354,214765829,457348004,-1754892964,-150038709,-1590971961
1,6,0,6,10407,562956956,384791605,-1851444265,-1831288849,1967980756,1005905064
2,6,0,6,10407,-157005536,1226452801,1609650896,-75569883,-458611955,-823051663
3,6,0,6,10407,1439219600,918797192,1600802227,1557452519,1454175100,-519891306
4,6,0,6,10407,1473006534,-1770284938,-1661101841,-1311868231,1314534846,-877837593
5,6,0,6,10407,-207150040,-1688082312,1590339942,-640422559,-1570241312,1137289463
6,6,0,6,10407,929023033,-797446916,-973776055,242843863,-657681776,-1656611276
7,6,0,6,10407,-858450894,1517589122,12749874,-457315868,-1350959209,180209083
8,6,0,6,10407,-982433895,-568890446,-1725996866,-1776505079,515224032,-1149680599
9,6,0,6,10407,798038100,-1886230456,1002437331,2047977377,-1370636425,-955399214
10,6,0,6,10407,-1681476512,1484320060,1869844571,-1931429534,-836946513,290289294
1,7,0,6,10407,-1828567446,-1469126303,2094710664,297142177,77583561,1882585686
2,7,0,6,10407,1069636457,-868801562,1569679471,-1306218011,-179751354,-1844748265
3,7,0,6,10407,1495814952,1430927292,-116728707,-171718609,-1804876859,-255386315
4,7,0,6,10407,1817878291,-744797696,-1929199927,-475647229,1409944068,2012990057
5,7,0,6,10407,-726386577,-422852435,-276188034,-1484139487,1883058969,-370865362
6,7,0,6,10407,1023511618,1071182030,-26060483,-2112919759,-1736955802,-101505668
7,7,0,6,10407,512286863,727196490,1789596001,977169239,-1251042215,-1574224285
8,7,0,6,10407,-1613154372,-1236953114,1207835863,1118727099,-1907200529,343985460
9,7,0,6,10407,746028399,766863126,-621761301,-183270106,733575877,521800079
10,7,0,6,10407,1355144093,-2015926954,-163846625,-1032070851,-997370897,-748559006
1,8,0,6,10407,-1942111035,449100753,-1903640672,202301376,479901910,-269529972
2,8,0,6,10407,-607054691,167994416,598336727,660774416,-861755440,-832842306
3,8,0,6,10407,-1929641187,454201630,1200499706,-1628167140,-1156901937,-917568124
4,8,0,6,10407,2096085044,2117707857,517292158,1895828314,755153310,-1212074975
5,8,0,6,10407,-477088112,741698873,-1136394145,2017454639,896012346,904842195
6,8,0,6,10407,938283725,-833113146,-2144433935,-1470533440,-38405003,-744068541
7,8,0,6,10407,-1671650096,-966548948,2106073085,-2116543023,353286954,-14634947
8,8,0,6,10407,-927036990,1578794382,-789232137,1355995676,-633388132,1233875607
9,8,0,6,10407,552643806,1336916205,337074195,-254986187,2073984865,-785395750
10,8,0,6,10407,-1485571713,1645804025,341974035,160187436,-422647771,375077773
1,9,0,6,10407,986152747,-296410272,-1998746516,-1680829630,-1235358530,2113025957
2,9,0,6,10407,-901026607,2041379926,-20597673,-1711396945,-1292216802,476594544
3,9,0,6,10407,1997035583,-753716112,-103079038,139064723,-1435511995,58344003
4,9,0,6,10407,816189481,-233771257,-614248042,63491494,1213954807,264838947
5,9,0,6,10407,-942688884,-1769211109,-923981028,-298094343,-1806096178,-1605585830
6,9,0,6,10407,1716413751,1917605851,789870211,-803993110,-12200200,-371277264
7,9,0,6,10407,-12137893,-213673057,-956346964,1341412007,-898476566,1441619201
8,9,0,6,10407,-919899740,487404277,-619741118,-1344946298,740639337,-158129328
9,9,0,6,10407,1497990582,2050616948,1375763066,-1445121054,1418136183,1069399107
10,9,0,6,10407,1664692439,376093093,-292813053,-1526764045,15236292,-1956180782
1,10,0,6,10407,1306816085,-1317576031,599200343,2078887487,493315899,-326987068
2,10,0,6,10407,-1754656781,802229100,-1247432321,-449290064,-1848345650,-1696128106
3,10,0,6,10407,2126140701,833906415,-648141160,2063026532,494991312,-1376462167
4,10,0,6,10407,343920293,-2018269125,-1412919351,121903931,1585278631,-1151401064
5,10,0,6,10407,-1175476016,-20588013,1850783702,271968949,-1139426681,691610731
6,10,0,6,10407,-1591405555,241531833,-499822610,1039686048,1794201062,-1698461638
7,10,0,6,10407,1842777417,-633820396,-2055625423,-367875982,-1089005527,1838052804
8,10,0,6,10407,-1520319787,1833866544,65835460,-1638828340,831532018,1877650525
9,10,0,6,10407,-827051901,808060378,-1903714315,760803273,1707962558,476216286
10,10,0,6,10407,1742618103,1311372257,6122511,-810326516,-1264856927,1423518704
1,1,1,6,10407,690715026,-1292231426,-992036210,-1627556605,-1885460778,-716936494
2,1,1,6,10407,-1177355532,-1080997104,-1313241169,1297434459,-1355605599,1751701705
3,1,1,6,10407,1746715806,736273353,1758896715,-1964775183,-2047231927,456985309
4,1,1,6,10407,1991177191,1843150254,627880701,1919178588,350897173,-1156526580
5,1,1,6,10407,-1614084165,828613306,2090383945,152332803,2020240667,-2095679132
6,1,1,6,10407,1007342366,1591775518,-616388702,1897519314,-873332158,1428329915
7,1,1,6,10407,-1889510481,-1709836684,1898536005,1856469922,-1656795938,-617804745
8,1,1,6,10407,667240944,1203017891,-564347394,-506575732,1777074197,-700201697
9,1,1,6,10407,827733579,1250577169,-1755614524,484692286,-891162722,-1228077816
10,1,1,6,10407,-1764509559,-178505430,-1452205511,1490955366,-404090993,1722926465
1,2,1,6,10407,-1354278281,-1220966899,2114520578,430476440,-1070145294,-1121343874
2,2,1,6,10407,-609253838,83173295,473796791,-339279782,-1811403685,-483795826
3,2,1,6,10407,1456118619,-1632841208,-440265396,1480774688,1043905879,-749126388
4,2,1,6,10407,-228575587,-677403031,1329827503,-509011884,1801868947,1753800196
5,2,1,6,10407,-753493835,1821729618,-592178199,326263328,-938453205,-1876705381
6,2,1,6,10407,1907499820,1669986263,620334943,-1330809820,1895508351,-1096163117
7,2,1,6,10407,-1438229443,1058089839,907045622,1799002957,1075353745,118990644
8,2,1,6,10407,1897601472,1847276618,481328233,1032267944,1693019020,1936697876
9,2,1,6,10407,-195062547,-399369175,-1428971650,2064367245,-952914693,1936828739
10,2,1,6,10407,168107230,762679843,1402588066,1473128343,445785508,-826775422
1,3,1,6,10407,-1248181875,-1924916892,-278702535,-1657904863,549185582,1364521050
2,3,1,6,10407,721672892,-49132983,-535657085,-102255564,-1249889927,1773607056
3,3,1,6,10407,571082327,-478385732,-658459021,-1205883201,-1672086741,-2026064992
4,3,1,6,10407,-1618879372,1913992657,-1925509789,1226516740,105205614,1753259111
5,3,1,6,10407,1402463966,-1299801190,-363617431,-1788975248,-1095379723,-164417307
6,3,1,6,10407,-1063553036,-1981808849,1069246195,-468415691,-1872256470,-1603813887
7,3,1,6,10407,1137751396,990258992,1541742544,237462097,-167011629,-1426921250
8,3,1,6,10407,389586561,-396862593,-1877656567,1759842298,-2066116690,1000417755
9,3,1,6,10407,-1425677326,-556063022,-1390148965,418341945,-1497038830,540304069
10,3,1,6,10407,-1276115600,4779587,961950373,-229159501,-531569887,114766492
1,4,1,6,10407,-415248745,-1405551934,1987751920,-2078376691,-743905964,-401385253
2,4,1,6,10407,-299667216,376182752,-1602889991,-225652518,-767558766,793921259
3,4,1,6,10407,-811351281,-8559538,1890981922,106284972,1394899151,-1265708914
4,4,1,6,10407,-1994354335,1068446530,1712846967,-1845872483,-1650786171,1605961310
5,4,1,6,10407,-1029805618,1765420904,321000290,844158467,1997752870,1457105439
6,4,1,6,10407,-323602010,824163618,1212216831,-1626412566,1105139107,1768117521
7,4,1,6,10407,-1930476140,-1426137680,1056702144,2142197375,-823115369,85175392
8,4,1,6,10407,411403569,1327050235,-1505865426,-284202698,-1142643596,381665340
9,4,1,6,10407,1451902144,1476844734,-666437892,1652078487,-837815060,1089822614
10,4,1,6,10407,-147685985,-1103006099,937580489,-1186270455,2047101420,1880418608
1,5,1,6,10407,1078279057,-123524379,-1737608916,-1646997136,-1607671761,1616047877
2,5,1,6,10407,-970928117,745266661,1673915209,430615070,-1757053474,-53007880
3,5,1,6,10407,177036244,-1740169751,-1461773651,1267357241,-328158828,1034533990
4,5,1,6,10407,920134836,1721697011,-764620912,1421121627,-1370041720,722739084
5,5,1,6,10407,346822838,-404129081,-1102610519,1519460839,-1109130392,574157375
6,5,1,6,10407,658789603,-1115327422,-1242613792,-1225856470,201277416,-1701759950
7,5,1,6,10407,-1709727996,-1129458783,-713264641,66698918,-80271076,-1484467251
8,5,1,6,10407,-1783897481,1038719132,1717736271,1190889026,270649380,544158509
9,5,1,6,10407,197139282,199301685,-1993560416,2006838337,-1269071085,-1302861042
10,5,1,6,10407,582457473,1532580416,-1857699771,352811936,719469890,661645995
1,6,1,6,10407,-1168023899,-1926767897,-1339280125,-2084110462,-1716011493,-1455668165
2,6,1,6,10407,1932790322,317788658,323197415,2098383330,438804900,-1871321030
3,6,1,6,10407,116397841,-1774692336,914069417,-872710269,-1040956272,-1924294765
4,6,1,6,10407,-542095207,-1716880100,736947163,-1609131900,654697675,-2089421604
5,6,1,6,10407,611670476,1723891708,1348411524,1458345707,-1483163526,-619797667
6,6,1,6,10407,-1261410677,-1846563913,-843681962,-870451504,1375409753,-2108056771
7,6,1,6,10407,-1167333078,391582858,1807597434,1700686314,-1004542473,-1820336268
8,6,1,6,10407,-650684968,-1236707249,1876131418,-1940826972,-890450754,1369906247
9,6,1,6,10407,787989336,864523991,-140908165,979665150,640920635,-146729652
10,6,1,6,10407,1742088414,242680390,128200569,626788173,834177909,-1920605987
1,7,1,6,10407,870466622,-880648859,-916328490,133086499,656229066,-56305408
2,7,1,6,10407,-1392148036,1453491270,-1878203404,1611075156,784561634,-2053622209
3,7,1,6,10407,-754511181,727385899,996195632,917528122,-1103391246,1315167056
4,7,1,6,10407,-437198462,1422380586,-1495334928,-633058288,-955302566,120584206
5,7,1,6,10407,8476354,1840892941,-1636806442,-460514270,-1757659344,-918338614
6,7,1,6,10407,-1233219942,-2001298641,504077356,564997467,1552518693,1707864132
7,7,1,6,10407,-1392303020,-1352431016,-1093956949,347167536,1941719006,-617540077
8,7,1,6,10407,-129918728,-138501151,-651792990,1724762117,741343655,274989941
9,7,1,6,10407,-1875577468,664344009,-1406874857,1037620224,1889800611,-658224165
10,7,1,6,10407,-778032704,-1265830028,571084550,-592974680,-679756049,-808637721
1,8,1,6,10407,1548017875,-1443615492,-43923147,-1653867389,671383960,-2003426669
2,8,1,6,10407,-2010464180,17256274,389015030,534965847,792977873,-789140109
3,8,1,6,10407,1449460870,-131677311,642580437,359989654,1347197462,1531833886
4,8,1,6,10407,-1889272053,1394601998,-528141990,721284988,441716070,193549967
5,8,1,6,10407,1292694186,79522389,-370318936,-899031428,-49813299,1737000685
6,8,1,6,10407,1512360077,575364358,1640843773,-391790829,-208891159,-2113509255
7,8,1,6,10407,-1923479709,789365152,-469674983,747757707,-1652345144,-667138025
8,8,1,6,10407,745159992,-958761021,740613815,1299966817,-1663874469,-1923354429
9,8,1,6,10407,-497584372,-962738767,-507012214,-146749714,-1911433442,-540726665
10,8,1,6,10407,-928266788,-339638098,-1341794701,195585270,1783154549,-213655038
1,9,1,6,10407,-75762315,468286011,1557610218,-1553095443,-1851189842,-517241530
2,9,1,6,10407,39514447,303558905,-1906736857,-842065414,786179889,-866978620
3,9,1,6,10407,-1849790212,-1990993614,-634499424,-910952262,-2096214965,-1993036527
4,9,1,6,10407,636225414,-582740127,543479519,-1165843466,-169646813,28706059
5,9,1,6,10407,1962720632,52446294,899629546,-1098545408,-1229885248,-1349268951
6,9,1,6,10407,-2021381725,-14962161,1504805419,6729943,-1811002710,-594243344
7,9,1,6,10407,-1436536408,439129787,-1610061158,-1759509083,911012334,1931538433
8,9,1,6,10407,360643940,-1223340625,-408810259,-1238945387,84076277,527718818
9,9,1,6,10407,1138960022,934572967,-563205236,1950627123,-124185360,-1252984181
10,9,1,6,10407,396420079,-1700851992,1324347977,1432583340,1877531288,-1681277419
1,10,1,6,10407,-1003561514,-2069842208,-713053249,-1020283331,1007756886,-4074630
2,10,1,6,10407,1432935831,-1198932504,1953554979,-473872047,1691397695,2071440447
3,10,1,6,10407,-578854112,-404338744,863711768,-1483499769,-2042151083,252287967
4,10,1,6,10407,-760476827,-142700956,1024982044,-1680756035,2023316268,-1456135786
5,10,1,6,10407,-1851480498,657988459,2033096927,-281242744,-790184650,-1205333610
6,10,1,6,10407,-137731301,-415040411,218842896,416203564,1053971048,1740797355
7,10,1,6,10407,-624134537,1312879463,-1362723118,-499322524,-1256345623,-1710293992
8,10,1,6,10407,-1545452065,1311297482,-682662188,548821034,-761227282,447652378
9,10,1,6,10407,-1874557840,-1442046338,-916180343,590360701,-1506925189,1659110974
10,10,1,6,10407,1964336858,-508898449,555549051,-612527934,1158971180,-1364384355
1,1,2,6,10407,464540384,1670007074,-375083926,-609888296,1104438177,-1414835408
2,1,2,6,10407,-1747646057,1956169202,1982459822,-1531935973,1653992431,-1276179345
3,1,2,6,10407,-896739117,1034537031,-1277617217,-1382454328,2033036770,-2137338801
4,1,2,6,10407,565002545,513244447,427812427,1654842233,2301982,-427781162
5,1,2,6,10407,2009088699,59300863,-1403214374,1373609687,1259765252,548627794
6,1,2,6,10407,655577991,215184887,-128003384,-676657744,1024251514,118606336
7,1,2,6,10407,-649876255,-1311124176,2019822580,558686140,-2109855512,293716767
8,1,2,6,10407,475769272,-888018191,1545258148,-1254563851,866889576,-448177494
9,1,2,6,10407,-297936122,-1046378633,1444132355,2057248799,1517260432,-1918086796
10,1,2,6,10407,-1758628036,-1095878889,-1403299908,-457637714,2089464373,-614053792
1,2,2,6,10407,293418179,-1024055018,-1483813378,-969436940,-1996807602,-2130035303
2,2,2,6,10407,-2049812907,-809332540,629408604,1588467604,1548490362,457051952
3,2,2,6,10407,1869280096,-1329649889,-1404563440,498275744,1800081331,1882349158
4,2,2,6,10407,-1000418378,630278613,1825983581,723584858,795313459,-241793219
5,2,2,6,10407,-2112514810,821760143,538495681,-1754117369,-1804762296,568272853
6,2,2,6,10407,-1635223167,1837073462,178080187,-1447439707,-889494984,-822708523
7,2,2,6,10407,-828511417,1111419102,-469477555,860976752,178413363,905302087
8,2,2,6,10407,-361742927,-138996000,1017838244,-1669765518,2008433138,571755036
9,2,2,6,10407,2076054332,1194237884,1794173109,1613785018,-157093889,-1919633215
10,2,2,6,10407,1642237084,-327698272,-1912591621,1999516907,-935156270,-1874101012
1,3,2,6,10407,-465002278,259780459,433840783,-1211589372,1817477255,-107528112
2,3,2,6,10407,794816577,-1096641169,-419846401,1657728466,1340649365,881989827
3,3,2,6,10407,-749997551,1769696550,-1355317766,-1027729704,449468624,246785538
4,3,2,6,10407,-1867827314,333949441,-1515294860,-1269161356,1843686507,-304014293
5,3,2,6,10407,-1259981714,-2001724775,1970854036,-1174704514,1575841227,128874525
6,3,2,6,10407,1554480802,854019667,683400030,830984176,778718185,-395777246
7,3,2,6,10407,758599525,-881626241,592305010,-1333836971,250414384,1279415008
8,3,2,6,10407,-1136654720,-381635834,-1585455183,634596707,-248125042,788304909
9,3,2,6,10407,2016111745,-1415072828,283571050,1497943210,352769442,-1472580389
10,3,2,6,10407,-333024193,1247445789,1046126681,454448955,1853161304,-785787827
1,4,2,6,10407,661519515,985093410,-192494504,1712141105,564429681,1018090495
2,4,2,6,10407,-109588612,7657477,-76435142,-1045545388,-705688343,1684804057
3,4,2,6,10407,923262332,933219351,1674296074,1193174344,516419783,-2057388564
4,4,2,6,10407,203251466,-421036649,475206165,-800617527,183342782,491486130
5,4,2,6,10407,-932392398,-2099214175,-360400650,-1374471337,-2032589497,-943231362
6,4,2,6,10407,-475067698,-1622436100,1772709703,1756938468,-897356436,1104939190
7,4,2,6,10407,-1816033765,566514870,-1362619472,-2100677956,-2104145719,1979417383
8,4,2,6,10407,617428426,-834355527,-1211174679,666238091,229739358,1411449336
9,4,2,6,10407,-637659741,-978742390,-1980345242,1528104849,1695866339,-1365879847
10,4,2,6,10407,-1037116923,-1044443632,1156970018,-1505741061,1136044864,-193551277
1,5,2,6,10407,-191188503,807331105,-1966591796,-697371960,1410462743,651384277
2,5,2,6,10407,696569195,-5823716,-936873643,449027868,1109053504,1501659084
3,5,2,6,10407,591371275,695949942,-1948855743,1391226993,1281840202,-1607115623
4,5,2,6,10407,-231011582,160344749,-1740457646,1223060294,408340364,-1978903407
5,5,2,6,10407,547376748,1383166543,-598869033,-1536901246,-1514511747,-1319093848
6,5,2,6,10407,1840643532,1447889143,-330523903,1293362433,1265638926,-1511082652
7,5,2,6,10407,-1794795917,-496014971,1424934962,576796391,1819899801,-1845041459
8,5,2,6,10407,283876640,-733615295,1849254812,2134918111,1342141775,-199257394
9,5,2,6,10407,-418542344,-285596125,1128033398,-731603875,659371680,78445663
10,5,2,6,10407,-1425384342,354569686,-103375769,1604636721,1128117047,1104272109
1,6,2,6,10407,1742932064,-77700108,177065588,-1795348465,1633368814,-1413348479
2,6,2,6,10407,202756444,636274001,456286837,905404059,1744306504,1287236388
3,6,2,6,10407,511478177,1586515236,-1431099724,-991460763,-539938725,1206080690
4,6,2,6,10407,1009909532,-1226407439,1390599082,1753954701,-1188431871,833266491
5,6,2,6,10407,1059749731,152198742,-811954032,-957263189,-1231769295,279098248
6,6,2,6,10407,1481194156,545340405,-1425253754,1606959322,1752688501,47129804
7,6,2,6,10407,-2065530757,1249628902,148181904,-2035786228,559351015,-1540933034
8,6,2,6,10407,1534474214,-1501876608,-377656051,1266225349,-1481581787,541689074
9,6,2,6,10407,2012754193,-466480431,-1443295952,-581482025,2002514278,1296509277
10,6,2,6,10407,838009050,863135126,1428046842,462089313,718498760,-1471516421
1,7,2,6,10407,1949886005,-2009123920,237198223,1109905549,-523816845,1686112018
2,7,2,6,10407,-1058007672,-1957700371,459270444,897432008,-927966088,1581571487
3,7,2,6,10407,182167029,-1942854446,-1876256976,547084810,-1331621313,-1489424146
4,7,2,6,10407,-1980664611,-589740502,-1314289234,1288326061,248122627,316719908
5,7,2,6,10407,889716739,239708390,112099332,-1356061318,-805372779,1616935219
6,7,2,6,10407,-1381630634,-1301108699,-1972100203,1659995538,2075504185,-921238545
7,7,2,6,10407,-538786287,1886043912,-1322737168,-86702636,-780497523,1924822108
8,7,2,6,10407,-2051007565,1854559004,-319087710,1950007517,1826161585,562540374
9,7,2,6,10407,1834210311,-1015428191,1388719799,1056540329,760550041,800822104
10,7,2,6,10407,-1473497061,28834309,-732400962,521214345,1911532997,414181359
1,8,2,6,10407,-2143770026,462938226,-443971206,-1396941558,-737781120,-2142275111
2,8,2,6,10407,-200976953,185698995,-1834127086,1752690455,551009055,-2035213058
3,8,2,6,10407,-1208430109,-1905500644,-450204625,1530443847,-2100163527,1823659083
4,8,2,6,10407,50246321,1133681954,-401502550,-1120352034,138411372,-1873113090
5,8,2,6,10407,403834039,-1679101997,-1359233755,950439186,781349328,1273701398
6,8,2,6,10407,146499268,-121595118,2124615854,205919460,1955172130,-1252109812
7,8,2,6,10407,-596043617,-811197999,1508341659,-1531314667,1266390004,822276454
8,8,2,6,10407,1037079604,-2123028340,-403700754,-1283016471,-324883438,701688115
9,8,2,6,10407,1699384157,565946595,1957992702,1075819736,-1679916634,-157896529
10,8,2,6,10407,-624726008,1084670811,1778120657,600690650,2131626803,-594297485
1,9,2,6,10407,992395452,1287590254,-925664438,-1546956839,788157542,-587945555
2,9,2,6,10407,299861199,-1067333718,1192162028,793095170,185678937,-1880485311
3,9,2,6,10407,-295297488,-1902247077,1738758009,868474862,406323002,1340572611
4,9,2,6,10407,-266625659,-1521609973,154246519,2087551861,399428851,1330422058
5,9,2,6,10407,-1623651539,40341109,-1364666053,-1922243977,-997198648,72517364
6,9,2,6,10407,1832700071,1140064063,-609858390,438063544,-338012798,-679893129
7,9,2,6,10407,825786713,-1807590006,255665983,480138086,-121300038,512681301
8,9,2,6,10407,917334974,295766618,-251534998,1826897185,22295315,-148028047
9,9,2,6,10407,-2099821473,541400063,167796243,1602960914,1118109773,743169968
10,9,2,6,10407,-901896579,1665205823,-713164281,1605836911,-503827662,2061051260
1,10,2,6,10407,740369447,-1256434376,1412754662,-1986352801,88315406,-55527643
2,10,2,6,10407,15852314,-729096985,-973584527,1181218036,-1020577746,-740409497
3,10,2,6,10407,2061440986,-781519268,1994875519,636648951,-200190886,-422800528
4,10,2,6,10407,1194602152,-1046358653,2135450511,226758400,249938476,1038425334
5,10,2,6,10407,-1237233552,38605554,1389109123,-807246919,-1352873280,-1567629524
6,10,2,6,10407,-2102952218,1618157146,851751394,2029456544,1060044376,-114544654
7,10,2,6,10407,-1359435658,-336847982,-1527495596,-2061616801,1887674345,-1434191902
8,10,2,6,10407,331415680,-1361563611,-1727671597,1461458742,459292225,102659458
9,10,2,6,10407,988933580,420090498,-1790177400,-1713904664,1313808939,1669085595
10,10,2,6,10407,574576571,-1379060574,-727674742,-518299751,631394308,-2095204710
1,1,3,6,10407,-750439088,-1576059727,873548032,1031798174,1288906646,-456372223
2,1,3,6,10407,1679693674,1501838895,-1249853730,2127187608,1099759715,-314258297
3,1,3,6,10407,589470056,1233336568,-1186453534,-1939218984,-1546578775,-1919739133
4,1,3,6,10407,-1692708222,1237917052,1169946146,-869993948,-1300118527,790789767
5,1,3,6,10407,-1496625923,1667323450,2097885998,-716735374,1399945931,1169695585
6,1,3,6,10407,1787234080,-1023646323,508199566,-1420126924,1232756500,1261980680
7,1,3,6,10407,294180088,-1314674720,-1480271264,-555999754,-2053300062,495306207
8,1,3,6,10407,-1760534725,151877132,1770491338,-1984647346,563425009,-34687601
9,1,3,6,10407,808611817,271005907,-725908526,-542831328,-621513032,463584083
10,1,3,6,10407,1971631379,2128527106,1051960155,-2094911295,1489073327,-1160267839
1,2,3,6,10407,-850767637,2141867541,-1477258671,-749338386,471539594,-129484764
2,2,3,6,10407,1837135659,-1888124863,-1260622452,-1064784028,1949787550,2005848876
3,2,3,6,10407,2062962656,-461520375,-2096187096,-400211042,573696281,-472028440
4,2,3,6,10407,1601700802,478383443,-1729238408,-1813593306,-208320460,-1151383932
5,2,3,6,10407,-62635063,1190826620,1731412539,1229118512,672619872,160564415
6,2,3,6,10407,544561277,2075435197,1407584405,-1262979598,-1475202197,-1234971012
7,2,3,6,10407,1483999717,-1395503598,-1405194782,447347095,-1720642219,1330831126
8,2,3,6,10407,986326923,1541104560,1485599695,1594337806,-62432712,1866234921
9,2,3,6,10407,40182177,1058315950,144787102,999613100,182857441,2041532553
10,2,3,6,10407,751178637,813129867,-1592329281,83184011,1373071276,1804577750
1,3,3,6,10407,-798672611,1644502015,1356425081,1854518676,-1589815669,-1282117401
2,3,3,6,10407,-643461019,850629747,1575700243,903738070,2076316004,2065041835
3,3,3,6,10407,1901712633,292094625,1179927352,-1266084987,-1753879893,-1398553850
4,3,3,6,10407,-377362630,2140331903,-1704786330,-1227332608,661121537,-1177057756
5,3,3,6,10407,1386687270,-506120096,-319538171,1869091636,-1366843140,460124590
6,3,3,6,10407,-1503139596,-690730698,1694004072,632431079,-2070418147,750592005
7,3,3,6,10407,-1663601273,1363026771,674912930,-359682642,337897498,394821113
8,3,3,6,10407,1537841820,-941843459,-1789164210,439824010,1781828298,1313605818
9,3,3,6,10407,-978583064,-1410520607,531741707,-1934866834,1303469860,1255200760
10,3,3,6,10407,-582617327,1497750250,1332065787,-1675544561,1278364526,1057079609
1,4,3,6,10407,327626011,980127596,-1970862796,-1500706316,386106559,-632553410
2,4,3,6,10407,-947219910,279648720,-1521997690,-1979660541,-769120892,-1583332913
3,4,3,6,10407,1244198130,192333562,-1037459913,1342987068,1524758273,-825539260
4,4,3,6,10407,1988107372,1771124271,1732253492,63717370,-931070735,-1718173394
5,4,3,6,10407,-1394412325,2001655783,1627166971,-1387861853,1750271870,1898620871
6,4,3,6,10407,581004961,-1974143681,1537513839,-1543263070,491792848,-509303837
7,4,3,6,10407,-1315091723,569286581,-2033868846,-89552006,-789039880,205240073
8,4,3,6,10407,-1281690379,292318153,1091069119,1104702371,-34766862,-1578502525
9,4,3,6,10407,-1942931206,593939779,-1367512565,-1903938257,-1392750327,-1423525541
10,4,3,6,10407,691108884,1530226478,387658997,-193812431,968632449,638261644
1,5,3,6,10407,757525696,1529170869,146219533,546143762,153768047,637364169
2,5,3,6,10407,1953287459,1761387869,-2047898516,1563298393,382807371,-1911146257
3,5,3,6,10407,-497752912,145743958,1210200218,-983418979,-1471150059,1662902290
4,5,3,6,10407,-108451443,1951746909,-1617611593,-1224775673,-791403311,-1250310660
5,5,3,6,10407,2025922252,2012331781,389425914,1491457144,2046611798,-1515952140
6,5,3,6,10407,1679964257,-1725889218,-151010747,-139772416,1859394907,-62724513
7,5,3,6,10407,-1507395266,1715062136,-1759408031,-1084194854,-1024133648,2142523960
8,5,3,6,10407,211374214,-2123501995,-1675391676,-1037054797,198943045,1922854946
9,5,3,6,10407,2056529072,-1658344018,1676977119,1228660473,-1871393738,-720477508
10,5,3,6,10407,-1678128820,-884844220,1792299818,-724663194,1690837970,1058445792
1,6,3,6,10407,-2030067624,2013652477,-2113158505,1713803176,1400342724,1623474059
2,6,3,6,10407,-1196267971,1194045293,-563903171,872285648,-231486849,489570170
3,6,3,6,10407,352204087,1264179566,1912445215,1163164520,1628134135,2025643901
4,6,3,6,10407,1057076381,-1259992087,-661389480,-1437279054,1152736424,-1375774336
5,6,3,6,10407,-914338163,1459097204,-1041405090,1953078678,943560516,-1460727080
6,6,3,6,10407,700273848,-1573551404,-1378357757,858802583,103843554,809606314
7,6,3,6,10407,-855710668,1627288541,-273696371,-536211853,-263480931,387206866
8,6,3,6,10407,765052611,-631940832,-283160393,1634329406,1474368346,1573281245
9,6,3,6,10407,1308825790,49921511,-1623203519,-1244446556,-1943252025,302481757
10,6,3,6,10407,1233113315,1753422509,-1681508076,612036971,-1879495821,1916752069
1,7,3,6,10407,706242342,-2086767561,-2111470149,1435854938,1152951889,-63600269
2,7,3,6,10407,-1814331200,1568975114,867888408,-1502601443,298753675,1471793030
3,7,3,6,10407,-455805774,1137846472,354168387,-790520477,151008568,1730436151
4,7,3,6,10407,-334112222,-1696418832,-1823339706,-662333856,-1261628763,-113164929
5,7,3,6,10407,-1961041253,-753955766,933657438,-522393516,-378972374,117609669
6,7,3,6,10407,-795059972,526156202,-2138657868,-1538940013,440598860,1653200815
7,7,3,6,10407,-2048590829,55375666,2050921796,-1360955420,-555828682,1163656897
8,7,3,6,10407,668678228,-1272334132,1492585235,222677512,182678835,2015951158
9,7,3,6,10407,-2091461714,1084222639,-1566328905,-603180751,1591444864,-1698957418
10,7,3,6,10407,351110352,1939655158,-1355030910,427034408,389953181,1128598354
1,8,3,6,10407,-893847954,-1126847491,-1078425575,-856566530,-1958433587,-713903643
2,8,3,6,10407,21948073,1189271173,1445929939,1249495331,288021393,1751401097
3,8,3,6,10407,1817244761,1736125411,642607726,897642838,-248620433,1044879593
4,8,3,6,10407,2111426826,1403319578,-1716856022,821492687,-1953492075,223675354
5,8,3,6,10407,-2075316376,-111255408,-1472420264,663073911,579177375,1519994589
6,8,3,6,10407,-936938619,-267893920,-1774916951,870484297,-1289099934,248558301
7,8,3,6,10407,675966511,1671480071,-77675392,1974865688,-992843919,563516592
8,8,3,6,10407,-1051280637,-817078911,-826309725,1026355300,594099044,1658521251
9,8,3,6,10407,1846437117,-417219973,-692799728,-577691737,363153381,132053713
10,8,3,6,10407,1646511742,571129643,-283281186,739475856,-1793610429,-587253734
1,9,3,6,10407,1149586944,-2054973725,1479625458,-575525738,-2015405740,1486417125
2,9,3,6,10407,-196320802,-121706579,88209480,1859462985,1326634391,-1926928208
3,9,3,6,10407,-923254933,1356402917,1011425595,-1865660539,950211904,390523278
4,9,3,6,10407,2055126108,-2126460639,-2122698992,1659957926,-823516762,186773936
5,9,3,6,10407,-1654891188,1269766959,-733127527,-432350500,1817806547,628234955
6,9,3,6,10407,526506300,-1129138293,1942854451,945383562,2029363799,-1095688582
7,9,3,6,10407,-786118414,-1016911615,-1108730887,-1909317637,611166823,-1542679141
8,9,3,6,10407,-1164137146,1966880803,1337196821,-1639513629,-1661659527,-2111853655
9,9,3,6,10407,1617209158,-1110680585,1876955041,-1259560220,1837153846,548726260
10,9,3,6,10407,1685396008,669232945,-1321901801,-1608857415,-207141161,1875280935
1,10,3,6,10407,-23134023,-2110384646,-519737380,2028274667,-236481545,-1312547460
2,10,3,6,10407,-1943697554,1835833514,144733357,1452418169,485780851,708666296
3,10,3,6,10407,-1329259565,-471839297,729605033,2106559388,-800231322,-1361939635
4,10,3,6,10407,-299432897,1694617367,-51593886,-938509663,-114227600,1739854980
5,10,3,6,10407,1693380380,-972144252,-1541329627,1811180012,-708007354,6178930
6,10,3,6,10407,120576938,1270610934,1458203114,1568978475,1298509801,866409409
7,10,3,6,10407,-378366031,-1410468549,-1970878659,-1669970234,240131939,-131986751
8,10,3,6,10407,1488196201,-977362891,-2137147044,-429458231,1747607045,107083747
9,10,3,6,10407,-1070226030,7174915,-1678932608,602824406,-681149791,1538984264
10,10,3,6,10407,603588345,-1608566647,1495576696,-1765328701,892866337,102483773
1,1,4,6,10407,-1339215870,868887971,2141022040,-392487239,-856234117,1811295487
2,1,4,6,10407,1508050811,-494981943,-470458928,597975956,-1088079738,-1531603549
3,1,4,6,10407,782631345,-718064454,452452171,900584055,689568512,-1638995342
4,1,4,6,10407,1587167299,940656621,569859896,-2011241343,-62936323,-506133357
5,1,4,6,10407,-1273754813,1467325498,-1414748044,8782589,927273576,-1709500291
6,1,4,6,10407,1288124171,493579626,-1616316700,-153594097,338072600,937084314
7,1,4,6,10407,1727755990,345557178,269609807,485496594,461342049,-324135457
8,1,4,6,10407,1966810770,2038284228,1948371212,-1641412984,-1672155224,1635654748
9,1,4,6,10407,579312062,1328303953,1979394949,-1960882999,-1478782158,154372858
10,1,4,6,10407,1233145303,2033899689,1723058529,-833793470,-1685286861,383617375
1,2,4,6,10407,24554703,174614034,-860896734,88484804,-691035317,415770935
2,2,4,6,10407,918793880,-1092705720,1819994793,-121420778,577332607,-1159658551
3,2,4,6,10407,1242277552,1163674109,-122332934,-1423047665,-447690941,381849209
4,2,4,6,10407,-1604950486,247423722,-1387816772,-721531718,486483473,-1149246860
5,2,4,6,10407,-1646211541,-968400303,2100632811,2090747933,-876907337,-1672558826
6,2,4,6,10407,-1976699367,-583804423,-153186278,2002597802,-263028217,-377955323
7,2,4,6,10407,-1809007702,1196331751,1758792083,1125127535,-1265022278,-124770885
8,2,4,6,10407,-752836380,-1754490107,-1954095583,1386299389,-839763055,2003720542
9,2,4,6,10407,-1822564577,2078147270,1985406530,-116309550,2109115956,-1975343010
10,2,4,6,10407,468855384,-1445140183,-1659143006,-2078059464,1464032264,744957223
1,3,4,6,10407,-1364146036,-18942675,-675957494,-696614158,-2322388,-312405267
2,3,4,6,10407,-740073461,1680881978,896402311,-1675467056,-757877900,1625170952
3,3,4,6,10407,-832780192,-98938091,595711043,-1929830237,-289579599,331995905
4,3,4,6,10407,54116969,1482594460,288559727,100647424,-1420157965,1217286804
5,3,4,6,10407,-874566135,-1206838820,1165214507,580388187,1440838865,-1610608980
6,3,4,6,10407,-183911645,-2131838022,-2122725538,-1783231302,1027350377,695314568
7,3,4,6,10407,116154625,1083229419,911830886,-1138886090,-841038396,-1199534974
8,3,4,6,10407,-885774538,1888061457,1547671122,1545048418,1663266162,-1896083319
9,3,4,6,10407,-1860212202,962097322,-77000773,-1203179025,1700059361,-1797915842
10,3,4,6,10407,2053486027,681909408,948653847,-459317824,1838504698,1379310951
1,4,4,6,10407,1085059797,-207706896,67314606,772199981,1716059993,2099923373
2,4,4,6,10407,-1206462849,326645350,365436524,-186740383,1368773565,-1653873043
3,4,4,6,10407,-744892843,-1957867821,-431917607,935440151,573090159,-1702033023
4,4,4,6,10407,-395949064,-2056245459,823524605,-2073864824,1800880738,955418324
5,4,4,6,10407,-831173995,1199081364,104791216,-431635619,958722802,1218789482
6,4,4,6,10407,1665931897,1730612496,2013743452,-694960140,-1072071701,1273425193
7,4,4,6,10407,603680800,-1428318423,793793903,-511907396,1357170889,-1377721282
8,4,4,6,10407,1788597117,1351738346,543148183,1297133298,-847647638,-1018030597
9,4,4,6,10407,-1038638407,866511893,1422229093,1843869738,-1136594651,473861659
10,4,4,6,10407,1031488244,-905677163,-156481398,1445925332,450667779,-644682243
1,5,4,6,10407,816936932,-1394268031,-1622818366,-341217218,329942592,414225893
2,5,4,6,10407,1302569766,57467034,1413232297,-1366595867,598569219,609491404
3,5,4,6,10407,2095766135,1248048298,656394504,839255548,2020595373,200448837
4,5,4,6,10407,886618540,-696943846,659695882,892463345,1105968456,1256277225
5,5,4,6,10407,-1195387332,-2124553404,515451758,-1864367224,633289460,-205352513
6,5,4,6,10407,-1950743000,-424956766,355365661,-1387054302,-1499181586,281077711
7,5,4,6,10407,148634224,-83450240,-262753951,1962383279,-524799487,472774102
8,5,4,6,10407,321606194,-781765359,-1290803872,2093547778,-1948237510,129116385
9,5,4,6,10407,1457882911,1334851433,748045843,-826587602,1524302850,-587682470
10,5,4,6,10407,-1165553692,-1912564360,-135174256,1114779120,-682250441,552346729
1,6,4,6,10407,1740857343,-975777687,630495476,989777186,1540419145,-264816557
2,6,4,6,10407,-1184577145,254488885,382632539,806623065,1953970301,1190340684
3,6,4,6,10407,1720578818,-435926851,-1346999751,1528765546,-1466813691,-1896446474
4,6,4,6,10407,292718379,-1372774329,-674883804,-2085103532,-908103772,-2099498427
5,6,4,6,10407,-1091842570,1384597136,1108385615,315422333,-1297635290,2026520026
6,6,4,6,10407,658934921,967723195,-1982365784,-1688581777,-852491247,1642749386
7,6,4,6,10407,-1545422360,706741710,-1625251527,1772366823,1191123317,1634013034
8,6,4,6,10407,1042164637,1261767231,-357230150,973721036,363759794,-379464259
9,6,4,6,10407,925018776,6657370,-798009373,163513640,-1544419188,-966800383
10,6,4,6,10407,-1817226951,-1917163195,-1923270722,-522471617,1117352654,-1670367637
1,7,4,6,10407,-528692129,-34262399,-905121448,-697418004,1149137263,-1427847645
2,7,4,6,10407,1723136990,-767922128,674328549,1816746506,-727493348,828190239
3,7,4,6,10407,1476081691,2059935603,-841869318,-523381665,-1054521978,-1703713915
4,7,4,6,10407,-2039553365,-1105235708,437907346,-1040950529,102011214,-600532954
5,7,4,6,10407,26792165,814244707,686356477,-438063260,1457182888,-1422941341
6,7,4,6,10407,-1681308938,712501041,-1763124020,98387569,387851679,1672010043
7,7,4,6,10407,2133422795,-1304524172,2103151238,-1594228276,-1987119639,-1458483691
8,7,4,6,10407,1054411386,-126820078,-371685525,-1786053788,-152624695,-2056680211
9,7,4,6,10407,1282335401,-1057758755,-722685125,-1330357129,-2093650896,-1766165035
10,7,4,6,10407,-1605148506,433617510,1690325807,-1833022711,-1679489354,866682712
1,8,4,6,10407,651880377,302344868,1908392362,847248951,-1857718668,-788936354
2,8,4,6,10407,360172921,1239404778,-943619417,-984649961,1461455439,1614281780
3,8,4,6,10407,1886002352,972194512,-1051930538,-894256581,1538926183,621593623
4,8,4,6,10407,1290163955,266669370,-893719212,-673577886,1822226552,-1258784165
5,8,4,6,10407,-2020913196,-1295974444,521619706,-1911461629,407487254,2024589912
6,8,4,6,10407,-1521049902,2029708740,1860779981,795844555,-194315671,843594765
7,8,4,6,10407,-1059110830,-393191245,1624748013,-660047814,1114471329,1801430907
8,8,4,6,10407,-1306325592,686491294,563457929,998069639,731577906,1224014614
9,8,4,6,10407,-1306507170,-729051569,313074400,1423853861,1046819653,-1943753179
10,8,4,6,10407,1370782537,124649442,-1236141492,1467485737,-1306745467,-1876449951
1,9,4,6,10407,870969838,-282833097,822666854,-1681264748,-1591102290,643286072
2,9,4,6,10407,1216383007,-1968283678,673636837,-1799100135,869052589,1046075483
3,9,4,6,10407,1333272474,-563382470,-1318301009,97071883,-255083442,1239630263
4,9,4,6,10407,197502388,-1783692289,-1691231398,-1466045288,-1787437074,-1894281160
5,9,4,6,10407,885283897,132281785,483720094,-1200502465,1040126597,-973014345
6,9,4,6,10407,2134360135,-2075109665,807782997,-141611609,-1375953428,-112272822
7,9,4,6,10407,1275754860,-2077768757,-1728635539,-285589824,-255558520,1446176325
8,9,4,6,10407,1231215954,1210699916,-1621501240,505478781,2055403258,1755052664
9,9,4,6,10407,-2111422035,-1309497447,1167422050,2055999092,-2047479354,-1188384013
10,9,4,6,10407,1528953080,597841284,-666530844,1090412030,1518373401,1656603325
1,10,4,6,10407,-479996012,-928076571,776038326,-1589003211,2001259382,-493692183
2,10,4,6,10407,-909639490,-1340911172,535555245,-311014044,689116990,1177175377
3,10,4,6,10407,-320937072,-1458165756,-662938440,777688290,248993983,-1045311163
4,10,4,6,10407,-1638164271,90289797,-1023624660,-189648943,-1808942149,1722276546
5,10,4,6,10407,314502880,1943785432,246644391,-933912494,1772837981,-1115574792
6,10,4,6,10407,168889714,-988208003,-1729790251,-1509955359,-203721296,-814885398
7,10,4,6,10407,-882051501,1608668115,1028258014,1297086787,-1998029085,-2049506918
8,10,4,6,10407,1274717419,221120214,-1158193981,154900502,521144494,-495079127
9,10,4,6,10407,-1150875149,689997089,-1075713841,-291812034,2104617311,2124182668
10,10,4,6,10407,-1086279487,399170526,-224237935,1605208508,-988100965,-1899797244
1,1,5,6,10407,190642692,704865314,505423757,-760860588,-1483525705,1097763622
2,1,5,6,10407,-1043129508,1164978815,-1664658596,415455311,217370318,2126301275
3,1,5,6,10407,893124073,1736216529,1538042716,-1187932685,-431441270,-715687466
4,1,5,6,10407,-1909596552,1446179217,-1107247170,1141327357,2071707269,15875084
5,1,5,6,10407,331033198,356432712,-1033336411,282860718,-1638795194,1679229383
6,1,5,6,10407,-1035810351,-1367359529,-2028612314,341630317,128479565,1242690183
7,1,5,6,10407,238335320,-1415224031,611862788,389995860,1037038906,611701623
8,1,5,6,10407,-63083468,212641996,-489880001,760369986,-750741952,-590550749
9,1,5,6,10407,1627059343,1944173748,-921931887,1275679516,-1074265261,-379565267
10,1,5,6,10407,-2092576325,-506018302,-166820304,-535147599,-996540158,1081807852
1,2,5,6,10407,-654695948,-890361810,522031970,2138416634,-1145498540,-1010913554
2,2,5,6,10407,84612242,504867486,1208647760,-265773318,-1281543511,105733058
3,2,5,6,10407,510105140,-1523067068,1826419665,154848876,2106178486,-668116615
4,2,5,6,10407,-1037421608,2082286339,-22791280,-1347300868,783266282,-463674777
5,2,5,6,10407,-1910104610,-1067495785,1939315480,-106394841,-1522655233,-162106548
6,2,5,6,10407,825602616,-166149809,1409689784,935956335,823705232,-838584168
7,2,5,6,10407,-826507401,-845392748,1472612120,-638412375,2081560961,541433978
8,2,5,6,10407,1068999045,-146144833,2008318735,-371133490,-1949196449,-270395082
9,2,5,6,10407,593314005,-842660971,-612459187,395963132,-276958943,-906813596
10,2,5,6,10407,-1329078943,1496737733,1615807950,1105682004,-1437270730,-517311557
1,3,5,6,10407,-1318571479,626940351,339557601,-1089646678,1675960400,103717215
2,3,5,6,10407,-154161961,256652931,-1137418215,1911780573,543332765,-490746986
3,3,5,6,10407,1112017162,-228042825,-1633576760,-614701930,1382288541,298751205
4,3,5,6,10407,-598212352,-662197887,393199661,-496138335,-1742181569,1783014156
5,3,5,6,10407,-1512521336,-1363220158,-1826286835,-1483289321,430173670,292833872
6,3,5,6,10407,1025293300,1587305775,1514828322,583816804,628838004,-1981986123
7,3,5,6,10407,-834630119,567143236,-1257983003,-1685933963,-1513069351,1475448563
8,3,5,6,10407,36820892,1522023845,530657525,1591313093,-1522061947,1283004272
9,3,5,6,10407,-977028574,1298283901,54177578,742495989,-1951329169,574295588
10,3,5,6,10407,830740626,-546466817,-551208177,-1140477435,1710992448,-967289866
1,4,5,6,10407,-979014648,-379567323,-1299510563,1204713975,1783902585,2012012688
2,4,5,6,10407,-317117404,-1032492313,966721520,-1613839527,2052530512,600826622
3,4,5,6,10407,-1387652575,830005748,1233790356,-750895849,1090332397,326997491
4,4,5,6,10407,-569647473,578774309,-976890717,1763062376,2063694947,-1270168046
5,4,5,6,10407,736443793,-1646895457,1740136659,1670033339,987372780,-1646252548
6,4,5,6,10407,-2013488165,-516025642,-319565416,28028688,-1200259461,-779730011
7,4,5,6,10407,-344726836,826408923,66905756,-1211309737,-884419357,-110435061
8,4,5,6,10407,-409535627,171343614,426346935,1212399186,-626630684,992880513
9,4,5,6,10407,-1681947046,1695590558,2103697153,-346098636,-1396504288,1433673226
10,4,5,6,10407,1792251029,-643364950,1726169011,-931708919,284633504,-1575756936
1,5,5,6,10407,2099749492,-1474895354,-1502010045,1159246801,1879956406,1172823268
2,5,5,6,10407,1953198592,-1705527788,1052603439,-1293146288,1719660835,-1133648190
3,5,5,6,10407,1495107232,-169177980,128673721,-1776636594,-381834012,1613045709
4,5,5,6,10407,-102441802,-66573436,432491167,630233986,833912501,1609862604
5,5,5,6,10407,1928188544,577224392,1348347706,-1556044644,-1335746529,411611560
6,5,5,6,10407,-734810793,-1735313937,1635110395,-2036850049,671348038,-153392334
7,5,5,6,10407,1685849646,-1989415344,1264612521,-524453455,-220975824,1315166251
8,5,5,6,10407,-235874531,1368777054,1397235612,265536600,-1084638267,709867035
9,5,5,6,10407,-1280218597,814502538,1604808467,1942549377,-82915266,-1291094164
10,5,5,6,10407,363239838,596893903,-392338087,249600659,-592626662,-2408015
1,6,5,6,10407,-323939386,-2019252304,1048321770,-206933486,-695845834,916504327
2,6,5,6,10407,1282364226,1679159633,-1197915356,-2060684985,-1149246466,698485223
3,6,5,6,10407,1969404779,-1598937603,-2038398031,4131083,-58533055,825512778
4,6,5,6,10407,1740650408,352075694,1564209315,772513300,1562963839,1143323762
5,6,5,6,10407,239689798,-1364327121,25489450,-1037504973,707830364,740429047
6,6,5,6,10407,1155170486,-1758505113,652846049,1726240487,-1286397701,-11374210
7,6,5,6,10407,1324825589,-683593469,730804496,-1145046121,1755289015,-1100013181
8,6,5,6,10407,219137008,1075927534,-1711708799,715232127,-1229514109,1665549848
9,6,5,6,10407,-529440675,903656907,549595610,2059066601,-624517200,1660518720
10,6,5,6,10407,1287724446,2096723307,460060390,-1440922538,441041475,-2108230554
1,7,5,6,10407,986457908,-582368799,-588031454,1024382312,964792619,-435043537
2,7,5,6,10407,1883014182,140131489,165442714,596307148,957698755,-1179754568
3,7,5,6,10407,664427139,-1440189327,671743107,775457547,-1085947326,-2129902984
4,7,5,6,10407,350093921,1083664280,949884096,125427903,-1238679512,-1373618572
5,7,5,6,10407,1599937874,-1391529827,537842944,-1064979162,-1340806147,-1440265133
6,7,5,6,10407,1687458882,436730889,-351420040,-1176361697,1142179123,139691933
7,7,5,6,10407,-2041870625,782900603,-1474715842,-1749624606,943066968,-69843885
8,7,5,6,10407,-1705301024,1373722598,429495665,1757737851,-925022483,-2134639424
9,7,5,6,10407,-1603615171,1608269539,-1708094755,203433771,59273730,-684425663
10,7,5,6,10407,1119537270,-1936598571,1551884756,1839006493,1215121394,906918351
1,8,5,6,10407,1165228036,-1126841552,1858279244,-443872389,-945839749,-809566618
2,8,5,6,10407,-995840314,-1445645881,-2060469615,-884239964,154393140,1062308994
3,8,5,6,10407,681055081,-446713086,-211050052,-1368980012,1210566962,1911314521
4,8,5,6,10407,675868438,2004164649,31645064,1692811438,-1558453505,-720619003
5,8,5,6,10407,187985092,-2002418124,203364842,-1282949392,247528794,1475988484
6,8,5,6,10407,644528691,1398922365,1909467917,108300178,2029994621,-692990911
7,8,5,6,10407,1563052860,-2026991205,1738859627,29442291,1370844927,-149356748
8,8,5,6,10407,-1601225434,-344709752,-114413235,1634927497,-1171885474,-1275448180
9,8,5,6,10407,-1493440892,582797834,-1831070070,-2055635397,726412450,-1194378492
10,8,5,6,10407,2060839485,731231172,670632650,-29604672,455248684,-1693889827
1,9,5,6,10407,-2068655200,653723803,-543618742,347238567,-1024426071,1387101102
2,9,5,6,10407,-237320299,-2049519813,-928198084,930363878,-74816471,982082973
3,9,5,6,10407,-2067485980,1937639268,-388192082,476358634,-756048487,466802570
4,9,5,6,10407,159167446,-1301300192,1141755365,321535673,847158330,672990051
5,9,5,6,10407,246362332,1792722900,-1945220773,321890088,292408881,375286744
6,9,5,6,10407,819966189,-1327620930,73202541,-544317736,-589695666,611166308
7,9,5,6,10407,753116011,1574656149,-1469488945,241638730,-610434033,-432907703
8,9,5,6,10407,638885425,-1880565805,-435289148,-1665540448,-1050348866,1368718961
9,9,5,6,10407,-675436674,-700898098,-992384225,702751993,-425770122,791394003
10,9,5,6,10407,2644838,1464618025,2052241341,499310690,1131409016,1642016923
1,10,5,6,10407,1248541774,1859972738,-943049000,1112438148,-1971108846,-1184575651
2,10,5,6,10407,1918168655,289711189,-1088703118,1580357444,-286726684,-1357694195
3,10,5,6,10407,1643172648,623953618,721138239,-97582412,1982093064,-362502990
4,10,5,6,10407,-1621760467,1811456137,-1533074001,591602627,-1683433775,-2143367917
5,10,5,6,10407,1463851048,-1200231356,416875225,1819851347,1885749767,-1727844379
6,10,5,6,10407,-1439696368,1762579058,1303248327,565387363,-966313545,-368692268
7,10,5,6,10407,1224159091,1516005268,-814209266,1804112210,1099814798,1177859356
8,10,5,6,10407,506318231,-682203691,-1298112963,1451938749,-1949004328,1345542552
9,10,5,6,10407,-867000800,1314935242,-960414464,-807516624,813736848,-1361862792
10,10,5,6,10407,-1837451525,-1364121847,2064325857,1062198019,1729398613,-203177221
1,1,0,7,10407,1730070022,-603597172,-1410489301,-218926140,1875405508,-1504405655
2,1,0,7,10407,-1796136160,1931523884,652770343,550384267,2006121972,-1309225584
3,1,0,7,10407,-639108272,518575576,-1540416930,-534627535,-831669856,968411057
4,1,0,7,10407,294674252,920921917,-1164853529,-1223944002,-818271867,-668830621
5,1,0,7,10407,-2042044659,1142255174,-125520380,404595196,1599542909,-1716750767
6,1,0,7,10407,56472057,1295143342,-128763534,1771994050,375414239,1971028140
7,1,0,7,10407,856140740,-227774792,-1189018042,276809444,810262330,1412274787
8,1,0,7,10407,-2118617003,-82643632,-2053151517,817849529,694019116,-503753637
9,1,0,7,10407,1595180196,-2114504366,-2025403945,1708074525,-1103272120,1513924220
10,1,0,7,10407,-1394771246,-790252036,-1643173351,563501539,-1986166503,-1893188101
1,2,0,7,10407,19897271,550218483,-1152947686,348669826,-4000963,-2002460082
2,2,0,7,10407,464534456,-1469497388,-577852991,-608863065,-295571322,2009351019
3,2,0,7,10407,788350174,541284970,-1304720456,-1568087365,-195354475,-1362378649
4,2,0,7,10407,-932791086,-1497608584,1346419681,218288000,1781067989,-1291179961
5,2,0,7,10407,1266471109,-813362127,255764635,1236871356,2100575716,-835007180
6,2,0,7,10407,-439220644,2039248035,-1242793258,-264052626,1673987949,1781869375
7,2,0,7,10407,913020331,1721740602,-774427563,-1625661732,-709999354,-10202150
8,2,0,7,10407,-2035069971,-666510603,-85369436,-802861113,-129233582,-1065824699
9,2,0,7,10407,-2042889500,882870911,2019519932,1006261696,1397117480,624935966
10,2,0,7,10407,2116625066,552280921,1769289786,-845623186,-845888975,-613061686
1,3,0,7,10407,689433134,1508573831,-519086497,877170930,-2005626179,-500446959
2,3,0,7,10407,-567187546,1186450259,-243940055,-1580089322,78397626,1590566804
3,3,0,7,10407,-260550846,-487809972,-1881964781,-1712115617,203234510,-250102894
4,3,0,7,10407,-1897543014,1800545182,665522474,776785717,1483447672,665182868
5,3,0,7,10407,864625436,1368674684,-332425741,-804863303,871084813,376252910
6,3,0,7,10407,1283159667,-1056610022,-676015955,1823843836,1573122348,2098313168
7,3,0,7,10407,916508636,884683140,-1282410401,37591964,-417842535,-640888669
8,3,0,7,10407,-1604510432,-2000487869,-497334807,-1005751745,-99423820,405781588
9,3,0,7,10407,-1738224935,428012903,1448435387,286303108,1372741867,824149055
10,3,0,7,10407,-662555656,-724690766,986862748,-240845546,-1198906295,1047747107
1,4,0,7,10407,507052968,-1568545602,978267203,1879219107,880975134,1507264724
2,4,0,7,10407,45760308,-985595241,1566542755,1135297544,1008672629,-1891674194
3,4,0,7,10407,488179518,-1495370175,-1726315495,1563172297,1941890394,-1928700633
4,4,0,7,10407,634243746,771667217,39969687,981361742,351365133,363982708
5,4,0,7,10407,1451891571,-1482479611,-407009873,-963262410,1943157725,917873659
6,4,0,7,10407,-13722654,292792414,-1998197832,202755891,432150598,-1689711563
7,4,0,7,10407,-437661215,1166789751,1829326455,1378147493,-841705165,-1922870496
8,4,0,7,10407,-877885444,1442729044,579978647,1621370338,1869774917,-1283580279
9,4,0,7,10407,278729957,-589043818,639522958,104319178,14639609,1022392805
10,4,0,7,10407,-937508955,-242481246,-1612750740,753254887,2047412674,2070744736
1,5,0,7,10407,1110296815,792216560,-1456368791,393049230,-2071733524,-1948920201
2,5,0,7,10407,-884679038,554129731,1808120475,946922495,-111718115,-296111284
3,5,0,7,10407,1325969417,-187816750,696216802,-1135131881,-1645854222,370997057
4,5,0,7,10407,1489575706,-1570411239,-562876725,-977322961,-2023499094,747904351
5,5,0,7,10407,363567218,886960666,1567720212,1303880236,-1114875043,-1865166620
6,5,0,7,10407,-552389727,-2029266364,2136183383,1602679373,770959320,986149235
7,5,0,7,10407,-1599024449,-1519495928,2121893559,-349524467,555922372,-1226184722
8,5,0,7,10407,273828860,625511661,1185528456,-448559901,1437150517,1835944590
9,5,0,7,10407,-1932354084,-74735657,-1744797494,-100225287,-1632259210,-566671615
10,5,0,7,10407,1872939397,215886180,163543708,1434604820,351492249,-2051031746
1,6,0,7,10407,2046675051,743879672,-54784736,2007423892,1098122384,1980274261
2,6,0,7,10407,-1825545903,-840082600,-1175034367,260856923,-691705726,-368290501
3,6,0,7,10407,-2081647222,-1533112510,-1895406631,1397415190,20283101,1455326957
4,6,0,7,10407,-1903193543,-2068438522,221705643,1456128417,-742245598,-1065114743
5,6,0,7,10407,1616228965,1546733131,418757057,-1468007522,741071853,-1921290179
6,6,0,7,10407,1111942284,-808780529,-531234052,-818714799,-1954538517,574433597
7,6,0,7,10407,524254832,-2083823490,-641686811,-1162253383,1550443629,714560313
8,6,0,7,10407,798262473,-1646043759,885386386,157023277,-858953554,121208744
9,6,0,7,10407,496347242,1004551059,703738431,8357711,-1130010229,-746083879
10,6,0,7,10407,-988146431,1122303385,1451450675,1893948036,-1851224396,756225876
1,7,0,7,10407,130493945,1808224059,-1594487661,-762196661,-1165964860,1231317789
2,7,0,7,10407,-1532091448,410579625,-563489652,-706119294,961047121,-1305595347
3,7,0,7,10407,-1397232099,-743403701,958236722,1448275925,1777674385,-1222366367
4,7,0,7,10407,2123305740,1307781615,-570278019,-1029434396,1206966929,1783348999
5,7,0,7,10407,-701666582,313768245,995601655,1568567387,-275629889,-657761936
6,7,0,7,10407,-47375657,1017397164,1506629166,194127322,-122892828,-1456523810
7,7,0,7,10407,-142002371,-464063695,-169076870,-1804641169,-636886831,371057983
8,7,0,7,10407,608861528,957529468,-944307137,-519613,1244676242,-866748756
9,7,0,7,10407,1198137089,-194376195,-464668286,-1180392265,-96600531,1076526434
10,7,0,7,10407,1702151270,-1927526270,-641735954,1390571085,-2027963869,982934126
1,8,0,7,10407,-1533293919,2054460346,-330199988,-1180781522,1743133986,-2106470484
2,8,0,7,10407,-657711933,-1229351093,-664906528,1169438419,-730244164,-669150595
3,8,0,7,10407,-255835379,1547412151,75047156,1276407147,844125983,1341942411
4,8,0,7,10407,-685015280,-1506358412,1883077282,765804153,153885127,-1026405098
5,8,0,7,10407,-531266013,-414089497,-1072962056,895876132,-342042740,1133014829
6,8,0,7,10407,2103483236,1413935317,-1376580768,1613811345,1856883472,-2092021144
7,8,0,7,10407,-24075506,-907811485,1826761713,1679408614,-1722563936,-327643421
8,8,0,7,10407,-712172106,-697304524,-870253414,1381489849,-1961513364,1498872271
9,8,0,7,10407,-643773859,1938777351,-462295283,-1203952733,1939608892,-2121948720
10,8,0,7,10407,-625253048,1792250757,2142226966,1976961321,-1485302182,-362146208
1,9,0,7,10407,724761250,1570722471,354728302,497929886,-554871602,897778083
2,9,0,7,10407,201752146,825826132,-1602629361,-1396229031,-949391350,-1225349551
3,9,0,7,10407,-869651198,1673473613,260444059,-2113515454,1555656840,1182452485
4,9,0,7,10407,-213324531,-1863629804,-928697393,-379566786,386592647,-654482201
5,9,0,7,10407,556605643,673110289,-642567291,680573423,-783131148,1714882259
6,9,0,7,10407,2080452616,-1878666417,74902458,2145027020,-1796583858,1680256691
7,9,0,7,10407,479083943,1085235503,1373607569,-1986183071,907331971,-1403988264
8,9,0,7,10407,-112416292,-226924489,1008537172,-862874061,71771932,1262532818
9,9,0,7,10407,-812071801,45739405,995389748,1117582359,-1832063681,-1155148081
10,9,0,7,10407,917248067,-245350285,1827378146,33816935,1151988520,-1203976583
1,10,0,7,10407,1311396571,-2136436782,2101707721,-410723665,-197359120,-1315412693
2,10,0,7,10407,1618578686,1881238396,-1403428976,131695400,-1385428682,1071720001
3,10,0,7,10407,-1473355321,-1537297511,728868056,-1726350425,1715995783,-1079099179
4,10,0,7,10407,1030100555,2042603583,1174911726,-162157981,1196320550,828059020
5,10,0,7,10407,-1105366047,2130542716,446287189,680269150,-847269285,331291807
6,10,0,7,10407,1281851024,-807745846,-519077771,1247987114,899493733,1958035848
7,10,0,7,10407,1273637012,13567608,1191366512,-1111537152,-324947797,1786101540
8,10,0,7,10407,1926937628,1181225042,-2134272739,-152612754,342046034,625875042
9,10,0,7,10407,-922985171,-1533315216,-776385665,382863849,-637137170,-475602198
10,10,0,7,10407,-2038313701,1466596448,1498445280,325098817,1873002730,-1360589551
1,1,1,7,10407,-321785020,820062345,1406873040,-2002591646,-1272522856,2086326684
2,1,1,7,10407,-50271555,-457489602,-2027956018,-1348094360,2006090940,-1714327053
3,1,1,7,10407,-1089219816,-446258093,-58211921,-2054871186,-936662491,-797277283
4,1,1,7,10407,-1314518586,-2097491836,1328007231,2079068091,-1984220069,361184040
5,1,1,7,10407,-1361872506,1266332486,-1998668026,247324230,1929334305,1421394830
6,1,1,7,10407,-324727099,-1912019083,-329479054,806509397,-1571188923,-1795953204
7,1,1,7,10407,-2045891957,669564457,-531261912,843918126,2029985492,119639020
8,1,1,7,10407,-652596678,-477422668,1673899657,295364858,1838976830,1280364108
9,1,1,7,10407,637658769,-2135918123,-1385370039,-1098128774,-1175679630,2025350700
10,1,1,7,10407,1098127712,515885184,574630269,1150116648,-1237278745,1183403253
1,2,1,7,10407,-480615363,641316303,1500883497,-346132396,236062242,-608954388
2,2,1,7,10407,1387321782,263630760,1092348718,-116554117,1498817366,-1768872743
3,2,1,7,10407,-1642141650,78913083,-1205690379,-1928835585,-1783577882,862747730
4,2,1,7,10407,511675714,-372933654,-498457326,1395339259,687731674,-277759009
5,2,1,7,10407,-1624742901,243361836,-2064591909,1478892911,1233378034,-1882786865
6,2,1,7,10407,-2112190323,981998658,-920652346,-1605890200,-472648084,-209449300
7,2,1,7,10407,933401511,1277985108,-769377319,754865745,114387607,-857154510
8,2,1,7,10407,1476650458,-1665694403,-902078187,757222127,1448439181,1632863598
9,2,1,7,10407,693851118,-594540893,-206203870,-872967994,2083915349,-1262935018
10,2,1,7,10407,-332525813,895400362,2061969666,1821884983,1835028632,-2042128930
1,3,1,7,10407,1380240551,-432457867,-1719315444,-1445269678,271831305,1548711929
2,3,1,7,10407,1059233052,1821704515,-1836818705,51550015,-926903444,1617619317
3,3,1,7,10407,2026552305,-466789738,-1583396977,-1326063678,2070129353,2066314480
4,3,1,7,10407,-1151491289,-843486644,36307373,-1995795754,-431596211,1383438374
5,3,1,7,10407,770125937,1886004716,-1004528619,-1858736237,2134937599,-436979797
6,3,1,7,10407,1471003147,-1546175876,1528928200,1523970685,405849124,-1581653176
7,3,1,7,10407,-467745805,-714774525,-474984173,-2119935237,1311644500,-1053804363
8,3,1,7,10407,1316236269,-1005046132,-1835256060,-648914050,1325602125,719679853
9,3,1,7,10407,1948837398,-570201119,152211204,-1638108550,462809497,1469877258
10,3,1,7,10407,-828670903,-364177882,1250841268,-1182079941,1631195976,-1726546384
1,4,1,7,10407,908680611,63818595,-1527255693,758942603,-1105111564,-1550900661
2,4,1,7,10407,-1126275611,-103823778,1286621995,-1559006404,-771428856,-1003894241
3,4,1,7,10407,1478562488,370283698,-1520163711,1467214186,-11229794,209776481
4,4,1,7,10407,-1602228083,-927663103,1018060530,1948932593,-1945752708,492688529
5,4,1,7,10407,1069877848,-1476503723,-1802823542,-232505094,1297910061,-821929779
6,4,1,7,10407,769657904,1828762386,1287482672,-854448712,2006965486,579451832
7,4,1,7,10407,-896773513,1198032180,230227982,1583952458,-1567103816,372558963
8,4,1,7,10407,-1338343298,-922247007,395817690,1534875939,917742730,212019720
9,4,1,7,10407,730819200,-607699753,-1648418726,1494346895,69559302,1303486817
10,4,1,7,10407,1394624247,-198046282,501885657,-249018229,-142065838,-1246204329
1,5,1,7,10407,-1362171465,-573915485,-527085307,315913430,1275356939,-487160356
2,5,1,7,10407,1921862472,-1201693868,553150156,1011238411,2037712305,-1651518428
3,5,1,7,10407,1884183035,2107774998,1206059482,1230635993,-1725189248,-188483380
4,5,1,7,10407,1881781251,348676156,604420668,369443837,-602723711,380947240
5,5,1,7,10407,-1497932342,-525959057,-1207398932,-2025190390,1102746577,792687581
6,5,1,7,10407,-818101269,-771010583,-1647680415,-1346168315,1824963190,682132501
7,5,1,7,10407,-1547562851,-1988270132,1973010225,-1853744219,697359423,1391295126
8,5,1,7,10407,776451213,1661705313,-900189811,1528685400,1119522554,380873463
9,5,1,7,10407,-11079844,-1323042711,1487675964,-1606282799,-717637627,-52801633
10,5,1,7,10407,-1235805462,-1060847016,-635124374,1518723881,-1961055337,-1243377213
1,6,1,7,10407,1046443665,348405935,-2168604,1670827129,1931414017,-1477465345
2,6,1,7,10407,-1997254731,1233956090,-1628516020,1411374148,1904586707,-311155557
3,6,1,7,10407,804984458,-1671894323,-1178091473,-1429138563,1106990425,1409959250
4,6,1,7,10407,-1507005899,-227335917,2091170854,1344909886,502385059,-883840564
5,6,1,7,10407,-2092168607,-1385766483,1004382633,1339672906,990195606,-439267720
6,6,1,7,10407,576772237,795490019,1073613240,1795861910,1679700854,733582304
7,6,1,7,10407,-1952520358,-1468747845,873617100,-44736425,-52548865,763051694
8,6,1,7,10407,177067483,1823035008,102340916,2082048914,1577689060,1121706636
9,6,1,7,10407,-1448857684,794252398,368121614,1087369359,-1712371676,-1214492720
10,6,1,7,10407,-575333441,-1595641698,-1314546173,-1974908508,-595429368,-618778068
1,7,1,7,10407,-1552235899,-394430251,1848289202,-424226818,-659436702,1206060078
2,7,1,7,10407,2040565809,-1465488124,1820131091,-1722834418,1597244237,1703465255
3,7,1,7,10407,-2100471230,-1378031660,2119378744,625523442,-479592118,-1610321828
4,7,1,7,10407,-50446738,1043657121,43430795,277773525,621643406,-1331133775
5,7,1,7,10407,1008395763,814197459,-1550163293,590749776,-2113336240,-2074905899
6,7,1,7,10407,-1294475164,-1738083074,1731588568,2114447753,-840933418,1169171368
7,7,1,7,10407,1939260432,-894932736,332587826,1347435737,-1571485203,-382312062
8,7,1,7,10407,1479108620,-827388838,-682997101,478822372,1133254226,829337119
9,7,1,7,10407,-914508793,1993593876,361527193,-160397685,1575302366,-541035511
10,7,1,7,10407,-1225294109,-102081704,1686399348,771436735,1689162180,311503615
1,8,1,7,10407,-395470558,-1252568088,1402323843,1382860450,-863791377,1762924771
2,8,1,7,10407,-752941066,1464694849,-1871127545,767664214,-148326118,1310847761
3,8,1,7,10407,-1415081346,26643161,1173520567,-1397660534,-1230013573,-435903595
4,8,1,7,10407,59281978,-1168128614,1751946189,1928017041,1733887837,-1992145760
5,8,1,7,10407,514584761,222655696,490892379,-1282962169,-1622650918,529050218
6,8,1,7,10407,-260247548,1032094197,1881941863,354323584,-1668130119,1127862787
7,8,1,7,10407,-954541876,530872032,1044031662,188619566,1432945914,-1499505317
8,8,1,7,10407,355886161,-1907396233,-1869922188,-1225166941,1660617386,-1430271098
9,8,1,7,10407,-1989992441,-871202778,1691088643,1226654046,1735487434,59053944
10,8,1,7,10407,536573624,-435413359,-67067563,1104170067,1947351406,-985300678
1,9,1,7,10407,-1911325008,-3662501,-9207370,-603498223,-1000500195,-1406554249
2,9,1,7,10407,990540529,88726761,1699658024,677154504,2042326075,980607523
3,9,1,7,10407,566389950,1547611519,-637067947,443579756,-1463165581,-691055025
4,9,1,7,10407,-1188915508,-177307914,-85746121,552354192,-1588367516,1452151487
5,9,1,7,10407,-1438456282,2056069859,1279117352,1876113785,-707430463,2098103214
6,9,1,7,10407,-1566612911,1417402064,367098195,-384672295,-942856182,936497413
7,9,1,7,10407,-2018835200,1825518345,1683559678,-330089359,-1566666033,-489775940
8,9,1,7,10407,-1423460668,8555461,1952373380,2061138396,-2028066856,-2082172959
9,9,1,7,10407,-1634163350,-1757246546,1346739746,-1246625942,1850887049,1228384135
10,9,1,7,10407,1459571701,-360486830,1885041182,-1510633758,1005426615,-1045293277
1,10,1,7,10407,1360582330,-1306291022,-1753474189,122923676,-1425867692,-1391242367
2,10,1,7,10407,1997650446,-557259795,1676305867,1149653099,1142801410,-1716191462
3,10,1,7,10407,1230856699,-1553978485,-1058878487,1774703998,-821869303,-480691108
4,10,1,7,10407,-726732464,-1081717628,-1043668996,2011783207,-769968420,-425932292
5,10,1,7,10407,640475707,568044398,2090457008,-159803149,-1458367984,-1053533662
6,10,1,7,10407,934000671,680071941,2013925663,-739389583,611090841,351253725
7,10,1,7,10407,-2092456067,-979490684,796254215,23480714,-1713294953,542978497
8,10,1,7,10407,-1025696076,-1399231104,480368414,-841644232,-660587024,362559304
9,10,1,7,10407,-34015609,1664893001,1981758116,-630244009,555562241,26519074
10,10,1,7,10407,1617956238,-760396307,1073870987,842590413,2083101356,557361563
1,1,2,7,10407,586522529,437512311,1998179036,-1028576408,1042594691,1688588583
2,1,2,7,10407,-1198915873,1279812860,1102430656,122553587,-809920951,-1089699129
3,1,2,7,10407,564775499,176847895,-1590205071,-1827894260,-918148,769789101
4,1,2,7,10407,727874205,1409300032,1310039814,-443145911,-156779461,2111487761
5,1,2,7,10407,-1635876606,-262135405,2002813005,-2127932111,-821938327,1252978258
6,1,2,7,10407,-565132215,-1333815736,-1929202106,-402339180,959417022,-2004920357
7,1,2,7,10407,885332726,788003355,-576841010,-181187450,-1803276287,-277500948
8,1,2,7,10407,-1395783238,705891220,1359610561,878884868,-1100005986,-619958032
9,1,2,7,10407,1876200034,702220348,-2077976234,-612706002,799013673,1027329652
10,1,2,7,10407,-1096197547,1799385790,250045207,1853759353,856826997,843620995
1,2,2,7,10407,510274394,-1521039551,-317306231,341648470,-1665598645,2114089498
2,2,2,7,10407,1241626940,1200548101,1795423696,-1773718945,135149171,179536807
3,2,2,7,10407,-1879715850,-1196463382,-1763309024,-958884416,1243474944,-1950391964
4,2,2,7,10407,-1943747114,-861451226,1069404656,1732538168,1349678939,-668773929
5,2,2,7,10407,-1114504236,-1253070057,-280447516,1614256643,1552542587,-1500942297
6,2,2,7,10407,1573205533,-454629871,1525902103,-1461339165,1355721801,1815434567
7,2,2,7,10407,-708649795,-2031350915,-820056879,1591542105,-232912742,-1627527129
8,2,2,7,10407,1243570000,1977828897,1945233168,-1735817381,-661891245,2017644807
9,2,2,7,10407,-1915934850,186583867,-633386247,-922977768,-424490418,-1899089223
10,2,2,7,10407,-161417202,1688744985,487848621,-511140560,-732451496,821950743
1,3,2,7,10407,1576561752,687002528,-988788339,-1943860228,165133387,387904076
2,3,2,7,10407,-437274319,-1850082453,1766403574,-1544935957,1640153478,-2113785693
3,3,2,7,10407,-1925833063,1446293878,126768411,-501710429,2011820436,1643536791
4,3,2,7,10407,570601704,1752172746,1200102622,1755857164,1767516394,-1120522297
5,3,2,7,10407,214603221,-1576684282,-1229656957,-1136465352,979140837,-1042494945
6,3,2,7,10407,-1129567767,-874080430,1188633782,326472337,-949869050,1920389493
7,3,2,7,10407,1758816353,-719292712,2011338178,-2138253405,-934043956,-720437795
8,3,2,7,10407,-688536203,1771768874,1619573900,1904543805,-1002527233,2108118235
9,3,2,7,10407,1099782404,-1009115360,-223022263,-1786612196,2068080980,-2080262922
10,3,2,7,10407,1121504367,-1256441702,-1272692930,772244321,-2128614960,-785928149
1,4,2,7,10407,-1101247850,1191546859,-1098877538,153132822,1196032794,-18025097
2,4,2,7,10407,1922543255,-84773394,30923796,1392416273,1214771499,1536996693
3,4,2,7,10407,-318127010,1723233335,-1514059064,-1115591388,1571821602,-1812498283
4,4,2,7,10407,-971222043,1339515728,-582000145,625139266,-322034475,951909295
5,4,2,7,10407,-1309395633,1359336133,-844646239,1569284171,-1973439001,-1210297196
6,4,2,7,10407,-1433874306,-1593137120,-830086419,-1527676377,-318487393,-596256901
7,4,2,7,10407,-1041945895,1055312227,595383699,1504291496,-1700094870,766607275
8,4,2,7,10407,-1651837003,-899698356,-1834014563,2092806054,548067617,-848866421
9,4,2,7,10407,-414951479,178964814,-552358064,1466758176,1250303974,-1092169409
10,4,2,7,10407,-1937185812,-667820819,743856746,-704306886,1468699713,-1084583047
1,5,2,7,10407,191506197,-639762123,1097947924,-583932859,-459368038,2016991730
2,5,2,7,10407,-2028700267,-718019276,-2094741706,1484955502,938858272,591586446
3,5,2,7,10407,-361530860,1121802907,-1460081495,-314658336,53404275,-1160906363
4,5,2,7,10407,-1449019394,1814082199,1208585529,1626554363,-230324896,594499161
5,5,2,7,10407,-1469826328,1284098562,821712491,1646229375,250084260,-550511838
6,5,2,7,10407,-1707043216,752447434,-315531491,1793873411,-515879389,-1209638726
7,5,2,7,10407,-778948065,417402788,727099977,790234798,1716326843,36258550
8,5,2,7,10407,429539785,-663699457,1328762266,-2118837450,-1121578240,-109971077
9,5,2,7,10407,664259811,2049484211,-1140037790,-1557474103,-343772751,2135015251
10,5,2,7,10407,865970504,2115801696,1831463207,613894821,-2099372652,-558349615
1,6,2,7,10407,-361548622,-1534651180,876461546,1656003671,-757385356,1606125445
2,6,2,7,10407,-1009171283,413242200,261640967,-19379131,-1212195064,-1551339124
3,6,2,7,10407,-249442460,-1763305778,647698098,1954436002,-1225305716,-107364346
4,6,2,7,10407,1711350094,808706208,1407190422,-343011301,-137429573,57501170
5,6,2,7,10407,-693913333,-152113483,831424155,-1423882947,754224560,-120646098
6,6,2,7,10407,-342112601,1693883345,970290427,-1837258179,370489268,-714670575
7,6,2,7,10407,1251456429,2103930402,6234386,1837394569,-1094330186,828383960
8,6,2,7,10407,-604876343,1131269668,857674469,867217205,-1035159850,873516511
9,6,2,7,10407,2114257250,-540287585,265163369,601599926,-193271418,1282126349
10,6,2,7,10407,-1734838957,1493444982,1197613482,1755901370,-587248189,-371828178
1,7,2,7,10407,470021664,-645412670,-184539143,-570765942,910079005,1277841534
2,7,2,7,10407,-181033747,-527837643,644868196,1763210523,-1529966557,1758063681
3,7,2,7,10407,-440577338,-1445511094,1695828030,-235188108,-997274755,1209683008
4,7,2,7,10407,1208169543,-929885520,1149452933,1101800323,-1602401078,1519393894
5,7,2,7,10407,632614530,-697446256,-41040032,635857875,395799512,1114504019
6,7,2,7,10407,1537933767,-649071483,1991773809,665433942,-1682618397,95248912
7,7,2,7,10407,1208847227,-898437175,-1757607088,-2015838410,-2055042422,-1017181781
8,7,2,7,10407,93874353,-684628394,-1923134004,788394855,144705403,342587237
9,7,2,7,10407,-838223685,298510807,-1410871413,1578897834,-912059149,245479047
10,7,2,7,10407,-1761483502,-447676444,-185123714,-835000860,-279103832,1939579021
1,8,2,7,10407,724425683,1094423598,-1554476324,1739578019,869274200,-887278406
2,8,2,7,10407,-416487922,1731713247,-1732919071,575935212,1582056816,-1935242715
3,8,2,7,10407,2128475160,1414331218,1140538013,-1727051431,954526202,1758852325
4,8,2,7,10407,736100856,2093725686,808379244,-1666536073,-816183353,-1232034095
5,8,2,7,10407,-1247889890,1418874219,-1016667809,-1342888620,-957425607,2019269311
6,8,2,7,10407,1763091313,1299376717,-759599132,-593660340,-795220923,-2127704732
7,8,2,7,10407,-2044694950,-752030262,1885395781,-1965426139,-672370668,-2132846167
8,8,2,7,10407,749229780,1286728595,1910267512,1146744777,-416772548,-687488487
9,8,2,7,10407,-1595155674,46188681,1036520033,-289466331,-189618215,-924003140
10,8,2,7,10407,1534102042,-545285725,322087959,-999414505,1390819232,1043229660
1,9,2,7,10407,-876253992,-1345262182,1369850435,-1568770354,1461123364,1124469731
2,9,2,7,10407,1159504086,-1836740952,1788482055,1209655058,-1737024770,543871645
3,9,2,7,10407,1485167810,1139561060,517094432,-1736399326,1097063482,811703409
4,9,2,7,10407,423163284,-1398565723,-2098501348,-703096218,-17170344,-407950978
5,9,2,7,10407,-731457598,524886802,1895794199,171916695,1509633914,-442319199
6,9,2,7,10407,-275436414,-2115340153,1476788840,-1827383279,-435912894,-1426834185
7,9,2,7,10407,-1860851641,465580982,-1174648336,-1839501484,1051084464,-1880925990
8,9,2,7,10407,-371493958,-1897109733,1721336877,-510832647,1041739110,-192154039
9,9,2,7,10407,-97390532,-1652536742,-475179356,-1232836950,-530409769,-566375728
10,9,2,7,10407,-858450755,-898625622,-1814057401,1615097929,-1034363728,-1063647290
1,10,2,7,10407,-62460136,-1928625315,-1894681840,-481736795,429202336,1534990157
2,10,2,7,10407,-145249460,1577863002,2052904996,-1853249933,-29425142,-1037523285
3,10,2,7,10407,-41694435,1473645181,-1532767605,-545854812,1237429252,-542834235
4,10,2,7,10407,1470992890,2011483782,-1510462273,-384002652,-1088892690,-407171806
5,10,2,7,10407,-670357932,445004060,663751883,-1133428188,658348884,-216727943
6,10,2,7,10407,581706682,-1425708834,1730418183,-557547852,-1564219690,-528104347
7,10,2,7,10407,-847821947,2002976748,-1589143437,-951247426,431662694,-546969424
8,10,2,7,10407,1705516739,-2117843384,-779488030,799779497,2035669211,-111824004
9,10,2,7,10407,-1994319665,-1365282196,979572347,-278012333,1348081066,1326619121
10,10,2,7,10407,-977736549,-776632883,2007517143,1207469166,889342619,1048441737
1,1,3,7,10407,184741549,802201957,-259200687,-1501021569,-2084451861,-71405833
2,1,3,7,10407,-1910571412,901292265,1389740412,-1980320939,537158255,-579496442
3,1,3,7,10407,225854312,2134749939,-375796676,-959471514,-1937237067,-1800420323
4,1,3,7,10407,-5003696,1649945766,365222030,-502120274,789908530,-611899369
5,1,3,7,10407,-719663568,-1920184845,54550363,-590236268,177111884,-524306326
6,1,3,7,10407,-681899851,-2108417336,-964562206,-2049357724,-152737301,925175715
7,1,3,7,10407,-1134799753,-1956335878,-772638714,1857456683,-1797304652,1001823936
8,1,3,7,10407,1520325562,1049798243,1325031452,1755546400,1664266864,709113255
9,1,3,7,10407,498279455,487292757,-387282476,-698337598,-1463566822,1672331201
10,1,3,7,10407,2032222740,1599289839,1806218453,845464748,1119080070,682962057
1,2,3,7,10407,-510870755,-1810379884,-1745681730,-1267191121,-1953689431,-1692245939
2,2,3,7,10407,1818645813,-1797456060,-648128316,-187498128,315660427,1939363861
3,2,3,7,10407,-2077826553,1498663195,-1775824806,932127002,1374139572,-1481185511
4,2,3,7,10407,-236364290,883819306,71648758,1957816284,-1484054770,2069965065
5,2,3,7,10407,2054083240,-516757087,-489484954,-1250098884,710526988,602455409
6,2,3,7,10407,-661854165,-1030241631,-38337267,-151783116,-1081039768,-1916227586
7,2,3,7,10407,275439755,991249230,132129626,-454339657,-1809611532,-1666662190
8,2,3,7,10407,895680363,-1985838337,636182015,1558276572,512589496,-1156466501
9,2,3,7,10407,973127195,-308406861,132619142,-1913218468,-1438196935,1163108165
10,2,3,7,10407,97399059,1729353139,758086213,-879602585,1339365770,-1955522294
1,3,3,7,10407,-312216975,-257837880,-22074086,-1846978550,-640575771,-1786162588
2,3,3,7,10407,1747616978,-682848183,400022291,765524978,-1345823869,1857755088
3,3,3,7,10407,-442834754,-1451537810,1962786842,-543797586,-2058801565,121465211
4,3,3,7,10407,-733658794,-644744778,-1064018093,183597796,-694335840,717247873
5,3,3,7,10407,-779485201,164106404,426070143,572052709,-89613723,-516538229
6,3,3,7,10407,-1944934243,-648988368,750942837,1790771114,-2110425254,-130872561
7,3,3,7,10407,234505195,-1687504022,-912111045,520241920,-1993276276,-226142492
8,3,3,7,10407,1857537812,337740543,-1851152646,86072266,-210598476,1468640710
9,3,3,7,10407,-749984434,-1324522084,-716377037,923346838,-680210256,179009008
10,3,3,7,10407,1579662474,1057603491,1691333095,-1431350889,744683423,-789274501
1,4,3,7,10407,246653311,-1526508559,1075893945,-893772803,-590907689,1564266657
2,4,3,7,10407,1044658188,2107005189,-730298629,1458865766,-2053252538,1001978367
3,4,3,7,10407,1572741715,1979153612,765641024,110409712,2064501360,-372016877
4,4,3,7,10407,-1681580292,847114410,-1105203079,-1332650108,1149331475,1680369688
5,4,3,7,10407,1574275298,-953044541,-1386303025,-1667949227,-100914245,803515564
6,4,3,7,10407,1537106687,1386212374,-444567734,-1627822638,796858180,-1841787510
7,4,3,7,10407,-1804452002,1418928319,1108337354,-1559894443,-1197679333,-1870147311
8,4,3,7,10407,-684885284,-997217873,348841022,1337733771,-1735322958,-615269034
9,4,3,7,10407,-2047402773,343785910,-2128322217,17858218,-1499922767,389916770
10,4,3,7,10407,1221202571,-241579097,-1502017062,-1944876502,-1625597801,452946460
1,5,3,7,10407,403195853,-708531903,-1114820640,1763468712,-1113619102,-1561367481
2,5,3,7,10407,2068911460,-1988963920,-400655868,1412497359,1571540077,-487238646
3,5,3,7,10407,-1211227713,-1097238655,-744791251,2079309222,-1722188074,-1714253375
4,5,3,7,10407,1146280505,-1032799852,1814068111,-337468124,-1345480565,2033933595
5,5,3,7,10407,-1250515687,-32069947,-1699494677,-1294815586,1738692696,13439832
6,5,3,7,10407,1290245995,-65674133,-550939945,-929573711,812127691,-1309199398
7,5,3,7,10407,-773695147,-105858409,-2099126520,1028068785,198847077,1656464929
8,5,3,7,10407,1900147363,-426793490,1583727072,-2127302709,1329664345,1528276909
9,5,3,7,10407,1351749291,-334821932,1970428947,535600075,726037427,-2120389402
10,5,3,7,10407,-1609730374,440789318,-686538247,2078136835,2026188351,-1120100218
1,6,3,7,10407,-1764790790,-931145451,-904132407,1321398234,777411642,1466908703
2,6,3,7,10407,-619052014,-1757117989,-123662817,-326705999,-997105271,-1375410213
3,6,3,7,10407,1953820409,1069225020,-1297732517,44290962,1982949474,-1886267361
4,6,3,7,10407,27653760,-1240726052,789923645,-1272017880,-1685232222,-1921661448
5,6,3,7,10407,56168360,284909066,-484766280,289161063,-1510247452,-9563101
6,6,3,7,10407,-2007526938,1481424776,-2098588667,1901720887,-2023612965,1393865136
7,6,3,7,10407,173344229,697780173,-1273614415,-753269380,-1995867625,-1353956703
8,6,3,7,10407,-1110055329,104942299,1212763433,874163168,-638846183,-757023384
9,6,3,7,10407,-708093686,1272547540,1023106422,-376419796,-870315302,1502075613
10,6,3,7,10407,-182246107,2122582789,482409281,-1324045307,-1837741613,-1465157576
1,7,3,7,10407,-957428002,-1152451137,-845311406,1423513914,2002225119,-953012752
2,7,3,7,10407,1441786275,-1449890740,412526148,-1913957496,-708057641,-1874797022
3,7,3,7,10407,-564745304,1925166028,1422938537,-85883929,-1662972350,-1055699055
4,7,3,7,10407,-1548421091,-718765481,-1661087064,1672730893,-575951052,-1909417608
5,7,3,7,10407,-1183378351,1819465203,1307589408,-1592461550,-1167461670,631615661
6,7,3,7,10407,-1190507587,37825816,1061502698,-473653150,1792647542,1889396258
7,7,3,7,10407,1724952387,-664472059,-1454817221,277024207,1126323323,2122749592
8,7,3,7,10407,1045513418,-701810052,-470707722,-1021113634,-1957236159,1079334741
9,7,3,7,10407,-707669096,151414318,1418589299,-999622298,-218546047,-404812741
10,7,3,7,10407,-513388955,32559823,1874094790,1254786725,812139223,-1167394237
1,8,3,7,10407,1106656389,-2029415390,1922222474,1427059163,562405139,157198502
2,8,3,7,10407,748566591,1142735932,590777293,-404559590,1383426728,-1908650550
3,8,3,7,10407,78813546,1552525202,1413503245,1547007356,-345159027,-1930273432
4,8,3,7,10407,1437486949,1564741205,531105342,61911266,-991426272,781348255
5,8,3,7,10407,-1129009018,-157879297,1549233208,-2013733973,265333001,1346544098
6,8,3,7,10407,-1323315051,-1977741166,-1662323064,1179999955,775772236,-453543305
7,8,3,7,10407,-1901503242,1136445249,568854267,-1713480720,261147090,-1488312786
8,8,3,7,10407,-1284111118,2017131334,963354673,1449897146,-864526040,360873101
9,8,3,7,10407,1372867879,1315236564,1177255937,-377500008,763676491,-1066524896
10,8,3,7,10407,-721334168,-966522764,208526508,2025577267,-1797088680,-90665448
1,9,3,7,10407,350129464,1331695137,-687620456,-137080947,1914805849,453361592
2,9,3,7,10407,1059537752,657907010,-1037440904,1389579482,1022815404,1001138382
3,9,3,7,10407,-737603778,-790097365,-537753234,737229706,-112093945,-186201883
4,9,3,7,10407,-1741181204,-321717330,-784759091,-808535211,6326789,700777095
5,9,3,7,10407,-2116556082,1365969497,-1957132920,-1896980238,-1410918596,941060372
6,9,3,7,10407,1571201191,-970436664,-1273697373,-1656046864,-184810089,1283837593
7,9,3,7,10407,792825964,-1247191601,-274077084,645611757,829899042,-382928008
8,9,3,7,10407,-866560448,-309507250,-987828345,-336984532,2042070568,307485372
9,9,3,7,10407,-1883171561,-837233787,1106311258,41500448,1942003213,-542118492
10,9,3,7,10407,-1630264696,-1073055862,1248874115,748054890,575982629,-784266923
1,10,3,7,10407,-72374921,1633294197,752561730,-1654838877,705682701,381003084
2,10,3,7,10407,-758155788,-223855870,1738586841,294964855,1985802921,673092850
3,10,3,7,10407,762200380,703336550,-790795158,-1192069309,-28394128,2051646279
4,10,3,7,10407,965505293,1663523453,-1914934894,506507228,1929912840,1082274067
5,10,3,7,10407,1775473628,1139494905,-1768325771,610777817,779493690,713139249
6,10,3,7,10407,1413133644,880786617,-226502012,-323772926,566203844,1395180349
7,10,3,7,10407,-1287010255,-2047927344,-2081712080,1318976503,403890439,1687093218
8,10,3,7,10407,410541374,-810372417,-1508146928,652810510,35555606,228909166
9,10,3,7,10407,562502565,2099707149,-324895837,-1248990962,1926498757,-2022141631
10,10,3,7,10407,-930298246,-982652598,-712145248,-1678120201,-683374317,1468435928
1,1,4,7,10407,1272473520,-2136581341,-1549356678,1510988957,1421082756,962619759
2,1,4,7,10407,-346079350,258241254,-1925501821,672871183,-1695680382,1400485726
3,1,4,7,10407,1952946106,1064002064,-1350990782,-1974820366,-644988374,159193930
4,1,4,7,10407,1757249096,-486685376,-698217548,1877224468,2118578298,-785694295
5,1,4,7,10407,-1854451426,688349234,-1232439229,-1000205284,761202617,1401842873
6,1,4,7,10407,1466858283,-1356553902,1973619087,-1648243296,1843720108,-2017201121
7,1,4,7,10407,2147398360,1147260094,2025105162,1538833957,-2007627068,798820396
8,1,4,7,10407,-1728753627,1132168520,1124247960,207625743,-1502750820,-1195421037
9,1,4,7,10407,-987630302,-318831697,-41340336,-2018225496,-1226070953,558872003
10,1,4,7,10407,1964714610,1255898353,-1461416072,-1911552324,-1879784979,-1128823204
1,2,4,7,10407,189049311,-576689538,1618577788,206833027,-512823312,-2088040426
2,2,4,7,10407,-315015691,-891943501,-1397395574,1529758513,116349041,-1303126169
3,2,4,7,10407,-1269443574,713218183,-1933854373,-1851569727,-1461440216,96927553
4,2,4,7,10407,-713941753,961400065,1553352046,-127655992,390099811,-494503780
5,2,4,7,10407,690409070,1290732137,-610455308,725123810,1370859142,309211813
6,2,4,7,10407,2060351459,-1500266323,1569514098,1183414693,1561756797,-933314733
7,2,4,7,10407,879752975,2133114004,611735193,1304446657,-785676716,-869802423
8,2,4,7,10407,1526859470,-65017703,-190347866,-1769641092,1546983579,203514191
9,2,4,7,10407,-629324743,-1645312705,777361331,706496123,-392363231,-684654631
10,2,4,7,10407,-2012145496,-1893412865,1092469902,-2133751613,-1249512176,-367857622
1,3,4,7,10407,-1403468411,-980330316,-1011995677,1246056432,-1189134224,-1876925800
2,3,4,7,10407,1361299807,1307923599,-878012634,-1253592368,-200837709,572702814
3,3,4,7,10407,1966497775,950026725,710036531,1041747950,1566968819,-1903163502
4,3,4,7,10407,-960052803,-958863205,291501178,984568043,1011050454,1287394531
5,3,4,7,10407,1602782426,-867682968,-1270603160,-170081053,-338331443,-631884332
6,3,4,7,10407,-478421188,-1998909975,-376540944,1625783265,1575706301,-1106842815
7,3,4,7,10407,1364671099,1512653259,-523128308,694194364,613844333,-446354333
8,3,4,7,10407,-2037076533,-1610463098,91001189,-681900827,365626393,-345141584
9,3,4,7,10407,373855379,592810141,1008761340,-1936796017,1285436015,-1860324458
10,3,4,7,10407,-1318359924,-397779076,1449072785,1468138539,892580861,-71341274
1,4,4,7,10407,-1774382164,338862273,1690288053,779599954,-1122082828,353218816
2,4,4,7,10407,1651748040,2025868987,1117800915,-1899532417,-1039844557,1296273953
3,4,4,7,10407,-468397865,-1035639272,554379939,-1977591588,1643033989,-1413755260
4,4,4,7,10407,-622526527,-175416746,-901068111,93531418,1572204865,499892202
5,4,4,7,10407,526117476,-1727081762,-1402576645,1340382469,2109430054,-1524134375
6,4,4,7,10407,1829643231,-603493022,818400372,1696104808,629462818,65688957
7,4,4,7,10407,-233771617,-208734175,1390649396,1070664977,527713213,-241233116
8,4,4,7,10407,785680469,-626681479,-1287929796,788679382,-174490982,-1019054768
9,4,4,7,10407,439668320,-1565934680,-1096124122,1747241363,-944838747,-1467826138
10,4,4,7,10407,927216525,-239354738,-463432570,1566472379,-1530253349,-651017594
1,5,4,7,10407,-1077590674,-85137832,-1769959578,-1052574105,-1389022405,2100299297
2,5,4,7,10407,-1785955926,64641472,-517328425,-821070259,1796781567,-1287904193
3,5,4,7,10407,314250285,-264552754,-557485226,833888726,-750895752,845021418
4,5,4,7,10407,-1490762527,-687419480,1922138896,-1842136998,307937998,389259943
5,5,4,7,10407,1645137465,-1210216667,-564296292,1227591046,1524498018,276690679
6,5,4,7,10407,-1604110213,-1430230844,-33185986,-1773839729,-1057557101,-1327091662
7,5,4,7,10407,287802638,1230310855,1422773650,935604060,2011109405,1170201718
8,5,4,7,10407,-1220219324,-1812592612,-902267522,-396396124,674223523,1493459134
9,5,4,7,10407,-1768120432,-1687664767,-1603514875,1815420911,377164163,1509986735
10,5,4,7,10407,-1313077036,-412891619,1269695945,-84861249,-2130070861,-592068768
1,6,4,7,10407,1747324826,-446249525,-1375279656,392959857,188634391,1358245608
2,6,4,7,10407,-664907418,-1036977885,502728372,1716397133,-1009999822,-501415660
3,6,4,7,10407,484936773,356337929,1638294290,652579164,361672690,1236031420
4,6,4,7,10407,-1628622171,1815006555,-1036351928,-409919679,-794399550,-1254305504
5,6,4,7,10407,-641907520,1558797060,-80130927,1531727264,1862604376,691960623
6,6,4,7,10407,670935784,-1935075577,756734379,-1943026396,-249385058,1885337434
7,6,4,7,10407,1048525520,387047908,-1079009297,2072205727,1069611194,-280562840
8,6,4,7,10407,1936317580,1012364188,-431998372,277357836,480947958,1336376500
9,6,4,7,10407,-1549775585,1984882301,1719777513,-622112490,23814433,-1693427522
10,6,4,7,10407,1774008621,1757395000,2146448664,-1325519921,-283574293,-1846394199
1,7,4,7,10407,-649229372,-44236650,-1341314203,106789289,13603687,-302213059
2,7,4,7,10407,2018319141,943473307,-332798714,-1836514785,401927972,-855178394
3,7,4,7,10407,-2060334860,785592386,-2049543850,703908849,1331046705,335622880
4,7,4,7,10407,-1122641507,-221079768,-373526478,-861308078,725905934,953466767
5,7,4,7,10407,-1577742063,-136002948,-1175215624,-354926749,461138949,-305649107
6,7,4,7,10407,-693595698,-1413363241,1176750121,-788654413,-739711192,279395376
7,7,4,7,10407,1131116458,-1426862822,488655578,-411884282,-1219454310,-1861877417
8,7,4,7,10407,1006153720,-528121214,-1932421902,-1270595311,-1463203915,215892898
9,7,4,7,10407,-1315205893,-1105942792,-551541653,1389870872,-228004618,-1996961978
10,7,4,7,10407,1976978329,-1541525332,1881001049,1367480783,-1043471921,-303191540
1,8,4,7,10407,104847146,-2084022955,465649899,1855183719,-539612882,1047142824
2,8,4,7,10407,-1260182900,360813354,-633294896,1758920390,1846861283,-2120094568
3,8,4,7,10407,621212559,845419874,293228757,1646491691,682285549,-134545476
4,8,4,7,10407,1020948118,-884800103,-215253254,1177820466,-1848596752,207785097
5,8,4,7,10407,655086262,-1391173466,-2028326218,622130819,-1331129662,526318387
6,8,4,7,10407,-1823556847,554833993,599756537,-482640074,848391016,-437524025
7,8,4,7,10407,-1227833278,-584060074,-1635416565,1259466800,557149489,470311333
8,8,4,7,10407,1926911079,909836425,-2017550180,-1886504811,-681743894,-2006100446
9,8,4,7,10407,600317286,1357935864,942548566,-142528903,218722716,-1557102215
10,8,4,7,10407,-1526171072,1361995528,-371880585,-2047374306,763144436,1319883852
1,9,4,7,10407,865737404,396155212,1220346372,1156970755,2119523651,-1536988378
2,9,4,7,10407,1232257640,-62026779,715085495,-1970880903,-871138901,-1962760078
3,9,4,7,10407,83205954,1785573050,339141380,224817815,-529691450,1126012292
4,9,4,7,10407,1161459411,928820221,-1170973147,-1331155874,2032639250,-1009580221
5,9,4,7,10407,1375677123,-2079262388,-926277447,-558708417,-2050582475,-1267030620
6,9,4,7,10407,1155224882,510912304,1896968969,192024875,-474844024,1150937035
7,9,4,7,10407,-306689242,-549685259,-301571124,349711992,-640889928,-1545951752
8,9,4,7,10407,-445864442,490570143,1667728428,-548591915,57968564,345399503
9,9,4,7,10407,275290102,-54126375,-1238850105,1876086961,-1102850331,-2038768458
10,9,4,7,10407,-1961353601,-1923666292,1607978153,-899413502,1752687260,471950009
1,10,4,7,10407,-1598049584,997742006,348451703,-1327215528,-622904293,261541114
2,10,4,7,10407,431971451,1762063983,1269058902,1536032334,2123329746,-1844185956
3,10,4,7,10407,180679020,-1765019981,-465043997,58165871,-424079444,-391111563
4,10,4,7,10407,-918133011,35225196,1637645344,-2058066132,-428967170,-717148523
5,10,4,7,10407,1746088515,-1648265990,2142568565,-1475639690,306101528,627397693
6,10,4,7,10407,1142934123,1507314188,349994625,-1790815613,1870022943,677583370
7,10,4,7,10407,297099004,15515970,-1460800668,884377482,1294323653,-1185627022
8,10,4,7,10407,1480487961,1372245558,282735835,1441510478,-1645968421,2092034036
9,10,4,7,10407,313797781,-965954429,-1369400671,-1648867870,-1655737940,629641800
10,10,4,7,10407,-641949418,-1854318066,1202195064,-757724483,-70402731,1986773774
1,1,5,7,10407,272783973,546625004,-79231903,-1457493005,-1977502897,169624677
2,1,5,7,10407,-773554363,587173426,1589198750,1231955565,1823915118,2103070535
3,1,5,7,10407,1999051204,-21466059,341156955,1979688339,-778000035,904083262
4,1,5,7,10407,1506046313,-1377575564,251572068,-1582122530,2104173070,724351361
5,1,5,7,10407,1591838780,1823262609,44802166,-458623507,288122269,-778749130
6,1,5,7,10407,630724786,-397528599,270232752,1470932389,1931817310,1997251402
7,1,5,7,10407,829861376,-147106946,-1462957399,-1721316466,-113797655,-1245345539
8,1,5,7,10407,-287839013,-173830722,-1879346046,1224397523,-1349614327,-2105026212
9,1,5,7,10407,1354499708,695183138,321750833,1725665497,417559299,1714268712
10,1,5,7,10407,-1756604826,375766432,409733249,115748542,1030978160,648286617
1,2,5,7,10407,1135074625,1488029278,1959919397,-1034757241,-1868824171,708046675
2,2,5,7,10407,906968894,2041212761,1734096678,118863246,352866557,-1421169359
3,2,5,7,10407,299550044,-816572130,-1810604977,-1701094576,142965505,387490024
4,2,5,7,10407,1761035091,816662414,-583264955,-1825499135,-825787690,114006311
5,2,5,7,10407,-1920181239,-1604655445,403262100,633900926,1070768704,1676398474
6,2,5,7,10407,1119527256,1972441650,-1495717599,784962384,1119190064,-1772521549
7,2,5,7,10407,-438371986,-468241256,-1006112244,465560606,1111779778,100846009
8,2,5,7,10407,-2048412928,-443282577,5523022,1391108138,-1485972443,882720736
9,2,5,7,10407,1187640924,-631939405,941966895,-881058090,-1266866064,-194146410
10,2,5,7,10407,-790863159,1792622747,-350976919,-350305527,958778915,-722609428
1,3,5,7,10407,-380022902,-726813710,-1001203931,-1667157240,-2123971681,1358369405
2,3,5,7,10407,1669690471,290879762,494442074,1857145334,287221685,29141847
3,3,5,7,10407,1266859457,-1392529411,-2127172902,-1445634512,-1491024668,1951860491
4,3,5,7,10407,-259957980,-1134409234,-1150598893,1600410670,-1589568867,-560638162
5,3,5,7,10407,176620846,-1041838149,-866497308,-1468393948,-248877235,-1647772678
6,3,5,7,10407,-43250555,-896656950,1654586814,1177463796,1276661974,-202811466
7,3,5,7,10407,577225006,-1435129639,-699814267,-2021565983,-1854576878,-1139301489
8,3,5,7,10407,98235600,683582559,-125694033,2069085252,-1707202406,96584717
9,3,5,7,10407,-1530974420,374382921,624959922,583351098,-1429852449,-169878044
10,3,5,7,10407,695403003,155387988,-1013919067,-34828492,-1341627984,81093407
1,4,5,7,10407,-470284756,750343720,-1318938073,1194004151,-1722871184,-416962596
2,4,5,7,10407,102558265,1494102107,172014440,-402538695,-210132809,-1224798295
3,4,5,7,10407,672018393,-1613484236,1344272454,1372797634,-76090417,653455983
4,4,5,7,10407,-1183612969,-385143457,-1895666086,-632838317,614694486,-386869742
5,4,5,7,10407,1991927081,651975553,-1802397031,2097845966,-1882885243,-592365158
6,4,5,7,10407,1435577921,1698198487,329933208,-1474235663,1199100262,103362930
7,4,5,7,10407,691892093,539975487,1379611422,1030997404,-1241218968,705578185
8,4,5,7,10407,968298070,1542840893,1566006373,2128431527,2081848372,-1355018767
9,4,5,7,10407,1567667301,-1724875963,-536864300,-296643497,1294886058,875626765
10,4,5,7,10407,1731938128,-1214640672,-1866227574,-1210230012,915207205,1910439630
1,5,5,7,10407,-892050040,1529017598,-1895153781,-383515743,1250434442,1386989318
2,5,5,7,10407,-1889600681,1959088024,-665156581,2000610840,-1694399863,100269819
3,5,5,7,10407,1237873622,576681273,-1930057994,-1797823857,-131383693,-880087580
4,5,5,7,10407,806340980,-940230931,-2076695108,1453013669,461546934,-446600691
5,5,5,7,10407,121602611,-326453977,-214111077,2076318038,1530478928,1102348609
6,5,5,7,10407,335885999,1905649531,435479230,1854704550,1175852575,265400606
7,5,5,7,10407,23073156,351712999,-252597008,-1555138297,-2116783643,-1826935880
8,5,5,7,10407,1125327419,-860274393,-764150031,-8012025,304520271,31784620
9,5,5,7,10407,-1619034561,-1925356879,1979672175,2066005039,1425184758,2061807613
10,5,5,7,10407,1154073811,-1298501101,-324776228,-288399940,-792993579,726655331
1,6,5,7,10407,381678905,-840701402,-1606870833,-2014990928,1385992169,-1530307587
2,6,5,7,10407,2095105880,1330701441,253838173,1386597984,1588319836,1802815891
3,6,5,7,10407,-1978420080,-1950344605,-374407290,457303608,528871510,-1984084098
4,6,5,7,10407,-1284004827,-1621020942,1311122786,528168544,-612748688,998125756
5,6,5,7,10407,156385421,-1333217017,-1870618466,-594655199,1780601941,-2004917135
6,6,5,7,10407,1161856785,402103793,-557514058,-1218133142,-1541558812,-822550543
7,6,5,7,10407,-1244129283,-558192943,1234888859,1909860810,-756939667,-802389545
8,6,5,7,10407,762751704,1651549589,-393078165,2096865459,-2060730778,1265180382
9,6,5,7,10407,1212774931,-1594572160,403427784,-1048141185,1823814480,348809307
10,6,5,7,10407,5899448,-960970992,1976743017,-2071105108,329185483,628184277
1,7,5,7,10407,-1858727632,-560329727,-1994363049,1795458640,-1309138877,171754589
2,7,5,7,10407,991295068,-28796129,-1822177491,-2076807864,-1408081007,-33492151
3,7,5,7,10407,1879421588,-558407129,-855551031,764671480,111306361,535890433
4,7,5,7,10407,744529799,1379558925,1286649283,-882637638,252282562,7623238
5,7,5,7,10407,-1813826266,767229654,-1175243142,248449160,835481894,-724651627
6,7,5,7,10407,1684041195,909876615,1597441690,100677865,-1946088411,1411949182
7,7,5,7,10407,-592604128,1498478046,1630942629,1745220252,-1642952634,-1530526376
8,7,5,7,10407,564148833,1633594412,-1733313444,-363893878,-137730372,789350697
9,7,5,7,10407,618990125,1961613875,1301318623,392904315,-1770293614,-1179418368
10,7,5,7,10407,1288253287,927011978,-495188645,1147825257,-2014829706,-1793673769
1,8,5,7,10407,-1925971760,-326713991,-854609878,-1412866343,464598547,1768663066
2,8,5,7,10407,-704154619,1075662443,-1151986484,642739379,-638169692,2047904867
3,8,5,7,10407,1032515490,-1345442015,-1534760362,-1619418165,-903335525,1515432635
4,8,5,7,10407,-153990036,-1519052475,852037068,307258905,-632101049,-488376222
5,8,5,7,10407,-1873035602,1724831702,-682586994,2008351606,-1253953791,-30210355
6,8,5,7,10407,-593198812,527074317,1632601103,-1041645138,637380654,157941433
7,8,5,7,10407,-1869319753,1462900487,1975448503,-1747829919,1252066235,-1668679885
8,8,5,7,10407,1743774161,1078691000,-1585710435,861460270,-1850604974,-62870647
9,8,5,7,10407,1770186820,1716907107,1976066821,-1024304185,-1205467733,1171504235
10,8,5,7,10407,236004955,-1179765061,1398270913,-519732355,485360323,130806832
1,9,5,7,10407,640550427,2064579100,-1896483499,-1885023264,759832923,-1231884258
2,9,5,7,10407,-1174630655,1454002331,-1686031183,557259907,1722786348,-1308885483
3,9,5,7,10407,-1801222058,419812873,-1315352058,759499677,1523347766,650415649
4,9,5,7,10407,-1970871208,2118452137,-1297118262,-1605544067,141812772,1768488885
5,9,5,7,10407,-1722573020,542949422,347243403,1436525935,367201302,-1227263220
6,9,5,7,10407,-927539153,-41127573,-4290280,-41569757,-866394125,2063467633
7,9,5,7,10407,1350651771,708277552,-553826209,-115426051,-1433980027,653392115
8,9,5,7,10407,982795000,1085880708,1519554718,1079674633,-963662144,-2090811649
9,9,5,7,10407,870887187,108062604,1235593936,649449697,1433129995,-1444744746
10,9,5,7,10407,946533047,-894337295,-2112541653,1008020637,2021128439,258310430
1,10,5,7,10407,274833222,-1934448131,-1570960452,-645262775,2098626139,1825184983
2,10,5,7,10407,149612024,-1520050782,1349033486,-1749308244,1861655660,102556178
3,10,5,7,10407,-457734536,-919056664,737551147,325312722,-1995674741,-1622223565
4,10,5,7,10407,73924811,-1180964757,739240477,-1472584811,-36077932,1322972493
5,10,5,7,10407,33879016,1906283981,-714300517,-1498881722,1343095486,191612646
6,10,5,7,10407,-1537527222,-404824291,-470973991,2113472373,745561547,782447557
7,10,5,7,10407,207189414,-151377059,-1206638622,-975329189,226401476,1685187923
8,10,5,7,10407,-1495164240,-895713168,129109253,366444682,1670757158,-638866178
9,10,5,7,10407,700617460,1458229503,170137655,977847755,-846144109,577998132
10,10,5,7,10407,1247304920,707478623,466802106,-1708333334,796890876,1809499826
1,1,0,8,10407,896409377,23741627,-1203700282,327458593,73275517,-1527959192
2,1,0,8,10407,1466684007,-829486547,1826345650,1942566312,1068638707,498665463
3,1,0,8,10407,630235779,1003402788,-39477094,1281846039,-927590790,633346218
4,1,0,8,10407,2073378343,329072279,-227131678,-378996587,-1854448917,1636913371
5,1,0,8,10407,1548093775,-654788988,-463541216,-316421795,-89699963,-518844600
6,1,0,8,10407,539767451,-506148579,-1440483485,-985267035,1634636059,2118735777
7,1,0,8,10407,-335177283,1419096605,1879689853,-1253595304,1251774567,-652535554
8,1,0,8,10407,1575702091,-1538011791,-1077170203,-573694139,-68050552,2043748698
9,1,0,8,10407,210456301,629894596,-1801409533,-1085516061,-1135025522,1864849862
10,1,0,8,10407,92224960,786897285,-445345331,-201854938,-2026432167,1245197291
1,2,0,8,10407,926994473,-1119428365,-1773775043,-293650471,1261914441,1246025182
2,2,0,8,10407,1241676781,-1517354574,-598282647,678293618,-657758679,367817780
3,2,0,8,10407,1248240493,726799860,821424197,659893256,579256113,-622268588
4,2,0,8,10407,215282037,657274765,132597654,2085815402,-1932787755,-340263418
5,2,0,8,10407,1170094595,1903539413,17283031,2068371121,-1558451934,-1502113788
6,2,0,8,10407,-1027980772,-2135360713,-111964338,908387819,-2142444647,-2060173516
7,2,0,8,10407,1068684350,-1338422212,-183801171,-345948774,-789613348,-1131647656
8,2,0,8,10407,-1700384109,-148641194,-359868064,-672856586,-1095752637,893454942
9,2,0,8,10407,1338769562,-1873336863,891901425,-822648392,-1659115763,-831342247
10,2,0,8,10407,599150497,594841073,-267401127,-1888366654,1752523464,-1326983541
1,3,0,8,10407,852879705,1276740084,-1970144362,-1326746451,-1939702490,951220567
2,3,0,8,10407,-2102918497,-6146781,928774307,1837175632,-1276953588,-268391952
3,3,0,8,10407,-1639077032,-377987273,1420595522,1482714408,2101763694,888244920
4,3,0,8,10407,-1518415182,-1055086133,1023731523,20099381,970395417,-735407964
5,3,0,8,10407,767656804,810238074,-499226205,1247915981,-436996399,2034892184
6,3,0,8,10407,-841892513,1059295115,1309128763,-683747531,-2016470649,-1023892728
7,3,0,8,10407,-1093289633,-402551721,1803163218,-960484464,-713706975,-1235231710
8,3,0,8,10407,1445567586,-773727573,77968918,-1627535544,-1350807456,-1958371187
9,3,0,8,10407,434710976,-1051702815,-1695503699,40667797,-595321352,1929864470
10,3,0,8,10407,1028044639,1894582305,-597736766,-1859137214,-957920735,1898442305
1,4,0,8,10407,2061231104,2120168578,1224390650,1712185074,-1744519985,-174011084
2,4,0,8,10407,-107969221,920975866,-156754531,-1175078509,-1342143696,-512973916
3,4,0,8,10407,-147893301,1732862546,1975355265,864432926,226814816,-174403699
4,4,0,8,10407,-879177105,-598391205,1500095505,-75480461,1967639395,1866602593
5,4,0,8,10407,-1931926,-1614476319,1281969996,-344064379,112327637,1510747087
6,4,0,8,10407,525778034,-501489717,2069185079,-1265687919,-381005621,-838837844
7,4,0,8,10407,791238757,-2028611496,-1397969519,-1790606996,-1011688984,-560457565
8,4,0,8,10407,1480774500,33850651,1159986019,1660008910,-549699007,-42570109
9,4,0,8,10407,1456333298,695800455,-293180273,-1558389421,-259462372,477174570
10,4,0,8,10407,-1760570146,583938090,-1002364509,545558993,1764609947,2012630209
1,5,0,8,10407,962807010,246616920,95805147,-359063297,570407109,-911443120
2,5,0,8,10407,2009466424,-1217095090,-1923900158,-1367694933,-1190619825,1796128834
3,5,0,8,10407,1070947301,1451823062,-1173105968,981881711,-679499722,1914403675
4,5,0,8,10407,1428969545,-146751025,-1704432599,410149106,-1957782727,-1385900919
5,5,0,8,10407,65806978,150483780,1334402512,1839148222,-1432625514,-208607039
6,5,0,8,10407,-697184204,-819241647,1176676438,-1087959598,-1503165902,538325373
7,5,0,8,10407,-632190119,874427757,-492766526,757031838,155503178,461408886
8,5,0,8,10407,-203395234,-996152118,601210330,-708062685,-1260668091,-774021017
9,5,0,8,10407,36752187,-999326307,1507425568,-612791430,1053226496,830962092
10,5,0,8,10407,678540514,1348978059,311201526,640135712,1664366453,-421541895
1,6,0,8,10407,1115423053,-75724010,-1765802015,2119804589,-231767910,892198129
2,6,0,8,10407,666612861,440457166,1077649511,-232524985,965880600,-1543472802
3,6,0,8,10407,-520141722,497613150,-1139595676,-1655543164,-912070049,1085604757
4,6,0,8,10407,438263211,-2091880005,400623744,1512217067,-413633497,19886710
5,6,0,8,10407,-946014619,1844181588,-525150928,350621330,1079555700,-1782271565
6,6,0,8,10407,1570544475,-95949839,1191198200,-2107142484,955312450,-1819631327
7,6,0,8,10407,1078308899,-496375133,-803693422,-397620997,-267023750,189362409
8,6,0,8,10407,-923430099,1273540662,906524436,-55779761,1228067711,135035259
9,6,0,8,10407,696169206,-1529375010,-1905642214,1437384188,680539072,-1660061750
10,6,0,8,10407,2104502642,-738723230,58565352,-1436990091,-770629724,-140239623
1,7,0,8,10407,1332260507,-796944700,441187551,-1847375583,-1935556616,1569812306
2,7,0,8,10407,1760870993,1982593525,2129551854,-1429971987,-1505267181,-789073626
3,7,0,8,10407,1182146019,628638488,498203169,1521639920,-1173660858,-233649557
4,7,0,8,10407,1875102682,-1762752942,1846349122,-1017732531,-963605872,523848395
5,7,0,8,10407,-834872356,-152955867,857829913,-813523825,-1469006252,-1152400139
6,7,0,8,10407,170841528,-599020951,-1464138511,684052890,-1805367023,887660891
7,7,0,8,10407,1599445538,-521866827,1982040039,-947717061,-290099127,423854527
8,7,0,8,10407,683341759,-628571544,-1285923459,962196790,933500518,-1625009071
9,7,0,8,10407,955107561,-1154129008,-1797474717,1963454683,-132732780,-1438236979
10,7,0,8,10407,1471841452,-225035174,-1872772958,729351751,270616063,540056244
1,8,0,8,10407,-2042703168,-1887450537,-573684445,-2018745518,236602725,-243871956
2,8,0,8,10407,-1034013037,-1141003285,-760197660,-1297291758,-1173627890,2065380762
3,8,0,8,10407,-1071514555,1032520166,161376128,263737417,-449091708,2146563771
4,8,0,8,10407,402378347,781874648,124056951,-1245428812,-528901690,-452392658
5,8,0,8,10407,569450606,-1674720488,-1777667146,-968887263,-875435658,1183368123
6,8,0,8,10407,-1803373191,-1545760446,-1932685399,1978750295,-1640874904,2143257646
7,8,0,8,10407,1656695424,-934932394,-749188029,1298639360,2006535691,1227385047
8,8,0,8,10407,-853361916,422410302,1134759111,1740995875,-499293167,1051004794
9,8,0,8,10407,914693191,1193271644,2021758966,-440211246,1280745599,-341389228
10,8,0,8,10407,-1606710641,543402308,-250807668,-1865566407,1884914088,1102905189
1,9,0,8,10407,1112065800,344316267,1336748886,-709324476,-1210162172,1559932582
2,9,0,8,10407,2030653494,-269809237,-447865611,1004638569,-1936280545,-364090511
3,9,0,8,10407,550485515,-1115453791,-757424158,1202070145,-396194453,1780207623
4,9,0,8,10407,-209038211,2113417303,-1363176193,296577909,1685988029,873353747
5,9,0,8,10407,517985717,281868623,1586594793,514893358,466880051,-1236451821
6,9,0,8,10407,1274613377,444416499,-2069924473,1255548823,-1254673777,-1370078570
7,9,0,8,10407,-356103933,1190041505,-1529585418,1822592713,-1620386620,276634033
8,9,0,8,10407,605338675,427028620,1783719753,-823507235,1867461466,947933306
9,9,0,8,10407,-130100225,492647476,985771489,2104584126,1726257271,1040716139
10,9,0,8,10407,1203515062,1869821051,395640744,-1066669131,-230968688,-332585032
1,10,0,8,10407,-1694885506,-474847957,1853551408,747290749,2077324559,1903170722
2,10,0,8,10407,1846095837,-2036570067,-1484470373,-990886297,1529410582,-2084047286
3,10,0,8,10407,1184808753,1338874918,1221881692,-657262734,982240228,-2095533778
4,10,0,8,10407,-924156088,-1152699835,2047273054,2070661265,1439859771,501642668
5,10,0,8,10407,-1043282885,-702840806,1608925957,960581823,-169716034,-1851403638
6,10,0,8,10407,1100908023,-644795785,16606765,290811665,1652362487,-1336307574
7,10,0,8,10407,1128283242,731021746,1524860064,-1386101688,-1983891241,-2117790081
8,10,0,8,10407,-1965477000,1184783505,597536422,-7213175,-739672914,1145048899
9,10,0,8,10407,-505323045,457552845,-1741841058,-708663187,1535659153,1029442779
10,10,0,8,10407,-791275170,-989145123,1554295719,-1010249512,1422880877,-608669478
1,1,1,8,10407,856456259,-78678325,1612664987,438050830,1643426907,1280464737
2,1,1,8,10407,1170781195,2047898878,-1483565969,-1923789920,-716916016,1197367769
3,1,1,8,10407,-819677909,-1033551681,-1857880078,1956796045,766095005,-2085754470
4,1,1,8,10407,-236079107,1856840220,176047366,-253385830,-1366131849,905860787
5,1,1,8,10407,-1796781333,-320028486,1388469176,-1247042597,-1150472406,-845487947
6,1,1,8,10407,381689859,-1349369376,47178540,-919377993,557617442,-1008818909
7,1,1,8,10407,1902291779,-1183613325,60769481,-1348791030,-1395786441,-356441075
8,1,1,8,10407,-1712887773,501226200,70708736,-1362321976,644859527,-1010827917
9,1,1,8,10407,-2014628188,374336664,-759948471,95035896,-2104245157,1732883001
10,1,1,8,10407,1614876958,-1699925678,-1552008770,2030368903,-382106685,-33082758
1,2,1,8,10407,1870232179,-598688009,-1062194706,1621449752,-819026659,-1495590296
2,2,1,8,10407,1020816013,1224239558,1341711037,917384115,482054498,-1892878748
3,2,1,8,10407,-326122174,1653806097,-1924425778,2102329007,-1810920212,-764412346
4,2,1,8,10407,1829452116,-1506194697,430263540,-1036217036,767743518,1932633134
5,2,1,8,10407,2096647634,-1153695119,1379643654,-1604631417,1153497366,-2132778730
6,2,1,8,10407,-1474467569,1576169372,697868218,1551650208,672505906,1261036127
7,2,1,8,10407,-1665795098,1567880085,-339637961,828508086,-1068910801,-946207485
8,2,1,8,10407,-1945088697,-83865436,-950900349,140156281,181569900,1696283734
9,2,1,8,10407,778530983,-758070092,253325280,-371522493,-499001856,-1144083419
10,2,1,8,10407,-11802978,-2135682996,1751265164,-1704565720,-1125623307,-1975374857
1,3,1,8,10407,-1481741139,574273532,85491243,854262379,-816817356,-731072726
2,3,1,8,10407,1193565258,-1059113782,1342746634,542256716,1849644105,1212967655
3,3,1,8,10407,-1235913085,170487818,937866681,1086784673,380607846,-1877204408
4,3,1,8,10407,-1922543447,-870263147,-1575334250,-1281477897,-434853147,-623082123
5,3,1,8,10407,1849643406,-1455470334,-1046827441,1854523021,640600135,-1268119432
6,3,1,8,10407,-1418583898,49922347,-1757405400,1823319715,-935294117,-881825369
7,3,1,8,10407,1526169203,926974813,-327914,-723899338,535537240,527952006
8,3,1,8,10407,1378004000,-71127872,542296127,616290983,256429211,-169943050
9,3,1,8,10407,1388169624,2025187607,1755417308,-1026411636,1933167467,1686176964
10,3,1,8,10407,164254701,-1656313554,915329452,-1758206318,-586846042,1858904710
1,4,1,8,10407,1030322933,-766827207,823320525,-1860732317,-1717997252,1963956854
2,4,1,8,10407,1665292478,-834910506,-2097894355,1996460033,1597953622,1569612737
3,4,1,8,10407,-385403340,1453211873,640220595,1814369622,-1518327903,1657338795
4,4,1,8,10407,1617154599,627778470,1904309377,-1178534415,-241721581,1471036461
5,4,1,8,10407,1354693022,509619710,964761610,220773405,-1633223008,1561718459
6,4,1,8,10407,-595180593,-1226576358,939232125,-1825419941,1584838877,-140874187
7,4,1,8,10407,-2142511484,1677006012,-1611113683,-1203833880,-529156061,-176564968
8,4,1,8,10407,1699016804,-1044260423,146137475,-1941809095,1349377520,1874345717
9,4,1,8,10407,2115217416,1668346518,1599395957,-7351167,-25998715,-1386828888
10,4,1,8,10407,1218988331,-146163912,1321529667,481843354,1908232619,-1642638366
1,5,1,8,10407,-1816965314,-1179373074,1141316925,-1507603408,-976349890,-561157763
2,5,1,8,10407,813232761,-1006248166,-303588160,299064009,-883624585,1732608182
3,5,1,8,10407,-1433464667,-587751160,105227642,-1225438048,523581232,-748825496
4,5,1,8,10407,-896592322,1528846450,-1303093711,932422193,1690144215,268324760
5,5,1,8,10407,2070261182,585794855,1839232639,1593691162,672277935,850701701
6,5,1,8,10407,-551863269,1729191802,1533371856,-420983542,297877658,-324604285
7,5,1,8,10407,245170574,867129902,-2109014971,544649061,-1399759316,60205124
8,5,1,8,10407,-1410688116,1944000436,1371286043,-44255296,-211679991,-635595176
9,5,1,8,10407,-572246897,218461021,1891097495,1447065081,814143950,-802168356
10,5,1,8,10407,1499669664,297051844,-1558921964,1436060740,-767030514,1031244001
1,6,1,8,10407,456324278,1976384926,1788582357,-73174638,713009664,457418550
2,6,1,8,10407,1464233594,1578248517,525375232,-1061157742,508302935,-791075765
3,6,1,8,10407,-477825965,1141264142,179246692,-1799798057,-264614429,1821008132
4,6,1,8,10407,-1055064577,-920946986,1211449574,1561552267,804050666,803521243
5,6,1,8,10407,-2094644437,184098487,657998546,441315120,-201038727,1904084214
6,6,1,8,10407,-2110076641,531719778,678113536,-2096856736,1342147834,300381765
7,6,1,8,10407,-664127761,611795670,1505634556,232734794,2032540864,114742333
8,6,1,8,10407,55756205,1315433605,98111806,1798134105,1624335625,680494112
9,6,1,8,10407,385295249,-10093111,1132779996,1020060033,610150228,-857665381
10,6,1,8,10407,6350615,603424150,659167615,1442420814,809782000,1472057037
1,7,1,8,10407,-14770359,-338750260,-661864707,315515137,946674545,-801367807
2,7,1,8,10407,-1920042453,-1284265193,-1118528772,1058774028,1148892974,1603124834
3,7,1,8,10407,105904483,-864525654,-1029471586,-198200629,-1390320825,1242959772
4,7,1,8,10407,-1464074059,977530626,853633931,-920536541,2082478653,-247637281
5,7,1,8,10407,1987154550,-730927320,1558794262,-502839648,-1421895079,1671908890
6,7,1,8,10407,718393608,-1700045209,-1777446538,-1832293824,1570387100,-1887306891
7,7,1,8,10407,-1357924138,-1386020463,-1980847087,-93385801,-376875281,2113284017
8,7,1,8,10407,-1403562038,-1888197025,1099348736,-1476438506,-1623238454,-1699245171
9,7,1,8,10407,1637727596,-267507267,-1699050833,-960394696,-194982686,1952801087
10,7,1,8,10407,-136800732,552475433,859487830,-236640254,1716785328,680622655
1,8,1,8,10407,-321471635,-249191347,-35135555,388673289,1404056133,-120669325
2,8,1,8,10407,999543575,1209644919,281267150,-886031125,-2010103860,661280712
3,8,1,8,10407,222806930,565390626,1927032492,1114692470,-278174598,572220328
4,8,1,8,10407,1479970094,-1269341866,677474146,1398702597,-1568008691,-431182108
5,8,1,8,10407,998612999,-1417056129,-1644672848,-159945366,599371789,-1758976042
6,8,1,8,10407,630234005,-1562995322,921748630,-1234838030,-2014373517,-2006857585
7,8,1,8,10407,2050458069,-1134711091,-87534990,-1088108246,-645070604,-1580132222
8,8,1,8,10407,141751248,1338433923,361876566,-717627891,-1859211623,-1152528758
9,8,1,8,10407,-1136362873,876048430,-1661525056,362403324,300348684,1224572438
10,8,1,8,10407,-703432145,-1970121518,1748870545,1391120919,1168797538,-258513066
1,9,1,8,10407,234082003,832995888,-215272542,-289564721,-214259651,1469063170
2,9,1,8,10407,-554094874,-2072739139,-1791500945,905625303,-920677717,640031799
3,9,1,8,10407,1758339476,335209238,225527779,393872048,-1267459373,854380127
4,9,1,8,10407,-1733188718,-1967752180,-632287633,-1226623666,204629099,1886625341
5,9,1,8,10407,-977338237,-470956979,243178425,1119039636,-1122683813,1802825177
6,9,1,8,10407,-2005004231,-1365014708,620301743,661221797,-2087281862,-485656255
7,9,1,8,10407,396008993,-770748343,537990389,1025639451,1102324668,-62764148
8,9,1,8,10407,65996146,-931138281,1334918160,1452826773,564157827,-257348931
9,9,1,8,10407,-1985802269,1398698994,491968651,68020716,1160181385,1248589310
10,9,1,8,10407,-1894992093,-698732181,-1714338554,-1518316324,2068029271,-493503763
1,10,1,8,10407,-623975749,120377407,-77312008,707102047,32043960,-2066158511
2,10,1,8,10407,-545074645,-1209970661,-1847841043,-1024087830,347010860,-1560752826
3,10,1,8,10407,-1844385472,-645395644,-260273209,-1574329264,-1640003195,649823264
4,10,1,8,10407,-1871348163,-985261671,-1779205729,-44275074,-1840684979,1755513718
5,10,1,8,10407,1928782846,-373770901,-719640462,-547859611,-699631755,1605817207
6,10,1,8,10407,-1760873025,449392476,-281925953,1431687719,155326469,1146825550
7,10,1,8,10407,1810621269,-658336573,1800764366,-377721185,1635487518,-1586611958
8,10,1,8,10407,-555128501,2097068714,644168359,576330291,-2136563992,-276671616
9,10,1,8,10407,-268661386,-1460901306,-883063700,1032489030,1749870473,835062487
10,10,1,8,10407,-28172035,-1114283319,1482303476,-192140890,357455835,1598695182
1,1,2,8,10407,-428059669,-1038910529,-1751083437,1202629320,422333085,-1328171852
2,1,2,8,10407,-1602661089,340562820,2087009558,-342074428,-1636691309,1920271382
3,1,2,8,10407,495388128,1773744735,478747222,755444435,-1120028984,-876865166
4,1,2,8,10407,1173994317,936537495,543932548,1953186757,-1833703506,427019801
5,1,2,8,10407,-138320623,-1053852760,-327472381,842564977,-269108489,1991138903
6,1,2,8,10407,-236097394,-156526068,800553964,-1201437460,-2106456451,2129456552
7,1,2,8,10407,-394973457,226834661,-1668687590,-442219165,-892215056,-1762678808
8,1,2,8,10407,1743336613,1874990308,-1145664034,1708097025,902686292,-2117715091
9,1,2,8,10407,919349411,353182037,34627508,237246771,1963515312,911487178
10,1,2,8,10407,2127232510,-1755925779,1507879270,1845033350,1249514801,-712652406
1,2,2,8,10407,863494984,-145550405,636363627,-242081240,-108968721,730356253
2,2,2,8,10407,1727649588,-942423935,1881131398,1775602447,1586116997,-1821304887
3,2,2,8,10407,421204157,1055630966,-140313418,-332205170,39154850,-702607378
4,2,2,8,10407,-1965164531,-889502892,815331262,-729370340,-596713550,1694405246
5,2,2,8,10407,1431782631,1385513109,-681774274,-2007945520,-1626048278,783124800
6,2,2,8,10407,-797410739,-2051540561,-50982771,1935549395,-223619909,-511622898
7,2,2,8,10407,614617050,1884326645,-1024069104,-218968533,-982824310,-1834518548
8,2,2,8,10407,-802964665,378672655,-769363398,-2103960753,-422846584,-989134452
9,2,2,8,10407,-1661620602,1385999648,72455211,1063983009,-362492820,-776222022
10,2,2,8,10407,283934265,-1801074370,-579804162,-1160134322,-1721717231,1417528181
1,3,2,8,10407,2034333730,1076536768,956766721,1772716420,2136446160,-390549247
2,3,2,8,10407,1725477676,-1558889132,-605185856,352113497,644053692,55699510
3,3,2,8,10407,1528885516,1046196813,2084026330,-1740136679,-1602167421,-109462516
4,3,2,8,10407,1599225824,1637848802,-154667478,803379621,-1083474989,-1828056794
5,3,2,8,10407,166093597,-1964702970,1703896502,-1497650070,143590473,-911792955
6,3,2,8,10407,-819458744,-799412274,-1960295339,1796765774,-1456896572,725300940
7,3,2,8,10407,-347810520,-475091532,1613248124,-2038237577,-1711631548,-1697107006
8,3,2,8,10407,1657789295,1551552479,-1416457848,1873637199,625061457,-1130862547
9,3,2,8,10407,109923119,1976043804,255961226,1414909408,-687675447,1414010921
10,3,2,8,10407,-1311749199,1106549765,-654243473,222527941,1019921002,714038632
1,4,2,8,10407,211324528,950651050,268297611,1199143728,-1830910948,1088801737
2,4,2,8,10407,-1991601794,-250431794,-1064621718,1038449669,-355037775,-1163523928
3,4,2,8,10407,1979849607,-2104774019,-703062374,-553050000,87770517,-852149929
4,4,2,8,10407,2065543548,-1623638868,-1582132819,-1810877619,1419141459,-999235530
5,4,2,8,10407,182715212,-812734436,767739377,-1107401387,-1725910078,663953620
6,4,2,8,10407,-2107465540,-787498436,662001388,979264573,591616495,629505343
7,4,2,8,10407,-1833085792,19248588,923105542,-1426098862,1004003925,1370153871
8,4,2,8,10407,982812283,911633216,-1322306885,1378616610,549975059,-678935176
9,4,2,8,10407,1357059248,1847685125,2121783038,-455009865,-1865799245,1958568184
10,4,2,8,10407,1239787704,-2016073853,-393006336,-1983395077,1254885253,1550320544
1,5,2,8,10407,-1316589476,-1195932339,1373682227,-1404306974,1942195354,-1680552848
2,5,2,8,10407,-1862294203,-1355369892,-1914760994,-222595782,-347523604,587093035
3,5,2,8,10407,-563926953,1025423931,-603166184,-46544925,28529368,1998417724
4,5,2,8,10407,632544620,-174699064,1095560698,1792444099,651674532,953513505
5,5,2,8,10407,1248129816,-466356070,1236286715,-103367691,-109915281,1671927338
6,5,2,8,10407,-1844270870,-397218070,227640432,624140861,1127389692,-1130143027
7,5,2,8,10407,1370532757,972163090,-1102929448,-1965333095,-547688404,108433095
8,5,2,8,10407,108254047,1698584757,-1095637718,-944760930,2018081228,1800687862
9,5,2,8,10407,975661164,-1141737543,1145573839,-2017113299,955478501,1173011632
10,5,2,8,10407,-1081302760,1531503288,-142923571,1442432131,-898408171,-50907263
1,6,2,8,10407,-1186120697,-986896041,-1416406730,1545251540,1713187078,1678255308
2,6,2,8,10407,1737641644,1755239876,-496645051,-1591324714,1647443318,-190725310
3,6,2,8,10407,1105818533,517200976,-1156269718,-519341108,1973130915,799775027
4,6,2,8,10407,1626019577,1620386995,-23356974,-1469701065,-320369274,294170906
5,6,2,8,10407,-266217182,1132791390,138211787,616692415,-782814990,429198892
6,6,2,8,10407,-1023478158,-1248715964,618507451,1771420231,-295595696,401991297
7,6,2,8,10407,-66738035,1926264967,2057067213,-661735062,-961498987,-1313055245
8,6,2,8,10407,-412240064,-579676531,-72994050,1184402253,-474833405,-1905569596
9,6,2,8,10407,-1259032787,-33034590,-1538083870,147258143,1222300892,-479209435
10,6,2,8,10407,1925548430,-949332951,1296386607,733444834,1972367124,1179348766
1,7,2,8,10407,44748264,23154046,-2020085078,-46009284,-1954188361,155504862
2,7,2,8,10407,1024931414,-1310700734,-1404504978,1080787836,-2100043770,480966281
3,7,2,8,10407,861742951,-944305900,-240915219,-156480995,1223989961,1115929245
4,7,2,8,10407,1491536465,-871122769,-153207863,-630818187,2009577987,1420852515
5,7,2,8,10407,1038272368,1125165999,1806685276,-1406915520,-1065786010,-2042116531
6,7,2,8,10407,-2050146605,592734989,1075730632,-875895847,-1184010290,-1284987465
7,7,2,8,10407,1996816546,2047649800,-6283755,1178477375,1401416307,-1174606235
8,7,2,8,10407,2041203919,87554942,-683859302,-680864133,845927582,-1547512734
9,7,2,8,10407,533024114,-1750110569,1477519867,725623391,30241961,-1028228999
10,7,2,8,10407,-883371225,-1654999137,-755821478,1120891426,934253171,-765492493
1,8,2,8,10407,1602816041,-910495575,1008902343,1352666543,1922550027,-1570089843
2,8,2,8,10407,-1118678803,798010539,55390323,-1468081815,-108765421,-1200569236
3,8,2,8,10407,-912671666,-1935192340,1046739675,-891870125,1051750273,2012596975
4,8,2,8,10407,-1471592819,-1773488114,569635901,-369264342,2082273076,-212375710
5,8,2,8,10407,-1004800678,-2028556406,-1527206192,-994176177,65463845,-228489962
6,8,2,8,10407,1153652944,-2123405208,1975253383,120716287,80541946,1142707775
7,8,2,8,10407,-1076025073,-1606283566,-245545308,1940215111,-2109066033,49318941
8,8,2,8,10407,-1707571355,-1809301403,308013080,1221086391,130439316,-1808836050
9,8,2,8,10407,-1632602572,-825999194,-1747422071,1875010072,-1720090226,-150526970
10,8,2,8,10407,-1581480644,1833219441,-1650069232,-1229515552,790569428,1961514854
1,9,2,8,10407,-607170765,526031615,981959508,172431277,-1607336920,619981702
2,9,2,8,10407,-583077227,1290983307,-1224955931,2036828395,2008259093,808435999
3,9,2,8,10407,-377999214,1461588596,14770565,1358782832,1769998357,270631991
4,9,2,8,10407,992222990,862555234,1663073271,-703106149,1700706495,452837239
5,9,2,8,10407,-1939850695,1703546706,270446383,-509766655,-707740723,1269993768
6,9,2,8,10407,-219101586,-1649362707,1804934502,775111990,835839658,1375919689
7,9,2,8,10407,-809358314,699299674,1600731629,337504906,1432461485,-1938611542
8,9,2,8,10407,-558209501,-848631801,42639037,1079045548,1657399479,1315539474
9,9,2,8,10407,-1387330532,-566769727,-135356196,616992880,72562590,405691654
10,9,2,8,10407,1542821306,-2050409418,1114914032,-980139716,1176814094,1107110888
1,10,2,8,10407,1462173736,-1847085964,-1374913864,-1635508878,-300267204,735236083
2,10,2,8,10407,-678724580,-1668776103,940178172,2097620179,-1672713263,-463403403
3,10,2,8,10407,958670620,-1981131473,197248412,-742086556,-178103110,1038397414
4,10,2,8,10407,739463601,-1202328211,-708918329,1129796656,2126323848,-1857832669
5,10,2,8,10407,1924516385,1618255980,-1118536874,1408503277,1622525196,1431694505
6,10,2,8,10407,-290528682,-1198104378,1653345938,-220177256,-600401949,1362585408
7,10,2,8,10407,575204914,-167631055,-1560737956,861994141,663256828,-686702435
8,10,2,8,10407,-584301366,690954206,904701589,635026541,1718940703,-864302442
9,10,2,8,10407,-1778484024,-881848146,-1166655823,-236272138,-880547420,-1876296182
10,10,2,8,10407,214161346,650318807,-1090977291,-176330916,230354175,-545420956
1,1,3,8,10407,1622228833,-76109119,1160293579,2100551170,1921330002,-1402095595
2,1,3,8,10407,819463021,-968932588,924237,-188422560,343591747,-1208698187
3,1,3,8,10407,-196448239,1127514273,1491993216,1403809450,-1986092412,1534489002
4,1,3,8,10407,-1749501831,1008367332,-1898528095,1884178583,-621993337,201812530
5,1,3,8,10407,284704307,-236512066,839551406,-372790153,-1548473722,-111243586
6,1,3,8,10407,996368821,-1984783418,-1304800008,-264981189,1997491751,1375684310
7,1,3,8,10407,1376944469,-1573386862,250879581,-764626352,-2043996844,635731564
8,1,3,8,10407,-409199406,628925850,1145488521,-900843470,2146243756,238475840
9,1,3,8,10407,1220192295,-172678446,501731899,721729206,1568169444,1115566301
10,1,3,8,10407,883460775,-984197999,2099120155,-1118117629,-937949988,-1195415274
1,2,3,8,10407,-1847852646,-1203125296,1286748190,-2092600046,-1958429834,-823833435
2,2,3,8,10407,-1692428793,266915816,-1385048965,-1860628025,589543866,1715083549
3,2,3,8,10407,269017217,-359503579,576759334,-2063835563,2020876194,1263436528
4,2,3,8,10407,-1869142072,172718916,1430624617,-502452090,-1705653182,1553047505
5,2,3,8,10407,1183479347,-1345917072,-2025524295,2097497571,-458062538,-1288666719
6,2,3,8,10407,3171725,-456334448,-1964560509,-986398241,-1439935290,-250365295
7,2,3,8,10407,1765739816,664568113,2095345819,-1211371637,-624082698,-1972913957
8,2,3,8,10407,1298421430,772800020,-1388389660,-735184897,-1984436381,-89371462
9,2,3,8,10407,28250545,1059578677,-1546643936,-1493810991,-837430015,-148206497
10,2,3,8,10407,1124214061,-1749219362,1872872483,1065924905,1618837116,60835123
1,3,3,8,10407,-900576197,127408922,-828662346,1196387370,-790072050,-1394986661
2,3,3,8,10407,-1608100260,1535315635,1025889795,-187076227,137021992,528837786
3,3,3,8,10407,936839742,-1215471389,1298173305,-1752094659,585331029,-1487523275
4,3,3,8,10407,-230456528,-1203723817,-838071554,590030307,-541095447,1633603378
5,3,3,8,10407,-811326142,1961896132,1034013368,-1566443278,692152833,-2100610318
6,3,3,8,10407,-35104184,-386120900,1778639731,969058928,-1492885777,1990974015
7,3,3,8,10407,1951051079,-1352391340,1973280554,1740727704,-388521150,-952113799
8,3,3,8,10407,1922196748,-1203072516,1301580979,1798590518,1891191690,-1272072330
9,3,3,8,10407,824902917,589402586,59334751,1012040665,494769050,-1055387657
10,3,3,8,10407,230637444,1808685504,86732617,1367070719,-840394934,-246103828
1,4,3,8,10407,-1112062847,-281083850,16400975,1167593127,691442115,-2125282636
2,4,3,8,10407,1233017443,-153535807,-1134103510,1230308212,-1836159495,-2130141640
3,4,3,8,10407,1651294435,-641578320,1720527228,736081596,-1928567137,-1216837430
4,4,3,8,10407,-1032785331,-2101649266,-1361973934,-504368546,2032781921,-2143088283
5,4,3,8,10407,-106988418,-2073553402,-975344533,154528527,-531144005,-826420043
6,4,3,8,10407,-1139735225,1637156364,1764500562,1176048407,-558936007,-1501850527
7,4,3,8,10407,1677123857,-16677315,-1014988931,1248765900,-602670763,-1951048922
8,4,3,8,10407,-277082864,528807393,-935859833,-476547836,463311291,442389729
9,4,3,8,10407,-958142892,1146521178,-2140311367,1091875090,2062327151,1429219700
10,4,3,8,10407,-1369766774,2113179854,-1468355742,1587106061,988821897,-1537820073
1,5,3,8,10407,1926375612,1064881154,-435056528,1068420559,-1607921484,-814164508
2,5,3,8,10407,1437131202,-1897858134,4721940,883945649,-1527635470,305705035
3,5,3,8,10407,-1473248279,649172111,-179478288,-1256893097,-1017896347,-315292303
4,5,3,8,10407,234749421,-516835892,2142474916,1172483413,-214267931,1036344703
5,5,3,8,10407,-111206125,-1686803537,2084714623,-2021745947,-264042677,-1535994571
6,5,3,8,10407,-1403737241,-952391630,284723007,1181183373,1260481374,-982418515
7,5,3,8,10407,-444429785,-729689684,-1559291529,-1233415542,1878921698,1229758223
8,5,3,8,10407,-1087006741,1279867498,-483069018,1225118934,56347771,1692998285
9,5,3,8,10407,178269624,-1778056976,1110048884,1207129989,1889914064,-900827259
10,5,3,8,10407,1131630989,-1803973260,2006055982,-1241117160,1955599585,-1553681629
1,6,3,8,10407,625207257,-2042759704,-2004364768,-428781420,753620045,2063941389
2,6,3,8,10407,-388141083,1757516432,788971760,-1618204094,155299595,-294975934
3,6,3,8,10407,1777287731,1251689806,-1955391337,169305736,-463849660,1990258519
4,6,3,8,10407,-791541276,-670387786,-890265113,-551297258,1887580647,487892798
5,6,3,8,10407,-1737519192,1007793558,-1951065161,-1929376661,187204928,-332697938
6,6,3,8,10407,1706721558,-1255284502,521249183,-482504453,546864324,-815189256
7,6,3,8,10407,-1079670851,-271347589,-441941591,1854769215,913619540,-408437504
8,6,3,8,10407,483395375,-1127597943,-2126720380,-912500890,-1739573789,829456992
9,6,3,8,10407,-1254830239,1634860232,1950913193,1501900818,261577070,898735349
10,6,3,8,10407,1699652822,2053083099,1192614256,-2013481920,-1221035815,-2039996555
1,7,3,8,10407,636723301,1292271533,1522524799,220569123,647439420,1651884292
2,7,3,8,10407,-231342913,-519002174,1121786487,-131820665,-1955951271,-1438049536
3,7,3,8,10407,2054514280,-636735971,1353976504,-1501023954,592148236,1268972533
4,7,3,8,10407,-1749041211,-1144534012,587065335,2097264856,-137104720,-1137298523
5,7,3,8,10407,180488364,-1654981318,280233916,497803210,-866501233,-1171786350
6,7,3,8,10407,-2071503904,1216279282,361273779,-1586093392,-1825190637,1847438921
7,7,3,8,10407,-290727529,647945593,-179165288,-887347950,18195728,-1582485614
8,7,3,8,10407,1175609460,1544271887,1854338751,-2061942907,-1016308397,-1637044694
9,7,3,8,10407,-1056183564,418019281,-1173970121,1854479180,2127161153,504973412
10,7,3,8,10407,-457138743,617156581,-1869468679,-1340771256,-408738576,730938515
1,8,3,8,10407,174386466,-1141281555,-661127202,153331349,751364808,-2126546416
2,8,3,8,10407,-1681602548,2043950721,1504874602,986962897,-1078322692,-966327555
3,8,3,8,10407,311954039,-723660922,-355017444,-1212439062,-383064417,151710665
4,8,3,8,10407,-1672401587,-2049475033,-1954758681,-1569491018,-1769221583,-1631067017
5,8,3,8,10407,-1618867892,1707674402,867404324,-974091981,345755065,257824711
6,8,3,8,10407,-832361235,1475016050,2098488343,955565980,-1088579869,-747779709
7,8,3,8,10407,-1228988279,1071849418,-1358906427,-94683528,-499274721,-1517752034
8,8,3,8,10407,2038061644,1460260069,613316353,1097031092,-1235876358,1019882054
9,8,3,8,10407,-1525807033,-1591726709,1315372466,547086995,-1128439431,-1188909366
10,8,3,8,10407,-1761605345,-866203887,2027499226,-594080450,-229879849,1098668836
1,9,3,8,10407,541272548,-2027292183,1514999739,700141765,1048472931,-1859855299
2,9,3,8,10407,-1572943217,2038504181,-2076842667,781862083,1655360447,-1868438698
3,9,3,8,10407,1608901915,-2025038120,-1258375186,-1526359407,-1841293407,320776148
4,9,3,8,10407,-267626399,1511702344,1594247764,-825098773,-116130502,361585565
5,9,3,8,10407,1278150583,-1614198922,-1370407066,738611123,1891057958,1645582100
6,9,3,8,10407,2102774350,-97105647,-1409031923,-300763413,1673414419,-1318076480
7,9,3,8,10407,564498567,-55238587,-1577701251,1135458784,111835747,-308376466
8,9,3,8,10407,-1458120879,-39168609,-212715724,683513305,-1724856504,1837406626
9,9,3,8,10407,1768537340,185598763,1614800076,-58386979,-1947320565,1652500899
10,9,3,8,10407,1889134960,-661288143,-277736858,2030444032,-1854075307,-247842954
1,10,3,8,10407,-514488754,1058669638,890487949,-464889177,-1281756203,-1116870474
2,10,3,8,10407,-1821945496,964406079,-372639305,861720067,-784697182,1562380706
3,10,3,8,10407,1693184140,-979598533,1760902977,-1539830195,309217436,961376224
4,10,3,8,10407,-137882659,-1042045703,-520956572,705157998,1372237781,-2056319067
5,10,3,8,10407,472512560,1197570236,169327309,242487829,-1402405035,180972577
6,10,3,8,10407,-2069254913,-1315107271,310326234,-563377757,-1731034836,-2098830617
7,10,3,8,10407,223768348,-528056985,-893676926,-1878560762,-144062834,1714265205
8,10,3,8,10407,639745422,1906550422,-896594707,-1200289606,147907685,-705749023
9,10,3,8,10407,-1767370674,-1731158082,953269895,-884948675,-207594133,-1495029044
10,10,3,8,10407,-1453661378,1238215555,-988085524,-1970382860,35405552,1373474727
1,1,4,8,10407,748618861,-1514706530,1997484146,-1990257828,248955869,720855899
2,1,4,8,10407,-954830815,-1181172336,-533223716,-618633853,-1229332486,2050449363
3,1,4,8,10407,-2096188992,-1898137630,2026869768,468354946,1097779230,362489813
4,1,4,8,10407,1195350339,-744716101,-1576794629,-1439678200,1182214339,1812504214
5,1,4,8,10407,-1824076390,-1030210087,790666503,580818502,-254981146,873201177
6,1,4,8,10407,1578290467,-2072303243,230351466,-1452155215,-511831101,-944034531
7,1,4,8,10407,-324733183,-301342690,-1792075002,-1521202187,785319554,-1710293101
8,1,4,8,10407,-703402809,1590732106,125918146,-431619324,-1547771086,-243605656
9,1,4,8,10407,-1362338852,-1050156916,-1973508762,851678143,-98222684,1215628584
10,1,4,8,10407,-1245980370,473000786,1064358603,-1162162177,-2081443552,-1978731613
1,2,4,8,10407,-1784539582,120248076,386230753,2024354550,1845191726,-1344608173
2,2,4,8,10407,-130004599,660172175,1699530797,-1516069815,-673316070,583205250
3,2,4,8,10407,1181936044,-1241010881,175773902,1374062601,1340339852,467807608
4,2,4,8,10407,-675798098,205128704,-59463108,-463329407,-1543490430,-451236541
5,2,4,8,10407,-2099881273,1335590324,1176506589,-713202141,1742759824,1516097920
6,2,4,8,10407,-337567375,455717909,-453853220,-62705995,-397057405,-1122925354
7,2,4,8,10407,-1691850096,526762855,-320420658,-246649209,397297968,-1752336036
8,2,4,8,10407,63910070,-849558241,215265229,1800974922,1965482328,-402553869
9,2,4,8,10407,-2088460634,-1214526503,-752044879,-2017034406,849023034,569757387
10,2,4,8,10407,167342333,-648350447,743564584,642024527,2046156729,-2059574898
1,3,4,8,10407,-787822958,1413395794,-1990627138,-943719447,-1518075449,-4309472
2,3,4,8,10407,-670155519,-1302512577,533692470,-1606700227,-2138145631,1493193385
3,3,4,8,10407,-2031149481,-9894112,-2079250568,-1202498100,107200941,-1832207359
4,3,4,8,10407,-56198783,-132977249,-1790702777,520245370,-8855629,2006150897
5,3,4,8,10407,-1113315393,223478997,825177036,-1564888017,1791000867,859767902
6,3,4,8,10407,283732295,-2038760379,1977394695,1829782993,1825349616,1995833762
7,3,4,8,10407,726968855,1037893096,-18321449,157015422,1603686445,-597320263
8,3,4,8,10407,-785480030,-75553943,-970628324,-1278074578,-1144278395,1222697718
9,3,4,8,10407,477508382,1523559008,-1281623661,1077342163,-1980463909,-1675597995
10,3,4,8,10407,1610341282,-1859940482,-946421363,782963271,-539849243,-1623776048
1,4,4,8,10407,-1719150830,-1708332424,1435671981,353547685,-514244949,707697002
2,4,4,8,10407,1598579094,-408526424,-2031321849,2080664347,789844251,1342039386
3,4,4,8,10407,-974991915,-464041014,-1697557752,-1632900380,-116497102,1152113027
4,4,4,8,10407,325009734,-1440526139,-577709413,-1167499159,-1910649631,-965013755
5,4,4,8,10407,-1091956592,-1308139618,685156715,-1888047042,-487703761,662882274
6,4,4,8,10407,-1524318880,1179242151,1363157732,-944072588,-792454313,-948020653
7,4,4,8,10407,1648240659,-217807291,-1647150431,131311502,-4576971,-1841194253
8,4,4,8,10407,424950642,-800942759,-254981575,-1249045907,-2035742277,-746563479
9,4,4,8,10407,1341510715,-1072295610,1310514722,956474798,-94256996,822371260
10,4,4,8,10407,1876791914,563098029,1293854946,-37847135,1831141209,1035912139
1,5,4,8,10407,1162745478,-481951421,1566871513,743704457,-2040262909,2101453136
2,5,4,8,10407,-1016282041,1733991978,-1468555165,1526762955,248775977,-1490980875
3,5,4,8,10407,754829011,1134485103,1642750556,1221734481,1227925969,-124380632
4,5,4,8,10407,2121584780,1796263310,1485893543,-1880202264,158337541,-1639207066
5,5,4,8,10407,-538550858,-448629259,-1919738244,1776091200,-2100599839,2115944915
6,5,4,8,10407,1661617545,1201286527,705543603,-743847400,132286288,-2012635869
7,5,4,8,10407,-1900563167,1741750736,1530997254,-1465345090,1086901869,-622219137
8,5,4,8,10407,-2004926900,391096235,-582634500,1195394689,875433764,1265383673
9,5,4,8,10407,906769175,-55997663,208033628,644683737,-534106386,-214142259
10,5,4,8,10407,1034692394,944722602,446205288,2081773572,641782731,1349670931
1,6,4,8,10407,-289641418,1283375645,177997730,775598467,1427225093,87740102
2,6,4,8,10407,-590194208,1064731521,-2048744444,2096720918,1398623943,-1004163435
3,6,4,8,10407,1224060361,-1622913913,221711113,1115233772,-280358861,1604461259
4,6,4,8,10407,-573299165,-1949600549,668890365,-993191983,1348477364,931607719
5,6,4,8,10407,-1916789468,-189052544,808062717,-2061517584,1717145473,235420281
6,6,4,8,10407,157633468,646857954,1775256289,-912097591,-1015363334,548319962
7,6,4,8,10407,522658983,-66269150,-1112006404,242488295,-1221710733,-1475370475
8,6,4,8,10407,-1694955200,-493229637,403516521,1638489070,982685618,-847012799
9,6,4,8,10407,1831630541,-889813468,1115672621,-797765779,-883532166,288226472
10,6,4,8,10407,-1032160631,-1554689032,-398467581,-1286534025,-248754484,783247394
1,7,4,8,10407,-1146938264,-1032698186,928600523,-62898764,-1185730055,1518651523
2,7,4,8,10407,-672183296,-798746106,1219541681,-2117226476,1822251859,-393481025
3,7,4,8,10407,-1468079697,308050738,-263962549,952154476,742821162,2117792792
4,7,4,8,10407,399424161,-2095653589,1456224958,-611053233,-868913300,1444789705
5,7,4,8,10407,-1689842412,702564967,1202065165,-1472078795,-2102371805,1717359024
6,7,4,8,10407,-2026525915,-827162744,863941943,1251174157,1677469832,1436019116
7,7,4,8,10407,-1352083634,146555014,-193338265,1464306043,1396853045,-1897652668
8,7,4,8,10407,-425905965,2114100070,-853354596,754294495,2130508432,364831991
9,7,4,8,10407,-399951885,-2007857793,-1429584287,1183591489,-567991280,944855390
10,7,4,8,10407,-131170648,1184749527,-1434408430,-122052932,59220180,-666107295
1,8,4,8,10407,1791891852,831085529,-2060490423,-1440855513,-378907628,-1095383996
2,8,4,8,10407,181683417,2040999495,995967069,1318780237,1646104989,623194604
3,8,4,8,10407,1368885112,-1823241393,165220981,1410812166,1438372999,-412424341
4,8,4,8,10407,798519307,-1276665607,-1457520446,-32316802,105877270,-567445484
5,8,4,8,10407,1382725387,-1360450634,-1559660984,1409593569,-1811882156,1912096664
6,8,4,8,10407,-2097509896,472138807,-1679633127,298060665,-1474369016,661064945
7,8,4,8,10407,2025756672,1002971522,378263972,1966106965,-1020223437,-480590980
8,8,4,8,10407,2040206211,703098333,-1939749751,-1046621877,2060698496,-1710080770
9,8,4,8,10407,-1490878620,591017276,-583143082,1662201865,-294978096,1042330865
10,8,4,8,10407,320253566,-614441970,1528742963,13723990,843536677,2005440481
1,9,4,8,10407,746092128,-977987962,-1237807329,-747901055,-2027490688,-1942394500
2,9,4,8,10407,678565527,1849998933,2056059394,777295337,-1188480818,517273392
3,9,4,8,10407,1519941759,-229294691,-1786430537,-91104291,2045912825,829900680
4,9,4,8,10407,1074455763,1735852227,102157324,1796643451,781162041,122922229
5,9,4,8,10407,-1330784968,-1335564884,-1216508159,-1162679667,1293082417,781792785
6,9,4,8,10407,-1558920760,1606418683,1792690149,-590250242,-1479263442,-1192835722
7,9,4,8,10407,122718980,-1501982431,1427445440,-1419406875,-1577125513,1225556200
8,9,4,8,10407,1674602119,-1860867364,1710568389,1553350136,-1296846511,-1264045064
9,9,4,8,10407,-1346603792,1447107824,-233755715,-1919707135,-1118857532,646253825
10,9,4,8,10407,-2124223204,653712150,1709983927,493436245,1723645062,-1332150023
1,10,4,8,10407,797136375,543942512,584687690,622886535,-405995974,1439138033
2,10,4,8,10407,-2045657204,1660679169,-550444468,987097943,-66770525,581626342
3,10,4,8,10407,-1573419441,287636895,755725039,-758562993,-1438848483,348111739
4,10,4,8,10407,1874049899,507183409,784375120,-1262234576,787477509,1658158429
5,10,4,8,10407,-320222248,-407195851,809965739,1265957462,2127785058,1063362899
6,10,4,8,10407,-687512077,-170428190,1844545626,-1826136815,749272700,-964531119
7,10,4,8,10407,294083218,-295186744,746224644,64012364,-65453474,-1425408188
8,10,4,8,10407,103363586,665366815,1553893882,735686804,-1640095216,718292064
9,10,4,8,10407,-2002348384,-599089188,1628554069,-996733608,-1347285036,1520122779
10,10,4,8,10407,1332014097,1397472152,62241978,-1020435870,1675421572,-2069706725
1,1,5,8,10407,-919272372,1122350804,308462588,-1860963293,-1876316997,1388668159
2,1,5,8,10407,-1419707554,526433136,1494884855,-1037045228,-1393283535,1853369146
3,1,5,8,10407,-1741217146,-1742741837,-847229157,1589366047,955219988,55962189
4,1,5,8,10407,-291016644,1558558308,358240277,1878044532,802129674,977770516
5,1,5,8,10407,841979213,-223823120,-302980158,200883559,-790316234,1120302336
6,1,5,8,10407,2041041402,1218006331,-156707448,1006403829,-1308556833,2118555521
7,1,5,8,10407,-861088234,1745502066,877127810,2111056631,343220687,1276632563
8,1,5,8,10407,-928143293,-1103890121,-443666141,31490183,1538291859,-1701458190
9,1,5,8,10407,-1106829687,-2056952508,-1422974916,-1809337635,-1671599235,1644986598
10,1,5,8,10407,1336797090,-1072958154,1987927917,-1259111440,-1099515201,-1943062654
1,2,5,8,10407,1600325071,122032879,-592870044,2069018045,750561544,-1266893602
2,2,5,8,10407,-1769920637,780077419,-348560261,1630142347,-613894150,1554846751
3,2,5,8,10407,449481851,295141918,-2073899657,614407617,-296757233,1611982637
4,2,5,8,10407,-596741394,189850778,1941529762,-1575145079,-1934584931,1739537313
5,2,5,8,10407,797027401,1031228342,-1373297187,1453708745,-125835075,-1560675148
6,2,5,8,10407,1138826031,1320086294,-899326546,571521839,1588588002,636188564
7,2,5,8,10407,-66226280,2062643162,1436373031,399660481,1474375702,-461557243
8,2,5,8,10407,1246738545,-723142345,-744018005,-518032181,1632505732,500214409
9,2,5,8,10407,1558619570,-1144514437,-1459584866,-1348165939,293014691,-881884621
10,2,5,8,10407,-1844703415,811405422,-766334237,-1210834113,-1446844470,15587975
1,3,5,8,10407,568301065,-1503433850,-262435832,-908186775,-1271357577,-1907949376
2,3,5,8,10407,-2095777613,971295597,-1918412686,-314413031,-815718552,-758452130
3,3,5,8,10407,-521634636,-275246545,1513814142,993825174,2039451141,-640884861
4,3,5,8,10407,1203957730,1503404379,-1669238658,448129556,-1364571996,-1654791764
5,3,5,8,10407,-950199727,-1368149644,318364872,-1292145550,1548106060,2018361641
6,3,5,8,10407,-1284466236,-2102513168,1252633563,1896089391,-771242389,-206756366
7,3,5,8,10407,-1507008032,1960060165,-1888108369,-1545528554,-1615411008,-1236598425
8,3,5,8,10407,486463870,-1915865627,-2060384679,-1890205951,833371208,-1105100303
9,3,5,8,10407,533197976,-1978501317,-933562700,771276388,-12935500,2060418961
10,3,5,8,10407,-1503800144,692919376,-1895341749,852704353,-1427017520,-1527603750
1,4,5,8,10407,75680589,-1638187679,1311177788,1513263481,-24680759,-407157827
2,4,5,8,10407,-501785321,894058294,-500069164,1486982122,1336672304,1592116231
3,4,5,8,10407,296675692,-369524677,-1307629215,-992231360,1409717832,16944410
4,4,5,8,10407,-1496599342,254420534,-1660662232,-2100277389,-1829329228,284534576
5,4,5,8,10407,-1200360178,1870492136,-1489742362,-70655030,2119093922,-1352160503
6,4,5,8,10407,1107286823,1682059860,2142068021,1430531995,1070401480,-840816883
7,4,5,8,10407,1034829845,1518020091,1107524789,866109003,-162220843,1835777013
8,4,5,8,10407,-2038506651,-647325418,1954950258,438244841,1625706227,25953851
9,4,5,8,10407,274530190,-2134609824,-1373957460,-352398020,608087482,1023285007
10,4,5,8,10407,-156111039,-184286682,1893035980,-1932700789,-1903741392,-896236800
1,5,5,8,10407,1975685622,-156543798,-1352292019,521204360,-830121189,-2102865832
2,5,5,8,10407,-558166544,484539526,-461670581,2093500785,1635500627,-1365264696
3,5,5,8,10407,513724270,1565520276,-1069082932,1784588554,1467520162,1873224700
4,5,5,8,10407,-1007072243,595632989,370059354,1658835575,800947308,-2096890518
5,5,5,8,10407,-1756397356,-1215303422,-856327881,1242500010,1587291696,-267551854
6,5,5,8,10407,624323966,-1312366565,162009202,1250755768,-687497614,-2050394469
7,5,5,8,10407,39850713,2120973245,1695404375,280404577,-1844079556,-1301781584
8,5,5,8,10407,-1254952747,-69933349,834855858,-30119295,-1902406203,1507874410
9,5,5,8,10407,-397521946,-1622940293,-757700229,799227142,1169157870,-1488283259
10,5,5,8,10407,-1385555464,-848298414,1260447207,-919066389,1668545869,-1131731229
1,6,5,8,10407,-1149155636,31961604,-753317411,1314498956,1515266963,-744897667
2,6,5,8,10407,-425407048,1772528080,-1046143523,1967275666,-1600036151,269481114
3,6,5,8,10407,-1479869489,-754306108,1210091396,-2058180440,-1974506544,253574704
4,6,5,8,10407,-1560988522,1045838264,912620273,-1531146099,-1585201852,-553828159
5,6,5,8,10407,-71857198,342508703,609090767,-766300710,-1712472376,492432526
6,6,5,8,10407,1775427606,2088531428,1108209196,-748689865,1868546464,1393236242
7,6,5,8,10407,1885418886,-1297581208,-2139191780,-69357674,-1934473348,-626564593
8,6,5,8,10407,-247097851,-1395938391,26272929,697381544,-738092053,79333624
9,6,5,8,10407,2006415383,392667173,-1026092282,903444985,1152208457,744901045
10,6,5,8,10407,-122580495,-1180446592,1270494493,-875317168,-1017225264,1629899486
1,7,5,8,10407,349423166,-1081826375,-1774115702,-215898758,387095747,482443341
2,7,5,8,10407,-1330341192,-1224379635,2072835631,1919530097,1736471861,703234755
3,7,5,8,10407,-85501746,-1485240379,1173150741,1997827286,-1592212098,808082965
4,7,5,8,10407,1771426518,1407442343,-10168380,-904942253,-540776750,105883490
5,7,5,8,10407,-1819923406,1315068195,578492472,-870963934,-1721303463,31390508
6,7,5,8,10407,-74430668,-281338110,140805062,-809023754,1677875859,-879125551
7,7,5,8,10407,-1945733578,588364514,-666864247,424303547,-147040362,1544970564
8,7,5,8,10407,-882618044,1844881479,-835120065,-1559247215,-1364710904,2127847638
9,7,5,8,10407,570283087,1740966009,-2045025367,-214591303,769773199,-1895756057
10,7,5,8,10407,1891980570,1052627045,1701576396,-463035345,-1600717734,856694867
1,8,5,8,10407,1688227723,-1841558,208351304,-1604537123,-1402649568,32026846
2,8,5,8,10407,-317678916,-363431285,223301173,-1896466745,127096859,-1663109976
3,8,5,8,10407,-1376694828,554954964,554295831,-1694956445,1814271691,-1093417573
4,8,5,8,10407,859090266,-2132702398,-485817263,-271830422,-1164628410,-880467615
5,8,5,8,10407,2003141308,1371696168,-1451623117,-1276148252,-1407526548,-965028136
6,8,5,8,10407,-523605975,-1871751938,-1015073601,829600447,-27426562,-161353768
7,8,5,8,10407,-1116832200,1420838851,-1409846331,-731592017,681105305,-1183374463
8,8,5,8,10407,-1501475203,566349820,-609323547,260670535,1757845928,-2018445864
9,8,5,8,10407,553329975,1900462453,77750471,1704402617,-577968881,1937571046
10,8,5,8,10407,770633320,1748745819,-1960890209,-2079953113,479561107,-1742168892
1,9,5,8,10407,-377427596,1263575573,1829574766,1945129558,-1505595358,-304473932
2,9,5,8,10407,2119474016,695101439,-1965684339,-1764241200,643516150,1020804170
3,9,5,8,10407,-1305045278,1481304467,-2143149308,2123709360,1016284642,129249313
4,9,5,8,10407,537412398,635370883,-1578510997,-2132071933,-1238618247,-2009900652
5,9,5,8,10407,-1433708104,785692719,290317761,-1335525353,636284309,158335205
6,9,5,8,10407,-1725644561,-791242722,2117036046,-509630350,-307848684,-1049206802
7,9,5,8,10407,1964466641,791276344,-1798353004,-809974000,-1163674234,1518267084
8,9,5,8,10407,451483933,1399148486,-1625557109,1192821925,404076876,681862714
9,9,5,8,10407,777429129,-208521634,1037880706,-1657389822,-1639698375,-1262675280
10,9,5,8,10407,404921657,590583549,42538186,1781699977,1446245416,978573450
1,10,5,8,10407,-463526291,410215567,1196501751,1890964726,-565203146,1628557543
2,10,5,8,10407,-320164183,880148061,-1432805673,1697463593,1439304549,-531146624
3,10,5,8,10407,1530512592,1141779008,-1393443304,-209776872,-564976022,-770522194
4,10,5,8,10407,2015357719,-705043088,-370607386,-1451639575,393193536,1052056101
5,10,5,8,10407,540856117,2019556848,1404003661,-730706340,963998819,-1229613315
6,10,5,8,10407,159639238,108511427,-994745555,1313128693,1056986748,-1895966362
7,10,5,8,10407,1215257198,267270192,1044486033,202716698,1046967504,638382685
8,10,5,8,10407,-1154942558,-1818538557,1476246576,-1658947872,2039772941,257255640
9,10,5,8,10407,891643192,-125740259,1749749286,1541685360,1075852901,-718130553
10,10,5,8,10407,-487142220,-168459742,2076333973,-2088351120,97655751,-2146920778
1,1,0,9,10407,179035256,820792129,-1570121649,-1926761098,631940817,-1448339744
2,1,0,9,10407,794578697,-1952082848,123742559,-799303299,-994852900,1068640973
3,1,0,9,10407,1472170920,280246833,1796159915,-435631432,2120646067,136661717
4,1,0,9,10407,-313917330,-335372065,771550051,-769562693,-1999773054,1632922040
5,1,0,9,10407,630950480,1614579126,-162776105,-1680225135,-2009901267,1289532323
6,1,0,9,10407,1405396038,599939276,1330778237,-84863786,181135576,878923357
7,1,0,9,10407,-668327800,989323334,1297918035,-1958586274,-1360757084,771183834
8,1,0,9,10407,1433557475,1794047876,660285652,303872637,-1842753925,-1762592303
9,1,0,9,10407,-437162716,-694315886,1445205589,1245008691,1786868793,2128714271
10,1,0,9,10407,-1777554369,665038705,-1345399174,-1787706676,1845056498,-9482895
1,2,0,9,10407,1327717882,-774271498,1961572787,-1474511891,711282548,-630099590
2,2,0,9,10407,2118676178,226885890,-951959298,750741208,-1807831859,1045442779
3,2,0,9,10407,274912093,311984116,-1161068741,1249094357,1001286245,640890976
4,2,0,9,10407,-555573173,-979208893,-535971929,-1781338600,-851695337,-60584944
5,2,0,9,10407,69962865,348127092,-487353533,1782063040,-1564905097,-1802721325
6,2,0,9,10407,2120470225,-755284905,405389590,1837394121,-132913404,-1297018389
7,2,0,9,10407,-283192721,530728389,1699348704,-1456133381,-642570977,-389924850
8,2,0,9,10407,652571228,-1020438227,-2036597537,1499048310,1481607168,670952364
9,2,0,9,10407,1777867863,-836058602,-894275621,1721786312,834960041,1229283839
10,2,0,9,10407,-786528154,-1957425432,-1132638519,-1206437800,-581745505,-850826150
1,3,0,9,10407,374310972,973300484,117638468,-1688787977,269099869,-353191167
2,3,0,9,10407,-1653340709,784071747,229514115,1509111728,602578048,-1998983308
3,3,0,9,10407,518525788,-197548851,-1191400738,1071226836,-344838558,720720009
4,3,0,9,10407,-840762522,630317066,1952443780,1280643620,1807580122,649243331
5,3,0,9,10407,1727437915,-861316180,-2021103492,1946250476,385969166,409854413
6,3,0,9,10407,20085730,1687147535,-2236002,-1115825471,1355805485,-679811372
7,3,0,9,10407,-507430186,572357636,-1507822914,-185157077,-1725107587,297452602
8,3,0,9,10407,38058681,2097351329,-1666703787,-485054634,-1372004432,-1151403994
9,3,0,9,10407,1828024829,-327812012,-848431286,-1895766189,-2041341593,916424610
10,3,0,9,10407,-438539563,650196484,-1751860176,-1426270916,986469124,774086430
1,4,0,9,10407,-1495503181,1178344925,-1457536896,-855923369,-2128829850,1376570114
2,4,0,9,10407,992649265,-1229835309,1113215026,-1343925936,-644164417,1502932060
3,4,0,9,10407,85050646,598940115,1712664524,822549845,-1264896005,-1685404434
4,4,0,9,10407,280209406,1176658376,2062395884,154090751,646230416,401852275
5,4,0,9,10407,608636835,-169582848,1397585018,240327157,43385274,152186062
6,4,0,9,10407,-1085645494,-825007521,-234465616,1580963311,1820273197,-1724981054
7,4,0,9,10407,1102189861,1764908733,105484386,1131443283,1465233996,907805238
8,4,0,9,10407,1211431204,1071271483,472161750,1119872304,418498570,-1096957502
9,4,0,9,10407,1075023007,456779554,-303230772,-1041777928,-1064675896,-1933635454
10,4,0,9,10407,-751132575,88185363,461008767,-1140234755,56089995,-2145657441
1,5,0,9,10407,1890132826,679951757,-1440349828,275809358,823528337,490297520
2,5,0,9,10407,33343502,-1310378009,1560117016,1191851360,-1288405540,-1002879661
3,5,0,9,10407,-591362327,-570090555,-259008583,-2022652074,251978206,-1385268391
4,5,0,9,10407,572998061,-1634650260,-2109568218,-919317296,-715450185,-1345054044
5,5,0,9,10407,212374442,473370596,-775234449,1369218112,-753149251,-359704207
6,5,0,9,10407,861673888,1525655096,869743405,-772355494,1457954658,2067487288
7,5,0,9,10407,1915844335,-518394262,569396165,1013980482,1654587866,1009568760
8,5,0,9,10407,673273867,1228351162,234718691,-1682629282,959548921,-1437334908
9,5,0,9,10407,-1761584657,609999344,-914418958,-379665302,1399185502,483368667
10,5,0,9,10407,1888884535,-1993588437,-1526870504,-277401685,-994190336,2098485210
1,6,0,9,10407,-735383182,206191085,40655464,1556794397,765902802,1948988648
2,6,0,9,10407,1017789391,-941514014,1533515524,-1190963480,-1657539629,-1443916272
3,6,0,9,10407,840259841,916402713,1642284690,-80165621,-1406248229,-269773193
4,6,0,9,10407,-1403722207,1560899402,-1920505306,-1142403973,-1832879255,-929563821
5,6,0,9,10407,-1579680292,-1583492975,1712458770,-2041814960,1155757158,1117659505
6,6,0,9,10407,-1430652910,2128944601,-59348281,1508186721,2043425693,1288571335
7,6,0,9,10407,-1618471561,713774665,976420042,877718142,-1418101801,1952475434
8,6,0,9,10407,-760662571,1094662196,-134035500,2028588166,-746652453,797524563
9,6,0,9,10407,-2072529196,-2104172336,1540637791,-1808046400,-425014708,-1479929415
10,6,0,9,10407,-1739848176,531301035,1461327851,1835379239,1373383621,-1898448178
1,7,0,9,10407,79594956,-595736154,-4462438,1481478532,382059569,-806039536
2,7,0,9,10407,-1847675898,-2126043969,-543097199,-1644953176,-1929666357,-163943393
3,7,0,9,10407,-1589237796,596981413,1052513612,48253240,-1230682444,148925791
4,7,0,9,10407,-723986983,-383846567,-1326818150,731214603,-464718597,611634523
5,7,0,9,10407,-853360327,314539815,-2066343152,561935074,550842631,2057966158
6,7,0,9,10407,1823834102,-1996843610,-646151610,1948191205,-323609015,-749696903
7,7,0,9,10407,1433896031,-1772075945,814472601,-1203721136,1520965301,263931710
8,7,0,9,10407,1600922456,-1860993552,1643170983,-651548218,1704851239,-102520727
9,7,0,9,10407,-1459234218,1084147046,2042503180,437302021,2060411456,436025456
10,7,0,9,10407,1552477289,-455228187,813471373,-1118375996,1463329343,-1749605206
1,8,0,9,10407,-1578618353,-920432380,-1201601370,2132846382,-1007875296,-1521691274
2,8,0,9,10407,2127548596,-895223174,-471099880,-1244976020,-1596793474,468449078
3,8,0,9,10407,1506135705,-895237596,785527463,-1915648517,-1189890133,323098454
4,8,0,9,10407,1603014768,1281665986,-807864149,202089586,-1471641955,-873273287
5,8,0,9,10407,-1240782691,1694576313,-536291821,1849918214,1081385087,-117197984
6,8,0,9,10407,-328742138,32605756,1602491893,-101851031,2012618780,985259809
7,8,0,9,10407,2011393253,425026536,-350454354,-1992376383,189836791,1602149854
8,8,0,9,10407,-1727764985,-1319367669,-1893183284,557449029,-1708212571,-1504843149
9,8,0,9,10407,915605382,1847094834,2007126416,-690833386,-1951923952,854509676
10,8,0,9,10407,-600886399,1073633914,565678378,28218661,178322352,-337396744
1,9,0,9,10407,-501628490,658889542,-2048736745,-2026002448,-370242112,1170110790
2,9,0,9,10407,1762526556,292934544,-630514356,-481290419,-1150047542,-1703020424
3,9,0,9,10407,343164496,-1320679684,-438846436,2012394167,50717242,926436127
4,9,0,9,10407,1416638554,-1544522847,1660890098,1250888892,353691976,2056335616
5,9,0,9,10407,-1351451676,92712324,1312074349,-2050684408,-1812125373,1735035376
6,9,0,9,10407,-273050033,1575415585,-29277230,2145996934,-670303811,1401214505
7,9,0,9,10407,43388949,-1706223595,-1737045365,741343095,-1145763893,1663434987
8,9,0,9,10407,1334481658,1242427039,1097701780,-384575833,-1001615770,-144989584
9,9,0,9,10407,362489558,-2037778693,263788752,-121131364,-1957375252,891668343
10,9,0,9,10407,882136930,1991246654,-1157247376,-1106968253,-2105094383,488712137
1,10,0,9,10407,-1976129694,1484033971,-951614456,-51210436,1922528987,-240946650
2,10,0,9,10407,1582257081,1432773948,1810907851,-1028943379,-1918424508,-267366684
3,10,0,9,10407,-1262294933,1314158511,-1143932341,-1762543810,-1521888907,554848318
4,10,0,9,10407,-893171433,1166160524,-724471861,1975108781,-1760618791,-1072714507
5,10,0,9,10407,-1349674666,-734096171,-1419094341,1445507063,-160429244,899946667
6,10,0,9,10407,776377206,401545597,411476367,-523573347,1896935458,1930984116
7,10,0,9,10407,-550985070,-1262453629,543619771,-1998246415,1288456352,473693073
8,10,0,9,10407,2051803800,-802898248,-15062868,-1974067656,645479170,258187674
9,10,0,9,10407,-1413602729,827807677,69320509,-1236901338,19010076,2120030720
10,10,0,9,10407,1685145316,-955380523,1710663210,-527430508,-1222101203,608052222
1,1,1,9,10407,78384489,-1777162835,-1141865655,-1610847645,-1510903020,1085238587
2,1,1,9,10407,1171724573,416885539,665344691,-372415086,-1835926577,-1263360086
3,1,1,9,10407,993202102,-814466639,871195515,-715772734,-1328138299,2069339968
4,1,1,9,10407,119466592,894903411,768514625,1828525831,-2115631999,1826733207
5,1,1,9,10407,2008898586,776785878,1338003164,-711589391,-1573841671,1475086345
6,1,1,9,10407,1371212822,-110251900,-1386454134,431304152,-992270392,-175925347
7,1,1,9,10407,870750208,1205831561,-1421643919,-606682512,649797862,-1941860292
8,1,1,9,10407,1312371241,846693001,1207350365,2074876234,1063196882,690714597
9,1,1,9,10407,364681986,1506515438,1962444957,-942971698,-792899631,-655892841
10,1,1,9,10407,-332084159,2040079913,1829988078,1158541400,-245962153,-2116226091
1,2,1,9,10407,-2119201411,-597498298,-1254891813,729307748,337356824,696320983
2,2,1,9,10407,1950952818,-1732891699,1319284601,-445857212,841870333,1654689832
3,2,1,9,10407,380891581,1033591645,-76228841,-1576598082,-163334937,-440180909
4,2,1,9,10407,887835328,-1358850887,436724466,-1225444637,2166017,-1884095944
5,2,1,9,10407,1537247001,-372908582,2069701237,-1078351071,1206163844,827889919
6,2,1,9,10407,-529253623,582534459,-383644104,248263637,1593326622,1017422131
7,2,1,9,10407,-1768285779,-645605417,-2085640560,-314610304,-522745161,1318090034
8,2,1,9,10407,-1869385560,-1790189782,1056100227,2094180876,1556698769,-1526388953
9,2,1,9,10407,656910380,1326448324,-1164987446,-1546383363,1594650674,-1022876696
10,2,1,9,10407,-1720726225,-950649966,-2024521681,44295566,-1662570442,824135163
1,3,1,9,10407,636751137,2135257766,-1445042570,-2102581175,-1354926827,1053307937
2,3,1,9,10407,-537456842,-1693818976,1129060272,1313461092,1077993853,-992857909
3,3,1,9,10407,187930793,-88569798,-409794655,-250950649,1353232654,-178397248
4,3,1,9,10407,1897259685,559010364,-1984175134,203840671,-221256158,194340730
5,3,1,9,10407,-1893683399,961955747,-563292996,1547120905,1836979634,-529978791
6,3,1,9,10407,-1720375855,-2100237351,-1325079126,-1158041150,-1372010754,-1962044947
7,3,1,9,10407,383249109,-241034733,356814890,-1500055022,1333528988,480500310
8,3,1,9,10407,-1497879406,447581703,-1808944416,-707516967,550018698,-251105789
9,3,1,9,10407,-1205502948,-1320208918,1036665059,713598654,-1636635979,-720443579
10,3,1,9,10407,1558836469,1290173703,1504966805,-1225513657,-1083084556,1089505870
1,4,1,9,10407,827562633,-1269306201,259021976,942885783,-1266123494,484445497
2,4,1,9,10407,-799337907,-208686522,-738679605,2070751044,1673819404,-530877915
3,4,1,9,10407,1798793830,-1772206043,1232984873,-700718672,-876920892,-27701701
4,4,1,9,10407,-1042531841,-1881880478,348280155,-1531643491,-1937251185,-10630924
5,4,1,9,10407,-1686539671,-698219807,-1904655920,-1441558766,-1966425418,1998240343
6,4,1,9,10407,1579700128,-61796193,1533063032,1738939764,737142809,-1042820962
7,4,1,9,10407,1145205005,-1673639167,-1843737973,982259175,1016576176,2095426822
8,4,1,9,10407,-403288575,532725796,228455631,-992772542,-1714404576,-1387544317
9,4,1,9,10407,-1399311646,1774663516,1795807176,-1395565394,-770208267,-1248994134
10,4,1,9,10407,-1968442412,-1203839255,-768843800,-1674095314,-2144732744,28140701
1,5,1,9,10407,1213286075,-854608889,1813154290,-2136853170,67101609,-471626851
2,5,1,9,10407,-2117463948,-748374284,-1265333671,1214501992,-1917726620,-1219941014
3,5,1,9,10407,915650833,1351544549,959120426,-1520248977,2101919829,2064754426
4,5,1,9,10407,-1872792584,992443289,1695361138,-996691390,-1570533444,413842205
5,5,1,9,10407,1785430843,1742233332,1273369315,-2033042509,2068567685,-707749456
6,5,1,9,10407,-2046678940,2109618912,-1205166866,-1728764813,-1376067032,2048416805
7,5,1,9,10407,-107722826,2011023001,-1774393671,-1629645453,1069671473,1357659336
8,5,1,9,10407,-147742625,-162995882,1307400841,-633011110,-2026487339,-70507869
9,5,1,9,10407,-1323465849,-1795901142,914546140,1803019579,-1648198311,629644050
10,5,1,9,10407,-1655055267,115420045,461528510,428788818,1015055308,755132247
1,6,1,9,10407,2075319264,-540748190,1365202666,312101414,662353667,996373609
2,6,1,9,10407,-1421980397,-1578468846,574530604,-1673965935,-886874669,-1857886264
3,6,1,9,10407,1190316338,-1276202722,1107370475,-493312752,-366597043,348916950
4,6,1,9,10407,84764187,399577363,-700071665,-534021590,339430123,1502728352
5,6,1,9,10407,923259973,-550476643,1468338942,-540419667,-206050297,387200775
6,6,1,9,10407,446355093,335962899,1671348603,985533276,1097467240,-1303608788
7,6,1,9,10407,1794622070,-1035421390,-1538559995,1376932889,-1612022966,-1673911716
8,6,1,9,10407,-1488865487,-1544643977,-779731735,780015166,-1072380286,-1835236187
9,6,1,9,10407,-272481082,1828887488,1618996040,518968514,-228444070,-1792642480
10,6,1,9,10407,511742489,-1249940900,-214839229,-1855667363,-1173510807,-1196180997
1,7,1,9,10407,-1220943214,-21901366,1559626778,-163098695,-983763028,79315070
2,7,1,9,10407,-174704502,235124946,-35573009,-1860449067,1997494804,668697561
3,7,1,9,10407,-1196921706,-1001016950,-807907757,142182532,1500807125,-390178016
4,7,1,9,10407,1438955138,-1068447002,785061651,-301085189,-1247361509,435958725
5,7,1,9,10407,-1626865419,515393494,1168789743,-1769640845,1507630679,2034848468
6,7,1,9,10407,725599016,1316263582,1535866953,-729938443,-1073610857,1667625510
7,7,1,9,10407,-59429851,-115083957,-1038984621,-1971595879,893219413,-123323202
8,7,1,9,10407,-2110544998,-1180550196,539481792,2015617573,-1505345323,1165665391
9,7,1,9,10407,-366238124,298857612,1012651119,-1928982535,900362050,-1909314085
10,7,1,9,10407,1678345269,-1319870050,1185225382,-1246289576,1681176801,897532988
1,8,1,9,10407,-2125269523,-1122435159,-1212773241,1055875305,-423356982,-232207980
2,8,1,9,10407,-1327548895,987334701,1089151965,93289085,-1154310756,-2104923386
3,8,1,9,10407,-1179766893,875927107,702703079,-1844851950,-935004772,-123519853
4,8,1,9,10407,-1008105517,-1156115388,-518348738,1835386791,608690721,106475838
5,8,1,9,10407,1120921605,323500717,1172189020,163853831,1261926805,81975891
6,8,1,9,10407,1065152387,-328975602,1689673933,1652792875,147652085,-872160540
7,8,1,9,10407,-317077451,-1379460434,-789059341,86023067,-1839049179,-708814052
8,8,1,9,10407,594196199,505918381,-1037574584,665238591,1169109662,436915407
9,8,1,9,10407,596644457,382920100,183224991,1516742852,1252764130,-1076825500
10,8,1,9,10407,2042871558,-546987737,-916263604,-980489899,862413668,1058533567
1,9,1,9,10407,-896114533,17381578,383400714,-1615018940,-1074050513,-2017540392
2,9,1,9,10407,1365350450,-1446525803,942531450,1876931470,-396697386,-335866449
3,9,1,9,10407,2044631708,-1964761424,1215219330,780686402,1063491877,-64150419
4,9,1,9,10407,-328244230,1694883579,-286974334,700023827,11872100,-507152853
5,9,1,9,10407,517262553,53773893,1325348435,-842316523,-718417593,681259273
6,9,1,9,10407,1741004577,537727843,2052181008,2093958018,-1081337877,1096689755
7,9,1,9,10407,450968642,2037847791,-1306656231,-2058752634,2107452799,-1949120239
8,9,1,9,10407,-346511531,998216025,-1142954885,-738369639,639095033,1819068391
9,9,1,9,10407,-152420042,880281680,-1216010382,-312464919,-876614785,1335201247
10,9,1,9,10407,128149096,1330672101,8387699,1197387520,-1244845666,-884753607
1,10,1,9,10407,-677655944,874877080,-525595124,1871525556,-1583625078,653580882
2,10,1,9,10407,1434519357,-375180090,1572040170,-593287655,-471237698,-181608928
3,10,1,9,10407,-1384861366,-377462536,247286995,-1771363358,-1087296008,1324007679
4,10,1,9,10407,-1707844422,842633810,-1584953540,-1477688827,276925346,-207907772
5,10,1,9,10407,-394468712,601396428,-2123388002,-854234887,1361211475,407616864
6,10,1,9,10407,269401476,960119168,1361102813,1215046897,770929647,-1996577128
7,10,1,9,10407,-729974002,2065923864,1376322943,-1547984298,-545999783,-1203678086
8,10,1,9,10407,-1819686654,1245415424,-1857784476,244883810,-2100050402,-1433116515
9,10,1,9,10407,-1510469819,-253574393,1424109213,-1069369726,710258172,-1156315905
10,10,1,9,10407,-1608135019,17339143,505899219,-1943797253,1158523625,1070403050
1,1,2,9,10407,-1438544442,-1897059072,1302715165,1203568887,1040102501,1517160757
2,1,2,9,10407,-831026982,395446355,476183446,500910649,-547980723,-272340395
3,1,2,9,10407,-981503152,-1013591791,1234030296,101346076,2076116376,2062666191
4,1,2,9,10407,273108355,-1891804628,-855388329,1155381269,915352995,-887427142
5,1,2,9,10407,-1200288005,-1382797679,-578133872,516653975,-1413085033,-1187505720
6,1,2,9,10407,-944023683,1906361190,-1193041447,1910341868,1666513470,1416154242
7,1,2,9,10407,-429709346,1650433855,204031273,1227853755,-2007322790,1340651626
8,1,2,9,10407,564530042,675153827,635514654,-509198739,-1110300180,-1873236332
9,1,2,9,10407,-937828299,-1731150446,-364616969,-415602137,-1001921689,-552791573
10,1,2,9,10407,-688049375,-1933073949,1160929254,-2092383879,1969234042,-1796596354
1,2,2,9,10407,-1122254655,1654336383,-2053143617,707583156,-1837271365,444071905
2,2,2,9,10407,-1382911943,-1540728389,324773588,969186146,2120406478,270426099
3,2,2,9,10407,-800194099,-1547293222,-1427014011,84200349,-1778719660,-1999684152
4,2,2,9,10407,-2001605323,155743675,-306909746,1310626282,516271761,1838998772
5,2,2,9,10407,820548715,1222035978,-1235879848,-1685129894,-1161187888,1704214063
6,2,2,9,10407,-1978295931,659619083,-1138710281,1614558897,-2130293463,-1493037682
7,2,2,9,10407,-1265380064,-1533009197,2145301673,809730215,2108935883,1117638678
8,2,2,9,10407,-1514839092,1905808922,-2064006773,714688160,-803027839,-2059673774
9,2,2,9,10407,-654497633,-633235049,612806378,1475350726,-693104700,-1635966052
10,2,2,9,10407,1541621766,759145228,-1645972216,245672229,134414402,-1129703875
1,3,2,9,10407,245575141,309202423,1393364288,1065664962,215048984,135335334
2,3,2,9,10407,-2074136220,-209475094,-922819364,1727533081,1017517317,1260766139
3,3,2,9,10407,793204555,-831026267,-570269527,-1559069954,137650091,34441971
4,3,2,9,10407,740633426,-701328336,-450462324,1111979691,1641177720,-723341276
5,3,2,9,10407,-1174994,-2064676774,104701890,1578764169,1889498231,1124858011
6,3,2,9,10407,-633317278,102335042,-954961770,426866881,1859309469,765343301
7,3,2,9,10407,-153828349,1390693066,-1253143464,1010414731,1967135862,1867851330
8,3,2,9,10407,1961666512,-1644123966,-1113756169,1214942065,732834920,-1431663619
9,3,2,9,10407,1759532616,1613302672,1528928538,1846371782,1503755621,578079039
10,3,2,9,10407,-1202353133,-422449395,509380720,-1777319180,-1555634212,-213124855
1,4,2,9,10407,26093453,-545109732,1865252574,-855865819,-1795458282,424031787
2,4,2,9,10407,-543007859,-2116269972,-16144797,1586557203,-494348269,-660181875
3,4,2,9,10407,-1689583381,-931634890,176913084,-1547666860,-1715647157,-1751709591
4,4,2,9,10407,-873687304,731231343,955997094,682967339,-662938151,-1129659106
5,4,2,9,10407,-1690745047,-1161633268,-357843217,303771603,-1901633253,1475546904
6,4,2,9,10407,-1545997826,-694709768,174774976,-1920618418,1408268038,1655121701
7,4,2,9,10407,-257394145,-519401590,1497766940,305072201,-59918045,-995073182
8,4,2,9,10407,-2024842035,-1083780560,-1501717057,-129832403,-287519391,-383652235
9,4,2,9,10407,-741744612,412746621,877250243,588416648,1023119771,-389751349
10,4,2,9,10407,-663523950,-2046139234,315464358,-1298375909,-307766548,1969627036
1,5,2,9,10407,222534115,-368080163,-2125334210,-187874520,615982996,-1974140802
2,5,2,9,10407,-1505575608,1995043181,-915093978,-148249549,1696119465,273170921
3,5,2,9,10407,-922220659,-49982047,45678388,744297930,190501969,1172103772
4,5,2,9,10407,13860581,-74408685,1259111116,1198782316,-1619615471,-2049304003
5,5,2,9,10407,-2222389,-442904376,-551528774,-1653106502,-1930693711,-1611899102
6,5,2,9,10407,1609083975,-2091512370,1438138916,1628471950,454490119,1777394294
7,5,2,9,10407,-1883804590,-1178432305,-142441313,-1305391572,-746352228,-917792126
8,5,2,9,10407,1933567414,1518052297,416264763,1109149237,722487086,-155990073
9,5,2,9,10407,-666590024,1996535374,751841850,426335029,-925954471,-821153568
10,5,2,9,10407,1513909457,-156267163,228300948,990946575,-1692489671,1193366103
1,6,2,9,10407,-397098396,193959084,536966958,1633757599,1653810041,-120746852
2,6,2,9,10407,-1658794854,-1682115912,1972615245,-1984923493,-182456127,-1696519890
3,6,2,9,10407,-989677630,225479540,-1781126719,96112436,-880718984,-115672275
4,6,2,9,10407,-2040534501,518944547,-1739458246,393066016,-996115483,1602435362
5,6,2,9,10407,1989325991,-646152342,1815372987,-1925954159,-1822887827,1698527098
6,6,2,9,10407,570039970,785290685,1178030066,1933439851,-1559518883,621222812
7,6,2,9,10407,1714398045,-640925687,-1141105479,-523521061,-16300676,541610936
8,6,2,9,10407,-1634117797,-1074118889,-196834051,1839688824,1144386664,-688235881
9,6,2,9,10407,-1836244632,620793834,-1613233700,76869948,886602125,1282792143
10,6,2,9,10407,-430301228,-85251956,159189721,483781173,1387090750,-946335108
1,7,2,9,10407,1038776083,960157185,-858702367,291859973,1877647257,915351446
2,7,2,9,10407,923986219,-653830597,-1822251467,330828630,-1387894,1031492774
3,7,2,9,10407,738499698,-1832876678,840842720,-1185137557,-450696544,-1141327831
4,7,2,9,10407,646158949,2096429009,-1784782605,-1006641679,1618762596,1875724136
5,7,2,9,10407,-1683844326,489414730,-1588430450,-864133551,1089408291,-1979522715
6,7,2,9,10407,359763158,-1168126934,-413102079,2037241703,-436696074,38354030
7,7,2,9,10407,-1894565647,-458929358,837997479,-748970342,-1618947334,-1643799478
8,7,2,9,10407,-1291031310,-117558262,-1157122401,664311818,-1343192555,-2132950687
9,7,2,9,10407,1591052408,1865299351,1306312282,126469937,160402778,671009103
10,7,2,9,10407,1713960446,1027880936,1739872771,-98290232,-499295197,966054223
1,8,2,9,10407,-1020705725,1249886827,-1975239624,-615842371,-1131275587,-280816035
2,8,2,9,10407,1007203675,91833535,1643439242,1343428958,-1523633653,-2107790844
3,8,2,9,10407,957439387,568386866,-235595576,1793735063,-686532298,574180423
4,8,2,9,10407,896333364,-1849052113,-1679112233,-1246278209,518455289,-954664276
5,8,2,9,10407,-863208748,-1152353157,950454395,86247890,1611084772,850460620
6,8,2,9,10407,786865233,1282087289,-963721333,-716181349,-448720071,1602767102
7,8,2,9,10407,1315447926,-1827254285,-317088176,1728577208,432264309,-556048555
8,8,2,9,10407,-2048355804,127647336,-771033527,-517503851,1516979169,-466106022
9,8,2,9,10407,1477002148,-178217186,1768189073,1015543983,-222559971,921004812
10,8,2,9,10407,1626274442,-526595041,1685550322,1848297348,52821736,1991622687
1,9,2,9,10407,1603577306,963543076,-1679969250,1418848794,28819177,-934579076
2,9,2,9,10407,1034034603,403900653,708739178,-1894408525,-1856228488,2002342999
3,9,2,9,10407,-1831426284,1881397833,1707802830,-2136339149,1379307651,-740168832
4,9,2,9,10407,-518880381,-590930351,1286298786,-611048881,1095328441,-1046492328
5,9,2,9,10407,-1326307166,-975173721,-186376760,-663904713,-2035850288,-713661012
6,9,2,9,10407,-265506671,1751751283,46902731,-1189061525,-2034837839,1644218148
7,9,2,9,10407,-990498447,533690656,828599518,1172523671,1769535394,1008673496
8,9,2,9,10407,2071131408,-476389877,1734513648,-1714870816,370251933,-628657556
9,9,2,9,10407,-1749772293,-1148616163,-334069633,499593887,1082953044,-48428545
10,9,2,9,10407,715829402,-534276502,-152144379,-935040595,-71268650,720997287
1,10,2,9,10407,1253611756,1605994356,261609949,-1549906116,-1033436036,1218199210
2,10,2,9,10407,-998929151,-56569048,1619419809,1352463481,640235833,1107275704
3,10,2,9,10407,-674684894,-274661745,948857303,-1429243718,332520127,350241334
4,10,2,9,10407,1721190822,-567109228,367190975,-1832943541,-1143897689,564850462
5,10,2,9,10407,-1092149071,440972951,-32902382,-1733076104,378571669,742667380
6,10,2,9,10407,641229520,1352257773,1801316102,1355948960,-648840482,1701365145
7,10,2,9,10407,-971345279,-1223385406,-1992575437,1500709055,1918217502,792030576
8,10,2,9,10407,1952066771,1555548231,-1225203765,1891088805,-1832519905,1217309842
9,10,2,9,10407,1174862794,1742337915,295802625,-589049365,2093515109,-210128158
10,10,2,9,10407,-1145885782,-1894156649,1255694347,1949132598,478454339,1165597272
1,1,3,9,10407,-496239139,545191729,-1010408463,868103473,-1293183106,-1564843641
2,1,3,9,10407,-2136602177,441252339,875997455,2115573726,1491426895,568744876
3,1,3,9,10407,561906540,362548443,1781399492,1131839495,1506471110,1129896768
4,1,3,9,10407,-343802851,429230541,1286917221,-957367145,770934215,362182626
5,1,3,9,10407,1144426740,517769975,-1461708969,549569091,1956280368,111147749
6,1,3,9,10407,1188748864,-663842150,1036838074,999247836,-1617148373,300463154
7,1,3,9,10407,-364223572,694620778,1579530068,-1782681671,-300146578,-829490107
8,1,3,9,10407,1843070174,-683609186,1128978456,-1763342233,-1768625512,416045540
9,1,3,9,10407,-609748129,-1740149861,-1759045011,179406031,-1807125862,911687758
10,1,3,9,10407,412488518,1647114695,-390697467,-677384395,-2121320290,379526005
1,2,3,9,10407,2117830112,1554841660,-878194929,-1139144321,130390668,-321156454
2,2,3,9,10407,-837659086,-557960424,1720236929,1759786353,318459999,-960876722
3,2,3,9,10407,-1623017860,-1271097857,-1263699571,31520116,-943820020,1274979409
4,2,3,9,10407,639846436,-1800626886,1732078448,-430986411,535876420,-543446034
5,2,3,9,10407,-305248304,1578490043,1088415946,624824060,482184926,-1190459836
6,2,3,9,10407,1270911651,2127226421,-229718302,2080522918,-745371066,-1462606183
7,2,3,9,10407,-1318320952,1102429842,-1735567559,-1590118853,1017276859,-1339081423
8,2,3,9,10407,1446647696,1297910939,-552278850,-1624933341,2124315114,-2040190024
9,2,3,9,10407,-1625074938,-780225207,-2034896942,-1650448585,1215416741,2009378496
10,2,3,9,10407,986701090,-1896729705,-1173258561,759968406,918372098,-844299578
1,3,3,9,10407,2098046648,1725153966,-1723553555,542621174,-1221868715,-409919130
2,3,3,9,10407,-2141552464,1902228025,-188230120,-1082724809,-1777560143,1405721188
3,3,3,9,10407,-1134963817,1843819320,-207037229,1974978270,1169487847,457567364
4,3,3,9,10407,-643336767,-437370741,251042571,-1600343223,860092928,-1454215841
5,3,3,9,10407,-423746883,581278930,1121054043,-1471054819,-721965336,-1751944637
6,3,3,9,10407,-99141733,-2102904580,-469998654,176452242,-1687266638,-2053643234
7,3,3,9,10407,-2131273838,1340579273,1492473859,894202757,-1648266099,-1827718307
8,3,3,9,10407,-2066473924,-1422826115,-1129327037,854367771,-665834515,-1816812100
9,3,3,9,10407,-1824000912,-1188110746,1212741799,-1805157314,-1140956837,-1583674317
10,3,3,9,10407,775328881,1331183051,-2011055024,353540046,265338037,-760622319
1,4,3,9,10407,-1880407993,1987170239,1474768274,-806618846,2099714025,1486777171
2,4,3,9,10407,1461008915,-372561216,-524091752,-540364588,1256996979,-1830943739
3,4,3,9,10407,-1866212897,1842695405,-907629014,-2075022267,-1266577456,-91316146
4,4,3,9,10407,1717652918,1711164172,-2046708682,2022075051,-508250241,-817874839
5,4,3,9,10407,-853234784,1504150153,1831845175,1916750340,-531038847,-3342653
6,4,3,9,10407,-603010390,-195489666,-762848043,129869838,1258365537,-843715084
7,4,3,9,10407,2087633037,2022567532,-696704946,-1558508027,374622942,-1630039546
8,4,3,9,10407,-1483311704,1498252663,-135073472,-1419548732,962935171,-353455492
9,4,3,9,10407,-1350322947,-972423784,332760729,-1221687942,-2045214591,1514906710
10,4,3,9,10407,438351550,636660056,-1985833106,288193295,1072559749,-1540966482
1,5,3,9,10407,-1665462622,1633125288,-706982959,1493871113,1129136151,-1552004894
2,5,3,9,10407,-319085501,-1622969964,1953765981,-1476221742,688877432,-1462920229
3,5,3,9,10407,-198154974,-238130645,1625840817,292228591,-1752117168,61164479
4,5,3,9,10407,592160499,207190711,934234901,-1647132417,1688335086,357507805
5,5,3,9,10407,-1764904663,-304886744,-1930805529,-2085323621,1981367180,1341797102
6,5,3,9,10407,-1516514109,-1735648917,383084631,373889856,-1679040829,708958363
7,5,3,9,10407,490329838,572275194,-1133517964,858284882,1612866897,-409164320
8,5,3,9,10407,1494176378,-896551287,57025735,1249188269,-877791473,1551425429
9,5,3,9,10407,-2095849066,1780257006,1145323686,1238218988,-2130147983,1888562270
10,5,3,9,10407,1883342616,984481998,989384118,726100373,1576224540,24726225
1,6,3,9,10407,56212471,1105859337,1356760318,568264698,-733017236,-1871977422
2,6,3,9,10407,2001969277,-1657246713,2002536196,304060136,-359234140,1639365756
3,6,3,9,10407,-1219360906,-1596568312,-996407236,483495150,145710821,-1171249006
4,6,3,9,10407,632528867,-998316474,152495476,-1670133871,1260961230,-483619003
5,6,3,9,10407,793777316,-2045113257,1189003850,1705692245,1468982376,-1435109401
6,6,3,9,10407,-1775265855,-162467069,1993333915,-955862208,2086735687,-1732000422
7,6,3,9,10407,-903624374,-1127297006,-1942449974,-1649614079,687972544,1965010016
8,6,3,9,10407,-79272015,-407481297,-1141657107,-360593706,658781870,-1074108202
9,6,3,9,10407,-2102474626,-1590992434,-1401540484,1811988117,490535807,-1954364681
10,6,3,9,10407,1596804856,1040360571,68971180,1018826224,737186584,-1587909885
1,7,3,9,10407,1752818831,236853348,-118420126,842463573,-356872950,1514998417
2,7,3,9,10407,-1011123951,-1414036516,1279851428,-1587951990,-2014476776,-1109481052
3,7,3,9,10407,-1965442232,1615322704,-256476847,1949302904,-88381676,-2101338122
4,7,3,9,10407,1046107907,1086604005,-2022614099,-1666464512,-1243518382,837304842
5,7,3,9,10407,-1976548030,-1071096478,-1238731234,-1390907172,1890015995,1232431908
6,7,3,9,10407,-411956710,1898224673,-1455640249,-671749991,1519396111,-615909524
7,7,3,9,10407,186097220,-2025223652,-1547853974,514895112,1196791992,-1002857808
8,7,3,9,10407,-1652325845,2124964732,1791257669,233523433,1506865286,-854627642
9,7,3,9,10407,-1330129731,2042902841,1224905148,1051698873,-424806477,643685285
10,7,3,9,10407,-1419320186,-1083723418,620987406,-1539219976,1696069807,833174114
1,8,3,9,10407,-1351073146,-1524041734,1236243743,163806173,1599786975,-298947272
2,8,3,9,10407,1894032863,-785416720,-1099220695,1242357970,1585286923,1489338444
3,8,3,9,10407,893408928,471670692,-493654808,-106372747,-1776516032,63768744
4,8,3,9,10407,1007583133,-1348994967,528313355,1859594589,-516038698,1982192065
5,8,3,9,10407,1240575663,2099881148,504480012,1652750929,-695209645,-358329011
6,8,3,9,10407,1375956104,-1113601148,-1477856479,-1016564513,1062459213,-1150809864
7,8,3,9,10407,656696846,1044912861,3303897,-830994212,1325643626,1462498459
8,8,3,9,10407,207874744,-934812574,1298700953,1625008612,-250173443,1362674505
9,8,3,9,10407,1163918520,379247610,-1739429818,-961895438,277055087,-1122265617
10,8,3,9,10407,384123631,-1595225266,682902569,1586179870,-1795139172,-1856392377
1,9,3,9,10407,-2085949621,1474286033,-616938718,-30664859,-672442917,-1690290868
2,9,3,9,10407,-2103333197,1570206567,533062624,1254644355,514986305,643685749
3,9,3,9,10407,1350931863,1725741694,-1378227636,-728894364,-2093227865,-433986989
4,9,3,9,10407,391293781,-991956304,-1273696253,-157380853,-1566282288,-986551880
5,9,3,9,10407,-834820318,-2091986374,-1257253918,1568795165,688561012,-1487934684
6,9,3,9,10407,-734276630,-267079591,-89436583,-1883587236,-280950630,673385197
7,9,3,9,10407,1981722952,949171326,1237350341,-960985476,1669417930,2092001953
8,9,3,9,10407,-127182612,1039555254,-1507333181,-277200994,-185883426,-1923470603
9,9,3,9,10407,-1466667079,-665568840,1083996959,-1641238694,42903911,-1585084561
10,9,3,9,10407,-439135171,-1935456866,-1989153817,159482109,-1802138269,653760608
1,10,3,9,10407,1575271417,506698843,-1463922595,52087244,81222870,819688574
2,10,3,9,10407,335539939,843719690,-1894173372,1256833313,-478802656,1153615672
3,10,3,9,10407,-1487657130,-1137215600,556572734,1603251504,-1093833830,537863672
4,10,3,9,10407,835724843,472513679,-1484258088,-89544623,-1560409786,-995666125
5,10,3,9,10407,-1391932469,982489069,285103545,1791755532,1803022692,-1852109471
6,10,3,9,10407,-525858426,-2143200183,-1492316638,114740423,1731146212,631732528
7,10,3,9,10407,-471759492,380090699,-1128508622,695278326,394160763,1675504034
8,10,3,9,10407,1903411392,998275474,-2068593454,-888365956,994834623,-818968472
9,10,3,9,10407,-435216637,1557973021,-1946255560,820025399,-1392451315,10091644
10,10,3,9,10407,-1340898793,-1262714760,1492582408,-113234869,999566892,810856573
1,1,4,9,10407,1870480560,83465868,1839843708,1051034071,-1174449668,-1466977403
2,1,4,9,10407,-396141501,687667995,-709252021,-1907677106,1988393271,1829484393
3,1,4,9,10407,1866866445,1251870438,-706101383,952615754,1832763397,832795960
4,1,4,9,10407,1544293181,881572561,617435512,-1642468888,913006547,-224422713
5,1,4,9,10407,1013305417,539541992,-1320150270,1242240760,694306067,-1557975518
6,1,4,9,10407,483251898,268516543,-1428368740,-584489624,2104083824,488621999
7,1,4,9,10407,539583424,227932482,-339700302,1160484464,1413251922,-422789141
8,1,4,9,10407,-226463777,1580241591,871820563,-1184163192,579656851,-2061715681
9,1,4,9,10407,-824420938,-398094146,-1395746202,1385066011,2132110719,-224163920
10,1,4,9,10407,1125909735,-216798065,-85523704,1010798183,-2146974053,-161815583
1,2,4,9,10407,225373555,229733719,1776097778,395540411,-1242814543,-1709558790
2,2,4,9,10407,1916982853,795272414,603391948,1979639239,-160254072,-727327189
3,2,4,9,10407,-697855595,-1435155177,-220633584,-1802152717,-1123677114,-1436099179
4,2,4,9,10407,961798490,591420575,331451358,-825891093,814641404,-1918375915
5,2,4,9,10407,-2048716787,-556013694,750839428,892656550,-1548721202,1497101974
6,2,4,9,10407,-818609471,1551008425,-922447922,-2144442381,948333853,-1175660055
7,2,4,9,10407,370087638,-1874408687,-1011009148,-2068148975,79060338,45433854
8,2,4,9,10407,-1769982477,-1222207338,1394510196,-1794617562,-2065504555,1122956476
9,2,4,9,10407,-382783928,237949197,1092923408,1804206818,181447962,-1199147865
10,2,4,9,10407,1419338249,228118450,-226964867,-2129369657,1124765926,1915724563
1,3,4,9,10407,-650439690,1576019432,-657694114,2032627008,-1390632012,2143353380
2,3,4,9,10407,1168896803,1897610119,436546341,430804283,-1122886809,-1603476084
3,3,4,9,10407,948703850,892249276,-58653571,-113471460,1457007023,396459071
4,3,4,9,10407,-752900135,488847566,-1270644293,-741078574,-1975683572,-510941412
5,3,4,9,10407,-565907311,975704180,-1942024517,-1585666839,-606214579,-622269523
6,3,4,9,10407,1322388286,1400819596,-566064717,-1029235927,-1631755629,933338381
7,3,4,9,10407,575222339,-421475585,574108914,-1091136003,317547741,-580943086
8,3,4,9,10407,1219594180,-331781123,385338802,1467700651,-808904896,-1113198061
9,3,4,9,10407,-496457386,-489754458,650051055,416943322,-1208779190,-1537925373
10,3,4,9,10407,-160575296,-1037860857,1136099509,-374018448,185954172,601673007
1,4,4,9,10407,1112059940,-1260986627,1754408561,555391772,870429829,-614850077
2,4,4,9,10407,-1003709575,727000536,1327923402,1385962244,-1426487230,-149043000
3,4,4,9,10407,-1961756772,1304105924,650339055,1625584582,-185034906,230180030
4,4,4,9,10407,-899156263,1227470298,1654072882,1641764697,-1851492033,1327942089
5,4,4,9,10407,-1346213726,1967962165,1910285303,-11309699,-1455723689,-1158381418
6,4,4,9,10407,1455953589,-1440005156,-1745645622,1395282981,1012598515,1080742639
7,4,4,9,10407,808848627,888459996,1435507058,-1322476369,-185247505,-1913964927
8,4,4,9,10407,-2126784137,-1013199586,1366977050,165684974,-1460164887,926100374
9,4,4,9,10407,702907603,-1429642112,460739927,1766677301,1973293774,278624304
10,4,4,9,10407,1025632355,1464186492,805076593,-963376545,1193418024,-296296981
1,5,4,9,10407,-1852033864,76991715,1663582540,-1676331488,-815208404,-527305869
2,5,4,9,10407,980705146,492233957,-2104310569,1603252747,1144665813,675298987
3,5,4,9,10407,1760560303,-341890881,-1449941294,-835596733,1152715289,1070408691
4,5,4,9,10407,-1246674579,864557818,-1064546137,-1559178165,1835587592,124339001
5,5,4,9,10407,-1653341032,1923166624,-1996435611,924307870,-347192496,-470927751
6,5,4,9,10407,517383065,-811427278,-1980357138,365025384,-1237351542,-142253918
7,5,4,9,10407,-1026586638,1793428923,-50681474,-1272734622,-896773201,1180404753
8,5,4,9,10407,-774207802,1385548777,-779925451,-2089592131,-1808863997,-2092938792
9,5,4,9,10407,-14659090,1410855747,1938741620,-1388088056,-142918524,2077350793
10,5,4,9,10407,-1578577345,1644557339,-1677954384,-831125560,-109152930,-512074212
1,6,4,9,10407,-1661518638,-186268726,355902611,-827331111,1745101619,-391627035
2,6,4,9,10407,1966434496,-45948046,1806756511,-843742265,2145655781,-1882251771
3,6,4,9,10407,-145445998,-561297100,-118435001,-719054238,286204339,-675156393
4,6,4,9,10407,-1938885947,1933337921,-1061662813,1046191647,1935035143,985171675
5,6,4,9,10407,-302099477,1363173913,-767647017,-1661990851,-1243145779,-978833314
6,6,4,9,10407,-842021882,1912677088,871906904,-130210694,623130473,1639751875
7,6,4,9,10407,1662988426,245611473,-413538915,-2047155818,-1498897182,-1560764135
8,6,4,9,10407,-126045829,-1268411055,1285705050,561329065,-1729243962,-1328737591
9,6,4,9,10407,-893175852,-1729755836,756516197,2057730577,22918483,-121324264
10,6,4,9,10407,605624184,1940519756,981532001,-1330774506,-1029767422,-180109682
1,7,4,9,10407,-305131482,-1523391268,-388523508,-2091490308,714517926,626046394
2,7,4,9,10407,490489038,621919960,713158149,479196854,47950095,-415158372
3,7,4,9,10407,245252828,2030772774,2134447377,267725382,727307555,476159946
4,7,4,9,10407,-2014204974,1595821578,-1911591273,1225159158,114843070,1145907299
5,7,4,9,10407,480824259,129838941,-1577364265,1081569558,-1571803882,-818903298
6,7,4,9,10407,-1688267759,-359629838,-1831384801,-2053920040,28070316,711912577
7,7,4,9,10407,-1975056857,-605664867,600875821,1077272521,677088549,53940142
8,7,4,9,10407,-755142448,1702147432,538048324,-1236406077,-736622901,1929042861
9,7,4,9,10407,-1225230331,-619227839,477357639,573458159,-1727109706,-372142411
10,7,4,9,10407,-121920457,-1653687988,1153715155,-2014980931,-1816766254,-2004102572
1,8,4,9,10407,1724235015,1070842413,-150271538,1137972618,1374730618,-762403055
2,8,4,9,10407,328355301,1655939517,1620413684,1909496060,-657925042,-390816877
3,8,4,9,10407,690689098,-1377550779,223461328,-1145244343,-901651188,1631121629
4,8,4,9,10407,-40016188,-2065920605,394333538,-683591963,637858434,874017799
5,8,4,9,10407,-1756818694,1508689677,-1267347300,-680254813,-1215523614,-1209296755
6,8,4,9,10407,347670193,-405379410,97995608,910145781,1781419803,1092838695
7,8,4,9,10407,672473469,1102180612,-638695896,-769685024,-1567680786,-1999200588
8,8,4,9,10407,-107582723,1016781346,887268909,1478934048,427720527,-191518530
9,8,4,9,10407,-1643584847,518594729,519767449,-365593878,16444439,-1208908718
10,8,4,9,10407,-2064889219,-1093390209,-1028574858,1421760185,427070095,-1361848870
1,9,4,9,10407,1769773442,1258560716,1371301783,1285075587,809465650,-1504799033
2,9,4,9,10407,-1325200957,2110922532,-944823851,1933486518,1932720746,-413792789
3,9,4,9,10407,2095165388,-2006973453,-13211991,-1542927510,2030431824,508139191
4,9,4,9,10407,-246703045,1412781956,1693657508,-108766560,-65520737,346015143
5,9,4,9,10407,-893275025,-1870080176,-1133066706,-1877552679,-1081141415,-528765317
6,9,4,9,10407,-2000371557,1784103830,1275216949,1577206029,-1494588995,-422096237
7,9,4,9,10407,1283786627,994273099,92439896,-1440128037,2357355,-801789898
8,9,4,9,10407,2094683940,-104497340,2120861341,-1621337417,-1540071366,495647462
9,9,4,9,10407,224134851,1027663231,2037906915,-506653965,2074161321,-862368912
10,9,4,9,10407,1766686039,892300279,-944753166,100431871,1546141793,503559178
1,10,4,9,10407,1957093558,436401344,311897686,-1856419351,-60061236,-1751975621
2,10,4,9,10407,-1957277413,507728645,-671445194,-514712343,739415406,-2053110705
3,10,4,9,10407,-1545481712,-588630424,784081285,-1598599416,-925996466,2059189537
4,10,4,9,10407,-281776322,885688603,2137185980,-1371616394,1767296924,1097568427
5,10,4,9,10407,2035391884,-307509971,-1870251585,1140160067,-702974600,-1017916117
6,10,4,9,10407,384788845,1501448922,332102289,1494918341,-122550961,1334324684
7,10,4,9,10407,-1629301445,-178869293,-217529994,337724710,-1005925394,-1172360857
8,10,4,9,10407,2116201495,-1953747284,1126071715,1843391232,-1254098227,-226395561
9,10,4,9,10407,-98037313,-1676667071,1002258649,-1523206159,1236406144,1132135273
10,10,4,9,10407,-1527510646,908323573,66102119,635505027,-766729087,1267153943
1,1,5,9,10407,-660900087,832747524,767324975,967419314,-396967323,-462714933
2,1,5,9,10407,-1107500962,1550208835,1170942284,-1520154333,-1554398524,1638200502
3,1,5,9,10407,-94464816,-1920056251,-464873709,1167445809,1097698464,2053894566
4,1,5,9,10407,1067230397,-1271216217,-1100721386,-1034235555,-1688093280,2069962901
5,1,5,9,10407,1357766249,1641772048,-1170748743,-217791763,1256723920,-1527355365
6,1,5,9,10407,-1426651559,649887051,1794697562,239294164,476987680,1399429347
7,1,5,9,10407,-1199963823,-895122198,1207466216,893764613,-1110318361,-25471000
8,1,5,9,10407,-2086367261,-1616879044,1930279988,743936909,-1446188672,-666186821
9,1,5,9,10407,1308222594,-1737220068,747019049,-423104866,-267568225,759710349
10,1,5,9,10407,-1973494306,2118112331,-1756738054,-2035085968,810710717,-1365111631
1,2,5,9,10407,-1166351971,-1440079921,1939990375,-1238978245,-170380299,-580352563
2,2,5,9,10407,-1374173478,808207836,-1000494199,-498022002,748354479,1905191010
3,2,5,9,10407,-1888717057,-641522081,1067011449,-1969046095,-1421297084,1451308288
4,2,5,9,10407,509236515,-368123143,162751697,-251683393,1576896663,-36740539
5,2,5,9,10407,-2107341053,540402647,-2020422166,1350561750,-1905964495,121239913
6,2,5,9,10407,-87511507,348719775,713244877,-245128542,1681347141,2087002480
7,2,5,9,10407,-1981438691,594852228,15414435,1451614002,1958219794,-2099062027
8,2,5,9,10407,1684834176,-177242809,644767376,-773203404,-702083946,893383155
9,2,5,9,10407,246869426,2071365701,465655769,-501159003,45199178,1452274074
10,2,5,9,10407,-755767742,16884360,1991757136,1678798303,335914381,-1033726190
1,3,5,9,10407,-1011977125,-981249341,-1208008242,1596697621,-1810458608,-1146918935
2,3,5,9,10407,1249347936,740424936,-830425448,-1472882519,-1021192163,-262534161
3,3,5,9,10407,409872027,1066845353,1949106381,-1803116026,-269443448,-1540214283
4,3,5,9,10407,117437659,-843352989,108170587,-265898281,-1007710431,-484766362
5,3,5,9,10407,-1823243439,-1820006634,-1623309621,-1130851659,1236991797,-975455001
6,3,5,9,10407,-374044989,1906138245,-808703697,1598473131,608667650,-1751498838
7,3,5,9,10407,1741599950,217303137,114583463,1084353460,1623190675,-1553843840
8,3,5,9,10407,806966904,-1691731122,-1271968980,-454525310,-1084687870,385482752
9,3,5,9,10407,-1110565870,1704603553,1619538202,-1026676772,1863622998,99200054
10,3,5,9,10407,1099638221,765207571,1069988985,146969381,-967421980,-1085652470
1,4,5,9,10407,-1952452363,506898655,-1839951617,1758316023,-946470494,-2069161654
2,4,5,9,10407,-1856181802,-1558853538,-1920056738,1390894914,2113717730,1954082572
3,4,5,9,10407,1825406626,834335208,-1217616374,-712748064,721080098,-253278915
4,4,5,9,10407,-1261510589,-888901184,-1478553720,1460728417,1388492782,-622439365
5,4,5,9,10407,1188476061,1989131844,1394627369,1693707023,1921181111,-443082509
6,4,5,9,10407,-1679619114,969794494,615494847,-138221116,1099620588,835054755
7,4,5,9,10407,-2131515870,1060020169,-1935237411,-571351617,2067181305,-854623164
8,4,5,9,10407,1588560329,1934749529,790688747,-1033746248,-582542716,1973812977
9,4,5,9,10407,1105675124,-1961581629,400409674,-1920625734,374358613,1732952795
10,4,5,9,10407,1500092736,-812055232,883880981,-449840510,667627207,-1680691214
1,5,5,9,10407,-1042858284,-971132277,1184316667,1311081815,-1045001711,-300351834
2,5,5,9,10407,771791448,-680629638,-1311601137,288171658,1855820932,1605667333
3,5,5,9,10407,578168497,-2072748163,700644534,-962264785,-750608208,-773727364
4,5,5,9,10407,-774663333,-1046203230,-1161809659,-2067540644,-285150609,-929052731
5,5,5,9,10407,270011437,1264688676,-1989098158,221133032,-375608463,225679313
6,5,5,9,10407,-1373792313,-40306846,1149470672,642800731,-882933486,-1159336818
7,5,5,9,10407,-1865093337,-2024517874,642744610,556462593,646276504,-1781838640
8,5,5,9,10407,593628544,973299081,-773017290,-417104832,-1415539725,-46796102
9,5,5,9,10407,1845003958,-1242155668,955178492,-755803608,2083256530,1050016184
10,5,5,9,10407,-526619906,-805031243,-1420788036,1040849109,951416100,348677412
1,6,5,9,10407,1740187894,-968055958,-14984969,2129363407,-978891141,-719294714
2,6,5,9,10407,1551042751,758366782,1809373114,-1093814697,-499056765,-1566881658
3,6,5,9,10407,1844753479,-1677641826,1454315007,-1162464736,-730264776,379384554
4,6,5,9,10407,746512389,267441949,1939946976,455544660,-1083873621,-1198422372
5,6,5,9,10407,-1421001989,-295352274,1921684179,-1579361139,-708782048,374640788
6,6,5,9,10407,1763551042,-510861923,927286023,-1549600023,-1552658610,473398642
7,6,5,9,10407,-1086212818,1323154690,2089664005,205624237,2083856114,-1902880386
8,6,5,9,10407,156593918,1715903760,-1839443467,-1115600286,-600714958,55228472
9,6,5,9,10407,-385076661,333111484,-360657171,506416038,-879536829,-1845873910
10,6,5,9,10407,-1489743978,425128692,-1353627273,-1803388895,-1811267930,-999369690
1,7,5,9,10407,469630264,1001367760,1457699497,1429499034,792079908,-2000413277
2,7,5,9,10407,46068969,835261494,447427446,1606841105,-1936090458,-1726092353
3,7,5,9,10407,-546424787,115675030,1383499983,-838210328,-668200059,-435896370
4,7,5,9,10407,-1300143547,-1909720311,1335822137,1088613035,-1083337718,1263328084
5,7,5,9,10407,1729785421,1793130925,1882028830,1393505586,564974359,-1737140074
6,7,5,9,10407,660808288,156174433,1498512903,376927812,-1659681578,427131031
7,7,5,9,10407,1945226958,1485670695,-1297776693,1819647962,-1855823925,514675967
8,7,5,9,10407,-6084948,-2048116423,-1220532037,-1753359000,-1600734049,-2112249032
9,7,5,9,10407,-993022772,-1247677734,-2038452563,-1556274658,-1564214953,-507832329
10,7,5,9,10407,1901750561,526062710,824065075,1383537823,336473846,894977246
1,8,5,9,10407,1943865594,1190592245,-1335934067,-1957000750,-147378771,506747885
2,8,5,9,10407,-1241490753,1824104798,1295577648,442250660,-353541519,1310935669
3,8,5,9,10407,1324705246,390050089,-1979056595,1752026311,219399384,-1183862196
4,8,5,9,10407,1548027000,-1781495063,-1347566135,-1612456056,1223251980,1266486695
5,8,5,9,10407,-348127976,-1026163004,956383608,-841115292,548972037,1981110427
6,8,5,9,10407,-41388204,-1902738269,-955429575,-1229374318,-496371268,1221794646
7,8,5,9,10407,-1705413972,1704516944,-1514877931,-104148370,-143501881,718854888
8,8,5,9,10407,-613571692,-1435463447,-794028908,-104648349,-1895338754,530772037
9,8,5,9,10407,210903095,-1780551623,1818315818,812605075,-1097578770,965272407
10,8,5,9,10407,-1527299183,1573484323,964364901,1701714238,-1132926258,1609845207
1,9,5,9,10407,135840424,-1164889449,-2131217861,-179891739,-992560184,1254299673
2,9,5,9,10407,2022099856,-1992553933,124348040,-1912717136,-1943833137,987155317
3,9,5,9,10407,-2101386769,-1206245097,-1559013272,-604872122,-473914683,-2138238354
4,9,5,9,10407,884461035,-1286758028,1047066634,166917876,1577979271,1386996324
5,9,5,9,10407,-1766944195,-828571481,1235187474,-748546721,1263496442,1848633413
6,9,5,9,10407,1977997296,1536217177,828212390,1712528759,-823958982,1762326825
7,9,5,9,10407,-1714179760,1451976095,-784956216,472593037,1257049192,1409969571
8,9,5,9,10407,-1491229183,84527601,1538091606,-2029224551,-1961546883,-817015644
9,9,5,9,10407,778817122,-933147490,683286003,-1097573077,-1768790368,200629012
10,9,5,9,10407,568255475,131658171,1614473483,1562263195,1415151961,1721393371
1,10,5,9,10407,1600038223,2049474408,-370044195,-424771446,1865348778,138939174
2,10,5,9,10407,-1765914029,1099740783,400526353,277784044,1737801427,-1317739056
3,10,5,9,10407,-876519770,-978678569,-1669282221,-438538322,680374106,1973069722
4,10,5,9,10407,1738177401,-519589502,-2089649050,1085712333,1857860789,-862257192
5,10,5,9,10407,544178549,1508485175,1753253310,-1576505057,-939521212,-434904939
6,10,5,9,10407,336275214,-1999167650,-307309404,-392964297,1312193900,1184851146
7,10,5,9,10407,-409142387,-1881436714,-119316052,1959211078,-2067045384,-289811889
8,10,5,9,10407,1151809293,-1252036990,1364761072,1586872264,1233088058,-1155661711
9,10,5,9,10407,1840611144,557642772,-822810659,479247423,1874798335,1363249692
10,10,5,9,10407,-656020470,1049392155,-643448306,1365499254,1348346334,-1803031279
1,1,0,10,10407,683121262,-854927824,-1683467933,-916532227,-1293213773,1662701028
2,1,0,10,10407,-1699459035,-1176339942,1491287486,-785202157,671817042,-1544077250
3,1,0,10,10407,378697411,-2147198726,-1970871934,585767965,1962609354,1198725111
4,1,0,10,10407,-551918061,539994705,932804384,718854650,2053478402,-1648332312
5,1,0,10,10407,-556945602,655253200,1154982350,233473795,935186628,1875275814
6,1,0,10,10407,-1611504880,-1874990474,-220773145,-1778842694,72704272,1974685971
7,1,0,10,10407,24464286,1310854200,-2092645087,-886822449,71700790,1870345010
8,1,0,10,10407,859198766,-1269667631,1445051635,-2107677648,287889880,-219107082
9,1,0,10,10407,-13588119,1386071016,-510654945,2091790792,1434304754,506084261
10,1,0,10,10407,1614604170,1272138993,-1289898513,-1516323760,-1836995071,-1032914676
1,2,0,10,10407,1099792194,1570523601,-1019275006,-137667834,-494083725,610727755
2,2,0,10,10407,232234359,-2142955230,-2063043296,1484040463,-571936820,-1723527540
3,2,0,10,10407,797977980,476291261,-734501559,-1814291031,-1964596159,-1087348426
4,2,0,10,10407,1943786986,-1174692985,621608586,-1172276437,343204179,-1447375838
5,2,0,10,10407,256271998,271225993,1073890345,-518803520,1222350228,1120000284
6,2,0,10,10407,-2089565737,1011684858,1948497104,-552188381,1806457339,1971077103
7,2,0,10,10407,1504429803,-303127375,1175987549,662032568,234826027,552145876
8,2,0,10,10407,897766930,1049204053,509144661,-529629325,-1408419797,-1539378907
9,2,0,10,10407,-161536640,813087890,683288427,95320429,556985072,-1542098593
10,2,0,10,10407,1950652389,-872829015,-1669114034,766304685,-1528736245,1527803582
1,3,0,10,10407,1209331124,259620658,492503547,225965276,989175569,1971371183
2,3,0,10,10407,1707736973,-1647475112,-1080095986,-447610027,631276592,141213021
3,3,0,10,10407,836385450,-1477419394,1838021785,-1703290698,193782215,-1787011246
4,3,0,10,10407,-626678743,61907293,-1830885642,198428239,1694614046,-1463065813
5,3,0,10,10407,-1349772683,1826238229,-1770501707,1857106123,-1613326240,2011175848
6,3,0,10,10407,-2074631884,830931704,-721468008,2133975196,-1761654782,-499672790
7,3,0,10,10407,1992957014,-480581926,-1530124770,445154835,889765362,-498618304
8,3,0,10,10407,427571818,-1146052543,1508298256,1904133762,-1931702882,-2145916096
9,3,0,10,10407,-324634312,-195323780,-2056456315,-191681869,-1980156550,-1832847191
10,3,0,10,10407,1481787342,917875492,2022231222,-610413872,502780869,1127938621
1,4,0,10,10407,682950504,-2109266956,-1531723679,-893515796,936238839,-198127678
2,4,0,10,10407,2123469150,-886536153,-2021861292,1546033164,948339084,628719153
3,4,0,10,10407,-1347596567,49918154,-763559775,-285076476,-1175516525,-1591671311
4,4,0,10,10407,-533564995,1685211290,2046064272,1197964785,-1427303250,139006229
5,4,0,10,10407,-151919673,-1350894330,-99861804,-229112665,1767808325,-1905827009
6,4,0,10,10407,1299492678,571896843,-152529500,348445806,939434662,-1945734343
7,4,0,10,10407,307309583,1881942095,-1183915398,-290233040,37658392,-838798989
8,4,0,10,10407,-644496680,442343509,-1611850003,-1546097076,-2032081927,-486960030
9,4,0,10,10407,1122838671,1587951643,-1595031919,-1513399716,684065311,-1020235710
10,4,0,10,10407,-1020695908,-509955579,-1510396247,-447242960,-829341506,1906741348
1,5,0,10,10407,2008158573,-1391790742,-1455538056,-1883842806,1400368395,1664488594
2,5,0,10,10407,462183251,-832906978,183460667,392486196,-157407454,1412946594
3,5,0,10,10407,137509115,-116991966,-1952792747,-2060346299,-1266091107,-912464843
4,5,0,10,10407,-817719224,-1165558423,-905183109,-2127175878,-230810087,325694271
5,5,0,10,10407,-1592814359,412594236,-1843396066,933213686,832175994,1641205713
6,5,0,10,10407,834909775,380228602,-1984229823,322248118,-1895907185,-1481336827
7,5,0,10,10407,938656251,-919484177,-522800022,-1328976512,-1643357364,-404924530
8,5,0,10,10407,-1204489001,219382106,1903104385,1480290055,-948552259,1534136023
9,5,0,10,10407,-1320318117,-2005680273,785196726,1451407060,-1444772461,-1437863300
10,5,0,10,10407,1187390220,-687438945,485107240,1965218697,-1928704366,1564242471
1,6,0,10,10407,-2014090739,-1475397056,1956715948,-1861942672,1713541210,953546407
2,6,0,10,10407,-40389348,-1072318746,-2126577678,-65243027,599463424,-188487784
3,6,0,10,10407,573688970,-386517817,860058438,-1029114724,-1129838786,-371885380
4,6,0,10,10407,-1238356380,-270337672,1139708806,1000660112,-622901813,-84305714
5,6,0,10,10407,-108830764,368294685,-582957883,337011222,-942830426,-998259216
6,6,0,10,10407,1383492613,-666114091,-1023126880,-346623664,1150244560,-1732949146
7,6,0,10,10407,1531752406,-1331225250,-1339960830,345895852,1492681251,-1230831481
8,6,0,10,10407,1668333263,1053348679,56196640,1330321139,323317369,-456168590
9,6,0,10,10407,-1177500258,-1527615140,1988779842,1470320863,-1551208205,-1571148480
10,6,0,10,10407,-821945931,1271865009,-733116517,1529091627,795560248,1925313372
1,7,0,10,10407,-1317345547,559708187,1346255516,127491102,-2108393619,1466983083
2,7,0,10,10407,-1288480213,-942624213,1849327660,-385368731,-819886462,2030111591
3,7,0,10,10407,-672142699,-1298766963,-617652251,-1678003960,1541466355,1572983960
4,7,0,10,10407,-1792427693,223952756,-204979945,954762259,1993478400,1890732626
5,7,0,10,10407,-1363896198,-201189867,2089435280,357199103,-1771907203,1863574238
6,7,0,10,10407,-782716488,-2035284518,2571875,-864315804,-229016444,-1052422637
7,7,0,10,10407,1239772222,-1119653636,-671542515,358575811,1843501757,125394761
8,7,0,10,10407,108733763,-2013975377,1527332964,1246600543,-220835454,318842979
9,7,0,10,10407,2036267976,-1363659947,644333707,-764945183,-979847129,1083619132
10,7,0,10,10407,-989850454,1605211231,2044104147,1857374715,500457218,-903602818
1,8,0,10,10407,1728585218,263053133,-520016787,847490198,-621806602,1164937333
2,8,0,10,10407,772244563,1562895453,-1050157549,182743567,1529200104,1823761361
3,8,0,10,10407,609878248,-857749083,-2047837063,376743620,-970808582,2001948896
4,8,0,10,10407,-112841158,-952907815,1827455179,-153028226,1200427802,756488902
5,8,0,10,10407,1559261898,328540538,701267551,1666017140,1168256377,-1087168114
6,8,0,10,10407,517111947,-953845040,1890665345,1180015628,-674447950,-139770618
7,8,0,10,10407,-324033752,1009317284,941917964,632084119,-412231285,-696114873
8,8,0,10,10407,-381739199,-669283605,1747114355,-880951581,-1895066214,-308035759
9,8,0,10,10407,325374869,-185521873,56005515,1248962588,-1124800159,-896912089
10,8,0,10,10407,778662203,-513573721,358376143,1916153685,573424827,-1519160573
1,9,0,10,10407,-1658190195,572586496,-906671084,-643344562,-1619434659,-588685821
2,9,0,10,10407,509114601,769965354,550652902,-118932485,1946433323,487910720
3,9,0,10,10407,1511715103,-697961618,864284978,-408733773,-1098043767,211100205
4,9,0,10,10407,-1295153126,1839875000,1685392376,-1893008568,-1064927587,828664256
5,9,0,10,10407,-2092762079,-356074386,-1683923862,-1485094215,-550097360,-1225559818
6,9,0,10,10407,-1298956590,-862640857,-691758898,1008172483,1025092944,37556057
7,9,0,10,10407,698612739,-754394,76274174,-437242837,-1626839266,1240343655
8,9,0,10,10407,-882568046,-819360148,1387358127,-1559799835,1124485993,1240868291
9,9,0,10,10407,1275873266,608877198,-1558112574,1753088518,1647823199,321420156
10,9,0,10,10407,1361019664,-925525672,881976381,-2098309247,-625435034,-257093631
1,10,0,10,10407,1128578057,-1127277396,-1368035544,-2086726429,135106606,-1693927673
2,10,0,10,10407,1535267813,-1837499895,1482018846,-515920697,483242161,-106915634
3,10,0,10,10407,570093347,769811078,-204116152,1508282369,-740620348,1264996034
4,10,0,10,10407,-2095871135,1696431743,553856511,390517213,-1516274802,-731154345
5,10,0,10,10407,926515775,-2014587105,-1784001906,-509429704,-1710246693,611175155
6,10,0,10,10407,-439709285,-1173497658,-171682266,1469892708,-1796002791,-1054017968
7,10,0,10,10407,1336051596,1435986447,2099877075,-482969655,533837698,730684162
8,10,0,10,10407,1504505922,766599886,-537297777,1434421569,-1376833517,-1251475964
9,10,0,10,10407,-124269687,1364208195,-999895580,1009289419,-1324648898,-1514775474
10,10,0,10,10407,2092982289,-886533158,-421429426,1076763318,-1730102352,-1360128080
1,1,1,10,10407,2123558623,1422736862,-1067828993,-1036246346,-576963762,-1158085277
2,1,1,10,10407,-1628286392,468340171,-1401349876,-1487388567,1406847387,-1164659411
3,1,1,10,10407,6008869,1843870443,1418230522,1179242199,1505964873,-1575539742
4,1,1,10,10407,2099255397,-1375164699,-860300353,1732140972,-1119757417,-712668266
5,1,1,10,10407,1102689933,517104878,-1620705727,2115615225,-2018267158,506001027
6,1,1,10,10407,-1353684520,982117378,1065134745,2114274725,-1616344077,-850276118
7,1,1,10,10407,-1971333654,791985597,-10993494,1651637113,-1878117692,-805987480
8,1,1,10,10407,-1900143197,-2043244152,573019642,-970174717,449926274,822497082
9,1,1,10,10407,1605037219,-1233537965,1340068182,-748276176,-1668657538,-50837370
10,1,1,10,10407,-736961328,698704482,66708597,443118971,-859955662,-194755422
1,2,1,10,10407,-682896679,-1219626721,388834431,-69713746,-834356462,865372653
2,2,1,10,10407,-969402409,-1021641503,-2071954481,223499711,-1402617935,1659088388
3,2,1,10,10407,1493191438,-1865734725,411604038,1241372549,-947034456,1530095154
4,2,1,10,10407,427948461,-2055798858,730101366,53086056,-2147310166,-1739934754
5,2,1,10,10407,2044731330,-284197890,-1304035280,1511305595,-171288926,305174854
6,2,1,10,10407,1726753402,166348846,-1415595449,48641508,-2067297370,153138029
7,2,1,10,10407,1693968727,-418733583,1612436809,1278130784,-1258403342,552986655
8,2,1,10,10407,-273874804,397319296,1027674874,2020940074,-2002450312,-297250381
9,2,1,10,10407,-1440156400,-1505920486,-2137330320,-989343982,-1500315185,-1804801793
10,2,1,10,10407,-1347190266,-392132146,1427048095,-903759121,-1201804767,-1144573255
1,3,1,10,10407,614348445,1173905097,1048557704,-1991570492,328253644,-2033209479
2,3,1,10,10407,-44342310,-109073517,-543975684,-485211436,913792481,-859960952
3,3,1,10,10407,1162807088,11238162,-1653595778,-1870559801,-97368113,775881633
4,3,1,10,10407,332984657,-1647763418,-2135279357,422535392,-831057457,-1763198084
5,3,1,10,10407,630376009,808300570,-910229376,-1673057421,1919384446,119686722
6,3,1,10,10407,-1375709984,98247837,1255785851,1113053342,1063942105,-100533832
7,3,1,10,10407,957868427,-686988870,-1222328112,1053834038,-868242163,-1390778657
8,3,1,10,10407,-1413713362,1319511509,-646133103,-474787954,-487474213,-1241241824
9,3,1,10,10407,182830953,834714587,-667989166,1765991695,1090591802,-1743652763
10,3,1,10,10407,1503756486,1523540692,1914440242,84917190,-723341465,1118592474
1,4,1,10,10407,-551035326,-1067453936,-1406632819,-89686735,308506633,-1648213648
2,4,1,10,10407,-1723085894,-7991946,-124801179,1573172623,1988968859,1751251390
3,4,1,10,10407,-54976709,1699272501,1482183600,1377870243,1238258906,1237192827
4,4,1,10,10407,385875250,-738595625,-1031289342,1084263982,1043568323,-526757902
5,4,1,10,10407,-1676338059,-1455977484,1100108343,810939823,586217102,541516667
6,4,1,10,10407,-1782346790,-390992079,1825340888,1416844044,796344657,-111790850
7,4,1,10,10407,1728058399,-109468800,-60566384,-1707077861,-1422792079,-1047024057
8,4,1,10,10407,-995797223,736426911,511792852,-663959436,-871214454,-883959370
9,4,1,10,10407,-520921476,-721863339,664117568,-818606105,676364681,316254368
10,4,1,10,10407,48667501,-93003702,232876562,1834060099,-176988105,-862047251
1,5,1,10,10407,1049224770,1106887497,-108359432,1616571577,-1188015402,-2083340391
2,5,1,10,10407,336146098,376638614,-1304310800,-1258519826,1627408640,-916879894
3,5,1,10,10407,-137501127,-265831093,552006241,1905973260,1132471355,699490366
4,5,1,10,10407,1652257785,1323428911,-185440502,-1884222510,155631594,1682083018
5,5,1,10,10407,-297928916,1893099914,-1130834827,1648934616,688227359,1034324826
6,5,1,10,10407,-1859495542,-847628188,530424919,-474112824,-498679186,1681093424
7,5,1,10,10407,1237857062,1059775324,-477155884,783273645,1715662179,39149398
8,5,1,10,10407,159861881,-1094058959,-1464968553,-355838112,1222847025,-1758024044
9,5,1,10,10407,-686378611,1281744111,1646247364,90542699,516813792,-1615642784
10,5,1,10,10407,-1466556813,974517624,-1352499282,452232376,2112677706,-1657869342
1,6,1,10,10407,1220201051,436767943,-1973825870,-1060216007,-819933108,-1299730624
2,6,1,10,10407,-1199843304,-910913619,-1819909860,1773265847,646840866,2087793511
3,6,1,10,10407,-418642114,-1410276485,-1302493300,2145552640,763624816,315268504
4,6,1,10,10407,-1645868761,-1402210181,-1786722454,-1439808484,78624886,-1674223551
5,6,1,10,10407,-1017881790,-1053230835,356680909,1878502355,-547638625,-305228668
6,6,1,10,10407,646168831,831538260,-1609083543,-723189432,851429484,-729285009
7,6,1,10,10407,-740058842,825353095,-493992581,-1782769527,60185372,-578170599
8,6,1,10,10407,-1167016987,-1125903810,-1019966600,-117395480,-1220752776,-2116692168
9,6,1,10,10407,-1051057360,-1518052220,-1367589950,1856772908,-1427511000,-227217962
10,6,1,10,10407,-260233091,-2133673717,1704921164,-1472777841,2141934986,-193145492
1,7,1,10,10407,-2021389109,545410580,1242869989,1817470484,271165584,-1245129947
2,7,1,10,10407,-348555581,-1167550853,-1438578761,229143306,1813207939,-1863589807
3,7,1,10,10407,1760928490,1473224958,676251151,1570132969,828142182,508350271
4,7,1,10,10407,1472136278,1233128800,-1564701469,739061510,-763005704,972737190
5,7,1,10,10407,-515733067,-760249128,29025949,-1049218063,-1987397550,-1134249271
6,7,1,10,10407,-184176843,-1570845740,-2079629504,-897381687,254035144,366107017
7,7,1,10,10407,245078500,-1261654602,220445008,-814288252,-1534008206,-1832923428
8,7,1,10,10407,-1711002726,-1397737284,-2092141058,-1855402794,1728698764,-1065678059
9,7,1,10,10407,139742129,1470173176,-968017062,350785419,676384034,1059269062
10,7,1,10,10407,378891154,-194105576,809708740,-2027071200,1703051702,1163629911
1,8,1,10,10407,573922252,-1651495737,-30966324,12338352,1228374701,-1891999389
2,8,1,10,10407,816121365,-2079453767,-722989898,383351197,771866217,-1379765077
3,8,1,10,10407,-541622555,-182558087,1959592748,1827738487,429986659,-540592295
4,8,1,10,10407,-1791626217,-832649434,-977335590,1908832369,-1153563118,1754385484
5,8,1,10,10407,2034847439,1545204247,-1837066387,-1409371555,343118628,-457282935
6,8,1,10,10407,-545452418,-252662253,452308570,1976590839,-1484658837,-177423846
7,8,1,10,10407,1278946142,1736823954,-75417054,-1229462052,183809735,824678779
8,8,1,10,10407,1559199251,1624994593,-971192549,1845216806,2116728052,1920011846
9,8,1,10,10407,692604300,-824457740,-1223668115,-1188388818,1166809915,-587822519
10,8,1,10,10407,-1453763684,160760525,-1826679875,-1187274081,743500529,1406740866
1,9,1,10,10407,-136825589,-1946165561,573187484,-2126001175,1693333551,1095188002
2,9,1,10,10407,-1023284116,-683148756,-420198193,2135771095,-1688270559,-1845975598
3,9,1,10,10407,322064623,-37557812,-341690163,-1395561231,-1779037914,2138205549
4,9,1,10,10407,-1604836827,671070209,1892790086,1052934418,-1793732988,-629158947
5,9,1,10,10407,570650909,1344476839,917969428,-625203132,1046913667,1156495178
6,9,1,10,10407,-2121282383,-1891329380,266140508,1304971056,2020311040,1702055949
7,9,1,10,10407,2015467210,1060766228,-1411928862,-1200365931,716482509,-887146865
8,9,1,10,10407,-617011636,-1037890731,-812523098,408624883,1574237865,-532658935
9,9,1,10,10407,-196532146,-1259456863,1714901148,1004384765,831240602,720961983
10,9,1,10,10407,-1680399681,-1720047014,-1294565844,1067189545,-1510253147,-922554022
1,10,1,10,10407,-982039401,107719740,190707748,-1825396,1238676899,1846359604
2,10,1,10,10407,827697462,-1678477409,-1050116202,277936809,-1603406963,755880153
3,10,1,10,10407,419010555,1603232437,1324743394,1373613578,617644019,-1325817777
4,10,1,10,10407,314100835,316977552,-1059955023,1438879597,-2075950065,-1297622109
5,10,1,10,10407,594706695,-56525118,314272945,-960209923,2077645333,-1519273889
6,10,1,10,10407,472838704,-1353532506,-1251417197,224118918,480276103,-1773962922
7,10,1,10,10407,-1093294512,-991472320,915260068,1501075293,-284751360,24893493
8,10,1,10,10407,-1144137797,-1944630402,-904115453,1762733553,-761316560,-1152162628
9,10,1,10,10407,349409440,1361189346,-1790855810,-390631376,1201668919,-258682255
10,10,1,10,10407,1510798659,-1450349812,1919135082,1171377814,107765831,564102385
1,1,2,10,10407,-72625928,1478186055,472250150,2100851610,735729455,-1039649483
2,1,2,10,10407,-995291796,374316705,106961991,465846272,-838658676,-525053223
3,1,2,10,10407,496835607,1372969814,-1206764323,-635117588,812701166,1815752835
4,1,2,10,10407,-2104034024,1621983494,999131382,-741542275,-1773255894,-1452574140
5,1,2,10,10407,542699581,-1853599651,-1551859478,-1801708230,626460701,1582214741
6,1,2,10,10407,-1313398365,2095866571,-410090161,-1548789555,-1367355793,45820299
7,1,2,10,10407,-1894168309,1127583988,1229182486,-782753926,1510637463,970320636
8,1,2,10,10407,1331180201,218506891,1921769172,-900511081,210617947,250892580
9,1,2,10,10407,-702632616,-867383659,-1195846739,426994998,-450798836,-580101755
10,1,2,10,10407,369389104,867130352,-840906842,-120013848,-2081407341,1605140809
1,2,2,10,10407,-222250059,-1204144277,1400526454,821077649,-90010143,-1677966597
2,2,2,10,10407,2081719448,2095507638,-1923616345,-97268765,631564813,-1663603073
3,2,2,10,10407,460086175,-814794698,785706766,-1320423894,-805005249,-409532048
4,2,2,10,10407,414933343,-666950129,-574838750,1058889506,1225050882,-1287733132
5,2,2,10,10407,1136094783,-1879423700,135611764,-835828292,1237118564,1217117807
6,2,2,10,10407,-1596084728,1269576391,-1563747118,-714431987,-1946861141,1804424552
7,2,2,10,10407,-949087472,-1783316301,-1307060176,763827610,1191099174,-727010077
8,2,2,10,10407,1260073462,-1614856769,-1923773691,1181342403,-1833844737,871587653
9,2,2,10,10407,-1225031105,1498488196,2820166,-558252072,-1419087571,1750680048
10,2,2,10,10407,-1419346722,358121997,-242252730,490511533,-1863048816,-1911132248
1,3,2,10,10407,-31964502,1320743918,2075952949,-1367113680,1964760966,938195403
2,3,2,10,10407,-821897501,-506240738,2021696040,1769519135,1470472649,1201948020
3,3,2,10,10407,-858476338,-293516416,-1073580239,-1248175738,1951464727,-911608815
4,3,2,10,10407,-789115069,-390587540,-2008298614,-590386987,226001184,1457219175
5,3,2,10,10407,-124683660,-262789878,1601299495,645788169,-1700595061,-664363134
6,3,2,10,10407,509955454,867811939,-2026845133,1427416135,-324751133,1265326462
7,3,2,10,10407,494847133,-1764144440,1282232493,987512298,-1305001169,-355694101
8,3,2,10,10407,509452372,1658036535,1626442008,-1697179135,-814423767,1720924168
9,3,2,10,10407,805427527,986972667,1251977295,1385454239,-1262464635,2095150991
10,3,2,10,10407,-163509584,1357792645,1761209646,-1016591332,1921946206,2142559170
1,4,2,10,10407,2063815348,-1688117198,-1989027714,2065725524,-1072809071,1166444993
2,4,2,10,10407,2112576401,1714057857,179389237,104970796,872649704,-200932921
3,4,2,10,10407,-1166631433,1542518509,735975486,1194709481,2114000806,1501532803
4,4,2,10,10407,-5271744,-1921395282,500115521,700568788,310366441,-1854510211
5,4,2,10,10407,1115685747,-1117019793,1741399771,730166663,-787167609,1892702047
6,4,2,10,10407,-1478135560,1398406759,21209330,922014649,-745987343,-1359512556
7,4,2,10,10407,1193467688,-330879923,-104998503,-295668495,1488535212,1599334276
8,4,2,10,10407,1929179910,-1924382582,1995353522,-550568978,-1752499069,-1751757425
9,4,2,10,10407,60082740,-621701675,420326038,372951594,-684758965,-2116496066
10,4,2,10,10407,323356289,-1061167072,-1936269372,-1082536553,-1478541028,-741573210
1,5,2,10,10407,917116133,2035285922,2074122191,-937696326,-1256257196,1032150031
2,5,2,10,10407,-1126450109,238383052,-1366045347,-2066477455,1073953188,1918988860
3,5,2,10,10407,-1809191148,1324582914,-370615336,-79174131,1160816480,2063595187
4,5,2,10,10407,-1246751767,1582777630,-2058823223,-1875894662,315259732,-1188846425
5,5,2,10,10407,42644257,-260768779,-1273787259,-39559689,-378223041,2076015711
6,5,2,10,10407,1903563540,-920050671,-1136538440,347579773,-216813257,-2081673722
7,5,2,10,10407,585091698,827505088,564511179,179557047,1976939670,132718332
8,5,2,10,10407,-603442811,1279074186,-1750616342,-1484292734,2056372052,360332432
9,5,2,10,10407,-1254836188,1546855032,-1027742505,-1677776295,128608253,-284187811
10,5,2,10,10407,2119204032,1279875697,-722727864,-1408802434,-1221939518,-1755205913
1,6,2,10,10407,-422270736,-975829513,-1744961351,-356843690,-746548049,-864246935
2,6,2,10,10407,-1202000009,600458300,366340377,-1541081378,-1478191384,627907365
3,6,2,10,10407,1340501919,-1299760853,-1581453882,-1235024646,1792075943,-1472343891
4,6,2,10,10407,1458533086,1589517264,1019824102,-1185611171,-243007918,-225295252
5,6,2,10,10407,242072259,1566372218,-284752679,-669232706,-1979103549,-851727744
6,6,2,10,10407,-1435017515,371495106,1192611242,244665264,181188298,-288499619
7,6,2,10,10407,551189153,1641152848,-1735171440,-1672885148,890646540,1704682002
8,6,2,10,10407,-22160506,1783362276,-234816474,-1096961552,-90145910,1756636158
9,6,2,10,10407,331157678,-631751650,1516948050,-1153251569,1145302162,-179724955
10,6,2,10,10407,-2133810087,-605852308,1247228766,56990659,-400615496,-2112254707
1,7,2,10,10407,1847603727,921967582,-1643539145,-1520668639,2076944806,-69907110
2,7,2,10,10407,-1747508161,1967236590,1333139418,239539945,1140955205,-916823258
3,7,2,10,10407,-866935232,-378911202,-1311443723,659045565,424197594,1077126582
4,7,2,10,10407,-348908158,-1831794074,1122824668,1927183597,130426574,319171419
5,7,2,10,10407,1637747319,-1209622628,-708481298,311286422,-1508128369,1617568136
6,7,2,10,10407,-771640759,-555660284,2125609442,815824422,1630612017,-1921749646
7,7,2,10,10407,-1465712565,1728580660,1011347286,-2141735464,-963639440,-1721648433
8,7,2,10,10407,1672884190,711106,1957221092,627760187,1486211677,1768182217
9,7,2,10,10407,-1400255014,31107459,658394326,608562955,1118217061,1421976590
10,7,2,10,10407,646183893,-1337479272,860477260,852950100,-385951482,668806214
1,8,2,10,10407,153155016,-1834935238,-820493686,-1365345247,-189303411,-1922849952
2,8,2,10,10407,-236838698,1479205596,1999002774,-146059587,-1529573655,-455065120
3,8,2,10,10407,869474109,-1151419072,2065297099,1499836096,514586581,-2143579287
4,8,2,10,10407,-106935599,-525488171,22579883,-516429816,1321342889,-1450859286
5,8,2,10,10407,1103530708,86583599,-1100906158,1640540955,-426676075,152445940
6,8,2,10,10407,973562409,-2146520516,-252308288,-1063416766,388374410,-23681116
7,8,2,10,10407,-1654593201,843724351,549276224,1412210887,-122481621,-1505879294
8,8,2,10,10407,-1559658083,1115981048,-529815014,-812906171,-2023392462,1584172596
9,8,2,10,10407,1162302718,1228213538,-174717489,-622462745,2031429441,-48085790
10,8,2,10,10407,-2132723389,1228897691,-831189778,1338077117,827923379,-1230788371
1,9,2,10,10407,-746041156,1013830581,-151143385,-1332368343,-880712357,473050040
2,9,2,10,10407,1960772110,1506577599,-972553553,1154200704,-1037285347,-792620068
3,9,2,10,10407,1727461651,1863432344,1451400254,711621783,1461345994,390217613
4,9,2,10,10407,-635148640,-1931738521,-1369585024,-1831909036,1570594829,-1625168113
5,9,2,10,10407,551252585,78989280,-1278775568,509196478,-836664758,1028597777
6,9,2,10,10407,865017348,777354138,-734992659,1278671299,-1687920341,-396027104
7,9,2,10,10407,-1164057282,1521635448,1230595462,-249034848,-1462563279,816390313
8,9,2,10,10407,1925934939,243390825,192067317,-1982364990,-1855759170,908320311
9,9,2,10,10407,1239654170,-1182866225,-328068317,-1311882975,296792464,889122079
10,9,2,10,10407,1279809145,1302941551,-1160062811,-745391919,-401072501,-2013768039
1,10,2,10,10407,-1735295430,-1222370973,-1442656811,-1725086208,-1510175577,1712003343
2,10,2,10,10407,1540115590,-614724973,1491252633,-1226031695,1512438053,-2063019216
3,10,2,10,10407,-422865278,902285460,1161718720,555269840,1509962602,-1491943603
4,10,2,10,10407,-1089952685,-131771195,-1793402578,-1423445193,888752885,1626544336
5,10,2,10,10407,1920101877,-1780961464,-1288917726,-1410095956,-355727520,1130178312
6,10,2,10,10407,535419229,1976115904,819526988,1361690512,-1735842117,223382332
7,10,2,10,10407,264092713,-930000054,1095031778,849487608,-1377972555,-462107103
8,10,2,10,10407,599441293,-541756780,1841375562,800187516,-1531445944,-1425437498
9,10,2,10,10407,-1632627114,-194290422,-41461683,-1294827897,-997770855,-1993009365
10,10,2,10,10407,-71309894,-1821295993,-239852730,-1441289250,2141842907,-2105599136
1,1,3,10,10407,-1124074095,1844971877,-1764327891,-1709411831,-1920623581,-1538381150
2,1,3,10,10407,693040080,748111978,-67726471,-1949087069,-477835983,353483194
3,1,3,10,10407,-1852276009,950516709,259024531,-213337859,-1061224421,2017608354
4,1,3,10,10407,-237540690,-112129490,-259978330,-145671467,1455245395,172081527
5,1,3,10,10407,593774979,875210242,2042411062,1045940905,1975374410,1297270191
6,1,3,10,10407,-42094395,-1442581572,-955371681,-1590272756,-2005656548,2103243608
7,1,3,10,10407,1720433718,-2129043860,730207050,-1035198573,2122222791,-618013579
8,1,3,10,10407,-1130001885,-1972160056,1561700533,63923473,-1924379536,-1112723759
9,1,3,10,10407,2071702048,-1911548188,-915949609,1418966272,-1291238328,-896972375
10,1,3,10,10407,-1355492537,1189819151,-1611265583,200890652,979154160,-1933483626
1,2,3,10,10407,-1499955095,-918809752,-506617414,479231309,1636239652,-1431527227
2,2,3,10,10407,425743614,1079057243,-701008052,763847701,2074278691,-1604454385
3,2,3,10,10407,-744354708,1473522460,715814621,609716399,-1338147859,2087121882
4,2,3,10,10407,-1605577824,-450599608,1731325901,-158219531,-1134228937,950726215
5,2,3,10,10407,-1650576033,-1609456496,1191845494,-166752048,-1339360990,270184474
6,2,3,10,10407,154317248,176178369,1306881178,1982312286,-540603481,1716020582
7,2,3,10,10407,680156850,1457019992,1064750868,623098855,-1272712016,27722529
8,2,3,10,10407,-161215080,-258719229,-1154376122,123687294,2059844530,-1537951090
9,2,3,10,10407,908522808,-1268547741,-566489747,-1433091043,-2121743163,1868788933
10,2,3,10,10407,-1787411205,-180975516,-1834433697,118622479,1179620371,-1530933158
1,3,3,10,10407,248356546,-1109943807,-1793543293,1264328892,-2103775416,1266808261
2,3,3,10,10407,-1065564240,158132704,-355687429,816903330,-1960464653,701799689
3,3,3,10,10407,-757648016,-1835133886,-158042377,1806749194,606487186,584755127
4,3,3,10,10407,-453628887,-2123152892,-1069361869,702383862,-1825853799,-103233815
5,3,3,10,10407,549556856,-1848759143,-133631222,-553904993,766287332,2005362091
6,3,3,10,10407,92228946,-1126382821,69121656,1358638411,799434753,-2023433685
7,3,3,10,10407,915802074,1189726209,1954081403,-2105958187,231275419,1355376664
8,3,3,10,10407,179107782,-2093189218,890061198,-172440598,933580365,1724277614
9,3,3,10,10407,2121427535,-614922780,446332732,433138118,2114248579,-520328870
10,3,3,10,10407,1716851787,-2050387462,-66698783,-942053314,1030099222,-54697400
1,4,3,10,10407,457684084,898383781,-1819653279,-1549883645,-844595104,1129991082
2,4,3,10,10407,-406908013,-872838174,267946033,-1657813251,1030675495,-992763696
3,4,3,10,10407,253801722,-1037593222,679793078,-1131888206,264650927,-2060390817
4,4,3,10,10407,54748691,2070693203,-2007521303,222887949,187548282,1874951344
5,4,3,10,10407,1388050041,-996975945,-1311764012,1386218028,-711479009,-1168779111
6,4,3,10,10407,-979951226,-613143392,736610896,183698528,912436228,1787325179
7,4,3,10,10407,-592354419,1351126226,-221063282,864466490,833930749,398393812
8,4,3,10,10407,1446331412,-1771139478,1003622454,-334815059,1246094560,-1839735729
9,4,3,10,10407,1116546489,-530458928,1432719158,245209052,-2021785132,901264493
10,4,3,10,10407,469222537,861165207,-2090918931,148251968,-244430531,1607581913
1,5,3,10,10407,1391820272,-675531112,-1234730439,857082962,-1247458120,-652914448
2,5,3,10,10407,1028879464,-2008593687,-1947888540,950120770,-1563855146,1775874424
3,5,3,10,10407,-1541494297,153105050,-564778648,-1305045770,-177298408,966474267
4,5,3,10,10407,-202919995,-1544614153,-685261470,-341165348,1284021687,1279474817
5,5,3,10,10407,1137422863,434866983,484819500,-873957547,-181824769,-575765473
6,5,3,10,10407,-739348732,694159726,1494836913,75474147,961534957,-138566547
7,5,3,10,10407,881137691,-380759983,756011285,400305130,-884341895,146968613
8,5,3,10,10407,1366572177,-1733556118,-1579373935,891479414,1556527344,363608648
9,5,3,10,10407,-583362116,915382284,-619618844,136926512,2128147452,-1773393071
10,5,3,10,10407,-372537348,1316155305,1870520912,158042571,1661775474,1232919157
1,6,3,10,10407,-1995342603,-1384606846,1180331393,-697349794,974185002,-1365357603
2,6,3,10,10407,-1530259888,-1819542805,1223124960,644145229,947014137,-109892726
3,6,3,10,10407,1953711214,-853902735,-1263837164,49887324,-1921363158,455884138
4,6,3,10,10407,-999808979,1103893341,2110119846,1840499018,135502827,-973656286
5,6,3,10,10407,121375119,200129443,-146632081,-1523339051,1703209080,756652090
6,6,3,10,10407,1813931336,956568596,1727321377,-2130871726,-1702129822,-544714235
7,6,3,10,10407,-1461938659,-748562422,-1655537773,1504655013,1255467551,476743502
8,6,3,10,10407,-1867754125,1921524282,-900509587,377710672,-1769216978,1187606278
9,6,3,10,10407,-1010591634,-1608688561,-594027558,1768509799,-1973674801,1517615302
10,6,3,10,10407,605576024,1242393142,276451190,-553502126,416509864,-842134603
1,7,3,10,10407,205409654,-1382275923,997598760,-142002366,-320376897,1028538034
2,7,3,10,10407,35750404,-1586934992,-1850202486,-575974816,-1783906688,-46617063
3,7,3,10,10407,-247471318,1624428611,1411662001,1677953173,1196393581,-996598532
4,7,3,10,10407,-1356566192,-1970079210,-1480497158,1918117567,-872489000,-1446174750
5,7,3,10,10407,-1286392117,1421923126,707008777,-171967180,1213403982,1619946254
6,7,3,10,10407,-1019719423,1349645996,493344844,-610645431,-286984643,255431772
7,7,3,10,10407,-592922139,739109808,-1594909225,-111408092,1162467328,-669769259
8,7,3,10,10407,891156751,-399604109,-23467780,-1470774135,1968329796,1853689326
9,7,3,10,10407,967765695,-549907771,1643422186,-2015616635,-1960805272,1208179927
10,7,3,10,10407,1369260052,-872459414,2139029527,1192395673,794017255,-1468037639
1,8,3,10,10407,-957502603,472148427,-1440906445,-1450642447,-1063054637,-1191288920
2,8,3,10,10407,2129520304,-596171019,-1381689598,319625300,1080052130,723489629
3,8,3,10,10407,-1784504122,1125087620,887591679,101865124,-206685621,26903016
4,8,3,10,10407,-1577531975,356767882,1912611774,-616930878,-641066021,216296311
5,8,3,10,10407,-791677307,1460608362,-1370425873,1607696908,-1527280460,-1621577940
6,8,3,10,10407,2081071425,417274063,-1698233959,-174403866,-84905725,-731317874
7,8,3,10,10407,1817243530,1631833688,-2092073640,1526138033,-532857491,736340634
8,8,3,10,10407,2111379190,1107668824,-516334732,1574090375,-951269587,839665885
9,8,3,10,10407,1571036358,-1498767383,-928183113,2046077840,-1826648965,-1843062794
10,8,3,10,10407,-1015939409,424651125,-1384621856,1954762606,-1175161743,-1335477929
1,9,3,10,10407,-279575875,-1802239629,-1548104032,778077846,606522771,2024483247
2,9,3,10,10407,-1616656303,-834814791,-455757089,-318820996,-768384504,-93359623
3,9,3,10,10407,-276846300,422740179,-1850843858,488756099,1009041933,387742056
4,9,3,10,10407,-209903782,-478578694,-1701200802,1889485314,1368438570,-1968016343
5,9,3,10,10407,1757896634,-1954035524,1913927901,1993820175,-997564541,-1039177319
6,9,3,10,10407,1010049137,415152850,-1316553213,1235286020,392580998,1159522977
7,9,3,10,10407,-2122325763,-1467701349,-1128146006,701002960,-415431201,467208865
8,9,3,10,10407,-245656772,-1636043000,-388113410,1948545828,-422441827,-1513024331
9,9,3,10,10407,-343027074,-2116934794,-1123363684,1491136487,-347735846,-2139274212
10,9,3,10,10407,-486458159,173091587,1682456513,-961541260,-487050925,918914937
1,10,3,10,10407,-800530432,739304382,-925975976,1019353340,613948111,2026112633
2,10,3,10,10407,-504530611,1054452040,980026192,-288804028,471598287,-533615499
3,10,3,10,10407,-1090279726,268504099,1719919653,-659025054,-1597602873,1174508798
4,10,3,10,10407,559630513,-1131564167,-1135380029,-1063240000,-902450354,-1704070769
5,10,3,10,10407,1695669600,1710164882,2079419378,-771416864,-203406572,-738875286
6,10,3,10,10407,1835091391,-1796601676,-1015252591,1272289836,2069004748,40720363
7,10,3,10,10407,516180562,963581457,949929404,1124453780,-606696479,-77186559
8,10,3,10,10407,510773058,1034264576,-324528783,-350516211,-1330036498,220348621
9,10,3,10,10407,-1598586982,1559810010,32743132,-571941021,-586926254,-885125178
10,10,3,10,10407,-1103246832,-1745921120,-503950621,-1036055745,1422557881,-284184468
1,1,4,10,10407,1846616759,-1374119390,821402024,-1822364801,-104835398,-961881826
2,1,4,10,10407,1049238727,-376965299,72996859,-467971308,948397916,-26661657
3,1,4,10,10407,2081675562,726632631,-934300062,1791207306,-2022762085,604434285
4,1,4,10,10407,2093338052,-756046621,1344186194,79992908,1307112807,-429606109
5,1,4,10,10407,557485080,-2097359167,1147247982,374237654,1173330086,-578897411
6,1,4,10,10407,785003464,-1279808050,1890327565,-215873909,1029856660,1352948717
7,1,4,10,10407,-204024459,-2034153258,-257778319,-1496248898,740297999,-1613189068
8,1,4,10,10407,-51870359,-331520,-221143089,762718348,1797907338,-1083589891
9,1,4,10,10407,1809289675,-2025478603,-1341228847,-1132943317,468998794,1474526813
10,1,4,10,10407,496928516,2100245923,-1267388907,-1959972180,-208308946,526896205
1,2,4,10,10407,1798696180,1202465926,-601900910,1848727236,-1471564650,970876459
2,2,4,10,10407,1096661730,-353940815,1322977298,-1793682069,-1113806549,139058548
3,2,4,10,10407,779980674,-2101205271,-2120877680,547399294,-401050951,-1822848132
4,2,4,10,10407,-1683918745,113072135,-1691137432,1630769117,828082050,-373691815
5,2,4,10,10407,-682666351,-1802959495,951711138,1521343433,1169355048,-300533625
6,2,4,10,10407,15524460,-179483855,1145970679,-144405634,1914280190,-736810946
7,2,4,10,10407,-893426592,-2012369778,-18184614,-1503661963,-1997003104,1810072850
8,2,4,10,10407,-1640590566,-1365630624,1810858851,-1565889438,381550079,-290562750
9,2,4,10,10407,1282365993,-880982691,476661864,-1896804484,1232277602,1200566145
10,2,4,10,10407,1745989265,993033620,1111500269,92049529,560180557,476280803
1,3,4,10,10407,1995300308,-1656378853,1368683083,401347974,-1516444218,-966669212
2,3,4,10,10407,-765680276,1058665341,841187101,-1731200611,-1288498124,-1349947959
3,3,4,10,10407,2071448619,-229844661,1219414838,593758971,1786919432,751877533
4,3,4,10,10407,-1690130287,658952552,-291309168,-1763301277,-2117278355,-1034611587
5,3,4,10,10407,951070957,-953204766,-1481542687,-690775069,-1213846801,594928811
6,3,4,10,10407,-124433965,-2047935627,1499164808,1804822325,-1542525411,2056118802
7,3,4,10,10407,-351517583,-102791417,1839267386,1563011368,358644734,-93872068
8,3,4,10,10407,-518608959,-431155547,-1852437313,1361206655,-602533921,-934331734
9,3,4,10,10407,1287620059,2010358205,523553843,2056048427,2027976052,-1824959078
10,3,4,10,10407,-315968465,1521659847,1096375776,75202970,874473781,-1563207936
1,4,4,10,10407,-1776780969,-1023933970,1264102974,-1278358813,-806887403,-1551558644
2,4,4,10,10407,895816994,-1128292503,292922562,839909298,-1004349730,-464732446
3,4,4,10,10407,1487544898,-2066207009,-1517568959,1366712250,-2088994486,-36490366
4,4,4,10,10407,544913339,750228877,329846359,227841566,1143016578,1288675723
5,4,4,10,10407,-667889338,-1303653480,-292990269,-1939125151,2133202091,-1078785108
6,4,4,10,10407,1486340846,-1187734103,1245092857,-935232347,607540114,-1788354289
7,4,4,10,10407,836519870,-942422450,67016362,1946343882,867213855,-261804122
8,4,4,10,10407,2067452354,1178776623,-134269563,-355131016,-1460576758,1542768195
9,4,4,10,10407,-431272978,-1401252525,960685047,128537257,-880360488,764890360
10,4,4,10,10407,-1169911025,1692947110,1307130893,1377270784,1392599027,1526668066
1,5,4,10,10407,794456119,1241881845,1240595047,-999673972,1268966502,-1253920202
2,5,4,10,10407,-864426049,-240283799,544334581,935169732,-1142464838,1780372586
3,5,4,10,10407,875501167,-138283637,-196637874,-1889330040,717304703,677498952
4,5,4,10,10407,-1506657476,2102156267,1643067821,432040533,1929844921,1967728479
5,5,4,10,10407,-1127647871,1664385502,681789783,-1136392561,643302644,-1847997411
6,5,4,10,10407,-156413411,-1509419436,1235250568,587673402,779417061,732492355
7,5,4,10,10407,-102543118,1254875688,-464301815,-511104254,736867209,-1477564334
8,5,4,10,10407,1794279774,973943898,1994571546,-1239242530,1947622705,1197131698
9,5,4,10,10407,-832825080,851916483,-101093606,-518481309,1109195144,529220494
10,5,4,10,10407,-620064431,560482734,-1410676568,731679375,1191343947,507731094
1,6,4,10,10407,202074812,-2066443381,857181917,-1039868347,2037384837,-1424147905
2,6,4,10,10407,927559393,36333967,-788205394,1807565690,596003903,1548153282
3,6,4,10,10407,-1554988854,1308831954,-946790004,321140451,-2018328146,1104456726
4,6,4,10,10407,-556425853,395845702,258941384,-202880359,1781124685,12744572
5,6,4,10,10407,880815506,-1693611820,-2080213858,185287009,1923518067,-1275572054
6,6,4,10,10407,168508646,745776575,-1008342534,-1669449836,722523580,-982857372
7,6,4,10,10407,1302105516,585545261,-747468166,1841123557,1605020225,-673384069
8,6,4,10,10407,1173380670,1361166895,813517469,-1396346968,1481201438,-609425310
9,6,4,10,10407,1920424723,-1568767209,-230357400,-1591909162,413737028,-1520338555
10,6,4,10,10407,948652147,-1690523257,-478119524,1519446390,264857109,-951546942
1,7,4,10,10407,992655721,251200924,-445821363,193304988,-2087434537,-1712543562
2,7,4,10,10407,-1611738367,-938658523,-1754110948,681817915,1487950286,-543278406
3,7,4,10,10407,819324751,-1216542021,-1694664937,-1623251901,1454693562,1700997103
4,7,4,10,10407,-251870504,-318216288,2027318650,413938269,-1653452438,-1060325213
5,7,4,10,10407,887235376,875862068,867723274,724771301,-245691195,-76232048
6,7,4,10,10407,1167188262,779928544,-522146563,-1919456504,927785304,-1804003431
7,7,4,10,10407,50215606,1748790774,-1561064510,-285592233,1686088706,1757034499
8,7,4,10,10407,-1195970769,-1536567851,367772034,1460137241,1777221892,1568958790
9,7,4,10,10407,-1114318309,270855320,-1976019130,1526941723,2118420337,-1028109733
10,7,4,10,10407,-604184639,-517336763,-405668474,1293297867,-2001995798,-1594234801
1,8,4,10,10407,2031925684,-401553024,116751919,299506554,-186356101,378049153
2,8,4,10,10407,1334296709,-2085224378,-847104033,374038219,-723644960,1085884152
3,8,4,10,10407,-678314897,124608385,1647660442,-908920720,-1041079367,-512871833
4,8,4,10,10407,1400569962,1349083873,-624721484,-772481852,1368741724,762900854
5,8,4,10,10407,-227014816,-332312318,-1138236323,-1555699938,-658347500,-657249948
6,8,4,10,10407,834646034,-195397182,282102408,-2058325018,-646120618,-124286206
7,8,4,10,10407,-1875322875,1468391910,-1267810663,-2070136983,249684966,488435850
8,8,4,10,10407,576952842,2073891926,-844262696,-780937764,1402616616,470171213
9,8,4,10,10407,-359527746,541043442,170851705,-916567377,-950008950,-605253688
10,8,4,10,10407,1696886027,614912956,-1738972410,1012024313,64724933,1404421413
1,9,4,10,10407,-1768930069,-165425164,1635401045,2130131106,-309489850,-1776126560
2,9,4,10,10407,1163821347,-865718427,-1896358577,-749822211,913218822,-901709753
3,9,4,10,10407,-2040729616,-672241058,1424740565,1878861147,626978811,-1852248752
4,9,4,10,10407,-333216797,-1041024578,196858874,-1160919441,2054981134,-1300276121
5,9,4,10,10407,1451966449,2073829114,-2044062270,1204446473,-985126710,1064628092
6,9,4,10,10407,-112283945,-986000095,-1040851814,625781375,-1562231592,1240693913
7,9,4,10,10407,-2135419611,-433438747,-1519677785,770915420,-1418644146,1052108143
8,9,4,10,10407,923264010,1539744489,1353044651,1308215986,-1948886518,1820298213
9,9,4,10,10407,-790345536,-976497254,-952532280,1437275566,-156350007,-1581539019
10,9,4,10,10407,1093061912,-2112911150,-1303271859,-1545592590,620162025,-1305561917
1,10,4,10,10407,755802319,1484136813,-1765823400,-1867278061,1440579688,-1543213178
2,10,4,10,10407,435965585,-993417125,815410586,1539772559,259681922,197335286
3,10,4,10,10407,-1735397837,-745828057,1581243809,-1943336853,1674397840,-622310113
4,10,4,10,10407,2047318124,-1760472168,-1587139086,1982038279,-1113466276,861478173
5,10,4,10,10407,-88900655,1792366087,-99870497,-1447238248,710407306,221446914
6,10,4,10,10407,-2086380362,-1907866036,1425011032,-987120779,-598538145,754257864
7,10,4,10,10407,-800512184,-1353702235,-123051861,-1199267045,1881878940,-358814976
8,10,4,10,10407,1582101444,1197485649,1983123002,-1601031500,163068974,-417660108
9,10,4,10,10407,-338353591,2114510926,-1641108178,-1520853842,-526745789,937295927
10,10,4,10,10407,-714438958,1207656564,254860238,-1429245071,513746203,1802310152
1,1,5,10,10407,1065550491,-391140866,-1219471902,-1633444583,-755864547,996791732
2,1,5,10,10407,-535708224,-885733458,-2007854032,455205023,550166210,-1460350399
3,1,5,10,10407,2138561143,-1604140326,-1467989952,1035319624,430301800,-467058845
4,1,5,10,10407,-758867950,-661468360,387414141,2025662388,-2050379921,-961860835
5,1,5,10,10407,-876842607,-1513720484,1166282614,31424342,-1041537157,-65580344
6,1,5,10,10407,-1684593489,1478129608,-417430449,-1361034445,-772423246,777075152
7,1,5,10,10407,914402843,-1327100070,42278524,-1367389048,-847995524,-2000917056
8,1,5,10,10407,-604844933,1546493816,1290766121,-452726800,-1559121515,-1214095860
9,1,5,10,10407,821431451,-1774667673,203315085,1763459069,-707079086,1416374250
10,1,5,10,10407,-1657093359,905054368,1396548163,-383060947,-2094915599,-894745641
1,2,5,10,10407,-799959831,-1974484887,604708537,-755523249,-1160089453,1455347120
2,2,5,10,10407,-924087078,1232600120,-1291770354,242246335,-670438218,224698247
3,2,5,10,10407,1235902599,38426862,-492874061,687520025,-212435890,-1212916063
4,2,5,10,10407,-510623796,-1690349022,78507355,490172791,-359295394,953378897
5,2,5,10,10407,2085978490,1426588588,-1660043933,638312215,-741272539,1117984875
6,2,5,10,10407,1310643762,772069687,-2057000598,-720867212,-976145227,76460152
7,2,5,10,10407,-1242211201,-900396574,1741549140,-454807563,-1178460651,-847378851
8,2,5,10,10407,-329898755,-676614784,1733004223,2000510090,-1137729219,-2009228314
9,2,5,10,10407,970743587,-1352304186,-756468261,-137469023,-912953469,-1138442263
10,2,5,10,10407,-1979643927,-108578643,-282838950,-1764341773,-320623053,-80478540
1,3,5,10,10407,1110779900,-1447910800,-2135905602,-1703347068,1902316621,-857064893
2,3,5,10,10407,-713170141,97046748,-1292563060,478565414,-1367917216,-614281230
3,3,5,10,10407,1685551431,-776979169,-1944810432,1014165274,1602864938,2027289604
4,3,5,10,10407,-1914417885,-1342131195,-1929036557,508151692,1864141954,1350457744
5,3,5,10,10407,-1992914205,470166587,1321107807,-226120371,1384144863,1095594278
6,3,5,10,10407,1131206230,567028829,1897144910,2050159725,113222779,1480482755
7,3,5,10,10407,-364325451,847714638,-453205160,520602320,759950641,-1094460260
8,3,5,10,10407,434422627,831843418,2091712022,78778920,-7004633,-693953247
9,3,5,10,10407,1871567551,804549338,375810521,1865150308,855081850,-1082108886
10,3,5,10,10407,550883468,1008873877,-38498694,1083404875,685923364,-1125206717
1,4,5,10,10407,1067107078,-19479714,-1430275215,1769944426,-1352187476,1160760293
2,4,5,10,10407,-2091731529,-1115945318,1032619096,1770348171,-1361995521,-644931602
3,4,5,10,10407,-1065641588,-150847656,-985164248,1414583027,1700084511,-965599599
4,4,5,10,10407,760433942,-917387785,-452523147,-425993343,-773743219,-574967336
5,4,5,10,10407,835262576,2093287990,1136384951,-1860511582,1182186974,211134241
6,4,5,10,10407,591005428,1067432954,-281606741,-1858407871,-589200372,1174443783
7,4,5,10,10407,98465501,1467061546,-1287472566,1758689576,-1769023652,-475752745
8,4,5,10,10407,1253516501,-1004011761,305006822,-1156933844,327072944,-36800820
9,4,5,10,10407,-121052086,1837021920,940959617,1772566588,-1886880703,-1417466025
10,4,5,10,10407,-1992801326,-485447071,-524607777,-994836453,826233207,-1428505352
1,5,5,10,10407,-706109676,-1638854178,-1125008692,2024462587,1985859447,403061470
2,5,5,10,10407,-1168031165,-778266464,944424860,-1518331722,-533776310,1659891569
3,5,5,10,10407,-1677487628,166765513,1385679707,1131989261,1420058404,-1271154705
4,5,5,10,10407,679694052,-1118126562,-1502387461,-653318570,847883199,-522650958
5,5,5,10,10407,-140435807,181576752,-398427414,308969045,-1227742753,798544355
6,5,5,10,10407,-795615550,-1058118567,1444642943,-534123741,-1850581930,309675598
7,5,5,10,10407,-1291147510,761773265,-848720152,-372608314,2038217992,1148247528
8,5,5,10,10407,-460097847,314388072,1690696783,-1601107469,478739335,-822940806
9,5,5,10,10407,-2006188688,-2009972804,-1595779074,-923560665,-1274023852,166277705
10,5,5,10,10407,822224910,-237799764,-617781502,137111095,311007233,174518400
1,6,5,10,10407,2055258147,-1818973148,-1535515687,501310756,-319031374,-813873976
2,6,5,10,10407,-420640732,-961812664,346316943,1993086829,916932852,1868033083
3,6,5,10,10407,-1524056170,-191756916,587293781,2126905473,-1413051669,-1136524963
4,6,5,10,10407,-1101883644,-1663656332,-1582898377,1906431454,519230160,-145914583
5,6,5,10,10407,838076787,-117357518,1090380118,1275173746,924752375,-1897103586
6,6,5,10,10407,1944195812,-767286541,-245106150,449793415,-1419702565,1637297486
7,6,5,10,10407,130163246,1732379742,-1610358692,906152989,1483105123,679219459
8,6,5,10,10407,-238317075,-925582068,1185821960,1866646050,-1747185078,-599598694
9,6,5,10,10407,-316081496,1598338330,303718743,-937913726,-1021235121,50941155
10,6,5,10,10407,-1599583726,-70646011,-1067367438,-1324938096,-1737782873,329671574
1,7,5,10,10407,1475820457,-686867036,241316065,427849134,7161911,-2060554665
2,7,5,10,10407,1927557401,-2000595847,-245014478,1131769098,-115500798,-872088897
3,7,5,10,10407,456195421,-1349362513,1034043473,2046350803,-234861446,-1418136744
4,7,5,10,10407,-1734799725,1328860160,1246459271,638086443,420197616,1546684442
5,7,5,10,10407,1322838902,1520338618,-1759123481,-184353689,-1112343966,-1722190323
6,7,5,10,10407,661541662,-2143823589,1258528566,218466512,1826243818,-1353419113
7,7,5,10,10407,-1403624773,2043820874,1991298208,447845747,472205596,-1431878174
8,7,5,10,10407,-1405067219,-843216776,-1699704621,-849362712,-472123031,605336610
9,7,5,10,10407,382279225,614858782,1149101674,774053714,2136750001,866360111
10,7,5,10,10407,264987068,1420203427,-579811177,-1935753693,-629084934,1054826786
1,8,5,10,10407,-1998230880,-1650476145,-889566885,-522762404,1850092031,803097243
2,8,5,10,10407,724225069,1846793996,-1214411896,961244737,-2013477617,488652051
3,8,5,10,10407,8963896,-1715219125,-151776919,-1387815123,-347189835,-982481375
4,8,5,10,10407,-391019700,-878377998,1549172049,1672241111,1815963947,369178515
5,8,5,10,10407,-706835915,-1629336994,-16310633,-1837998628,1693784206,-1202161428
6,8,5,10,10407,1457922273,-1502849113,-1865540303,-689635679,-937530998,1647016876
7,8,5,10,10407,-957625116,-1972147668,1864868591,1898620868,-442504926,-2015333618
8,8,5,10,10407,1767405395,1200202769,-193276340,-1795035769,220061352,1744934218
9,8,5,10,10407,268154804,-440642495,-696918221,1074071227,271137493,365703863
10,8,5,10,10407,1521954542,959406685,-385040325,-1047080477,-1996775125,1476739324
1,9,5,10,10407,-262284162,158263426,1424553587,-147573319,1880168212,1060125897
2,9,5,10,10407,2068116538,1052208682,726448568,-953559704,-1591199736,1177951680
3,9,5,10,10407,1238614292,-655808671,-942071713,-860312689,-660567717,-1128028694
4,9,5,10,10407,-649548945,-906173855,-879680311,-1853600556,-666907789,779393185
5,9,5,10,10407,-1877072972,-40342063,131545006,249797838,197996136,778291990
6,9,5,10,10407,-1911794806,-1385687749,650517590,-1410230808,504883568,-52399179
7,9,5,10,10407,813635052,-1649940041,1560918537,623808931,1646199892,785252573
8,9,5,10,10407,211565444,38732629,-1522823143,-2000592161,1418279388,-1418509954
9,9,5,10,10407,-2006281130,1565546372,-44775989,-1504935185,207093095,-1832128771
10,9,5,10,10407,843200150,-1362002038,973609712,950172362,27210465,1802648584
1,10,5,10,10407,845731792,-1901537517,186885727,-1263762510,362187503,-1582491451
2,10,5,10,10407,1369222537,-1677501385,-465990933,-59938975,387419167,-6364493
3,10,5,10,10407,1966271314,-1764191866,1934159302,1222153259,-683290620,-1345587082
4,10,5,10,10407,490537089,1285938670,1637635835,970941262,1207787194,-845245802
5,10,5,10,10407,802847861,1923268954,-1968819314,1470105655,637593143,6069336
6,10,5,10,10407,613745221,759188636,1053508142,2040460037,1651139937,-465942224
7,10,5,10,10407,1619034461,835642922,-1125469511,-2116474884,-485526316,1484662469
8,10,5,10,10407,1282017554,1391014568,-74169351,1949549659,1171071062,553670312
9,10,5,10,10407,-1728477989,1947300203,-1381002662,-2064090349,674605679,419882247
10,10,5,10,10407,293185307,-1652621901,-1333214925,11072382,575700198,588626365
