"ialpha","ibeta","ifold","irep","seed1","seed2","seed3","seed4","seed5","seed6","seed7"
1,1,0,1,10407,-394261618,-1163037001,-1029284980,-1385600227,-1560789190,1530565491
2,1,0,1,10407,255772586,458110379,-607447271,1528562127,1772087511,1759082458
3,1,0,1,10407,-756748160,1220348990,-342098381,1957083139,-205335822,1853851468
4,1,0,1,10407,1371503470,1418153874,-111975131,2050456752,-1891296872,1959042313
5,1,0,1,10407,-706545858,2027900773,2025285395,442867223,-1736707185,669947104
6,1,0,1,10407,1208379334,-310534337,496166501,-1177682117,1188999411,-972210782
7,1,0,1,10407,-1546968527,-214335009,-384207534,-671185627,1192063488,-1073414357
8,1,0,1,10407,-1601432453,-1573653723,-1477916105,-1479996054,-765081427,-2090591420
9,1,0,1,10407,-108390630,56528040,1134902127,-1621816864,-1191637733,454791691
10,1,0,1,10407,2123909121,1549984182,-1164862524,1265674184,1971686367,532144759
1,2,0,1,10407,780600911,-1190825698,-1201550380,143898977,753954565,2036254347
2,2,0,1,10407,-892703743,1387786145,-768245850,-2117654250,-935851327,-354100623
3,2,0,1,10407,-342978423,-1551753058,-2146704890,854072257,1525261369,1465013077
4,2,0,1,10407,952529711,-579492871,1492776736,845032139,2094588212,-509339429
5,2,0,1,10407,180223357,1745938105,-827970665,14872007,-1093592746,1450476604
6,2,0,1,10407,433077032,1258206299,1529582268,1805116279,710809314,-1910778185
7,2,0,1,10407,-2049494509,-963274331,-1673767899,-1493089546,660544767,917894498
8,2,0,1,10407,-500582677,692376186,1336730710,-1810002860,-773015571,1331894173
9,2,0,1,10407,-99284373,1738619641,1490946680,701804569,-1065582914,734422678
10,2,0,1,10407,-1171337032,-844528026,517391547,-673242661,-1338514344,2480292
1,3,0,1,10407,808600422,-1721445073,-2081324481,-229726536,1996177404,-2062622877
2,3,0,1,10407,-269999446,-1380593138,2053504712,-632070560,-1444144799,955271588
3,3,0,1,10407,285993035,1180071779,-1523539289,-1122099081,-347623743,-476109312
4,3,0,1,10407,-1101324707,-397100526,340504228,-341220949,-161680182,-1599530488
5,3,0,1,10407,-669338875,1011195681,37114026,-675172331,826323171,-450891220
6,3,0,1,10407,675467325,829590352,-1746447328,2140989434,-921565092,-469451392
7,3,0,1,10407,-1793388513,1787110207,1947059660,-1058350864,1364412471,1062545906
8,3,0,1,10407,884668938,-684563704,2131962612,1674450786,1674075268,688949789
9,3,0,1,10407,1037779164,1021953160,-1097969424,520955404,-719274905,-862493259
10,3,0,1,10407,-1602796087,-1917778131,1252392542,262236425,1386189504,952618596
1,4,0,1,10407,1642019053,-1242949887,1117252480,-1172447723,358449447,-22689477
2,4,0,1,10407,947883856,632453249,833643954,1691244412,167126383,-1987754899
3,4,0,1,10407,-1939122728,1386516921,-2053759173,871935501,846399428,1897741781
4,4,0,1,10407,-756780413,-547857774,136550286,1176431221,2125540905,-944474910
5,4,0,1,10407,-534477035,-1087724562,-2041119545,-398795726,353011423,1939855419
6,4,0,1,10407,830915983,-2118810348,540087305,-861075941,-868082850,-1194501869
7,4,0,1,10407,78148396,-617955210,-397057398,-792062439,-1525984071,-876288247
8,4,0,1,10407,1716057030,2106124379,-1895190694,-1378018153,-648554886,-672763270
9,4,0,1,10407,-241078262,-2018079721,-320118553,-1549040770,-1194267019,-817981377
10,4,0,1,10407,-1152637422,282070129,1750112060,-1486444214,-842650174,-1875041250
1,5,0,1,10407,-142925707,2044198957,932664615,-632085813,432308177,-1678253233
2,5,0,1,10407,1962559552,-1073523478,1386676734,-2029014710,433810451,-1283914719
3,5,0,1,10407,-1492473753,1432091,693357034,18959664,338733222,-1103674536
4,5,0,1,10407,-1543709927,-1261627275,-1402073855,1649548810,1787562942,1302290438
5,5,0,1,10407,821675845,1679066588,-867774519,2033286662,-1232879452,339700958
6,5,0,1,10407,-927820085,-1111141902,-902252284,1907761816,-1970736535,670148275
7,5,0,1,10407,-593594688,212266365,-698342064,581458473,1643579073,-1864268647
8,5,0,1,10407,-1014182262,-1006223537,-561656180,-2003301986,611397789,1678467335
9,5,0,1,10407,541580032,-200724785,312908223,205742100,-1320694483,-1685625515
10,5,0,1,10407,-2026555599,588577023,2103293482,1628273066,652344460,254595623
1,6,0,1,10407,532054919,-1288626328,359539077,147779040,1190267111,721647197
2,6,0,1,10407,-1836832023,-940921049,-492362090,366194345,855156426,-1756624772
3,6,0,1,10407,1954511899,-2064588884,901687453,349835360,202865712,96582946
4,6,0,1,10407,-1089557327,-384109915,-800079976,-1214007955,-1331174294,-1855308660
5,6,0,1,10407,-674394983,-787995415,-1572384377,411154994,-1367059255,1159070016
6,6,0,1,10407,1916378701,-1938582852,-335062944,-1092476573,2023002533,-722401717
7,6,0,1,10407,1940315391,-1581163028,912413603,2020124869,556193724,1742101242
8,6,0,1,10407,-1755786356,-954321636,-120372064,-202331627,407292494,1644287976
9,6,0,1,10407,-248885159,-586454041,-319813963,-1778334545,-1395338775,237224613
10,6,0,1,10407,2054010514,1905634111,1238464576,-928678235,-1931136081,-819564793
1,7,0,1,10407,-1510307678,-1250046442,1158991269,-1462034340,1530505008,646936252
2,7,0,1,10407,-1291372052,-495333973,579583616,-1999450845,-1886323203,768999905
3,7,0,1,10407,1549300363,1794452454,146599982,17277564,1316159206,-914472352
4,7,0,1,10407,1758407520,-1607031851,-1790814803,-1498781255,1068285664,-1899242168
5,7,0,1,10407,1463798095,-1866279322,195613335,-1934732812,668330914,967760810
6,7,0,1,10407,-1553898676,877901086,-862035410,583935792,-1049991390,-1414882202
7,7,0,1,10407,550540512,464282591,-67128778,1724504845,-1525918739,-956295410
8,7,0,1,10407,840674404,589598583,2020519493,1054250086,-1416299090,-1616040885
9,7,0,1,10407,-787384764,618846155,-728356860,-497940864,-1199500051,-1291848734
10,7,0,1,10407,-1330498763,689468755,-1068995193,771686802,-830092680,1424405796
1,8,0,1,10407,-605141523,1435544085,-776524448,1969861559,-1751975382,-112414305
2,8,0,1,10407,-1625379736,712246146,1470234569,1877353523,501005374,393982093
3,8,0,1,10407,-787716746,1721422124,-28153792,-25845034,-519932126,-1111668940
4,8,0,1,10407,813714420,-1648690254,1264958897,-1281166237,1090520266,-547703407
5,8,0,1,10407,-224880164,-85196515,146108202,-71374311,1656166886,-647437909
6,8,0,1,10407,1617767517,-428618534,-232491024,-765008410,-1396391265,2003158384
7,8,0,1,10407,-1940250812,1798011881,-805487368,-1720848143,2050900875,-152311716
8,8,0,1,10407,1454410383,-78122627,-186921156,1304388795,-1791161511,819948251
9,8,0,1,10407,-1350737132,-2019606691,309879343,2107324527,-303778718,1473739326
10,8,0,1,10407,1457067915,-596797120,1070602569,-1044101946,508834021,-948577177
1,9,0,1,10407,1150788454,286714794,-899015364,-1112043211,749984452,-960647073
2,9,0,1,10407,-1454893193,901539209,-39153402,-1472199552,-518378318,1110904653
3,9,0,1,10407,1691239760,-54440903,-1267938076,1497034282,964100259,-1030275975
4,9,0,1,10407,-568298975,1462832417,-1189833002,-1764432542,-999113028,-1217509473
5,9,0,1,10407,528180357,2000189242,-1793453464,899956331,1160743241,-2880831
6,9,0,1,10407,-985426028,-2048986645,-934070515,1867867225,379419299,-1508930233
7,9,0,1,10407,-63557435,-676382415,-1126258295,-1310233172,1312760297,776123362
8,9,0,1,10407,-1866881008,-636858725,1741342561,1828519333,-338053212,-1419378511
9,9,0,1,10407,606282031,1554563656,-237448821,921262088,1561177236,-1588968994
10,9,0,1,10407,-155560719,1507685225,-1203168317,1340278464,-894266911,1457301494
1,10,0,1,10407,-871640684,1477631069,-2003999654,487004518,989143157,-1335765212
2,10,0,1,10407,-2086791215,296512436,348856227,-944395008,1579741730,967142203
3,10,0,1,10407,-1797360422,-1646032344,-304568568,-1145224946,418961608,1784327049
4,10,0,1,10407,1318890611,-363776051,-910790111,-425391762,-478081622,802024027
5,10,0,1,10407,1300287164,1684261188,1416108679,-1290746349,1113231134,-183127613
6,10,0,1,10407,-223233958,-993795329,-395830782,-471048868,-388641233,-2091343338
7,10,0,1,10407,804916884,-1000038704,1374570098,-638818477,2039266896,1038006948
8,10,0,1,10407,-1647734321,-1478865513,1979266543,2007382531,959736346,820941107
9,10,0,1,10407,-1051661606,909905950,-1816106242,-1812061158,-1794566212,1186091790
10,10,0,1,10407,1417259670,-1230665660,1839960468,-1635620616,1714006635,-1008467254
1,1,1,1,10407,-921107209,248329808,-1758781502,2054996707,1656148017,2023644125
2,1,1,1,10407,-1535485018,2024211577,832832082,-418067249,-671043349,488615876
3,1,1,1,10407,944383178,-229115012,959952399,968195399,-472410650,-103983434
4,1,1,1,10407,261910585,1485576253,24198856,1801866614,1499085951,-112558580
5,1,1,1,10407,-2063527416,-1975631918,-567017458,-388026540,-866206573,-517171895
6,1,1,1,10407,-1130944649,209284699,1019300132,-1063802826,-1874403228,-1972686698
7,1,1,1,10407,-1005485269,789662569,-794411771,448931174,1489752588,-513279226
8,1,1,1,10407,-2121312903,-780018730,-1122756378,2096981157,-911651499,64790912
9,1,1,1,10407,109644732,-1466998009,-1080906393,159249278,2134399259,-654786497
10,1,1,1,10407,1866033326,539662527,-2130481635,912429695,654199421,1113409269
1,2,1,1,10407,2096978761,396211863,1514135244,-1560208958,-371792444,-1870743851
2,2,1,1,10407,-886860640,411582242,183363707,1295827111,-609362158,-2146950428
3,2,1,1,10407,-837299822,-390614096,-1355468594,1808293273,1856478010,-1922669860
4,2,1,1,10407,-1311505330,-616500696,-1712773629,1068040424,649461591,-2131706267
5,2,1,1,10407,-652697624,822101987,-918307907,-342990905,456960465,-1815725993
6,2,1,1,10407,1037043619,242559081,1215096459,-1472197239,300543371,2116614970
7,2,1,1,10407,1767658251,-1946638198,-1093759308,-813500690,-1192149254,1497423765
8,2,1,1,10407,-1555963186,-279657415,592768838,-594408040,-225001249,-136255647
9,2,1,1,10407,1474848728,840730631,512533263,1428717893,943172320,-1417945530
10,2,1,1,10407,-1878555946,1034842223,1839564794,-1803843340,1392821934,-1445909728
1,3,1,1,10407,1279198678,1497467536,1055595574,1608706042,-604094594,-2041143241
2,3,1,1,10407,-1383564270,571782177,1684235746,-306936445,1906717886,-863522854
3,3,1,1,10407,965368835,-363278184,1247882254,429229580,-1914414917,1587836672
4,3,1,1,10407,1488874972,1774000549,-717841576,-2055322520,-1687849394,-1059618043
5,3,1,1,10407,-380070679,-1733192142,-417735796,2034371705,195462208,-423294890
6,3,1,1,10407,1011193060,515860947,-919044904,-485674324,1549574988,-1633454397
7,3,1,1,10407,-1919245064,2132700842,575368365,868589108,1261972526,604871159
8,3,1,1,10407,-864000390,759023321,1029696118,-641389362,617606721,605472031
9,3,1,1,10407,96598531,1033079554,347045195,-715104620,1588452754,-259935087
10,3,1,1,10407,-745405382,1083629919,1382461638,1884374408,370345647,-954138562
1,4,1,1,10407,977676754,351395753,-25083586,2031450934,1130667445,-2021350973
2,4,1,1,10407,1724322409,-128100370,-741585000,-1901136415,-289386269,255718024
3,4,1,1,10407,-1754467919,-365336084,-99463683,39373212,686967996,125326393
4,4,1,1,10407,844983036,-333223462,-1089908542,1481377031,-1351460782,-1453856427
5,4,1,1,10407,1758860542,-1583614399,-2128419880,655534104,249669659,2083640273
6,4,1,1,10407,-705237472,-520899396,736903771,188778364,1371178877,1787053132
7,4,1,1,10407,1226035499,-1299641887,925008753,-550926938,-1805113252,1603669645
8,4,1,1,10407,829582731,2022674054,1657691956,-1971003318,-834388583,-1320584357
9,4,1,1,10407,-104950093,1906433313,1586799330,688963807,2042271640,-452725664
10,4,1,1,10407,1884009222,1535484266,749625752,1359239242,-1298074668,278024826
1,5,1,1,10407,-1882378735,656899367,1268485904,-2058106301,632983129,-1127382639
2,5,1,1,10407,-742711019,285562229,-1960130212,-1458293071,-2132927252,-1030603699
3,5,1,1,10407,254183399,483862833,-156396169,1991723179,-968372168,-613257291
4,5,1,1,10407,700828232,1711999719,-183830536,-151637794,1704322781,-286389996
5,5,1,1,10407,-1602550367,659279971,-1491769979,-28896528,948142732,-934174407
6,5,1,1,10407,-335415960,1198881843,-1421529223,-687015162,563211774,-1636866683
7,5,1,1,10407,1889259490,-1748680099,892768879,-1669249843,393493272,-265883686
8,5,1,1,10407,-1344954082,-1837635603,-1311692551,-1865957055,-149426372,1442164572
9,5,1,1,10407,-147689885,1475034377,932166273,-1628463424,-14140661,-1017492980
10,5,1,1,10407,-797039534,478653347,-650766961,-891970342,992333187,-1898527099
1,6,1,1,10407,1813709821,-624472296,1548998393,838694869,-1238419541,-886816173
2,6,1,1,10407,-1853982535,-2038426147,916465372,-1403626519,-922308981,-8392731
3,6,1,1,10407,1189395048,1280828442,-1266134523,1103110747,907953546,1748185530
4,6,1,1,10407,1671619758,-2021923558,1986660667,-1982822693,-1452451515,1110739895
5,6,1,1,10407,-1464965081,-1109823050,1648678168,-2095772114,-1360351776,-1874412971
6,6,1,1,10407,294054422,2109090157,-942289467,-1794704062,454872515,-2114956173
7,6,1,1,10407,-1422622739,-570166720,-421862470,760687630,2125154437,-1072854660
8,6,1,1,10407,-1786630951,-1476162635,-1640128579,842217803,-1631294580,-1247615941
9,6,1,1,10407,-958629487,-1560688595,415752256,1539410452,-1663510301,-112681062
10,6,1,1,10407,88814381,-1124606782,1165145452,2085684954,-962842715,-1233451179
1,7,1,1,10407,1935181838,-783585247,-1032042240,1847896963,1371933777,439823906
2,7,1,1,10407,297246522,1350962214,1363597698,148107635,-1054559845,931667918
3,7,1,1,10407,2077433693,-1545519838,1048994049,-818579108,1023527082,1620794838
4,7,1,1,10407,1506146222,1231018336,-823009706,777243136,-2028849914,-299929985
5,7,1,1,10407,928077716,1014212297,1996139036,-1173731868,747577074,-744106466
6,7,1,1,10407,-31597302,-1399706369,-150432699,2051894473,2006119221,2089416728
7,7,1,1,10407,-890498145,10856472,1698748784,-645693766,-1090002846,1259524316
8,7,1,1,10407,437718194,2054832920,1882049684,-221119895,869971876,161148730
9,7,1,1,10407,-1096000380,-71121080,1681529719,1133676774,769596944,-1561443746
10,7,1,1,10407,-1694061922,899839508,-1807220540,1014763496,1609109931,1704302957
1,8,1,1,10407,-496208272,-1164126381,-1225387902,1019611643,1648794142,-2054978039
2,8,1,1,10407,-1773030361,1073107166,-2072127186,-75826437,-1567135493,-2052912274
3,8,1,1,10407,-1789372874,770383193,923761975,384567431,-167668897,-2035054532
4,8,1,1,10407,1521191429,-1989648705,-1622091473,-759753134,-698211405,1236112305
5,8,1,1,10407,686898370,1034986751,663645513,-1018782809,1286086435,-1332292311
6,8,1,1,10407,-859516110,-1469689526,-700355863,45197018,-1334210632,2096047310
7,8,1,1,10407,1728874987,-671343295,1242754276,-440749661,138448759,191138033
8,8,1,1,10407,2071446248,-428416283,868916001,1555148429,528321335,-1267467423
9,8,1,1,10407,1490844332,-677821038,-189053188,1386707558,1548553949,1551692537
10,8,1,1,10407,696890710,-578914333,569474756,-1280187764,-1337028599,2110265878
1,9,1,1,10407,-641663848,-1388529014,-1616137444,906906688,-1731207936,867129153
2,9,1,1,10407,-246468548,1863256874,1807401223,446599118,-2039259138,-43678407
3,9,1,1,10407,1090790363,-826417221,1204657493,753270794,-1767838697,1586000066
4,9,1,1,10407,-2092724243,1914246931,116677000,630596364,-233021922,-1124360007
5,9,1,1,10407,-271262195,1341046201,-2124501251,92153179,-468046137,807131452
6,9,1,1,10407,-961392349,1222505046,1702038335,177390215,-1904732959,840243459
7,9,1,1,10407,-891681181,2095183547,664415456,103406389,2030148067,-1269488904
8,9,1,1,10407,588689709,-1793208111,-1076380348,-842786155,340436960,568334395
9,9,1,1,10407,521730716,1972903913,-247808806,-1600064421,-1917807331,-1926278346
10,9,1,1,10407,-1455771137,356561362,715215451,-1872049783,-795152148,-824135125
1,10,1,1,10407,-1391654934,1709357293,-2137259852,-1818797200,-755315113,-2106037901
2,10,1,1,10407,896154303,-173007990,544899982,475400596,1793771167,-324880348
3,10,1,1,10407,-448750025,-34132302,-2002984277,141673635,-824647184,-813760674
4,10,1,1,10407,-224571019,-1283685106,597881494,-1326734303,-1814380239,-306262548
5,10,1,1,10407,-490843229,-1267159695,785747201,2062750874,-371677471,1655851990
6,10,1,1,10407,1556571335,1252375584,-2026425813,1707678956,-1651752351,-453821404
7,10,1,1,10407,1477716869,1833570720,358185622,510948782,-941102880,2108156148
8,10,1,1,10407,1715522679,-817846633,951163561,-147957460,-1063599688,435564927
9,10,1,1,10407,-2144999651,1464090544,-683448127,375678914,2079252264,-561361201
10,10,1,1,10407,-777596505,981888806,1437912663,1714370939,-1369801890,-724134823
1,1,2,1,10407,2043426277,20586042,-1085601274,-1858521050,-343006267,-1032491925
2,1,2,1,10407,2070032777,612420290,1498150663,147061419,-954130945,-658036063
3,1,2,1,10407,-2034398026,-265638168,783416775,1870066424,1269181506,1511489256
4,1,2,1,10407,-19731644,-1238887318,-1076801028,-993198365,-535577900,489884675
5,1,2,1,10407,-1798079502,252216687,-490706653,1235642021,289211375,1890999351
6,1,2,1,10407,-159695007,-90889842,-1404746741,-2124367371,-1735044474,1387779928
7,1,2,1,10407,-273409165,-973306554,-1054533276,382688901,-66201658,1843592858
8,1,2,1,10407,-1708685935,2091974880,-7908918,-1236818270,-144439120,460598057
9,1,2,1,10407,-256205206,-514093087,1949795669,1632635403,1794955033,-1285765137
10,1,2,1,10407,-1923388498,-254006229,-1101071612,-910411822,371159760,-1194466732
1,2,2,1,10407,1010474444,-1709876697,-464528897,-859567292,-565519028,-1443946680
2,2,2,1,10407,218503677,-193015545,-134920366,-657373332,737686805,1349200809
3,2,2,1,10407,787991409,1022007892,-1783823193,-300676608,-396736718,831890158
4,2,2,1,10407,849320422,2100880814,1712688676,937746063,-1133323578,103301365
5,2,2,1,10407,-1531848318,1940199935,-1288826324,-1446519948,997494153,547262906
6,2,2,1,10407,852318287,1293384791,-858192010,1458952794,803516515,-1232612552
7,2,2,1,10407,-807225100,-2091060787,-164310023,-331384576,-634456973,401855201
8,2,2,1,10407,1559489144,1879897782,-475479747,-1918562630,-411576926,1029094732
9,2,2,1,10407,-942614494,-1197185427,-1632405198,490642258,111534306,158301262
10,2,2,1,10407,-319386172,489226758,-1925880186,987045159,160363076,49633486
1,3,2,1,10407,1376978823,-870457474,208475663,-532399400,-450664607,1311234371
2,3,2,1,10407,-1092087356,-1265021825,1783102843,1150269541,1340982506,1339422108
3,3,2,1,10407,433171660,-276978304,578744367,-695627668,1417731285,2117061402
4,3,2,1,10407,2120835916,-1790173182,944617313,-1498962252,2087647950,1569639465
5,3,2,1,10407,1012788726,1832534916,767694098,-619196422,1460959446,-1923529834
6,3,2,1,10407,-1979452897,-1703730300,-682654524,-470275197,636160797,-1587085858
7,3,2,1,10407,-1111177422,1880133088,-918814903,1196409835,1285645906,1439550446
8,3,2,1,10407,-1705064671,-2053365670,-1658083801,2041545534,2003551789,-1121748474
9,3,2,1,10407,-1721964118,-1897811753,981039117,-734927541,410491346,-1086688295
10,3,2,1,10407,754801455,-1244192965,1386124911,-233858314,1716002237,1828314648
1,4,2,1,10407,-390828240,146068621,1811606514,-2138119861,-166727540,458193254
2,4,2,1,10407,417641519,362241720,635612153,-1308146320,-875303028,1159670852
3,4,2,1,10407,410570458,1829913443,-1219855247,1971917560,118646469,-286107685
4,4,2,1,10407,-1099938525,-793399137,1392709556,1932968407,283384844,1535222013
5,4,2,1,10407,554366904,1213477269,1998931537,886097191,501289672,-2048211303
6,4,2,1,10407,-1070281743,54838413,204683787,1788045672,-1318136478,129627344
7,4,2,1,10407,39264836,-246957900,263557281,-56359083,-915079717,-1626488061
8,4,2,1,10407,-186910799,209978101,255491174,589983281,-1132538081,1126381752
9,4,2,1,10407,-828455918,2002164423,-121375587,-62562307,1917179330,1494383326
10,4,2,1,10407,305207707,914536874,1192431778,1824965826,636545923,-1221301860
1,5,2,1,10407,1258428139,-451185694,-971905053,-1241238038,1466994708,-1374167020
2,5,2,1,10407,1072883063,-1700908734,-1901715237,1912002350,-504824058,-176123341
3,5,2,1,10407,679600461,881316894,-1768207789,1419878875,-816788203,640730191
4,5,2,1,10407,-1515647035,545874614,-636940047,1271996359,813215528,1450569875
5,5,2,1,10407,1253472669,-843224489,-787075217,274147242,1541798661,-1247241489
6,5,2,1,10407,1945479172,-755169975,-248330819,-372552179,-2133074623,1620618158
7,5,2,1,10407,645309538,-1574384028,-808128191,-1025814502,-1518923114,-75919101
8,5,2,1,10407,1338445754,443635587,284780825,429256995,84001138,-2001016890
9,5,2,1,10407,285860701,1403638525,-1349770212,-77350207,-398513189,-1817576660
10,5,2,1,10407,1065827242,-544440147,-1774426088,-1001886882,-1661678641,-1937736806
1,6,2,1,10407,1017994078,-956447167,-157802936,-20641930,-1443933538,1665237904
2,6,2,1,10407,1640647590,461435871,1785513466,-120342424,118013242,546517351
3,6,2,1,10407,868204189,-1442860394,-1693999634,-939322226,-1546057327,161960963
4,6,2,1,10407,1246217715,1832040113,-675647901,-1267597360,-1752117653,-1813476563
5,6,2,1,10407,1142198057,-2029527260,256765598,-1390691275,690938050,614687374
6,6,2,1,10407,-1431178242,422022698,308604612,-1966957579,-554505475,1293275665
7,6,2,1,10407,-589139967,1495728238,1031618007,827996458,-855819003,-2048280639
8,6,2,1,10407,-1464571198,150376274,893414219,1752703366,-1226425210,-2051740954
9,6,2,1,10407,445102237,80906817,-295949618,1551553744,-1689134742,-1490879725
10,6,2,1,10407,-445470545,-1759833137,-150272200,1282359613,-311396254,1101037652
1,7,2,1,10407,1208314971,-2097771066,-2015414543,1173864622,-45995989,2045345190
2,7,2,1,10407,412682239,-891865916,1795169076,1108845841,205913743,-986449962
3,7,2,1,10407,737864871,1239879336,1930463824,-952063282,1373930159,-701100862
4,7,2,1,10407,-56828487,462160545,-1499202342,1832814113,-1905488890,-1732845949
5,7,2,1,10407,1694939165,-615217022,-1392389449,1006834871,-995650745,1923755968
6,7,2,1,10407,-515968721,738687566,-223633852,-893205722,-21661257,1581113072
7,7,2,1,10407,-1604845343,-961131741,1337747700,853158749,974101906,437539256
8,7,2,1,10407,-1875408439,120276182,57180853,-1249324110,-666357203,72861893
9,7,2,1,10407,-431853616,-107710699,1291778657,-1863419628,340883495,-1074935497
10,7,2,1,10407,-113388239,1792401902,-107897189,-2076763104,-37264004,-1503249933
1,8,2,1,10407,-1105953267,-1330762839,-326844182,-1183704424,380373947,186086306
2,8,2,1,10407,1101777019,1657226452,1969859003,626489646,-2035674608,-32943718
3,8,2,1,10407,-562725881,-880649473,-1014315999,-955525853,-1184531645,1996687161
4,8,2,1,10407,-1348776474,1804502521,-1438331396,1851236390,1431986879,-722694895
5,8,2,1,10407,-2110588492,-1588407259,-1126237634,1704873490,1647497151,-1973888798
6,8,2,1,10407,-1639383272,-1450767326,-88728450,-1096082285,-978804419,-1714232518
7,8,2,1,10407,-482138283,1255180563,1527570148,1817666285,-861051654,-1425726913
8,8,2,1,10407,-1135024733,1492695165,-1484515398,-257213131,-130042453,185115607
9,8,2,1,10407,-815735253,-58505806,68732280,1608108581,-1788894448,-1300171008
10,8,2,1,10407,579741531,1412503338,566325704,797456565,-1120427164,1615117751
1,9,2,1,10407,-731038452,93083684,-1951701610,-1338663195,-791427688,875694724
2,9,2,1,10407,-239337810,1784961869,253859431,-1002441956,635257575,-1554050247
3,9,2,1,10407,-302749710,1854946141,-2053511067,428539910,-1126310888,1845825386
4,9,2,1,10407,-275822500,-322386198,43215336,-237752694,767870721,-402635363
5,9,2,1,10407,450065139,2053730634,1881775612,330839809,1964028887,-1333714874
6,9,2,1,10407,-870900361,-1626224587,976144750,-1363320408,358618327,-104437415
7,9,2,1,10407,-77058840,499426667,1032169842,1144219717,1897021264,1309681278
8,9,2,1,10407,321799674,-124653136,1724053918,-127362691,1497819989,-924886055
9,9,2,1,10407,2015460577,216149093,1592011598,-1311618498,290939723,-541389939
10,9,2,1,10407,-1246243059,-1913736594,-1890441973,1017065463,-426414128,-801815866
1,10,2,1,10407,-325732336,726287491,-407614325,-431421576,-1570327197,-995219732
2,10,2,1,10407,678229550,1615876175,-1407304618,-809345691,633427747,1579155606
3,10,2,1,10407,-909691488,753388463,353744426,-879092122,466017482,-1868186625
4,10,2,1,10407,-1124582295,191230709,2139388189,960359970,1851924989,770227709
5,10,2,1,10407,1938916209,97499223,-590217036,-16733377,-213634619,444603810
6,10,2,1,10407,333419033,1202152063,321367742,-1608238455,-1472245523,917025855
7,10,2,1,10407,-816598323,-1817864924,1115257373,95119545,321647323,1014168781
8,10,2,1,10407,304559813,918536896,-620142881,-46743783,-468965825,-432253991
9,10,2,1,10407,-843659385,1343355027,-1596572714,-2055289691,-656403024,1725462541
10,10,2,1,10407,321737575,-1525141136,-781078489,-2120321589,1157976428,1071017823
1,1,3,1,10407,68184296,298347922,270834381,841470217,2042199486,-721211278
2,1,3,1,10407,2004425697,-2096524444,618921784,1548341645,523689430,1322069157
3,1,3,1,10407,-837509571,605339320,-2030585708,-1676376438,1748795902,722964893
4,1,3,1,10407,-450074457,212597457,-186887815,437269520,-1063753488,-550869501
5,1,3,1,10407,-800671834,-1493464517,-864666350,-783642686,-1361964394,151922860
6,1,3,1,10407,-1686863005,793561140,538408767,-655896276,-1955235735,900771834
7,1,3,1,10407,1561779989,1858193602,104253253,-2140830765,985648310,-1153242345
8,1,3,1,10407,1013331693,-1955983295,-490286736,191198453,-402518737,-2123658607
9,1,3,1,10407,-1152371592,-1597263849,-1625350569,1431302556,-1765976604,1031038770
10,1,3,1,10407,-1203731823,1532087148,796199898,1513437384,-1454024681,690025181
1,2,3,1,10407,621021214,337054868,440343742,-2001436747,231868080,-1038816422
2,2,3,1,10407,-247721372,375879044,-347918068,-811428496,-1345624455,1157610596
3,2,3,1,10407,1650026381,-407303633,1700242680,-1101533572,-992689286,-1446791105
4,2,3,1,10407,-1239292531,-523083757,-1889944457,-1178338534,-859608913,1055099483
5,2,3,1,10407,833012972,-1308958691,2102710465,368975330,1116416657,-920104239
6,2,3,1,10407,-108457164,145476671,927999841,1635410629,-606614042,590965302
7,2,3,1,10407,-1789859349,-8097730,-1233578905,-15260598,54752922,-1070101292
8,2,3,1,10407,1181248173,1170047124,-1081663140,449357673,-466376339,821433189
9,2,3,1,10407,-1110482448,1908425450,1321171595,-728531506,-745237162,45133193
10,2,3,1,10407,-1675592596,-839708993,-1724235312,1137906822,931946701,54072345
1,3,3,1,10407,-426180333,-1497988876,-1428904243,-1508291162,1226157419,-848425603
2,3,3,1,10407,-1452392811,1484795025,-1547293213,-1291209395,168991918,-126088064
3,3,3,1,10407,267530163,-515918854,1182177140,1507812986,583714078,213907023
4,3,3,1,10407,-863425068,-1484394154,680997475,-2056002622,-2125524050,-325333184
5,3,3,1,10407,1270448377,132749850,1664379560,2127163938,672926127,734977357
6,3,3,1,10407,-499552495,1522756914,2083703731,-1024082749,1263411215,-1431353090
7,3,3,1,10407,-201918273,506004390,-1240213371,1909416167,1309301229,970514332
8,3,3,1,10407,1427917632,-973922454,-975496834,-658995396,-285906010,647248621
9,3,3,1,10407,-519645820,-136845326,1389569430,-2120338558,1786489829,-219791453
10,3,3,1,10407,-946128455,617800743,1496631054,1524584459,1665777628,-2112615323
1,4,3,1,10407,982743923,33861751,-979788466,1784339078,200093547,87428866
2,4,3,1,10407,-503721621,-284752042,2098439694,-2110110707,-1998907157,-1335169914
3,4,3,1,10407,698481533,-1849397031,2001054548,-1461677262,-514853339,1451117417
4,4,3,1,10407,-1428111883,-1231452463,-1422454124,2006507868,-507949293,-711533425
5,4,3,1,10407,1039259101,-429583146,-741960357,-844609183,-951283860,-1022156495
6,4,3,1,10407,1198656279,1528288238,2024895072,-871280168,1183397742,-483988219
7,4,3,1,10407,526176292,-1949704972,694734049,514404032,2126281196,-692673444
8,4,3,1,10407,-566581615,1420810644,-1915235014,565178325,-224915125,1401143717
9,4,3,1,10407,1543459211,1476719341,128963478,1224704969,-1853869079,784632523
10,4,3,1,10407,93546550,-1959239603,-1585239804,-175933503,-1523182080,384367251
1,5,3,1,10407,51497840,-115613717,951933113,965181362,-130433124,234273043
2,5,3,1,10407,-1738724849,1550783429,1833692664,1629824091,1686975918,1291729352
3,5,3,1,10407,-633197458,-826254999,197141937,211531420,1247787658,-670059170
4,5,3,1,10407,-1791586180,-723210516,2021018162,-1448975967,-748473792,-1841647953
5,5,3,1,10407,1259238235,1661105477,515402234,1012662639,271047398,-196962302
6,5,3,1,10407,-625861966,442531079,-929213920,181390149,-1946053780,-700097741
7,5,3,1,10407,-1875548252,-281835290,-370300904,-1546256928,-701231228,122536117
8,5,3,1,10407,236210633,1547678692,-134795511,-319307685,-1137181849,-1761475075
9,5,3,1,10407,1191541326,297093417,-125716941,-184030987,977431158,797267229
10,5,3,1,10407,919171653,-174509310,-830521217,1346496060,782428672,724914698
1,6,3,1,10407,-1093603221,1391496361,1575576438,-635806815,998237340,-687119515
2,6,3,1,10407,-1043998808,-1858385849,-416028318,477560881,-886212897,357824275
3,6,3,1,10407,800586762,-135251749,-1984259171,1575221938,-367661243,862870982
4,6,3,1,10407,-879191952,1108374401,-1067672418,-1400046408,-1772501400,-236640180
5,6,3,1,10407,102581847,-1190959397,-1904958220,-1140209337,263297697,-667486169
6,6,3,1,10407,1963033250,1265779535,-1583395271,1712004903,-1002467074,-52181249
7,6,3,1,10407,592903724,2144716169,-340788150,-197438864,-343199286,1406401620
8,6,3,1,10407,-20178313,-467861104,1632592408,606488734,2056655544,1536371229
9,6,3,1,10407,1238814791,1914023603,-1355080499,945011365,-221469841,326736280
10,6,3,1,10407,-200938380,-1805136419,1325635488,1737994599,1028147330,910956206
1,7,3,1,10407,-38444655,1236890843,-474318639,1562893536,-1938369177,-1347616715
2,7,3,1,10407,-1633984290,-740496690,-2114303133,1575941278,216382683,-1013642841
3,7,3,1,10407,-963870663,-59034936,-121841588,-1009406147,1804118958,-431869044
4,7,3,1,10407,-1765352298,832194881,1640447236,721521766,-1141834024,-1683622419
5,7,3,1,10407,1816588380,1750797952,-453393568,-728669005,-2055395273,-2020576606
6,7,3,1,10407,777499166,2130339492,-1880030909,223224722,-182458608,-1959746351
7,7,3,1,10407,287381753,1782338064,-603253072,-867849038,1327047992,-1527047852
8,7,3,1,10407,1861876147,-1523162441,-1428698050,485850345,-1342368757,-834197292
9,7,3,1,10407,2052271264,1440685848,406203038,-1442367019,1199713844,-2027231596
10,7,3,1,10407,1596235343,287668256,1543153772,-1046545366,1761883846,-1201500117
1,8,3,1,10407,1344255676,-1834169819,-231069702,1336539464,738535156,-2006520549
2,8,3,1,10407,1452919892,1384398315,884611117,147134379,1431802647,-554739352
3,8,3,1,10407,-301358013,-1529451919,1535479196,-2145693988,-1697374870,-791265595
4,8,3,1,10407,784814345,-760788472,-161979055,2112749052,-830417453,-619232405
5,8,3,1,10407,-178967645,865483128,1677608010,-84672402,1334189975,894403920
6,8,3,1,10407,1262933770,-292313220,-1993051813,-1770935183,1704355956,-611866464
7,8,3,1,10407,688184443,1799090360,-2025330149,177452009,1657682446,223256812
8,8,3,1,10407,773264232,-1003554131,-1870812022,-2026033033,1115042981,1959311679
9,8,3,1,10407,1220827143,-2065979227,1559217312,1563752212,-926505612,-1454631948
10,8,3,1,10407,-1650800869,-210876711,-823647538,-510686870,-939798591,152444332
1,9,3,1,10407,-1594090123,-603973377,1553100225,-1634714414,758954826,-1126232921
2,9,3,1,10407,-4084139,554336542,271977581,711400389,1269942262,364098981
3,9,3,1,10407,2094764416,1917174879,1007574029,151920603,-1209851268,662173628
4,9,3,1,10407,-454744850,309599176,-1205812237,-629522332,-224663717,-243416545
5,9,3,1,10407,1589915272,-851067342,39650026,-1261681168,102352902,-794775381
6,9,3,1,10407,-1367544075,-271126683,361500413,406020786,13996894,1448009485
7,9,3,1,10407,410290924,2069952626,39320255,-1090178430,-1908244086,486051786
8,9,3,1,10407,1526379736,-94940382,1043771341,1902444976,1098026703,849049098
9,9,3,1,10407,-450221805,-1610409682,-1758247797,887537246,-1594855083,-2032805009
10,9,3,1,10407,1002616260,594831332,2136134881,1054010662,-660601844,1372502401
1,10,3,1,10407,-1059770118,705057309,324418991,-863334460,-2135505587,-988934223
2,10,3,1,10407,-140514178,-213259749,1473589106,177757578,312503691,649637302
3,10,3,1,10407,1598488801,193742670,-158536435,1240128459,-1458152603,1483300889
4,10,3,1,10407,35359841,-1204635426,434566636,-2032066418,-660845677,-233787660
5,10,3,1,10407,583920639,-1005104905,-1622841947,1430168926,-1151407175,1925347003
6,10,3,1,10407,-1181440331,-792841895,100458095,1582137771,-1733266858,1339308066
7,10,3,1,10407,1144435499,-1814325361,376656345,72998283,1126206203,983511533
8,10,3,1,10407,-1823767143,-101614013,980726565,47447805,418318732,1626982917
9,10,3,1,10407,259640758,1970807760,-642515188,981852269,-1701559226,-755298903
10,10,3,1,10407,1876805873,-2105637767,1659412757,703164564,1229960786,-452402032
1,1,4,1,10407,-1580324752,1995295891,-1851195506,1403103116,-1303046469,-2113660840
2,1,4,1,10407,61968627,-124904412,-904930910,-416336885,2125972127,-147566745
3,1,4,1,10407,1807735311,-1407241811,286187757,1731615780,-1096234432,1020515596
4,1,4,1,10407,1948016584,-265507801,-439982061,-876629848,489355464,-259040934
5,1,4,1,10407,-1764415051,-1589904214,151573225,-972325544,35745910,265177306
6,1,4,1,10407,-1206222604,-678768511,1947163999,520367117,1933083905,-257064514
7,1,4,1,10407,591930818,1171716899,-1115749201,2031824280,8786504,308913363
8,1,4,1,10407,-785414055,-1963159631,266335333,-1166082195,1290597018,229412359
9,1,4,1,10407,-229668774,-1563060178,46734428,1486541124,770771611,551534991
10,1,4,1,10407,62369363,1295275149,238965142,-744274520,-385310106,887399072
1,2,4,1,10407,846142052,-523866928,-424026953,990600220,-1360901969,694384680
2,2,4,1,10407,1298188157,-1608141058,-1899491366,-1331002772,-587996573,179217481
3,2,4,1,10407,-1451203164,-733911694,156114693,272784572,-2059818244,-75512529
4,2,4,1,10407,-1057934066,1149436857,2004147435,1220550341,-1674190802,804812427
5,2,4,1,10407,-667930920,1112364855,-1901511062,-828303339,1165337479,1533666682
6,2,4,1,10407,-1109381587,1941761721,1395377897,1642263219,882004423,1384749621
7,2,4,1,10407,1150003767,-1035976264,-445052915,-253388361,-1783629213,-120808872
8,2,4,1,10407,-890086087,-790355796,93595056,-223330892,141200008,1224443672
9,2,4,1,10407,1157176677,419593323,-1704203907,-203754465,-1447110735,-1771324226
10,2,4,1,10407,1198938206,335552339,-461328719,-560041801,-486056084,1162059604
1,3,4,1,10407,-733289990,-1424309263,-1699103116,-328161204,-1498062191,1667850664
2,3,4,1,10407,1453294478,1408463387,-1793413393,-933600785,-1127501248,-966944628
3,3,4,1,10407,-1136500251,1851483651,1467811844,-584063787,-70195652,-1726726470
4,3,4,1,10407,-663332149,-224222753,-735092831,726317571,266879124,1530516296
5,3,4,1,10407,1505232187,348921874,-1657171990,637517409,-1398703660,874185976
6,3,4,1,10407,1892386971,1444039354,-883037137,-1807544354,-1039648347,-2080872079
7,3,4,1,10407,714096322,-1015850635,502310056,329939257,-256248055,-1672332665
8,3,4,1,10407,2106229773,672695491,-363516051,-200206531,859514640,-1229320943
9,3,4,1,10407,1958890559,227457832,1177891656,723163757,2067673897,-2111252924
10,3,4,1,10407,-2105794508,-269417893,857532144,1502396919,-1866413008,805590661
1,4,4,1,10407,-256736679,1664528580,-1214903623,-1290606291,1254367421,-1968867838
2,4,4,1,10407,-249095155,-903171880,-1169519834,128218642,197441565,1358853576
3,4,4,1,10407,603016121,1675395724,757463346,-1038083985,-943605043,333297977
4,4,4,1,10407,-761219816,-1507853954,1559732666,-345023010,1969069623,780457788
5,4,4,1,10407,1272070860,-890349724,-1756976265,10774469,-453530263,1395278625
6,4,4,1,10407,-570844694,-848078602,-235197099,169666834,399327103,419396907
7,4,4,1,10407,-289899302,-796136703,1829874444,-1662887008,-468922472,-2132183019
8,4,4,1,10407,213719991,717494006,1687331210,-2094327769,2069509379,355005003
9,4,4,1,10407,276692622,-2049641010,1830455830,-661381591,990091136,1538731412
10,4,4,1,10407,1124447793,1282869366,320952113,-681268292,370863119,1181376305
1,5,4,1,10407,-574583260,-710649401,75171767,-660447156,1127882688,1865473953
2,5,4,1,10407,-403733114,1758480917,-416093740,-1771705001,-623685852,-186032977
3,5,4,1,10407,813663339,-234342035,1775927307,-1140468289,-902636002,-1924291345
4,5,4,1,10407,763136993,-564932298,974428133,1848920150,-947556206,1666737287
5,5,4,1,10407,-1761366140,-463664946,1272850736,-800501618,558431138,-460150056
6,5,4,1,10407,-130666121,1523525914,-1262279300,1365468724,-100092814,-885026661
7,5,4,1,10407,-217491137,-1613987200,1669519671,-1534195461,1181957347,-1618841549
8,5,4,1,10407,-1385485719,609814605,-2118223255,-569252723,-290221546,-1268810600
9,5,4,1,10407,1582767083,565554915,318697966,1839103623,-771682517,-1334447909
10,5,4,1,10407,1853422622,1684528963,-1620397291,2135348108,-251757346,1437316242
1,6,4,1,10407,1153272242,1795140383,-111395663,-1043659179,1084824003,31106149
2,6,4,1,10407,1361090509,-1245643372,1169786207,-1533838063,-1791892511,624642290
3,6,4,1,10407,-1230984505,150026919,1920353227,-465708109,-1839323725,-1443914903
4,6,4,1,10407,-1105178230,-1435651066,1801716748,980162365,-1583121485,1406369278
5,6,4,1,10407,-209377162,-975669947,553278520,882519570,316072416,362306013
6,6,4,1,10407,1421628375,-1106778949,-351442464,-932131957,-1047551500,-872878199
7,6,4,1,10407,-606666761,-646560846,1751180872,90176259,-328597675,616923369
8,6,4,1,10407,1352096204,23683,-2145717745,715670982,572170843,1055428058
9,6,4,1,10407,-1253755840,1057756107,-54819678,1941805933,-630267897,-1563998807
10,6,4,1,10407,1931746816,1308093719,-986689304,-1061662966,110630276,-804502331
1,7,4,1,10407,168929183,951594184,-1281079143,-1769827605,840508255,542463989
2,7,4,1,10407,1289176804,478027890,1932419211,-933789126,-1185798659,-1534413612
3,7,4,1,10407,153673152,1794167598,-1043617448,-1391449956,-442958798,596082081
4,7,4,1,10407,42453531,1192690460,1280811566,-232641256,-1177418735,1116263826
5,7,4,1,10407,758330371,-798139844,662887990,-2060128695,2064690065,1151957198
6,7,4,1,10407,-1602793586,1192547539,-113547306,-1997959521,-390661787,-1717553910
7,7,4,1,10407,1433733916,-1667805382,-324869113,1680919145,1203361522,2015075559
8,7,4,1,10407,-1253230314,2096938728,833477160,-1820230557,911359098,-1683706949
9,7,4,1,10407,-259924170,751417286,-1482697045,-1550288484,-1498709041,2027817047
10,7,4,1,10407,-1141447084,-1803087542,-526684500,-1738950182,-926409630,-1490162984
1,8,4,1,10407,-1663871715,1637505960,-1133248681,985156480,-1389493799,1609379896
2,8,4,1,10407,1456530484,407171029,1663954856,-2020674581,1536131396,-76739618
3,8,4,1,10407,-775274103,-1722240924,-722038374,-1392797199,-375426204,-1827026068
4,8,4,1,10407,-171232279,1075922872,1777884213,1746058360,47897727,-2040191962
5,8,4,1,10407,-1817407391,-1726248483,20895300,309942747,2128002840,-723532630
6,8,4,1,10407,849514211,1090278339,1512238605,1016687413,-1397777219,-959283245
7,8,4,1,10407,-1210524069,2051092965,-200484051,-1606624815,1752657075,-780758435
8,8,4,1,10407,954625970,1703495262,-399455286,733021194,-1154550869,-841921660
9,8,4,1,10407,1232700601,-244670558,1868485268,1130238969,1323805321,2100152499
10,8,4,1,10407,-1629456753,244484446,-727172752,1814148655,-196374607,626977792
1,9,4,1,10407,-829851854,209485525,-461004978,722481685,-514260873,-883221695
2,9,4,1,10407,571269435,490826994,-1412276670,-435376856,-2006918918,-1061478201
3,9,4,1,10407,2087706856,-1628268499,-1177593905,479817591,-3706904,-767185087
4,9,4,1,10407,1821214970,984471517,826555126,-1227455193,1977219815,-333639363
5,9,4,1,10407,1064214620,-388437258,1326470616,-1849966810,-1617287351,27325910
6,9,4,1,10407,-37663468,1963905377,-396273329,-1140328143,1865345672,840978452
7,9,4,1,10407,1432670498,-614839053,-406096779,-1426608529,1667707322,-111526473
8,9,4,1,10407,830751717,1046730385,-1679192165,67842003,-1206649526,1755396424
9,9,4,1,10407,-2051761748,615988508,-1038863581,587848471,-1849243211,524282684
10,9,4,1,10407,-1854370141,-177206864,839943638,-1068066222,-1441341922,1103663974
1,10,4,1,10407,-585268677,1428543840,-300677993,-1196017614,1389661463,-662377926
2,10,4,1,10407,-1715561665,-841501460,1578934196,1167807659,1142888415,1954713986
3,10,4,1,10407,1660647045,803443017,-994881619,-4869659,414494496,-894605121
4,10,4,1,10407,506049062,1611483759,1438063979,-420462309,-2078059215,-1228607335
5,10,4,1,10407,-338956077,1727509360,-840975713,-567884217,-383836559,-817807055
6,10,4,1,10407,1071581212,181300110,621639331,1659559135,-1637355385,1124563114
7,10,4,1,10407,-882272147,69823432,-1350391247,2093698095,-288588199,-1841482923
8,10,4,1,10407,-1828752472,413853899,-238091278,684359100,735897882,-525277076
9,10,4,1,10407,1180062874,-1999739652,-446205160,2050245365,-1499654554,-1545316514
10,10,4,1,10407,-2067522538,170260084,1193226606,1028636084,429651815,-1886301800
1,1,5,1,10407,1869019329,1463845690,-147644488,893859043,746499436,2069256194
2,1,5,1,10407,-185993849,1988111803,738487338,-211734851,1223892838,-1649761494
3,1,5,1,10407,-1331992424,-1918838380,474441045,1627523874,1263531574,44746158
4,1,5,1,10407,-1910179442,-588730131,-935087384,1175508890,1818895920,393254276
5,1,5,1,10407,-1156611975,87843972,-1143552632,320804784,491400243,1134880431
6,1,5,1,10407,1320450979,408872747,2044002696,789340936,1431274042,-1077322635
7,1,5,1,10407,-310077924,-1201859469,736088894,-1639827489,1892259042,385895981
8,1,5,1,10407,-530687128,-2122740116,1307684012,-1713314796,-2074089003,1782859374
9,1,5,1,10407,519902565,1284132285,-1060417786,-88340689,-1256811204,-710679365
10,1,5,1,10407,-552063460,1032269984,420797295,-501963319,295322109,477424182
1,2,5,1,10407,-1386881403,-97700772,-1882259890,1910274528,993217873,604117778
2,2,5,1,10407,-2021107101,-1208650881,1930931110,-1139286054,-869681843,-683659413
3,2,5,1,10407,-1530559027,52333150,1810993284,907291521,-1997135011,-1040491904
4,2,5,1,10407,-1212599279,-1754998959,255172980,1410385672,159865344,1016882728
5,2,5,1,10407,459102806,-1950747429,523972294,223662885,338473357,167134289
6,2,5,1,10407,-1815111922,249635616,-1800863110,-1705927546,-1327147790,-175352011
7,2,5,1,10407,-2096920595,721870484,991561402,1515300688,-1069527798,-488882289
8,2,5,1,10407,-1360641581,-724214164,581553396,1672222206,1531159334,807167280
9,2,5,1,10407,-1804837495,-164245590,-386226191,-12375628,-1637784089,906836715
10,2,5,1,10407,722650008,196823510,-1154463217,-628498965,-925024013,-2014374642
1,3,5,1,10407,-1581012524,-1092743209,1070777913,297823943,1072071660,1399614299
2,3,5,1,10407,794001005,1631970065,-1006418418,984194992,-213444620,1818373871
3,3,5,1,10407,-1983573930,837921594,1742994006,-236600158,-935693864,2037779724
4,3,5,1,10407,1690776792,-1485989596,-1965777601,-525850216,973164720,-328338828
5,3,5,1,10407,1880553372,-591620404,-1390013482,-1778013488,1135778052,553890155
6,3,5,1,10407,-134351409,136877698,314598014,1596323407,1132118861,490758985
7,3,5,1,10407,228627225,-535762700,1432997879,1980810543,1968797219,459428294
8,3,5,1,10407,597863503,1369463140,717469016,1123655544,1046133204,-1223072951
9,3,5,1,10407,-1186969540,587693067,-290990669,-299826539,445280959,-1995267280
10,3,5,1,10407,-1620771636,-989172115,-1268040150,913903622,3953880,-1270278616
1,4,5,1,10407,751972229,-1013952235,869646905,1945725888,1529836045,309221365
2,4,5,1,10407,-1939260064,-1164667546,573401605,1330374861,1262720085,1061265547
3,4,5,1,10407,84149198,-554864169,1842346591,-1173871273,-712619756,1590040590
4,4,5,1,10407,1489390203,-428201334,-1300075820,-1991160558,-913132459,1922918228
5,4,5,1,10407,242769195,-433438842,-1156105952,-253531878,1507218388,984695877
6,4,5,1,10407,1886426632,2132268961,520951072,2124009903,335261562,-95743782
7,4,5,1,10407,-1515759778,-334719428,-367987845,1535530438,-1650093962,-2070614856
8,4,5,1,10407,1791875759,-1914198598,1773701015,163419337,2033813760,2012720305
9,4,5,1,10407,2048680720,303265514,1303265087,-1694011360,1732050727,226628453
10,4,5,1,10407,-1799725780,1758461939,2005267065,-848648874,1582520707,-46208993
1,5,5,1,10407,-48249123,-840949426,-1359298821,-524691855,2041810800,-456945967
2,5,5,1,10407,131904264,-1774696612,-1803517079,-1030228213,1093305939,294130691
3,5,5,1,10407,-916011120,-1297368900,1015470611,-367614366,-889658637,390620995
4,5,5,1,10407,-1423785091,-1864347703,-1694727458,-1800062222,-987982493,1810296581
5,5,5,1,10407,837867433,-948307956,1483175353,-542991901,-54118747,-1260569197
6,5,5,1,10407,1472231498,-1644650073,851548776,719906093,-634662334,1508086564
7,5,5,1,10407,34749368,-143722905,104832158,-2036969975,-130032367,1674371396
8,5,5,1,10407,1783828187,-126089008,-2112223594,544978300,-1596528567,1247827380
9,5,5,1,10407,-254186087,-1869884241,-1404231416,-94388486,1727626892,-118557370
10,5,5,1,10407,992223680,1467030265,1714709704,-708293804,-754267814,-1539222337
1,6,5,1,10407,916602443,685341551,992016613,1121137169,-1216570103,125071000
2,6,5,1,10407,-669271624,2036302300,-1781306078,-1317812048,-63227282,1038644490
3,6,5,1,10407,1369064991,-1125507047,-1208834950,1097711214,-1435875237,-1276878980
4,6,5,1,10407,2045489294,1279527573,225152778,-1747652581,-1146683769,1189281043
5,6,5,1,10407,1154819468,1989269914,668151068,110803671,-383338869,-289593295
6,6,5,1,10407,-1701666478,-240647122,-1076367188,-1761674423,-276438550,-1930677488
7,6,5,1,10407,-1398208515,-1200792260,-17137399,327054289,991122656,-571391084
8,6,5,1,10407,662500556,1724273509,1375901164,484396122,-1853315760,-1262556110
9,6,5,1,10407,-642413555,1343080737,772059189,1907144717,-1786365528,-231592842
10,6,5,1,10407,-1259068261,-1115849941,-1050287785,-1007499254,-1046436650,408629696
1,7,5,1,10407,-846976646,-1129832292,-54816759,1321807420,-1165227001,2031771505
2,7,5,1,10407,1655565459,2054422073,535959026,-655079175,1987437101,-1434414849
3,7,5,1,10407,-1742802363,-1834038931,-1417723146,1096615387,851307280,369106478
4,7,5,1,10407,1640059789,492924035,1081588558,-1513244435,37911130,1208139577
5,7,5,1,10407,1234100180,-1922590285,1135809248,1202018640,-291250680,903169001
6,7,5,1,10407,1908527736,286895870,1746393364,-2052093725,1431731042,-1606945807
7,7,5,1,10407,-2000588881,-198756744,1946994300,-571959620,-791994324,1831037236
8,7,5,1,10407,1460284169,1801493576,-1768993987,-680421297,-1006768393,458828785
9,7,5,1,10407,2002094734,1833892078,-1073807222,-606451427,262765675,-273918197
10,7,5,1,10407,1226555833,-1238809932,694866795,-2023726575,-1727475465,486265307
1,8,5,1,10407,-1954735744,978783462,874821888,-614501029,1060490256,-1852632567
2,8,5,1,10407,1135760534,523307492,-749321232,985740215,-79841383,668310307
3,8,5,1,10407,1467187999,-477553107,-497013580,-928717666,-491159469,126953259
4,8,5,1,10407,-1262882615,-1571568071,-643879558,2087768497,-154506295,-1714195134
5,8,5,1,10407,-86904393,-965936130,-1327496990,-98216524,332294597,-484246432
6,8,5,1,10407,-1384209677,129303266,-1094771943,-486667389,835293439,1577843553
7,8,5,1,10407,148560112,831670607,1564376632,345715748,2128692050,2141165855
8,8,5,1,10407,-1847126325,1920491945,488075343,-625408683,1271368482,-70569189
9,8,5,1,10407,-450657649,260435683,-728597017,-1614322892,-1991935113,-1362056266
10,8,5,1,10407,-525967342,-1950261731,733829002,-991599597,953288801,-1515405538
1,9,5,1,10407,1680470760,190310913,2073024519,-1539592649,-1338513337,-1382504296
2,9,5,1,10407,294744655,80632786,1752767530,1433293189,375736188,-675310208
3,9,5,1,10407,-1645680674,1519543345,568756859,2130138610,-1804630974,1126053574
4,9,5,1,10407,-616644812,1929925408,-1168975694,1327816027,297174827,1417610550
5,9,5,1,10407,604816049,-1942981666,1626778554,-2021161007,-1735631454,1528482043
6,9,5,1,10407,-441169397,-699580850,1973934659,-1815171051,-1694969744,1769312776
7,9,5,1,10407,1356608618,1625467016,-1020592712,-1690929685,78063692,-166463095
8,9,5,1,10407,-401601322,1665870900,533123021,-398221962,326922963,-26428483
9,9,5,1,10407,101574512,-757561047,470003501,1649943819,1565237525,1088187338
10,9,5,1,10407,-1673369404,-1204824869,1986527843,1084686584,-559006069,29457979
1,10,5,1,10407,1729672035,-1697475089,-211442050,-130708950,2122010918,-774468873
2,10,5,1,10407,738986517,218454348,-40101687,-1748440117,300875156,1723630855
3,10,5,1,10407,1465348634,516959141,-1401845083,1547968597,1428008960,-2030086266
4,10,5,1,10407,-1233099656,-1224595319,-1108770555,67508928,1316472677,-486665500
5,10,5,1,10407,977077187,1931296052,-1756531479,2026244152,533399329,1730073838
6,10,5,1,10407,118770279,-1863958512,2085942844,-1597113673,-180014380,-715251632
7,10,5,1,10407,564048455,-369505404,2011535655,1792116200,-1972665878,2013309869
8,10,5,1,10407,-758595871,-82853524,-2026098303,1940627934,2080059289,215024530
9,10,5,1,10407,-873229629,-380358659,-600260810,1107958405,-1235458613,544027382
10,10,5,1,10407,-825055249,-441847320,-1155032132,1615869079,1994657937,1597569676
1,1,0,2,10407,562183953,3111688,-2064729488,-1713636684,1241830810,1241944861
2,1,0,2,10407,1407279995,-1826180641,1846745763,-600202815,1312333042,-106251236
3,1,0,2,10407,-1867669513,-1928678423,-1226988782,2028760778,-1538646426,261570611
4,1,0,2,10407,1353157433,-753589122,1258718791,-286678178,1397318099,-432551114
5,1,0,2,10407,1292090713,1105324573,-1937856594,-1812993171,318001862,-648690308
6,1,0,2,10407,-117618017,-1566713816,449981824,141970227,-1522890876,-321176428
7,1,0,2,10407,-1219133707,-2072460369,1904885162,-1142067348,-607510310,-180431774
8,1,0,2,10407,-374160808,349418458,945372410,1636536737,76199943,-1099035566
9,1,0,2,10407,-888153949,777126992,418777167,-170370834,-1130134716,-514044363
10,1,0,2,10407,623962574,2103321080,-133705728,-1719388790,651766945,1195762325
1,2,0,2,10407,698574131,1603580658,-1342133100,-1856493128,1563059176,-1875347374
2,2,0,2,10407,-1229345195,1120760399,205495078,1706651554,-1913691396,-382212937
3,2,0,2,10407,445661109,-1364211830,-979037181,1413967391,2057308951,1403646761
4,2,0,2,10407,1448236333,-1654562635,-448980696,376837495,-311991681,1705162699
5,2,0,2,10407,1889432966,821377162,-1617314690,-1716785250,-841461692,1046469499
6,2,0,2,10407,-812528479,887333173,-1123757395,-2048559370,-165131544,1290821252
7,2,0,2,10407,-646017845,1386480793,163581333,355127586,-1009725405,1093200561
8,2,0,2,10407,1380407374,-562679345,-1931717071,310691661,-1617333286,-680801477
9,2,0,2,10407,-797453134,881727201,-1762263351,-1491039214,1845353665,-409199984
10,2,0,2,10407,-1799653944,1315755559,-2000524470,-976477258,1552637632,394151689
1,3,0,2,10407,114342174,682439407,2110648988,1391382253,1330845559,-154916199
2,3,0,2,10407,-683313707,668231012,-649092938,1762775866,-658634062,688731514
3,3,0,2,10407,1467126844,670319689,277205980,1276634413,857741301,1596577043
4,3,0,2,10407,-1935872606,-1708469460,1648769314,1936798466,-1070599078,-351372580
5,3,0,2,10407,1089708766,-400364898,1268572923,328486400,1501876701,1266904637
6,3,0,2,10407,372636951,145174609,-1520119833,-602866994,-656772948,-1489315774
7,3,0,2,10407,-65823094,-1048824491,868862157,575044087,-1571777083,-1107563635
8,3,0,2,10407,1278554380,597942706,1151977803,434812150,-1187937595,-913754047
9,3,0,2,10407,1640298701,-2110937131,1546215939,1210214626,1420971208,1773616696
10,3,0,2,10407,-1064879387,-1902538028,-1741062050,232171784,-1827448573,2013575457
1,4,0,2,10407,1412589312,1488964111,-1723106636,-436697463,-1670092407,580237133
2,4,0,2,10407,1420062200,197994821,1292633645,760578290,-1881633864,-142380451
3,4,0,2,10407,-1877407398,226816546,117461799,-1261339587,-661064547,-1384716661
4,4,0,2,10407,-950508708,1810345027,-229278934,-1240982816,-1580964476,1198801485
5,4,0,2,10407,-1307454453,716530259,-1382486096,-2099689033,366812626,542983480
6,4,0,2,10407,1178779193,-829995946,1249677748,-949120294,-1624158552,1697144821
7,4,0,2,10407,788922932,988397061,-1459938302,-176958556,-195471161,668373461
8,4,0,2,10407,-298208570,-1770871222,1751217939,-846428237,-982916273,1010651949
9,4,0,2,10407,-1454212028,-1369737321,881328404,1718074369,-780660188,606916972
10,4,0,2,10407,1447264557,-111016520,731250110,35321916,-855202410,872355644
1,5,0,2,10407,399927560,-1766324125,1132742657,1754545245,-1766866681,1475658116
2,5,0,2,10407,-1885859293,-1055207825,-1412449623,305207045,-1306804740,-26359379
3,5,0,2,10407,-60840809,2132070800,-1761161996,-1137024483,1826347967,1170827803
4,5,0,2,10407,-2147018807,1457578594,-1197404347,71660196,-21197929,-165759980
5,5,0,2,10407,-438831002,1382046336,2046720282,-1196445130,692396505,76924116
6,5,0,2,10407,-1892274005,-1668801385,236161813,-1637149360,1901271263,619759355
7,5,0,2,10407,501244717,605974039,635159685,-589466148,677155209,-716488697
8,5,0,2,10407,-58450105,1144152495,-349131532,-1761896780,1275162879,2121837276
9,5,0,2,10407,-763626474,1723151759,1845788380,588711257,-141739631,1384669719
10,5,0,2,10407,246378070,666985725,1584415042,-51247011,1075922120,-1140552326
1,6,0,2,10407,-1357237743,-1224701443,-136785352,1682133086,-149855304,-1962039328
2,6,0,2,10407,1545001858,1422673435,-1558140970,-548371056,-730457916,1204203852
3,6,0,2,10407,1006993519,2120879583,779981724,860726149,-961299624,964579484
4,6,0,2,10407,219387352,1177274475,-665324784,-1718827703,-876676605,-1585798802
5,6,0,2,10407,1206000242,-1048565385,301249470,2012849782,-1139233454,597914362
6,6,0,2,10407,-113414758,2115446758,1327119907,1722263334,-123465710,-580398679
7,6,0,2,10407,-2089866967,-1591739475,-910168348,200732554,1823528779,-591627808
8,6,0,2,10407,185625647,-1689443848,-869594125,59085794,-591829041,1964847280
9,6,0,2,10407,-167419246,-1174890366,-1587935926,-435759848,2138842989,-1854631930
10,6,0,2,10407,-1407992798,-575861322,1871671398,-1826814677,-1499636509,1181280478
1,7,0,2,10407,1501558838,-1821837592,-282743287,1089060790,393730754,389184538
2,7,0,2,10407,413346637,-1189471874,170248426,170026791,-1006856440,845752347
3,7,0,2,10407,111990547,852316571,-2100927553,141335383,349304843,-454589164
4,7,0,2,10407,-307174234,1283188432,-162281519,72496744,-1493769473,-926704426
5,7,0,2,10407,-438281548,1926394254,840858955,591768505,451149806,-1023928231
6,7,0,2,10407,733010240,-99993674,-1590769967,1829062963,-178303318,-48945665
7,7,0,2,10407,1136213155,1938129374,503053040,1194724723,672867635,-1318137337
8,7,0,2,10407,-308300118,315941121,905845183,171722767,877864732,903176371
9,7,0,2,10407,1309587435,-668944717,-767423327,898941942,-1823164552,-1856022132
10,7,0,2,10407,1949980016,1361272492,-850196631,-341658174,1727829631,-359596844
1,8,0,2,10407,1879747446,1278557592,-30831810,730655408,-787142108,-831974029
2,8,0,2,10407,-16801479,25802181,-2081927104,1040084840,-1752830457,-952628664
3,8,0,2,10407,1506460256,1340310676,-1175806747,902826567,-1046259473,-1322374519
4,8,0,2,10407,-799356064,-379614558,1119701693,-371659708,-1090951900,-1336799647
5,8,0,2,10407,-1249659752,-1172729779,-937626984,1738659155,-1651173343,-1119820021
6,8,0,2,10407,-629629862,263640931,1719794954,-616398009,875330862,698767154
7,8,0,2,10407,1938576154,142096113,1625817897,-918662323,-516987180,13702761
8,8,0,2,10407,-2121420873,-1284458769,890462262,1962147590,553822036,81751093
9,8,0,2,10407,-1481288622,-348411189,694413986,-30601441,260386095,948910158
10,8,0,2,10407,1823031119,-1622099094,1794728844,-463445261,-428842175,1354361170
1,9,0,2,10407,1185460368,996461695,739819519,224498544,224889381,-659780762
2,9,0,2,10407,1977599107,-1175371785,-2101777532,-1646608399,576877822,1478028521
3,9,0,2,10407,1232651512,-584201741,-2004504174,16345648,440113274,-1314484458
4,9,0,2,10407,2077024247,-1157312184,-922263785,-21815008,-1924430440,1434522922
5,9,0,2,10407,-1256259318,1592374300,-207525586,1462989335,717878170,-1024913114
6,9,0,2,10407,-1521253336,-1957989831,-1491145935,-98400359,721966883,-1283970995
7,9,0,2,10407,160955788,-1157372969,-389915061,1321020411,773771241,-1149091081
8,9,0,2,10407,-1310863324,1601577797,-942794214,-1106009034,-1958238411,-1176265949
9,9,0,2,10407,10615453,1520436115,1526871652,-1821309728,-1360143207,-914671106
10,9,0,2,10407,352890168,1619298551,-1319499593,-1785315744,-1717101294,-834576944
1,10,0,2,10407,860265629,1648081444,-1680093082,982246423,1551443611,-1623289397
2,10,0,2,10407,-1208144192,-1978381698,1927134311,-439542186,-459574500,-895068268
3,10,0,2,10407,-1873178656,1207758754,-117195424,-1310636078,1268885548,-181557175
4,10,0,2,10407,-1155357672,1461153134,421109429,-1206799832,-1050583310,-1128450126
5,10,0,2,10407,834103536,342039633,288973140,-1180928409,-1842296686,-508581674
6,10,0,2,10407,673720127,-1273232880,1430211565,-1796053520,-1806954407,1462540513
7,10,0,2,10407,-1407388778,829310215,1560603298,1286788864,467093749,468625900
8,10,0,2,10407,149636787,241203916,1011926730,944554878,785475899,1873311081
9,10,0,2,10407,-1612923324,-161197244,-255555278,-254064994,46087715,508454644
10,10,0,2,10407,-1464174751,1293570675,378998163,-1818983398,91217358,-777178859
1,1,1,2,10407,-1121479566,-1308120161,-657330873,-609426246,-1770619005,1124165335
2,1,1,2,10407,-320619103,1009162991,-592709351,1358471517,-1295536932,-170371201
3,1,1,2,10407,1825632298,-858891660,59197632,-749421825,-1336069663,807239223
4,1,1,2,10407,2135500765,-892098507,-161456939,-1834086074,-2023971439,927074901
5,1,1,2,10407,-1677880938,-2120194007,2027908135,-1919208750,-738511572,-1197546504
6,1,1,2,10407,-507839671,-249078715,1785274532,-499675790,501950358,-1279506314
7,1,1,2,10407,-1808884911,2076741745,1844781706,569480862,-2033931396,852819662
8,1,1,2,10407,290634872,-407882139,896960954,-640561871,2028590731,-1776328035
9,1,1,2,10407,-2100217354,1561003598,-669203113,433801229,1973366260,1346680681
10,1,1,2,10407,-1206366122,-1516634407,-724656513,553889569,-2107996842,1541779557
1,2,1,2,10407,1503443191,1653448540,-582641189,386513884,-1894034473,-779765777
2,2,1,2,10407,1850181176,766131191,1114088255,1229128306,814066299,952232720
3,2,1,2,10407,-1757056691,-1978523533,-1452981530,-1445198614,1132165077,2033424820
4,2,1,2,10407,-1687744461,752583489,1343623289,1430892058,-769398610,-744187643
5,2,1,2,10407,94535778,-1934072698,-372363269,-1549019527,-1314935066,808417412
6,2,1,2,10407,1553191769,1349387645,459034274,-2056414682,-104933664,-209059949
7,2,1,2,10407,278769854,-225534676,-852305100,-1061990286,1792284292,1696005024
8,2,1,2,10407,-116973041,1044445658,51181205,-816761910,1949128322,1873064956
9,2,1,2,10407,1638715079,302929932,-1277837789,8745614,-428708303,80775050
10,2,1,2,10407,-2141942982,-1003120788,-1763140859,-403541519,1080406549,1109940381
1,3,1,2,10407,-2044175167,-122820106,577208793,-1917302594,-1768839713,151575714
2,3,1,2,10407,1651120359,-1875139213,995885021,-1411805069,1610537828,1344531856
3,3,1,2,10407,169773175,-143215264,191233182,847854878,-1035628621,-741444201
4,3,1,2,10407,1005527076,819240043,133207299,-1919748407,1660831824,-725734854
5,3,1,2,10407,-132680176,-1715143292,-1407884963,-1154571148,592219075,950693571
6,3,1,2,10407,113887013,-1205994926,222535839,1178661240,1296482863,-1434579484
7,3,1,2,10407,336829369,887895370,822144753,-865097299,-1368867778,1584572251
8,3,1,2,10407,-72378484,957372955,953513965,940826181,1651651757,-338764614
9,3,1,2,10407,-1578743784,2108468461,120626585,-773319186,-1542517057,1907936047
10,3,1,2,10407,-214506218,1328912402,849093931,1527105738,-662642463,584484584
1,4,1,2,10407,-960373126,-1170085897,-422897389,-2108115394,-762211194,-1451565168
2,4,1,2,10407,2019239570,-746093600,1739910756,-1257661615,-1263231774,-1139453010
3,4,1,2,10407,767464581,890993862,1573361418,780932229,-1857276327,-1872693303
4,4,1,2,10407,-735779319,880601938,1709008524,-612379469,2006033695,-1498717421
5,4,1,2,10407,62946373,-850832210,32129422,106837060,-57780308,-708274375
6,4,1,2,10407,1013315714,868356758,-261975818,723849063,-1228949756,-2021606182
7,4,1,2,10407,-1709112863,1633034267,1283460872,-1216882248,-1152458423,-1452589795
8,4,1,2,10407,1658367444,609966147,2110753158,248071188,1023214371,-1259463761
9,4,1,2,10407,694258973,-1748245140,-1293909708,-1510973165,-1991638263,845199992
10,4,1,2,10407,290191286,-775756461,-1230015606,1460040360,-981497457,-189387106
1,5,1,2,10407,609544339,-622139329,-1114527672,433091326,-1351878395,-129725732
2,5,1,2,10407,-361074754,1889461614,1630468239,-1531129260,-1383721410,-414849369
3,5,1,2,10407,1641806572,-1915456290,1039908446,1467709946,-1898651499,2131997484
4,5,1,2,10407,-1286146304,689365562,1040478429,-1531636096,-431054513,2015794994
5,5,1,2,10407,-1383830641,1931520882,-1583551937,1166037957,1626216244,1410690251
6,5,1,2,10407,-148338150,2079633564,1417063492,1320550286,2094655670,643763956
7,5,1,2,10407,1096556397,150598891,2056566063,1549809376,-1508574172,-233032536
8,5,1,2,10407,487203172,361469919,-1321326963,1059657054,-726434131,-99737112
9,5,1,2,10407,588396045,-1003399024,-1074115856,-1352828806,1278128224,114191034
10,5,1,2,10407,1441743069,-674618590,-579272263,-1170482669,369694250,-1657402685
1,6,1,2,10407,462911550,1355442496,-1438303724,-519034364,-2001490551,-2132575852
2,6,1,2,10407,-2093360476,1055499301,1477914015,-1977538384,-1277092944,-1292926255
3,6,1,2,10407,-1428146788,261532066,-1769540091,1932857799,-1432448838,-1634843000
4,6,1,2,10407,-1116272702,-1656982816,-911265743,1753673847,-1583635861,-1783983702
5,6,1,2,10407,-533854375,-324555656,-1027682994,227689036,611516642,-2095799202
6,6,1,2,10407,-404301579,612936339,-1111199160,1631939694,449003588,845745755
7,6,1,2,10407,230891577,-111247921,-2063546059,770871378,416793587,1877802327
8,6,1,2,10407,1061228823,879087754,-557066694,1657388855,-1873092304,-238748373
9,6,1,2,10407,1042459681,1142536556,-2088184441,1623483038,60336549,-934093141
10,6,1,2,10407,-1435080762,2031778922,-1795778740,965833104,-798980176,-490361783
1,7,1,2,10407,-1455375903,624781734,458043441,-1473266437,-1502515643,-942409383
2,7,1,2,10407,1910043325,-1250821255,-767887380,-1451596246,516575413,-809699541
3,7,1,2,10407,1373062399,-1561525443,2132507308,-629404792,-239021264,1733392977
4,7,1,2,10407,1592766244,-98348260,-475734950,-549382924,192664782,594681045
5,7,1,2,10407,-638987210,859090190,1783440489,-1848666447,1905527963,1694283288
6,7,1,2,10407,-1415984802,-27723886,-997158731,-1644419684,-638605722,117437153
7,7,1,2,10407,119461301,-962717112,-527901849,-116460703,904360328,-1866858925
8,7,1,2,10407,450238865,-2008846437,-1152571940,1851047570,1020983606,-726572757
9,7,1,2,10407,259813258,1923117970,1771034429,26066292,1601220005,-1653499402
10,7,1,2,10407,2090998811,1898936125,-1366390946,1178330125,-1282312600,-1927099288
1,8,1,2,10407,1563678632,-569768275,1891272463,1015300381,1498685454,914233955
2,8,1,2,10407,1674858727,1845219380,1726185569,-1512708684,1401765894,-1103121345
3,8,1,2,10407,2078472135,-1899809555,1469871487,1557296414,479309982,-145339981
4,8,1,2,10407,916732531,-1648578804,-874483663,374875425,1165191583,-2050083282
5,8,1,2,10407,-15010308,-470028563,-2118272916,-2008759813,-619554704,-363376457
6,8,1,2,10407,-790020142,31536189,-618982604,1558458200,346386797,-2103616935
7,8,1,2,10407,-397442139,-1510228320,-1823255093,-121116417,1905066722,282996775
8,8,1,2,10407,-328197687,1266749484,-107509438,1659512300,1923202944,-651315696
9,8,1,2,10407,4739718,-2132831350,1088147663,1583214811,-1114016320,-1274276653
10,8,1,2,10407,-1739493252,1021064750,-2034111123,-1001367794,843580381,204411975
1,9,1,2,10407,670133572,860356523,-1756477789,-377803125,1683944676,-2108837352
2,9,1,2,10407,-1623014654,-206712277,1666623324,-924319891,163445292,84941833
3,9,1,2,10407,-1894481779,-96336243,-1271181783,538520265,133276285,1253685997
4,9,1,2,10407,-567683322,-1485995763,-484064693,-1033610657,-1788622249,-1260685049
5,9,1,2,10407,-1090907168,1263008683,1232633640,-1276635281,1978385101,-1037569399
6,9,1,2,10407,-1438880347,1854945942,456794850,20606742,47823941,1418599564
7,9,1,2,10407,1022077222,933996204,644740482,-1398815485,1059552123,1412594879
8,9,1,2,10407,558484958,525829992,1394082065,1914256495,-1106144639,-1502922976
9,9,1,2,10407,-1281516879,-1034189017,459958155,-160105498,1492460216,-511737346
10,9,1,2,10407,-1487145851,-1851649924,610694364,-1906174189,1751451108,-1349763996
1,10,1,2,10407,1598421232,-884030345,503679102,-1600085490,1047671248,1159622353
2,10,1,2,10407,1444079669,-1249118912,-402009485,-1266935278,317462715,262547627
3,10,1,2,10407,292475059,-1618224966,-344128900,-43509686,2137047747,151070211
4,10,1,2,10407,1137461580,962278727,-1238333042,-379681874,-714176660,-419519668
5,10,1,2,10407,1683546333,138783175,445644156,1746268822,323594246,-1953069089
6,10,1,2,10407,682051347,-1176317803,-210111875,-1418381380,1965746733,1805634131
7,10,1,2,10407,-1313098164,813647541,1873824518,322570051,1489507969,-610514998
8,10,1,2,10407,-1712255716,2072786714,-10320215,381704439,551805236,-1519058182
9,10,1,2,10407,1958255876,-376205655,549918645,122776489,-98872085,-1789737486
10,10,1,2,10407,-1337108737,-1154471415,551922036,753004859,784776288,1272650145
1,1,2,2,10407,1672601097,594692449,854495129,1152672094,651189436,1084653110
2,1,2,2,10407,1623990388,1334463384,558208460,826564566,425399934,-1324579152
3,1,2,2,10407,1500788535,1545329346,-1068650826,-705578898,997973912,104373103
4,1,2,2,10407,-1476347973,-1007731064,881648954,-1217839318,-1970085350,-448487001
5,1,2,2,10407,-86204264,-161958145,-689127979,1593115318,-1371737640,-2100205864
6,1,2,2,10407,-1534384343,-1124250949,1607459624,-2144477063,1766284774,927815302
7,1,2,2,10407,-2146494135,1938750784,-25799678,1637076435,505774659,993238203
8,1,2,2,10407,56455254,1577441955,1999689880,1924539784,-1654743544,-140763937
9,1,2,2,10407,-2140930751,-1315888825,1276531705,-1457215619,470664396,-1777601177
10,1,2,2,10407,240861502,1337406853,-424393184,-1701258500,1624763061,-117261664
1,2,2,2,10407,-1750507202,-1014210408,1806114140,-132495579,-900421248,2088179537
2,2,2,2,10407,536713545,1764322389,1252600137,1001765461,-2059991998,-520994879
3,2,2,2,10407,-1374881553,-488427138,1735906081,-1536345261,131544187,-1455251997
4,2,2,2,10407,-2118431685,-2090935250,-1548673192,397274363,1328598460,-1384748243
5,2,2,2,10407,-1743347086,1647806403,-1970339539,1679591899,-1587299069,-165848001
6,2,2,2,10407,-181169507,1651348806,1772061914,-2033168717,1711642794,1679360458
7,2,2,2,10407,247465404,1939071685,1013641428,-289645319,530055108,1663368333
8,2,2,2,10407,-170358866,1955274890,-373017275,-11919750,783335232,76949320
9,2,2,2,10407,34644876,-1281476700,433422209,1085225181,-1858880063,858389100
10,2,2,2,10407,-1878587925,206016901,167318777,-1462835585,-273327794,-1730891905
1,3,2,2,10407,-494479575,546711299,353667933,-1512501563,2138431944,-1497596661
2,3,2,2,10407,-516990260,580861969,-1753273424,835461381,1101758566,-1777003910
3,3,2,2,10407,-1454259058,1373830626,-1207059550,1440725203,1319182239,-1912720594
4,3,2,2,10407,721384386,-838173086,-2039587542,-932820424,-1215501731,1871361264
5,3,2,2,10407,1915016113,-1630418701,2108227978,-915966066,1082545930,1061848447
6,3,2,2,10407,-1276119928,-2125241892,531181417,854912957,-1333989699,362846667
7,3,2,2,10407,-703635770,1856891453,-1100992714,369861183,-2014035913,-1495354134
8,3,2,2,10407,-1783849134,1158850026,598902195,-820121975,1163114587,394341753
9,3,2,2,10407,2120632726,1570745495,-2140789039,-20961223,-1604571070,-1452581592
10,3,2,2,10407,-964431218,-1419643541,-778727281,1932675078,-1004976583,519178427
1,4,2,2,10407,-1751714133,2127158455,606437005,1095632258,1092134968,-1834008883
2,4,2,2,10407,-2067445975,-972366921,-1471454612,1941469819,1284453251,164124559
3,4,2,2,10407,-173737220,-1974485605,1482567700,-95312594,840001852,-1902399642
4,4,2,2,10407,-124619802,-1355300180,-594018442,-1305824211,1541694479,-309397936
5,4,2,2,10407,1347185642,-2045625619,777524902,1215016764,1383819429,1550600748
6,4,2,2,10407,-1000716774,-204140246,-1512260678,-1062878635,2042922821,890674631
7,4,2,2,10407,-726518309,308621828,-1934045464,1807421735,832107211,1535377366
8,4,2,2,10407,1487002096,-978953803,-468520447,1830099850,704397374,449546916
9,4,2,2,10407,-1474666409,-43870740,-258535612,-1196085883,768013216,-1494833504
10,4,2,2,10407,-1479965842,-414649390,-1637800866,-1942768748,-942293665,2053439506
1,5,2,2,10407,292229711,1870126334,-453078115,2128776927,-1389680594,1623583143
2,5,2,2,10407,-1282936006,1969975538,1116232256,1393625155,1504604450,-138386456
3,5,2,2,10407,1418834402,-63704605,180642661,-1768383336,138944404,137795175
4,5,2,2,10407,1627658571,-1716494477,-874892108,-1982066467,776679903,-926780565
5,5,2,2,10407,-1222510351,1273908305,-667066093,-1318801367,400697716,-726168342
6,5,2,2,10407,1832184794,-782910627,100832262,1272395862,1915370078,-52177743
7,5,2,2,10407,833095271,-1951225403,-1319777761,-1365097116,-1844295512,1599035211
8,5,2,2,10407,384579613,891916981,1704671613,574091764,1203140033,1712192782
9,5,2,2,10407,506144788,-151981505,1419498292,214597952,630615540,-1154491327
10,5,2,2,10407,1198888814,618447267,-825432533,-379906584,-1273386355,1189498191
1,6,2,2,10407,266367995,-1656534014,782043140,-99423762,776552658,8498165
2,6,2,2,10407,-224694461,-1060166930,-2081515920,450851309,1408032558,120821062
3,6,2,2,10407,838917760,-339458938,-944894979,727642482,64103022,1493217986
4,6,2,2,10407,1724333818,-591522501,2098637659,1726908739,1829226252,1349453422
5,6,2,2,10407,-1560783080,1527718389,-712052469,1307948036,-1397223815,1017475332
6,6,2,2,10407,-213884862,1018226659,-2028347596,923829659,511790517,768233657
7,6,2,2,10407,232760381,-1676408438,-1381800520,-1496405430,-1466833139,-580986866
8,6,2,2,10407,-1443652574,-295440932,2117028764,1493049980,296155714,1006496448
9,6,2,2,10407,1206865294,1147567017,-516418089,137963125,1421293082,-925935089
10,6,2,2,10407,-100354179,1899500505,1756451496,-518406368,-1404281121,-2000241907
1,7,2,2,10407,196048130,1747214470,419188486,657740967,1895192677,-325654490
2,7,2,2,10407,-646231833,-711704200,308777927,-1095363302,1539909879,1208769598
3,7,2,2,10407,-345032735,2050314082,199698851,-1481580699,2116501411,213251592
4,7,2,2,10407,1911240063,-1813872519,1422481515,759961467,1195579980,-519154057
5,7,2,2,10407,451770266,-15967209,858497834,-148376846,2045492499,-1880420415
6,7,2,2,10407,1724267960,-1283917536,-1813679566,815952164,558474450,550251557
7,7,2,2,10407,-140039765,-1698558636,-1997392430,946935369,1874123191,289184250
8,7,2,2,10407,1403192259,1092120080,1745044579,-156756130,-1361048458,-1041439041
9,7,2,2,10407,-925492643,1351025352,221764089,59670194,-616689792,1176446079
10,7,2,2,10407,119557826,1158451286,-1039047771,1123386034,537477643,-1298430931
1,8,2,2,10407,465055867,-1767143572,-261199822,1545767405,318220607,116724763
2,8,2,2,10407,1987292633,-1615482267,-1343227400,559593461,-624138716,1526951764
3,8,2,2,10407,-225427184,-552034057,-1876859604,-723278967,-1296933470,1145903279
4,8,2,2,10407,-598035022,1440261759,602435312,670685149,190548212,-739716934
5,8,2,2,10407,-1095020122,220609645,1316918745,1051530649,1147461851,-1169792546
6,8,2,2,10407,-1889883368,549186174,-450387086,862401782,2013396533,-2000802406
7,8,2,2,10407,1891377732,-1024266371,165411207,1116537423,-550431190,-218245633
8,8,2,2,10407,916109772,-1272545275,-952834920,-25042424,-1177900435,285360525
9,8,2,2,10407,-2119540350,-60018054,-1839298520,945940764,-1527933586,-382193762
10,8,2,2,10407,1332562921,2032274528,-1183666120,-581109225,-1118925804,-692079042
1,9,2,2,10407,-337208132,39298750,-164602009,1661401836,1564338103,-108021725
2,9,2,2,10407,-1433262282,813498394,-1627690508,1692795835,-557402834,1522674224
3,9,2,2,10407,864150305,253855525,1673551888,1894100858,-83511281,1985588431
4,9,2,2,10407,701309087,1725797728,1549168258,1486549426,1445623048,-1779285618
5,9,2,2,10407,1059527209,-126425897,-430895585,1790382771,-924148724,-1276259837
6,9,2,2,10407,574693364,106253923,535078588,1918979435,-1248172801,1901233462
7,9,2,2,10407,1624139747,-325811021,-400911145,-857214313,-1172678757,1978883274
8,9,2,2,10407,-1368505528,-619480426,2058236491,-1542401059,1295738938,-573669719
9,9,2,2,10407,753904836,-1187659758,-547602713,1578652668,1577368690,-289295732
10,9,2,2,10407,333014100,1539808639,-726169098,-246087662,1999876718,826508777
1,10,2,2,10407,-1715262105,-1124869718,-2055707088,-1851094999,1509997462,1056755073
2,10,2,2,10407,887115164,-292941909,-917063768,-2025112918,-1432127964,-1096027565
3,10,2,2,10407,-68404997,1834964404,-2023262567,-459441083,-488220890,966065836
4,10,2,2,10407,505422001,353512918,1955206008,-370203185,837615449,690864443
5,10,2,2,10407,-1890346453,-226391956,-1784551323,-577106379,25271602,1088941509
6,10,2,2,10407,-640389900,2031127941,316595610,921337036,900783091,1768363012
7,10,2,2,10407,-329513477,1486520919,-657050865,127883335,570248279,1880014463
8,10,2,2,10407,-1553855370,-1463742793,1694405568,656844327,1056365337,-1028955131
9,10,2,2,10407,-1036488536,1405738559,96317790,-1922035864,-236820789,341964428
10,10,2,2,10407,905085808,-64274024,541553619,131141900,1564663361,-683998877
1,1,3,2,10407,1819556056,-1400045948,1123503942,1519628108,-1781323959,287423704
2,1,3,2,10407,959653092,187751120,449330806,905332597,-1886651095,773076215
3,1,3,2,10407,1534125497,1983738360,-966449932,1272553594,1415109049,266273627
4,1,3,2,10407,845322052,779143410,-270550222,1089498208,1657088269,296981089
5,1,3,2,10407,1133068129,362355469,252135734,2043994449,-752672637,-1695900224
6,1,3,2,10407,1868245330,868499044,1673937257,218499689,-1535131237,1158555219
7,1,3,2,10407,39086275,-397128576,1242873445,-1214379984,-1040527707,1073921359
8,1,3,2,10407,315222741,141108276,2068470335,854837014,-711230043,213738321
9,1,3,2,10407,-769007669,-1463361536,-1871080993,1938156320,680941069,808778375
10,1,3,2,10407,-818022999,-610819195,-1156698538,182090740,1581091703,-25324430
1,2,3,2,10407,1269708589,-1058046355,1558131936,-1674757076,-359508978,1324764103
2,2,3,2,10407,-1867099326,-1873709554,-1525591216,-21652718,2004901401,-1028603134
3,2,3,2,10407,-1823714146,1302003155,1957133852,-401610374,704928935,1549344262
4,2,3,2,10407,651657433,879579962,-1868635115,-179503702,1864328777,-1713369845
5,2,3,2,10407,-110542128,-1363535529,1711600266,-2001191178,82844921,-1899527125
6,2,3,2,10407,1091129485,352832483,-1586007044,-942116749,387853827,-1358910411
7,2,3,2,10407,722016443,1749715234,-1806131920,-529778827,1565783982,-1076488882
8,2,3,2,10407,-1138174574,1656848741,-1411746641,-2001384680,1670620432,1106003561
9,2,3,2,10407,-214079250,-712164791,-1307753508,1247366685,-43116773,-1674497937
10,2,3,2,10407,-1704155347,1028680377,1814940327,-443557135,1455371328,2098829877
1,3,3,2,10407,-937082030,-1391819339,-1884153936,742278249,72094842,2142320090
2,3,3,2,10407,2088991084,140462198,-834479071,716084236,-74820221,-699494739
3,3,3,2,10407,-697732490,826579090,-720292418,-169102789,1617154185,-250481978
4,3,3,2,10407,-1732835610,-1355664095,539441458,1703029825,1489812917,-1825594049
5,3,3,2,10407,-2108165599,-1054250462,1024575157,1111996427,1317390986,-1979711636
6,3,3,2,10407,-1840253389,-1336523463,-1194342788,-411124529,1792069814,621796636
7,3,3,2,10407,402940950,58324145,601597767,2073847763,1151649582,664337703
8,3,3,2,10407,-707028741,871159764,-360452363,919526965,-1347722082,1658295718
9,3,3,2,10407,-846084521,2100138933,1062133594,913600978,-1748407714,1779179929
10,3,3,2,10407,1387593571,1090543491,1072260004,-2131067516,-2026287336,-194703348
1,4,3,2,10407,-1309126010,1528570039,1021481364,-122026230,-1701351067,-330696668
2,4,3,2,10407,-1994430962,888029955,-1822256448,2052932606,-1064778634,154702879
3,4,3,2,10407,1232622632,1074828866,-1507497428,-1670412887,-1310249755,777109966
4,4,3,2,10407,-61025833,1219591510,-831387388,530668525,-2094894556,676009767
5,4,3,2,10407,1476311970,-1658514325,-1222962906,168464079,1601052811,1700201607
6,4,3,2,10407,1514548267,975763363,-117987103,-441195973,-489687341,-1950444092
7,4,3,2,10407,64150120,-1759850158,-701497775,590390588,1622967204,-41845892
8,4,3,2,10407,-113775827,1284693043,1153887611,-930363625,1840156409,931171272
9,4,3,2,10407,-100929441,-1386650719,1757387470,726842473,-1341057757,909641014
10,4,3,2,10407,-1890180437,-997039651,606257590,-496834906,-794705936,31146255
1,5,3,2,10407,-1001541541,1829950057,-701724069,-329629788,-1728791350,1619242988
2,5,3,2,10407,64332751,-335075467,387256390,-109263697,86519594,-386754493
3,5,3,2,10407,-281320415,915694057,-2015337933,-637210232,1254719052,1398819831
4,5,3,2,10407,-1418023195,-92001742,-1194017301,-88295374,-1550904807,-799499468
5,5,3,2,10407,1375383445,234306448,-1481016388,1642459011,1291695232,-118293919
6,5,3,2,10407,-1957776163,-1068461438,-1300078457,1846883654,-1574751110,-1750641044
7,5,3,2,10407,-32011447,-759152237,-47148034,-1722673693,199118264,717386128
8,5,3,2,10407,-798501429,1117351371,-497188935,-1147615875,1524758207,-267029603
9,5,3,2,10407,706755282,-522810958,147288458,-1548833598,190504822,1475364460
10,5,3,2,10407,1798029199,-2003920149,1249810782,986294809,1373960706,168455312
1,6,3,2,10407,231150054,1735337355,1989491904,1412598689,1551247,378844010
2,6,3,2,10407,1111314312,1835447044,-1124247979,-1990874761,-1556414237,-1349570014
3,6,3,2,10407,-1240585428,-2142216339,1983356208,-1203918150,2111541228,-569845083
4,6,3,2,10407,-1853971084,-1749840992,544391671,-2133778306,1750221685,-266386145
5,6,3,2,10407,199654488,1600833421,-1649906590,-715743229,551468910,-1922625048
6,6,3,2,10407,-303614939,-14785688,-1241607942,-6902138,995461075,1407205852
7,6,3,2,10407,1966567140,-504428777,-1284842549,1863517576,438672299,-355612175
8,6,3,2,10407,-2140179007,-1049713634,-802469110,-1167199343,-1667601075,-134879013
9,6,3,2,10407,1984879327,-1536987455,1516097055,-1511027332,-464163143,16373207
10,6,3,2,10407,1466030655,137864063,458590174,-2033507451,-1393687726,-778488299
1,7,3,2,10407,1742217230,467475905,1362576158,755378560,-678827540,1455077837
2,7,3,2,10407,-621669707,-851312147,-183337685,-1441015186,-1566661197,-1969634199
3,7,3,2,10407,-1106605401,-324513328,1121240692,106584454,550441631,1870458120
4,7,3,2,10407,41101834,2130865314,-2130718325,-2013046640,-1680789498,-652485181
5,7,3,2,10407,765552306,1623915061,-1118662393,442403888,-888648805,-1094861623
6,7,3,2,10407,-1018242335,-2110016695,-2135780179,2111152707,-1989512186,-1610870577
7,7,3,2,10407,-2044496746,-2087507510,1417055961,-660624675,-237743421,2021318617
8,7,3,2,10407,-1161022615,-1954112300,-1417313434,1118935941,-1176312863,-1880436369
9,7,3,2,10407,-1539616448,1206048553,-1689038517,-568170952,23779065,-1649782919
10,7,3,2,10407,-1190656474,-964628828,-584668068,1015644275,-444882356,-2038113324
1,8,3,2,10407,689171237,200502682,374845821,1516340101,835488001,2100984131
2,8,3,2,10407,626267451,-236975978,2118718432,1672318732,488261408,-2142748193
3,8,3,2,10407,-525981656,640762932,874513178,-621910404,463542244,525716524
4,8,3,2,10407,-978461587,-1645518620,832188351,-396585077,1964879847,-857459969
5,8,3,2,10407,-1367639541,-569758933,1312270427,-1920264322,-470984159,-1872561311
6,8,3,2,10407,-851281535,1107552844,669239151,-198443588,-83246060,1874772070
7,8,3,2,10407,-1556534019,-1989492836,-1329915235,1835533596,1660605055,963690716
8,8,3,2,10407,-1983968022,-699689769,786384066,2125619198,-457936014,-1629476526
9,8,3,2,10407,-720698475,402949414,803416851,-1691484185,133677012,-780195269
10,8,3,2,10407,-986894417,644939775,1516044579,1158658754,2096724945,1805618210
1,9,3,2,10407,-1253285293,19917689,1367368617,539291685,1554824803,9215832
2,9,3,2,10407,1102913653,-748380618,-748218006,-2059134097,-1328426380,-118460247
3,9,3,2,10407,-631758367,-1660795267,711907815,-1086344782,-206218466,-576735356
4,9,3,2,10407,255960215,1219000363,-639810048,-1919199108,409303655,379497406
5,9,3,2,10407,-914431350,-1183026938,1622442693,916874915,-929162887,-1008827438
6,9,3,2,10407,988347745,1358134714,-2004478265,-1714308357,-735257777,2130918045
7,9,3,2,10407,1613865377,407619265,-572764389,1870770795,-2031881461,1047675702
8,9,3,2,10407,-1068644450,1022685624,-456320695,778694033,-1334571054,370180749
9,9,3,2,10407,509083360,1592401603,1876420183,-2065739731,-677637925,-1857661928
10,9,3,2,10407,299506802,1560594055,-1804744711,1697756680,546303448,1724417315
1,10,3,2,10407,525716154,726440512,1389155670,358849736,-2146613516,524084442
2,10,3,2,10407,-970093704,735685207,-1885798450,-2067449825,155285841,258436095
3,10,3,2,10407,-870769126,-477924559,957888058,1517046207,1482880290,596602862
4,10,3,2,10407,322261973,-457442909,-1533916928,1441337694,-1228252120,-1881981657
5,10,3,2,10407,1099256722,-1978540114,-1941691067,981890871,-289550446,914411293
6,10,3,2,10407,-782268752,31767164,404538040,-334353018,-608542946,-362992449
7,10,3,2,10407,2043536961,1121771481,-832464686,-712648119,-1454972627,-1900392898
8,10,3,2,10407,-116551513,2067067402,-141015917,-823240355,-1642048721,1975848674
9,10,3,2,10407,-1131564096,953568045,919736622,-315365831,-1852136270,-1309787463
10,10,3,2,10407,11517029,-1561321502,-730046706,337843786,-1983739376,2073955550
1,1,4,2,10407,-18055815,2142177486,1821782110,-1196660979,490077399,-1583786674
2,1,4,2,10407,1566515326,-689715488,1482152990,-2091625907,-114160189,-1410932222
3,1,4,2,10407,-552909613,1398701479,172487151,700500884,2066684073,-2076732237
4,1,4,2,10407,-1990681302,1789910196,1294750081,-1889086098,-1705745630,714900376
5,1,4,2,10407,1970164069,2131440232,-397552873,1311383092,-1486918101,1463350893
6,1,4,2,10407,1534676751,1582108920,1417802363,-1542773391,-224311801,1963289227
7,1,4,2,10407,-351032531,2049431955,169361479,-336005417,-2011346401,-1640654869
8,1,4,2,10407,-1606368776,834490253,708995344,1576440497,-1651777440,128135134
9,1,4,2,10407,1359407813,649433450,-739499765,1331624975,804147377,1850264020
10,1,4,2,10407,565175200,1131047563,1665517834,-538707680,-1821118482,-1346286066
1,2,4,2,10407,-1243050675,1280825037,-573648827,356565244,746083805,-1909730219
2,2,4,2,10407,989790028,-1480790970,1893849031,364214338,-382334123,1785721390
3,2,4,2,10407,2068029050,-1806453510,-185542496,917427519,-1971451465,691714323
4,2,4,2,10407,-167292172,435747204,1750423136,-619386720,1388911625,1183656840
5,2,4,2,10407,-1684768222,1474682232,-807938216,1788071388,489624411,845795161
6,2,4,2,10407,-1593094801,1511356265,683831444,-2069225089,-1096592966,1572291911
7,2,4,2,10407,-1418564225,866816948,879486237,-1698676234,-211234608,736673394
8,2,4,2,10407,1118027178,-1546547040,-1098763653,-1742645446,-244021926,-1897613605
9,2,4,2,10407,159617009,-626758583,703833004,1036233356,1014321787,906847977
10,2,4,2,10407,-305940581,-1715653057,1569277986,-48933722,1209142418,-888600007
1,3,4,2,10407,-1870875845,1745997357,585466329,1123594927,37388213,-2028101131
2,3,4,2,10407,584941690,-477297025,1723954177,1411225993,214187059,-999323306
3,3,4,2,10407,376633869,400586660,1073013576,1967768141,-1447402653,-187520572
4,3,4,2,10407,439150540,-1009577230,-1410892892,280597126,-233857441,899056941
5,3,4,2,10407,-618729515,958754729,1088200137,792242957,67322051,1536562136
6,3,4,2,10407,1337992111,1992166947,-1709669276,271761267,1746066096,2138647124
7,3,4,2,10407,-2014531444,2108122734,-2034646846,1596097460,-643796715,-817726115
8,3,4,2,10407,34511959,-612902707,-607118793,210920351,1575759805,-1492100428
9,3,4,2,10407,-349414935,230346664,-627728799,2113946062,-580939110,-2116000278
10,3,4,2,10407,1662735762,-1427091695,1681299236,1590951569,1716355799,-1184903710
1,4,4,2,10407,682116461,-2059676856,-901583399,-1063086221,1062402029,1270232484
2,4,4,2,10407,-827536136,-919403160,982833734,-371237121,2027162963,-466243111
3,4,4,2,10407,580037365,-2102040020,1992924760,-1673734632,-562537462,-950470880
4,4,4,2,10407,-1352666234,-409095708,1177460695,755341003,-1067364928,1670530490
5,4,4,2,10407,-1537536293,2014410482,-1184350838,-1945350948,119062798,-1280258189
6,4,4,2,10407,103949519,-1780493238,1236935483,-938989094,-739835607,-1009304625
7,4,4,2,10407,-1497102650,-122146442,-363540109,2003084936,1596500141,518163274
8,4,4,2,10407,-1904389486,-828525722,-1418833864,-227189020,-1318242760,1467041823
9,4,4,2,10407,31248759,910870028,-178628357,-2115383568,1345466470,147548138
10,4,4,2,10407,-1717250840,27537069,-48981457,-1509963624,1232029969,-1763069530
1,5,4,2,10407,-2084656699,1589155270,-1495624357,680526536,-472706478,-1814271982
2,5,4,2,10407,840436495,1795022898,947597576,1348534884,-1140778323,-319658039
3,5,4,2,10407,1933457229,-1272758354,-1914865445,1352330522,947152943,668997257
4,5,4,2,10407,-1187073715,1421211100,317773808,640728465,1334578145,-849135682
5,5,4,2,10407,1577735407,-563621614,776031139,-742714188,1059586803,-977082893
6,5,4,2,10407,57611435,-1263569939,1511764085,-199673607,1167201459,174247926
7,5,4,2,10407,-1805404472,-1861459885,-157794849,-728669972,-916062557,-239052395
8,5,4,2,10407,-2072197264,-1970272207,253468299,1877519003,1771968015,-168739348
9,5,4,2,10407,756237253,-1575994330,-2133264758,1957835467,1722255486,-641221387
10,5,4,2,10407,-1299235976,-1651285372,-947757725,1562608871,-1680274408,-819057537
1,6,4,2,10407,-804971548,1367285364,-1735496774,226257174,1308019177,-673436646
2,6,4,2,10407,-769504980,250911695,946668297,-2004111462,1614325783,800075318
3,6,4,2,10407,-483316865,-940151628,-1398388247,302560095,163536674,-1728863230
4,6,4,2,10407,1591383210,2032810140,-1343310888,-2079944696,-420272970,-982995311
5,6,4,2,10407,832019295,23445141,-500359723,-5528576,-2014254070,634065122
6,6,4,2,10407,966629633,1115776367,1812693308,1638888347,1067060915,937661098
7,6,4,2,10407,1721485600,982804236,1595485432,-1002503345,-1823855109,801307133
8,6,4,2,10407,-1117402807,336107630,-1836909343,-1189309279,636190037,487615759
9,6,4,2,10407,1834487962,172175127,-877577205,1212766208,-1247771214,-113093496
10,6,4,2,10407,-218308815,-1989139498,644950622,648866727,-319221727,1817023958
1,7,4,2,10407,-1398178186,-1653736405,102589242,1573750950,688617239,-1085300532
2,7,4,2,10407,-741556713,-1465558704,1712574507,461947075,-491986411,-1741864246
3,7,4,2,10407,1371117224,2113009725,1690965232,1115990619,-94799454,1605482995
4,7,4,2,10407,1337000917,-30044270,-368498787,-1812416320,-68960708,2143138179
5,7,4,2,10407,-1896870015,-1124239068,230407479,-995006069,-1589331961,1388297312
6,7,4,2,10407,1422103630,1352712814,-1097078317,142723059,344351998,1467775136
7,7,4,2,10407,1736766829,700833583,-1722430399,-792818227,-1652291884,1960715749
8,7,4,2,10407,1565316400,-1461799062,13233294,402988927,2120775076,-1961403033
9,7,4,2,10407,-758451718,-331834558,-665827901,355400089,2058617688,-568963857
10,7,4,2,10407,-381120806,-2057824052,391645817,1922692587,-1787103008,1526508307
1,8,4,2,10407,1384929197,-479109879,-1183264051,1431562123,-1509294175,264742850
2,8,4,2,10407,-582822412,-468465166,-1520869351,-968613207,539750768,421617175
3,8,4,2,10407,1422271115,-1661905461,1378931696,134645612,-959359804,-1878253451
4,8,4,2,10407,-1543066691,-2092855659,-83884455,1521297561,1106444823,-269982184
5,8,4,2,10407,1050857057,-1969822525,-1349304887,592796415,22271877,-1896088138
6,8,4,2,10407,-1998252763,290659351,-1331503434,-2103303602,-453953696,-1761926822
7,8,4,2,10407,1670410449,-828534630,-1710463109,-1823377874,-389195894,1082809837
8,8,4,2,10407,1387239241,1010418642,1058498711,-1175791593,-1308325641,-1463663495
9,8,4,2,10407,254977359,239308184,-1473162482,919473563,-1768020568,210582522
10,8,4,2,10407,1436800681,904852606,-1667079131,474205181,1278722220,1891047549
1,9,4,2,10407,-1039051463,1723267966,-361183089,-1774962463,-1474240736,-1484487187
2,9,4,2,10407,827035466,-424782545,-1895787040,-1896892562,2410763,-1900995334
3,9,4,2,10407,951091829,1723630348,1717661196,2018079881,590240095,1427200170
4,9,4,2,10407,-1829984273,339792028,-1971334982,425111968,1654422868,1364331011
5,9,4,2,10407,-951127849,1785733105,-1117835603,-849440047,-1680556980,213834981
6,9,4,2,10407,1650093222,1933223347,1045153660,-1463950507,-1869095378,-1472560116
7,9,4,2,10407,-865349254,-1546084573,-1729857175,-2087388909,-1833258197,1214583892
8,9,4,2,10407,-189588133,-1955926628,335165884,768177697,-1817346336,773270539
9,9,4,2,10407,-1096679133,-1927312182,998607866,105818097,1018272707,-1057518366
10,9,4,2,10407,-1328279588,1373037713,1221760063,1428713852,-1803762803,779792809
1,10,4,2,10407,47872990,-103716701,-1859181493,487013922,984071169,-1792656958
2,10,4,2,10407,775511163,1056880466,91572779,28718439,1020689201,2091833328
3,10,4,2,10407,-1556609366,1408382978,1522610937,-1960418282,-1360749472,2146763335
4,10,4,2,10407,-53654791,-1715205369,-116363504,95627383,489111194,-1374358238
5,10,4,2,10407,-1862084286,381470654,-2116477057,1696235762,7589924,1727810854
6,10,4,2,10407,-821205133,-1255033348,-1161932629,-552364765,-1950811862,-1495873493
7,10,4,2,10407,267217023,-782469357,336696517,493827847,-487732382,1294881674
8,10,4,2,10407,-1575095988,-317495518,-550270524,670210409,-1507300854,59487275
9,10,4,2,10407,-922541217,1584489062,582522457,-614614735,-898942382,1950186164
10,10,4,2,10407,1385606122,-1217420190,1241458068,-212002410,1824723167,1210088226
1,1,5,2,10407,-2136205007,-1076167932,-1536468218,985287263,1581283903,1128319673
2,1,5,2,10407,-1110020890,-529364464,-1564575054,-587615172,-1837428159,171130880
3,1,5,2,10407,-834760806,203206816,-550648697,-623357467,632520956,1974628563
4,1,5,2,10407,22637154,-532114474,-455240454,1708832325,-807139961,973961669
5,1,5,2,10407,-665829663,1530354169,-1760161099,1206509634,-580738809,878735376
6,1,5,2,10407,1794134255,-17859008,950466007,1028591089,608166900,481694635
7,1,5,2,10407,982940409,282710294,-1317184177,-1625222940,-91174142,1487289489
8,1,5,2,10407,688554792,-1864605088,296077220,-859971523,1086309678,-1840568182
9,1,5,2,10407,-346168673,-831527358,2117709037,-8403404,259338926,998761632
10,1,5,2,10407,1396311164,1353038152,-774142118,-1095435092,-1447412741,1337111488
1,2,5,2,10407,-1534298868,616011414,484508813,-126704031,1796541753,832983596
2,2,5,2,10407,569866735,1676766761,716139685,-130681540,1867438404,1957317812
3,2,5,2,10407,530596480,1088562855,-1739993879,2084744225,1058925378,48208374
4,2,5,2,10407,-828067213,891477749,235743364,1846158780,-1640228917,-1760810158
5,2,5,2,10407,-1683253622,-1122603495,898244883,-961992998,-1024084816,-1575266644
6,2,5,2,10407,-157027215,-848143585,1686173934,2098466801,764809210,1943784824
7,2,5,2,10407,-48208052,-1467860163,-897913632,1398507650,13483883,1179694179
8,2,5,2,10407,623980491,-2120752752,124992691,-774939454,-1667295864,926396765
9,2,5,2,10407,-1090421435,-671722131,595541096,-1726129952,979097392,-444937703
10,2,5,2,10407,-1471643474,-1417897424,1539640857,-1072236166,426562289,-690287463
1,3,5,2,10407,-1769533955,1683656948,-2126682718,-1936109415,1843227653,-1895527729
2,3,5,2,10407,-223394222,-1877417467,2027716481,-2082655348,1501674797,-906787305
3,3,5,2,10407,2120183841,-226811816,7299016,1782217426,324102123,-591964671
4,3,5,2,10407,-48573927,-6102832,-1428338457,-1647219717,557607068,97755155
5,3,5,2,10407,-1750421476,-596447831,1332494872,-1692566660,-1071163101,-818415446
6,3,5,2,10407,-1197900499,1002558962,-548680327,-168776157,37507853,-415437171
7,3,5,2,10407,1491907288,1493209034,-1341525739,-101453612,-635617667,-2043182510
8,3,5,2,10407,-500587300,268741323,-591901196,950726296,-1659665336,1228163119
9,3,5,2,10407,-121653904,-530418060,-1019312150,2056014357,-1483973629,-1008728184
10,3,5,2,10407,-1045813921,312595501,-1491036934,576096292,776447555,215795273
1,4,5,2,10407,-425435060,567142475,-950889957,1357797784,-1490161165,794829751
2,4,5,2,10407,355048762,-1560889875,1915296591,-1249217900,-1103202206,-2000640431
3,4,5,2,10407,-479080468,1180620630,1093634386,-236297864,-780198277,1791585482
4,4,5,2,10407,123985266,2099777168,-870015148,1888078452,-178049541,-1386449780
5,4,5,2,10407,-1580294356,1367576930,889372247,324818956,176661354,-854513199
6,4,5,2,10407,1355327634,693303546,-1620881454,1020287628,-366308413,1983684258
7,4,5,2,10407,1810296385,474708338,-1164492648,-1793268898,1647626101,-1707558747
8,4,5,2,10407,-1123983944,1591617390,452743630,1094590446,1530880145,137932319
9,4,5,2,10407,1071099892,-1392345935,1588668586,-1215790694,-44211287,-1032999639
10,4,5,2,10407,-2044760805,1276110843,-2085782667,-438756801,-229877785,971625484
1,5,5,2,10407,-2116304545,1641215908,228676837,638405030,-651116070,-1362387356
2,5,5,2,10407,-52986064,1937510887,-228181482,243097827,1359821358,-1846660091
3,5,5,2,10407,1096947379,595685193,1233332116,1164404211,-1890862318,698647055
4,5,5,2,10407,6195339,-1128774807,1941763403,1588814367,803214397,-1167281468
5,5,5,2,10407,534059874,-1161010356,741323689,-957936847,-1249116395,712334466
6,5,5,2,10407,-185463609,1687151664,-62398593,1872656192,1443700397,-115883245
7,5,5,2,10407,2086476778,1700661219,-1934944272,-2049950130,-1012621061,-286101699
8,5,5,2,10407,-1307820044,1038712703,1297940590,-1131833162,-621472325,778079402
9,5,5,2,10407,1332807318,15903895,-1864456176,-1812473473,-8556190,844627479
10,5,5,2,10407,-1459319092,1049870105,-1243765861,-2138461418,1907000587,-1281142467
1,6,5,2,10407,554642606,-2077916344,-672237425,-165109014,-2142991616,-1611495521
2,6,5,2,10407,-2038757170,-82556333,-1941281389,956336236,-804278143,-1457779116
3,6,5,2,10407,-66771904,-1662431681,-441845448,-1479995857,2072582711,-194954252
4,6,5,2,10407,-882799878,1906781154,-755936208,-754267479,1088358336,690942267
5,6,5,2,10407,-655054021,-1494608262,1917298453,601573395,980082139,1340498497
6,6,5,2,10407,1961467400,-1980103630,-1974245016,627366889,-219735480,-86897646
7,6,5,2,10407,-1045522382,985523254,-1899464110,-541526051,-483119263,-907104591
8,6,5,2,10407,1090571813,730086094,1539228610,670086361,-385168937,1711758442
9,6,5,2,10407,2089584271,-1977702986,1744408511,-1621181177,1645275296,-2045074895
10,6,5,2,10407,723443526,-1934113804,-807503981,293532816,-1326080289,-1283411382
1,7,5,2,10407,289972192,922604506,-1839476154,1935242989,333426318,-1130593281
2,7,5,2,10407,1902461946,-991086391,-879986086,-792496361,1242491752,675671598
3,7,5,2,10407,885445538,-398572662,-905078182,2049219711,-1628887831,-2065721263
4,7,5,2,10407,-1992968330,-796844954,-1575317083,-2092971794,-1294557765,-1169683345
5,7,5,2,10407,420029056,1368829019,1370956903,52484586,-746725768,-797739763
6,7,5,2,10407,405931773,-1451460975,-164513206,886995923,1760466119,665965594
7,7,5,2,10407,1662904129,-1897393850,-1627256506,455323497,2005177576,2117852272
8,7,5,2,10407,-812982957,-1419773936,1872757361,-2024438996,-885500596,1320308176
9,7,5,2,10407,-1946983007,716327702,-897142705,-299681044,-1668099267,230037180
10,7,5,2,10407,-989633047,201671825,730034419,-1081159526,435317414,359774003
1,8,5,2,10407,-1226841241,-1950218256,-896949689,-928238285,-130743541,1773476643
2,8,5,2,10407,-501768877,-511529271,1705021583,-704843095,1485454833,950283642
3,8,5,2,10407,115091057,1918523701,187607279,719396917,-1800924265,420847669
4,8,5,2,10407,-1046335580,203973825,1596999284,-349066584,824487397,-1187290296
5,8,5,2,10407,-202936667,52372316,-1309503605,-1397724315,65833893,-2110275833
6,8,5,2,10407,2019626136,1297212065,-46299131,314631235,150595175,-1002599600
7,8,5,2,10407,-583677009,-236229513,492019637,-1858805401,-956338912,401343110
8,8,5,2,10407,1493977199,180890901,1129907494,-1803587002,-1860507372,-2144685445
9,8,5,2,10407,-1721160666,-1566078546,-2129932376,1952667515,1017940060,-1451979386
10,8,5,2,10407,781558372,-1043539710,-1750725231,1324608767,142141800,907518445
1,9,5,2,10407,-374781327,-1242342412,1840613978,-1995977207,1811611725,1236470714
2,9,5,2,10407,-1375380068,1733742577,1491764000,1378330335,-573718548,970794101
3,9,5,2,10407,-221439395,1726971658,107780995,1879308970,-802899855,-719446370
4,9,5,2,10407,-2145575284,614203581,-1098961694,991621666,-2121776887,-1930359412
5,9,5,2,10407,960990010,1957221448,1561489734,-1504751985,832449047,1331650419
6,9,5,2,10407,-1061957680,-730520478,-274148072,312825030,1796305747,1343758063
7,9,5,2,10407,1553141527,-2007442083,-1182946233,789854755,1958809915,-1775915128
8,9,5,2,10407,586852132,1697113272,-531065927,106506062,-606319165,-753775087
9,9,5,2,10407,940800276,-1070049181,-1429510681,-273129942,1309275222,472677084
10,9,5,2,10407,-1161879344,765382978,1460412271,1910015219,1318646924,-496765874
1,10,5,2,10407,-379554561,-1365566514,112853039,2118964400,-595748972,562600602
2,10,5,2,10407,-1584738578,-1631540179,1116245628,101364588,1363524956,2045889886
3,10,5,2,10407,-283909364,-1428565048,-1400605226,1165791787,1080462661,593682443
4,10,5,2,10407,-1950686656,810112996,1241022562,-826504856,-189870271,-988044675
5,10,5,2,10407,1490032405,511631519,-1827050014,903452720,1626010066,1028648178
6,10,5,2,10407,818671801,-247459136,136560507,535112785,1120845722,1801218734
7,10,5,2,10407,-843108832,-49363849,-274003974,1628766869,-251163377,686372340
8,10,5,2,10407,495918907,659181730,287017511,-1907511413,-246501792,-1732422050
9,10,5,2,10407,1743344232,1888301882,977463401,1597673840,1747469184,330133523
10,10,5,2,10407,1046997448,1000454293,551725266,1317997242,-1176029870,-716821880
1,1,0,3,10407,1858133252,142807796,1187465416,-857760714,-1189265518,701997381
2,1,0,3,10407,1971720587,1623419105,-446630137,-1368739007,1475595388,824582485
3,1,0,3,10407,-1632431811,-1217622101,-1578001171,-1542808050,1571364622,-1367634269
4,1,0,3,10407,396710641,-541371413,-1690269708,-1514493247,-311553053,-166051935
5,1,0,3,10407,1928242434,525734732,1848731459,-716774252,1385499228,-1285897597
6,1,0,3,10407,-116726703,1362980440,-565869599,193588321,1948233119,-360809518
7,1,0,3,10407,253831537,1747125128,-67195278,1307191538,1806597448,2007957616
8,1,0,3,10407,443782970,1716082793,-1121836054,-1196067491,838713449,-1691903833
9,1,0,3,10407,-534807306,-1479561851,-112758505,443510718,1460446130,1886353070
10,1,0,3,10407,-40503215,636719500,-440494446,2021574628,1110798386,-1421441085
1,2,0,3,10407,-1144973966,-485531739,627534390,-1445736770,-1467296599,-1986656386
2,2,0,3,10407,1786122484,-1444028250,-684146575,58734683,-1722980993,1427869143
3,2,0,3,10407,-1471690094,621325504,139648042,-968568206,1458995747,1414804226
4,2,0,3,10407,694473238,-1471192916,-500707467,1802916535,1902702605,1853222311
5,2,0,3,10407,978564143,490480635,1170240067,248384766,-1565902334,1527237039
6,2,0,3,10407,-524945637,-1181956728,-966836296,553643816,-124625940,-1755659180
7,2,0,3,10407,712117338,791178522,-855529674,26494628,223355882,1311609103
8,2,0,3,10407,1894254873,278857973,747035639,-1890433045,-395664660,967238546
9,2,0,3,10407,865418791,-27110666,-1384812602,-1650868882,-1686280991,-1708139105
10,2,0,3,10407,-2102574053,-2143945402,74432784,-159756391,2070358545,-592072108
1,3,0,3,10407,-407179497,44041563,1764305175,56252950,1792306628,729885871
2,3,0,3,10407,757511075,-1180878581,-1189494854,-133457566,-1648637758,1463295216
3,3,0,3,10407,-1020742149,-1933129187,2071365620,1443403605,-749270389,2079880000
4,3,0,3,10407,-540317242,1169855150,-1259352064,552289706,-1418205911,1898742712
5,3,0,3,10407,-1481645198,-1514597376,530722494,-401212957,1553861498,-900752520
6,3,0,3,10407,-966140845,-259861711,1918971390,-721300434,-575607369,1312086172
7,3,0,3,10407,-1231250232,1114568970,1882603125,2047255865,952070030,-1535335494
8,3,0,3,10407,1944658761,783492688,-855976118,1322651859,-575752820,-1873369940
9,3,0,3,10407,-169946411,-1926030601,1935545343,904978598,-627648508,1445857306
10,3,0,3,10407,837753637,-1125554885,-1863616447,2107673462,1996508859,-1500922396
1,4,0,3,10407,1267304247,-290087230,-305377279,-1470860448,1569739806,760737778
2,4,0,3,10407,24200735,1268765052,763712826,1736515171,-406715286,-1583960517
3,4,0,3,10407,-89593237,752455560,594695670,988895468,-358528409,-1116715765
4,4,0,3,10407,1664206635,-1681894399,-1621021081,1847381326,1427111155,-1960257382
5,4,0,3,10407,-209975274,-1241934829,-227046274,351346895,-625906318,-238509865
6,4,0,3,10407,-1153037895,93740324,119874495,275077875,1426487401,1157743946
7,4,0,3,10407,1810333292,1160926726,1306115632,1756400492,2122072813,62486652
8,4,0,3,10407,-679594669,-1212473381,106708848,-1373259588,-773766749,-2010366751
9,4,0,3,10407,1831918244,-722150829,-1171309481,-673429526,-1467552120,1796634508
10,4,0,3,10407,-1780573132,1915990286,1595312627,-1235422531,1564279424,-1402216468
1,5,0,3,10407,1852853233,1613325985,-1826488753,-1219067710,739889075,-1576920783
2,5,0,3,10407,-771797680,1707854928,-1071112060,-608820829,-1727416001,-1521548504
3,5,0,3,10407,2008071014,-1267525960,-1703009030,1945844211,1246816823,1455151294
4,5,0,3,10407,1958295782,-398546761,1062288841,262636607,162591492,-1201534935
5,5,0,3,10407,-18033953,-1564896091,-345892555,-1602776684,1195629891,546558582
6,5,0,3,10407,-73087975,49426753,713903882,1290755401,-1034566542,895327208
7,5,0,3,10407,536382840,1942854105,338174130,-691270835,2038236091,-479233969
8,5,0,3,10407,-415091878,1508964194,813776341,1059290424,-208115029,-563410233
9,5,0,3,10407,1070515023,1062925856,-422523690,925240502,-1944357527,537429064
10,5,0,3,10407,932839025,-1499534410,-305723135,-263196765,-418720785,58733696
1,6,0,3,10407,204068288,-453886135,-1292038870,-2145676406,-516059367,-190277233
2,6,0,3,10407,1384690426,-1402605976,1190490502,125594231,-1425226493,1672522562
3,6,0,3,10407,-2099550996,1472058811,-1395768763,1093277746,979166418,-1615694104
4,6,0,3,10407,1588445844,1198964317,-2017130423,-781396668,178696789,-513777842
5,6,0,3,10407,1408726181,-689699997,-1815121788,-415669393,-2137931391,-546989570
6,6,0,3,10407,1512030796,-427605049,-117426637,-43962244,-2068159924,-167574073
7,6,0,3,10407,-222225417,719149319,47980509,972967981,-95698332,1275445061
8,6,0,3,10407,849199843,-794253151,-716261967,-1185722705,441486840,-1661723505
9,6,0,3,10407,-1401999965,1507485162,-2103436148,571905447,1150905611,332364339
10,6,0,3,10407,-79680674,1976478133,-857464868,-561535567,-1235954426,1333982227
1,7,0,3,10407,597325896,565143851,442649829,-567545701,686878980,1708976476
2,7,0,3,10407,-1924509490,-886409106,-211186189,-354396309,-1272073594,1872566339
3,7,0,3,10407,-1283280888,-1440536900,-1694886803,-1580189132,2078489744,-1002935391
4,7,0,3,10407,-1194488701,-814103039,-1556265984,726388763,-113570771,-36385298
5,7,0,3,10407,-544730693,1854427721,-284630518,2091055215,685539600,-1548800741
6,7,0,3,10407,-1566325300,-1215312445,255969297,-1718828373,802140786,-871791912
7,7,0,3,10407,1418693389,-568673747,600240786,-1530689833,1929651684,923241093
8,7,0,3,10407,842864493,-2055621297,-820629708,-1008448500,1811824722,358952348
9,7,0,3,10407,178037842,-1319454661,370146133,-1951085324,1294271781,-800875231
10,7,0,3,10407,149929371,-1124849139,211982614,-1569770359,2138158699,-67411990
1,8,0,3,10407,1118868375,-1029689704,1012051219,-215601949,-860431791,-1536360546
2,8,0,3,10407,-551977445,1989259588,410571980,-1917750056,476133670,-492188563
3,8,0,3,10407,1122811938,-592863800,1705450371,-2044025845,-905056953,-828609537
4,8,0,3,10407,1302469798,46287799,336072683,1765988225,-1502693544,454613300
5,8,0,3,10407,1999613958,325906419,514031823,-1149912430,2085497185,1541319931
6,8,0,3,10407,-1060667928,1271255115,-1777683058,142909161,-2015569841,-1024041183
7,8,0,3,10407,49918580,1047573970,-14686010,1613535566,2122796085,-1735722741
8,8,0,3,10407,766384823,-578141613,-1385390470,-1335285522,-420153216,610017561
9,8,0,3,10407,-1145725963,614394720,-1930240052,1287885122,2114445214,23074943
10,8,0,3,10407,-464340867,712538953,-1968884680,1664671968,-179543135,867739130
1,9,0,3,10407,-1964190283,-1241939248,-117853498,-1755622408,-1325131070,1739752223
2,9,0,3,10407,-2124637733,-457951507,-1038004160,2025313716,545761044,-1635890025
3,9,0,3,10407,2051972295,-59786083,-1815597548,920263736,1225180261,-1094842120
4,9,0,3,10407,1438316210,-973818238,898084104,-276284467,-860080053,-1253098354
5,9,0,3,10407,1226751013,408226925,-1400626489,-528253671,43873509,-1044234947
6,9,0,3,10407,187623148,-560631959,-1928474686,1809858598,-814950832,341376300
7,9,0,3,10407,-818776190,-2014202024,1395929382,-254468340,-1599842436,-1928515507
8,9,0,3,10407,-903365230,321110086,-2056555787,821658959,-1068772410,289463817
9,9,0,3,10407,-1558556236,-880923109,-771757280,-1437431613,1841767505,-719226202
10,9,0,3,10407,615561828,-529685033,1609964285,-1070028609,-710514920,-274539399
1,10,0,3,10407,-1302727648,1119707094,1940706983,-950841266,-1565194853,-1623893646
2,10,0,3,10407,-204356584,-1897481318,1973000174,-1058373811,750553199,-881007680
3,10,0,3,10407,-1606627746,-571827130,-1384240943,306193368,865287012,986023499
4,10,0,3,10407,-615477246,-468092062,-378923420,2036880600,-1472903057,-1519519060
5,10,0,3,10407,2129374670,1677657150,1688343468,-570138446,475767994,2084311644
6,10,0,3,10407,-1152917223,2099745917,-1308538682,-2045420228,-1836660835,-901813338
7,10,0,3,10407,271455550,811943163,1622727280,923855062,-1691707366,-1149869587
8,10,0,3,10407,-299534509,-1307118153,-693263392,-1255570282,-1561246207,645545927
9,10,0,3,10407,2110817318,451348640,-1303060558,320858837,80339614,-844428382
10,10,0,3,10407,-1963196246,320254694,-1266692719,-870955125,1666680123,-197031752
1,1,1,3,10407,-1119564132,1404009558,671045512,-1304369638,-1806413317,-1101646256
2,1,1,3,10407,1263477511,-789083752,225715540,-1134323874,-66849154,-18716355
3,1,1,3,10407,-1501869722,1522371017,784639246,596210099,1795260365,-2052774530
4,1,1,3,10407,-1853617704,-1232587403,-184328112,918535642,43188927,-278409420
5,1,1,3,10407,938453947,247177047,621562639,-1809608274,-1351077475,1669849853
6,1,1,3,10407,-808713129,1563333255,-1688918623,758661292,-1548522311,610709454
7,1,1,3,10407,1502379735,-892982955,-1355742914,1571828065,73574064,1011491323
8,1,1,3,10407,-185045540,-840607787,-1710025297,-2558568,308860199,-386305455
9,1,1,3,10407,124852065,-1997258484,1868286232,-449859720,-78161381,1869057015
10,1,1,3,10407,-1465520223,1282851839,-1116283688,800339705,-1105249265,-693168579
1,2,1,3,10407,-2079074162,510981185,1717803407,-609563103,1422019381,1757494558
2,2,1,3,10407,446346930,826639090,-1442182852,1227288978,-1904942634,504114972
3,2,1,3,10407,1850644210,916719003,717921657,1199548832,-800875273,1144711022
4,2,1,3,10407,1553882489,450959027,-1274852941,-233039589,863072694,-1857729224
5,2,1,3,10407,197926329,1725921192,1392368944,-2082321814,1313321531,501554318
6,2,1,3,10407,913364363,-2060115071,-434777289,-2135334906,-1481557406,-1778158336
7,2,1,3,10407,1556341005,1103596554,1674712450,-1051572024,-1534739849,1216838258
8,2,1,3,10407,1761304127,-1774561615,256843450,-1079739669,-2128354575,1253720014
9,2,1,3,10407,577662779,-248709310,-1572999809,1675344762,571579666,337590074
10,2,1,3,10407,-562320906,529627321,-1351616082,-812422321,920125246,-1257049991
1,3,1,3,10407,-1033569246,1016608944,1454784821,1916772393,-1430053036,-445666814
2,3,1,3,10407,581486463,-1481203608,-1316466136,-1923902814,547171347,-288144689
3,3,1,3,10407,816929591,-512259080,233054379,1991957484,464993784,-820088917
4,3,1,3,10407,-1502290927,-1963042423,2110063364,-1819361728,1949268290,-1968736410
5,3,1,3,10407,1042428570,-1148525779,-1468128830,-12056490,-1358250264,1701448836
6,3,1,3,10407,559683260,-1345236681,-150047522,-241854051,1252720136,2137274742
7,3,1,3,10407,1888444369,789036599,-225785354,1792821722,426442930,586178790
8,3,1,3,10407,1560284496,-920392953,-1897666270,-603490787,1152322538,927925621
9,3,1,3,10407,-1617402224,1280806154,620422282,-1098618830,-915983009,-801056025
10,3,1,3,10407,1202416210,-225721915,1463481659,53962163,682841781,1856236715
1,4,1,3,10407,1475126998,1253270903,1087084327,-1783854060,-1047566888,1516266817
2,4,1,3,10407,762600714,-75586485,-1446604490,1999283275,-1879855203,-1932482089
3,4,1,3,10407,1586386661,609377681,-942760139,-122900229,-1794807369,273342683
4,4,1,3,10407,-1846165295,-670696628,1520757090,-388733703,1791985943,70012304
5,4,1,3,10407,-634166797,1326656026,1575166058,1862364979,560374024,-793033228
6,4,1,3,10407,663409306,264739997,-117836999,647242998,105345485,654773626
7,4,1,3,10407,-1061662417,-1067847405,-513986791,781756870,-179198424,258350186
8,4,1,3,10407,1192591281,1603629232,938515460,1752201820,837417158,-1049435027
9,4,1,3,10407,1188106393,2082594468,-378491701,-711168278,1468033090,-1613970794
10,4,1,3,10407,461405172,-1524303829,2070260903,-275860380,1342614579,-977354682
1,5,1,3,10407,-273924996,-1596080777,-1421231344,1079459454,-1133860949,-556343956
2,5,1,3,10407,-778843785,-1941274010,1602630493,-88657568,524632,1998784785
3,5,1,3,10407,-873901653,-547638665,-925025805,-77405142,1169453861,-1511166767
4,5,1,3,10407,-1880947580,-1788627431,-617220913,-1324120088,-1644694914,2131671815
5,5,1,3,10407,397750614,1108658208,-1185673007,-250754591,-491418903,628069429
6,5,1,3,10407,1971928596,198925614,1783709291,696775701,1747062591,-377139487
7,5,1,3,10407,-1099690755,244394693,-583827603,605261776,-745054459,2035293939
8,5,1,3,10407,625314448,-2106008544,-1900389554,1522631890,-67663552,-359069882
9,5,1,3,10407,-296270621,-17341369,-1020692809,-1428583555,-1681953927,2069425821
10,5,1,3,10407,-1464008468,1945223684,1479219400,194718725,1973501663,-104678123
1,6,1,3,10407,-1661432424,1746096561,-117851040,-1495236970,970492009,-15820231
2,6,1,3,10407,983033517,2002917652,-2017193041,-831783334,329062700,-1454290743
3,6,1,3,10407,-1554139880,-1635294527,430703841,-1224826797,523998883,-200692906
4,6,1,3,10407,1959965617,-919484297,42982248,-1171272307,1892114826,-1774675370
5,6,1,3,10407,1573473460,1626046545,157188281,1441487241,-1163798318,1648341081
6,6,1,3,10407,-1830039994,625332765,2108118821,1360241921,-600385336,-2000009229
7,6,1,3,10407,-358683849,-1860921660,-14846988,-1081698446,47110844,751976983
8,6,1,3,10407,-1420252192,-1852452507,299329722,85644424,-635678835,1356776780
9,6,1,3,10407,-420291588,1790504391,694979751,-1333542769,-727259739,343318018
10,6,1,3,10407,-429532131,-736127081,-439090970,2122965863,648570342,1935163979
1,7,1,3,10407,837490827,1980290491,524875888,-1694616626,961185664,-1235932006
2,7,1,3,10407,-743049607,-1791285791,1545853724,-69135307,-1953226231,1203239515
3,7,1,3,10407,-1330765273,1746314501,-971439085,367483568,556205066,1343966699
4,7,1,3,10407,2100679571,-1864311067,-303710930,-1049877049,1334724339,1258337544
5,7,1,3,10407,-874191490,1820768903,-1632703852,593169305,-1305474563,926975150
6,7,1,3,10407,1448941246,-290210660,1886078700,1681062351,1802768768,-940085811
7,7,1,3,10407,465445339,2002489108,-801157488,903579392,994850939,1566755727
8,7,1,3,10407,2039620926,-488729102,776739896,-1623428077,-971284306,354119426
9,7,1,3,10407,-571969917,1268807373,-965715943,-556027787,601356852,393584308
10,7,1,3,10407,96394018,1279559331,1465475251,577316183,1096327235,-2083524949
1,8,1,3,10407,-40606541,1705676742,673938723,380886517,-460615013,2019520882
2,8,1,3,10407,-1680148649,-1464592154,1035901289,-1261466088,-2074155970,680200888
3,8,1,3,10407,-1387679500,1328814351,379719965,-1221486435,-422440373,1680207324
4,8,1,3,10407,-1202818597,1505789837,256249556,-1929243396,-717799462,-1197466000
5,8,1,3,10407,1092276489,566521081,613310354,-3704092,-66196837,-2095143158
6,8,1,3,10407,-1899823906,1604500995,-1184387699,1363225287,99944781,984369961
7,8,1,3,10407,-701909575,-2073344352,-840595034,2092980736,266955437,1329361067
8,8,1,3,10407,1441171340,1907592347,-598292973,298735136,1821124960,-1150962912
9,8,1,3,10407,-364211855,1755941926,346699829,-1492690771,-1082881338,-265723000
10,8,1,3,10407,-2056025082,-462238016,-1893898682,-696352159,-449651512,-364018222
1,9,1,3,10407,275072453,1468733118,641800551,2060565604,1338661299,1090740916
2,9,1,3,10407,768904434,-621585918,346886319,-125891684,-976340215,612647755
3,9,1,3,10407,359577407,-727520026,1163922184,-305710833,1815625643,-1300630547
4,9,1,3,10407,930635926,-79435193,1267695395,-2078443347,-1572610358,-2028890210
5,9,1,3,10407,651974413,-306511487,142475273,-1299525309,-1857193186,-1943135185
6,9,1,3,10407,839424224,135064716,1098569809,1106243892,-2142154582,1129352898
7,9,1,3,10407,-1355776752,-158516631,536148514,-1224268551,-609250473,-351336191
8,9,1,3,10407,-306713793,85427786,-1496841344,1535947931,-533707320,272912747
9,9,1,3,10407,-1909831158,2011222541,-943201616,-1581797544,772106318,-1447153643
10,9,1,3,10407,-745519920,663880824,1703278839,1459344384,-15060714,1876709520
1,10,1,3,10407,1747254296,-1626924277,975764699,-1467736661,-1300908998,206900208
2,10,1,3,10407,231175594,-74802594,1960237425,590614458,-1006589058,-449441441
3,10,1,3,10407,-131767449,1693832357,-763258266,-1516337158,-204314090,345019133
4,10,1,3,10407,-417376174,-1182902988,282094509,1888894318,-1271390415,1174907694
5,10,1,3,10407,-1370677254,277823073,-736257167,1003489142,394688788,-231903171
6,10,1,3,10407,570983229,409079009,1692308852,-1916582440,-1024989157,-1173048582
7,10,1,3,10407,1502472168,-1382239190,-2039718069,939905345,-1327055303,1035538198
8,10,1,3,10407,2065336106,1386498983,-824117340,-992191389,-1624186758,700713393
9,10,1,3,10407,-138319451,828408009,1435935085,1068710577,777970089,137597346
10,10,1,3,10407,-1421666832,-840395561,537988612,-1238119978,1984978505,-293275294
1,1,2,3,10407,594733113,-2031433023,698932975,1232826571,684856964,194554867
2,1,2,3,10407,784543854,-2005968311,-637094942,626425740,-1430726310,-809894025
3,1,2,3,10407,-1002157430,1051685418,-1178022617,-1730511516,1799534729,268646510
4,1,2,3,10407,-363168412,1905404834,1182379110,1142912937,-1424812627,-1529343945
5,1,2,3,10407,-142315136,2116996792,1628601899,85541430,-100630729,408984315
6,1,2,3,10407,-1201883169,871563026,1334896421,-461119913,1513279066,-1641066941
7,1,2,3,10407,2146232944,2001414918,-1629579493,-1157578900,-1641351659,1738059054
8,1,2,3,10407,1559837721,1650083413,-277312648,-49887844,1220377025,663312834
9,1,2,3,10407,97545456,1748252204,1306336215,-767639938,1551425247,-106017070
10,1,2,3,10407,-783143117,-492200096,-1488734185,-346745918,-969067048,1342096738
1,2,2,3,10407,715229309,-112801519,471221159,756180087,-1579573843,-1653952934
2,2,2,3,10407,-2018683171,-1230013002,-1352540405,-1186089605,-258662715,1734638368
3,2,2,3,10407,829235134,-2146162137,597467771,287379452,-1801359421,1962351420
4,2,2,3,10407,599623811,-500522088,-1437708495,259507104,-1595775363,1722353660
5,2,2,3,10407,1110755222,-1309219112,1897182455,-2039489643,1795555476,-1038270852
6,2,2,3,10407,-1277379128,-812044201,-668855700,223588635,1625566921,-1732640758
7,2,2,3,10407,1257945026,1841399767,-1788900937,-77403596,-781224600,-1490708766
8,2,2,3,10407,91328380,344410148,-1656162749,-675913499,998948368,-1465771505
9,2,2,3,10407,-1770879012,-1367732982,1857577971,873831105,115810856,-112791919
10,2,2,3,10407,-2145716770,1285420102,222016818,1086805653,1871812277,739738088
1,3,2,3,10407,-492438393,704300797,1310091329,-1056059070,-751906237,882494102
2,3,2,3,10407,-1408142684,1017817176,-91430578,-2044570103,-1529193558,-2012985994
3,3,2,3,10407,-1496506981,-1384705174,-695458228,1720567428,334688993,1950503922
4,3,2,3,10407,1582968760,2119623528,-65505638,-1740888417,1655304796,-630448083
5,3,2,3,10407,636792397,129537056,-782597349,-36339401,1683604690,295559486
6,3,2,3,10407,-884077618,-747649180,1433232383,1918835918,-938059707,1773203007
7,3,2,3,10407,1920855052,1853367189,661054846,10972084,1636935802,-277432260
8,3,2,3,10407,1701348046,-861520166,-906476686,380072668,-42792699,930834982
9,3,2,3,10407,2135504050,-2119943398,753527375,529294169,-2082249261,474566378
10,3,2,3,10407,-1867435930,2064895367,564916070,805854712,-792096413,-704551908
1,4,2,3,10407,1994644241,-1218307661,-2094440445,33094675,1226754923,1053284492
2,4,2,3,10407,430547003,1480534865,1056669664,-738143063,-549438106,249277852
3,4,2,3,10407,47692408,-413593641,-619991630,353905840,-927165888,1783654525
4,4,2,3,10407,263611878,1895106251,1760964020,157431451,1596962479,1567102241
5,4,2,3,10407,469509049,-416778763,-1720107509,1963490375,410145583,1617643677
6,4,2,3,10407,-1725785960,1881913016,-1024363530,1466198590,1632911382,1150694611
7,4,2,3,10407,-1062677102,2034798228,2110919520,2025318371,-1162313439,-934309305
8,4,2,3,10407,-1465967226,77841373,817701860,-265192901,589428344,768954749
9,4,2,3,10407,1031606136,713707376,-368701179,-767966946,-923166451,-80428239
10,4,2,3,10407,723447226,-1442855388,-895956738,-1505299178,2052922269,-1556487601
1,5,2,3,10407,670510981,1483875257,791380756,-27794142,2088374296,-641078859
2,5,2,3,10407,-1784782015,364278874,-1891752763,-1954531864,659606208,1196641289
3,5,2,3,10407,-437048706,1125545334,-1999304832,-1895812915,-369007988,-1482683380
4,5,2,3,10407,-538686428,-947647282,225183003,1951552080,-1185821565,-1227031632
5,5,2,3,10407,494371831,887996677,-398650561,-436972885,-774980399,1775911819
6,5,2,3,10407,1721777711,1599886176,707671891,606781837,334440641,-1746429379
7,5,2,3,10407,374589002,-14058517,-1352327663,-1412526910,1286853277,298234846
8,5,2,3,10407,-1830839545,2078571051,1359214917,-969578081,1226329366,-1179886230
9,5,2,3,10407,443835828,-1297571961,442316984,-489947063,1760251978,-621819688
10,5,2,3,10407,1053227362,1523825565,-1955342307,1215275922,109367644,-1148097106
1,6,2,3,10407,1637404705,-1072672557,1080436712,1714904544,169138852,-111638163
2,6,2,3,10407,-732389843,-1096462514,-1491392243,2026882629,2036636500,294400887
3,6,2,3,10407,-2031696157,625628279,-1570059183,15963070,-1433369094,-1860599285
4,6,2,3,10407,1495793735,-1093172316,-1586212623,-1278857322,-1963779548,1770827442
5,6,2,3,10407,-1865237412,-107268017,206118494,614054862,-1921316788,2017603370
6,6,2,3,10407,433411975,940604581,-640944320,667447619,-383004931,1830548386
7,6,2,3,10407,-1271420093,1325874977,953758797,1748906596,-2092240962,-1484533734
8,6,2,3,10407,1281649540,-127001772,-1529263835,1606568688,-677255112,-1753184132
9,6,2,3,10407,-1671322850,-1380787900,-683002952,-1679241442,864826021,1218049679
10,6,2,3,10407,1703111280,-1918100380,-446192959,490461222,32062206,-1952976929
1,7,2,3,10407,1419726433,1296908090,425390279,-343049066,-1119829158,523202016
2,7,2,3,10407,11044334,433912265,1810342343,-613223884,-1607979035,-907426686
3,7,2,3,10407,-1618667934,2140925856,1615103349,1846976063,-699397082,88687698
4,7,2,3,10407,613888869,885021859,-669166513,631751365,-943210835,-1509917294
5,7,2,3,10407,-1533693993,1125963793,-734315883,1078913382,327791205,-177747538
6,7,2,3,10407,944700699,-31854323,1759596304,-1230573101,3084472,-663995550
7,7,2,3,10407,-2146742264,-1578479133,550139253,-632020261,1084419628,1745230188
8,7,2,3,10407,1664484855,881102448,-818772715,-1671956728,-1937956796,-1087315747
9,7,2,3,10407,1906624140,782077494,-259686941,685360624,260646295,-197592014
10,7,2,3,10407,-430160912,1182688432,683570737,1682722470,1721202855,-268267303
1,8,2,3,10407,-1416522779,-613555622,1682221082,570079478,345447111,1593315710
2,8,2,3,10407,15799015,90673016,550004392,-847721363,1354881421,-1466494384
3,8,2,3,10407,1111695828,1296934189,337704566,119834372,358710399,1009837705
4,8,2,3,10407,-875600356,1882605018,720474621,229522192,1850752096,1733556534
5,8,2,3,10407,1582882114,1286668818,-1776011417,-866760442,797499116,1618950579
6,8,2,3,10407,-1198368636,-1665966420,417625267,1721601346,150975188,1833507941
7,8,2,3,10407,-1902737064,-1475924498,2115031306,2044142396,-2095752175,1317399997
8,8,2,3,10407,-518856379,568052384,604971591,319265179,-433069075,1223495687
9,8,2,3,10407,1351240961,743907736,1216210530,-1442452566,-2021337310,6783419
10,8,2,3,10407,-1753169406,-157518002,-1301059201,-1257638193,-1836239551,767701424
1,9,2,3,10407,1896532391,-1002483614,627923289,-1000856512,1204980098,1031487225
2,9,2,3,10407,160981799,1501041297,-111834829,107497576,2095206,916439803
3,9,2,3,10407,178310451,-1109111723,-410206052,-839299139,201245707,315311838
4,9,2,3,10407,1577118900,186341532,919964162,-522427843,1336306195,-231550564
5,9,2,3,10407,924894224,1006447287,1220936918,-1017381944,430452604,1955640223
6,9,2,3,10407,-1528832509,-1682945606,-1048348832,1834643830,1285137005,-312211740
7,9,2,3,10407,-311388952,1191538180,1505923944,-1653009643,-986573751,1048370144
8,9,2,3,10407,-1363149032,2103900038,1110962179,1259345664,-1116030543,345658256
9,9,2,3,10407,2066971652,-359935273,-1261657741,-1991035019,-572337676,215287171
10,9,2,3,10407,-789670418,-1951929378,-1541068659,1422469963,-885978808,-1206234573
1,10,2,3,10407,1891021821,475715993,952408282,-336844087,654880827,685962801
2,10,2,3,10407,2122263181,1176642033,-1553128156,2136232605,-1710682448,-1033087734
3,10,2,3,10407,-1079016408,1056741279,549846729,-552003213,1175516116,613019930
4,10,2,3,10407,2024898075,-562500252,-1595107595,1995169453,-443597570,1476434602
5,10,2,3,10407,731813489,767015519,-615324264,-387216454,-1751922098,-431919753
6,10,2,3,10407,394614970,-286719660,1555095277,552741220,-1903595870,-2030686456
7,10,2,3,10407,2080191771,821413964,436247592,-1006175667,670368798,-1612050328
8,10,2,3,10407,-1776445258,-695266414,192649804,-728055100,-1410975560,-1749382428
9,10,2,3,10407,510774888,1765417603,1181188979,-821704712,-561998726,943629523
10,10,2,3,10407,-84796171,-1939144792,-1812064146,697298337,-1594239483,352453942
1,1,3,3,10407,1469455605,901856496,1630706238,-840507610,-1061529033,-1649305666
2,1,3,3,10407,-2141998829,-174253456,4946063,-949091405,1737990080,1378834211
3,1,3,3,10407,-2088115759,1437445314,1329021018,-707872519,-1170492746,-1555659624
4,1,3,3,10407,-437360439,851469793,-529184640,-1987204022,930727964,-1432459771
5,1,3,3,10407,-1230774141,133026195,956030595,347011748,-1600413044,1285669418
6,1,3,3,10407,402277830,236371984,-82447531,754834887,-833015632,-400395998
7,1,3,3,10407,1939334090,-806171172,138543600,-1269752042,-1634370138,80648608
8,1,3,3,10407,248219203,1469549387,-1453453542,99142913,1380122391,-146402584
9,1,3,3,10407,2090806864,-629516480,-316176996,-1435713748,1119911073,-1648815986
10,1,3,3,10407,1849901852,-1367966221,-1638207441,1836341738,-1797025932,-1085688060
1,2,3,3,10407,352927745,-1819657689,-643456640,637833100,1599739286,1130528514
2,2,3,3,10407,-361620326,-1493388775,611020684,1793070190,1989678102,-1351243825
3,2,3,3,10407,-490275331,-880251323,-443053695,-2120628889,-1003649728,-1349477261
4,2,3,3,10407,-1844809901,1255683904,-1078612632,1862598610,-1570606946,-1336879761
5,2,3,3,10407,1887411592,938343163,1581897404,405466224,-771793076,886701133
6,2,3,3,10407,-79524499,-826480113,997687687,2050945772,1017771741,-2131628956
7,2,3,3,10407,-641685298,-1041554766,-1321758097,498173220,-951378855,1524577124
8,2,3,3,10407,1161559549,112073458,118106771,-1411603047,-1099741135,-1808316014
9,2,3,3,10407,1249196190,-2024987411,1866319892,-1761916546,-139711140,-385286776
10,2,3,3,10407,-1648750044,1181619850,-528858542,-1538440895,-608061224,359183556
1,3,3,3,10407,-6975161,-1858021869,-1713297072,-1982805307,-1364342715,1925241069
2,3,3,3,10407,-579175150,-418156527,848199634,-1161992788,375314673,-505375778
3,3,3,3,10407,647189889,-915073563,-1258396901,1724795457,396545622,717466413
4,3,3,3,10407,-498683903,1599499533,-1060388005,1270390071,332524069,-248177841
5,3,3,3,10407,1337654646,-85673513,-346506740,-1056575714,-384061282,2045917108
6,3,3,3,10407,-1676784386,1134135860,899297739,-704618487,1834918983,-1559235028
7,3,3,3,10407,717069287,849094037,-852691792,-1750808942,1121570184,715858808
8,3,3,3,10407,1895684648,920487450,-633628563,1667063485,-972528646,685420769
9,3,3,3,10407,-288473048,-429525393,349796550,975831734,1151481072,-353619499
10,3,3,3,10407,-1361592501,1642262506,866088027,171232143,-704267556,-1970501593
1,4,3,3,10407,-615963964,2067789497,-1604272413,1565595732,1062707053,-1882800482
2,4,3,3,10407,-1492653542,951420133,-1177266949,418570015,-597392430,-1100869255
3,4,3,3,10407,620486066,-756468722,-284913506,-251884357,-1546274353,-2144743209
4,4,3,3,10407,-1432681470,1632594747,-32904601,764003566,-41524388,227987178
5,4,3,3,10407,2097244369,-667501851,753812272,402700439,-1673734329,-1829403966
6,4,3,3,10407,1740114969,435281378,-1307704197,314357192,-2109997411,-181304350
7,4,3,3,10407,573743450,-1622016041,765547320,1624605200,499774827,-1039171735
8,4,3,3,10407,-207149094,-1477215437,545994689,851209502,1999087795,1174687454
9,4,3,3,10407,-944479347,821536307,-405291181,748989577,718874818,-872526520
10,4,3,3,10407,-219980743,1973699338,1314964882,160599673,697157960,-1282079675
1,5,3,3,10407,-1443926051,1834561385,944283834,-1172807930,1564021844,1403519864
2,5,3,3,10407,134773412,-1538924149,-955703173,-1169039065,-295850933,1421283508
3,5,3,3,10407,-846482334,717009532,169233574,542620993,-1085647322,-1588192671
4,5,3,3,10407,-190415546,-90503026,-1192092453,-145655162,-666419624,1270933655
5,5,3,3,10407,-1561487758,-771011907,-1941547539,2106335206,-205748065,662733184
6,5,3,3,10407,-268445974,-2136787741,-1122204244,-870598483,1719579575,636292630
7,5,3,3,10407,320306270,421054227,-1137239622,2006667143,-123956115,-1846917067
8,5,3,3,10407,1182115375,-1070033062,1163101667,-1519011640,-416469867,1743049284
9,5,3,3,10407,-1361695532,-611493375,-648506337,-840736522,-1678618089,1264481170
10,5,3,3,10407,1811028870,-1637264600,890139717,-1933687269,1464879574,-1899829568
1,6,3,3,10407,-424817291,150810043,-1619172839,1084747079,-1093171214,780695257
2,6,3,3,10407,920021256,1920509883,234579579,820232617,798835274,383768243
3,6,3,3,10407,121693785,860069319,-1602724409,1752122376,-1476479836,-1951361918
4,6,3,3,10407,-909041475,-930081332,655294327,-1755513355,-1234262000,877803928
5,6,3,3,10407,1144826104,1053606676,-281058751,1346005233,-930188655,-1076776038
6,6,3,3,10407,-2133874534,174246245,1892771530,683437686,-2017495405,636416693
7,6,3,3,10407,1986070890,-1350550074,1965823253,1032173899,-227049459,1832756757
8,6,3,3,10407,614686902,1801118435,1004474870,1124161680,-1749583782,1855327024
9,6,3,3,10407,-1930541227,149868715,104015996,81432310,628343015,2089076303
10,6,3,3,10407,582562225,-852026281,616661298,963605813,-504576641,363174361
1,7,3,3,10407,-1747717070,1652723468,-1982026740,-1034182213,-365628789,430722042
2,7,3,3,10407,1086050337,1473092254,390159329,-398045148,1289685065,287973463
3,7,3,3,10407,1142740775,-1325754730,-884173299,-1547285865,1862396557,623048029
4,7,3,3,10407,-1657074411,37505172,-1364507818,1674364461,1156012221,-1143485145
5,7,3,3,10407,-1769028866,-942186501,115071507,-993710344,998575577,1467455757
6,7,3,3,10407,765271572,63136903,1807944802,192664599,-1007894356,932417276
7,7,3,3,10407,-892811495,-1767208171,609696203,-1600466435,1569792831,-29126146
8,7,3,3,10407,177360869,-1588153262,-1858909835,2110564627,1037407602,-1258961062
9,7,3,3,10407,-955600944,-1475513936,6091868,-1278721409,-4433185,796360007
10,7,3,3,10407,-1298859060,57703299,687716359,1596879958,991665043,-615932646
1,8,3,3,10407,343469856,-805458936,1535473,-2087148059,1335245497,140612692
2,8,3,3,10407,1572563708,1372740612,-1602787113,136444212,1338299376,-1845860084
3,8,3,3,10407,-167827942,1985185417,-1280629546,-1401035106,1062297340,-1586202973
4,8,3,3,10407,-809722478,845073384,-418371292,1391190154,451490836,602581601
5,8,3,3,10407,1125566064,-1722746885,-1463833514,-1194082509,653871397,-854308986
6,8,3,3,10407,445822606,-2047979955,-993679140,236149490,1026785790,1876135567
7,8,3,3,10407,1052077037,-563047079,-1963681055,-656996254,91699679,720891048
8,8,3,3,10407,1139297901,1694294873,1870380841,-204794118,-846845548,-1084516452
9,8,3,3,10407,-2124437603,-59149893,1200476104,895137319,1861855264,-2127135946
10,8,3,3,10407,-1258758927,1275685339,164219351,-1165911947,1089368171,-504048510
1,9,3,3,10407,1710672130,446969849,1537089539,1595433397,41809262,-222600980
2,9,3,3,10407,759581384,-1517578045,399941103,870598428,1634034527,1127662273
3,9,3,3,10407,-1978733407,-2136390674,-660225511,-1311462402,1870830302,-92302655
4,9,3,3,10407,-982049083,-1024920367,-417547166,-1083082389,-1689957433,-2141684008
5,9,3,3,10407,1925042805,-1868305699,1346319449,364780681,826252477,166483726
6,9,3,3,10407,637094550,-78546728,1464773318,1677021794,-902920496,1520546416
7,9,3,3,10407,826997204,-923361308,-136171341,-1569637708,1570016335,-1038517902
8,9,3,3,10407,-1337111631,1839400368,999164586,328721157,-661538198,1121623664
9,9,3,3,10407,1296433600,894246789,1189354738,1773401861,555932116,1907729169
10,9,3,3,10407,-1292425247,1173990792,-1120668995,775574748,578119707,-1655313977
1,10,3,3,10407,1147598913,377086775,-304225801,1500573067,1568289048,1371354723
2,10,3,3,10407,786172317,751063710,1125568722,1132302845,1092303725,209085669
3,10,3,3,10407,-1905824364,880596795,437138424,188469277,-521972303,876538317
4,10,3,3,10407,19858950,1021559396,-110461866,-751888533,-1482349706,-1087129567
5,10,3,3,10407,-782858862,587780895,-2097074830,1086980970,188784293,2135232077
6,10,3,3,10407,-1453117288,422057176,2103707550,1020177677,165596377,-1541852116
7,10,3,3,10407,-186028783,807089246,384342513,348738027,-654016626,-506492860
8,10,3,3,10407,505640292,-1953876141,-2009621101,557716576,1576607546,-2124102528
9,10,3,3,10407,-1543881320,-5899831,350836541,1265779868,1441519671,1970789385
10,10,3,3,10407,207437338,-1442047355,1987488404,510622939,1233244171,407652452
1,1,4,3,10407,-1714451309,-2116403756,-1982202755,342530913,-357285920,-994874336
2,1,4,3,10407,1603807270,-1930129204,-2040652518,-710915006,50224522,2145694895
3,1,4,3,10407,2083476716,-1046183270,-1105754814,1729409677,-1665397106,-857547922
4,1,4,3,10407,-708804804,809560571,-1387216115,1692049510,-1168574671,1824849787
5,1,4,3,10407,212936530,359269773,808744670,-2053313496,-1176369202,890468906
6,1,4,3,10407,-510777526,-325842907,-1640421455,1351895523,-365309034,1427020468
7,1,4,3,10407,1725690331,1582994624,-971606533,-319392094,245411249,1228824861
8,1,4,3,10407,687541106,31561416,-1389136936,348560047,-1627121625,466077582
9,1,4,3,10407,-853731299,100634715,315640845,-1527073404,1346167214,-1855969796
10,1,4,3,10407,-260638131,-1291189037,-1352669839,-140281702,2044880373,1857270906
1,2,4,3,10407,-571543759,1526864060,820355960,1260937309,-651872595,354596551
2,2,4,3,10407,2120427211,1948406367,1136659027,-1704505503,-2067481570,-1301891285
3,2,4,3,10407,1184974771,-1301896386,-1624459422,-1033499161,-1881940347,2063028888
4,2,4,3,10407,-817450308,-1003751776,-1483228119,-1466894782,-1835061787,-351015011
5,2,4,3,10407,-928336044,-411574136,-2029804472,1908246568,1797417948,1870713169
6,2,4,3,10407,-452733515,991930499,-1744385018,-1565549310,-982218412,1444151691
7,2,4,3,10407,1138803633,1613521778,-1106798968,-1730915426,1524665508,2051796118
8,2,4,3,10407,-655137444,-954277709,1974459856,1776716961,-1193088546,1872697281
9,2,4,3,10407,-687920909,697252746,638941436,1870397557,-689983624,664869534
10,2,4,3,10407,937823043,1634226582,-1582797832,-1509098880,-1349924666,915178335
1,3,4,3,10407,-498733564,-873577544,-2090155128,812248146,1122856816,-252553969
2,3,4,3,10407,-857550765,-946000396,702020858,1546838924,-1393709037,-552836664
3,3,4,3,10407,-52799846,1458833486,1982727954,1834933561,886462888,1349921650
4,3,4,3,10407,-83816024,-1358575983,-489978691,-1346566609,-1830455376,-243280640
5,3,4,3,10407,-626752233,61804967,-1389815391,-518578691,1468039273,-1649980347
6,3,4,3,10407,-140067604,935418365,-143511281,-1437972594,1547903960,739032429
7,3,4,3,10407,1405393749,-215570939,-2017676709,1118988935,-278284960,-606594345
8,3,4,3,10407,649128545,1617116629,1805463763,1473389690,-2132253788,1269608740
9,3,4,3,10407,2056076235,930193305,138764003,341907260,-1313462825,729817950
10,3,4,3,10407,-844095232,-430774047,-866253615,316245005,-1552421094,1885411189
1,4,4,3,10407,-1989978861,-354810686,-1125788527,829830599,-691094238,-102494621
2,4,4,3,10407,-1284182715,-204982882,1408047796,1530904404,115264439,89834301
3,4,4,3,10407,-698016375,81390485,542586220,-558718670,-1706792829,1319623846
4,4,4,3,10407,-1669855908,-1512999690,-1795043476,699020610,-592654096,1567320171
5,4,4,3,10407,-1805735992,-1152535264,-246495958,967890286,-289198664,-738216916
6,4,4,3,10407,920203639,1223676031,-1666345469,-323111835,1497435031,1255646784
7,4,4,3,10407,759705555,-1057290809,1123499430,435872977,1154555461,29892272
8,4,4,3,10407,1953251646,-2006108663,-2141733691,539012912,738225194,-968364720
9,4,4,3,10407,1721270837,663738661,-1581781411,1300696343,-551763847,1177548916
10,4,4,3,10407,-1264020775,392713309,1798960790,2086321857,-2064401370,-1095844069
1,5,4,3,10407,-1861586198,1394760177,229451443,834806802,-45767939,583068501
2,5,4,3,10407,1873892166,1366421335,544245976,-1016049982,-1421489729,-1876258035
3,5,4,3,10407,2002102858,1606786088,491168873,809662029,492227028,2057432185
4,5,4,3,10407,1291954744,915153706,-1675598059,-2095813297,1963641202,-1079100552
5,5,4,3,10407,-1721436303,-588782858,-1348898615,-391351680,1401871344,-830968273
6,5,4,3,10407,-1281761640,-1521302142,2079579990,-1039496123,-1060271416,-656414228
7,5,4,3,10407,1307996451,-93884262,351148577,240693597,1635719011,-996764870
8,5,4,3,10407,1924201848,1392347496,-362405443,-124241379,-829157216,-411995029
9,5,4,3,10407,1997379311,-1756580316,-678668596,2092689653,-1888211030,1719875077
10,5,4,3,10407,-1034882900,713624209,-614878365,-1361531709,-1903563159,1803066827
1,6,4,3,10407,861869211,-1315792734,-689036172,-1215153897,323593635,2060993229
2,6,4,3,10407,-20028862,-1410800141,-1569415816,819021768,-1134441124,-825977504
3,6,4,3,10407,198463942,-1917703261,2063261705,-700964826,-1081372660,285978113
4,6,4,3,10407,1639460741,116031962,87923820,-792845070,2074086680,-1806448648
5,6,4,3,10407,-1217856150,-301157195,578022236,2054507445,736758849,-2033503255
6,6,4,3,10407,2037040079,-1595443336,1319882964,-115492252,1098020473,1099649872
7,6,4,3,10407,-994085874,-1801192887,1288461536,-145968966,-726152084,625277619
8,6,4,3,10407,1703968365,-113772706,536367589,-2068119156,-2097792283,-1283320768
9,6,4,3,10407,-1653978467,-1867905505,453622008,-824293146,1958157930,-1322637231
10,6,4,3,10407,-59997429,-1165088842,-322715402,1367525222,1092095528,-773012065
1,7,4,3,10407,98022404,-1154765213,350306560,440331267,-133628410,620286960
2,7,4,3,10407,212181961,73788223,-1799420396,-2146285251,-1728802111,901272313
3,7,4,3,10407,1798422309,-1933536252,-27298441,789746193,1233641086,1209060875
4,7,4,3,10407,182124552,549607946,-1287272774,-813518083,-29841413,-588655238
5,7,4,3,10407,-937668280,651328297,580937870,520924512,-2029188384,1572448028
6,7,4,3,10407,-1827101790,1103528965,1390767529,-440831199,198920111,-290761903
7,7,4,3,10407,-1062983314,1206357463,1090845203,-733817866,-1069163383,-45657720
8,7,4,3,10407,1790139262,-2059316773,1432519459,-10681221,1401639194,1532432580
9,7,4,3,10407,261547551,1878531508,-1122222352,-1914721943,1496279870,-266772987
10,7,4,3,10407,-410909417,-730003094,-245980491,-2101069743,-1862690583,-2011190482
1,8,4,3,10407,-1281618978,-1631076392,336734932,-1440869377,-1181255007,893834325
2,8,4,3,10407,106674912,-1888233119,-634949456,1591284717,450579448,-251973898
3,8,4,3,10407,-1036113469,-741275728,-1775419120,38429369,111360503,1870812196
4,8,4,3,10407,1776142386,-682221836,-378046604,-190906517,-718369227,1693459011
5,8,4,3,10407,-1538181251,-2035347645,1539618967,1164769981,1004404827,-1819148174
6,8,4,3,10407,871873866,-908783171,-1037225819,-1405275619,654602497,-239882926
7,8,4,3,10407,-1423871182,558684145,-895001946,621194013,-289460685,897442021
8,8,4,3,10407,-535164915,822094556,696142735,-707573414,897861688,1551053134
9,8,4,3,10407,1078969969,-1930563945,46704656,496101664,-2093923191,-2071777709
10,8,4,3,10407,-83902613,-2104494912,1945403355,862723399,1347140796,-263348837
1,9,4,3,10407,924549656,1998179544,-295447233,-1444238819,-2092689655,-1017009172
2,9,4,3,10407,-2121075029,2069491769,994633093,-180765353,-1769006118,1037526802
3,9,4,3,10407,-1028578825,-221476372,-1501415326,1908912097,953640187,573811812
4,9,4,3,10407,604684988,-965969875,1975508638,1237541882,235293657,1338844772
5,9,4,3,10407,1950524008,2139110731,1452360564,-74334205,1786824398,-2129327749
6,9,4,3,10407,-1096443203,1108790520,-1173889952,2094744459,-1931177215,-1237905814
7,9,4,3,10407,359394237,-242718153,264620025,-1400793347,-96049102,339973045
8,9,4,3,10407,769320085,1669134052,517103543,65411547,833447649,657167380
9,9,4,3,10407,1878571804,-1330475934,-364671718,-1391465953,1449649214,1833679426
10,9,4,3,10407,-226514690,-1894663047,-1268025425,-1927808910,-141462466,601436532
1,10,4,3,10407,-1109863062,-884512945,-1862407577,1829438500,-1879794238,1588938444
2,10,4,3,10407,-1404761325,1684460031,302622986,1434588030,-1638886405,387708765
3,10,4,3,10407,251417230,-1682832875,35981445,-743167501,-224572010,843607929
4,10,4,3,10407,-2068397812,598481992,-586811344,1844512290,-1434730371,-1151937336
5,10,4,3,10407,880109664,-1036861318,-166567238,766864562,-1670144567,1844274966
6,10,4,3,10407,-398507003,-294983730,-1188134174,-1390096232,-1355634214,1990314547
7,10,4,3,10407,-482615728,-816856921,1510247083,-617258638,2101255224,409690099
8,10,4,3,10407,819959043,1300737420,906771639,-1773431828,-724200445,-1590822836
9,10,4,3,10407,1767118059,1759449292,1558189850,-878761379,745333931,-807326980
10,10,4,3,10407,958682664,361651243,956501294,1912730733,-1453364457,456369401
1,1,5,3,10407,1640832024,829066485,1503136633,808439500,831813488,-600216675
2,1,5,3,10407,1183582560,169419897,532112586,-2106214184,1349083329,-741761975
3,1,5,3,10407,-659993748,-819608915,-1844151568,-1023618655,756394843,986821243
4,1,5,3,10407,167179640,-1730477339,1069384806,301835488,1194824827,263478079
5,1,5,3,10407,-1569457059,-2108480186,-138923732,476093459,-1362274198,-268454897
6,1,5,3,10407,729047139,-1820000780,42672232,-210855156,-136147820,-1166469751
7,1,5,3,10407,-1904516270,-19256214,947771754,1708869814,-94795556,91223401
8,1,5,3,10407,-837679635,249590538,-26728413,-236564724,807151425,-1151106552
9,1,5,3,10407,893149510,-1608449657,-691517764,1592248057,1694847932,1628896750
10,1,5,3,10407,-1046992024,1550256982,1544581374,252206900,1272893763,274266601
1,2,5,3,10407,-585381815,1033307390,-485024243,-1241901243,32799156,190155570
2,2,5,3,10407,551298430,-1708831196,-504320662,-1301247993,1389691424,1279394230
3,2,5,3,10407,-752654865,-669531787,187958561,748592863,945769052,958239966
4,2,5,3,10407,-439694675,1761597179,-1382224154,-1775436210,-500568797,-1335632668
5,2,5,3,10407,595148140,1241229360,-475642158,-1819246905,-195268535,-1547908250
6,2,5,3,10407,1294723040,2130509358,-850389660,-2108952217,-397662511,1268070613
7,2,5,3,10407,2027441071,312122231,203345986,-1268255943,880231071,-1742981158
8,2,5,3,10407,-1734869182,-1724529494,565336675,319053402,-275600029,-620880574
9,2,5,3,10407,830679910,-111086466,-1083045510,-1353522829,1368763481,1931582336
10,2,5,3,10407,733697083,-608630024,-2074479395,-122142910,-757726266,376056356
1,3,5,3,10407,2044988265,1191178665,2241057,-863619279,-855019428,-1084907086
2,3,5,3,10407,-1574897400,1983096264,361193801,-1905218489,-874095900,2091102042
3,3,5,3,10407,-673197029,740497721,-1177017019,-2092291503,-1452270495,-61894185
4,3,5,3,10407,430391754,171604583,-1106147368,-782339118,1668941356,-100454783
5,3,5,3,10407,-304942496,1844714796,979258557,920932163,325241568,-912019078
6,3,5,3,10407,21442079,-342594859,49146939,-975719101,1985103199,-200427905
7,3,5,3,10407,-750026377,-1934267043,-1052314099,-68657658,1320730150,492032878
8,3,5,3,10407,25705159,-44836776,-1568039398,1532682308,70356868,1879926603
9,3,5,3,10407,-1295564901,-1071785828,-680381305,674448276,-345746730,94633879
10,3,5,3,10407,125529652,1413560389,573084634,145432677,908275795,1612671183
1,4,5,3,10407,555873237,-876570069,-925348084,-492635125,1839107830,-1041209000
2,4,5,3,10407,1025829168,-498526784,1775914958,271205758,-872648424,331470313
3,4,5,3,10407,1746074590,-25808958,1372842514,-875364655,-1262862147,-596013909
4,4,5,3,10407,1112885683,-387146923,2002071392,-607388881,-1659137631,-665310296
5,4,5,3,10407,-2030571525,-1421933130,-234598149,1157011454,-1889935914,822553239
6,4,5,3,10407,-1616210963,-1380783095,-1816894729,1729244303,1406398191,-1789937069
7,4,5,3,10407,-528557893,630918321,804751770,434531319,-1560951621,179831624
8,4,5,3,10407,1346741126,1660724641,-931555973,-578336682,1777023479,188390111
9,4,5,3,10407,1713431387,-1116660956,1570158326,1166888803,1190503915,-453420582
10,4,5,3,10407,1785104340,674652887,-1587197840,-1584841909,1389420248,-622497482
1,5,5,3,10407,-1008959756,1167281196,-2067367146,-909222074,-750854223,-1411189601
2,5,5,3,10407,-63165986,1849118514,1955910543,-2129855549,-1382670598,-412174190
3,5,5,3,10407,-409476748,-1730963484,-1350150496,1233963168,813748456,-1032424137
4,5,5,3,10407,2071822187,-957508853,-776356595,33217501,-1860412296,-1776328601
5,5,5,3,10407,-1544823261,-752671454,392090483,307066414,312886643,1163596195
6,5,5,3,10407,-307741730,1346186222,647993058,-1285649513,-978355646,-423589241
7,5,5,3,10407,1151944745,-924062543,-1925607292,1136476330,1538507088,799536192
8,5,5,3,10407,894924499,-1734028488,-162373042,1666995865,634404132,-2071748140
9,5,5,3,10407,524779579,-823864545,2138774246,-364019780,1593564216,657617542
10,5,5,3,10407,-444051263,-240473028,-1312523360,-1371095317,1158268687,1545271730
1,6,5,3,10407,-1760828834,2032969678,-146177054,-90554330,-1364687314,2139195394
2,6,5,3,10407,-1653300325,1338703657,-27220096,1787614874,-1291799601,-644155329
3,6,5,3,10407,-1594121531,-854981895,480615733,2035521093,1423635881,1282067211
4,6,5,3,10407,522362463,-822570376,733340431,447165717,1960485333,-1636164086
5,6,5,3,10407,2029550934,-2134262194,484112597,243894226,1164852719,-1680988839
6,6,5,3,10407,1908257482,-1651967481,1118806428,-985331710,1118594177,586630134
7,6,5,3,10407,-759832936,-908777263,571627564,1849605686,283966046,780074059
8,6,5,3,10407,1687075736,1759461371,-483752747,-2127994123,-1061605645,-116711989
9,6,5,3,10407,953909142,-463776707,1928173754,-1710086171,160378126,904623140
10,6,5,3,10407,999753593,-704403835,1960860377,-1184016234,1566498316,-651038528
1,7,5,3,10407,-1492013152,-1862590288,2074953818,1693610618,550764595,807964983
2,7,5,3,10407,-830048141,1520165414,-1574551021,-567928078,-496094466,1073906444
3,7,5,3,10407,610970770,-1126405882,778616040,1794972135,1750389867,-1008381196
4,7,5,3,10407,-1643874761,-67557542,1636568823,1354883863,-2136726905,-1459790152
5,7,5,3,10407,2093221168,-1608744148,1435425718,-214140446,-9461487,-1093068367
6,7,5,3,10407,482510572,-1508870841,-544547595,-665844099,-105388888,1011810655
7,7,5,3,10407,1048271147,-1297941686,-1365869191,-1409807915,578372120,1375866218
8,7,5,3,10407,1553896527,328331008,1115383813,-148683145,333866789,1374255516
9,7,5,3,10407,275655751,786037924,-356804258,-1645422419,-1050569717,-1747675116
10,7,5,3,10407,978555575,-1368910524,-228364326,-1831292358,-743567492,1047609274
1,8,5,3,10407,-2058406156,-886503140,942454546,-2032747812,1598684871,1304986130
2,8,5,3,10407,-1191567823,-2104932946,-534715699,-1643058027,176916186,1819113334
3,8,5,3,10407,-1041880469,-1218019339,716634996,-273271394,533916603,1077889707
4,8,5,3,10407,-1245212271,426133118,1626067993,1527477083,-1458824378,-55737482
5,8,5,3,10407,1969052835,-1067165010,748314386,-67207561,12782707,-96550767
6,8,5,3,10407,778199249,-1542921626,-1003809610,1848809954,2081676401,-1411007570
7,8,5,3,10407,1304702680,-640642275,149620807,518658033,-542137961,-1653222432
8,8,5,3,10407,-1954883648,-66874745,1466683112,-1981094580,-661618038,-339995746
9,8,5,3,10407,-1932673908,28103014,-1307122338,-1655687258,-1053481839,932037132
10,8,5,3,10407,-718393275,1855870899,-1830978810,61837736,-1851494864,-1006396539
1,9,5,3,10407,1269818123,-2032611904,463519699,1355490013,-1646190019,319940872
2,9,5,3,10407,-709142596,-1591649073,31559940,-1394679517,-1390000530,-75890278
3,9,5,3,10407,-1711640282,1624984536,1995151726,-1841903671,762312372,-1787189158
4,9,5,3,10407,1614967750,-736102948,-1029175728,240475393,-1064175133,1509388875
5,9,5,3,10407,-896640124,1185236770,2107618659,2121472478,2062158248,-541833572
6,9,5,3,10407,-871208960,-819797530,29753323,-1825244677,147754980,704380115
7,9,5,3,10407,493197717,-685012130,2088009693,1578012580,-746555963,-1315852705
8,9,5,3,10407,-2006728587,-539884335,2071997145,-483371212,-827502373,-1954526732
9,9,5,3,10407,219101606,1309188724,1535549895,-275536306,-674896099,1619780131
10,9,5,3,10407,-1604903121,-1338960141,-1319967393,744049282,-670952277,-729434079
1,10,5,3,10407,-1372962411,-590222241,1302481258,191033324,-103236288,1587130068
2,10,5,3,10407,-2107661188,1320053576,1356550899,117430507,-182335978,-97974278
3,10,5,3,10407,1316343875,-181768595,1132930379,1969583715,2104299575,-1606385474
4,10,5,3,10407,-938845896,750150960,1137364056,820716267,141177791,-1498266645
5,10,5,3,10407,-652329107,1840338063,57988063,1280090370,-2053217016,686389497
6,10,5,3,10407,-527462230,-1705620157,-668107611,-1675213925,-1062426298,-1703275326
7,10,5,3,10407,-1980462482,-1524116971,973666555,-1395061166,-689830362,803762753
8,10,5,3,10407,-1533188175,64753329,-245315158,-227365901,-1205630218,1769887015
9,10,5,3,10407,-1547409087,187116209,662097719,380352070,-560907186,-913520545
10,10,5,3,10407,561824346,2101777772,1143481000,-910622234,-2087686406,-260582754
1,1,0,4,10407,1235327395,397150441,1120231124,-1617961721,-1385838318,-277465693
2,1,0,4,10407,-859726188,1628934073,-60630844,-1305987300,-248176794,219587418
3,1,0,4,10407,-300275207,966170840,552924434,-1047331512,1242294461,-1071273905
4,1,0,4,10407,-1869977656,-446598816,1698282398,-1971414599,-305857223,702664346
5,1,0,4,10407,907142470,514730725,248220225,1159568146,1314263349,1743750425
6,1,0,4,10407,-1278438528,692843961,75704893,606982506,1896609038,-1284020071
7,1,0,4,10407,-170389915,-797436552,-726340117,-791322984,-156464406,-1838835121
8,1,0,4,10407,-1341146895,778350391,2034685224,1360200272,2004034222,661900646
9,1,0,4,10407,154730248,-1791112857,-1326139350,-1730861928,288185873,-1193449102
10,1,0,4,10407,1675784318,-1077859805,211733798,1643064631,-1244058877,-907761563
1,2,0,4,10407,602456945,1604756730,92533751,-1363128907,383263476,206474946
2,2,0,4,10407,1954070346,1855034213,1638283597,1008198113,-364094535,-227472575
3,2,0,4,10407,1221231010,-1463463,-1200436719,381657507,-243397161,131663824
4,2,0,4,10407,1272207136,-1129095149,-72931674,-943642067,-1723416830,2056345729
5,2,0,4,10407,316991853,-1558869363,-212923925,945761229,1038528075,-1058961292
6,2,0,4,10407,-885028093,2028853829,-583595136,819941432,-1831155915,1534906901
7,2,0,4,10407,1045293292,84081538,-553499991,-320054556,-1299420926,294031378
8,2,0,4,10407,1221085243,-645491789,-1525474668,1391948824,-2054687507,1830609690
9,2,0,4,10407,-1775634745,-379621130,607403895,-1349858728,-1717769621,-939665500
10,2,0,4,10407,-294708578,-336821830,-1532118084,-2126823666,-873031202,108515652
1,3,0,4,10407,-1086724274,2141273049,1861917796,-1934985959,1998634101,246889609
2,3,0,4,10407,1961635501,-627452782,-70544882,460204107,-1206168646,253821320
3,3,0,4,10407,-1177921154,371311508,38576645,-461648985,29081045,248783035
4,3,0,4,10407,1003936810,-648642014,-199717984,-791890776,-1198090508,2042674634
5,3,0,4,10407,1655030280,-2006464772,1712576447,-399762511,2124204980,-1753896474
6,3,0,4,10407,-331582400,887761840,1874750312,1415598337,903589316,963025629
7,3,0,4,10407,1989304512,1244667910,35184223,-1878824748,-85207333,-190781900
8,3,0,4,10407,-1377678176,-222106090,384572891,9690151,497839266,-1426011435
9,3,0,4,10407,-1932791149,808875243,-1404493188,325233569,-1662888533,-1894303964
10,3,0,4,10407,976441641,-504891933,1320811617,-1839272030,-1812079675,916024316
1,4,0,4,10407,82576011,698472927,-1680039484,-115949325,2043389999,-745862209
2,4,0,4,10407,1315121453,1892134161,-167317187,1165253458,1385646044,-2096838923
3,4,0,4,10407,1109608278,839820759,448899526,62686768,1077931372,1284957093
4,4,0,4,10407,788814044,313230216,919712914,343173344,-147219728,481941362
5,4,0,4,10407,1090245203,884816090,-267689221,1822053390,-245224328,655069153
6,4,0,4,10407,-339793963,2049429342,-1051664236,-1653440611,1863806487,1910631255
7,4,0,4,10407,451855912,585721505,-1786958329,758321247,1438437463,1995181578
8,4,0,4,10407,-1733703112,-281659541,166254934,-735340847,-1691149959,1252587281
9,4,0,4,10407,-1787079568,-1327399237,797427638,-1459222205,-1132660272,1026042948
10,4,0,4,10407,9085843,-2012281676,1172793165,-531832468,955708156,-555352752
1,5,0,4,10407,943444290,1309121678,-318499056,-760598872,774377900,-1208880584
2,5,0,4,10407,-486744613,907161709,419943010,464867040,1029560520,503872493
3,5,0,4,10407,-1533490883,188626099,1550634907,1765229144,-1708498257,1144476849
4,5,0,4,10407,737093185,1717877238,-703600186,-2064824075,328005771,1582633128
5,5,0,4,10407,-703278084,-1778253195,427491062,1664986010,-1737433877,-1765667841
6,5,0,4,10407,-231373781,-980316244,2147106742,148617882,-311030077,-1290662744
7,5,0,4,10407,1261780766,939505658,-358766245,-1770553036,-458438935,-1590798489
8,5,0,4,10407,505396268,-906849625,484484258,2102066838,1288186837,1608503085
9,5,0,4,10407,-1656728544,1933400908,-685720316,1155818970,-1872793663,1451806269
10,5,0,4,10407,-482228763,1177171229,-140057027,-1683537743,1308401178,-1414679467
1,6,0,4,10407,-841842595,317582959,1666736724,-1090577039,2011353218,-980730202
2,6,0,4,10407,-400534417,2016518021,1510965295,1313736939,-2102318579,427220710
3,6,0,4,10407,-585704647,1159082717,1725213007,1252914441,-448697167,897801088
4,6,0,4,10407,391019013,131298672,2107624366,1047137213,1035384274,-1876439346
5,6,0,4,10407,-1270991483,-543734304,-1412397376,38113148,-132099619,1072506695
6,6,0,4,10407,-1471726839,44999982,-474982325,51430375,-45758154,-82458705
7,6,0,4,10407,1536621361,-1919688206,697301564,1688792165,1892560680,-1429853490
8,6,0,4,10407,-834045367,-1151983494,225408071,172525719,257706580,-2077363373
9,6,0,4,10407,936242210,-1295246409,-2083132160,241529642,-1849541835,1603739114
10,6,0,4,10407,-356811385,1204389442,2070346274,-1055862595,-1544023094,-536384650
1,7,0,4,10407,-1903204742,2045917535,306866338,1739450126,1144423533,-972019646
2,7,0,4,10407,498835009,-1320314163,468576996,1061169564,-840914766,1276064933
3,7,0,4,10407,-1007858053,2134796511,-1669364625,-1779795032,-613784722,1350346164
4,7,0,4,10407,-270853111,-277031506,-2006002412,1578082632,99636226,945153426
5,7,0,4,10407,1625863921,-958588997,-1317139755,1406960369,617085888,-1475923117
6,7,0,4,10407,-1847418640,356914683,289447779,-1488946038,705014220,-202111574
7,7,0,4,10407,1714105344,181077474,-1523805584,-1468040447,-1639690157,459835753
8,7,0,4,10407,-591054594,-338177683,955613381,1555992364,789368488,1921634282
9,7,0,4,10407,1028673827,-1723870032,-1542749359,-1240404374,-961035202,334978431
10,7,0,4,10407,1890733567,-1015640133,1030284461,-91132045,-1644352549,490721001
1,8,0,4,10407,-1580645503,2076863024,615107434,607198033,-1956614105,-1263189510
2,8,0,4,10407,-1949433581,-823003821,-1137242267,2054766381,-1820999373,2099595402
3,8,0,4,10407,832969121,2119981228,-775066736,-1671208228,1244458856,1728035571
4,8,0,4,10407,-1115162621,1419233758,1797504261,2000335600,2080619568,1741863154
5,8,0,4,10407,-1546215936,1920403318,-1079359554,-989376302,-567040499,-233025506
6,8,0,4,10407,1452496428,777387068,222637335,352985759,1992582034,-1541681906
7,8,0,4,10407,-1407573676,-1515396736,-4048066,1071155510,350639599,626935035
8,8,0,4,10407,1312470404,-1196445097,961425541,-270053457,1224562710,-2049649379
9,8,0,4,10407,-1366691161,1718507068,-117900308,2093894175,915812643,-1787351954
10,8,0,4,10407,-952799319,10950011,-512275009,1806036967,232420632,527763606
1,9,0,4,10407,-1718307618,-460319171,-1934884361,-490999139,-729266261,168306713
2,9,0,4,10407,-994164217,-949898156,1759275085,1268901769,50850769,-2116910837
3,9,0,4,10407,-1619212648,788081895,-1558603809,1548928872,-883307759,1236741727
4,9,0,4,10407,-995379073,-987919486,-1358233791,-431826022,1444545210,-97643825
5,9,0,4,10407,-1252237272,1174341280,663854400,-1726628723,2019992263,-1285106314
6,9,0,4,10407,1377099407,-1457185247,-1964589537,1643494277,-2130179916,-1177104524
7,9,0,4,10407,-673254024,-1374725143,561625549,352739074,-1736362456,-1549470203
8,9,0,4,10407,-1720180778,1666130349,-308752848,-2098303846,1162806483,1544278728
9,9,0,4,10407,-199610269,61576757,-1626985884,-1642847076,1147969040,1934401166
10,9,0,4,10407,323652306,-1714796106,-768010849,-1134181128,-1363410636,-1530980252
1,10,0,4,10407,-1112479585,-1561583072,2067841402,-1618004990,-651687270,935849319
2,10,0,4,10407,-833825368,-75549776,568571863,-669001259,1008513334,482810773
3,10,0,4,10407,398852519,1977069869,64418864,471086309,-501381427,537739159
4,10,0,4,10407,1787915483,1023184654,-1317180314,2064607673,-2011174858,641116848
5,10,0,4,10407,-678996179,1625214847,503360303,279617222,-758216014,-1464438306
6,10,0,4,10407,-787299594,-2109086730,1425581141,326960148,-1104139236,-407384840
7,10,0,4,10407,-1289759782,135186919,-1021244515,534807326,1155610524,-1507130907
8,10,0,4,10407,436121788,-760592814,1495548561,-729177297,1372873639,134961312
9,10,0,4,10407,-769545467,-1550865912,-969661223,-156088049,-26883997,26193573
10,10,0,4,10407,961439007,-747319302,337532448,1984866802,1093997256,167339619
1,1,1,4,10407,-1168521617,2098227777,-27377534,1231900325,903869258,-240693585
2,1,1,4,10407,-231531538,-136082900,-1926125623,866639317,944392233,-1607497302
3,1,1,4,10407,987707277,-6228201,467242972,2026115611,-995979300,-745304743
4,1,1,4,10407,-1413336383,-1784173556,1087926790,-1730330448,457803681,-151657410
5,1,1,4,10407,1800791407,314245458,-66841764,1899864741,-672101180,1344215121
6,1,1,4,10407,1858812859,-1305310272,1137469073,142347085,-711767072,-296997021
7,1,1,4,10407,265781046,98549513,2025004854,-430170981,326221638,-558827658
8,1,1,4,10407,1940903549,497569612,-1444623349,-422630558,-282127768,-2123247543
9,1,1,4,10407,-1653427597,1159466957,1065862057,161193498,-1932428119,-131773053
10,1,1,4,10407,-386012617,511855790,-1381423388,745754066,-239045502,2098660121
1,2,1,4,10407,423421407,-1767262529,1669169603,1212979354,-600351574,-923783393
2,2,1,4,10407,385482373,-200665590,-701011085,-545952294,2045085967,275858969
3,2,1,4,10407,71645799,2069368410,1256613072,-435788515,-611630508,-1455342372
4,2,1,4,10407,-2088884387,-1148349246,-1951210945,1533224705,-1476888096,942206542
5,2,1,4,10407,1701679903,1740694840,-689179457,-1846979478,1402152508,-775473699
6,2,1,4,10407,-1586041944,1472806282,-2037375361,2026143506,1138898127,1020239763
7,2,1,4,10407,1197681289,1187911721,-1772442910,-1335234200,-1276009116,-1955869327
8,2,1,4,10407,273431244,281603344,-754781504,197284865,454804237,-1673242659
9,2,1,4,10407,-1625029063,642218904,-1032793383,-1822620668,1127849470,770798464
10,2,1,4,10407,-1611626558,577941590,1629507337,-832127655,-1531942022,159300376
1,3,1,4,10407,-1917820035,518425379,-970014929,-666387003,-188498151,-193953472
2,3,1,4,10407,-485296103,1220543235,-1625052918,157045499,-438735412,1973485440
3,3,1,4,10407,1946389775,-186036031,-732449121,-158745375,1817314354,836900163
4,3,1,4,10407,2123899990,1310207155,-88635803,2018616759,-2057335174,-1277398357
5,3,1,4,10407,-701474930,-429348621,-604208914,307431192,1995865552,955221402
6,3,1,4,10407,1897775087,-419822199,-1840304854,1549664091,-1381012782,993131286
7,3,1,4,10407,-1773662623,-393828264,-999412122,-1993019475,1458446509,853002895
8,3,1,4,10407,1165041680,-257504023,1234843208,-1995265428,6728924,-1587082700
9,3,1,4,10407,-1877854983,346953283,-1718691096,-720125460,-975550302,1706087428
10,3,1,4,10407,1739117510,1150725266,1003060348,-185282019,-1377346456,-744163640
1,4,1,4,10407,-1690749638,-2005685663,2054776970,-1181701784,-1187177803,-467222347
2,4,1,4,10407,-530547795,-1394357189,-1253198676,-1152780446,1151807347,-1503586215
3,4,1,4,10407,1128647944,-1311719461,2055175460,901661006,-110881521,1323296534
4,4,1,4,10407,2113682461,-1544817802,-562871481,-128616927,2122369467,1447955101
5,4,1,4,10407,-1590682005,-1255351900,903272893,1836585192,2045655881,2034798936
6,4,1,4,10407,-1125073351,1408800822,211727614,-786226576,1462072402,1510165035
7,4,1,4,10407,-845301027,-1801443505,50869593,-1565291120,-543660082,2053265363
8,4,1,4,10407,1917254921,295161595,254547282,-857955836,1322172101,-343697272
9,4,1,4,10407,560523633,1418908384,1451200402,369649322,-1647441269,203026441
10,4,1,4,10407,-867359801,-1918121922,-597046905,-702079923,-1726838296,147541507
1,5,1,4,10407,-1442438434,-673629772,-455828299,1565281023,-497601074,90042780
2,5,1,4,10407,-1582714362,-1053625341,1573819630,-1505204278,-1885571747,896677593
3,5,1,4,10407,-521336427,1526572505,-1475632548,-1490754332,1957825023,1968620255
4,5,1,4,10407,635197405,-1810869692,1101904394,-1613763113,1469039652,-8143204
5,5,1,4,10407,1858011069,-1692925930,-465147040,-173351856,-738434717,1946096146
6,5,1,4,10407,2019700706,-298775799,-995576902,-323014872,83771453,-197122940
7,5,1,4,10407,-1581377284,1592177178,1419012008,470256508,-1232008662,1371459184
8,5,1,4,10407,-881316332,1877461082,635501116,807643979,1245217282,283153014
9,5,1,4,10407,-566462787,-1967673079,-1838003757,-1083054034,-2109131667,632050553
10,5,1,4,10407,-1420105659,1463765807,-55179705,-863397492,2023651870,-1509889320
1,6,1,4,10407,330363847,1869146908,-968873286,-697907339,1707524068,1072767819
2,6,1,4,10407,-26211449,1139001028,2006377681,-1169750416,-1673439627,370323023
3,6,1,4,10407,497476507,-1906877640,1334415043,2050869437,-568577178,1853941837
4,6,1,4,10407,-446068677,1466142650,1148062328,-2077046679,-1910461177,-783832309
5,6,1,4,10407,1627387245,1253427869,1217448725,-1023374227,-1312924813,-1253542338
6,6,1,4,10407,-686796712,1459872824,1233069067,-1696258419,-574338107,-2039912479
7,6,1,4,10407,-1485244683,487215245,-999446212,-523837612,-150517663,-513356955
8,6,1,4,10407,-1190672864,1109480159,1884432473,380381658,1641575934,-1500208505
9,6,1,4,10407,-509704781,-1859029906,271075481,1408491616,-1611410471,1890395710
10,6,1,4,10407,50284613,1508895957,-1354387177,-1085706496,264079802,1765878533
1,7,1,4,10407,-1895843864,-59992058,102314595,714377192,-1658544539,1456401718
2,7,1,4,10407,1130230947,-869803072,1810999105,-441508578,-1926859040,-422029455
3,7,1,4,10407,-898924851,-1670825780,1932182728,-1194199794,1235921458,-1465423764
4,7,1,4,10407,-332910657,-2114004889,-610799778,579699453,209414631,321848537
5,7,1,4,10407,-806612431,-105990237,-890139201,-329840894,1388320611,540314082
6,7,1,4,10407,-1340424631,-188723543,1103321189,-1119664480,-903135871,-1113818173
7,7,1,4,10407,-182534842,1790130158,-521699580,831602552,484616506,133559180
8,7,1,4,10407,475598119,580372834,-1727562490,1114400829,-349618043,2094887941
9,7,1,4,10407,628515626,-1326035492,1361125941,1469255673,748727027,182291032
10,7,1,4,10407,248193653,-486594896,-939204350,-1925116640,143368199,181407272
1,8,1,4,10407,388860073,-2142014377,-468362180,-2111877690,-1558502774,-18032588
2,8,1,4,10407,-856165915,1526939108,548115220,-1156498337,1917507272,-976778540
3,8,1,4,10407,-369052180,1112040778,1161151001,648676873,785686319,332114392
4,8,1,4,10407,-474875337,771407596,311566352,-1083023171,-1327657803,494007229
5,8,1,4,10407,-925997574,-296409887,-133981542,1641448327,-1099762755,1579913082
6,8,1,4,10407,896836613,-1926257874,-175112058,-1451978051,-1882602151,-1614783335
7,8,1,4,10407,929627183,-1449649264,-1223372476,1603419141,597592554,-454662829
8,8,1,4,10407,295249893,1478124890,321875293,-1615660677,647315200,65325487
9,8,1,4,10407,1823148713,333866975,-2131818363,-810582033,55776314,-727599557
10,8,1,4,10407,921093934,-240002762,980421215,-139712368,-283969780,1501939431
1,9,1,4,10407,-1380792594,-1998982747,696018361,-1731454901,-418597643,929111325
2,9,1,4,10407,1446217473,-928658379,-1461163792,242829013,-1507097918,-1607547272
3,9,1,4,10407,448709068,123805206,820029335,-2056646585,243792995,450411611
4,9,1,4,10407,-1491937715,1173854655,917305291,635123275,1403406383,-1006039401
5,9,1,4,10407,1917206231,-1975467698,848012023,1509591238,1552284933,193971025
6,9,1,4,10407,146424818,567820218,-1714756756,-1838656296,920800065,-2087611636
7,9,1,4,10407,-333355483,-1442327555,-1946896492,-1359004558,-260173097,-2110366392
8,9,1,4,10407,1778693029,-1696785456,-1288423434,1918188929,-155013165,-1779524584
9,9,1,4,10407,2018248334,571614135,-986215684,-194434443,-815601189,144402831
10,9,1,4,10407,-1166997964,-2064775436,-2041980385,-1075601764,674570137,1675643256
1,10,1,4,10407,-1371209312,1325639166,-955307277,1572117809,1866968820,1144233641
2,10,1,4,10407,1686683464,-588458874,1085571756,-967945789,1162185028,-1849455327
3,10,1,4,10407,1859610910,-135894012,450724330,-628956545,65930323,1530204374
4,10,1,4,10407,-1410862845,581965568,887263892,-1116826719,-1051299197,770157050
5,10,1,4,10407,1871955780,-1627755632,1489682015,-2068492193,-1482572408,-2037806284
6,10,1,4,10407,1278139695,-1179383474,49316578,351735886,587275286,1782397861
7,10,1,4,10407,1647396215,1931646867,-507324396,2129036826,-681113661,1063221438
8,10,1,4,10407,-907975335,-27844462,620958597,-1917716635,-1583084275,-1646615902
9,10,1,4,10407,-1972407521,1926087242,739802471,-469303184,1520622650,1344022581
10,10,1,4,10407,53227129,1574471457,-1013953746,1037563453,711542590,-1689475348
1,1,2,4,10407,243880047,-1745325211,749917766,-1640833617,1313354320,1006925759
2,1,2,4,10407,9587447,2003536041,-1727117029,1263824905,595817966,120915706
3,1,2,4,10407,1314182900,-1583793369,351184934,-178858967,-231137243,1291859846
4,1,2,4,10407,-2031300777,-1142901746,1910739941,490318090,-1831205729,-1102353977
5,1,2,4,10407,1772495697,-2131040421,-2083331778,2092400007,-1676821039,-852480905
6,1,2,4,10407,-1409870120,-560897755,-2070844715,-753958828,894916249,1999011542
7,1,2,4,10407,-1477346069,1540568931,1106611429,1083542026,1923143679,-872312691
8,1,2,4,10407,163415415,-1905447944,849987225,-725674834,-1472138339,-1640633983
9,1,2,4,10407,-167154760,-1802295573,1538795454,2105981092,-1395776675,949869449
10,1,2,4,10407,-1811344537,-616053856,-306168952,2020548749,1401304875,-145448294
1,2,2,4,10407,-1259862362,-379845075,-1548531936,2093758171,1411905400,-21908464
2,2,2,4,10407,482950905,-1662358789,-50462869,772466149,-74166023,472854534
3,2,2,4,10407,1611394571,26546163,1883653089,187163804,-527811485,-447216106
4,2,2,4,10407,-226859215,37620036,1410414576,1760033682,1447551181,1704189795
5,2,2,4,10407,-2008425900,435337190,-931236963,-474110908,1567154135,118926020
6,2,2,4,10407,1701025046,-172303987,865200611,-734605257,-945308261,-1293092592
7,2,2,4,10407,1409207602,1851721162,159177626,295435902,-903740440,144343923
8,2,2,4,10407,129837187,896868939,-701020196,880332828,547993873,1579757818
9,2,2,4,10407,1977103045,-1860073420,1188901135,664117692,706325831,1426338499
10,2,2,4,10407,-854435375,-2137766234,816692644,1184999154,-222926549,1766420080
1,3,2,4,10407,385407886,-2065942369,1291850512,858652924,-234986430,-181170931
2,3,2,4,10407,1154262583,-2011501170,561509899,-1997454319,1002869099,-998279820
3,3,2,4,10407,-207447002,-931412776,-195111221,-572412692,-1776940986,759064992
4,3,2,4,10407,268996548,-1189109530,204771348,1126144464,-2024551887,2036821671
5,3,2,4,10407,1714158360,1813256948,2079702025,-1761523178,-690519945,1460385041
6,3,2,4,10407,1491500101,-173475564,-181008893,200406692,1576435312,2012427066
7,3,2,4,10407,898068749,-1401467283,1284182650,-455920753,857231679,48433734
8,3,2,4,10407,695719219,2010118471,1218021948,1929921060,1608054078,1045456629
9,3,2,4,10407,1864998387,1530187841,-1316255773,1060075720,-1424982093,-445229184
10,3,2,4,10407,68549979,1424771906,1017281134,469069914,1741338021,952096338
1,4,2,4,10407,-1533586677,-1171561503,-1120883027,82961547,-1548962590,-2110476473
2,4,2,4,10407,829731374,97900976,1162951114,1132797421,-527602916,-637057504
3,4,2,4,10407,-1281252855,28901733,1463359270,839686906,43937060,676932099
4,4,2,4,10407,-2132731359,1610224267,1071864192,172716632,-1384471855,-319461112
5,4,2,4,10407,1189696516,-1724534476,-519028325,375252518,1498489403,181072921
6,4,2,4,10407,-465726839,1823362942,2305950,-459569071,262553437,719031220
7,4,2,4,10407,1224293893,-1006371632,1613020958,-1563309408,600167353,-1434892617
8,4,2,4,10407,1173405500,-497902123,-1460392873,-299535292,-906831027,895539338
9,4,2,4,10407,-83735955,-2004578408,1696536026,684979708,1654850879,-2003249813
10,4,2,4,10407,407914958,703798690,2060761498,383536849,1696401311,1857563110
1,5,2,4,10407,200174100,466883323,-1144203999,-34498257,621000346,2091468885
2,5,2,4,10407,719124433,136371933,1905822312,-552394040,290970130,-1099542137
3,5,2,4,10407,-763813850,-1475514156,362667993,1635819719,-60545475,1566109294
4,5,2,4,10407,-522103602,1798500821,1601436637,-997650010,-1387842351,-1678569652
5,5,2,4,10407,-34609418,-1958625951,-841498001,1547165409,-2012020198,1922277719
6,5,2,4,10407,-1003073308,10555681,-1069275038,-116529025,-326074754,-1077626537
7,5,2,4,10407,-382064944,807911351,1768950658,1529778732,883305511,1064181885
8,5,2,4,10407,1112806183,1910458714,648574027,-1759454059,-61152845,774591076
9,5,2,4,10407,-813706823,-1223319530,391167264,-723080653,1843267872,1942415684
10,5,2,4,10407,-2007166586,-758477923,-985397183,-967540284,553869466,-1044699924
1,6,2,4,10407,-1603496551,-1489475758,759042673,-1001557443,123479953,-538093346
2,6,2,4,10407,1118034768,1965801440,-1899002878,1707043656,-305811758,83720864
3,6,2,4,10407,-364839358,1092862960,-1879800577,991308398,740981470,-876421706
4,6,2,4,10407,2011967179,-1523582926,1062727611,-829814431,1967334193,-1265571029
5,6,2,4,10407,1670789025,-1173036786,572695778,1050260455,1194573422,2120041992
6,6,2,4,10407,-1140249032,411900993,-1548930718,-944171001,1174986967,-1638631314
7,6,2,4,10407,346340391,-1843996090,354117895,-162795264,-245817624,977568270
8,6,2,4,10407,-1313137224,-1428261616,870072440,181272551,532480611,500091292
9,6,2,4,10407,-764057697,1150880567,1389671935,473901996,1518006897,-1514523666
10,6,2,4,10407,-1530277989,-1405828611,-302643413,653435006,-1472532162,-1030150902
1,7,2,4,10407,-727322478,248474929,2060179528,-220715186,-252242860,1808028974
2,7,2,4,10407,1454471874,1466091012,-2011008067,-558671245,913405732,-80634645
3,7,2,4,10407,288383714,1747846548,-1736246041,737836121,592934331,778844369
4,7,2,4,10407,-490479575,-1046910430,312055131,880635271,1173716221,710835407
5,7,2,4,10407,151082188,-438983000,-730890901,-812409786,1584879129,-1355793062
6,7,2,4,10407,-400303374,197680424,-1243367744,-500545207,-1783938170,-608568965
7,7,2,4,10407,-744225944,1919498058,-2091218446,-1132225629,1386048777,-1650922835
8,7,2,4,10407,377064117,-403951423,600670651,-1518227220,1217897137,103213856
9,7,2,4,10407,252112637,-1966461373,406840950,1098245402,855169028,1956319921
10,7,2,4,10407,-1632513177,-1405911500,-326009162,-681157821,961949492,2135445459
1,8,2,4,10407,1446368444,-1661667185,930688781,1650260915,1821311861,-707156258
2,8,2,4,10407,1581000455,-1339672086,-29650413,-1727526629,1078109738,127425249
3,8,2,4,10407,690628372,469388085,-1772862106,-470848930,283588578,951473640
4,8,2,4,10407,589961866,1510543952,556860978,-760495393,1886218846,-919331246
5,8,2,4,10407,538780103,-1616191693,-1200298098,1892348750,-118280124,1741439771
6,8,2,4,10407,-787777849,-1195550235,1045063108,985360834,1118919294,-1699168192
7,8,2,4,10407,1226874379,1785546828,-232035623,602218050,1998920131,1045866302
8,8,2,4,10407,-913239453,1551846860,-675882221,-1473314504,-1994328487,148262737
9,8,2,4,10407,-1366217800,859045585,1350369512,1113494193,-1153761806,-847081044
10,8,2,4,10407,1463404871,-1603626140,-141101053,-1238661105,-581230896,-1121781406
1,9,2,4,10407,678429019,1983878192,-1093602386,1072955616,209341594,886422783
2,9,2,4,10407,-1173544236,-1854740762,-1918028521,-2113288925,-1315726377,-2019748546
3,9,2,4,10407,-1362013997,1760583737,-1630236941,-162390104,-1714175437,364898914
4,9,2,4,10407,333266564,577214450,1895196696,-1111350694,-946654025,-698559370
5,9,2,4,10407,-331726787,2059890095,-67161238,-177161055,964033129,-2103982567
6,9,2,4,10407,1440303876,1046348280,-1838613156,762127909,-610631273,-1300028347
7,9,2,4,10407,121870023,-398908591,1714655536,-834078781,-153239804,1973807615
8,9,2,4,10407,-1011653976,-1201963249,1931958991,-856988016,-1110038483,-469298977
9,9,2,4,10407,1222485470,1057393110,-676209326,927181884,-1013534151,543246860
10,9,2,4,10407,-1724731149,41039541,-648733685,-948920759,2099809108,-66033364
1,10,2,4,10407,-719896906,-1009408978,-647638928,-2052271268,-282079313,-59477768
2,10,2,4,10407,1086201647,-824578932,1715272242,1104576005,-2090754904,-1684066606
3,10,2,4,10407,-1453347739,1504167234,853870767,799439726,-1690558149,648637722
4,10,2,4,10407,1686346299,1673644739,-1706256552,2028072654,-76578122,697224192
5,10,2,4,10407,-38551083,-2000826637,-366902556,-486709990,-35101383,218272257
6,10,2,4,10407,-887630638,1566237308,-102323718,-1261047839,-769693307,-1895052166
7,10,2,4,10407,-2045993776,856490616,1964869117,1221024937,-130237122,-816328374
8,10,2,4,10407,-1507403481,8363667,1754818435,724610342,-2022688346,598691429
9,10,2,4,10407,-1155299683,1649877431,904839470,-1186645336,2050033825,411370416
10,10,2,4,10407,-653218299,1496772071,-1258853985,-369933466,-1176062790,-997223906
1,1,3,4,10407,-176474734,653622526,204840366,112951643,-286991561,1084550361
2,1,3,4,10407,-367029637,244185121,-681099225,1395686019,-217552256,-240082609
3,1,3,4,10407,1367261603,120865853,1721523446,199010240,686443022,1250802291
4,1,3,4,10407,-918854490,804296529,-1585000897,-196724721,-1403848069,-1307764520
5,1,3,4,10407,-1318147207,-1944351105,1364141730,1760230870,-203596046,1098180133
6,1,3,4,10407,1592472878,-759920884,-81838827,-1729341840,-16086180,1165600355
7,1,3,4,10407,885996831,-1365588212,-609335969,778203550,-1248139096,-2086443566
8,1,3,4,10407,330068709,1753227329,1297024737,1324601200,-767036721,-768826850
9,1,3,4,10407,-328077066,1960779208,261361426,2096854326,1337907571,1646266862
10,1,3,4,10407,-1766028521,-795373534,1781507762,-1246388493,-139821187,-1916652930
1,2,3,4,10407,-95811869,1106523398,2110980714,1569021332,1493452852,1078039340
2,2,3,4,10407,-1384903571,1208883746,-415625215,-2109233122,-1487715172,1261683335
3,2,3,4,10407,-1642017047,1937210704,2132968106,1840664058,1869785566,-1615521015
4,2,3,4,10407,-1451485258,-1435717203,220670204,-883389992,-1521594863,1912213873
5,2,3,4,10407,-1059391860,2036353027,637050521,-1727781896,566810939,-1594733018
6,2,3,4,10407,697745686,-162380513,1882450532,-702459595,810965718,59423654
7,2,3,4,10407,949466262,306915216,-746647595,745092650,1847615172,1001978392
8,2,3,4,10407,2005138702,1581530095,373585579,382548169,1088289885,-1208224991
9,2,3,4,10407,781311859,1727451651,1002284051,-823451023,-1042491885,-1377019467
10,2,3,4,10407,1559382744,-1010079177,1721053388,1581581838,-1247396853,1921239830
1,3,3,4,10407,-1297766445,1804250908,1596906867,756978451,-67564443,1592455751
2,3,3,4,10407,-715186695,1744717513,-1149728513,-1217215805,1679950384,883916265
3,3,3,4,10407,1180534540,1729845319,1415565909,-862871209,1509081602,-2035193185
4,3,3,4,10407,868829790,1134678197,268644250,1874540152,-906580169,-1504354218
5,3,3,4,10407,-372664214,-1640741776,-2098276017,1212980859,-1481790447,1821519332
6,3,3,4,10407,252028833,-779944746,1270213982,-300198227,1141552381,-1546054878
7,3,3,4,10407,-175079051,2053994587,-120615762,-484839210,1653915214,-529099325
8,3,3,4,10407,1619798500,987383670,1058031260,486307386,236300523,1836725339
9,3,3,4,10407,527005762,-890109250,1522805835,336214345,-63366168,-799968275
10,3,3,4,10407,-1455391981,-746018490,181517534,-877894028,79721190,-471347253
1,4,3,4,10407,-1105071650,-1675447815,1969590667,398480521,1426340738,-513507028
2,4,3,4,10407,-828517235,2089010955,-1649299451,-83459527,-1152797573,1800215155
3,4,3,4,10407,1241610111,-22463613,-345386316,112500876,1917148641,-1255379006
4,4,3,4,10407,-1103777884,-231060140,358287672,1633740368,1688361589,-1049427417
5,4,3,4,10407,1874804708,1993422614,1753561858,1721041927,1266160752,631199771
6,4,3,4,10407,-598218853,2003901768,-1924238203,-377327888,-277291594,112849839
7,4,3,4,10407,-1289093507,248346386,759566185,-554846799,1597084516,1007566542
8,4,3,4,10407,616096848,-944416966,-1318925886,-543914200,2076181019,-619842240
9,4,3,4,10407,17759209,-1566608929,549081261,-1227153474,719098446,1822508923
10,4,3,4,10407,1902883442,-1928612056,-401963349,90143133,63648224,-824463430
1,5,3,4,10407,440976434,431884040,413278873,1739022096,-156290757,-27273757
2,5,3,4,10407,1093008352,2140172032,-667363433,-519921517,166188132,-1757580480
3,5,3,4,10407,2021564390,2055049017,-397198286,356372178,686257981,871905850
4,5,3,4,10407,1912360862,-1881935048,896210849,-268486515,-618810707,-1672185608
5,5,3,4,10407,685119083,-1704718352,1151474982,-1427950255,-1990021876,1363677038
6,5,3,4,10407,-1914978003,-1415825519,152553440,713266580,-1697510999,1386611428
7,5,3,4,10407,509524743,353267204,-467570146,1768252604,-942580549,1463430160
8,5,3,4,10407,475176990,19173815,-1517772494,1453563668,1419994049,-1384699245
9,5,3,4,10407,-1118659985,933914110,2002377607,-1390780179,1841721961,492088611
10,5,3,4,10407,1329804688,1119943816,576253099,629832545,-1071295174,441476641
1,6,3,4,10407,479413834,-1681480691,-1084117658,909712734,1146410006,-858429126
2,6,3,4,10407,1570613912,423038709,-1477796794,253947325,1153574737,1901883914
3,6,3,4,10407,1473265632,-1922801821,-577155908,-56209592,-1449510040,517130909
4,6,3,4,10407,-761353459,-1800285947,770032623,-1821832526,679709492,-1324175926
5,6,3,4,10407,915644361,-607399512,51025127,1487083376,365261839,-1184219570
6,6,3,4,10407,-956324571,1193326643,1426557757,-2117347830,-1698126859,-87640791
7,6,3,4,10407,1911502434,747144847,294748163,-733969229,2118655311,824072674
8,6,3,4,10407,1920022072,1132553108,1582778075,126234248,-895419579,1913846382
9,6,3,4,10407,-1811057269,-467151854,819935506,548915291,674613905,-622707891
10,6,3,4,10407,115283934,87672995,1723816956,1818284789,-87449699,576047880
1,7,3,4,10407,-1068017456,2004832708,1938213225,-1723645126,1824407552,-1095422057
2,7,3,4,10407,-2005781435,-1773838993,-1355717733,-654152079,436682025,-474283469
3,7,3,4,10407,2016342518,-777250671,2049606854,1936666787,1491300264,1460294651
4,7,3,4,10407,1111016712,679549732,-552293303,383995366,1091787960,313441791
5,7,3,4,10407,22597531,-2003290471,-1459998646,-753998895,1759880873,-1511280243
6,7,3,4,10407,310309433,784012786,1618318780,1146868884,1526286482,1659112704
7,7,3,4,10407,2111549990,466494588,398473726,240530087,-258688804,-432600843
8,7,3,4,10407,1792485971,-732837928,856575765,552614889,1147370918,-846137494
9,7,3,4,10407,637827111,1553536301,1168524592,-502784406,-72739832,1692277080
10,7,3,4,10407,885381019,-656172956,1284547517,-2052205719,-673887658,1627890465
1,8,3,4,10407,868971023,428057695,-255864215,124802630,-1793750645,1363823963
2,8,3,4,10407,173589024,-2026748309,-1243049040,1226113112,-141902215,1446165809
3,8,3,4,10407,-1475194335,715764678,-1578009833,-1311402698,2018897073,-1536673235
4,8,3,4,10407,-1120272005,30131358,1443608316,1185117772,-385399406,2020172196
5,8,3,4,10407,1208732981,-1442426287,-87304233,337654720,1657036583,-1542049127
6,8,3,4,10407,-682686524,2001180941,-1452789142,12928782,1455533554,2032211103
7,8,3,4,10407,1693655470,1593921223,534414352,1634118028,1445082578,396931410
8,8,3,4,10407,1807977220,168432038,1697598038,-1537457334,-44995229,1885412515
9,8,3,4,10407,-439596885,-550686144,-199476727,-133710536,1837289509,534057163
10,8,3,4,10407,460159394,-301354440,1824164868,-1347320911,-1476655338,1206577240
1,9,3,4,10407,-800286284,1766357887,7029103,304849631,1652935252,-1018582095
2,9,3,4,10407,1299560423,744641684,-1020001550,806775192,1345956953,971107872
3,9,3,4,10407,-943094201,1687757329,-918662586,-2133706518,1072286623,1452898013
4,9,3,4,10407,258572331,-1960845643,619729260,-969345314,-2060413296,824671415
5,9,3,4,10407,1464762875,-931401791,1184542565,1753469604,-948444173,462033681
6,9,3,4,10407,-366775903,2087018316,563073383,-278591604,326138559,488945096
7,9,3,4,10407,-703009897,-1796978681,205646679,-369424389,879793315,-213977248
8,9,3,4,10407,2050498173,-1435641720,2023048638,1512337545,1992326165,1016362661
9,9,3,4,10407,-198328003,265982133,-904185904,-413935775,-1118515336,1956371520
10,9,3,4,10407,-1643419138,502381018,16832347,1197013533,-469686211,-677401815
1,10,3,4,10407,1849936181,-1502126925,-787214305,794873708,-786678174,-1191396076
2,10,3,4,10407,-857634593,-1948244871,2115599839,-419181102,17344511,1008054034
3,10,3,4,10407,-1463542680,-310608559,-96618024,-1052641429,973122805,-2026840062
4,10,3,4,10407,561969229,1050498066,-1405627075,-485895420,-906626820,-926271324
5,10,3,4,10407,700556871,116237839,-1527702980,-430123876,-1074231608,-1590572105
6,10,3,4,10407,-1907822551,-1060638523,-11550554,-507470236,376435235,685332203
7,10,3,4,10407,-782775480,-1052311356,190094712,-849487488,698671846,-1051928296
8,10,3,4,10407,-1115909898,351896738,-1720452514,-1924426042,-558595706,-751585788
9,10,3,4,10407,-856620565,-232908831,-60486528,-974271891,1662067642,-666669502
10,10,3,4,10407,1787202739,-9178774,451826253,1730262319,97124578,-1413965858
1,1,4,4,10407,-2088717882,1825102287,-1602624588,-317463123,844835745,470343647
2,1,4,4,10407,-1304773860,-64705276,495443549,1281665838,-40503779,2089419625
3,1,4,4,10407,-615109678,-200654178,-953780918,-643997051,-1869713787,1907650986
4,1,4,4,10407,-1854972289,1282418128,-552750580,-476885561,-143868253,54790730
5,1,4,4,10407,1574914338,1213466885,981798213,-599523113,2414638,750004542
6,1,4,4,10407,-1709982498,1025664334,1885188346,1643836569,1381492220,1456832484
7,1,4,4,10407,-2050595294,1811735240,2040767629,628566344,310023615,-1370901046
8,1,4,4,10407,-2120048500,-710331755,987031524,-1034594587,-569858919,1905068372
9,1,4,4,10407,-394760084,-64732119,-1915870248,908822918,1272499096,-1254547433
10,1,4,4,10407,-26276821,10896217,1255190991,1533854389,-423234643,1674808462
1,2,4,4,10407,-1969298191,815636076,-164568816,1393152804,638951889,-459949318
2,2,4,4,10407,-1801995883,618386023,-1983801429,-487013678,-415931888,308093944
3,2,4,4,10407,-375481458,1628276114,-223601889,-976290893,-678433399,1784407737
4,2,4,4,10407,-426321770,-525720600,-39976215,521374976,-492459484,72750091
5,2,4,4,10407,1462234809,-837494265,-93368122,-1871347290,-192052550,-531414406
6,2,4,4,10407,1992863688,615857384,-970174569,1360451023,-1790196002,-1426404227
7,2,4,4,10407,794253174,924891946,-589565579,1697357661,1389953940,-1776461789
8,2,4,4,10407,1087006078,125650160,-262684550,-1448605662,-899308345,275558493
9,2,4,4,10407,316730613,509447296,253780431,-1318139230,2003694468,-1854328788
10,2,4,4,10407,-1898155410,603933224,-1441931332,771466466,1604529773,1682063958
1,3,4,4,10407,-826236465,430171663,-1092825285,-1976964968,2104935699,-86322849
2,3,4,4,10407,-1543437765,1116567684,-2069289661,-1906668133,-748094217,-1447841420
3,3,4,4,10407,-1771288883,174671656,1973041225,-1535467085,836881087,203232064
4,3,4,4,10407,-624483587,-1778024333,-1426210847,1782773757,-188008646,1754358024
5,3,4,4,10407,-1248117870,1498770104,2050123979,-364205053,-1259502085,1481474780
6,3,4,4,10407,1571395014,290684014,-164588173,2029677982,46300197,327558554
7,3,4,4,10407,-1365676099,-1339656861,1614929861,356332843,-581831236,1443301297
8,3,4,4,10407,5431906,1647348374,1652752666,997988131,-1931469350,-2131794665
9,3,4,4,10407,76338730,702253771,1514747818,-1907725421,2045473765,1278688972
10,3,4,4,10407,-2142541050,-662398562,1342065006,-848713414,-243475640,168055033
1,4,4,4,10407,1533420401,2036065718,-1134552886,1659206294,-292589363,-1164780300
2,4,4,4,10407,110273914,-1606563648,-739819567,-665275140,-1259948326,-1327406848
3,4,4,4,10407,1489412692,1704716961,-610840221,-953973566,-854946812,-978232330
4,4,4,4,10407,821461707,1214760061,961435538,650330929,2137772177,-2135137396
5,4,4,4,10407,1738210225,-1101544032,-850019876,1867163434,-535130653,-575738940
6,4,4,4,10407,-657558129,1911990413,-777637034,339022698,1061096857,732602259
7,4,4,4,10407,-1503901755,-349708823,1089483027,1450840314,-184293683,-103543242
8,4,4,4,10407,-1863817270,-1756231694,-1070203696,-1406354016,-208421820,1717281310
9,4,4,4,10407,795400725,639624986,820437705,-1584464809,-1112061368,489859829
10,4,4,4,10407,409268298,990051413,1051539678,1899880485,-257324369,-1940917551
1,5,4,4,10407,-1259158072,769178061,-624856247,-1262516878,1051861687,-261333381
2,5,4,4,10407,-96458069,936079792,-1491952626,1037991215,-317418900,126300319
3,5,4,4,10407,-531134312,-859057924,1512119214,1138692610,-1225177083,-1030163324
4,5,4,4,10407,656551014,-1559411877,-113486494,-2024883604,1555363310,-2128159969
5,5,4,4,10407,1998683662,673221622,-2118134217,-1091471863,425360492,2021483287
6,5,4,4,10407,-1089851498,-1636867436,-350785785,-392478375,241227310,-1342290368
7,5,4,4,10407,-1963799619,429826668,-1903856366,1190567031,1525660566,1706786792
8,5,4,4,10407,820413776,203300993,-541748429,-2051062305,1966595222,-289657596
9,5,4,4,10407,1531619667,-1146919997,-1616232576,1559532024,748964261,272628820
10,5,4,4,10407,-1169253011,86589971,968453102,-758442640,569345074,1086257623
1,6,4,4,10407,-1566993993,-1870732135,-1249219818,345251378,-1074903774,-673178420
2,6,4,4,10407,-1622147052,-447832565,-161151238,-873675067,594292409,-1354045518
3,6,4,4,10407,409009232,1361339028,-141668227,1034207024,-875747496,1893222698
4,6,4,4,10407,595830690,-484868589,1469941057,-1853694257,-755505098,428166629
5,6,4,4,10407,1285054879,-1305676933,-1957356452,-860504773,-1085951350,582160092
6,6,4,4,10407,-2097564631,1378698832,-1233134872,-438148621,-1245207343,-234524500
7,6,4,4,10407,874372187,1790497438,-1247888831,-1505176747,-846652798,1299495314
8,6,4,4,10407,1569877387,385430575,-1114291350,1726310750,1831176863,-536846093
9,6,4,4,10407,-1818356123,-1647468907,1943945076,-773348697,-1023775179,-2084247196
10,6,4,4,10407,786840062,326781144,630167364,470705495,1024071312,-1293809141
1,7,4,4,10407,-1691761990,-1674584484,1316110104,-684175930,1220312291,408660229
2,7,4,4,10407,887553783,1236704649,-778466145,500728623,1469113677,1798827352
3,7,4,4,10407,2141594342,-759012372,655435051,521130091,1922211534,-2099779173
4,7,4,4,10407,-1375878159,-1048088039,1530116214,270953445,1284724151,-1605913047
5,7,4,4,10407,-342932263,706941095,-1263790805,982119832,-345001692,-2140456177
6,7,4,4,10407,-84105779,1891303284,1800780722,-468402342,1424302244,-781640777
7,7,4,4,10407,1769691239,-1116228360,599311416,-1604077672,181689630,264785784
8,7,4,4,10407,1975369539,-1318930403,-1999807379,-2060395499,27576891,-2015298744
9,7,4,4,10407,1663610343,550504587,1319087660,-1738009017,1192586670,-1682263578
10,7,4,4,10407,-1343032401,-573916533,-2093202998,2010352014,579040835,-1187160207
1,8,4,4,10407,862617691,-356518583,-2001621868,1222690607,264027843,-1241676740
2,8,4,4,10407,1880921356,871117596,-968213002,113531908,925594308,1096269757
3,8,4,4,10407,-564578487,-1088581642,-1136091389,-1557343294,-1540602027,2078232774
4,8,4,4,10407,-142611114,-359776469,30510678,1197521305,-799918241,1652225155
5,8,4,4,10407,-1840829076,-639429599,-1230048860,578966918,503635577,-953429990
6,8,4,4,10407,-1056394094,348137001,-1676596153,-1523989170,-2139416976,-1416119990
7,8,4,4,10407,-902759188,-1869656232,179595966,835491842,814203036,2002547295
8,8,4,4,10407,-762573989,-1447944814,-98087256,-648907196,1159050531,1666615857
9,8,4,4,10407,1783475558,-1640932603,1180236066,532662458,-617112686,1346407428
10,8,4,4,10407,-1979005736,-744590732,987586595,-1352357752,-975203591,-1900969008
1,9,4,4,10407,-1452696614,515788582,-1004423949,-598591138,659276524,241209699
2,9,4,4,10407,-1899604979,-530475560,1918080427,1667592174,-666915224,747882584
3,9,4,4,10407,484728327,1135280285,-1063827320,1141283455,1498939386,-956952596
4,9,4,4,10407,269579086,1183967706,-1007998414,-2085061080,-258322582,711935608
5,9,4,4,10407,698597258,-578271610,859152396,498470713,-1088934381,-901702221
6,9,4,4,10407,-346769010,-1008223852,-913939267,2060433813,-106355040,508529641
7,9,4,4,10407,-1475618198,1460298709,767815638,1450506327,1148645648,-2056936829
8,9,4,4,10407,-1780932581,1327291320,-1274544928,16476990,1122972482,-1658862389
9,9,4,4,10407,1054963855,287441496,-1632957480,-1867680223,1637219233,-946688901
10,9,4,4,10407,-1652384035,1725943308,-1212146404,-463949805,-1768832485,268856303
1,10,4,4,10407,-865537590,-1829693264,-1657799084,-266258073,-1905605223,-780033239
2,10,4,4,10407,-1166938081,-194881306,-342527445,-946565427,-1607946594,-2138173184
3,10,4,4,10407,368746190,-1348695935,1868814977,759438474,-161911843,1156556321
4,10,4,4,10407,-1056120456,2055185059,1986717285,-412686470,537037689,328872005
5,10,4,4,10407,1518968159,-73351472,1580116192,-1725720559,-1709404016,-428495971
6,10,4,4,10407,-1014373478,994627944,-200335639,1649164269,-367082560,-748902318
7,10,4,4,10407,1830060547,-842063360,-1605096584,1329767827,86366668,-1053731991
8,10,4,4,10407,314808977,-202488526,-701177941,-418996161,-447368790,-463043475
9,10,4,4,10407,-1084914534,95217310,-1540822873,-1636179997,936638143,1670965719
10,10,4,4,10407,-1877811483,861605828,-1370172665,-1949555699,-299655856,1881960496
1,1,5,4,10407,604022555,2144036476,2019001092,2139020649,-543739448,-2039478624
2,1,5,4,10407,-1380627505,-1084624830,-864182442,1510468001,1785056943,-2028624163
3,1,5,4,10407,-256762914,862012508,-2132801943,1963317101,-1615661231,254533136
4,1,5,4,10407,-1877802584,-1851358808,-1286813686,-661671834,-1475471503,-1245190921
5,1,5,4,10407,-1430433701,409042973,-1951226622,697414262,-403380870,-843992374
6,1,5,4,10407,-677311101,-2139558939,-1638262574,-1127971035,-2045499446,-534206110
7,1,5,4,10407,643942974,590050809,-1594463032,1573259418,-2080450153,961485795
8,1,5,4,10407,-1193312797,869837002,-616197733,1685167377,1787091310,-1054365567
9,1,5,4,10407,-1711968406,16933964,448315743,-1707416598,-1363170112,-345933544
10,1,5,4,10407,-1899089372,-598813156,329356025,-747509954,-39599040,1506157811
1,2,5,4,10407,1203112511,-317370955,-1543002764,377474378,416041330,2019726978
2,2,5,4,10407,1108435050,-1655673545,1498691008,1185686435,-1570894374,-1790100876
3,2,5,4,10407,212066285,-471051137,805339636,983385449,-1005018401,-770578188
4,2,5,4,10407,-836404629,-1345012560,1724448223,-781382213,438482726,1050408235
5,2,5,4,10407,2087987736,-1613107728,-1708991871,448808710,179295675,96463314
6,2,5,4,10407,1985886039,-1665402211,623155321,1088531943,-2048359141,-486055394
7,2,5,4,10407,1470752013,1510842378,-1086998405,756155763,-2132274302,1681704010
8,2,5,4,10407,-51210776,-1692682563,193767609,1966901406,2131112070,228781747
9,2,5,4,10407,-1009661758,-1864646414,1827418817,-1385755563,-563621957,1417392104
10,2,5,4,10407,-888269894,-2066627882,-955911491,396820317,-940615212,-1624429804
1,3,5,4,10407,710185574,54108166,1192891346,-899337294,695296357,-689134143
2,3,5,4,10407,-707385447,905330229,693353638,937211717,1873913033,-1184225409
3,3,5,4,10407,-1575030291,-10529314,1555032337,601485234,-1569261509,138038083
4,3,5,4,10407,1611913814,958329639,1947176281,1533533172,1686038922,448775472
5,3,5,4,10407,180185466,1268070806,-575018049,295837203,-590965290,-910291093
6,3,5,4,10407,-774126962,-1845742544,637207453,-457090826,983724108,-745229145
7,3,5,4,10407,-1792462585,2027018940,-900001128,1649557971,-2040840376,1580100784
8,3,5,4,10407,-457128089,2080613224,-170748173,1389596188,753329296,336161546
9,3,5,4,10407,1572416410,1339823972,-881104343,-271081184,1164617598,1885341377
10,3,5,4,10407,2145711592,-1535484420,-1316560900,-782110504,1716277641,1885398453
1,4,5,4,10407,555212818,1535920215,154083467,-1077251652,-786068847,977603852
2,4,5,4,10407,-1981815342,225994202,862180653,765466093,-7446302,1357609585
3,4,5,4,10407,38734411,-697797681,2119499175,447625437,-2082383161,749149700
4,4,5,4,10407,-181923627,-631805263,-975583569,-655339440,712480620,-598372277
5,4,5,4,10407,-846080140,580535479,1559341286,-1736878894,-2024485020,1511930880
6,4,5,4,10407,983557952,1127924495,-2138192063,-1019887483,-1391280284,206584343
7,4,5,4,10407,1666466235,271313820,-2117255935,-1557467462,372220473,1220315885
8,4,5,4,10407,103907906,1144141150,1853081675,-1035446596,-82950149,-64474479
9,4,5,4,10407,278927131,-1576895177,930551409,-767596158,1542783944,-456635268
10,4,5,4,10407,2040663987,-2042062397,20826730,1883174428,1210760909,2110753747
1,5,5,4,10407,1268815188,-116909909,-420829194,419808868,-1188198233,-1231661337
2,5,5,4,10407,535161379,-785685870,-169649279,200759758,-345348646,11050581
3,5,5,4,10407,-84681729,321048504,-234024418,-83712228,724000476,-568985419
4,5,5,4,10407,-327516356,-725681761,182530594,1099375599,-1614077098,605687372
5,5,5,4,10407,1858052107,1742570507,930256560,-1067281869,1730443701,-2077328736
6,5,5,4,10407,-1266740177,1292477941,-1879382516,1013782269,314385094,-680272243
7,5,5,4,10407,-109668499,2109896907,1698021709,-976946566,-517789209,123007404
8,5,5,4,10407,920838826,-588006397,1046985536,-1228021702,1522525271,1338001599
9,5,5,4,10407,-1881063418,-523382460,37648637,-87940055,2072738442,219905104
10,5,5,4,10407,-1937417648,-605023962,-1680391590,-793550633,883697549,-1089956890
1,6,5,4,10407,1719583341,-918947229,-65491540,345244084,-823983637,482040825
2,6,5,4,10407,-1071065609,1248238735,1223237636,-481739032,-1521325031,-94489348
3,6,5,4,10407,709228024,-1494331525,946169338,1742940813,1146298195,-771528988
4,6,5,4,10407,444475351,304392870,2116215861,-672020325,-1410436510,81169320
5,6,5,4,10407,-1633531908,-14800841,-2039820293,2040793129,-1302298329,87092274
6,6,5,4,10407,1057953327,-315215725,2094504187,1834452705,-1900777789,-855484396
7,6,5,4,10407,806342722,1663467675,223766028,-517354173,-204296667,-735820486
8,6,5,4,10407,267962899,-189690136,954534341,-1967054443,-865347446,-139488261
9,6,5,4,10407,1168859808,-1371888799,278827611,-1185283288,-134749169,-279054249
10,6,5,4,10407,1452791162,801876825,-1054637668,-1722777838,-1894369762,295020974
1,7,5,4,10407,-1957431523,-659054931,-2050065933,-2095577623,-189439381,534985225
2,7,5,4,10407,466736567,-1660773492,-412568464,224694737,-1050430893,449525845
3,7,5,4,10407,-1701145722,833618709,-548865507,-545322223,-165652788,322297135
4,7,5,4,10407,71941730,1431186236,254758499,-1296056363,1666166362,895351002
5,7,5,4,10407,1414076903,198045891,1456503752,1890723386,1556140316,-141647299
6,7,5,4,10407,713749388,2138225040,-540934478,-1150845411,944603157,-1759708334
7,7,5,4,10407,126278005,1065363865,1842286272,-57138261,2051223404,715670469
8,7,5,4,10407,-1984788743,799785174,1596407273,-472529930,-1424983308,1200747516
9,7,5,4,10407,1475010668,-1566427916,694641669,-970076511,-1673680028,-946840207
10,7,5,4,10407,-1712962285,327759458,1289679770,-1207175011,-2092499546,-1407651511
1,8,5,4,10407,1043538378,498251062,-34484637,448985907,1432149808,1743781576
2,8,5,4,10407,-824508274,760623928,1522903221,900638516,-1027828865,598838046
3,8,5,4,10407,-1552307710,938575008,-1463897567,-166358691,-1174276298,672333299
4,8,5,4,10407,648791674,1953421827,1678415731,-1718526866,-1553862037,-1957604630
5,8,5,4,10407,351831604,876810388,-181953045,1778695487,1571735527,-8857253
6,8,5,4,10407,-1631210699,-421803566,1267417371,-20399026,-115146211,-221912841
7,8,5,4,10407,-1462273462,832528392,1131637239,-1669248519,343675904,-74462849
8,8,5,4,10407,-283813084,-1987176933,364271800,686054597,-1746232154,638171472
9,8,5,4,10407,1423240460,511785857,948867847,-163491693,-1978489641,1125603363
10,8,5,4,10407,-1967109168,788627350,-673679601,1927792526,993211843,-1533819209
1,9,5,4,10407,-1221030471,-1120426372,-1741216370,-1242395903,1945319831,-857336375
2,9,5,4,10407,-1656940987,-1580080501,968232514,1755962399,-1213486683,-1846657442
3,9,5,4,10407,514870332,1920457488,-702799367,-2008999944,-2006028517,-1852381010
4,9,5,4,10407,1836254503,-1040359014,-613317822,-722606825,1778207673,-509854722
5,9,5,4,10407,-786306760,-1764630571,1389401215,696212972,159240419,1561021701
6,9,5,4,10407,872506923,-226660600,-83473069,-486004490,2097084662,1382013646
7,9,5,4,10407,550704609,455076846,-440420368,-1474872574,300601070,-1379119702
8,9,5,4,10407,-855809710,-922701534,55511019,1806385906,-1896788127,680990165
9,9,5,4,10407,2092812747,-1045735205,1133468081,-654604775,-668807539,590778760
10,9,5,4,10407,-151498670,-475888807,1846684900,-910454017,1383783104,1928315056
1,10,5,4,10407,1964954555,-1678975814,-2122225656,828909194,289380083,-1974770281
2,10,5,4,10407,-2091552808,566795067,1981801139,1490829405,695504438,-1462355639
3,10,5,4,10407,-285920714,1565084431,-896304398,840611430,34240851,431881894
4,10,5,4,10407,-1059621644,595338158,871538762,-539211842,1526959402,-398704645
5,10,5,4,10407,2115576516,1401216379,-333127241,536293158,1595290579,-1245690433
6,10,5,4,10407,931177186,1396133529,1833896379,-1598851264,-2094021299,-647213602
7,10,5,4,10407,-1683404599,-527921186,-1495649984,-1241709672,38553011,1959343178
8,10,5,4,10407,1398909957,-563668909,-62906264,723416372,60880268,56072276
9,10,5,4,10407,-1259854961,424469741,-626315651,1056925365,1400936526,1014272516
10,10,5,4,10407,264247977,-1497179657,1373838231,1439573867,1153595036,1159727029
1,1,0,5,10407,1494236797,-1422834037,146696801,-1031491780,-899973297,515650844
2,1,0,5,10407,-42625354,-1210632332,-118739840,-1150808731,-836711072,-2072221675
3,1,0,5,10407,948484842,-1924146598,859241772,-2143339923,1242395450,-387067050
4,1,0,5,10407,1811578559,1017545957,1771936943,-861243019,607099391,-959538336
5,1,0,5,10407,-2138272381,518934356,-802785282,1577555927,119520329,-1067164000
6,1,0,5,10407,-361662461,735380485,-466651692,-759418548,1480906160,-1455822883
7,1,0,5,10407,-1210329574,898399754,-1234289786,-2109375961,778152500,1892132681
8,1,0,5,10407,262910163,-1064657951,116766,1541484765,-2006003844,1482669838
9,1,0,5,10407,-100757924,-1259671247,1727531237,-1404008212,2131529494,557520012
10,1,0,5,10407,620582416,1056433831,315545637,1860128135,-224292806,-1562187032
1,2,0,5,10407,-988047147,-1486920971,-1046162304,480409942,-1693125515,-1120175767
2,2,0,5,10407,1159572517,-1964795407,-2015133079,-495090098,1743601137,-970887711
3,2,0,5,10407,-1178525074,978459481,1921364217,1005079264,2061563230,1636470199
4,2,0,5,10407,-532249310,-1972125454,-624500296,1847449939,-1582362992,369626583
5,2,0,5,10407,351835958,737497562,-400980820,673121998,-467192293,-1569086954
6,2,0,5,10407,-1010127730,1489974397,1519376510,1540206096,-1775657314,1722590542
7,2,0,5,10407,551827136,-234745186,1208227072,920022943,-1497612934,-692198128
8,2,0,5,10407,-137608741,1491753231,753616032,869911934,-1024442723,554182157
9,2,0,5,10407,-1679799381,879748224,794181956,942420881,853752486,2094411357
10,2,0,5,10407,-1444871252,-1543378771,-194290741,-882126847,-315791553,-1860343537
1,3,0,5,10407,-1571541198,431294196,-1030853824,113472483,-1804639758,659077916
2,3,0,5,10407,306697810,-2009126276,986943778,127617747,-592923554,992901847
3,3,0,5,10407,-485047456,-1275112856,-166518201,-1429164802,1338368839,1387097708
4,3,0,5,10407,3967886,1931172613,-842166379,1176892839,1113610303,396755604
5,3,0,5,10407,-1600456599,-789363776,-686030897,985121845,1934139561,-1888282273
6,3,0,5,10407,-246666699,1792175393,-921878352,-1617675319,-371631465,-1428624582
7,3,0,5,10407,-1638858568,-967181788,968979660,-1467542001,-1164699295,2075459927
8,3,0,5,10407,-255979315,-541915061,1399096411,-338233503,-181942022,-519302795
9,3,0,5,10407,1751458696,2099633967,1471944541,-2091470939,-1059202144,1103968359
10,3,0,5,10407,-1036388942,536563863,-448955738,1088326466,1553989433,-440730136
1,4,0,5,10407,1038265072,-517265900,544162898,-1730795270,676837848,587788436
2,4,0,5,10407,-984668851,1934105638,562687963,-835741259,1718425078,751121898
3,4,0,5,10407,2001030931,1369306122,1023031173,1733524382,167700413,288521213
4,4,0,5,10407,-1926468537,1306230496,-2090037503,-1168218082,-774445593,-469321457
5,4,0,5,10407,-36286618,-1578740270,726488448,1448944635,-1842409180,749367489
6,4,0,5,10407,-433339977,-1745444988,-1664058258,96312820,-59214125,770543219
7,4,0,5,10407,1878104516,1403312297,-1904690856,-2819201,-37214381,-1061597241
8,4,0,5,10407,449015715,-284344740,878135786,2078519562,2008882865,451322983
9,4,0,5,10407,95824075,-526528593,373194465,19630045,-185164981,562433782
10,4,0,5,10407,1598729667,656433115,-966593810,434442137,1847555196,1275580773
1,5,0,5,10407,-861573012,496867310,1200651992,-1732943305,-1567809452,-107973938
2,5,0,5,10407,-1977552324,-471154707,1284438803,-449631908,812379180,-767986831
3,5,0,5,10407,-851862054,681865931,-404443382,-1054032306,-1423826580,-2077851465
4,5,0,5,10407,2126167064,-1392751478,846737672,-831199485,392159554,-693755440
5,5,0,5,10407,-992301144,2143846307,-1978096855,-710039187,1648984113,-1799451495
6,5,0,5,10407,1756121656,1381061777,1117907996,1460883863,-1057144121,-284662105
7,5,0,5,10407,698876343,-601488468,-2081677672,-1933914270,791424209,1582164012
8,5,0,5,10407,1920844221,134686702,1985876019,-995599419,764642137,-1444329980
9,5,0,5,10407,457928533,771782591,204486287,-459957772,1206810062,2146103453
10,5,0,5,10407,1888822515,1644955943,1436895253,-1266593258,1768105795,-622062098
1,6,0,5,10407,1479457495,-825797519,-1571407858,1334836103,-1082169092,-283595862
2,6,0,5,10407,384753371,-574619178,733240415,-908646104,-837618949,2122129550
3,6,0,5,10407,-1697931211,1939180187,-293413679,1164977039,-308319226,423250105
4,6,0,5,10407,397588937,-918733244,-442668409,987584001,-1960622754,-1171900257
5,6,0,5,10407,1439930112,779153015,-1719075633,-251518049,-971259578,1158731909
6,6,0,5,10407,2042196817,398349118,-223765830,-1085808581,1002918761,549981226
7,6,0,5,10407,-1544907477,1576446490,549118734,-600569129,1401222127,325075624
8,6,0,5,10407,-1807658807,-1424593361,-1656408411,-1036820795,-1220235989,1646029306
9,6,0,5,10407,51351019,-1074807919,410603193,495966469,-2021691461,149226779
10,6,0,5,10407,-1863541740,-1645118968,-2015712306,1319324066,-576269866,-563876437
1,7,0,5,10407,1808603919,389762443,862995721,2546968,-573807006,1318421284
2,7,0,5,10407,-394833751,331090922,650625911,-731726988,1021912844,-1347336568
3,7,0,5,10407,501385520,-602914704,-1516307820,1486262386,526573496,342094513
4,7,0,5,10407,1157929558,1858444919,175597098,-808126958,1655479269,415151512
5,7,0,5,10407,1220631964,1783671644,1377818856,1472832326,747161881,1869572154
6,7,0,5,10407,506078097,410210066,1189927530,1192337947,2134587927,-880141973
7,7,0,5,10407,819099393,705131246,-1998988007,1165301239,-689851125,1274459159
8,7,0,5,10407,-856896750,-1927055400,228085198,-1430466159,-2005419208,1405686096
9,7,0,5,10407,616462013,-1104749720,-200199927,-2122406727,-1310796643,-319073810
10,7,0,5,10407,1237458786,-225888209,1833439530,785362785,1841722403,-134326273
1,8,0,5,10407,-1585249471,805216090,982033335,1653470954,96641887,-76274274
2,8,0,5,10407,53335558,38888195,1967308352,589318478,1890103850,817905582
3,8,0,5,10407,-54533783,-613116553,1307793505,-1815168658,220538282,-2078714452
4,8,0,5,10407,1310632347,-711349688,-766099544,2137557077,-1495621893,640556169
5,8,0,5,10407,-132394217,1383319151,-1520434017,-296723098,-1708136603,533646231
6,8,0,5,10407,-631605363,-1934497298,1106611847,1529029179,1559302277,444232348
7,8,0,5,10407,675769023,-143693182,-1409380318,-1338837549,884155773,-1080792730
8,8,0,5,10407,1119631835,-986630932,-376995252,-398229881,586482730,1705471272
9,8,0,5,10407,1255512929,-15883123,-1376008479,49683025,-376090670,-51324389
10,8,0,5,10407,-1512736548,587739071,835217570,17504297,1718732676,-1782010951
1,9,0,5,10407,-1326411596,-633617811,1579861429,2136423913,380153325,889857270
2,9,0,5,10407,-1678037342,1152394599,1471389112,-350214589,-2074088428,-71035756
3,9,0,5,10407,1822376524,-2031321321,1007383360,1109527429,1894993915,-864256828
4,9,0,5,10407,-693730987,-2084088419,825998834,100479015,1835578385,1247794949
5,9,0,5,10407,1882234327,754729893,1674040355,-1521929066,-2048300871,346858103
6,9,0,5,10407,-1502183814,911907038,-1220183219,-222692390,1903554343,1365819197
7,9,0,5,10407,334581813,-819850526,123014088,-1945682090,-376696356,1495350970
8,9,0,5,10407,974609135,-1376491965,1247684163,-1028898741,-1443982796,-1217957231
9,9,0,5,10407,-1127765920,-862363325,866740365,1096502286,-1061047899,100616843
10,9,0,5,10407,321930787,-2134114293,635931255,71495827,-1384606429,-251091759
1,10,0,5,10407,-1670332045,632900440,2123670817,-1861513837,-179361654,-117562601
2,10,0,5,10407,56425835,322739517,1356542992,787563741,5677865,-838103894
3,10,0,5,10407,1111018189,-117552972,475910868,901061859,2080676737,1132782681
4,10,0,5,10407,1239980349,1021412222,-1263727926,-263189313,-1659883254,-917680144
5,10,0,5,10407,-710505619,-544070827,-881633451,1269051569,-1808750008,-1708464149
6,10,0,5,10407,1270040693,-533657999,904247474,54792128,1380035088,416455604
7,10,0,5,10407,918103337,1859658975,-1215381294,-1163420387,627880792,305460721
8,10,0,5,10407,747262561,1672758489,1886771447,-1519637370,-1876069202,689285230
9,10,0,5,10407,844763227,1632883243,-293992307,777326471,-921083152,2050449416
10,10,0,5,10407,-608918361,-1231217579,-188046563,-1079198851,1621210743,210156287
1,1,1,5,10407,1720766953,939394014,464369347,-538125296,1538209398,-694683868
2,1,1,5,10407,1802539652,-660907606,-1894973270,-706252312,-716282770,-1547220157
3,1,1,5,10407,760449503,2111109074,-456894807,841159204,-1755249370,769091004
4,1,1,5,10407,1488448637,-417242424,1237288967,2039924655,329933730,527347615
5,1,1,5,10407,1255073683,1309222838,906401919,-2053187228,632012675,1310568622
6,1,1,5,10407,-1358774430,-1186411840,754090590,-2098728133,-1115144425,1019954599
7,1,1,5,10407,80358414,-943219224,-1620865086,1238900624,1455394778,1681487789
8,1,1,5,10407,-789637238,-1700005676,565252038,1839581954,-208975107,-947313301
9,1,1,5,10407,599383506,766929734,-1050738667,-459395255,1420948701,446076688
10,1,1,5,10407,2056927216,-543341574,235324659,-457144214,1349222193,1268853230
1,2,1,5,10407,-261836328,1428680919,-1522260077,-1891027329,-1040365749,-525669453
2,2,1,5,10407,101618679,-1278305350,-1676514681,2070601656,-1956070876,-2141873192
3,2,1,5,10407,-1612586312,1978071561,-369724987,-199003513,1002999998,1546574990
4,2,1,5,10407,367629121,-809289305,2144641823,-55181160,1143788430,977573157
5,2,1,5,10407,1843785738,621736829,-304775791,-1422981430,1355655271,-1799227381
6,2,1,5,10407,611267090,1703141577,-1183415673,688681337,-343022747,1950729350
7,2,1,5,10407,1300374277,-937019797,-1714402093,468926011,747377076,-343770997
8,2,1,5,10407,1463649042,-1020704946,1892051013,-1537448347,1441624771,77407679
9,2,1,5,10407,1647195303,2044416955,197288803,-15598092,1505078121,1124187480
10,2,1,5,10407,-1521202790,-954791323,-1366886530,-940793348,1287610420,2071884636
1,3,1,5,10407,984989652,1657871589,1942012799,1045939330,1459144961,190098940
2,3,1,5,10407,-1708600005,-972151124,-2081525463,1739421511,-125532991,860129697
3,3,1,5,10407,2088802301,-1588260320,1753941487,-771730245,1916077452,1467049090
4,3,1,5,10407,-1993672763,-1507525506,795910414,111683505,668848320,-327678685
5,3,1,5,10407,409605560,-260179927,-546507609,1726952791,-1001413123,1385132705
6,3,1,5,10407,200478782,-1726285051,-2074191566,1885927767,2113383999,-1981537830
7,3,1,5,10407,-1099654005,2073520771,221169818,1088413680,579742194,2132485380
8,3,1,5,10407,373940848,-549776572,2045766682,-887865468,-594342658,1586313032
9,3,1,5,10407,757990538,678807331,1083748644,995073253,1179432648,-1958622960
10,3,1,5,10407,-878369404,-2026260671,-1995603089,-1937508950,-1641528095,1641699615
1,4,1,5,10407,-1180195206,-166939071,1857337762,-1496209768,-1237423384,-242216105
2,4,1,5,10407,37761052,-1735759478,-1689360464,-1174894061,-467142831,1560188271
3,4,1,5,10407,2033943387,-1742830040,1216295658,568386547,1601830688,-360134575
4,4,1,5,10407,950795227,-31426147,-2076687191,-317037595,1300089983,370246702
5,4,1,5,10407,-161303500,717944298,-1585533101,-116560248,-1048137564,821453970
6,4,1,5,10407,893813513,1540324261,991343030,1318565128,-850174328,1785753318
7,4,1,5,10407,1290438178,579911279,-1201106400,-2015655463,818009940,-1761047509
8,4,1,5,10407,516184826,1124702580,-1320505679,237359731,-1775942898,1080476998
9,4,1,5,10407,2042749347,472503679,-1467389514,84970880,2051409724,-964171218
10,4,1,5,10407,1662643208,-944736493,299946730,1619640320,1606007809,-201723557
1,5,1,5,10407,745093654,1054816934,117622639,135916627,713890294,-347376379
2,5,1,5,10407,235975922,-179408643,-1303903226,-456995114,-274528504,-175854420
3,5,1,5,10407,910062513,196383291,533471573,-2090818321,-1681025093,874156117
4,5,1,5,10407,-1017813190,1201007809,-38718927,-967916690,-545728035,1553160027
5,5,1,5,10407,923372246,1840990751,1260024570,-960834065,-242524225,-1159457599
6,5,1,5,10407,-893837539,-90073009,1894596271,-1241210303,-1553385139,-1270742328
7,5,1,5,10407,1800991489,1511843011,-570606899,1789784208,-897045810,-125004709
8,5,1,5,10407,1820179970,420826216,-409144291,954915347,-531063022,-381066736
9,5,1,5,10407,826460912,1940085075,1507845266,1915176734,1474026165,-895378570
10,5,1,5,10407,347230762,-209111179,-1592086779,502426211,1871850461,1822743852
1,6,1,5,10407,1342313201,335695519,1196911829,-692715219,1870540095,1192322884
2,6,1,5,10407,-672489174,601821347,-707464539,876479102,971124240,-1549042923
3,6,1,5,10407,-4731568,-1041366039,-309652207,-1463041462,-1050082221,2029661394
4,6,1,5,10407,522078391,931597996,-1581517248,-644942620,2000017203,-817744637
5,6,1,5,10407,-4624498,642068345,-958746156,-468496875,1049911933,1172098191
6,6,1,5,10407,1008456606,305103782,1275367440,-1935492493,105603710,1284724310
7,6,1,5,10407,-1188391989,-1664470840,1510636937,-1822039155,1821116538,98555694
8,6,1,5,10407,1132920505,2026852674,-1866550622,35481308,1310628908,1614018895
9,6,1,5,10407,-344396280,-836692144,940727677,-664665042,-1196243610,1239438590
10,6,1,5,10407,1272088445,-270425625,-1893790381,-1188814229,-1706468479,-1557339103
1,7,1,5,10407,-2126292098,-787714613,-910560520,2034172152,-932332471,361288108
2,7,1,5,10407,-864063727,1415877437,1339971369,-1534475987,-1691504374,1459566568
3,7,1,5,10407,-2083257000,-155375519,1696514187,-619169418,316629362,1021448155
4,7,1,5,10407,-422043833,-1276950323,-1340182049,1978135377,-1476164752,-150832265
5,7,1,5,10407,597823759,604250558,-1056669226,449467110,-823852841,-1858889987
6,7,1,5,10407,-1748919656,3368789,1902994601,1346738619,-205175180,-1210173337
7,7,1,5,10407,-764755738,1085644069,-769005818,-2029106664,-879497795,1618390502
8,7,1,5,10407,626463424,-83005973,-992250634,-786564138,1492786149,1471402540
9,7,1,5,10407,1416126374,2107111694,1541658395,-1794150123,-1629293239,1557373031
10,7,1,5,10407,1961356030,-782124960,469785000,-1840851772,-1698939951,-1201916103
1,8,1,5,10407,-1044540852,484171631,-68116200,-1875088210,-27200451,767999023
2,8,1,5,10407,-1767654368,-2062824807,-962748084,-637773217,-1725559611,-377739204
3,8,1,5,10407,659462864,1586997048,1604480401,523770775,-1422642911,-426083995
4,8,1,5,10407,-1925715568,1351963763,445159558,2040982843,641731108,1844682097
5,8,1,5,10407,-1964804991,229835649,-1961889655,-109925334,272047160,-646607188
6,8,1,5,10407,640069220,-1842670979,228124177,-2038072401,-1033700146,575447147
7,8,1,5,10407,-275160522,1147477045,-523844793,1112266015,-1982983630,-342547991
8,8,1,5,10407,306630848,656017367,490018606,-1695478896,-1240118207,-1962662401
9,8,1,5,10407,219092995,1114647596,-1674280911,-1171632003,-1893276452,-760814678
10,8,1,5,10407,-289882351,1764618461,445654559,1759527803,376171458,143112779
1,9,1,5,10407,698475637,-1251090941,1981058441,1148958048,-485939435,-354454276
2,9,1,5,10407,2010637144,-23431720,-1380848359,657925241,-2063632463,-500268404
3,9,1,5,10407,-219573545,-599733397,-1844694348,-1227428611,-183959665,1162307859
4,9,1,5,10407,-1609781769,-773613719,-1726820328,2063995411,-907565810,-1454754173
5,9,1,5,10407,363791579,-1797882827,-1625125655,1831298921,-1133593842,-1054532405
6,9,1,5,10407,2018906076,2060754666,1688250484,-1967362838,1065705656,1888961632
7,9,1,5,10407,-1226838718,-30161183,-1011540781,-603105644,-1334338018,1175333300
8,9,1,5,10407,710421594,-1864091003,-286703733,1018596674,-708083984,708665952
9,9,1,5,10407,-1169739024,1806336855,2021211248,1740436373,1914882160,-893253134
10,9,1,5,10407,-951231078,1048513167,-497454806,-1197046360,783620760,1237293518
1,10,1,5,10407,948332843,-1597493264,-914690556,-2111155161,1788358322,-4872606
2,10,1,5,10407,1615868504,1546824558,-1517673891,-1019053241,-1805362929,-1026841842
3,10,1,5,10407,-1255969376,1162816268,-1514172742,-139618980,-1130263370,-1504089112
4,10,1,5,10407,-474886962,1660076028,-510530660,-1288290635,1974500480,-1454082880
5,10,1,5,10407,-1039431673,-1147298171,1338164636,1579027153,1461054139,-674126844
6,10,1,5,10407,1076748321,-679690200,819083407,1575289265,-11182541,1633285192
7,10,1,5,10407,666501668,-1939564945,906321780,98227318,2115465083,-554077820
8,10,1,5,10407,-1567631910,201801941,-685500580,765500437,-75887157,1255141855
9,10,1,5,10407,-761061358,142692592,775554471,793921521,-1995530900,2142363949
10,10,1,5,10407,-53220572,746137006,-1347758175,-952188991,-71613390,720521861
1,1,2,5,10407,538154007,-2010387688,1204493586,989151870,895655392,-1129053030
2,1,2,5,10407,831954214,-1624721244,1975298558,1827342595,1733531753,334496741
3,1,2,5,10407,72243896,-515333154,-1519388835,1711411807,2101307382,-2032308402
4,1,2,5,10407,2106655920,1522618994,-966705951,-921661150,-134991747,-1564584803
5,1,2,5,10407,-1652458571,-465255734,-536350668,20138886,1362476740,54909521
6,1,2,5,10407,-200399139,359959162,-1055800478,195260456,251843807,360865017
7,1,2,5,10407,-692584304,1197957042,-231914277,1853900930,-919142856,427985601
8,1,2,5,10407,-1849693820,-1353565515,-3322620,770845430,2000846143,-232982318
9,1,2,5,10407,-619366256,-1211306735,759139703,-1470022799,672779094,1530085656
10,1,2,5,10407,1512707999,552187349,49687530,-1299836616,294776832,2138134007
1,2,2,5,10407,1292727834,-1590181922,420266350,-1596741029,1186783450,1893321275
2,2,2,5,10407,32616833,1124920433,-1603459191,-1648346774,463480996,-1846717478
3,2,2,5,10407,-1470881809,1621989256,592409478,18454536,708123607,793665721
4,2,2,5,10407,223003507,-1998762997,1526006527,2018430981,-1987076203,1515884836
5,2,2,5,10407,-1699874755,1480051465,1291030974,-144856202,-1369603656,1825684365
6,2,2,5,10407,-459596023,486946539,1854512856,-852344261,-93169922,1593075666
7,2,2,5,10407,-866787052,-961976335,981936619,-1623104494,1107903345,1825452823
8,2,2,5,10407,-1885688674,1458443621,2010865028,-951712572,1488095666,-282907295
9,2,2,5,10407,383544570,-56526221,-1545989471,-1296918186,-1303778776,-1257787550
10,2,2,5,10407,-1551489405,1801199618,-1640925710,-1803458181,19362439,-245274728
1,3,2,5,10407,-1008939018,-407195831,1019320770,-1526392599,-564896853,1857767854
2,3,2,5,10407,1423237477,-1853500164,-1333560114,1252306256,671926441,-1321216914
3,3,2,5,10407,-1669191386,-1863812967,-1686668554,1358307079,892369887,742313855
4,3,2,5,10407,-2134354488,-706999464,665748257,-919176057,161147592,-1938918002
5,3,2,5,10407,1050356039,171030324,941838459,-1259730057,133360783,1716859838
6,3,2,5,10407,-644589650,546058081,97686571,-449115009,-1223155887,138514788
7,3,2,5,10407,1174061928,-1100833067,-1852194289,1193645270,2002437730,-2077484122
8,3,2,5,10407,-480382953,1203191282,-1660272120,-336107153,423677045,-1435509704
9,3,2,5,10407,-1457490930,230629225,1565390329,535049479,-583153761,-1934938228
10,3,2,5,10407,-2087907820,-648027252,409171974,1510182957,-1721134677,1051269863
1,4,2,5,10407,-600806810,-1765977264,803401548,28111212,902803346,-2051075153
2,4,2,5,10407,-623467569,336525051,26830935,1658200788,-2082171084,-726464001
3,4,2,5,10407,2122263082,-531670022,66603083,-1422527584,-1719956226,1121086552
4,4,2,5,10407,-1190876089,2009098423,-268029707,1447502498,94969223,91180419
5,4,2,5,10407,1641745726,120693866,1285941121,-219775575,2047702759,1151324221
6,4,2,5,10407,1181206608,1427808956,1910924602,1457457865,-1788557532,-1131640923
7,4,2,5,10407,-980876989,-716142459,444245485,-72332396,1073112327,-954200828
8,4,2,5,10407,-700452464,305746161,-1257074377,-1418152493,-239018267,199925319
9,4,2,5,10407,1704817223,-716135186,1492500465,285278569,-2145228969,-1984285318
10,4,2,5,10407,-1577423954,749012978,-1029174900,-481569775,1571394310,80595977
1,5,2,5,10407,-1815200225,1920907486,1074124747,-786811133,-1003948998,-1586792208
2,5,2,5,10407,-1652099701,-1313763879,-397276793,268835110,2137295815,181385019
3,5,2,5,10407,-906175539,2084816418,-769526280,1829473676,528844409,2096967948
4,5,2,5,10407,661007827,-626649757,78879429,1563786872,-31273721,2022575339
5,5,2,5,10407,-527211701,815158473,631173666,-772280548,-1758237592,-719560653
6,5,2,5,10407,-1282288858,1658815075,329109593,1420657039,-1798574978,1914484590
7,5,2,5,10407,-1979623113,-538730808,144067754,2144122284,-684079879,-1733755004
8,5,2,5,10407,-1460335676,-779662332,-1774270510,609257554,-1033111730,-1647547503
9,5,2,5,10407,927475908,-625725490,-1066048759,918411290,-46780295,-365852685
10,5,2,5,10407,-1376942109,880925005,-1416100332,-1106465291,1722796549,-452026927
1,6,2,5,10407,1384618434,1720131297,1645208729,-1399937652,200422504,-963120701
2,6,2,5,10407,-1748151404,-852688811,-53348831,2088973066,1722686555,1125658094
3,6,2,5,10407,1339355966,1687776746,938313391,-630301516,826868149,-1212561792
4,6,2,5,10407,323420739,573571222,1679685378,-708961583,445988985,268375840
5,6,2,5,10407,-2116695248,1902056195,1222556076,952271122,-2131054108,1978964441
6,6,2,5,10407,489183478,-195317585,-1069027424,-913655644,-945213310,805371144
7,6,2,5,10407,-499215918,1987582646,-265131502,-741893923,-2051395445,1717043750
8,6,2,5,10407,-1041521170,-1323334596,14999525,760507988,-1103944924,183083173
9,6,2,5,10407,-160759188,132876533,1799976760,976953273,-1575481409,-657332956
10,6,2,5,10407,408813701,2057259541,-1126346322,1643338730,892213778,-203921617
1,7,2,5,10407,-857126817,1211816499,2071185156,1467356017,1871623946,1466400503
2,7,2,5,10407,-1943244747,-1700889867,-1219622573,-746564195,564369954,1139973655
3,7,2,5,10407,135979381,-176273546,-2066446669,199692367,1572415022,1855467720
4,7,2,5,10407,-983049825,-681834399,-437636741,1012016898,535407077,530649774
5,7,2,5,10407,847050969,1773062034,225954153,682352298,136126422,-2095980360
6,7,2,5,10407,1559388712,-1927442984,1604216853,2067604926,-1522681476,190935144
7,7,2,5,10407,-809591913,-604040313,-1094613423,-499920261,400931720,591722876
8,7,2,5,10407,-1876358047,-1093168255,1448704733,320760516,1901295731,-1511828265
9,7,2,5,10407,-99582657,1495274572,-841918310,255300897,14239855,1470585508
10,7,2,5,10407,990950031,1370385406,1037256235,-54262659,-1521775268,-1732309564
1,8,2,5,10407,-1891957180,343603982,-63032998,2070836984,-1791319396,1367025003
2,8,2,5,10407,625681612,-797444416,-1375665922,14497363,-882456152,1887165134
3,8,2,5,10407,871395271,248880038,-468709666,-845223029,-2084403912,-547081433
4,8,2,5,10407,1072572467,-124065325,2075632064,-654552960,-153626119,335028254
5,8,2,5,10407,-1910221921,-1126343203,1472433179,-2072506295,-505521721,1684579132
6,8,2,5,10407,-1141390245,472128414,1924038596,-1410719263,755492467,500406289
7,8,2,5,10407,-2047448693,895498895,-719130202,43569213,1696747207,330551397
8,8,2,5,10407,131420047,310810768,-1560489030,1616788224,1943361597,-272403549
9,8,2,5,10407,1729745625,-404676670,661202797,-62514929,1802534137,80759773
10,8,2,5,10407,-1742789439,1823401014,-428050358,838737434,-636384149,-439471973
1,9,2,5,10407,-1146657724,-690929763,1640723536,-1266304258,1746480455,1070111848
2,9,2,5,10407,1322052654,1735307018,-1049409442,453459276,-1943548892,404148144
3,9,2,5,10407,-681862728,-1734022665,-1784837829,-980482902,1106926064,-1812336354
4,9,2,5,10407,-635613641,1864796788,206237582,256154846,2092576417,-888450520
5,9,2,5,10407,-1767097483,764975438,-1632197459,-950448745,297077386,1887879453
6,9,2,5,10407,260446265,2138190674,-790315945,333250477,1533612449,-1803237459
7,9,2,5,10407,-1337956152,201491269,1472217044,-2083937606,-1266072434,740334974
8,9,2,5,10407,2039644302,183161085,-1259226484,-523379962,-1124047363,-2095749812
9,9,2,5,10407,-1649882177,-1300223142,1733230176,1695318518,-27010028,-451106529
10,9,2,5,10407,1756472938,257978931,1674363470,1469921599,-1655203648,-1280690294
1,10,2,5,10407,977523327,-601779694,-665042044,444683418,722791760,1857224375
2,10,2,5,10407,-956113921,157528290,2113526408,-145318042,-1842778716,-821706890
3,10,2,5,10407,-484970376,1353681966,-1878455620,637770000,-688231762,-881757316
4,10,2,5,10407,667697342,1837215978,2137441144,529867388,-488509631,-238298972
5,10,2,5,10407,863121629,117473311,-140556291,1519685860,-1972300473,853060808
6,10,2,5,10407,-737607814,2033116101,1996745082,-1477077762,-1486232987,560775234
7,10,2,5,10407,-521007741,-1037921720,2145182116,2094989553,-1523546054,-1040794956
8,10,2,5,10407,1963303227,1204333612,-378377817,-1318231682,-1305513882,800757429
9,10,2,5,10407,-1028721982,-749031770,-1365070333,688817760,159074480,777674912
10,10,2,5,10407,-956383259,-38850451,-644139663,-551070552,-753192351,-368078450
1,1,3,5,10407,876223595,-619904401,-338966858,437622242,1797052683,-1936314548
2,1,3,5,10407,2085049660,295217492,-123666702,-1548195748,-1029635275,1964341126
3,1,3,5,10407,1666036330,2086328098,962640600,-560957776,1489129627,1641460031
4,1,3,5,10407,981524085,-840172170,944184627,1629130053,-1642098393,-498974554
5,1,3,5,10407,736312695,264934906,-26686652,-1749983502,957739149,-602439649
6,1,3,5,10407,1543644205,1668034336,674141288,799360498,2137837708,610267237
7,1,3,5,10407,1266770075,-1994588970,-1879868645,30917426,17303228,-354184492
8,1,3,5,10407,1189696598,286053299,2039419615,1197744434,1582409496,198510914
9,1,3,5,10407,-93706057,-413763271,1190089260,-1180638865,-1129520200,-705558002
10,1,3,5,10407,-987212341,841695611,-1446229257,-1825159782,1452971236,-131334407
1,2,3,5,10407,-1633014286,-1873540949,1905968957,-639035692,1425023768,1933301549
2,2,3,5,10407,-1199209952,1800015783,-1046628871,1009672565,-453162016,1366053458
3,2,3,5,10407,299879158,-78923793,100197869,-385582643,-1524675755,-1726237495
4,2,3,5,10407,1590391676,-253872333,-21151353,722366621,1267084048,-348734982
5,2,3,5,10407,755910370,163051842,1302399440,-1251719423,-1163865498,-905385729
6,2,3,5,10407,2029350087,982349929,1185104647,1762735252,1391350110,-2038722311
7,2,3,5,10407,675721674,-568762493,-1735648553,-2021260628,-326124047,35263966
8,2,3,5,10407,-1181564186,-1641335213,1486448281,2136734218,-1078404931,-2048119335
9,2,3,5,10407,-1648642574,254134829,-338714861,-1022567115,-1905550357,2130148947
10,2,3,5,10407,1684440931,-744512375,1868473084,1851229365,-2021233432,-205542452
1,3,3,5,10407,-1882178737,1416650646,-645241921,1536337601,1075511644,1666567652
2,3,3,5,10407,-644262613,-1487654982,1762252193,-1210210890,-488775847,-1122340659
3,3,3,5,10407,630932084,491574478,1741070310,2060311009,1655202069,-16454278
4,3,3,5,10407,1452611467,-2004285805,991256203,-222514194,-1663574259,871224536
5,3,3,5,10407,1242697302,-1346957218,-2044503277,822908369,-1427619337,-1027927441
6,3,3,5,10407,702380373,183667308,-935717301,-1684363435,-1357382832,-1981719254
7,3,3,5,10407,1820680996,1026079348,-1629407473,1995188200,670423413,522166776
8,3,3,5,10407,-371605962,308427026,1719636676,1143088603,2141074543,1920515550
9,3,3,5,10407,1630307459,1910341601,-1280743135,-546872989,-1681076823,-2044470008
10,3,3,5,10407,-1087849061,276383337,945021207,-218503634,-366586480,122273813
1,4,3,5,10407,-1594098924,-1861032740,-627095320,1633920050,601539987,1761137885
2,4,3,5,10407,-421564385,-371435520,1387477294,397271129,-297197845,1296168431
3,4,3,5,10407,1491530525,1169606461,-1150216956,451552859,615103966,-1169055310
4,4,3,5,10407,471420930,-504835529,-430370848,823914864,1799479777,-252693916
5,4,3,5,10407,484343454,-1453750484,189596651,-1065047223,-274219922,1075891902
6,4,3,5,10407,-1173124351,-578977558,-1551767650,-1184613846,807061468,-778199035
7,4,3,5,10407,1860283715,-2091614696,-2087217980,365804380,2102022340,1418079061
8,4,3,5,10407,764048999,-2091466907,11082429,-161853844,1998670864,709637103
9,4,3,5,10407,-888141784,-1987213902,-288953387,-1737632082,1342279241,-1700567487
10,4,3,5,10407,-1142843417,2034403280,1292273684,-1180963743,270084690,199191174
1,5,3,5,10407,-1478389400,-822536344,-869185331,-1589770916,858263517,1431606781
2,5,3,5,10407,-227543137,-349106176,-759310033,-278226831,2095405849,-1159575687
3,5,3,5,10407,-1421663665,-1963732755,1974646413,2094975330,-664179459,108662303
4,5,3,5,10407,344425029,-1186450388,-692337950,-2056740241,1797185188,1793737978
5,5,3,5,10407,829067921,-1791408132,1242597753,1571690204,2050735925,1898569465
6,5,3,5,10407,86750693,1407497480,-1289845193,-1000650464,-2103921689,-201311106
7,5,3,5,10407,-327901922,-1544798083,127150801,-644830636,1003560318,626965501
8,5,3,5,10407,-1307907937,-632231782,-1034179619,823181588,761107853,-780296237
9,5,3,5,10407,1023980965,157529056,-1379016966,-1799323425,-884398237,1359916544
10,5,3,5,10407,-575953581,1335956644,-165711131,286163314,-777932731,2015652031
1,6,3,5,10407,1791609333,1859794459,-509407221,25675885,150639368,954940238
2,6,3,5,10407,-967607962,1439964454,123492416,-681837280,-1907440684,999673481
3,6,3,5,10407,1686519908,1274308461,-551209797,-80633954,-1793304145,-179557003
4,6,3,5,10407,384742278,41837411,-1437887262,1196319163,743152570,1571401975
5,6,3,5,10407,-404612738,140470333,503798937,1205171965,-875295952,-1131010376
6,6,3,5,10407,1962671139,700970166,-1050882119,1929605904,-620317075,1630775868
7,6,3,5,10407,-85345236,1428383797,-1432321301,-1060219629,-886524029,1699194432
8,6,3,5,10407,1786556341,-53235130,-1921651843,-1461338617,89880295,253713963
9,6,3,5,10407,-2134471311,-976733572,-678730698,1096194332,297695610,-87919545
10,6,3,5,10407,-1454618707,-524225001,570911565,1036379099,19736891,927770341
1,7,3,5,10407,762259436,-293035740,-1293011418,-112583105,1016264330,-504315730
2,7,3,5,10407,-912044792,-1690961327,1302222509,614357002,-717591469,-1270044859
3,7,3,5,10407,-704388039,1238779143,722557150,507293423,413631537,1737744925
4,7,3,5,10407,1739303260,-504239745,-2087774745,-1873128356,1493054303,-224739122
5,7,3,5,10407,-757535667,-138882721,-699884704,335545386,-1382335185,1652324663
6,7,3,5,10407,-987500359,-399488827,58804644,1591255248,320098578,-1183196041
7,7,3,5,10407,-740645135,-1407497490,-1238627255,-1415282754,-1430857118,786642129
8,7,3,5,10407,1472654681,1669502716,-64521193,1575536697,-31614231,-1022467846
9,7,3,5,10407,-1938822248,-113511883,695652743,115241065,138738778,1145332533
10,7,3,5,10407,1668615372,22160114,-724074207,1411186104,403584560,-1366460423
1,8,3,5,10407,871016145,1869299281,-650760531,910786171,1075900300,-1189460420
2,8,3,5,10407,-694286849,-596125715,755165826,2010659581,-75177441,-1346089182
3,8,3,5,10407,-2102486632,490990305,939170371,-961385742,250814380,1513397092
4,8,3,5,10407,-947283150,1007398748,-2101645542,1899754380,1074849682,1049396186
5,8,3,5,10407,-1430902967,1118274099,1064857073,-621180071,-277123581,-1380741227
6,8,3,5,10407,-418997478,2126857253,874506558,-1413769782,-1334170072,497075252
7,8,3,5,10407,-1136156928,-1897100439,901572938,-55558789,-1798695792,-1021919933
8,8,3,5,10407,-1547037981,-567550311,-1001595188,513078317,-2078806845,-161530134
9,8,3,5,10407,1258574575,-950000880,1810453537,216054090,551308062,1027118241
10,8,3,5,10407,-1885819966,1183825313,623143154,1282247941,1070061422,564276206
1,9,3,5,10407,108862447,-352723888,-416179978,-178653923,501323431,1884541702
2,9,3,5,10407,-688362114,1389872986,-358985514,639530198,-1313756641,-721684276
3,9,3,5,10407,-1258220847,-762639793,-1193359278,-1654179405,-1242976233,-1514667517
4,9,3,5,10407,192446970,-1820755225,2002052279,939240821,-1015081044,-8409672
5,9,3,5,10407,-333234778,-336567379,-1504486939,-292197710,1761165976,-455810045
6,9,3,5,10407,-127235291,-832020302,-84813990,1883973054,-1260776833,1938771788
7,9,3,5,10407,-641608964,-1686470902,669732651,404119796,937413286,1512055624
8,9,3,5,10407,-1332998253,-544094259,252894029,-53609159,1102249375,-153019464
9,9,3,5,10407,-1572608751,359674972,1848365481,-1347913192,-286330374,-1573470546
10,9,3,5,10407,-1972044142,1520725037,1378213385,121598451,-1413975186,-515790158
1,10,3,5,10407,1404413320,-663911721,125891068,296663784,172648347,-1853566966
2,10,3,5,10407,-1082709928,-86912918,-173377770,-741441041,56196722,-1172404353
3,10,3,5,10407,-2126603375,-2123698303,1885176548,-501438739,2114739632,-1936745231
4,10,3,5,10407,436510894,1020210529,421564185,-1437837199,-1679853276,60606260
5,10,3,5,10407,1842150263,-120520517,1271087379,2056662166,-519128919,-1176579162
6,10,3,5,10407,-1397411208,80760246,-1201335496,-1980368682,1847590711,1880588207
7,10,3,5,10407,-468499346,618361795,1338797845,-1762281680,1539640366,1770168294
8,10,3,5,10407,-2077908199,2112413658,-302885016,-233376863,766524458,-708032212
9,10,3,5,10407,-1030649769,-250705138,610570306,-2019030737,353569153,-265146837
10,10,3,5,10407,564882864,-842239115,1840497254,1132750227,-289829742,-599935514
1,1,4,5,10407,-1334444577,-1216091608,1297622504,338705941,-1778296379,1363764967
2,1,4,5,10407,-260443171,-597331002,-2087800023,-1176444160,1371398027,770722429
3,1,4,5,10407,767210980,905830166,737747698,-550042707,807530799,-123149795
4,1,4,5,10407,-1872246051,-1956156066,1021649794,-1989472206,968274394,1190789276
5,1,4,5,10407,-135149646,-1971853751,1752431727,-455651029,-1929638068,-1005808313
6,1,4,5,10407,1105610414,1390992178,-86709837,1998610962,181204333,362052672
7,1,4,5,10407,399744376,1516828651,161122305,-1039935282,-1249466263,-1881066907
8,1,4,5,10407,-2098047407,-738820190,1707218752,2002560932,1560228384,729848600
9,1,4,5,10407,1071167971,-1398424158,-1512878081,1792712173,-1291375179,-765554998
10,1,4,5,10407,-254754809,581171414,1546226534,1676595882,-1980534818,-622260089
1,2,4,5,10407,882152897,-1773351701,1830150999,-1029822893,-1490283082,2084169020
2,2,4,5,10407,2050776240,758716030,-220231211,949884736,-724640302,-34993495
3,2,4,5,10407,-1296005428,255986651,1017203493,855197343,-602218669,88988294
4,2,4,5,10407,2050075539,-1493826692,1178024736,-742644387,-792325275,-869642848
5,2,4,5,10407,1355380470,-777381821,-1044092813,-1376245340,906138908,565656622
6,2,4,5,10407,-2078842636,1262545380,2039821324,-1055665590,-1256338994,-340335416
7,2,4,5,10407,-1697510396,984095876,-880014134,-1304704968,121932591,590781118
8,2,4,5,10407,-2021247167,2136861728,-1844576800,-1458601322,5209427,-1552135281
9,2,4,5,10407,1603088109,1633250337,-1485202047,873007446,-1436138520,-940285632
10,2,4,5,10407,-1270934834,1822613230,-1716197466,-1953964576,-1746723963,-1958217493
1,3,4,5,10407,-1107130342,-70643777,-688815171,-1708253774,-629880095,1976699651
2,3,4,5,10407,1116912579,-1397017718,-754568550,-2015157575,-244058408,-1393938460
3,3,4,5,10407,1572896178,1480711709,1233789247,-2141865675,50979118,-367236750
4,3,4,5,10407,1960863781,606328075,1101347277,188052861,-11588851,1030069801
5,3,4,5,10407,-1338821387,-1674314493,-1339951450,210040443,418032697,504892712
6,3,4,5,10407,2115694211,-236857182,-1060862723,-1565313360,-428658110,-541203746
7,3,4,5,10407,-539004635,903233984,1983381996,1558346771,-1432613093,952564865
8,3,4,5,10407,629948899,1219674042,-1160030932,715240826,1643508514,-1372584707
9,3,4,5,10407,-392136749,-180258823,1749228055,106332150,98798763,-1119948068
10,3,4,5,10407,-1105287832,769312443,1172925980,-247072189,154394604,-151796790
1,4,4,5,10407,-20844455,-1838129287,-771541667,-567877458,1001572196,-2126401035
2,4,4,5,10407,-751065602,-1615742681,-511488619,516812068,-932567400,1167671469
3,4,4,5,10407,1167927158,-221150905,1881607328,780310398,1556676097,-1414805254
4,4,4,5,10407,-414805385,-513729029,-1689063447,2019136067,1848028894,1582944419
5,4,4,5,10407,-973461199,1680630406,902974196,1881323191,-1643642623,894074559
6,4,4,5,10407,953010388,1118325227,128543086,-914546781,-335531364,-1545148399
7,4,4,5,10407,2016878426,1895470277,-734820859,-685205935,-824027610,-269252106
8,4,4,5,10407,767728313,1040424576,1340638100,-148196240,-608703299,-274470191
9,4,4,5,10407,-1235378792,1292330777,-1877776053,2014436953,-1348219942,-649428412
10,4,4,5,10407,532963955,-354527640,766364255,577371084,-1349519952,486048678
1,5,4,5,10407,-746819672,-1017873583,-411270709,-1496504046,1602809980,1244978491
2,5,4,5,10407,-773014283,768823550,-1584958136,465410534,1743376303,-462136773
3,5,4,5,10407,115122543,-1977420720,-1037890383,1860982142,-15217002,-1869664776
4,5,4,5,10407,2027427681,1222118487,-1171387118,1392026271,1280331389,-1494235092
5,5,4,5,10407,1247727307,-356329585,-57367463,-1108164510,-978264483,426907631
6,5,4,5,10407,844049129,1535759924,-1747938249,-633007848,1477845166,1631504224
7,5,4,5,10407,697444830,-1458007920,1192173606,-478379556,-1612843444,877241080
8,5,4,5,10407,1312273300,272031384,-1852129383,-753935699,60235443,444306360
9,5,4,5,10407,1775718038,1033216085,256159696,2147126936,368850236,-947249261
10,5,4,5,10407,-834261480,1583684242,1016152340,781528897,284876639,1617712862
1,6,4,5,10407,318304781,-1340217114,-955020981,2130012024,1812756403,1593828447
2,6,4,5,10407,-14971080,728979025,-1377843739,-1624550136,-1859848746,1911359626
3,6,4,5,10407,465468056,-1064788485,1472141657,1598274333,-914014423,-1371917060
4,6,4,5,10407,-2109571174,-173338236,-137613168,274466345,477091001,-2058608751
5,6,4,5,10407,-1182758105,-1387103286,-7918188,194191292,1051076112,316472850
6,6,4,5,10407,2060042326,-1752110734,1962319954,1693135504,272389784,613565841
7,6,4,5,10407,389853073,1415846679,-379490679,-760910795,239530314,1445550359
8,6,4,5,10407,2014032407,732293771,416830419,1128957000,-681970563,553606410
9,6,4,5,10407,1102531396,-508415411,87416990,1707968769,-859402488,-1202687753
10,6,4,5,10407,-525139570,252021718,-791690343,-1724655076,299498376,-1372224980
1,7,4,5,10407,1535027671,1487571867,1252402136,1185027341,1866615135,1677598940
2,7,4,5,10407,-284027930,-1227342627,1643935502,-1182579916,1766952231,1342547874
3,7,4,5,10407,-1564163981,1059630243,726803419,1303731105,1024314363,-1750360758
4,7,4,5,10407,2027667912,2146860196,48998421,-1517507845,-999743359,-1572122434
5,7,4,5,10407,-1904384953,2043610205,535730455,-1734044495,1502623486,1017983973
6,7,4,5,10407,1835252574,1673216255,1380016989,1898691479,1855715733,-744057843
7,7,4,5,10407,77002907,251720013,-838408564,314217452,-526694315,-1918857379
8,7,4,5,10407,1266519746,-220504254,-47745149,-1417999638,1055261803,1305382712
9,7,4,5,10407,187891386,-1707836192,571067925,-284158932,1678817646,-745545982
10,7,4,5,10407,-1197732942,-2098488737,873705208,-654337987,1525467337,523448224
1,8,4,5,10407,1944750631,879355164,-893152378,220187884,1521758712,84078530
2,8,4,5,10407,-653531766,-349942344,-1988492271,-2088780785,-1540224385,1267251070
3,8,4,5,10407,2059174704,446924658,1927233711,3565996,299417426,268244345
4,8,4,5,10407,1776162787,-1635878508,621365052,1171272769,41421662,-231359590
5,8,4,5,10407,233335194,-2037550433,1334736314,597248510,-111048022,1358751942
6,8,4,5,10407,2085918383,-1465503702,291189768,891645968,-838871831,-1677363662
7,8,4,5,10407,-1906052890,-854082609,-1357152445,1418264729,-1185502793,257799257
8,8,4,5,10407,-1851204236,-890152653,-993522794,-697266393,-1323600664,-58769734
9,8,4,5,10407,-1229309636,-1281336675,-651385769,-1340952848,-705927871,1036508983
10,8,4,5,10407,-931232936,36643638,-944369649,-905321970,-1637309658,526116290
1,9,4,5,10407,864787885,1833184481,746716126,138618719,-2061127462,-402058506
2,9,4,5,10407,2134250894,-605424594,2065796506,-1031577993,1326133381,-715724349
3,9,4,5,10407,-774957485,879939005,2020861287,1065183458,-193683625,176164679
4,9,4,5,10407,-1384889421,-966316863,1010602200,-1807013240,-702325671,129541277
5,9,4,5,10407,-1456570488,-1356396709,-353064190,-1247373566,242308149,-364865908
6,9,4,5,10407,-1617644560,-1325571434,-2033638295,-1180121233,1290947187,-1242286368
7,9,4,5,10407,-1263631630,356730680,-951754424,-1512672815,-1877694823,-1791151039
8,9,4,5,10407,-631167972,1158276128,739475024,-1648558029,1703415808,-1247196559
9,9,4,5,10407,237452151,546885173,1428271960,523966317,422472989,-156515982
10,9,4,5,10407,758778587,-385109308,909172659,-1000165946,-492960541,748388859
1,10,4,5,10407,-581739845,232707622,-340383002,1478233306,-1145399747,2124684946
2,10,4,5,10407,739352050,1264018522,757189665,1558319056,134170595,-825787630
3,10,4,5,10407,-1679494012,-187300521,415170769,860111935,119062959,-476488111
4,10,4,5,10407,31200163,-1392931539,-747998823,20651962,-1069403876,-2015617885
5,10,4,5,10407,1416722702,36777806,1276408464,-637497420,307503142,-536232265
6,10,4,5,10407,109943504,665972601,-1410278572,378981095,198545927,1208930076
7,10,4,5,10407,1446089490,-1266277753,1827113299,-482135251,1455904289,1114147048
8,10,4,5,10407,2046964640,-948612538,-659374765,1955632812,1700768587,1889535921
9,10,4,5,10407,-786591400,-1482174768,-1546823264,1095430469,-306514732,-1669880072
10,10,4,5,10407,-1148580818,-1690133142,-1286571858,-102599483,1911667330,-571674163
1,1,5,5,10407,1539984357,646653324,1053978854,-181635898,135726011,-321461875
2,1,5,5,10407,153191287,-1939685748,-2010988670,-1012186902,2049539568,-392445148
3,1,5,5,10407,-1442192548,226605704,1890040929,-1584916000,2103340696,-2081703288
4,1,5,5,10407,-1325231730,-203428732,941795288,118114883,1246244604,-885067353
5,1,5,5,10407,-1213931402,-555690777,-2048989152,-93511043,-351261617,-1916680705
6,1,5,5,10407,-1205594527,244881937,1979060992,614317086,-2044339940,-1066453634
7,1,5,5,10407,1772333999,-568524152,-1460609476,-1814646679,-1481683860,1640559666
8,1,5,5,10407,1360400622,-312640110,398061978,-1121726967,1866584629,843000222
9,1,5,5,10407,-1960794206,715530528,-1670997862,-1966701350,-937574827,-1044503846
10,1,5,5,10407,-1165100623,980437459,1994458246,-868573109,562873163,-923535435
1,2,5,5,10407,1399970416,-1462697486,1011583735,1999099415,2062682167,900514354
2,2,5,5,10407,-2097616730,-541306649,-425312594,1849045528,509308902,672590102
3,2,5,5,10407,-1565920056,1483690095,1773398059,1402690817,-1593274204,-1306443589
4,2,5,5,10407,1879630853,1150302345,-475141676,-234845738,-213243513,156200906
5,2,5,5,10407,-9929281,-750674319,-71553755,-1162665337,-1963803294,764693838
6,2,5,5,10407,-964555343,-1114249970,342896577,1869846020,1069580525,503968869
7,2,5,5,10407,347055372,-162762984,-792119576,-2080926529,846002797,-1023591261
8,2,5,5,10407,456792010,212294893,-1134629272,477803985,-796271282,1004354178
9,2,5,5,10407,-164452671,-1886887604,-500416005,-1167286297,-2013763885,166640838
10,2,5,5,10407,1259130100,-1202591724,-2098472706,1472557927,-2058530606,1114194116
1,3,5,5,10407,-619340721,-321757941,-60394380,-1463069498,1279420888,1364388263
2,3,5,5,10407,537384929,-1722507541,1206592804,586951983,629499756,-2046555249
3,3,5,5,10407,-409826510,-1457556614,-1146668496,392196495,-236408955,15899345
4,3,5,5,10407,-1890441969,-1051892138,-637908786,1349510299,-1624856861,1607282381
5,3,5,5,10407,-1990628889,409260759,-1900014455,-560692150,-581078520,1635164765
6,3,5,5,10407,-519778210,-2030841386,340806199,-154200743,-1214385762,-1761212366
7,3,5,5,10407,1420502476,1821425914,-1516047071,-85616958,-989070232,-138463754
8,3,5,5,10407,-526531271,832097744,-1369007266,-1068500740,1078379055,-1049832107
9,3,5,5,10407,-133727985,-1786043172,2126993417,-1949445549,1314798209,-1062670888
10,3,5,5,10407,-373528507,51636254,671153554,172802154,-1502782335,-897683021
1,4,5,5,10407,1702453095,1169778822,-633899282,1963815050,-370009488,82082272
2,4,5,5,10407,-1878851546,-193345159,-649867162,479674736,-1301115149,1630713446
3,4,5,5,10407,-719833143,-1202314521,-363062407,-1644716112,-1937902349,719458803
4,4,5,5,10407,1579793748,223447358,1252199504,-1207904904,-391052893,780037673
5,4,5,5,10407,-1156642517,-1361731858,1199800982,522645051,-159502034,1510573637
6,4,5,5,10407,-590431640,-1881648398,-413384198,-101012902,1524167005,2133820809
7,4,5,5,10407,887652764,-2000466615,932936984,-1911151947,838113556,-222602529
8,4,5,5,10407,-170550109,-667977900,1662417153,2109269435,-189083513,882800906
9,4,5,5,10407,-712147590,635100828,1836238487,-821831891,-831612050,1172662392
10,4,5,5,10407,-2114492328,2102048700,-1282870813,-17643751,979724315,-320085759
1,5,5,5,10407,-1949123033,-1245424702,1326532144,94185977,-1216769888,393460779
2,5,5,5,10407,-1631234041,-1197633170,-1638895574,1330142543,63381768,-1510846549
3,5,5,5,10407,580500289,-931608973,1739515640,1070025806,1706408849,2077277889
4,5,5,5,10407,-1602881279,800407509,1583059595,-2103542645,-324146502,-626276340
5,5,5,5,10407,212278202,885188918,2081652072,1502774310,1153976757,1150030904
6,5,5,5,10407,619717390,484845390,334661812,-1627697774,1742658554,1581069243
7,5,5,5,10407,-868664400,1239568630,1154774216,-250027033,1642138952,362206514
8,5,5,5,10407,-1233902693,-513938952,-1062444389,772541343,862773709,1299250526
9,5,5,5,10407,1519314537,-860697108,-1949871272,-862306881,-643443050,366676857
10,5,5,5,10407,86471407,-682909764,827484636,861640576,1093478975,-529123551
1,6,5,5,10407,-2093542469,1518369360,-2052534314,-608482101,341458859,-925021408
2,6,5,5,10407,-1740798669,-827238881,-2002460092,1915597492,-910760796,863851697
3,6,5,5,10407,1814068477,1699081306,1414849317,-1970953724,-1957237711,-439818488
4,6,5,5,10407,-1940458287,-126799144,-1985667482,-1167307998,-1916112447,-906822422
5,6,5,5,10407,1974676943,-1231521425,2140848582,-610787798,-946088579,1026180797
6,6,5,5,10407,1340294117,-1129768423,-506980345,-1944722195,183453921,309506878
7,6,5,5,10407,-1488307570,-1068155945,-35522381,-1992374219,-2079570522,765588029
8,6,5,5,10407,1967241034,-874280839,844927548,-1958350458,2014858054,776413203
9,6,5,5,10407,-1090974402,-1927749385,544471933,602293248,207777839,-801122669
10,6,5,5,10407,-1888441928,-490267381,-1742223672,-78712388,1577203585,-678536495
1,7,5,5,10407,1345932633,1518172504,971105036,-46475000,-769097413,-1055159410
2,7,5,5,10407,850481641,655113461,67452080,-252521183,1433567145,-919712679
3,7,5,5,10407,-1150293873,142839365,-1032737671,1676732335,-2143564668,-248490680
4,7,5,5,10407,-236458640,380048264,-832542967,-195478810,1993323733,166923852
5,7,5,5,10407,-1506109910,-489538655,-79752450,-68596710,-1351402677,-1196705126
6,7,5,5,10407,2015007071,-1990939704,-449777624,1182784619,-133515175,-1446095913
7,7,5,5,10407,-1170795543,-615441773,-188047542,-1139861209,-646256858,-322151213
8,7,5,5,10407,-230677369,217759922,-1277825147,689017781,-572426910,-1207172217
9,7,5,5,10407,-1283027499,396098280,224462054,1315792921,522955571,1228714878
10,7,5,5,10407,1584223294,1109857289,-1767124902,1668263616,-2052759970,1367179196
1,8,5,5,10407,386659718,-1052000335,1308681638,-1947466431,962759844,-530606376
2,8,5,5,10407,432890735,1946701645,-976370730,547705572,1779221307,1341669545
3,8,5,5,10407,-1863506758,148392783,2133425782,1741478563,-1539983762,1795247839
4,8,5,5,10407,845199466,1197285510,-1962865486,1647276860,916877743,-2066858988
5,8,5,5,10407,1354706158,-877436108,952716200,-2063258380,306560128,1043065317
6,8,5,5,10407,727574830,-1300173859,1600499208,1618519588,2062201948,-1104877059
7,8,5,5,10407,1290523197,1025216643,-143398052,-1105102740,484866807,-1004047075
8,8,5,5,10407,-2114101408,339454421,1742482498,-87649049,1382655116,-1064013841
9,8,5,5,10407,-698879852,1128637251,-1974613977,1411984159,-134039802,1989050145
10,8,5,5,10407,1509515830,483222111,-648622871,1620539662,-324914973,-1198301842
1,9,5,5,10407,139144768,-1241434526,251584824,550220441,-1483214773,643465091
2,9,5,5,10407,890143018,-1941289979,586021685,-42262152,749017147,-938367018
3,9,5,5,10407,1284118370,1559782510,-850523363,2019414096,-1026882204,857301662
4,9,5,5,10407,1448832583,-351224260,1760905769,964025339,-1274129876,1798691091
5,9,5,5,10407,222148662,-1264258335,1218442482,1057041622,-2038729423,830873781
6,9,5,5,10407,-884681719,423741134,-1255570289,1427001642,1750283451,-1560335927
7,9,5,5,10407,1000491837,-318541902,-517618966,625472942,168965553,-589796803
8,9,5,5,10407,2041534878,-1502865843,-147694095,1150389165,22198287,-462842767
9,9,5,5,10407,-587053979,-1048589250,254497708,-594854744,-825842140,-2090608379
10,9,5,5,10407,-397173799,1177388344,1888197957,516714930,1421108132,-1719017297
1,10,5,5,10407,864797095,1722619371,-1185924374,-1343393340,255040266,-1211221878
2,10,5,5,10407,-284128066,-983608349,-1641289561,1148918866,1759988918,-1030587731
3,10,5,5,10407,-331125200,-1067894682,-2058963688,-1349583684,1221525335,-71093714
4,10,5,5,10407,1921030083,550587158,93143768,48527742,1794668098,-1064965156
5,10,5,5,10407,1587015364,238897666,-387282800,-1806619337,-620524574,-295799833
6,10,5,5,10407,-1868468870,1268557159,990760104,1019715532,-1982302366,439089130
7,10,5,5,10407,704825241,-1894891229,1130062517,-1195654300,218833124,2045658798
8,10,5,5,10407,-686801336,-1538542005,-242678657,-615292949,-694027760,-36232137
9,10,5,5,10407,1709152241,1538254507,2022114678,1038638276,1444223342,477101180
10,10,5,5,10407,-167220049,-235341191,1511925320,814826094,-243256725,704200644
1,1,0,6,10407,1101699567,1478648435,-1986602951,726593440,-1198832975,161651052
2,1,0,6,10407,-1251161115,32232689,1803433175,578817516,-674500955,1863511876
3,1,0,6,10407,673110563,1312789896,633714270,-1698051786,1992045968,-41966739
4,1,0,6,10407,-1310312900,-1467648457,-124398768,-869707864,1652928668,1272254103
5,1,0,6,10407,-661267339,-1042363405,-1536394594,1993460182,1239406752,632236271
6,1,0,6,10407,1127228591,-684100329,-1093786693,1504061444,-1961454037,-679422457
7,1,0,6,10407,1717195413,137322446,1182132015,1327405723,1029568794,508532681
8,1,0,6,10407,-1298359282,-1536797240,2037640586,-1355227670,-1654811655,1792627458
9,1,0,6,10407,1645923623,-1009963907,346815677,573693769,1710060019,492730799
10,1,0,6,10407,363756718,-2056790945,-937173511,-827687000,298936784,-1993900155
1,2,0,6,10407,2037203552,1088914869,163516340,-1039407822,1602741151,-1179205213
2,2,0,6,10407,-1568231003,1269913740,-1207899998,-1276535506,-596406611,-276341834
3,2,0,6,10407,-1996433741,-954657592,1108847410,-1160235185,-924210302,-60950625
4,2,0,6,10407,1258196800,183800037,1232408137,-442021590,-188051294,-1127778409
5,2,0,6,10407,-499345049,530754169,-549903160,-726118169,881867420,-2059767479
6,2,0,6,10407,-15102094,-1606174173,824960714,-1847952892,76475357,-1767262511
7,2,0,6,10407,-1463261920,1640832371,1561760711,2138753716,1573173884,964376059
8,2,0,6,10407,2022430306,1440333506,-1171646902,-1700106639,-135583217,780243832
9,2,0,6,10407,-1872424457,756783492,-429941529,1707040846,-879062314,1893661349
10,2,0,6,10407,-200959694,925850780,-1786249956,1713888203,1362981355,1637162160
1,3,0,6,10407,-510635248,2044093476,-66346165,396257398,-1411969497,-1172987453
2,3,0,6,10407,837429956,-1770177563,-380738936,821673269,412170463,655633724
3,3,0,6,10407,1394776335,-1980362174,400333259,614363897,1518287459,1616628568
4,3,0,6,10407,-281910499,-997502819,1141978470,-2005926125,1857683973,-1689975220
5,3,0,6,10407,-574223601,439414264,1353899535,-1432592251,-2063028897,-428667782
6,3,0,6,10407,-730157247,1276193280,-1773891433,1891262675,541000054,-678230940
7,3,0,6,10407,-1352144924,-2030947540,1256458974,-935169281,468066857,-1873511296
8,3,0,6,10407,-431607801,919139264,-180231118,2099244481,1136738408,-1366186300
9,3,0,6,10407,-29344930,-1369273438,-1998618067,-1085858395,2111427534,1531405615
10,3,0,6,10407,968804959,-1081895077,1214564335,986691988,1610209825,-1157909688
1,4,0,6,10407,1859576261,1098195840,1085532037,40077538,235741474,-1454689193
2,4,0,6,10407,1283633924,113571380,1425213441,-1459554886,411121397,1356371990
3,4,0,6,10407,-1874165083,1348081748,1642195155,-2129651179,228793425,787440205
4,4,0,6,10407,-1023112367,-1166571208,-307021910,1773292484,-1161695203,242402652
5,4,0,6,10407,-974216033,1133638186,1873848145,53373634,1597463742,880059416
6,4,0,6,10407,1662144466,920142856,404618038,1896598497,657965452,-1925863315
7,4,0,6,10407,2077609352,1830425959,-173864003,1663907767,-1885452327,-710486006
8,4,0,6,10407,1555647883,1083608561,-794482471,-92036586,-1692812675,13443900
9,4,0,6,10407,-906481798,-1569787191,1171993886,-1657909583,1414592887,-617711749
10,4,0,6,10407,-1127865605,-672097822,-760447142,-74392191,294440390,-174609012
1,5,0,6,10407,1341180599,-1699176022,-2058860760,-1749467772,1991311242,1440603352
2,5,0,6,10407,-862029038,1797026078,1564742097,85157242,809411951,1815422698
3,5,0,6,10407,-239020651,1112245897,-555370230,1921131766,-244541259,-1556627251
4,5,0,6,10407,634640368,-150882570,-1027078773,1268438110,-669030872,458632718
5,5,0,6,10407,-2136210011,-496918834,228737747,-2103133165,1344640420,340891751
6,5,0,6,10407,-2017029208,-1225348043,965195733,-467758523,-650504747,-261733638
7,5,0,6,10407,87188506,1410210682,-858509576,-743814511,-329661613,133674834
8,5,0,6,10407,958991943,1140056404,-57701133,262676517,-250520121,60378877
9,5,0,6,10407,950296655,-136038787,-907180822,-1815795683,511229946,692007445
10,5,0,6,10407,146430417,1617983380,-897911604,1145145515,-664222467,-848919781
1,6,0,6,10407,-1379752051,1792170339,1959586594,-1284115785,-255036268,563420617
2,6,0,6,10407,-1174115768,98383168,-228024563,-1734122877,-150992635,-698179715
3,6,0,6,10407,369853148,1620063873,1064019225,-1455477792,1469013939,-1772120286
4,6,0,6,10407,1960011902,-589121515,1297368172,-724472409,1384417492,1667496986
5,6,0,6,10407,-38613390,900009954,-451795801,-2066768301,-130179381,-1239949956
6,6,0,6,10407,852875859,-1264888968,-768147011,-905191093,-643711494,1539872699
7,6,0,6,10407,1144967407,853584307,-1780532111,976491324,-1524244360,-1795789354
8,6,0,6,10407,-1995606836,451819823,1277296558,161033423,1060587733,-774384685
9,6,0,6,10407,-1544185514,955674427,-491895623,-1532391820,-1141058126,441003519
10,6,0,6,10407,2120302271,-1447169907,-592732246,911344562,-1266183817,1714732312
1,7,0,6,10407,1572199087,-202565092,1885165897,66715331,439629007,-1042307514
2,7,0,6,10407,247949774,1304076533,-697932114,1392710263,-1874169084,1391773151
3,7,0,6,10407,-1544082514,-1909953620,1536659098,-90322915,1693358494,1795358720
4,7,0,6,10407,-1419984211,-1612783898,1979639580,-615836206,-63654922,-486181677
5,7,0,6,10407,-474383894,1947054269,1854135274,1809351825,1501615981,-1547074208
6,7,0,6,10407,-1720013808,-185982342,1492640184,1630564431,-2092681665,405552982
7,7,0,6,10407,1086656141,953470977,-116654781,-1758348543,718466802,-920036476
8,7,0,6,10407,1023234970,-604439296,-1190214552,721265735,1033112983,571498018
9,7,0,6,10407,-1368601286,802132774,1610772829,-805082177,337186798,-1364839835
10,7,0,6,10407,1047713064,1188508734,-891664298,-332570688,-2139093400,-353217346
1,8,0,6,10407,-1339626038,-245519239,-1248388297,107989508,1072247353,-1700079476
2,8,0,6,10407,-1282750842,1102859372,636789752,1789920243,-232260889,-445971749
3,8,0,6,10407,219912430,1682935868,1564929851,-1793625509,1515882848,-1015921109
4,8,0,6,10407,-1155564861,1884622381,315681685,-1567277508,430865224,894240798
5,8,0,6,10407,-1489650301,428184972,1538995262,-1035557646,2112609525,35207964
6,8,0,6,10407,2068016222,-1986330586,-858448673,1074946257,892439956,-2082106440
7,8,0,6,10407,-87380828,227602984,-640247043,978621318,1622370355,1692810703
8,8,0,6,10407,1535358086,804203077,-207289662,-1521981194,853994292,1352255890
9,8,0,6,10407,1038729993,602747012,-114517298,-983423404,-1796602853,854407684
10,8,0,6,10407,344192178,-1743937194,-997054215,-1698965107,1137464243,-1538117515
1,9,0,6,10407,867828414,-546353210,304847662,1844601288,-1872100905,11878213
2,9,0,6,10407,1556332047,1645033996,1126075878,1193661771,1720129595,-873523426
3,9,0,6,10407,-679282920,1496488222,1335450632,1934634334,384545961,-755797975
4,9,0,6,10407,1301889254,-727327632,-1181183606,1542743102,1264889277,-2099462311
5,9,0,6,10407,-1458667344,-1958343170,909755203,-405696227,-1758261036,-1723397045
6,9,0,6,10407,-414042852,1687180198,-1137274405,1870109486,-1119617699,-1531973611
7,9,0,6,10407,640448003,957148132,932022457,675938934,-756193647,-1392201379
8,9,0,6,10407,1725239231,1437863952,-1394908194,-818712757,-1571097487,1094223445
9,9,0,6,10407,-1538376619,2060809908,-948590063,-641592311,-1268830423,1943258489
10,9,0,6,10407,1737236896,7198979,-1029929610,830594379,-2108485307,-1723599847
1,10,0,6,10407,-837099541,-709825101,80988632,726435514,598279521,169167160
2,10,0,6,10407,1039260770,-2015171340,1230616775,-90743335,1640580224,1299261865
3,10,0,6,10407,2043474570,412790073,1447700629,1058011848,-1035248852,1857016216
4,10,0,6,10407,-1146547549,387794999,-580597154,-505903886,-38280824,-1997992750
5,10,0,6,10407,1587516737,-1910432180,1060914395,-1272140174,605784886,1234560947
6,10,0,6,10407,373128098,1308865691,2133157683,-1177011994,-2003564874,2100510022
7,10,0,6,10407,517237269,1963472556,-737840331,-145049968,-1066954387,-1781230703
8,10,0,6,10407,-1213618227,-863883626,-554952720,-820992336,164106243,-370033692
9,10,0,6,10407,-723381150,923792361,1323409783,2063431256,189211707,1814173342
10,10,0,6,10407,-1049087608,-1171869348,-994114428,543808932,1034238304,238588364
1,1,1,6,10407,-887448009,-1578449612,-1610963178,1072729362,-1531984923,-2130383373
2,1,1,6,10407,520644271,653851926,-384526175,-9685819,-209601023,-171769739
3,1,1,6,10407,605886084,1916161440,1543183851,-1749195367,1483319301,1204815774
4,1,1,6,10407,1763057472,-1167763419,-497176981,1184802417,243169466,-495597689
5,1,1,6,10407,-559294001,-1573251394,-974745296,1034602544,-1603616837,-1989264486
6,1,1,6,10407,800195781,-1183336328,1729048329,-225149504,8606066,351739870
7,1,1,6,10407,1967674031,1447332715,22801416,1227782651,807536169,1291121611
8,1,1,6,10407,1690849686,1818578828,-1472045567,1224409605,-1910120048,1855994079
9,1,1,6,10407,-121979686,-1660525973,-153742489,-1618142621,1637088261,1309443344
10,1,1,6,10407,1256558295,-466850383,192207376,-748369351,962933440,1538657978
1,2,1,6,10407,-1248102485,1020078992,-1208276280,-2012486567,601225761,1045768212
2,2,1,6,10407,1473948957,-1297483381,1994104631,347558300,1124797894,1132488751
3,2,1,6,10407,-644302762,-391662474,228569869,1529440568,-1500026612,-787977071
4,2,1,6,10407,-1074249891,1423841917,169794789,-415172987,-1867589907,1971635350
5,2,1,6,10407,1120606968,1785300054,-476046689,-2106571297,-1097099353,-1379958802
6,2,1,6,10407,-515127543,1986606405,1887672697,617739033,-2066018645,319641344
7,2,1,6,10407,1360384482,-1206338004,-1087422526,961092585,-1820362407,1166978302
8,2,1,6,10407,1096366582,-2044839885,1017349835,-630472705,-315899076,663774532
9,2,1,6,10407,-1178779032,-1385041737,838874564,-257479449,-79204738,335849687
10,2,1,6,10407,928137359,481219713,-1840791651,-53055626,-1649005860,-1673243612
1,3,1,6,10407,2109680448,-1834579150,-1911598594,734371530,2013301569,853227628
2,3,1,6,10407,-316439318,-277246458,1828727012,-1324685487,1411461859,804781579
3,3,1,6,10407,1014086945,-1197615381,984872587,-657275967,2043530124,-1626733418
4,3,1,6,10407,-1730856604,-188266422,-1493343478,59552696,988752141,342688192
5,3,1,6,10407,1592656980,-825556069,-1247399275,-344441537,176926441,-697060050
6,3,1,6,10407,997073321,1666164356,-976410480,-2076815425,457133105,-996375566
7,3,1,6,10407,1123392039,-909880172,-1958007448,266544384,2011631902,-1392567077
8,3,1,6,10407,-293876871,-1605306291,593863119,-1262970898,82275758,2105818348
9,3,1,6,10407,-1143941675,-1951370285,-1810798591,406073089,-844763252,-1593856606
10,3,1,6,10407,-1224872818,-1099119123,295712476,-1868776582,1477025861,-250145847
1,4,1,6,10407,1762852604,1093166073,557475462,-775544701,1105751320,807483367
2,4,1,6,10407,1329998291,902586120,-1062320644,-1568256910,-1526829727,1345910876
3,4,1,6,10407,-1899708046,118128432,746223100,1982844230,2085797072,12751938
4,4,1,6,10407,-934090850,-1522670550,-1682305690,-374214307,1122208398,-1905055997
5,4,1,6,10407,-142468161,-1004653398,158288192,2128357420,149769359,1653253324
6,4,1,6,10407,1643128165,-733703727,-1139599176,-98659962,-707168590,1827460636
7,4,1,6,10407,-927473127,672535264,1885267319,-734538393,489137132,677864882
8,4,1,6,10407,-428593537,1535964764,-1316969655,-1893587461,731107049,541870854
9,4,1,6,10407,-1752845104,660603065,-1369534703,-1834399066,1339100562,1830671087
10,4,1,6,10407,1096626396,1253661701,1857349872,1159221674,-1732526085,-1983285571
1,5,1,6,10407,633198933,1636614883,-1347799099,2039895749,1558295774,1952900395
2,5,1,6,10407,2103905503,-977647707,-1688751319,-1938655637,465986887,402727597
3,5,1,6,10407,-2139150635,855243637,557871287,112506915,-1518743827,1121319017
4,5,1,6,10407,420086051,2041920880,-1118330324,1627227571,-371233994,-1050055538
5,5,1,6,10407,-898823687,-1757819550,619710126,-44578057,1502884887,-1055149954
6,5,1,6,10407,1260608732,-590596635,-1098204966,-463116392,776179553,-1210383431
7,5,1,6,10407,-1640853390,-1696344502,-1581497475,-406709349,-252439866,-410693169
8,5,1,6,10407,-126363773,-345203721,-498956540,-1901688556,960892527,-1586940876
9,5,1,6,10407,1661877289,-1630443347,1327095804,-945105753,-1588317576,1305902098
10,5,1,6,10407,658393013,1839032004,1419531571,389135214,-696181480,-872428124
1,6,1,6,10407,633371980,2129424985,-1051813873,-52903750,-1533609692,1746221367
2,6,1,6,10407,-271962846,1156321152,1245938560,-760391444,1819617276,541413765
3,6,1,6,10407,920066177,-1522888831,273465991,2038248167,312748613,-572189751
4,6,1,6,10407,1142671129,958117918,1311132942,-643532619,-1039807620,-313655897
5,6,1,6,10407,-1377073204,348715310,8804327,1685702747,1577130478,1779316910
6,6,1,6,10407,-425499738,-919456603,1312798164,958814552,-2135110409,1104888737
7,6,1,6,10407,1208392025,-671685432,-1562205079,-1863071904,1257157220,-1450208700
8,6,1,6,10407,-769285097,1593707067,-1978226619,1429359650,1886356997,-2128537503
9,6,1,6,10407,263372099,1615659922,1131975933,-1886758176,1914967561,1433818592
10,6,1,6,10407,-1147794021,-943442955,-1920886400,1983811870,-463000143,367676676
1,7,1,6,10407,-1791059687,-457660149,-2113261762,-562584837,1017270241,-230368636
2,7,1,6,10407,-347489472,283879273,1318871413,638867602,-1105403108,1594547770
3,7,1,6,10407,-533230966,-1369848593,1736694809,-2141076621,1922434683,583768804
4,7,1,6,10407,1418301467,-1485318119,-322771259,2099869667,1279742370,-1215799743
5,7,1,6,10407,1250393270,-1658162211,2139127949,-641961214,-929394771,727595521
6,7,1,6,10407,-2126362481,-503043862,1854956736,985141750,555200651,-1360937382
7,7,1,6,10407,-1085778258,-1236219727,1971962327,-903181523,1798645377,999495368
8,7,1,6,10407,1838526177,1431764403,-1114994148,-1258708125,1595320152,1303410673
9,7,1,6,10407,-2129891867,-928843357,413549088,-1234246684,1488221791,-2115663814
10,7,1,6,10407,35752278,1696257180,-1504506793,-1698209409,-39140413,1029966889
1,8,1,6,10407,1454012116,622920912,-1254081642,-914273989,143271082,776347008
2,8,1,6,10407,1568455490,1822318963,-1789767005,1534654251,104194823,-784340080
3,8,1,6,10407,-292831959,1939835575,-533922799,455133127,189593298,-874058537
4,8,1,6,10407,1953777296,-492928987,-1818327975,-1265994589,-2077766429,977094113
5,8,1,6,10407,529337268,-404520941,2061775897,452660359,357004232,1376549943
6,8,1,6,10407,1729802815,-1010294559,947538954,1950968299,-454683580,-637817919
7,8,1,6,10407,1110769666,-2024695115,-1692489749,-2107124589,-725401388,1492661923
8,8,1,6,10407,2129337877,-1659637908,-576507109,363702862,369547332,-790819868
9,8,1,6,10407,-756397148,-444350186,-1104587272,1813695101,299364097,-1118118582
10,8,1,6,10407,-639480600,-789255148,433406871,-1045739237,1973322561,1972235543
1,9,1,6,10407,55288731,-258452173,-16551006,-2085926003,1876504382,1962783334
2,9,1,6,10407,1231636899,183841293,-238262446,-2027722889,280598465,-1348200996
3,9,1,6,10407,1715033985,-677748312,-248386615,2143117360,-1526165805,-1359242234
4,9,1,6,10407,829221790,-1848802133,-163522706,-1808566926,-629055865,-1685796873
5,9,1,6,10407,855772297,1429281729,996377359,1965808287,-2026225929,144825929
6,9,1,6,10407,-740555688,1128774679,7689031,-495948458,-1005352798,262813653
7,9,1,6,10407,1557996115,751670429,-2041975605,1110880531,1410796001,548161486
8,9,1,6,10407,-619604070,-1257229454,530629979,-1194268585,2117659425,-611262873
9,9,1,6,10407,1845179050,-1460564558,186669265,-295180841,-1664579123,594856821
10,9,1,6,10407,-1038771189,-849959395,767101394,71426088,-1949332258,-2024261638
1,10,1,6,10407,977670373,-946218910,993707564,96725050,-369316418,1165650051
2,10,1,6,10407,-1205897143,-649457174,-1728905749,80830213,-1659120744,-472218007
3,10,1,6,10407,737479347,22026449,-365538653,-593967794,334235189,-1015967819
4,10,1,6,10407,-1370377808,96744895,-141555364,-1534234410,-990626481,299237470
5,10,1,6,10407,1376447954,-535329420,-773102185,-1068299725,1737375006,945735736
6,10,1,6,10407,1651107703,1785085857,-217695718,-603998494,511746168,1992347754
7,10,1,6,10407,-998334501,896600613,1600664006,1730245731,-1261331936,-331185246
8,10,1,6,10407,949698148,406312040,1264883436,-398540447,-1539165019,-563228646
9,10,1,6,10407,1402511968,-2001259273,-1453770647,582883393,-1002117208,1302968810
10,10,1,6,10407,1113728150,-1732173006,-389575036,151491867,-1616074751,-311531544
1,1,2,6,10407,-1726009934,-1782784352,1018211004,-603630852,2087227927,1783509051
2,1,2,6,10407,2040401599,-1269669716,2143706935,-807938812,1048340176,936635353
3,1,2,6,10407,412238670,-1306554165,2117280853,604894720,1564659976,761132608
4,1,2,6,10407,-2062501009,-1839340023,-1433596928,-1705945817,825143429,-1554290360
5,1,2,6,10407,-1386459966,1171686648,487756431,755738273,83553889,-1811076987
6,1,2,6,10407,-1556998599,-2065150266,-609712635,198060381,624050007,1888465875
7,1,2,6,10407,-1288843328,714113097,1614742339,2080190544,2002602009,-1174071925
8,1,2,6,10407,-1784163767,-748224969,-1892526391,1728954044,1448103567,-1747059081
9,1,2,6,10407,-1333181544,1165385805,177105192,1486941573,-133366122,-1289453294
10,1,2,6,10407,-1033689745,-86558273,125356151,-323345870,256257562,224019860
1,2,2,6,10407,290843305,1597317043,-1337454382,-1268823329,386015363,977174779
2,2,2,6,10407,2106832855,-1465060517,-612824990,939414706,-801394705,886354505
3,2,2,6,10407,417557496,-74894435,1405756022,-814100197,1026018048,-757964522
4,2,2,6,10407,775654570,-1198610605,1658294183,-1587096041,-1428477125,111952057
5,2,2,6,10407,-1473029583,-1660848161,1153430221,886600113,1230809875,2096474816
6,2,2,6,10407,1469532727,-2006999328,-1674827671,1970333100,-2088898656,1557059316
7,2,2,6,10407,-325483227,810140641,-790224286,-907043677,1235602298,-1305009313
8,2,2,6,10407,681693539,-727781006,1705801936,1566121412,-1150579898,-814921680
9,2,2,6,10407,1120070514,1838855830,1930107466,269395566,-1432989306,126150185
10,2,2,6,10407,-1034567861,2063261631,-1057439604,-1535574364,-2145690927,398660318
1,3,2,6,10407,1045604159,-304963952,1629129010,-739461335,-1077970493,-1658486477
2,3,2,6,10407,-1284215776,-1845078635,524264438,1688437199,-333137052,-1490497340
3,3,2,6,10407,62940079,-1291213388,190472369,-1814811932,1232642253,-1383003600
4,3,2,6,10407,-950029395,-1606629616,-1033206361,-1062338337,1980327118,1859476507
5,3,2,6,10407,331252145,-1247781992,-634088736,-403094394,-872061398,-224509737
6,3,2,6,10407,1979928247,-831187545,1568847894,-85870771,877939067,358184593
7,3,2,6,10407,895264356,816005240,1196470472,-1546935382,1275763634,1398225334
8,3,2,6,10407,-1128515605,897594136,-1567023533,-831910935,-1960106193,1039375679
9,3,2,6,10407,1339962541,-1646758835,1380546103,-572687070,-532246739,1278230872
10,3,2,6,10407,-766363918,-1299870669,-1321975927,-1822432231,366849735,2014661481
1,4,2,6,10407,-1465496180,-561936191,296262943,-1032731513,1875235289,-745949121
2,4,2,6,10407,663679942,1060328857,1102493555,1896627216,590264468,-47493831
3,4,2,6,10407,-2048483970,-550671101,-1497645063,-1351640211,-492407584,643155952
4,4,2,6,10407,-173073477,1977393556,-2141925932,1467862605,2106465878,608449877
5,4,2,6,10407,470263200,-1812818080,1213916279,1374981906,-1456694212,1379595405
6,4,2,6,10407,-198637894,-1999050642,-543409869,-1518244496,-1534868285,-1889206647
7,4,2,6,10407,263378792,2009028027,1061760234,-174349432,-595909039,-575902242
8,4,2,6,10407,32844862,-1171136666,-1079861690,2065930254,-2052394010,-2119094803
9,4,2,6,10407,1526486008,-2095887133,-1553938819,-1247907658,1335854305,-2048790899
10,4,2,6,10407,1241283256,796612367,-124952865,2130746927,-690376660,640147144
1,5,2,6,10407,1204615984,-170892576,-1512503205,-1852042253,-2042360181,893829576
2,5,2,6,10407,-96190868,-1564096444,423474527,1070878897,1654459439,190798374
3,5,2,6,10407,-1870208607,1074358078,1702056928,1060743860,2037749519,581469580
4,5,2,6,10407,1511141909,-1851881467,1230274989,46438077,167960793,1254420029
5,5,2,6,10407,-1797380360,1170624220,-1967046954,2104827520,701040152,-2086432727
6,5,2,6,10407,1769962180,-1713336849,465668564,-392085449,856865105,1061871794
7,5,2,6,10407,2024858151,-1608635171,-1927812392,-271488119,-1407622397,-1846375005
8,5,2,6,10407,-1635794704,1187721876,1411281312,-766488669,478268228,-870799751
9,5,2,6,10407,1887539237,-334007295,-1801221804,729145200,-1939317559,-955395979
10,5,2,6,10407,-497061792,-1780350280,-1647302416,-962698575,687818145,1158784246
1,6,2,6,10407,1770566878,-962755302,2069052419,1504392656,1901997764,1605540432
2,6,2,6,10407,1477152821,-1807732692,1982727458,1130872414,807708422,-1516063547
3,6,2,6,10407,-1442900359,905995932,-590672235,605488807,-568208357,-108271468
4,6,2,6,10407,423208919,-1787870885,-1758556737,168013179,87025660,1785742277
5,6,2,6,10407,-1099791966,1670566685,1394663680,-222092963,1044576775,-1931067421
6,6,2,6,10407,765090879,73301575,749677152,885313461,133977062,2082950273
7,6,2,6,10407,-609300970,1004215858,-278890048,-438455021,-1536938567,460459779
8,6,2,6,10407,-1095481127,1230265797,-1094614726,-48721809,-176344108,-387928854
9,6,2,6,10407,743229975,509906778,1902850207,-1907174709,1818479910,1659194227
10,6,2,6,10407,-1910804503,1228374328,-68314730,-1671018696,359484255,-735751389
1,7,2,6,10407,-1409018213,1899289891,-1800392528,1716182579,767263012,647405639
2,7,2,6,10407,-227341700,667538993,1437269197,1327824582,-1403305350,2093657040
3,7,2,6,10407,1643134166,-626721014,-1062149205,-1889331788,713314445,-379971310
4,7,2,6,10407,-1645806643,-1299674409,1894686570,2060685813,1557383760,207122808
5,7,2,6,10407,-914905815,1339735583,-40908883,756000177,1198215938,-1385512224
6,7,2,6,10407,1362659360,-212455265,1324625312,-114849199,717047559,-114122
7,7,2,6,10407,30101181,1749475112,1304595416,710293858,1294263402,1635808503
8,7,2,6,10407,-1524049633,2048085666,-498431029,775953080,623717290,1322552263
9,7,2,6,10407,1497573143,-784169666,-1017931962,1654573271,1605746098,1068609457
10,7,2,6,10407,1522128054,1441031426,-810909205,-1273488178,1254623578,-47290529
1,8,2,6,10407,415350006,-95287524,1761590343,-1855405964,-473960828,-912525847
2,8,2,6,10407,-1672066101,933986815,1642338409,1548662262,57120023,-462841520
3,8,2,6,10407,-811130280,404065486,-465839903,-1156779404,1884799852,-1570241858
4,8,2,6,10407,-111258518,-1618558644,937793523,467325671,-1628289782,-1823221368
5,8,2,6,10407,-1027101315,144867061,-570555790,-1703458191,-793218059,-374353549
6,8,2,6,10407,-1525156924,1293701457,205539266,2023186055,1236086128,2078481460
7,8,2,6,10407,340059156,132251430,-302756497,385215430,-707314144,-689199475
8,8,2,6,10407,-1232985033,-1839795921,302564291,1103347032,-1103240659,-36505435
9,8,2,6,10407,42043221,-1421562634,2018147023,837160579,631628596,49878243
10,8,2,6,10407,-718938749,805598871,-1360214239,-904736969,-165747327,286302647
1,9,2,6,10407,1004823778,-1429099451,1479176462,893183815,-435770179,-1426232279
2,9,2,6,10407,459525786,-1397095903,2047060902,-324626261,2030444457,-23307821
3,9,2,6,10407,-760544191,-2046105344,-1642861370,-1744062867,-1869463378,841184416
4,9,2,6,10407,1698574977,-364435581,894188419,1832059545,2104156909,1140130727
5,9,2,6,10407,-654697902,1978179131,934265726,1677843661,-645044175,-897109982
6,9,2,6,10407,-1700299530,-1992221941,1203724416,1185674150,-124999418,-76310183
7,9,2,6,10407,-1108297112,237304922,1917029697,-670771328,-756422665,-894640696
8,9,2,6,10407,2111201375,-1935556584,967871041,-450549592,-1942121256,-1396106216
9,9,2,6,10407,-1361192327,26150866,1579289942,-1175814610,-1920175665,-2007024800
10,9,2,6,10407,-355594126,790043151,498942053,1517525542,1230517367,1548768538
1,10,2,6,10407,-2033335412,1504701526,-1305527397,-2022392429,-601201883,-1609334259
2,10,2,6,10407,1992911289,-1671416297,-874183011,1168812875,-1590904365,1638753858
3,10,2,6,10407,-947538157,-1001218896,2039120184,-872792768,1868099195,-1233025747
4,10,2,6,10407,-784861165,79467926,-317967242,2036148358,-814618135,2099536786
5,10,2,6,10407,-212636057,750870270,-18609461,2116040127,-1559289423,1947844724
6,10,2,6,10407,90110758,509158160,103423636,229769083,524751963,-1029195576
7,10,2,6,10407,299741865,971518647,-1977062261,1736415458,-1534176082,881344369
8,10,2,6,10407,1893362209,-339728828,1860452948,1886459953,-374106519,-591282743
9,10,2,6,10407,740382368,-2062152094,104425293,-828490025,1337054989,1246736176
10,10,2,6,10407,-805180194,-1684117245,1422545674,600287667,-1892777231,866125750
1,1,3,6,10407,-128015610,1945758377,1679132986,-236818952,-1773400372,625607866
2,1,3,6,10407,-1233126859,2120981978,534050823,-875888417,-648493790,-626101811
3,1,3,6,10407,-184092743,-1901815693,-1170501805,-1201162699,1074646279,1010060627
4,1,3,6,10407,348277945,550601736,-666528420,-190318091,-1507346432,806941645
5,1,3,6,10407,862903006,2119988100,-2105073942,779318709,1813810519,-1686755435
6,1,3,6,10407,1862628983,-641413742,-1490250102,2051988633,-398908372,-421663397
7,1,3,6,10407,1274109249,-1378042346,1580383278,-1989231975,238934637,735511717
8,1,3,6,10407,-606050563,2099866475,1120124403,1475888893,-1172197425,-1295753499
9,1,3,6,10407,2045761712,1068371575,-192169448,-1499810864,-1053327481,-1714464565
10,1,3,6,10407,892269088,1496003929,-948032694,217048734,-1577298636,196004000
1,2,3,6,10407,2033228145,-149739860,692647989,-1277897003,1151071897,1630540508
2,2,3,6,10407,-1003603166,-1734221815,-1902425581,480919885,541152285,1468849435
3,2,3,6,10407,-449964476,-1412083357,1084500255,733906388,-1166856622,708424436
4,2,3,6,10407,600927685,370135924,158595136,1607364949,1252398768,-1279128647
5,2,3,6,10407,-1942935779,1041222142,1222004654,-349598625,-749151324,1020223553
6,2,3,6,10407,348235179,-287792139,683513550,-1557759666,1051435789,-1287770485
7,2,3,6,10407,1143536091,1609923694,505274201,-1240565620,1776053861,-125831941
8,2,3,6,10407,-470967326,-1714308117,26166885,226590116,-1915289079,-1114710744
9,2,3,6,10407,1962001159,-1820257599,1162369122,-779365302,2061846965,1277237983
10,2,3,6,10407,-438588210,214592292,-833248183,-33913172,-993023811,228869398
1,3,3,6,10407,658330516,1255209476,1157727290,266116886,-2118484182,2104762764
2,3,3,6,10407,-254277078,1476603531,-1109154693,1795148281,908023059,-464443398
3,3,3,6,10407,-299319752,-578950557,-1620874809,-1221237809,-321660172,-1697964972
4,3,3,6,10407,38643676,1530111776,-597948740,1338157502,-60862327,-1832950513
5,3,3,6,10407,-386879985,749095148,1678339277,820757001,1404120687,922518074
6,3,3,6,10407,-1010056821,899413134,-798740484,284314430,-2128108875,785090051
7,3,3,6,10407,1509495849,136000711,896085778,56782238,663490232,-1909126434
8,3,3,6,10407,-1790759422,371591917,1566653930,-1893637998,-887384294,407880717
9,3,3,6,10407,1542978164,-760158119,-1077641918,-1955927655,-984715303,1897651967
10,3,3,6,10407,2051304100,-857503080,-2105822035,55092200,-1094207036,731944326
1,4,3,6,10407,-674008375,-1287170926,44607196,-1885469160,-1825232211,1904617275
2,4,3,6,10407,198178930,1700948470,-1591467169,735020669,105237291,1240751361
3,4,3,6,10407,-651394652,1262897901,-835450430,-1679900195,-96657188,1048313221
4,4,3,6,10407,555624513,1320159937,786300046,-1062367566,-578664620,136730163
5,4,3,6,10407,1417185187,556757088,692286428,298681183,-962436738,1905343231
6,4,3,6,10407,-1159799258,314672896,1444628922,578551621,-37388053,-1326486357
7,4,3,6,10407,303485169,578564679,955001738,-233564759,2092962436,526939784
8,4,3,6,10407,2099791011,215939134,2076408640,-1162815932,-422871975,2079121848
9,4,3,6,10407,1408408293,1202118074,698649963,652547341,-1325866854,682615855
10,4,3,6,10407,1154752696,-1847024967,-802478164,-122699052,-1369232054,-2022163541
1,5,3,6,10407,1604380523,-715415151,585177453,-163600353,-439178530,-1623948820
2,5,3,6,10407,-269961482,-1422304874,-530419163,1948940745,1417290647,-340616578
3,5,3,6,10407,-1477505344,1518888788,-357567834,-519248826,-1338308537,-1643830787
4,5,3,6,10407,-524512348,677286151,-171790208,1142714981,2143971412,-189329458
5,5,3,6,10407,1037848106,-181366291,-1361387364,338785553,-861446744,2029581794
6,5,3,6,10407,-1465925349,-776662465,1942305539,948853490,-1919094041,1151115753
7,5,3,6,10407,995208233,-1566566275,-2064881572,1821488058,-668301238,486975180
8,5,3,6,10407,-1342299516,-1057912350,-99037563,207806749,396226583,891179994
9,5,3,6,10407,139963607,-1076813426,-1395530545,-863904027,-1712657178,1592485577
10,5,3,6,10407,230465840,1394807331,-549312666,791538487,750715750,-1134766506
1,6,3,6,10407,302227509,-78345513,1034239688,1303408740,1267731565,416207039
2,6,3,6,10407,-2003781386,-1957160395,-41882155,434868021,1282229589,-697595754
3,6,3,6,10407,1466430714,488580128,1812541642,-752595041,1342532100,1042141582
4,6,3,6,10407,-170455571,-345879587,127570185,-993110745,-1383193601,2038376467
5,6,3,6,10407,683543893,-187725908,-1579720527,1076316207,-527800789,1265991892
6,6,3,6,10407,1622609457,417375751,1394953605,-1223904637,-9787230,913630203
7,6,3,6,10407,-582934079,-516572649,-191713195,686728235,-440529283,286238736
8,6,3,6,10407,-553293238,1880691037,-1589889129,-369142084,-795504781,-948564320
9,6,3,6,10407,-1555006202,-559400288,16549894,-694561514,-538068590,-255657471
10,6,3,6,10407,1425920666,1122581970,1934559958,-1053429604,30661629,-295954973
1,7,3,6,10407,552889799,-1778645368,-643594790,868993072,-2130691253,1192761626
2,7,3,6,10407,-317987149,-194165964,516041726,2028673663,835638999,1020701880
3,7,3,6,10407,1631826545,-1171960086,-315066073,1799983250,798645635,280542793
4,7,3,6,10407,-10480762,2026669946,-909537267,1065918475,553810524,-984551097
5,7,3,6,10407,-697728850,-1491123139,223748513,-146236781,260310723,2064491423
6,7,3,6,10407,-734634911,718825553,-688319046,1043080844,91273226,-1673109815
7,7,3,6,10407,-841738806,-1993581733,1716367162,-185944427,1416207295,2043092528
8,7,3,6,10407,-529308196,236273703,-2100537173,-2066345436,785829885,-1124474784
9,7,3,6,10407,-1836197403,1059471725,-977015210,-174421151,374438490,-282299747
10,7,3,6,10407,-629367176,1423930291,-510348540,-1263963217,116621145,123663578
1,8,3,6,10407,694831763,1865556359,413620446,-1818980762,-232234857,88033164
2,8,3,6,10407,-957392352,914686101,2033959072,-368339048,-1241123400,-1006890129
3,8,3,6,10407,755877193,1388772564,1934590816,2079624834,2049712065,-1754340348
4,8,3,6,10407,1818544506,-255378060,1561753205,-1860341195,1285104830,1177654226
5,8,3,6,10407,-1010764263,557612065,735930367,689007640,-226437723,-261829004
6,8,3,6,10407,-1427976785,-186578690,-1368442876,328336757,1857796267,1175313377
7,8,3,6,10407,1346533577,-1141816583,1099342770,1179049413,1469788733,-300074632
8,8,3,6,10407,-56495050,1397266187,-463103970,-1666137172,-496153999,174600867
9,8,3,6,10407,1797950050,1000263100,-2120024303,1249828826,-487866066,-316784203
10,8,3,6,10407,-980197785,-19225785,-706464520,-1328975172,908121419,-350477951
1,9,3,6,10407,-478145620,1655860986,-1767595664,150811650,1396154248,1567458930
2,9,3,6,10407,331691388,814638236,-465430431,647844204,1068216410,723603545
3,9,3,6,10407,265923513,374514554,-346659917,-1116188347,323383059,1113635274
4,9,3,6,10407,-839625186,-368590393,-1598191069,-1312078668,1331419255,-1362708875
5,9,3,6,10407,-55131661,-1762647902,1687209700,724685940,1730776236,-1688101086
6,9,3,6,10407,-867353078,439002998,2039554211,-1201085333,422208836,1364611594
7,9,3,6,10407,1813772885,1962846460,-1641581624,-585303136,-1331066638,-1968745709
8,9,3,6,10407,831800791,-1146327163,-1358572116,494234377,245783910,1618666510
9,9,3,6,10407,819794924,568599482,-961400338,1350980484,-1825971908,-869252587
10,9,3,6,10407,1143437655,-97662109,-49968273,-1624898092,-1215578814,-646203861
1,10,3,6,10407,-838135623,988454999,-1835245166,-2016781771,-1785180754,-1018196774
2,10,3,6,10407,-345525013,1961207638,754362756,1585706087,602848674,868489405
3,10,3,6,10407,-2055131307,-1773681430,838595995,-169829290,-784395330,-1243807453
4,10,3,6,10407,1729993138,-1569901221,-817667850,1509514223,1020142894,-1932479682
5,10,3,6,10407,1823693981,148468589,650098572,2024689381,1920749782,72176597
6,10,3,6,10407,614528993,1238097939,336807399,-375421540,756710517,575031347
7,10,3,6,10407,573529228,-1781275079,-1785437738,1249419893,1651628071,-657652372
8,10,3,6,10407,-181670821,-2114452885,-705184796,47295021,-720140252,-2012265749
9,10,3,6,10407,-1477793405,1077961596,-779884253,-1474277805,-2057946153,1408541857
10,10,3,6,10407,-1588534358,-1071307009,-1472164856,376749587,1878064917,758066619
1,1,4,6,10407,-1163064419,662868655,-394462608,1557116844,1143154600,704634822
2,1,4,6,10407,-2075145675,503398888,-1776218099,-210044720,-565820985,2040411616
3,1,4,6,10407,274852970,1577605642,-2049145990,1555448306,-988764065,1915078750
4,1,4,6,10407,-1626298852,966852532,-707954226,1750925202,-821492321,128014341
5,1,4,6,10407,-1487040348,1776482041,-723121428,314795325,-1427381500,-1871375604
6,1,4,6,10407,-885425426,-1692224950,699884862,-752698983,427524004,615284916
7,1,4,6,10407,-1315515991,-2028020988,-1709616146,-414496232,683655488,-1506494107
8,1,4,6,10407,1884628506,-1606651940,-687563818,185489239,342902211,1449131825
9,1,4,6,10407,1946656165,1351722849,-837481329,1841518292,-794225599,-1929261637
10,1,4,6,10407,1844982561,-552472888,-704360965,-1078077135,-329682126,-1940713822
1,2,4,6,10407,477542920,715127245,-1289204771,1745385421,-746476745,-741742818
2,2,4,6,10407,1087532845,-349092005,-55962363,-1356456213,-1638787162,2035249989
3,2,4,6,10407,1137771819,1981952845,-238910440,713914528,-1236869983,-542636481
4,2,4,6,10407,351237689,1249467637,8101439,1321566479,1659436868,119323072
5,2,4,6,10407,1264895842,1045617731,218291253,-1947658022,1998859288,947707213
6,2,4,6,10407,2021167383,810021377,-1784984793,48290238,-509398427,1155561427
7,2,4,6,10407,-152051279,-1350882161,459826435,306517358,1548818787,-1961000425
8,2,4,6,10407,-1312995024,-1876424709,1222160844,-2042543570,-1216410151,301259556
9,2,4,6,10407,2068436706,1811292218,-1880317544,-100553084,53183321,637836350
10,2,4,6,10407,-672401930,1421778108,-1132925143,1874021945,-1383415419,-1447875460
1,3,4,6,10407,526526667,-1100571478,1467051391,330539285,1271208771,126449203
2,3,4,6,10407,-1246021363,-1440910950,60358347,-95683542,-1984680815,445592040
3,3,4,6,10407,2034682759,1361046471,-1599550785,-1301388480,-989026711,1691865189
4,3,4,6,10407,-1968416955,-85588469,1622745538,153905626,1095567653,-1694832777
5,3,4,6,10407,1847141181,-754948298,-313946287,91170197,1000407857,473669509
6,3,4,6,10407,-1657835559,-1581651473,-407689224,1555370058,-1850599790,-868443702
7,3,4,6,10407,544439303,-1946481820,-628402443,-384288653,-1719398876,-1151279343
8,3,4,6,10407,-247586734,724059012,1895968495,-1244452167,1486323061,2072791717
9,3,4,6,10407,1075201258,1143638058,1071358523,-1083463649,-526855690,1852092061
10,3,4,6,10407,-1858469970,-1370260322,463390157,-212515663,53914702,1831506200
1,4,4,6,10407,-1548889401,1974949405,-1111342343,2086424250,1088239894,1841559362
2,4,4,6,10407,541515584,-2031321999,1229382558,1338484461,-1946854813,-1986880310
3,4,4,6,10407,1649122985,1705847808,667366131,-1668670312,434625077,-1590452329
4,4,4,6,10407,509465065,-947471516,-312941748,-989435372,2077808347,1424788382
5,4,4,6,10407,-1531659160,-709458132,1904512502,-1884450261,-1360277008,-716377295
6,4,4,6,10407,1670232108,-1868275933,1584464602,-823390384,2144195921,1515607654
7,4,4,6,10407,139476090,-1571503372,-717761896,-989553125,1284463623,-17968770
8,4,4,6,10407,348639881,-968085980,-943030591,-1471170603,-533527839,-1184471898
9,4,4,6,10407,-231246141,-1685043164,-720406973,633736849,2006978768,-1829263677
10,4,4,6,10407,-1599895306,-1830741724,-1388315659,512185919,1920568061,-739667194
1,5,4,6,10407,537684794,13928133,-415080726,1191309838,936830999,-1728644285
2,5,4,6,10407,-70032499,-713409941,-1476359692,545484192,-1292972281,2131631306
3,5,4,6,10407,832907486,-1086608417,918346948,752538347,571981635,917232027
4,5,4,6,10407,83730289,1384278943,-1300105299,-773108894,-2034160552,-531434870
5,5,4,6,10407,-1431874353,1221213924,1318367701,5353432,1184747191,307939761
6,5,4,6,10407,-1626908760,338145106,459261254,1336695010,-486543738,1747467378
7,5,4,6,10407,1486493162,-784304557,1460356314,744221153,-1246963247,-873199452
8,5,4,6,10407,-2051025911,-1839859404,1194388005,-1302982178,615352783,-1954146695
9,5,4,6,10407,1855679722,-1287116767,1448895138,570735091,-542547906,-1774046496
10,5,4,6,10407,2101245059,-1453961784,-2030046333,-648342434,1096664185,-1307282638
1,6,4,6,10407,1507299818,-21684084,1389063561,189051489,1253474280,727540245
2,6,4,6,10407,-1253210111,-1650459837,-1277861309,849536475,933539877,-2112020866
3,6,4,6,10407,-1040481335,1690164400,356940523,-115465707,-2002006005,-896762092
4,6,4,6,10407,3866289,1368935138,1710748835,1757794150,-81720517,632374274
5,6,4,6,10407,-226261652,-460842309,2714340,1456012313,1048549140,-969396571
6,6,4,6,10407,1473193761,-1623153682,1228661186,-736842564,172315378,599033797
7,6,4,6,10407,961240332,468739222,-704641067,1446288104,-5148910,-1859201254
8,6,4,6,10407,-1671315417,1418134736,337331249,997714817,-1293248430,1878058274
9,6,4,6,10407,297649547,-57832915,-1063670198,407474807,-1660319147,1625604807
10,6,4,6,10407,2058609682,-105605533,-29849823,2062354236,-2079882196,1513133152
1,7,4,6,10407,-1376823035,132125020,-552219774,-535099692,-1367110983,1893995926
2,7,4,6,10407,2028140682,1233748664,1979929784,2084970434,1374697850,-1001568961
3,7,4,6,10407,294042561,-1938468736,-1015246954,1521988925,1456593869,1533883387
4,7,4,6,10407,-1088219789,-234932247,-770601402,-1210884851,-1376301884,-511227289
5,7,4,6,10407,173018587,224620589,1111522684,192890284,-227563788,689446467
6,7,4,6,10407,-418462517,1104212704,1907655438,393051001,-525436453,-1376531849
7,7,4,6,10407,2120867513,807291927,-143311814,-448701070,2054212443,249714775
8,7,4,6,10407,-1411026446,-298142965,-1394452839,-1029211830,1676293749,-1746647400
9,7,4,6,10407,-222086165,-1286240184,-956086336,-568671519,912313844,-438876072
10,7,4,6,10407,-174962429,-1543080968,1685625344,1963398594,-1197129972,-624206203
1,8,4,6,10407,-1240394776,-1245531110,1041782204,1634393731,-1213346895,1566266172
2,8,4,6,10407,2001720261,-994844486,-1161882879,1103572697,241764417,1222489147
3,8,4,6,10407,-447673225,2132754551,2037346536,924738753,-627952056,-1800085985
4,8,4,6,10407,527629591,1101215460,-1211436836,-2015547078,-605139773,-409964302
5,8,4,6,10407,892650754,-586738891,-81438663,685580469,-1272239782,1574112726
6,8,4,6,10407,-75146744,-1425724237,-241716928,927989278,2086935907,1531389839
7,8,4,6,10407,-633152993,318317500,1978034844,556311319,1113313931,-1017784696
8,8,4,6,10407,1963967510,-369114567,1589637098,2111324534,-337342621,587217358
9,8,4,6,10407,-546245980,1171392226,-1346013629,284233380,1645115230,-138382428
10,8,4,6,10407,1931240242,1621581596,459590096,-2087936812,-140493077,-1606899348
1,9,4,6,10407,724245521,-191858776,-1729357203,-416348972,1766402798,-805932700
2,9,4,6,10407,-482525294,-1857070230,-128609437,1528977681,-283679758,-406267128
3,9,4,6,10407,-1074438091,-279573512,-477305347,1916326463,-555952757,1781991477
4,9,4,6,10407,-1208829483,-362848301,1144911848,1835697811,-156544447,-554326587
5,9,4,6,10407,-2092292107,-297480562,1123098373,-227345127,273429697,-1425102169
6,9,4,6,10407,-879098166,-860942065,-1773646859,1052680793,1785970206,2063176789
7,9,4,6,10407,-653140599,-1572694771,-109867427,2003184948,-767604240,-1114461027
8,9,4,6,10407,-110318800,-1937663802,-1579383071,-487807191,265119154,673671208
9,9,4,6,10407,-146599280,1930504007,-1302428534,367527282,-1357918696,-1871396664
10,9,4,6,10407,-1552046485,1150240921,1694980668,-473562749,6331149,368517757
1,10,4,6,10407,255377908,-214939965,-786848861,-1330696440,-2005299438,588753182
2,10,4,6,10407,-1155988113,-1111732663,-227170711,-2029398247,-2027948930,50832954
3,10,4,6,10407,1037658551,-1927908485,-539074563,351203246,-2024813954,1939305665
4,10,4,6,10407,-1399637576,-1352136966,-1072184941,671433,1274445057,-2070101492
5,10,4,6,10407,1013719571,-1466379197,-824779746,607731602,325479172,1286228825
6,10,4,6,10407,-1992641425,-1129883369,-2116075781,177529790,717437040,-1192644215
7,10,4,6,10407,-2053709363,1764225438,2097932060,-324398427,296034581,-1460952061
8,10,4,6,10407,1600454897,1155726702,1187568239,1857525198,1678355515,714045140
9,10,4,6,10407,-140944595,77858722,-70161329,1855025235,-719533745,-1573565920
10,10,4,6,10407,-1440863273,-235682897,-1802203672,937304639,1509086434,1360339765
1,1,5,6,10407,-1955507965,1443099285,1090913707,1288403675,-658536935,1804897479
2,1,5,6,10407,1642391865,-1453106364,909935816,-138411810,-1954998695,1363434437
3,1,5,6,10407,-1194789570,1890433906,-1526524714,1659752656,-858182213,232350687
4,1,5,6,10407,-941410571,-383534274,390404486,-676973639,-1368710450,1742679724
5,1,5,6,10407,921918345,909997923,2029407949,924090651,1620826087,226987604
6,1,5,6,10407,-1007167502,676109931,1311616702,735716409,193826156,1816916775
7,1,5,6,10407,-1276106341,848157100,1158531063,-1620560394,-1814320014,-1278506417
8,1,5,6,10407,1680882050,272436785,531671458,-1233040951,-1520189460,1023642130
9,1,5,6,10407,-1638143387,79907261,-871773432,1912804568,1902249674,-136725757
10,1,5,6,10407,-600812046,-278803620,-213278909,-1678343476,-1247573961,188411512
1,2,5,6,10407,-967564199,-265214391,1730208845,-397887884,331261208,1670190955
2,2,5,6,10407,1761741382,1614898318,-11267628,-326299627,403925898,-1405757574
3,2,5,6,10407,124313212,-116693562,-1797414738,347705777,1456927612,1534977336
4,2,5,6,10407,-1933655349,-1993849377,-112234404,1229778356,-1790261609,-573969102
5,2,5,6,10407,-1396674948,1412098519,1537240490,408605817,442770648,1083178716
6,2,5,6,10407,-2097900613,-259494701,-1908175250,-1289028620,-336914912,1446013930
7,2,5,6,10407,-757652601,973832847,-2012715419,465804572,1945019997,243675556
8,2,5,6,10407,1667678025,-2097444396,219624537,-1992723529,544297340,-1941319457
9,2,5,6,10407,1370733608,-1365932667,505821609,939796192,969899183,-240704471
10,2,5,6,10407,2123977975,1584596126,-470503881,-1092891501,1264659427,73336872
1,3,5,6,10407,-1395644899,-1160155747,-635176377,-1792802105,800014934,-709990886
2,3,5,6,10407,-88091129,1663135285,1745509645,-369851572,1731819688,787763464
3,3,5,6,10407,1517860679,1959344781,-1061136884,-1151207120,-1320083330,1481518319
4,3,5,6,10407,487478411,-31919867,-852855604,-1199753134,804800101,-126596210
5,3,5,6,10407,-1658226357,-684832022,-483742129,1683640172,495130057,-1401888869
6,3,5,6,10407,-1701847525,1502940803,-1985138208,104036656,-247653957,-1975303442
7,3,5,6,10407,197270699,211359577,1776551382,1970111672,-830144358,-498546898
8,3,5,6,10407,-689506064,1734876330,-1799333391,-586476433,-1343282937,76231114
9,3,5,6,10407,1192912724,1448037302,453165629,1994605003,-1636568477,2011783656
10,3,5,6,10407,-1257409914,-942989422,-258060728,1477341975,-382244217,-1525352543
1,4,5,6,10407,748827327,388874049,742187619,-1025749142,782080090,-843333441
2,4,5,6,10407,1537196246,1269024650,2095828323,-1758191023,-397952231,840597038
3,4,5,6,10407,1183392723,-1409556998,1310476738,338823453,44388687,1568775798
4,4,5,6,10407,-370778216,-473956578,1095022623,-190226982,-155771265,1858530409
5,4,5,6,10407,-1217710772,1283485704,2120038676,1647191423,630852789,-857117511
6,4,5,6,10407,909359659,-55073455,258153572,-332911485,-1290909117,-809542276
7,4,5,6,10407,635101027,1309260206,1961608160,-1302492029,1962476085,913553016
8,4,5,6,10407,729921113,833811248,-1627158374,-1651906792,616163682,1699445026
9,4,5,6,10407,411790780,-818863142,-1194404848,-1022935886,-1155290261,1142595265
10,4,5,6,10407,-864992328,-1195599412,1530835872,356732522,1967856100,1433045572
1,5,5,6,10407,763908090,-873160773,-949043138,1979657013,1095291794,-1902261320
2,5,5,6,10407,-1821623476,20461333,-843424696,-1504290333,569147175,411761872
3,5,5,6,10407,-1943358695,253662988,-298265346,-1699087427,-1771049459,-229489008
4,5,5,6,10407,1492148604,611948445,-2062063589,400185524,179036240,1415874803
5,5,5,6,10407,524117999,88210175,-1878615622,81194750,1040995397,-452746827
6,5,5,6,10407,1303175730,172597117,-1865787381,-2046833462,2006657549,1150451692
7,5,5,6,10407,-1186703402,1589118491,-409659172,-226722285,-1383220432,65322173
8,5,5,6,10407,1577293073,712577660,65965752,1244536700,958665834,-606809422
9,5,5,6,10407,2031941102,-105964435,469660821,977716339,-1838692300,-1119457884
10,5,5,6,10407,1726908360,1165630326,-2099496444,294351271,-1417174904,-1869361925
1,6,5,6,10407,-1953162670,1569290123,-1632644988,1596296857,1581278137,67938950
2,6,5,6,10407,1764436759,791475908,-1111654955,-828086177,-1173898363,-852781892
3,6,5,6,10407,670608985,-1210049738,1063456009,2040526996,859583787,767228380
4,6,5,6,10407,1527943171,1747240744,-381736861,-1341609087,1518401071,-622711186
5,6,5,6,10407,-2033172917,-1484744094,-55192254,-1320273412,398349103,1348024712
6,6,5,6,10407,-497001288,1113761791,-989118114,-1086454328,1213756644,1843188087
7,6,5,6,10407,342362332,-328395352,346138203,-1690377464,-1435885308,-1872157690
8,6,5,6,10407,-37141091,577869748,1139117016,-798921076,-86822069,-893573679
9,6,5,6,10407,-2073670242,2059057346,-1056842843,-1754458309,-437592621,-768294880
10,6,5,6,10407,1889102795,198372860,1838379807,-1714416991,2101628500,1764217682
1,7,5,6,10407,-1417160221,-392572477,1420431975,1344658394,-215807598,347252401
2,7,5,6,10407,-340142054,-1456321255,-1944410055,-706280903,-624481489,1803609478
3,7,5,6,10407,-1502165085,-1199754716,-1506719217,-2027823568,-1512989987,-1419715127
4,7,5,6,10407,-1174539421,-1030554926,1186694191,1732065087,478663527,606834628
5,7,5,6,10407,-1568762560,-1266660780,-1449715059,1322686129,2117752129,227416612
6,7,5,6,10407,1220511975,-993499077,-899181853,691916288,1781986769,-631044448
7,7,5,6,10407,-601591773,575435390,447080502,-1501730036,1658026297,2125998181
8,7,5,6,10407,910363872,741488169,1235506282,1631633226,1866010184,2004972685
9,7,5,6,10407,-1723046294,1822921292,1548173427,298532806,-970320991,1859225134
10,7,5,6,10407,-996024028,1644892542,-1684982008,1315411365,665028025,372682844
1,8,5,6,10407,-1653442581,1746217613,-192967924,-1837505250,546974366,52358421
2,8,5,6,10407,35663842,-1927445837,-2027730983,-371223481,1861987479,-1020344115
3,8,5,6,10407,65033912,2098914355,-408161832,1821676025,1956307610,-2017055066
4,8,5,6,10407,-1133064515,-1924994536,1811436258,-1704836279,1782498447,-537702287
5,8,5,6,10407,-2065038429,-1132734834,1414376487,523512536,1927270198,-1864615037
6,8,5,6,10407,640868121,1214983353,909037009,-866566732,-258691868,353155579
7,8,5,6,10407,2052353444,-1266774738,365371967,-1881170819,-243813712,377211949
8,8,5,6,10407,-1632973007,-1292293234,-29341674,-1619812468,583589585,920388804
9,8,5,6,10407,-630723372,1498781144,-1851170951,-1163725995,-1343718539,-864868283
10,8,5,6,10407,-1411675568,716510528,-1335897113,141563201,588641379,1022410010
1,9,5,6,10407,646387389,62845303,2020740874,2042459632,149068050,-2146501950
2,9,5,6,10407,-1872152699,1047018838,-817893013,1913885738,1150149459,1261948564
3,9,5,6,10407,515268082,-34232895,-53430512,706137843,-832620072,-1351904008
4,9,5,6,10407,-1523839053,-1912479256,2065417936,-496637105,-2000834258,1940970845
5,9,5,6,10407,2044424059,-1972659413,-1432704471,888297308,1452170823,1927585114
6,9,5,6,10407,-745839680,-1127142828,-554959830,876644683,1628253645,-1677195041
7,9,5,6,10407,460955740,190771916,-956765199,-1637925975,-1160778720,1695194057
8,9,5,6,10407,-187443086,-759710939,-1273161719,-875180556,1905572021,-1328193067
9,9,5,6,10407,-565148885,530818360,312469320,-818841065,-1533524796,1424185050
10,9,5,6,10407,-2092038519,-2103008981,-424515359,962280826,1715142250,579531403
1,10,5,6,10407,866346423,-645470729,-143270488,1037849151,-1253771300,-153127951
2,10,5,6,10407,-2131772852,-43290688,990679942,-662310693,773973384,1653110383
3,10,5,6,10407,-1589868362,150791675,1290088635,-1049970882,-201341591,1089572172
4,10,5,6,10407,-1972667751,-1477003997,1117721413,-2012153311,340257301,-229568955
5,10,5,6,10407,146036436,-1952401945,731531698,865172290,-1265585080,-2145569276
6,10,5,6,10407,214990288,-520124151,-393991713,2060916415,2069049099,-2085181208
7,10,5,6,10407,-1812369586,-374769679,-923745369,1105534252,8560209,-974741753
8,10,5,6,10407,482465954,1533668987,158634350,1231428345,2030582096,1703012783
9,10,5,6,10407,-394742794,1473694137,47848315,1883241369,-1253961152,1796220849
10,10,5,6,10407,1495476636,1253674739,1106790367,2075264112,-751419990,1247892274
1,1,0,7,10407,-1364629888,218855590,-1965926782,-258339006,1013439342,-2023520249
2,1,0,7,10407,-777524984,901127340,62669031,-7608325,-1333284123,593868118
3,1,0,7,10407,-2040916379,1229965801,351816279,1518492713,-1891101796,-1001990529
4,1,0,7,10407,1316025022,-1678492487,922621034,-1584781588,2051510132,1273080058
5,1,0,7,10407,-1669996861,1408877974,-2010901645,1574650676,-446009170,132537672
6,1,0,7,10407,421137679,731857287,996733963,644467772,-584312809,-187006996
7,1,0,7,10407,-1156558356,933674027,1541222862,-1730193806,-1834120134,1001281734
8,1,0,7,10407,-1255406526,1085683253,-897995032,1929028447,731620698,-1198601581
9,1,0,7,10407,548839004,-1889356166,825995432,-408823463,-1991862613,-728984065
10,1,0,7,10407,-1701948425,1599133391,-365786935,-193370017,702343969,-1562859147
1,2,0,7,10407,-763627060,1015443411,215021902,722027243,1071603580,407297886
2,2,0,7,10407,-1458958254,1533720642,-1246696528,-1435902296,1617725152,1074052728
3,2,0,7,10407,1126792012,-649699200,-1246986421,1925028504,-1241091525,-605994224
4,2,0,7,10407,-344191360,576180172,239014224,-1023809220,-1343245076,2136699824
5,2,0,7,10407,458476046,2038970865,-1575948027,1095630314,-345190990,-86535920
6,2,0,7,10407,1020920014,1749246448,-69396807,-1283132442,1729099981,-1269189205
7,2,0,7,10407,1244125349,125109195,2078471123,-316432353,593796583,1178219340
8,2,0,7,10407,-1868072740,-926885853,-1605098068,1262389373,1474214820,-1720618471
9,2,0,7,10407,-626580422,-1704510949,-14406574,-1648672937,1973709311,-280266181
10,2,0,7,10407,526115180,1027879904,2143429844,-1036497325,2050161871,2037965858
1,3,0,7,10407,-884240361,808084224,-1345062091,-312779985,-752688663,-456339976
2,3,0,7,10407,1792387304,2138161898,-332201876,1712563185,1943203731,-210054991
3,3,0,7,10407,-1153113369,940200206,590070774,-1855387279,-375220206,-538678571
4,3,0,7,10407,-291942847,42905630,283502474,-582625485,-1930103873,-118635610
5,3,0,7,10407,-1844991543,201530984,-1553751050,1802646023,-714258116,1423979257
6,3,0,7,10407,-982012632,-2069275285,-232366199,1250634423,-1547967266,-1781394555
7,3,0,7,10407,815029295,-1428818807,-596466294,-1319566929,248700709,1049616829
8,3,0,7,10407,284201251,411747787,-517085732,-1322241176,-490867220,-1094422468
9,3,0,7,10407,941736524,2073513810,-2115337464,-1054629939,-732721858,2118050375
10,3,0,7,10407,233831315,-356255723,-498495880,1767624871,-1544870928,2040343180
1,4,0,7,10407,-1355875216,-119402470,-22772587,-53487594,256296445,2073395903
2,4,0,7,10407,2062235521,334296007,-117115871,36136646,-1511658856,-1278284536
3,4,0,7,10407,-569772195,489118027,-1128942878,1928868548,-677757128,1038280076
4,4,0,7,10407,-180302664,-1961705649,-902807193,-1806495911,-1826351646,852771145
5,4,0,7,10407,-457734717,1970623436,2128779279,486471166,-1811537010,889213903
6,4,0,7,10407,-837618457,2107543843,1017684024,-1391028777,-219900769,-291065935
7,4,0,7,10407,-1580838830,211807432,-599298987,1701489432,249605253,1104530472
8,4,0,7,10407,1488390981,1759943243,1301834526,1191051507,826821194,-614602947
9,4,0,7,10407,-2105414398,-554135586,1568601203,-1757265893,1377902265,1845444737
10,4,0,7,10407,1563316688,-1796269044,669307276,2027056922,962478699,-1218350008
1,5,0,7,10407,437965104,1759746741,1514230054,78777886,-1213197796,-817184446
2,5,0,7,10407,578524720,401288556,809228104,-303050566,-598469705,1637192537
3,5,0,7,10407,-1995499488,1240113945,-492631577,-1412180670,796705142,1410628244
4,5,0,7,10407,-621879608,2125176326,-763388692,-1635510249,2062084395,321692438
5,5,0,7,10407,-995646352,595985707,-715973778,-1408640984,1110972391,-648469895
6,5,0,7,10407,-330240451,1211917069,973574132,1007915962,-1609803510,1195782918
7,5,0,7,10407,-1015415783,1751768354,250005865,-1041411939,62152047,-1455273860
8,5,0,7,10407,787523095,-207437640,561306020,1925576081,-50663682,983570962
9,5,0,7,10407,-1865971909,2026075308,-436097338,1411600428,997554130,823434654
10,5,0,7,10407,-1687940980,690934110,-626677394,-1606381148,1357686117,676889306
1,6,0,7,10407,-2042785504,1982389296,-1161210382,2003471951,1717167506,1631332465
2,6,0,7,10407,-955653534,-1425792272,-634720878,-2090764412,-96478433,1628724792
3,6,0,7,10407,70340612,-1564691089,1081183005,1612368409,926470835,1552655565
4,6,0,7,10407,-1403015993,1145165156,397226312,-2117807256,1539563590,-1104931390
5,6,0,7,10407,-1305777376,33591558,-1625169358,613062193,-82505544,1201430276
6,6,0,7,10407,1876725514,-976733155,725499376,-954638740,1178043770,603034640
7,6,0,7,10407,-1701813073,-1247935973,1636783897,1874726839,458094522,-1261729513
8,6,0,7,10407,-1051236355,-379444076,-755782007,312791974,1573904216,1510569908
9,6,0,7,10407,185700478,1223887213,151703791,-182193711,278962916,-1319637116
10,6,0,7,10407,-2145423229,-66503474,1848552507,180479427,-1980676329,-124324880
1,7,0,7,10407,-633893825,303061796,225204066,2108454,-929064625,-1494621924
2,7,0,7,10407,1796694152,-1673206021,699531139,-112922237,-890306914,1362025175
3,7,0,7,10407,1108938941,-1905284994,1251676315,-2091095983,1520011155,1697077046
4,7,0,7,10407,-636872884,195893771,-1300461165,2067675099,1683813614,740746826
5,7,0,7,10407,1369255592,-2106973667,-1276737669,1921259989,1201534638,1320086779
6,7,0,7,10407,-1839841326,1306707697,-1102750154,812139978,1156135148,1345428457
7,7,0,7,10407,-78053718,-705521649,469509743,1277321441,-310550117,307621081
8,7,0,7,10407,-514452926,-793968928,731515748,-1070757965,-104567404,-2019480086
9,7,0,7,10407,-1255868679,-864757277,-2141830977,-1413335337,821907240,1674883053
10,7,0,7,10407,2084249314,-1258409218,-1787512117,2022946173,-1675451729,1529851785
1,8,0,7,10407,-2063298419,214014304,-647421412,-1110144043,1948201836,313235298
2,8,0,7,10407,1298727308,1390111274,-1661942679,-42920149,1011168122,645416116
3,8,0,7,10407,-2146490186,-1152012663,1776773380,-1435065514,1739861143,288483522
4,8,0,7,10407,1545096369,1464327447,829628904,1137053061,-2008977971,-1277382931
5,8,0,7,10407,-1215937846,-852433226,-2020880191,185238185,-813917276,-1238548082
6,8,0,7,10407,-785780234,-62173744,-1430211513,-313923852,352108251,-221867857
7,8,0,7,10407,193976105,-341870983,-1935300123,856970239,-3616994,1584778456
8,8,0,7,10407,846395752,-1569584208,1042611583,330819442,1451789650,-809599225
9,8,0,7,10407,102787873,1474517234,670189520,-208245031,940942723,-1292419455
10,8,0,7,10407,-1059833149,875023538,1017122724,866891537,796549550,-779224058
1,9,0,7,10407,1282730241,522946118,1589004388,-1852751578,47917768,237330707
2,9,0,7,10407,-1883347687,-331652740,1396075277,-25166236,1055368796,398429894
3,9,0,7,10407,45965251,781110527,822440943,-1238307796,-1590938279,733832749
4,9,0,7,10407,-383821391,-1390647006,443761423,-1594032809,1422084841,499338761
5,9,0,7,10407,1502949043,98000827,-790353272,-1456676935,-1385484537,1007737394
6,9,0,7,10407,-1105215164,950324167,1675608703,-1732441713,523575383,596155155
7,9,0,7,10407,-1211179551,249862943,-475283872,1422080340,-2057956599,964099513
8,9,0,7,10407,-1417959191,-1538258747,1447776009,-1601873747,-1708986123,434275961
9,9,0,7,10407,-1187253242,-467162747,-64826737,2004001621,1759907753,-682387771
10,9,0,7,10407,-94753675,-1316234055,-1010171348,-1581730354,-1338237155,1277215813
1,10,0,7,10407,-558962357,-748693289,-2126609442,-896266977,1093768829,489598705
2,10,0,7,10407,-145400689,927046509,1470742335,1940439243,-1821380091,-31144261
3,10,0,7,10407,1387531306,-2038090037,1800734091,-640518948,1359500913,48385419
4,10,0,7,10407,995294461,1177601127,2121926828,-256962476,-872032578,-874556882
5,10,0,7,10407,-706569019,-30935056,1345718052,-385872219,-1926829779,883168922
6,10,0,7,10407,1493331168,-956464853,1356377604,-1172302498,1828604093,-821614254
7,10,0,7,10407,-1031829232,271782839,1926413352,-1540590689,-1512346576,810051469
8,10,0,7,10407,-1902156907,1918551869,-164539081,647661319,-1946445192,1888706814
9,10,0,7,10407,2077563066,-1012749704,-1430954366,-533158922,-790156217,-1340927722
10,10,0,7,10407,1214991269,-279742772,-379333443,-176394045,1119063701,1279277027
1,1,1,7,10407,-559631503,-1413708711,1494397529,-2045769293,-195907853,212592350
2,1,1,7,10407,-1470152135,1713292876,-398061936,-182295658,270105247,-491820811
3,1,1,7,10407,101033159,-1856036337,1857256839,-776151007,692771567,-1266125212
4,1,1,7,10407,1705455488,1240706956,-1223329051,-699759168,1213228352,729231680
5,1,1,7,10407,-2114539230,928277126,541720385,-1699584899,-643215875,1462969752
6,1,1,7,10407,-664297223,54977902,-1919118702,-40881279,-1391563609,-266610686
7,1,1,7,10407,1642389217,-1339757986,-90716734,2040022514,-1940738797,-1343577307
8,1,1,7,10407,1529793963,1353833100,-1726039929,-341338280,129363759,2045565470
9,1,1,7,10407,-1898507714,1969791686,525886417,1476125486,-1622950902,2058409739
10,1,1,7,10407,829079575,2090590486,1882229153,861445201,422228699,169753533
1,2,1,7,10407,-967481236,409572944,1075962736,1625846981,37789902,1556453486
2,2,1,7,10407,640485479,93523829,-217864778,230445478,907584493,1624646310
3,2,1,7,10407,-182078587,-1951579966,-1894030912,1110894047,-258464417,-999523850
4,2,1,7,10407,-111697551,1843581280,513544123,644990290,-195011012,-698749658
5,2,1,7,10407,544472393,-1309947030,2123399351,-1851430849,1333569079,-377765550
6,2,1,7,10407,1415741133,-1610945609,1327882554,-1656463270,-937792642,-603327580
7,2,1,7,10407,-467925158,2092959202,990161155,-1102886076,-671936985,-1038791654
8,2,1,7,10407,2034428968,258907288,1788657798,-1115058916,-782814306,-1082621666
9,2,1,7,10407,1322793910,-771446676,797579681,1602127114,-1308082766,-658258748
10,2,1,7,10407,-1925711929,-802646819,-1114442456,1829233402,-1922205512,1759474937
1,3,1,7,10407,-1154577212,-1244544553,-2038157240,-514018108,-1254221419,1840132189
2,3,1,7,10407,-130913780,-2122002684,526721277,-111941340,133612655,742374272
3,3,1,7,10407,902764041,-2144993110,-623728137,904255775,-1734457962,-274111665
4,3,1,7,10407,-240688641,-1162628436,-949177093,-1039432890,-464639971,-1699096692
5,3,1,7,10407,412390325,-1095017557,2133716857,-776593726,-1459972102,-594655087
6,3,1,7,10407,-1460313420,211119280,-1249899840,-1280602086,359971322,1316349913
7,3,1,7,10407,1292125236,-2072555796,193406523,-1682714382,130634363,1829233892
8,3,1,7,10407,42098762,-76010789,1464379835,308001984,154466156,-1270219289
9,3,1,7,10407,1008769406,-1038756493,-2024801548,-850936119,-2004988393,1648453300
10,3,1,7,10407,-2055646836,2144662281,42307194,-1478835213,194724315,1120956748
1,4,1,7,10407,-2119390341,1491888290,-1726057339,-1446185307,2109329620,1534041591
2,4,1,7,10407,174145125,-1238660936,482290501,-1792727753,-471651073,-1605376242
3,4,1,7,10407,-1308541371,1456131803,1483733614,1261035821,1032601920,-1079016983
4,4,1,7,10407,877512295,-571590536,-1693279305,-737824162,1517497214,28299872
5,4,1,7,10407,-1880234549,-420837399,629262129,457632214,-1350097458,-2061540757
6,4,1,7,10407,1851887744,-1243449276,-309467653,-683222928,-51755278,-2002957815
7,4,1,7,10407,-74012793,1711095974,-904824398,758369339,-1836229943,453629728
8,4,1,7,10407,849664801,1096248602,1720040323,986503533,1732133783,-115928033
9,4,1,7,10407,-1990255948,1423050393,-972079210,-206600482,416623506,99088209
10,4,1,7,10407,-1893729257,1398638181,602310289,-1803286359,-2007005987,1381397364
1,5,1,7,10407,-1463969588,1683692679,2035883442,1722389192,-1060532663,-1481971452
2,5,1,7,10407,1886764446,1850707957,-1531938355,1595394711,-2022817909,-173491645
3,5,1,7,10407,-337766525,-377815400,-1156138146,-1423430775,-1163479627,-31084460
4,5,1,7,10407,1625553032,-377427089,-1478805304,1937475956,1805374424,-1828734411
5,5,1,7,10407,-26967864,-289251356,-1371616247,-287238699,-456325945,-1632100097
6,5,1,7,10407,1969802869,-422019188,-1617457629,15376247,259314949,614667070
7,5,1,7,10407,1800336326,1158406966,15777805,-1560603836,2048862089,-651655549
8,5,1,7,10407,-816481572,1785001967,1415431464,1548184393,405583102,130419737
9,5,1,7,10407,1504576972,1744763147,-2042150129,-2102701344,1511568898,-552476370
10,5,1,7,10407,-745401535,-542820006,-810957585,1143213069,-570030149,-911606735
1,6,1,7,10407,1289578866,1687131651,1844487010,-1313976877,1169339580,454532616
2,6,1,7,10407,-1902897337,-546738325,80341566,-996235371,534202554,2030994461
3,6,1,7,10407,-1461256883,-1035815375,-411313262,1228199693,1196681399,1935032571
4,6,1,7,10407,503113903,1465759613,1478682386,175084621,1992687730,-1182999203
5,6,1,7,10407,111898365,212476243,301119577,-1957130752,-389516164,-1241790297
6,6,1,7,10407,56974529,582397925,-278668911,-1039106091,-1654898931,1464756948
7,6,1,7,10407,387203037,83060204,677668927,-1742967168,-404473047,-1953423436
8,6,1,7,10407,1827405287,-1674704202,-2042563763,-805151131,115736195,-1072696779
9,6,1,7,10407,-1787358005,907897940,-1259383592,-1775862242,34128140,-350748574
10,6,1,7,10407,-1192111389,75184268,-1760243559,-2105102293,-737800429,2131401120
1,7,1,7,10407,810991410,782075967,501931082,1115073737,120033902,-1878337891
2,7,1,7,10407,-2061144221,-1208639052,-985468801,368541498,-1240057648,90510087
3,7,1,7,10407,-1480025356,-1596667425,1033122929,212491227,40982382,-1735336712
4,7,1,7,10407,773792034,-1025511600,22752400,-720427383,1811080700,1417756155
5,7,1,7,10407,354267627,-761649399,-1619393937,-143567040,-2114661286,567680882
6,7,1,7,10407,130930984,1122250907,627511251,318832632,788449840,-369602423
7,7,1,7,10407,894250596,286743499,-628408348,-1098984315,214203081,-228702038
8,7,1,7,10407,538173231,1698692936,-1505411862,-854723122,1421395326,-1492171105
9,7,1,7,10407,364934736,731647714,2058234016,1978193915,-599869879,-813876967
10,7,1,7,10407,933534598,-333321560,1310673152,1810284907,1043465780,-850788442
1,8,1,7,10407,-1356093558,-1013431716,2052932639,857529533,-1189965094,-221337937
2,8,1,7,10407,-866243777,1607968638,-737398680,1006692182,1564971273,1918209748
3,8,1,7,10407,-2104544754,-1410916100,-296155327,-629025114,421841625,-1416041454
4,8,1,7,10407,-836907008,959869346,1277786280,-1942149192,94659540,528241879
5,8,1,7,10407,694833245,636475741,-235643827,-7008600,-662949161,-1666812174
6,8,1,7,10407,-1292445048,-228803494,1425980193,-165372673,1210606808,-739030023
7,8,1,7,10407,486431972,1314821509,-1845233233,555942101,1690641582,587751499
8,8,1,7,10407,1421543911,-1141848464,817725862,-1507600086,860982032,-1802655055
9,8,1,7,10407,1596647014,-1394605811,-32065859,-2091495164,1969298773,1975279276
10,8,1,7,10407,1877312566,200277431,-1806915,-1343337174,1788926708,1201751850
1,9,1,7,10407,849001381,1113986544,303007461,1704585553,623706792,-1534624765
2,9,1,7,10407,2021720941,478080353,-1019541990,-2087040585,1775708842,68483044
3,9,1,7,10407,-268315717,-1286610306,2005092205,249459380,802192109,1171872961
4,9,1,7,10407,-1273958882,347333750,-445612662,-964938092,1216203241,1508679901
5,9,1,7,10407,-2127048233,-1083874361,-1491113119,122397741,231968525,56065923
6,9,1,7,10407,-1968176954,-1137024907,1700353378,-473711944,1888187751,1311180776
7,9,1,7,10407,100986277,-1070167197,-1490757995,1973047022,-378029644,-2078501587
8,9,1,7,10407,-345657883,519394757,-1074327628,1483303155,1911368220,1842101337
9,9,1,7,10407,-2088243641,337182432,1793323094,-1139290522,1300957162,1688054960
10,9,1,7,10407,355979153,-588361432,-1760230669,1103676458,1162636464,941919152
1,10,1,7,10407,-1772381505,516489665,-1167906801,-653357923,-1344700678,-688348324
2,10,1,7,10407,2059476726,-220100644,-467688313,385208936,381428366,-120651924
3,10,1,7,10407,-210927233,-304572211,1163233231,1287784482,1666907329,102103724
4,10,1,7,10407,195501501,-1021912351,1372320672,-1139168422,-1493388701,-1118128424
5,10,1,7,10407,-1318776938,-2103069646,-1719163124,1390159186,-1760943677,-1668810286
6,10,1,7,10407,-1472061476,674470565,-1182193930,-50898744,372850992,929626536
7,10,1,7,10407,284812789,850669374,-88224622,-708788636,-1649053084,-1809019180
8,10,1,7,10407,521809120,1801165286,-1109807979,-604862192,1008354310,335703926
9,10,1,7,10407,108499365,-1178715407,99639298,-1886376797,859183586,-379754217
10,10,1,7,10407,-1757096299,-485171711,267656345,-1160127934,-650247393,1475143137
1,1,2,7,10407,1106274339,-744158077,-1450868980,-45737816,-1331826425,1866726581
2,1,2,7,10407,452576446,324433329,1192821016,838129228,2090396448,-375560381
3,1,2,7,10407,-332251124,-1715647092,1736052199,-1527042471,731672515,493198560
4,1,2,7,10407,1361447862,-1860361190,1158527706,1042111974,2144601299,1333354543
5,1,2,7,10407,91291055,1294693036,1277996171,400769756,1463582224,228831024
6,1,2,7,10407,-934344747,1090748031,-1494950789,-1048912700,321575625,-1625088557
7,1,2,7,10407,1540293285,835732315,1174901224,1878482108,-1788879589,810238888
8,1,2,7,10407,-1127070710,800525708,304241421,-133144955,-668574167,-770055515
9,1,2,7,10407,-231887329,-487488520,371628195,-2110724349,-1895805006,-1093881650
10,1,2,7,10407,834004752,1477308171,491149189,-1815712213,-992737746,870570423
1,2,2,7,10407,-764054914,657578867,2025884545,431633778,-161039035,-1547178610
2,2,2,7,10407,215747537,-1166682833,1243662022,750437088,-1287524398,-1131306150
3,2,2,7,10407,2055915510,1337791410,-4173358,1974271343,-1089658317,-731989412
4,2,2,7,10407,-276450190,554241608,-1667924118,-1783134464,-428974354,782235943
5,2,2,7,10407,-932845272,1652255709,621023804,-948278959,1232131291,-153011622
6,2,2,7,10407,319271195,1357551548,-739812274,1689021356,-1105509295,207528641
7,2,2,7,10407,1670780652,157629195,-1535201026,-27652077,-966743310,-1170137646
8,2,2,7,10407,2125698355,392233734,-401976664,-987455263,1439356917,1674655608
9,2,2,7,10407,-1559799178,-428929249,-657085713,643144403,260357781,-1370471004
10,2,2,7,10407,1663104560,-132552705,-1371645807,1101688116,1713677114,2113361615
1,3,2,7,10407,291650301,-2121459279,1987326330,2118938486,-529796246,-1411965205
2,3,2,7,10407,1332061298,-824098036,-1404567331,1396512284,-660228073,1909525141
3,3,2,7,10407,1435709231,293013056,-1677215050,1097384332,1616989686,-207951813
4,3,2,7,10407,-1476136368,-1080592622,-1514132750,1163416366,446214324,-904467603
5,3,2,7,10407,24544442,566836173,-1674525079,-5076585,1349630074,-1679520843
6,3,2,7,10407,-562105041,917340744,-1594458277,1047198824,-1779781743,-1198627119
7,3,2,7,10407,-2086902808,50807451,1923514427,577348526,-813208634,1604127480
8,3,2,7,10407,1048923426,-583184460,-618502544,-376990863,1475837220,1687854666
9,3,2,7,10407,-1344603946,814672162,-565182081,-1795809833,254813015,2020465627
10,3,2,7,10407,-100572342,-1421442812,1971546851,-1877247971,707867629,-1671871250
1,4,2,7,10407,-1440209475,-2029493228,-2097289253,-1922681377,-834673348,-920730798
2,4,2,7,10407,665357580,292998691,-1591051787,-1262399601,-321421924,-713364176
3,4,2,7,10407,1843431762,-1066431133,851860669,1131535541,-233660581,-1665233750
4,4,2,7,10407,818125054,-2032624831,1819540345,-2055277184,1649987102,-1180434815
5,4,2,7,10407,-1284965146,1240548033,-727103440,-1465441882,105809276,1236331634
6,4,2,7,10407,-114114215,1946537887,-1654834011,2099219241,220027335,-579669590
7,4,2,7,10407,-1757272338,1770254668,-821575127,1211523344,-610521976,1181944048
8,4,2,7,10407,-1813271850,-1903096359,1684758720,2134192539,-1860968630,-206277986
9,4,2,7,10407,703330981,10998691,-1444667186,-892619867,-188001473,464053543
10,4,2,7,10407,2097280187,-1851344848,-675524313,482590156,-1080931468,-947519602
1,5,2,7,10407,471928472,187463791,948443433,1492309913,-1179477484,-411313955
2,5,2,7,10407,1356823880,1728854125,-2020143765,1982292129,1204362063,903098693
3,5,2,7,10407,1185430333,-511214727,757334495,-352010498,-386498236,-1724325580
4,5,2,7,10407,1092029085,416986359,-66604235,1929215866,1378861893,-1721898222
5,5,2,7,10407,-1831892422,-364751043,14730549,-1200376711,-744157705,-769619659
6,5,2,7,10407,-1919399058,-1067289131,897782784,-940735624,223468517,-450653610
7,5,2,7,10407,1452046099,-157144349,-328868809,1308772455,149950432,177082279
8,5,2,7,10407,1747575474,519961525,838120060,1352481230,-2577524,-519399130
9,5,2,7,10407,2121730912,-2098083031,1971250853,1653358882,-1504754141,-1337373113
10,5,2,7,10407,39219117,641791024,-411486382,82795516,-1893557268,550979122
1,6,2,7,10407,-1855648756,-1742144656,-1274664162,2103119691,398405900,1134354703
2,6,2,7,10407,2107465425,-1705629128,-1309805154,462265862,32430194,874544503
3,6,2,7,10407,-651016085,1426444450,1729562142,1956809466,1175185935,128273445
4,6,2,7,10407,1225369334,1794892844,1828879198,-595640724,-1945932927,-1312119048
5,6,2,7,10407,143466006,-1983437282,530969431,-2053273375,-340916535,118929722
6,6,2,7,10407,1179434157,1049047677,-482622826,2002912667,-138018277,1569809586
7,6,2,7,10407,1983034476,231673058,240172288,1736032390,603810123,-735886753
8,6,2,7,10407,-639076505,-1170762249,-1690469687,-1096343367,-2021156449,258830124
9,6,2,7,10407,-886540095,-505489700,-176840002,-640999380,955110409,-1347645373
10,6,2,7,10407,1494491763,-554650658,1909610836,1876752225,-727176308,-1986163887
1,7,2,7,10407,-350384327,-477932568,-1173728079,526402742,-2001299024,1101632043
2,7,2,7,10407,330761452,119929067,925587497,148886591,72667455,607724651
3,7,2,7,10407,370828436,910656939,2087313962,-970993580,-1773848350,-38604623
4,7,2,7,10407,-1231189164,-1342125718,-402170137,-1154102061,1924013426,-799958889
5,7,2,7,10407,-1084560012,-228410961,-917389937,1636291954,836494320,-1872132484
6,7,2,7,10407,75297119,-1278588104,1883291351,-1826065635,-482565053,-1735290268
7,7,2,7,10407,-1914895372,-1299426301,-132594679,462394399,100452294,-771759514
8,7,2,7,10407,-1994503299,795070331,-1954190585,1650364895,-1143775044,443122280
9,7,2,7,10407,1974776142,1838876095,-1988667154,-1113167719,130774318,-1213971421
10,7,2,7,10407,-381050443,-1358505980,1915232105,850676597,-254221449,526665421
1,8,2,7,10407,-1785097472,907110506,-514943398,-1717094194,193242769,1708876365
2,8,2,7,10407,-1311089382,-150079299,-1822236811,-457081983,995713148,-1066987630
3,8,2,7,10407,-83413897,-1368538153,1169312667,-807271635,-1848418640,378404994
4,8,2,7,10407,2063842381,-714592279,2135648146,-481616004,-66559485,1044920105
5,8,2,7,10407,1089735300,1957407490,-1463570124,1532932426,1618095921,-1051267804
6,8,2,7,10407,543661606,1724124991,1452666031,1062090451,1395174058,-2143788337
7,8,2,7,10407,1049672607,-995939124,-1572160865,-126833865,1983975931,-705542706
8,8,2,7,10407,442274898,1926306836,-882857634,966456731,-1084764995,1075405240
9,8,2,7,10407,1708056003,1346146446,-1050648562,-1228560119,-2049983033,1509602369
10,8,2,7,10407,-1288859575,-1046860751,1732137123,-1255864382,-1868822692,-373974125
1,9,2,7,10407,2040807267,571663004,-1818983591,1069158579,-2117336403,-2090126107
2,9,2,7,10407,604078601,-1712653970,-594442634,-769466367,-688066237,-49039301
3,9,2,7,10407,-885108476,1442365262,-1339495843,-1053407171,554786099,-174613316
4,9,2,7,10407,-1958018052,-1738137794,1051257742,-1145736816,-1198765782,1098715154
5,9,2,7,10407,1397992856,1552175087,-2047688538,1740526275,1783123512,-303954603
6,9,2,7,10407,-454311496,1330432838,-1610664662,930079137,-873567703,-2140963236
7,9,2,7,10407,1797794526,1698836281,654786119,-233512425,-283082390,1641823148
8,9,2,7,10407,391536156,-1821263864,1632991196,-1738253297,1124397653,-1640708253
9,9,2,7,10407,610399666,521001495,1717690821,-1841006755,-159343230,-448624960
10,9,2,7,10407,406209366,1470233304,-987784807,1314927444,-970276128,-353996410
1,10,2,7,10407,-662937328,-1601760888,-1332116940,686009449,-2072640330,-1053853621
2,10,2,7,10407,48876118,1481660602,1544621071,-601143393,-462678751,-1217732933
3,10,2,7,10407,-59561559,1885884515,-1953117435,-1815049480,117112079,-368370450
4,10,2,7,10407,1440817154,780527515,-1575308534,-720636483,-1488566061,-444732637
5,10,2,7,10407,350138334,-947893920,-337378686,-375894350,-1842746791,-1337348433
6,10,2,7,10407,-732722523,1071163787,456966232,-43294072,-429679167,-2127979568
7,10,2,7,10407,1286183468,1709970936,-1849935382,-24263184,-184001386,-177531573
8,10,2,7,10407,1743581156,480217629,1260722994,-703271637,500864907,-386943836
9,10,2,7,10407,-1800269705,-785881758,1571336635,-1067050089,-537620424,2059110838
10,10,2,7,10407,1892883912,-227651621,1545913510,-1456862645,17780017,184469614
1,1,3,7,10407,-1496730106,-186312391,-1835370028,87580746,2053070948,-815196472
2,1,3,7,10407,-501423575,-1902362393,-1122194521,-471094082,-1060960675,-1071201784
3,1,3,7,10407,938882553,2088854734,-1714151017,241421667,-112122588,1351762684
4,1,3,7,10407,1271710722,362892695,2102088370,1447307449,-323120642,-1129212107
5,1,3,7,10407,2045875834,1834492238,1935356842,-2004617542,591959433,703971691
6,1,3,7,10407,-87327314,-7709662,-542365330,-1015969002,-1660390673,2033095256
7,1,3,7,10407,841717052,80780715,1809725997,1813536855,1949346810,931861442
8,1,3,7,10407,-1054439100,-1745127993,-1237576972,533501547,-1123479885,-1186301287
9,1,3,7,10407,653008945,-1899078657,-837883381,-2133230678,1252276199,1475267664
10,1,3,7,10407,987984608,1717841697,-991230241,276935654,-1515124554,-965738360
1,2,3,7,10407,-1197652589,1573370192,-184348371,-292000587,1859785210,1695362652
2,2,3,7,10407,-434841390,1843217112,1980080991,-2073262519,1240823817,1659443700
3,2,3,7,10407,71826992,-1173522593,-36057874,2002687731,-1116993443,1427156302
4,2,3,7,10407,2032399773,-1895418699,-2115594043,-349428783,932576462,1533421135
5,2,3,7,10407,-412518207,366709880,-478982673,-1595717168,-1679356428,-1661168193
6,2,3,7,10407,-570466609,-566409732,1069396320,-1328511904,-267622030,887368904
7,2,3,7,10407,145162607,562373349,-1915537651,-1027989218,1929083425,966112567
8,2,3,7,10407,1263980438,-1917970386,1365165294,-973399850,-895628813,-1935378832
9,2,3,7,10407,1039955756,1297965444,1066328017,1929169587,1775294947,-757303515
10,2,3,7,10407,123581780,-1017497172,-1205087161,1098290224,392869320,749353859
1,3,3,7,10407,-501810207,-1759316021,169170188,515955229,1693881992,-429625116
2,3,3,7,10407,-1613154893,-1240668115,-274524945,-545488414,-1037134659,-1692351570
3,3,3,7,10407,-286139436,-1810094464,-572434934,-610108996,-158034096,-539976777
4,3,3,7,10407,1441942412,-1690918806,772692457,-17554544,1677441879,781121272
5,3,3,7,10407,-1980004915,714358647,-698889666,868993965,-1259981691,-790192623
6,3,3,7,10407,-500236576,125301707,-971806638,-1104994789,-1999705384,-106250500
7,3,3,7,10407,2043140697,-2145754854,2117195016,-1083418811,-1584442818,-979309301
8,3,3,7,10407,66987450,347433557,1058511147,905542437,300850367,1205212480
9,3,3,7,10407,841191639,231557359,-459537245,-431903839,1319248078,1117757645
10,3,3,7,10407,370731591,109500629,-1655027549,-670097004,930545921,221542761
1,4,3,7,10407,1167634065,926785691,-1504574221,-848274557,1748819416,-334732736
2,4,3,7,10407,1963694163,966790753,1214242502,1310331638,-1235183667,-1357267381
3,4,3,7,10407,1685954659,-863247685,2130021131,1553331961,-866044648,1590315296
4,4,3,7,10407,-848323768,423647009,-281756654,1196606622,-808602832,1096778894
5,4,3,7,10407,-1820896879,-839465800,-266842073,-1726068481,-1742958367,-1214051110
6,4,3,7,10407,1324550347,-336333887,-886903643,1333588500,-1984747305,-1345794000
7,4,3,7,10407,-1173431474,1158358020,1645752829,276974837,-63931819,-499033264
8,4,3,7,10407,-1176030979,604805322,2087780077,1128306934,-1055849232,600716358
9,4,3,7,10407,-1959682726,932791078,1386537568,-1148783014,775553533,1823282706
10,4,3,7,10407,456069423,74523335,1401500120,1693513417,1090570751,-1966590147
1,5,3,7,10407,892587469,734150249,-1994886719,-971409368,-1849908997,945983792
2,5,3,7,10407,1668418045,778012927,1906036431,1396481530,-1958596366,661019565
3,5,3,7,10407,-1855063153,466337737,-707815611,-199974891,-1611353108,249724560
4,5,3,7,10407,-989959539,1814993036,1691355781,-240233595,-1685415437,272804452
5,5,3,7,10407,-2078884818,-1726801715,548239890,-1208714938,-1826505846,-1031223672
6,5,3,7,10407,-1954244370,-688697536,1098709935,-1624157037,1927189966,-1832002570
7,5,3,7,10407,1940214130,1153484308,1987849704,-1836560792,1519684148,-361081454
8,5,3,7,10407,1160962164,-1526818650,-1406467570,465126764,-286788303,1162277724
9,5,3,7,10407,-59016339,-629279844,-1359491236,-687230440,-1519985745,-34823354
10,5,3,7,10407,-46981036,1772876097,374455009,656077822,845031596,-1048081577
1,6,3,7,10407,1733965926,-1546040656,-717264300,-1694087847,282850073,1812594501
2,6,3,7,10407,2071215116,884705319,-353864755,-632567927,363194711,-603616546
3,6,3,7,10407,-427194003,-1417178925,482334500,951503012,1733788972,-1260160993
4,6,3,7,10407,-1877635733,-485361387,-459505704,524763060,441898279,-1038657213
5,6,3,7,10407,45023338,1872275352,-738727672,-846811066,-1651741783,-1209902299
6,6,3,7,10407,1232580989,121067474,1399645457,617750323,-1706281397,-1594441459
7,6,3,7,10407,1118266383,-1461266420,-1775678809,1813454712,649572499,612040390
8,6,3,7,10407,1887276134,-752641925,-592215149,-1598744405,839672643,-365992192
9,6,3,7,10407,-1912521413,-2115981598,1111118529,-790875494,-705801834,-1280704372
10,6,3,7,10407,-1186130573,1781453215,1933092652,34222907,-1639830219,-324288059
1,7,3,7,10407,49553386,520034778,-217628305,1016598339,649274549,-1013100877
2,7,3,7,10407,-106535319,-666927448,-1023860471,1326212232,-777190055,-1261765858
3,7,3,7,10407,-147180758,-71919773,-1479520920,-1043586184,233260008,2068445758
4,7,3,7,10407,108273570,338455580,-640170464,-2095050195,-1958104363,-629252976
5,7,3,7,10407,998715514,-1860580094,326371299,1594212567,341806382,204193055
6,7,3,7,10407,1736280578,-133227461,276784049,1971740416,-1642696612,-347750711
7,7,3,7,10407,-2139937420,946347018,1631133155,-451355406,-1577075624,1816117161
8,7,3,7,10407,-750915537,1154516633,-853212856,-1566724898,-1567948838,1782296442
9,7,3,7,10407,840632307,-1023805552,-174911948,-290408225,-1511092420,-421166979
10,7,3,7,10407,-197871594,-1730288361,558790223,530109617,-1788078724,-1848034053
1,8,3,7,10407,1406112542,-885704117,1107171645,1198567706,584826128,-819117642
2,8,3,7,10407,-1480300884,-335563260,-1077799256,-1520612886,-1780780280,650570395
3,8,3,7,10407,627258786,1498379199,96146980,-672835654,200231833,-1441009486
4,8,3,7,10407,2010092445,-1412133890,721992671,-125451963,-1289955076,1129631765
5,8,3,7,10407,181100882,1796101428,-687868919,25743887,-904917824,-1888710690
6,8,3,7,10407,1291437077,-1654073279,1681008581,400365794,2052562045,526370616
7,8,3,7,10407,-350117590,1714537592,-865688407,-665455978,-1026394904,469685878
8,8,3,7,10407,-1157040286,463089217,-114764544,1733538507,1171304520,-266090893
9,8,3,7,10407,688363924,1034476375,1314762733,866460899,-312777073,731988482
10,8,3,7,10407,1506999038,-82746355,-191178190,858527014,1974869197,640249849
1,9,3,7,10407,-234079593,282208335,335997027,1290143585,-1041107213,-1299912897
2,9,3,7,10407,909920639,-629863887,-535245917,352660283,-452186355,-263126831
3,9,3,7,10407,1417016249,585026502,-370957690,2088325296,-129003779,1820428634
4,9,3,7,10407,-1071104413,319383593,1692409222,-1778143270,1915115704,554749059
5,9,3,7,10407,-2109995054,-1009488687,-1439538860,-239307504,776277231,-994430793
6,9,3,7,10407,-1568933609,-1353727992,-502830921,1556020070,-1246049062,1996896072
7,9,3,7,10407,-1366638822,2031137144,633035088,2036740751,-481098239,-570069711
8,9,3,7,10407,-905129224,1733659299,573962736,-718915568,868099873,-628280489
9,9,3,7,10407,-1129411828,698114449,817229444,331617463,440745779,-184847617
10,9,3,7,10407,1082608023,1726036280,-797425746,-1053606701,-958071803,1393742283
1,10,3,7,10407,-597297582,-1072808340,1071190588,1545212750,-1652504276,1958643975
2,10,3,7,10407,1113118372,-240155646,-1393300828,1532365615,-812495179,1798883768
3,10,3,7,10407,432227888,124968280,2018537004,125906594,676453040,1695105092
4,10,3,7,10407,2079410927,-1273304213,-1442932583,-2034723114,87291348,-937205643
5,10,3,7,10407,-55752248,839888858,382138588,-249974362,-1531837344,-362210186
6,10,3,7,10407,-542673498,1676166635,-597037000,1963379499,-1703426997,-934123090
7,10,3,7,10407,-1945602308,-1521810984,1250681210,-953747358,342459908,-746622504
8,10,3,7,10407,-569088191,-51206347,-1906173722,946255677,531793824,1808362365
9,10,3,7,10407,-528630248,-622351730,40381723,995851452,-2142059135,-99578993
10,10,3,7,10407,631072389,-901521218,-1005112551,-230702215,-981096579,-688494868
1,1,4,7,10407,1090315674,-241172493,2093391256,945271845,1183109482,-1744188979
2,1,4,7,10407,428655075,1525260035,-886710258,-1941320908,-1031653274,-441760419
3,1,4,7,10407,1752146028,967169397,-644644961,-1649586669,-1195206140,914778988
4,1,4,7,10407,-336414033,-1139624391,1286896084,531218877,-128127616,231569228
5,1,4,7,10407,-896092262,223673148,385583171,-757044858,1587004465,1176906795
6,1,4,7,10407,-1384868504,-1880475611,-1603275443,212706411,-1997488531,-481897988
7,1,4,7,10407,232509805,1668172468,-1649701182,532271764,1628820587,70695546
8,1,4,7,10407,-1059695642,-2001801237,955889438,895443182,-292937965,1926778236
9,1,4,7,10407,-1687324289,564934633,-18805388,1566311269,888615513,-822321217
10,1,4,7,10407,-545589630,1023562895,-1036066797,-1141145503,-910896160,248631699
1,2,4,7,10407,1818935186,448900678,1296936380,-590362193,2083149545,-1337062577
2,2,4,7,10407,490571305,711327936,-2088979142,1722895842,-364991942,-1005265628
3,2,4,7,10407,-2069171631,119499350,96164390,-1620333239,691819743,-434054868
4,2,4,7,10407,419046109,-812248680,1540272552,1890948621,-1337446261,2056202831
5,2,4,7,10407,-968328291,564213295,-770460250,-1921034391,-270992195,-158996657
6,2,4,7,10407,460227641,1095896986,-202544822,-1612061034,903917727,182269668
7,2,4,7,10407,167525627,14161089,-1460765282,1711202829,-1963387360,-1463585860
8,2,4,7,10407,1300046830,-1730985409,-1676885672,1731484916,1730292535,-710181111
9,2,4,7,10407,1388759770,1071073711,-422448065,204401980,-746695391,-156213870
10,2,4,7,10407,-883584664,-1560110123,447371939,1003275235,-1427327520,-1687792148
1,3,4,7,10407,1372405348,-1217799969,-461064120,626752747,1501247126,2137195307
2,3,4,7,10407,-2061055847,339414316,-1145073578,51337382,-2035311588,1425280886
3,3,4,7,10407,-393319290,2054527940,-1370348774,-525768351,375791541,-1798823323
4,3,4,7,10407,253565510,1648000452,714081141,918772474,-1432878636,233820984
5,3,4,7,10407,328548145,449692482,-1612576719,1856727174,-1127782159,913929265
6,3,4,7,10407,-648786439,-704252781,1795533099,1553539173,487169010,124158529
7,3,4,7,10407,237301347,525170484,1396062716,-133811221,-1701383281,-1718450734
8,3,4,7,10407,1419453322,73729888,-1055955205,-1999305831,459342134,-5600709
9,3,4,7,10407,489426222,-1542612292,922213323,1715199728,-256076212,1094942704
10,3,4,7,10407,-1978242433,-119167998,-485786693,-1115944960,168908417,867776937
1,4,4,7,10407,1922504953,2114234348,-701079025,-534369757,903437513,-361530372
2,4,4,7,10407,-1642107303,933703591,-1534888362,952820560,1381658494,1480616190
3,4,4,7,10407,-1307021147,1845917294,-548734055,926862189,-1285763001,1418741622
4,4,4,7,10407,874463859,-873902167,-1542112847,71074098,525481742,1294243614
5,4,4,7,10407,1287492937,795849608,-357463760,-1101843074,-772552044,-291829431
6,4,4,7,10407,1579371289,1925776500,972627691,-1960488906,344267842,-254088074
7,4,4,7,10407,-2016808224,1512326526,-75769353,512396919,-562473213,-37388103
8,4,4,7,10407,201163331,-756632932,-1186356296,134855846,572512785,-1030194173
9,4,4,7,10407,657738947,69652990,-881104645,-1661224981,1820013360,-1607983815
10,4,4,7,10407,-878661196,-454151196,-1128683529,-235160448,-1864776807,-753660221
1,5,4,7,10407,-810930840,320733733,-752951311,438642505,1398011705,1696944554
2,5,4,7,10407,-613014847,92878604,-757045282,230428720,1154729945,-845143301
3,5,4,7,10407,-242346721,1908544766,-1056635611,-79211545,1627078784,-1228900542
4,5,4,7,10407,699496243,2109712776,-1809460430,1255620314,1370553973,-808709691
5,5,4,7,10407,1285233866,-447794558,1829619348,-1304577717,247199938,-1209525391
6,5,4,7,10407,368293178,461454449,1255969139,1130029596,-1816790750,1161946947
7,5,4,7,10407,-1234620413,-1032696045,-533746974,1782042635,262600906,1301642308
8,5,4,7,10407,1488969881,2027865427,-674137821,590308177,-1050548352,-1828227097
9,5,4,7,10407,-1556891465,1757935470,-1879403056,1865693949,2104932017,294209750
10,5,4,7,10407,-1937055141,260836790,-84860412,-2115094984,1662881521,-981876464
1,6,4,7,10407,-1525386419,1160760401,1911929484,-659163187,1222993964,542380040
2,6,4,7,10407,-389481435,132102747,-1092587412,-1363076227,23844991,-34920345
3,6,4,7,10407,-1284575943,-1021386158,1977978281,1052969956,1091403233,507039680
4,6,4,7,10407,964872732,1581771146,-1394419446,1691516131,-976293375,1939182755
5,6,4,7,10407,-179864410,-1555840506,-1594375038,1317300646,-373216990,-257005006
6,6,4,7,10407,-2093163590,695263301,-913855856,-785154857,639692226,1064997296
7,6,4,7,10407,-50599331,438137193,23646532,1616712421,-1074471921,-244143637
8,6,4,7,10407,17631249,1399434551,1572561189,806636163,1116693540,-392467061
9,6,4,7,10407,507836187,-264655568,1521859421,-187321881,167455059,1899918441
10,6,4,7,10407,-487739029,1769657473,-467963881,890551248,217428190,1805017819
1,7,4,7,10407,-1164509091,652650024,490648584,-928862436,519541434,464642585
2,7,4,7,10407,-1738661803,927172538,-794070718,392986619,-82073400,228298564
3,7,4,7,10407,1996918003,585685279,449028289,-33574414,-204376291,1970207160
4,7,4,7,10407,-470701667,1768493444,1088185908,-658421430,-1523402096,-591837812
5,7,4,7,10407,-2080367137,1462564886,-85419797,190114740,621331262,603762844
6,7,4,7,10407,562613124,1021616808,-1846714014,-352285753,-878504417,-633707407
7,7,4,7,10407,1417646358,-2032621258,-195780103,-68356661,-1418031281,-1759367299
8,7,4,7,10407,-577026827,597125936,-408481458,-1282731409,300675989,-584968361
9,7,4,7,10407,1976013354,580706468,-1868940143,-1688099880,-565100842,1297969840
10,7,4,7,10407,-1374743876,1615646456,1368478998,134923511,667279947,-505791949
1,8,4,7,10407,1819742302,627228995,-435776695,-1803197234,-541483857,1372447077
2,8,4,7,10407,-1453312407,-43303195,-703456235,-1927996059,828613671,1083148027
3,8,4,7,10407,-1443156910,-544176474,-1489350242,-1690221055,834219049,-1120777727
4,8,4,7,10407,264416878,1442396227,-542181070,561965963,-593075649,1365278349
5,8,4,7,10407,-1793487929,-1699971214,-484954878,870898595,-941677100,-1011906066
6,8,4,7,10407,1449284132,1820437103,-1841357296,-237680445,-1850720845,-640809553
7,8,4,7,10407,-1784036849,-2096963987,-1575518616,717033853,-1631661905,2046675282
8,8,4,7,10407,-1370913565,728118083,-1817066004,2066180082,1761183513,2099226139
9,8,4,7,10407,931728340,-215998651,-858725696,2021768376,1977122299,-1156264708
10,8,4,7,10407,516795983,337867012,-1891013065,-404716046,-276958308,-1176559490
1,9,4,7,10407,-1051400385,856482265,-1515872450,390567613,-1888348555,28466690
2,9,4,7,10407,521458839,2067850887,-1179064143,898545381,723303414,-1441001149
3,9,4,7,10407,291707958,1023133698,672849901,1845186922,-425655638,-1703874476
4,9,4,7,10407,833888839,-649747455,244475938,-931345683,1320127341,1747698889
5,9,4,7,10407,1376594402,-716273875,-2111099026,173785377,1314837090,1617508252
6,9,4,7,10407,1296253784,103450999,-537493936,-23688079,141537246,285927254
7,9,4,7,10407,-1015920205,1419793749,-1269662737,-480915131,949426527,-957768742
8,9,4,7,10407,-788332165,-2061560372,991783106,-1868176869,-992739891,-247836407
9,9,4,7,10407,1320825312,502815190,-1268944910,1160429135,-948063364,1229417078
10,9,4,7,10407,1265880440,-120227841,-492135417,-36462610,2010940215,-2044432805
1,10,4,7,10407,-1727497844,-1531813446,-531518824,715205942,-575216506,747256909
2,10,4,7,10407,2097866491,-1353963147,-631837972,-1411873568,355948306,-515249732
3,10,4,7,10407,-1363209973,239207415,139521320,-1178574710,-1420459291,-1120553188
4,10,4,7,10407,1833142653,1395306572,1853455919,1858508937,-1762590521,597005353
5,10,4,7,10407,-1896905186,1103978875,-1680061520,415173658,-793114617,1148488848
6,10,4,7,10407,-1656385059,728045837,1782590879,-1313229622,-814989537,-1776008148
7,10,4,7,10407,-1517671965,721281534,-130304557,2134034799,-1262090714,-2021519336
8,10,4,7,10407,1835196165,-368742430,-1660953744,-284876480,1746832808,-1264512450
9,10,4,7,10407,-443140958,495578210,-1881152013,2070119143,-1299234654,-1171804532
10,10,4,7,10407,1885391324,1486167194,573309497,-582616640,-2131455412,20487744
1,1,5,7,10407,-702389197,-512799689,-309288495,1801698515,-1084347724,-240567351
2,1,5,7,10407,633674693,471929278,1195271599,649340834,178126953,-1371103321
3,1,5,7,10407,-730251482,1360578289,2043221764,673173620,-354083807,831645365
4,1,5,7,10407,-520707639,-1306888309,222141657,1750028426,2038758918,-985239637
5,1,5,7,10407,641522516,1744297854,-1082486829,841138147,-2090286351,762304933
6,1,5,7,10407,-1741334258,531622207,-1931579153,335640618,125598756,-1024489461
7,1,5,7,10407,766170705,644605834,-1059449244,167668349,-1802300573,-1862646325
8,1,5,7,10407,-1849546215,510008420,-1921694449,942706930,-518306647,-55278619
9,1,5,7,10407,1885599116,-1940201105,1443575596,1939379309,-314258027,1795128543
10,1,5,7,10407,1229523080,-1776501145,-956823112,-136464922,1145472463,-959715566
1,2,5,7,10407,698487271,-2035557940,-158737585,1372831585,648239053,-21389753
2,2,5,7,10407,-612901431,-1787631413,-701608268,-358633955,1460860902,-628143839
3,2,5,7,10407,-446569210,1196531177,551075159,-1737328267,2082959672,1555987165
4,2,5,7,10407,557617326,-845066079,875725873,774794697,194059299,-777283150
5,2,5,7,10407,-1419531307,1066604544,353394881,-129785212,-247186692,991464279
6,2,5,7,10407,-487467132,-1657725719,2142748612,-1813279294,1930743082,1406391356
7,2,5,7,10407,-1131974536,-898752001,-1709915409,1425704056,-139785588,1420627312
8,2,5,7,10407,1607001939,-998191437,-763335194,987462691,-1949238766,610623706
9,2,5,7,10407,1604416399,858457607,-1082640672,896263876,-1611764625,-436175763
10,2,5,7,10407,575272092,-1808883129,448223561,1680568135,-257204942,-610595866
1,3,5,7,10407,-877128813,-42158240,1260321691,62780923,902082229,-429249492
2,3,5,7,10407,726390120,-628131863,-601248463,385595332,62128990,-1642491691
3,3,5,7,10407,-733620601,1515576845,604194003,-1921823509,-611303235,-266729069
4,3,5,7,10407,-1462380896,826855305,-1957747358,-1925695711,-1031328637,-534282643
5,3,5,7,10407,707445737,2097394254,1226911807,-1116820802,-1389327957,1797871187
6,3,5,7,10407,1034941834,238435175,1574854247,-1171899283,1616760027,1805082396
7,3,5,7,10407,-1759683182,280841077,1838294810,-525561829,286333800,-1457086141
8,3,5,7,10407,-137919089,-1136272548,827710884,1878762046,-1933637068,1033397420
9,3,5,7,10407,-881118129,300150608,-1928620161,-1904234909,714375592,-108856256
10,3,5,7,10407,1498589265,1079791659,-1168836364,366390983,-1689591689,-419728332
1,4,5,7,10407,432829783,45560046,-1534158752,-286093877,1700658793,-1853896855
2,4,5,7,10407,1502280874,447316832,-1030650228,-14607616,-1817441802,476155926
3,4,5,7,10407,-1012029551,1955384089,805123859,1855134737,-578591624,1734876255
4,4,5,7,10407,1430205057,-1364110683,-766291520,-962436424,422500318,1983661246
5,4,5,7,10407,1424548841,456090471,1420737820,1124058117,1346671515,-819275242
6,4,5,7,10407,-443790607,1347683280,-912599811,-1303183249,-2051735506,1939285791
7,4,5,7,10407,-393433,1897077981,2085219482,1259145597,-802471334,576508320
8,4,5,7,10407,-1120516377,-1624460520,516091752,-934109680,-1062630214,1456061720
9,4,5,7,10407,513767056,-1391156217,209245269,-1940533641,141106290,-1410907502
10,4,5,7,10407,-1540440959,1466097654,-1193284294,-2136792006,1368934339,1547573366
1,5,5,7,10407,1389530712,1560417946,-877081449,-2097388243,921031207,-1851923344
2,5,5,7,10407,289605484,-1234958287,-825438733,-941416802,-521858540,1370065490
3,5,5,7,10407,1494975885,611835524,-2065881128,781432415,1925273242,-204059841
4,5,5,7,10407,-1445489757,-382488797,1685265848,934429835,-910598185,-1889413981
5,5,5,7,10407,-765665930,1786544074,-279646788,-444015093,397754965,-1029665997
6,5,5,7,10407,744361398,1745370533,-22079969,-1928511362,-1429995657,1624467963
7,5,5,7,10407,-706510698,1206254419,-1061330021,387060020,623153107,1784714007
8,5,5,7,10407,1736154608,-909927177,234246933,705335385,615484984,-1118025452
9,5,5,7,10407,1113257437,-1395485423,-500920514,362073471,-400912382,-353566214
10,5,5,7,10407,1300919384,-298471311,-2035147201,713839670,1971878084,-1765145364
1,6,5,7,10407,369961569,-90765147,1415492022,1378521494,1471147718,422763922
2,6,5,7,10407,125467356,941512377,1685158795,1882750948,1434849191,622351405
3,6,5,7,10407,1569046191,655972501,1479194508,-392033336,-1180464788,262992906
4,6,5,7,10407,1346623302,-1478285880,-1450433160,1950368533,-1337706869,1689035438
5,6,5,7,10407,-983916110,-120880684,-1795314880,1604112115,1457689392,298446850
6,6,5,7,10407,1409279088,-367442644,1542663562,1517447407,-92583063,1267894550
7,6,5,7,10407,-1601296692,-2134747957,446272598,-514249132,-1350776554,-463242868
8,6,5,7,10407,576733671,-1467681633,-1934301906,855150575,128867324,-799417200
9,6,5,7,10407,-1259228362,-1432314176,971796179,-995705264,-932807607,-2017991646
10,6,5,7,10407,-754792684,1322042143,1863861391,-9637788,1064571376,1600045606
1,7,5,7,10407,920344767,2063754684,161846524,1439939145,1559164679,154413272
2,7,5,7,10407,1523575198,466674311,-464233468,1433613968,-1801753899,786983847
3,7,5,7,10407,142392286,801525094,1731202884,800905820,1341377286,-1292414592
4,7,5,7,10407,-379701556,415632049,-1572201497,-1144218104,-1203053025,-741122835
5,7,5,7,10407,-2066547738,-96379378,2015423931,281125746,-1903627318,1427503471
6,7,5,7,10407,-847096522,-1385056569,1014368998,1319785396,-1700901627,396419072
7,7,5,7,10407,-1512868710,1394993705,-202557598,-1784297634,-1406666510,-2143777335
8,7,5,7,10407,862004762,-1332494598,-1795632516,-1992209098,456950856,908445799
9,7,5,7,10407,1817407541,-406833612,-840148344,-270764639,-1877294108,1060283029
10,7,5,7,10407,1746262216,1015920417,1284150112,-1927339524,1307340969,1553740034
1,8,5,7,10407,-1354613149,-30222411,1528439789,2075078254,-1477302784,-530228604
2,8,5,7,10407,-554458721,-1648070007,1056063353,-40047814,756019269,1291682992
3,8,5,7,10407,1625356501,1006962734,357905387,627632380,1702575583,942821061
4,8,5,7,10407,-1335700147,1837151507,-337956765,-636199438,546805857,-1822873833
5,8,5,7,10407,-558670104,-140821623,2143790678,679805306,929375806,-119949160
6,8,5,7,10407,355223864,630519219,2032346081,-1357472407,281971423,-1322635278
7,8,5,7,10407,2015657814,1925927699,-161493343,1556368081,721591452,978015046
8,8,5,7,10407,-946419835,-1606706651,-1676849823,1193279634,342543318,-186011901
9,8,5,7,10407,-1528108304,1137276098,28927810,-527520657,391222021,-417699169
10,8,5,7,10407,84431710,-1076521646,1414883131,-1284399673,1307138788,315206278
1,9,5,7,10407,-1651441980,-134810339,1292976185,-1946223390,44106015,613078347
2,9,5,7,10407,-22828946,782110888,-968274587,-538766779,-246259493,-211073477
3,9,5,7,10407,1416155605,2087773191,53318516,-810097241,-1676757546,-85058821
4,9,5,7,10407,-1541686325,1994661788,-73625112,-1612508664,471582204,-691925850
5,9,5,7,10407,578943419,1832718885,-1056464160,-1651528316,-937770625,-191946395
6,9,5,7,10407,1215100298,-2073950525,-627414882,1916462293,1353744301,1410326235
7,9,5,7,10407,-907602464,-1133804465,-8235854,-932076880,813355217,635564436
8,9,5,7,10407,1160519566,909792762,454895033,-712253289,177402093,-2077029233
9,9,5,7,10407,-1356508913,1644615577,-1556036061,752903763,1940419143,850605222
10,9,5,7,10407,523260715,-1550273465,-1171891094,-16492398,128930989,630681372
1,10,5,7,10407,289092627,-2121445545,1250686962,549038170,-713678682,58180994
2,10,5,7,10407,-1549717238,-686094283,-875090134,2129212306,1528338393,-953625103
3,10,5,7,10407,2080145593,467089988,781686267,1951461070,-650256552,346955176
4,10,5,7,10407,-1933629320,839104115,-743973421,-271922738,1989165359,-1777722880
5,10,5,7,10407,-4883599,1557733670,-454678330,-1990655383,-846468398,-1981259902
6,10,5,7,10407,352379834,-167196314,-332936552,998330870,-1147877844,-1739610827
7,10,5,7,10407,-1243199735,-1655608076,2064027878,-553474733,-1037822709,538806501
8,10,5,7,10407,-2093926063,1539321253,-1144752633,-2134879325,-1289289382,325666929
9,10,5,7,10407,17724253,1820003651,2128751921,-2064167584,-136019695,1265107506
10,10,5,7,10407,-799111327,-338318825,1882536804,402807810,-56014209,1846349248
1,1,0,8,10407,-1630716873,-1850171171,-420073707,-1955301013,2012294281,-1045946308
2,1,0,8,10407,-469567833,774918253,317357436,2043923802,612639075,1442346484
3,1,0,8,10407,102730545,-1763751334,229594514,2051938180,-1080139458,-719334141
4,1,0,8,10407,330482804,1499104387,-1113557106,389661593,348710595,135493456
5,1,0,8,10407,1800684610,96689687,403848906,-552720432,-777042763,547063867
6,1,0,8,10407,1825360148,-1660143357,-281586806,723728573,1727258255,-142753848
7,1,0,8,10407,637408093,-602635352,1794904592,-1247893324,1833181769,611611006
8,1,0,8,10407,1404110312,1820472467,-1756206329,-636250962,-714480155,-807048794
9,1,0,8,10407,-52153601,201217622,-502888897,1542509348,1995943595,1593505608
10,1,0,8,10407,1029361613,1933084950,-1431917185,58881536,405220412,1927947640
1,2,0,8,10407,44754364,-2081473208,-1707024224,-1712811309,-1181792769,-707710365
2,2,0,8,10407,-979544071,-975792467,-90371664,-1039824343,-109330722,-1292422577
3,2,0,8,10407,-576369222,-635783256,975289005,147202191,-276357780,1301386938
4,2,0,8,10407,-635774534,1745211117,744798129,-768133758,1666533503,-1317022178
5,2,0,8,10407,1010048105,-328867294,-840469195,1010317548,-1508035697,1276428251
6,2,0,8,10407,-347878540,848132788,-236301664,-924709719,-862337493,-734132013
7,2,0,8,10407,-4049002,269180431,1111413286,-945576245,107025778,-1446320104
8,2,0,8,10407,-1248751115,705700817,134174319,1560579418,-1591675721,845234107
9,2,0,8,10407,-304900132,144642281,-1964335401,-1684464239,35499766,-1198401007
10,2,0,8,10407,-1875345622,1290945769,-827090591,-396086783,992865465,1274819698
1,3,0,8,10407,1941638611,-336617697,-1463411006,2133824504,2095902340,-1172933438
2,3,0,8,10407,-88457943,562891606,-666038688,-1062502385,-96727816,944844189
3,3,0,8,10407,-407879611,-1352675691,1437175959,612934098,-1113565652,-1874982400
4,3,0,8,10407,-1801221791,1228611970,727196519,1864444190,1603997193,-734817084
5,3,0,8,10407,-1645438677,-715532915,-1833634188,-118899297,457130969,-1350597372
6,3,0,8,10407,-1623719066,-768650988,-1070510247,-223979007,1910453403,-2062692953
7,3,0,8,10407,-723933228,-656537110,-545915778,-692993376,-1512796283,-1446528984
8,3,0,8,10407,1658711206,687190124,-437794424,-47362639,1819662189,-268833166
9,3,0,8,10407,-819553788,622898522,-752481306,574176321,-1033773435,380042439
10,3,0,8,10407,1744467300,-1635000070,2136148418,204675773,-1376965547,-291556758
1,4,0,8,10407,-445611441,254001081,-946714357,771607816,-691083266,-1975805400
2,4,0,8,10407,934712769,-828173264,1959393022,1516933901,1731046982,-757816100
3,4,0,8,10407,-564609727,1195441859,2111040373,81375713,759425096,-1458467367
4,4,0,8,10407,-2130173432,-667829178,1586094152,1161915857,1214761400,-73147872
5,4,0,8,10407,-463399442,1206322609,1925949596,-1320305155,-1916678729,1021428512
6,4,0,8,10407,-1966379650,-406319916,492139403,-191463082,1165134753,-1486420936
7,4,0,8,10407,1195610590,1749680873,-607343763,1023000608,-1796585587,74351148
8,4,0,8,10407,1076955711,-1407558059,-780836090,1374436256,-357977930,1863153787
9,4,0,8,10407,-888814652,1635043848,-1495691820,-2094229267,366537666,-1870886981
10,4,0,8,10407,39241470,1660565203,1921850464,-1300317784,567676435,-1916145171
1,5,0,8,10407,1197076564,-936861982,999515227,-672936246,-2049571141,716088298
2,5,0,8,10407,320691982,1822734819,1995994776,375011883,-1927378387,-1589012300
3,5,0,8,10407,1484526358,-2025964569,-1427779179,-682852770,-1282631436,606740973
4,5,0,8,10407,-161519026,1299941959,1939556854,1337033900,1303396603,1673308819
5,5,0,8,10407,236691209,1577469472,-979313916,-1581198551,-371872153,1717763276
6,5,0,8,10407,-233264979,1871447180,-1392652762,2027023524,-441333813,-1449737785
7,5,0,8,10407,1845855609,-1824232406,51447594,-23149594,-1802466459,-414288252
8,5,0,8,10407,753150053,-76846451,2079147703,244486019,-1792575474,808311863
9,5,0,8,10407,1996584822,-1016856718,875979128,-1088168186,-1014324709,-1279203287
10,5,0,8,10407,140471609,-803927693,-1956574404,1435487863,1078084579,1010027759
1,6,0,8,10407,642232308,1091801755,1317346732,356804455,-195747807,-888602323
2,6,0,8,10407,438697111,-687131280,-1136191705,1504528881,1364576792,-1119732590
3,6,0,8,10407,1300942992,919565973,299690344,-1655486438,-1014724850,716529011
4,6,0,8,10407,701700690,-365542520,1601210680,223812200,1960275859,-1892571740
5,6,0,8,10407,56503522,-403422881,424330469,658202214,1934972402,-1286227496
6,6,0,8,10407,179653066,573471451,-2079067770,1627074738,-774221098,-1269656331
7,6,0,8,10407,-1746646202,1378739261,-1301952401,1951972484,1632933998,-1096591759
8,6,0,8,10407,330364146,-872382878,-1364901272,-139849293,-492258304,1552889505
9,6,0,8,10407,743579297,-749137774,-1261722926,1338977852,-1493205807,619577752
10,6,0,8,10407,-2073070495,1575696917,925943205,-269785926,-635875007,1736358614
1,7,0,8,10407,1698169994,1738749662,-603561666,1468853450,1156846439,426762426
2,7,0,8,10407,1876098791,766312316,1643059509,1061580726,-1024851525,449813309
3,7,0,8,10407,160072627,1552949649,-392499124,-797739839,1812642816,-19217527
4,7,0,8,10407,-1139531602,-1016351677,-276547479,1609009538,765295115,2142390872
5,7,0,8,10407,83451042,1393723103,1507470978,-1637553148,722401425,1527306117
6,7,0,8,10407,922283148,-304481805,530278651,1486486016,-60971042,-702179626
7,7,0,8,10407,-1086657117,1878013370,1838434851,-676448454,73401310,799444553
8,7,0,8,10407,-27003383,661573428,433123119,-1493919367,58323210,278993684
9,7,0,8,10407,1102396457,180101102,-1915574587,-22752589,1796934725,-469427636
10,7,0,8,10407,94496425,-1923698900,862329580,-152281241,768481903,1156482973
1,8,0,8,10407,-853297145,2042726882,-260526509,939627234,1755537657,784175599
2,8,0,8,10407,879983768,762026312,291582264,-116106637,1902088779,2049611208
3,8,0,8,10407,1269462266,1787851301,-638322363,1510190306,1562221059,779785827
4,8,0,8,10407,2070731693,585394555,865846049,1219304841,-26827624,-1520129877
5,8,0,8,10407,793606498,1477486290,-217991464,1242441130,-1752435606,-1292864982
6,8,0,8,10407,318852050,-1551078373,-648623684,-52330183,1959205946,1120046811
7,8,0,8,10407,1292756995,2087665123,664967412,-664783647,1117817882,-1041678937
8,8,0,8,10407,657713451,1717541140,-572976394,-1000163749,-1696397362,-582250202
9,8,0,8,10407,1077236462,1185904380,574528582,-507138807,-417210993,246883089
10,8,0,8,10407,2110272123,-1324221894,-2103018924,-1682209844,1949383161,-372616579
1,9,0,8,10407,554008063,212966011,1506638650,623768707,116057933,842126603
2,9,0,8,10407,-1233161456,554399798,-1678685575,1221055146,-1530880258,2098746612
3,9,0,8,10407,-1014030403,-112102102,-325650719,-47219732,-1170003,614041367
4,9,0,8,10407,2122320994,-1488790676,2091370292,13504549,-1937561135,-1892531122
5,9,0,8,10407,-1878923926,-1571146522,561617406,-247493095,-72227795,697334548
6,9,0,8,10407,868251386,639504480,1138364126,-1647800335,869437847,-1422316232
7,9,0,8,10407,-1681892990,-295825931,294969847,697139496,-956312840,1153336657
8,9,0,8,10407,606900607,717370020,-911946178,-322893940,-1564795654,1672664053
9,9,0,8,10407,-415433462,-1251439181,334272293,2101307921,895795994,141665964
10,9,0,8,10407,-1603950293,1600479854,759154368,1409655201,236247768,-417963028
1,10,0,8,10407,1413175357,402735322,-2020550415,1020909503,35411629,-1255561259
2,10,0,8,10407,382027057,-397219085,-1125748895,-1163766505,44814207,982636757
3,10,0,8,10407,-244009001,-19028619,-187205611,-1404354597,-688601720,-1431220529
4,10,0,8,10407,478177446,1335835568,152236709,2014485973,-147016134,-1925181334
5,10,0,8,10407,1059486906,-661805859,61209138,1897991986,-1624226702,542638090
6,10,0,8,10407,1013382356,-1359099180,-1121622887,-1771064470,1733546983,966079597
7,10,0,8,10407,-1215947060,-1080596884,601270513,-783597493,136040803,1902705148
8,10,0,8,10407,2075609312,-79149741,1163710661,-716532402,1387233951,324426020
9,10,0,8,10407,-963463568,-405053668,-1560065321,-74719015,1899684446,395579642
10,10,0,8,10407,-288175936,-109136831,837226187,856654919,2056400583,-908235282
1,1,1,8,10407,1763913771,-1154966519,106370411,721075274,926835607,-2025091360
2,1,1,8,10407,415781805,-858493646,373480754,-134310436,819668261,-342267687
3,1,1,8,10407,1146018244,-602056202,57218342,-628866388,-1778842146,287121704
4,1,1,8,10407,1459304271,978992841,500573538,752707124,2128211708,231310990
5,1,1,8,10407,1658720602,-1886213674,950378949,119232697,-1822603975,1859520814
6,1,1,8,10407,-268771989,-1372892773,1662195411,1677489498,783759793,-436699859
7,1,1,8,10407,1985554175,-941324755,1562562631,-346591092,-612461963,-470184431
8,1,1,8,10407,1533025016,1124734020,1594270984,-898569593,1715108259,107767216
9,1,1,8,10407,1172400120,-26407941,-2146402473,-1838949134,1812330740,-335885056
10,1,1,8,10407,-489842381,-321642319,-2004945603,1566642145,-789231650,-1584124822
1,2,1,8,10407,275925904,-359603328,1606883544,-1646050735,-821700157,1622174717
2,2,1,8,10407,-507501510,1691636066,-1528374227,-1142222896,-1539690870,-662146383
3,2,1,8,10407,894380034,251558685,-492881903,254032518,-1047930519,1151393787
4,2,1,8,10407,-2121001186,95024909,-59104513,138833192,-217046227,-344400823
5,2,1,8,10407,1995037559,-2065358396,-41584198,75427351,1163598894,1677640717
6,2,1,8,10407,-1613984532,947842525,-1042109152,781428087,-1826605944,138915679
7,2,1,8,10407,-706812187,-852048472,-217923720,-1826446567,1554999309,-826466396
8,2,1,8,10407,-193581113,1909315148,849232554,-1508915533,2035350001,-1343066373
9,2,1,8,10407,190578748,-1163162455,86266851,744460958,-1210777334,1596866276
10,2,1,8,10407,-330908586,-2003016956,831991903,-415381123,2039929396,794810908
1,3,1,8,10407,692710655,-855236933,433221627,243178285,1355244050,-1177804628
2,3,1,8,10407,292270540,-460379736,2026904453,914941215,1770973506,-2143381367
3,3,1,8,10407,1728903856,-1771810614,-1576207167,-1711908439,-1239636659,-1539088309
4,3,1,8,10407,1358100304,-1381585453,-1552789087,1215630711,1966380102,-1756334708
5,3,1,8,10407,738788040,-479060041,-1038313834,502379243,1803934884,1099149334
6,3,1,8,10407,1273739042,-1976744800,-459279137,-901089010,-1460748135,-1929585967
7,3,1,8,10407,-744300750,2118966305,1754873957,501120950,-1758849841,-1649297019
8,3,1,8,10407,1261503548,-224381058,-770910670,1342321594,-2003545949,-732855700
9,3,1,8,10407,2055066486,1661582155,-168894388,-1831516904,2023198694,491444114
10,3,1,8,10407,-1284584354,-1380737130,1097370008,1012453939,-1595189841,-1525256745
1,4,1,8,10407,-1960478176,-1127105579,-2099087360,2129409843,-231659778,12901702
2,4,1,8,10407,-270841505,-1798454183,-1039922018,-117763006,1851469090,871638893
3,4,1,8,10407,675476417,-1492220151,2078505724,2052524864,1644985255,-2089075229
4,4,1,8,10407,519509592,-1159030965,424747226,79312791,-1581718394,-131113997
5,4,1,8,10407,-439052074,1625339811,531700013,-305369680,-1367139102,1556857616
6,4,1,8,10407,-822646231,-712383137,366075421,-1224841816,1469460980,767611319
7,4,1,8,10407,-9195849,608129525,323499851,-1233831179,48966163,-1705288204
8,4,1,8,10407,-1638336071,-231161816,-680324070,2126418082,2060943276,-1243775939
9,4,1,8,10407,-968548049,-1683107570,-1739118995,61566204,704674396,-358989146
10,4,1,8,10407,-1731102162,-489889237,590949861,-1167016803,-404708090,1292021485
1,5,1,8,10407,-935517097,987777437,-1871134311,-429899373,220150273,-860137021
2,5,1,8,10407,51874802,-971469253,-630060398,471156797,-1301183547,222174973
3,5,1,8,10407,-1788046130,1951742743,-534139323,-1012489971,709751473,1260026601
4,5,1,8,10407,-1051059090,-1979141292,-615229961,-812580753,429514839,623693780
5,5,1,8,10407,-1599934156,955306034,1606418820,1933872566,156005919,1221601305
6,5,1,8,10407,170511561,-515160477,1920220493,1892750814,-1130265156,-2012461472
7,5,1,8,10407,458650441,-1404508900,-1617151488,-512419597,2050481472,1500811059
8,5,1,8,10407,-656368680,1968397974,25993174,1852881327,888818832,-227634831
9,5,1,8,10407,2031429216,791038530,-253814810,1609309485,-325679815,-153553722
10,5,1,8,10407,852292422,1929231560,2146210640,868111135,1463546676,-1307344001
1,6,1,8,10407,2098923217,1446434475,1624558768,-1016225627,1642888550,-1625900089
2,6,1,8,10407,-2075830279,852764480,198237924,542063032,1814942907,1395784204
3,6,1,8,10407,-565816957,-270619983,443232425,1375560573,364557586,-1530199010
4,6,1,8,10407,-613736784,-1726179624,87226391,-1248429593,-1352270231,832146129
5,6,1,8,10407,-1536207425,229941721,-995812521,2072808819,-1234438079,-753917193
6,6,1,8,10407,1307770714,1055098208,406799798,-616607879,-1419936493,2086517836
7,6,1,8,10407,2124823974,1603873832,-1502796249,1454874152,-1174403076,109841711
8,6,1,8,10407,-1006698339,2035814927,-865420123,-1425175387,-978752700,1409528668
9,6,1,8,10407,2063376432,-80703065,1869503144,1157111906,-1786120524,-2055303604
10,6,1,8,10407,1720280620,-1904529732,-2113458530,1980819864,1051695440,841609389
1,7,1,8,10407,-936041238,2108015699,-1314716066,1418219428,118548100,1778851918
2,7,1,8,10407,363817985,-1628247113,-565023368,1879426495,-220734027,-1730947543
3,7,1,8,10407,2144021239,-1666229437,-89611096,1495573598,1810599019,1897145804
4,7,1,8,10407,39459317,2078856788,-957799298,247239534,1425627485,-96577574
5,7,1,8,10407,1409296662,-1875078462,-650683612,110309348,-2108425683,-1232830344
6,7,1,8,10407,-1208444757,1472849219,-2088958185,374942425,-281647186,-1174474030
7,7,1,8,10407,-1579676579,-456059798,-1005423119,-1987848878,-555421493,-792612949
8,7,1,8,10407,1268965016,1362229241,-1965418016,121947840,626176806,-1666444564
9,7,1,8,10407,-1899262679,1390390765,-332375147,-1874697306,-671165506,-904374285
10,7,1,8,10407,1638760678,-1661123990,-2123012562,-1496268679,-1707707778,-1105578107
1,8,1,8,10407,439066336,551987180,-1038773578,-693402282,1395644397,-1939285954
2,8,1,8,10407,874200438,-2062191869,-2121965762,-454653374,1204159518,-941003640
3,8,1,8,10407,1903042986,719757593,-1685227657,-431430665,137517034,812904400
4,8,1,8,10407,1754374342,-539926035,-1042908811,1662490862,780036951,-950026743
5,8,1,8,10407,-812318529,1462947746,-1618368704,-6620518,1329630372,85265402
6,8,1,8,10407,1101539188,-1722833817,-1738610003,1927241157,1889395386,1839533834
7,8,1,8,10407,-945266533,-1627848162,1632285042,1252469070,578134553,-625389882
8,8,1,8,10407,-330422684,-1533843006,-1002167039,-712388830,1112473672,111546285
9,8,1,8,10407,-1531645867,-388546582,-1375187855,1987315672,1965304954,1408838341
10,8,1,8,10407,-2056554596,-956929324,-15467184,1397573561,274459113,-2055772341
1,9,1,8,10407,1394726900,1072023867,-183931569,-1320641071,-1913280243,-1434025510
2,9,1,8,10407,1058605516,1191690438,45236012,1894324908,1244238653,1106326432
3,9,1,8,10407,-1680341638,1140234108,-2132131906,-7794366,-1870625701,384038865
4,9,1,8,10407,254603112,-1305995985,1692141141,-1236953802,866196141,72811321
5,9,1,8,10407,55298791,1262147525,294275406,383309117,345099906,-821199579
6,9,1,8,10407,193821005,261915498,-1493836996,1793315949,1705794143,1917710398
7,9,1,8,10407,604188846,-561206087,84014223,518991242,-836543311,-1793266957
8,9,1,8,10407,2076614670,-72364810,-1717438319,1733045890,907252324,334335943
9,9,1,8,10407,1904769802,1789461505,-1167520396,-1200039872,1141004950,-1679494533
10,9,1,8,10407,-1912844896,-1890355526,1065634049,-56661532,-132816090,-583136114
1,10,1,8,10407,888175551,-386428997,-1861582607,749570171,-240144856,1811822547
2,10,1,8,10407,504454000,1632271670,555609955,1274651840,873816517,1987892973
3,10,1,8,10407,-223152688,1135019296,-521177241,-1129618389,-1042028682,698560630
4,10,1,8,10407,578525857,-2024792328,767335718,-650866933,775859632,2118274011
5,10,1,8,10407,-1253432738,1397197589,1323475711,-1777465663,934980263,516990407
6,10,1,8,10407,-496483451,-460160228,-1597961384,2000696411,-1556407297,-1447774582
7,10,1,8,10407,87584280,-1909551618,966251446,-1234002971,-1760975109,-1679890898
8,10,1,8,10407,-2023269362,-759093773,-1162166982,-978373420,1636680421,1713934091
9,10,1,8,10407,-1334088398,-1297842133,-1369497440,-1901774139,-649505499,699640888
10,10,1,8,10407,-310254498,-656089815,-272693987,-768041723,-5653237,-1583719212
1,1,2,8,10407,-884343231,1412275170,-1724394253,895917674,-1552943020,1602903256
2,1,2,8,10407,-1164664806,-1109590928,-236308128,1272133975,1479828708,2019995655
3,1,2,8,10407,1488486369,123950515,363177172,909696559,1382701684,-353206938
4,1,2,8,10407,-762178024,1319486040,403746257,-160937656,-1548014602,1667370193
5,1,2,8,10407,-1566891651,-91617928,-682082726,1818762121,-575422443,948223520
6,1,2,8,10407,122319047,-258110712,751117314,1056945675,885750725,2057698245
7,1,2,8,10407,-1426558978,1142486011,1327262411,-461302935,640451985,-1382043915
8,1,2,8,10407,1507709372,6560532,2089951723,-388825030,16239590,-1426760983
9,1,2,8,10407,621210653,-497126858,630498026,2066958395,1528509020,-1709247036
10,1,2,8,10407,-120512860,-1428623386,-1697840587,-1261491322,-2059900548,-2006145172
1,2,2,8,10407,-208636032,-641424967,1868907340,-1843223735,-1048393567,-1376750540
2,2,2,8,10407,1352560571,1073466892,-1770340680,450359645,1553977774,265151327
3,2,2,8,10407,1870991276,468433452,1065010073,-1698707846,-524449061,1389020149
4,2,2,8,10407,892788595,1819141233,-472523408,1248627034,811288953,598942708
5,2,2,8,10407,639621138,541737608,396787053,-220800049,570316064,-605226269
6,2,2,8,10407,572126840,1622230406,2067003344,1538078271,1272327394,841360132
7,2,2,8,10407,925823819,-99985757,818677044,-704585907,2139167082,1744216592
8,2,2,8,10407,1617044109,1388062078,1143036090,-1362145129,1644650836,2105044098
9,2,2,8,10407,1842281678,649207728,924397065,1121688634,-1639966107,-617703582
10,2,2,8,10407,-1960170077,-975770243,396294740,343704260,-376939819,-310173227
1,3,2,8,10407,2018291722,-1384776077,1523698126,-240327994,-802559341,-747114266
2,3,2,8,10407,-1766021139,2031432164,381510805,-405516440,-171046892,-248054040
3,3,2,8,10407,325416259,1906250043,-979100080,-167626854,-34913567,-1006216867
4,3,2,8,10407,1918928739,-1680780953,640371242,1476840635,1420937766,-55662
5,3,2,8,10407,-155077180,-739738851,-1308583336,2120794984,2038280194,741797173
6,3,2,8,10407,618453542,-712011110,485596329,1010713390,-1953626636,1884102260
7,3,2,8,10407,-1754346927,1071667123,1310492687,-2102659453,1623572255,1165203617
8,3,2,8,10407,-1192362681,-1958894,-1374382854,1529704868,-1554615296,-250217860
9,3,2,8,10407,-949389945,-1060869875,-177756314,909562744,-1886741918,-1389966524
10,3,2,8,10407,1108801713,-2015667795,329174597,-1738011882,-1969048839,-1608931857
1,4,2,8,10407,967115511,-786181458,-1856505441,654707794,-1929625305,1373108500
2,4,2,8,10407,-320640300,-561941536,26183453,945667224,1072314551,414237173
3,4,2,8,10407,-69803581,-1349152413,-375723644,1775306047,1976814535,-2053383326
4,4,2,8,10407,-1178922694,416219973,-1959639875,-431443607,1052961109,-203097501
5,4,2,8,10407,-1189334249,2107832387,1300126360,-798575948,-545598389,132431840
6,4,2,8,10407,1611027592,1271087302,-967206628,-2145826172,-1020818852,808717919
7,4,2,8,10407,424028110,1118222775,1022465925,1948397938,709431233,619331342
8,4,2,8,10407,18641,1104603244,1157650492,-599804963,785207149,-572402645
9,4,2,8,10407,138154577,-1528185264,-1575571552,-426010687,-915508165,-1909357292
10,4,2,8,10407,179488458,-1949355746,-907924707,573136919,-358797588,1485779437
1,5,2,8,10407,142112681,1906514601,-1409383874,503661959,30393421,937558422
2,5,2,8,10407,-1400300737,-302163744,1423314653,-328305349,785062165,1055387277
3,5,2,8,10407,-1019811013,776037318,1949066409,-1046947377,208426947,-599734792
4,5,2,8,10407,248743336,1561847800,-1150531866,-2083533866,1736872070,-1608433601
5,5,2,8,10407,784184131,-1877097895,-136284844,-383021145,1387958905,-1742062130
6,5,2,8,10407,1866551947,67967978,1083851634,-190738659,1225762034,-1306803949
7,5,2,8,10407,735792899,-416514116,-1032804687,1842810272,-1402007953,-1154634989
8,5,2,8,10407,38520542,-1718439936,-1523976580,501163928,1038416874,892757319
9,5,2,8,10407,-1082237616,461411025,1347505125,-1479246546,2007107162,-513339106
10,5,2,8,10407,-442280181,1499449511,323373575,775806080,1454075588,444287159
1,6,2,8,10407,326208367,1176472435,-256489476,1824701036,-988151921,1497849170
2,6,2,8,10407,-1537230920,-494751200,1940583953,-1108393306,-1967655412,-334033023
3,6,2,8,10407,-158090942,-1598285938,-298989347,1396729255,-2111605151,-1978110144
4,6,2,8,10407,836592400,824730114,-1694255325,-1838408342,1223970112,1004753715
5,6,2,8,10407,1668134119,-355204812,678641697,788139798,1732024299,-1529324620
6,6,2,8,10407,2081346717,-1773476211,2128412801,1454952744,-444185419,111649636
7,6,2,8,10407,-1813025847,386853177,-1219413074,-1457173671,-1783233938,-746554954
8,6,2,8,10407,-650673428,1740381143,596988065,-1027770149,2008963692,-1366865347
9,6,2,8,10407,1868207815,1062397373,-646264624,-306520406,-1605684258,493543654
10,6,2,8,10407,907371674,-1430364252,-274308552,902563572,-771864857,-1615879027
1,7,2,8,10407,84486610,-436670546,2078549655,1633863166,-1663227120,448445290
2,7,2,8,10407,-311131221,-302772798,-1675334360,382017634,726390569,137637601
3,7,2,8,10407,339131345,-658202126,-712997099,-1873180579,1055436816,-1101316088
4,7,2,8,10407,1286380803,734576705,-873484057,-83776426,991449267,1236244407
5,7,2,8,10407,550664767,-1126713415,99907336,1694965259,244647905,-1289829618
6,7,2,8,10407,-1544347526,61606609,-1168778070,1551849201,-1914464114,1473616783
7,7,2,8,10407,-1501130020,-1734104720,-831212242,165650590,-1268059287,-1230443051
8,7,2,8,10407,862234867,940174566,1547901572,349380580,1293836431,-898834226
9,7,2,8,10407,1240960095,458859929,1869196319,-285022321,996690906,-2011682131
10,7,2,8,10407,7726128,991290303,1190567585,1551873455,240223173,-1446284931
1,8,2,8,10407,771016674,-2062301246,1166104410,1353918194,-1870956281,580677291
2,8,2,8,10407,-154374666,1297548457,2060062519,-1428931872,99188414,2026457822
3,8,2,8,10407,-159100342,-1604368590,-450981460,-1135104465,55816340,-1108756392
4,8,2,8,10407,-888410052,-383728753,1080558942,-84742600,908824389,1957964844
5,8,2,8,10407,-883759604,1353272983,550427592,397206047,223882210,-268662998
6,8,2,8,10407,13427904,2044448467,-117714827,-2097157415,211735249,106880433
7,8,2,8,10407,-641153983,-1052143773,470060034,-975083288,236516284,-266274513
8,8,2,8,10407,120621727,1014009307,-2136052380,1571697631,-928793979,-841807643
9,8,2,8,10407,-1591838287,1260944344,998271914,-1099319557,-1276488221,1024572031
10,8,2,8,10407,-1381729831,1227280912,-878232006,-54600837,-2132130462,1083884139
1,9,2,8,10407,1898465232,1391221286,-1959864655,162109003,762936501,1514430050
2,9,2,8,10407,-1356209168,1524817081,-335610282,379588907,-1906060551,30204848
3,9,2,8,10407,-1036281714,-2089100210,-1753411556,-1623533417,792892183,-1671023392
4,9,2,8,10407,793756950,-801065446,1092396621,-853056031,-1514808230,877234502
5,9,2,8,10407,787473479,1256130539,1541169943,35921524,962503391,2104176078
6,9,2,8,10407,1502722588,-922067078,458481466,82452202,272472929,-201147312
7,9,2,8,10407,-826609277,-256079946,12883152,695293694,1111475335,-1398313811
8,9,2,8,10407,-52663988,452645111,-824930951,1474949085,1885467271,-1603031147
9,9,2,8,10407,456330913,-1126694368,-601227008,34423012,-1116681758,1740165524
10,9,2,8,10407,-279799028,1634784687,-2123703466,559493133,346663799,-1419292612
1,10,2,8,10407,-580072570,765647277,665492305,-766246161,-351335873,348012373
2,10,2,8,10407,-1987696994,-644614226,-755503806,1102304803,-1191809264,-420133845
3,10,2,8,10407,1297063073,870216996,-445224497,-697077286,326561592,-1643035975
4,10,2,8,10407,-1348605381,-1327699909,-1393481116,597644397,1019430254,339617047
5,10,2,8,10407,-1015043042,1308080727,-1984100794,-1154695910,-564926352,2095302588
6,10,2,8,10407,1976260472,1212581513,647186215,744589582,-1153693044,1058413393
7,10,2,8,10407,1564835258,-829692993,106808950,1441645213,1479519239,-695598470
8,10,2,8,10407,720264591,-750639305,-698113567,-334154342,1643920192,-1753738914
9,10,2,8,10407,-1726048703,1088488268,-1761661060,-1824344470,1463918663,1839652586
10,10,2,8,10407,1187929760,1170310987,1896902368,864158421,-1995796280,-1714870647
1,1,3,8,10407,1420762638,-383656009,-153271820,-1561375563,-137828002,1527612921
2,1,3,8,10407,-1907170674,223972618,1703002991,-1896093669,-1404825143,-1721607824
3,1,3,8,10407,-1510548634,-349997225,1094105375,-1948052964,-774250734,1013763178
4,1,3,8,10407,-261631662,-1306208771,1147817573,-1612614437,-257386528,656569083
5,1,3,8,10407,1830942892,-1314058337,-1713586967,-1382088226,-708551669,-908139507
6,1,3,8,10407,1420644358,-1765039230,-1048192829,-868852626,1454587813,147456308
7,1,3,8,10407,26211816,-1751288129,652227394,47942637,1430483663,-1233010729
8,1,3,8,10407,-1861302616,1803074690,-647229656,-1173625290,34359896,-1182937556
9,1,3,8,10407,-73397470,275776772,-567517607,-416722709,140193974,-1480489421
10,1,3,8,10407,-1825687213,1264842139,-739296557,714449415,-1911652956,1588992004
1,2,3,8,10407,-2108315123,2039176708,-1882066947,-1126439792,-42443078,-668910411
2,2,3,8,10407,-367144968,-786317660,-1525896775,-286686860,-1391942872,-328013827
3,2,3,8,10407,1755378152,-1097759158,-1299263241,1773895790,890367946,-414272792
4,2,3,8,10407,-2109483381,-440923658,-539480342,-1148895436,1076126585,822407156
5,2,3,8,10407,1493701178,-1138553964,-1079974540,1426623619,720371766,320179999
6,2,3,8,10407,-884661750,-2107963049,978315672,1895140520,1648131963,323373281
7,2,3,8,10407,-1138600619,2066638585,-426462997,371082099,197192733,430496589
8,2,3,8,10407,173501494,-1247330316,1927394609,-1756346754,1236077334,-482402082
9,2,3,8,10407,-176082181,-1620050054,390682480,689973389,1566853109,-93103380
10,2,3,8,10407,-364009801,1963767806,575841094,356242951,1922439663,-589458114
1,3,3,8,10407,1908267238,-413654841,1106228993,-409847771,380156515,1980561601
2,3,3,8,10407,2018925515,-1066382997,-796160019,1690641552,-829125477,831275882
3,3,3,8,10407,-1064999170,-1776068194,1652960070,1859614394,-1474793603,1028198669
4,3,3,8,10407,-1147916578,178640726,1396648425,1928698148,-1853657553,524295195
5,3,3,8,10407,-66999399,-995061921,-1975672343,-363020375,-1444106333,1180874442
6,3,3,8,10407,-1744157882,-1293174979,-547707349,1625748711,-1121350014,1922842364
7,3,3,8,10407,-640856846,-829628366,590305022,364480138,283280066,-1515127398
8,3,3,8,10407,887329859,4480656,-1131297009,479817793,1231176040,1982391695
9,3,3,8,10407,1977261946,-93547318,-640223042,1963858505,-1560970880,-2030733773
10,3,3,8,10407,970738096,-1964544842,739717789,-480500305,-1513559464,161761286
1,4,3,8,10407,389208985,853442005,-223183057,-1175224423,-1130592694,88242053
2,4,3,8,10407,1840486267,108452811,382310063,-670742693,-1918065653,-803449755
3,4,3,8,10407,1304649439,-876066391,-207875220,1619144477,2004526873,1181507412
4,4,3,8,10407,-282909014,-147358657,262682444,-864315795,385254892,1417348769
5,4,3,8,10407,-512234669,279200149,-1070079762,-1077659355,138733397,-1712808938
6,4,3,8,10407,967845312,-1032087031,236891967,-227703772,1227363593,1332081823
7,4,3,8,10407,1814416328,1870267464,-2118508594,293724735,292206255,-552575864
8,4,3,8,10407,1179582283,1398077280,-1634456821,1802263593,308368807,-767534525
9,4,3,8,10407,1753471829,-1226492675,759491228,618862197,-1514439851,-2064693813
10,4,3,8,10407,-547887053,-1577996566,1301411121,-930665648,-1033269244,1234182052
1,5,3,8,10407,-1287603497,-509917925,380647080,-15089631,460845665,-741627160
2,5,3,8,10407,-569128123,-1012526962,-1133186456,2117902796,-551476590,-1904762908
3,5,3,8,10407,-1226827322,-951258211,534208396,451031070,-863313835,-2049402381
4,5,3,8,10407,-25689273,-33861235,2024084437,-983746065,1780637597,1179545471
5,5,3,8,10407,-396602519,1911021376,-2042632663,-1259253054,2059023175,1055086615
6,5,3,8,10407,-1735620243,1251455573,-1786809831,-216860091,-1484008282,714798736
7,5,3,8,10407,-1770267646,-189341228,-304755782,672488697,1786390621,183989794
8,5,3,8,10407,-1808369013,633153450,1449639281,1890790640,1967582188,498830225
9,5,3,8,10407,485388635,-1069685661,697462049,1953403972,1416106043,-1994910435
10,5,3,8,10407,1080386546,-971367127,-1581769480,623912165,1202225342,1065092584
1,6,3,8,10407,479440160,272238327,1789714667,603740546,-815490370,1220000100
2,6,3,8,10407,33312668,263884836,1690626860,298855791,389437571,-1656492871
3,6,3,8,10407,-146061907,694858439,-1721436670,-510459297,1978202961,-751158824
4,6,3,8,10407,-1096912240,703813345,405166159,167490545,722193981,-425206052
5,6,3,8,10407,2604195,893490399,624459091,228323401,-1653265195,619565752
6,6,3,8,10407,1641840987,733472696,1423666972,802982678,-1131634988,-1371361589
7,6,3,8,10407,526727874,-763587998,1595271939,1343002370,-681073431,-1921823052
8,6,3,8,10407,1379826322,48997603,-1387715135,584309039,958060117,746116266
9,6,3,8,10407,1304019195,976812633,879621041,-367248981,1167844954,-1210244948
10,6,3,8,10407,47640892,-356939293,-1628125074,848321623,1204002815,-1184798600
1,7,3,8,10407,1114764148,1316996385,-1520347323,-1083135629,-881869458,-100684128
2,7,3,8,10407,1673017804,-1022208162,-458885961,1901667413,1390763026,-1876305410
3,7,3,8,10407,-84446749,-1497506839,254606424,251455251,2036309976,-1123012557
4,7,3,8,10407,-829384699,977099815,1596242527,-301364380,1335443339,-1488906262
5,7,3,8,10407,-685427884,158623312,1951715607,1540583586,-1098419929,11522010
6,7,3,8,10407,-1743222373,817801202,-1142444311,-233812550,-764780948,-258311502
7,7,3,8,10407,53156677,-854185091,-785163757,-708499866,398261965,447727267
8,7,3,8,10407,1693655017,1883818043,-235010696,285691948,-458550065,-666810060
9,7,3,8,10407,700090712,-2008846811,2075856798,1139334392,585625334,-1661207717
10,7,3,8,10407,1148809957,1395776318,-194628068,1815816174,-1043861884,1117804565
1,8,3,8,10407,-1928688186,2023913939,-184025643,-1577525162,47661948,-12637383
2,8,3,8,10407,2056095572,-1894757733,-1129627097,224989349,879423648,66799137
3,8,3,8,10407,-1487957106,782389004,-521636908,-585023056,1411900337,-140711933
4,8,3,8,10407,-1799170460,1732612406,-432915756,-685838376,1908565149,835313664
5,8,3,8,10407,-1712821254,-1064642196,272313517,-1160992048,384099724,648395088
6,8,3,8,10407,-1761196319,1793935060,731897352,-458721918,-1031562327,-983554470
7,8,3,8,10407,453119331,-1160243383,266846110,-55168334,1288881823,-290013775
8,8,3,8,10407,1069615419,1549334322,-496980326,1619198042,-1794671228,-1085885010
9,8,3,8,10407,-1484290210,615733973,-1917877793,-197208184,-1131835666,-56769289
10,8,3,8,10407,-1818524699,-1566907864,1732760453,-1615695026,2045431755,-1434269714
1,9,3,8,10407,1377658613,883286791,907477599,-127960305,-2131854516,-477819478
2,9,3,8,10407,1128328372,593371579,1026756233,1631158798,115688938,1467430288
3,9,3,8,10407,-1455794884,1036401206,1358104071,1220458618,362107395,-1678112080
4,9,3,8,10407,1384809681,-1580249956,1035663195,-1718944663,1092544894,-2022890459
5,9,3,8,10407,393764479,-2068098437,-1545209574,317581360,-751805691,569502175
6,9,3,8,10407,459252684,1428201818,-371703013,-1242117373,-297352783,1137912834
7,9,3,8,10407,-1924940304,777000854,-233449811,1802500055,1385078789,411029513
8,9,3,8,10407,-1752890752,839760361,-1948938346,1506032988,-582071325,-416458422
9,9,3,8,10407,1407025477,2059642518,701568942,843148313,296164341,-726637720
10,9,3,8,10407,503042758,1398715431,-69212385,1062884695,-73542512,2073553989
1,10,3,8,10407,534495648,36432515,-1479423590,-988113050,774231,-1886911328
2,10,3,8,10407,-1309871062,1959804610,-2090391358,-453836955,316776039,-286163133
3,10,3,8,10407,-100682111,995967256,-442223314,-1518215523,-1663016067,-1460253620
4,10,3,8,10407,-677549405,25531304,-275074797,-566393953,611501775,-1023443221
5,10,3,8,10407,-763716023,-1506303705,-227587712,2017611058,479144638,-1015435589
6,10,3,8,10407,1371530259,-17618196,576811673,1171274243,418080246,-778900884
7,10,3,8,10407,-1451058260,-1324012430,-1023369001,551190519,-521782665,1912291331
8,10,3,8,10407,786811033,1889240833,-1054635535,-526345315,-1109971518,1830369816
9,10,3,8,10407,470001501,1396196786,1346676874,871561695,-1589100997,153329797
10,10,3,8,10407,-1111731374,1311179723,850721430,1088255066,485681007,928895679
1,1,4,8,10407,33649203,1603856839,-2078895684,200546816,-164552967,-487389955
2,1,4,8,10407,-1544417924,652059401,1948466693,1077600715,740519087,-2046419396
3,1,4,8,10407,-1550699967,-1305167365,1731760266,-330070831,-1737220363,-1437011146
4,1,4,8,10407,217115738,-1307713983,1326049512,1839153837,792328157,173180980
5,1,4,8,10407,-2081929140,-1501880314,-1390580602,-2123630377,-1298721357,15891602
6,1,4,8,10407,-787645007,383017495,-172455168,1088066315,-842893646,-877828597
7,1,4,8,10407,-873822126,-399548278,593375522,-1831763108,1553623261,1235006805
8,1,4,8,10407,-1444765659,-149971733,1673705240,-268895006,-612537136,-1909080739
9,1,4,8,10407,-1765542759,497959774,844515417,-583821193,823855100,-463112053
10,1,4,8,10407,-2056345876,507632927,-116620170,952802447,1376563807,583903636
1,2,4,8,10407,-1045887493,-1615047655,1473565446,-1367953564,1416495746,1624123364
2,2,4,8,10407,1556018856,117159405,789062606,1149694269,-1832480875,2035685244
3,2,4,8,10407,-581586441,796414670,861834734,-1259466661,1115310085,-554410246
4,2,4,8,10407,-1552692647,-1118558662,-1537722158,-717012138,-213404728,112456330
5,2,4,8,10407,880614504,-1543656043,2043037290,-1676110312,-1163431284,-411838706
6,2,4,8,10407,1142674682,2082794287,2051475704,482697872,-141734736,1891369867
7,2,4,8,10407,-217828053,-1693541990,-135050474,-501316297,1600171745,-2088540285
8,2,4,8,10407,232909583,-1646666133,1622012180,-1158924708,526407549,1287350925
9,2,4,8,10407,-1913033779,-693408708,-858381585,-1154918809,-1254595879,336569907
10,2,4,8,10407,1127504502,-1121929117,1908095402,773452699,-730114747,-2044495613
1,3,4,8,10407,550666989,-1530895127,403993544,-1700846947,1744975143,1049025731
2,3,4,8,10407,-618508266,-1842411580,845571307,628369076,2131787829,1581903341
3,3,4,8,10407,808343959,284765043,-1235961074,1252768036,-2047826432,2031589934
4,3,4,8,10407,287838770,-338556745,2145960300,1065351545,1362241289,-1780085568
5,3,4,8,10407,-1990370973,-608093301,-1681055541,-505083493,-1925002743,49946552
6,3,4,8,10407,-388277855,-1661914569,845675881,924486444,70765423,2041358527
7,3,4,8,10407,908125999,-117389242,373605290,-624703389,-1774481461,-1780356557
8,3,4,8,10407,-1997699170,1886502908,-843660703,378695097,-903874415,1568449575
9,3,4,8,10407,1582515508,654945568,-1807355807,-143668675,-411056764,752153894
10,3,4,8,10407,1800072256,-1423331025,-567194942,1950746773,-558779727,138518885
1,4,4,8,10407,1396922792,-2025766772,1458216340,-359304337,801528659,677355329
2,4,4,8,10407,-1916073086,644454343,308501344,-917334618,694401426,-1871723471
3,4,4,8,10407,327064203,289314762,-439124297,1151131533,-835756443,-1515620537
4,4,4,8,10407,-215174424,1110548568,907933158,2133273523,898594944,885148254
5,4,4,8,10407,843230152,-903670070,221231359,1624047477,-1746693198,304885361
6,4,4,8,10407,1306514347,-1440207386,387413946,1580117,-1653613114,1020584493
7,4,4,8,10407,41149067,-1818214889,-1091459526,1304407545,-948233410,1505899318
8,4,4,8,10407,-1515541675,-1608686387,508299672,1923535247,317270476,1864854133
9,4,4,8,10407,-1833879524,-535480066,1527331618,-1606518072,-438917611,1446996234
10,4,4,8,10407,-410758975,1071224402,-871058023,1879468795,161604715,1901655413
1,5,4,8,10407,715507168,-1046726851,-320518528,1654565958,-201128031,1103418877
2,5,4,8,10407,-722474185,25484813,1413191745,1437315024,-1947911734,728866783
3,5,4,8,10407,798717027,-1932999019,721559138,-91997433,275082436,1569608770
4,5,4,8,10407,278241356,-131662581,172429723,-662806377,-1333649933,318513546
5,5,4,8,10407,195864664,-1153622226,-1561145053,318783653,1094593582,417001708
6,5,4,8,10407,1658959533,579034055,-289361528,592766045,-173486468,-1447832153
7,5,4,8,10407,-36770935,-1336187514,1537401657,307565186,-1708165450,102267382
8,5,4,8,10407,-1051608011,-1422324714,-1936028719,1105498549,-118846270,-737451994
9,5,4,8,10407,868745387,650386368,1693587874,992869656,-1277026987,-1226123632
10,5,4,8,10407,1170915464,834505347,1099971078,-274569488,-1858355115,1905514771
1,6,4,8,10407,848153662,1887982700,-302645993,-552889402,-1981843386,-968570338
2,6,4,8,10407,-1887886166,1033138480,1557255566,1184582287,803316983,882733303
3,6,4,8,10407,311532048,-141416832,877743714,1354601729,-40713773,279626177
4,6,4,8,10407,726830114,-1046279456,860041421,-1906306256,2084895903,-598381739
5,6,4,8,10407,454883058,-2054013711,-1152309379,-1609208310,-60730659,-365915393
6,6,4,8,10407,-1511138595,-313747570,-776054814,-776874215,689246311,345295049
7,6,4,8,10407,1596073033,1629641618,-1726477163,1503768089,-25767261,-1799617598
8,6,4,8,10407,-178634124,-931601271,1941829612,-1880400849,-806459322,-1741844155
9,6,4,8,10407,173004024,263038864,516280180,-1266979530,-807873532,925144916
10,6,4,8,10407,840849999,-1839842521,-1989017912,-39737505,1178752327,-314975319
1,7,4,8,10407,1640624994,33666928,-1299345831,-1825915053,-1391634370,-1242954897
2,7,4,8,10407,-1792770069,414788088,-1091467578,2093633437,-2016061756,-1621454561
3,7,4,8,10407,-233878668,-179404377,-942726665,1616408703,875610325,1030673848
4,7,4,8,10407,480406776,-521502873,-633803450,1283094319,-2006731254,1755991450
5,7,4,8,10407,788004072,-318594417,1730796175,704174233,-1901437634,-2097677964
6,7,4,8,10407,425322630,50437662,180250772,679964048,-105201924,589015248
7,7,4,8,10407,-642490480,640827354,1873920550,-1168150969,-319570744,-194738658
8,7,4,8,10407,-1954638828,1419470630,-364506492,1684190484,222752880,831944698
9,7,4,8,10407,1425692024,-1511767841,-1954875356,293261433,-1774434372,-258832255
10,7,4,8,10407,841342143,3652406,-809470750,-1357042925,927045188,1684679340
1,8,4,8,10407,669083665,112947263,-1400124047,-1079755064,138253001,1504159368
2,8,4,8,10407,-25217417,-136092324,1945451717,959264547,1763605018,1712666990
3,8,4,8,10407,1905655815,1312328686,364693224,-570011208,1009141322,-1013710155
4,8,4,8,10407,2057220822,-31111545,-575470096,1143651190,-389281168,1404527297
5,8,4,8,10407,-1219885886,-1890930042,-657824708,1423192271,385664705,43358688
6,8,4,8,10407,-1415773960,-1651503688,1334658992,1624181116,216544798,1090570474
7,8,4,8,10407,469372750,-187527613,-1203332256,873120860,1357320156,908815180
8,8,4,8,10407,-1659678809,-1315021896,908766888,113834834,-329589963,1464427164
9,8,4,8,10407,-1264196590,1157416482,2086154868,-1073834516,2129586595,-79046977
10,8,4,8,10407,-661794242,-1500415800,-296351312,1012418900,397195217,1715209109
1,9,4,8,10407,-847004097,-148262636,-1742395218,-1276615208,2027571260,489934787
2,9,4,8,10407,-907197128,203522501,-806560793,797935460,-715036273,-265156058
3,9,4,8,10407,1945268717,1169321652,-921231699,926840762,-1077685394,-1409038835
4,9,4,8,10407,253922035,-239196270,1794063996,1985312409,-1512078059,730220964
5,9,4,8,10407,1969202373,1248610778,967983698,1528564409,-1807544273,-1463594254
6,9,4,8,10407,668431832,905420144,162715066,1470483506,115896214,1080741809
7,9,4,8,10407,420730491,812873690,170003908,-1146583023,402843654,-911477662
8,9,4,8,10407,143842238,1449852955,670409872,1403717504,60212232,-1866243336
9,9,4,8,10407,-296634496,544209719,1099398062,-983124827,-1065251823,589735994
10,9,4,8,10407,-1235945486,-302997082,1547665334,-1422610114,-1285928497,-2136727453
1,10,4,8,10407,-1659720569,1143220257,-1319781389,187067211,-109719929,-824522831
2,10,4,8,10407,-1896630322,254749067,-714142306,-1094371229,1239042168,113762929
3,10,4,8,10407,1042081792,-1567832831,408308662,1801570545,1547467943,451274997
4,10,4,8,10407,1088243972,2080038159,1404137566,-686172660,-681307325,-602180340
5,10,4,8,10407,-1835783423,120468206,-1379937552,-1015892618,-1884244838,1258765815
6,10,4,8,10407,1006924955,-1387213187,1387267645,-344354923,-611818446,2102822080
7,10,4,8,10407,-80320397,-1883151225,147933952,1940875742,1642877433,1095658499
8,10,4,8,10407,97122900,-967321281,544836768,996667165,871721643,122643092
9,10,4,8,10407,-1527106227,395857910,-1362318251,-1058979096,-127678710,519409746
10,10,4,8,10407,-445887909,-1959935525,-141231646,256131897,-692979423,2058736218
1,1,5,8,10407,-725404103,-1611038152,-1233460752,-490876392,262345947,-1177570196
2,1,5,8,10407,-1013880864,484487091,1181575105,-1704668519,-1452840867,1460614707
3,1,5,8,10407,-636125885,-1982411810,-1066876077,-539859856,-1673321794,427900844
4,1,5,8,10407,460834897,-52270136,787328440,70011157,238774578,-2011843792
5,1,5,8,10407,1035308512,631941628,1451691526,-1096953278,-850319024,1368522411
6,1,5,8,10407,1139462282,675582284,-1347667953,1119510742,-139149721,-1319896238
7,1,5,8,10407,-134100432,-1163628423,2005869842,-468932728,777755619,1850089521
8,1,5,8,10407,-1280743706,-1967913403,-228170147,-1965891030,211244204,-744350186
9,1,5,8,10407,-997234396,834406827,689204260,-2116662005,880171169,1603787163
10,1,5,8,10407,-1288797695,-692658795,1320188173,-331875774,1025732630,-717014885
1,2,5,8,10407,-1257309359,-596600641,-1434192568,-1610220939,-1628019867,1790559878
2,2,5,8,10407,1750385062,461946212,-2143265181,2046379690,-2099396496,-767452638
3,2,5,8,10407,-1027499968,1601247246,56752879,-1893950373,-1485470483,-161506262
4,2,5,8,10407,-20556965,1581314736,776881734,-191397413,-1343391470,519898204
5,2,5,8,10407,2081772019,845285918,90382652,-1585831181,-1327873352,282866052
6,2,5,8,10407,-90935638,1979310115,1399138838,-593508040,296179677,1244556745
7,2,5,8,10407,-695553496,1915467646,1173534858,-329477024,1939468209,-513533486
8,2,5,8,10407,233915419,-1224248985,-1747662527,-1975800743,-124307478,-1047910598
9,2,5,8,10407,-1432858878,2134622868,-171396331,1120817556,1676474948,-142931652
10,2,5,8,10407,-785220940,-1866913511,2117673125,-1945393331,-1598076756,67598052
1,3,5,8,10407,660299399,1764718574,-595257016,-714087475,236135755,2083975804
2,3,5,8,10407,-1086856570,-339305556,358918055,1158596794,1854059851,1301825912
3,3,5,8,10407,-940854233,963469210,1447639342,-1411858998,-26553210,830531225
4,3,5,8,10407,1707966281,-1863353429,-345058522,481208480,-1134856547,-1765965070
5,3,5,8,10407,1688563795,-2049425850,842079511,-1890974125,249773815,826788098
6,3,5,8,10407,-289977950,282910152,-434129971,689101909,-1923501784,-1708308168
7,3,5,8,10407,-2004024507,1797249016,342612100,453614314,245643564,1521228338
8,3,5,8,10407,191376456,-1502407002,127356637,-1164235558,1521537102,2123414007
9,3,5,8,10407,-1438031960,-1866166458,-1270059955,1228860813,-121347539,2116745531
10,3,5,8,10407,1427185649,2052619358,-245041342,900569560,1820261054,-2703524
1,4,5,8,10407,-1127988307,-391034871,325004004,2035728450,-1185633631,-988527693
2,4,5,8,10407,1825109351,-423360622,-1892413698,-1927195898,-1978679138,86903035
3,4,5,8,10407,1352082696,-438586337,-91015560,1689118134,-1506582478,2089427738
4,4,5,8,10407,225956454,-510804552,-978097781,-56058337,-1947442868,2107226946
5,4,5,8,10407,-520405953,-202055324,955023707,1246093660,1318887374,-1002525795
6,4,5,8,10407,-1744291623,-25813431,1221224248,1883582600,-844672892,-747481828
7,4,5,8,10407,1910919104,-2111281442,-768422565,1487058917,249525601,1153317729
8,4,5,8,10407,-757403398,799301518,2042976822,-1042558356,-1823597214,324767116
9,4,5,8,10407,2078395922,390583762,70691542,400456133,971882181,2129641789
10,4,5,8,10407,1217635848,914364096,540548766,2126920738,-1717058288,1881122909
1,5,5,8,10407,-1243464472,-923812989,-999295213,-716313745,-591388558,-791056256
2,5,5,8,10407,-2104814296,-1555184531,1115805268,1504471985,1789534259,-83827754
3,5,5,8,10407,-1465578837,1020616022,-1409447182,-1836572016,-230880902,-1729210590
4,5,5,8,10407,75353029,-1724979870,1892663886,2143652886,1789683867,-1572686252
5,5,5,8,10407,1259521105,1960918175,139855884,-1985886113,-1743647883,416026700
6,5,5,8,10407,2037343919,-919454999,959574651,-774813624,68527350,-1535021076
7,5,5,8,10407,-854745946,-1837783482,-797900592,655231526,1809183500,31674002
8,5,5,8,10407,-181479452,-1819915804,455098183,-2082895869,-637645325,1204382047
9,5,5,8,10407,-1815924865,138821116,-984302158,-2098782014,-87427071,1853294547
10,5,5,8,10407,1094345405,-911180787,-738918926,715561150,-537480292,-1701554174
1,6,5,8,10407,399297639,-170133207,2094179482,1156555444,247571159,366395873
2,6,5,8,10407,1667669101,-609139709,-549036909,-955333019,20366796,-904364706
3,6,5,8,10407,-465017129,-1939998810,231010551,1792367900,118298440,721811864
4,6,5,8,10407,1112263590,-693181366,-1122278853,1277723397,-1148072706,-1163931221
5,6,5,8,10407,-138153597,1426734714,-1004892402,-908299846,-2113197944,198815209
6,6,5,8,10407,-1691062094,-1158029971,-705754870,-397207602,495763229,-314319449
7,6,5,8,10407,2082991863,-844273804,-1315191522,-192131838,-1871619188,-371250038
8,6,5,8,10407,-1744088848,-738070252,-1355598998,290877902,1953580650,1072093591
9,6,5,8,10407,1380875540,-1265632551,646077470,2022867012,-1462312384,754938164
10,6,5,8,10407,909065607,1163299805,629374387,-2056324804,1402818637,-1022199709
1,7,5,8,10407,40635018,-449090827,-1693814743,1524279221,-737733707,-876355394
2,7,5,8,10407,1752101946,-959369962,-412408812,1541950098,-1205352710,-34474022
3,7,5,8,10407,662028902,379274520,2008729396,409098983,-251080526,-1304728137
4,7,5,8,10407,1073178460,-1846581205,-781216727,-596563913,1370104169,-1378044336
5,7,5,8,10407,-1349151655,770131667,647335738,1365714908,-23672155,1215983205
6,7,5,8,10407,1534886573,1276062406,977027276,-455958816,-1965927961,1916375174
7,7,5,8,10407,1741787961,1006669210,-5956897,-1487485206,-2086660982,1922608609
8,7,5,8,10407,2011017417,-1802342223,-1159853479,-1540354600,-1716347464,-2016194384
9,7,5,8,10407,-1477098900,-1514618861,1700256370,1925941336,419981672,-1581509154
10,7,5,8,10407,-106313406,871625638,507274619,1764737109,-1938216942,-512226423
1,8,5,8,10407,816642354,1335816962,-1091888544,-1309370980,1565054975,1608114717
2,8,5,8,10407,-136971500,-1244139220,292702359,-799438643,977871415,-1184933374
3,8,5,8,10407,1633859898,-1002627917,-1612890211,-784077311,-926350968,1730144358
4,8,5,8,10407,-629556115,178223355,335747390,656630849,1776399164,120060291
5,8,5,8,10407,423043407,873898494,1352829408,1592271639,-898680294,-455828579
6,8,5,8,10407,-934224382,1890360894,409906634,775716569,1338681147,733672651
7,8,5,8,10407,-1812828816,763252258,-1491528339,-1666999384,1655671040,-1936259543
8,8,5,8,10407,2069593261,-1749911656,1079099961,105435907,220115022,-1157924670
9,8,5,8,10407,594683615,359083430,-29727249,1323272577,157235450,-504319104
10,8,5,8,10407,1435418667,-1361091504,2050954158,-226957124,-1236049446,-225616502
1,9,5,8,10407,1329176585,452054765,26719597,1504773087,-328469480,321737056
2,9,5,8,10407,1761907195,-1372350239,-194296840,-1252515425,2129664428,-454031578
3,9,5,8,10407,-509935867,-243313853,36980182,-114756183,-469957814,-1418266581
4,9,5,8,10407,264521116,1690620643,-1237056643,1055117581,1143253368,1091401900
5,9,5,8,10407,-1584362912,-1263755963,-222469593,-297220759,-604237814,-209573568
6,9,5,8,10407,1512329984,2025558314,1670123563,-479872825,979071476,1918143255
7,9,5,8,10407,-139486182,1976454187,-1295218496,-2044499206,191737607,-1554599765
8,9,5,8,10407,1862672634,1116373502,1953735761,1681683666,-908221045,1091098960
9,9,5,8,10407,-1700629644,2087355116,-390617260,-906195580,265146833,-216530107
10,9,5,8,10407,1246599219,-966916708,-1331542244,-732370292,-99616093,314290353
1,10,5,8,10407,219583804,71889901,-1538774108,-652375788,793876702,-1767868798
2,10,5,8,10407,-1584227917,1797621186,651248240,-2146351991,-1147042356,1641280810
3,10,5,8,10407,1609208875,1020768651,-185695950,707930098,-1341208813,-1774672471
4,10,5,8,10407,1312379135,-1648007412,-1624735343,1793823455,1751130636,26601260
5,10,5,8,10407,1009238640,-1905705058,1141088883,-1027577385,448293270,-1939633239
6,10,5,8,10407,-1917815003,264798147,-2073587437,2131437580,792860470,1551221539
7,10,5,8,10407,-254559592,515225461,-1495930279,-669092842,-1457654977,849761585
8,10,5,8,10407,723662284,-427667032,514821001,-246413304,-579322779,-1002779372
9,10,5,8,10407,1359262863,1558881836,-744565325,-1122444866,732644514,-2053333245
10,10,5,8,10407,-1612038743,-2064533112,-609906473,-1821681663,-2063196622,-1746530207
1,1,0,9,10407,-29464009,1387087144,599469399,-1057654449,1873497809,1455294152
2,1,0,9,10407,15026804,330999721,1799855924,-399187901,1145960860,-1491036233
3,1,0,9,10407,-859277247,1856576231,-766141759,408519101,1626160348,1838268188
4,1,0,9,10407,1539323643,-2024670265,850814319,-1545902295,-571417464,-246504284
5,1,0,9,10407,-1780932867,281555772,-1730389459,-1787439513,2111005294,1200391103
6,1,0,9,10407,2107016219,250804831,194791502,1073294957,2054626503,1385394775
7,1,0,9,10407,906749573,500173684,-1619645220,84552146,-1359061350,1800836536
8,1,0,9,10407,531247614,-557782869,647617653,-456940245,8301983,2098868076
9,1,0,9,10407,-1440979910,-1086268748,1576621854,-1124941523,1002014723,-1533928964
10,1,0,9,10407,759545921,-1464638575,1093904919,1812144825,-504145729,-1552009647
1,2,0,9,10407,37463146,1312334694,-351703148,1376936422,-266612001,-1865010216
2,2,0,9,10407,-726316965,1050230759,855927815,-40376945,-2003121048,748820187
3,2,0,9,10407,-1028455254,-1912542638,-1520642671,-1907133856,342741033,-216708119
4,2,0,9,10407,652794843,-2134594912,-431461281,-1443979264,729899355,-1036036290
5,2,0,9,10407,-1633598405,767057923,-1665564289,-592343879,1198917328,296318499
6,2,0,9,10407,1559947168,689772234,-2013190990,-1888387554,1701737143,1529070551
7,2,0,9,10407,-811520310,-1919994260,59051190,-1547484885,318523610,-1728390445
8,2,0,9,10407,1397008213,-286573969,1472463668,590584915,1883869072,693421094
9,2,0,9,10407,1505724098,789674370,-1905852468,-895458183,1088477207,996425061
10,2,0,9,10407,1492393866,420046649,-1827108730,1657869474,1991165202,1223510095
1,3,0,9,10407,-1106036197,-824468536,123886658,-1748921188,-58707285,1738034356
2,3,0,9,10407,1617197342,-1850182577,688094468,72208750,-1539812398,-402674963
3,3,0,9,10407,1738144244,-226108779,-1049337717,-184550277,1349138229,1452725807
4,3,0,9,10407,182335536,-1179852137,1132750787,837071769,847081254,37032914
5,3,0,9,10407,1073256749,2142159490,1880987047,-1780345199,452294205,104232558
6,3,0,9,10407,-1585913024,-151960064,758453437,1318087802,846684727,-1289711148
7,3,0,9,10407,578693932,-1196563976,550930681,1835871926,-1387545332,-2049675106
8,3,0,9,10407,1440241646,1795130177,630726196,1021350582,-1402698043,1635161605
9,3,0,9,10407,-1843363879,-959044469,1351533813,-1445667530,-1742749936,299913360
10,3,0,9,10407,232079785,2010282675,-2037801980,-348105638,716599100,1120809270
1,4,0,9,10407,1001453418,-1926931366,699722902,-824492466,385889338,2007806689
2,4,0,9,10407,1514647377,-1065343325,-1518811381,2040617065,1378493890,1176671165
3,4,0,9,10407,-664641354,1781084102,-1578654259,1375227677,632714314,-1853777866
4,4,0,9,10407,1196043895,1207712576,-978523270,-2139676365,-1652761658,1729566291
5,4,0,9,10407,-1565547148,-1952802300,-926267249,-1900813854,162989949,1777812782
6,4,0,9,10407,-1774975533,100359652,-1293185503,130422078,831617081,-1417753847
7,4,0,9,10407,-1101074749,1334521619,-1735158811,-1716320667,-2016268186,-704465655
8,4,0,9,10407,1436204033,326936299,-108781444,348581591,1350582902,530078026
9,4,0,9,10407,-98403560,-257628096,-1883952258,947489990,1695331540,1766553783
10,4,0,9,10407,1127861465,755497514,1580931540,-1371577160,295885341,1245728811
1,5,0,9,10407,-924828939,1317003692,-2115705801,221753973,-502383671,-642891155
2,5,0,9,10407,694961697,177434420,-1373594645,612420357,431542878,-415485127
3,5,0,9,10407,-785140624,304338928,62845802,779243763,1588259859,1837197875
4,5,0,9,10407,723628712,-1340585749,146610306,240689328,1012625280,-111531163
5,5,0,9,10407,629859059,98396362,-1783217280,-247839703,-836420508,-1488013868
6,5,0,9,10407,2019323562,345943431,-473379141,211496908,-677999910,894599859
7,5,0,9,10407,-1173375892,1654059757,-1444136691,431231764,-130107695,594160947
8,5,0,9,10407,-1307836077,-1570882335,173078304,1028704734,1515073853,-515940565
9,5,0,9,10407,1927201660,-2037318926,525068307,-1845531494,-500269447,98907214
10,5,0,9,10407,-308882737,-616761624,-1750697041,1369622518,-1629384602,-767423262
1,6,0,9,10407,-1528048120,1397159098,246383111,896184473,1300206357,-1005070366
2,6,0,9,10407,180351801,1969567333,-424260104,-1931956136,-1723313353,-1045234351
3,6,0,9,10407,-1910302290,454955087,1981164846,1339397041,100768199,-1578523629
4,6,0,9,10407,-327620017,-1718779851,1392061873,-1656281157,-2070448756,-1117096706
5,6,0,9,10407,1857215945,-1275074144,648940462,-1124793954,-2081210325,347075413
6,6,0,9,10407,-2123698509,-970017853,1988164207,-603937113,-564760945,-1128988647
7,6,0,9,10407,397919552,-1055979677,2140274620,223128795,1073919238,-1650674806
8,6,0,9,10407,-2037909770,865349047,-623606271,-1528377217,-1019705568,33175698
9,6,0,9,10407,-113629261,531644380,-389046950,1809814815,-486149072,-286197272
10,6,0,9,10407,1723163573,-498942309,-1890337126,-892418087,398579289,-1583492551
1,7,0,9,10407,-1480533960,-740827165,464516947,-1112153689,1223217616,1053177118
2,7,0,9,10407,-358388889,-1765159028,1187863559,-2110683157,1379824682,-1438266794
3,7,0,9,10407,-342840516,-1442516183,620098080,426137370,1492712071,-543963982
4,7,0,9,10407,1650088670,-703998092,-582070126,2007662448,1711993654,1597272423
5,7,0,9,10407,1303127471,-500940335,-1595143347,454759558,-285882456,1684776353
6,7,0,9,10407,-741224718,297694305,-1603159250,-168282309,-2033943746,874223252
7,7,0,9,10407,-357822310,781878331,-65180834,-1948649365,-1037554960,1931362344
8,7,0,9,10407,-1640374291,-2062904255,1547873357,1395586628,-1672501444,-283181493
9,7,0,9,10407,1368823015,923849429,-2094169306,399198814,1964901281,1145701690
10,7,0,9,10407,-488685563,-874173044,-1575529430,761784545,-1856066136,-1563346042
1,8,0,9,10407,-564354520,1812532856,837609605,285009670,-1965500144,652089125
2,8,0,9,10407,-622528668,1982932953,995646492,500957750,-854145294,-1170246756
3,8,0,9,10407,-231067607,1814615360,806262584,1609590355,1941446868,207853825
4,8,0,9,10407,651336796,-1370322462,-635423355,-615338856,882938737,806706751
5,8,0,9,10407,298650350,-1623473550,270117491,1502593799,1598172105,-778471345
6,8,0,9,10407,-526794608,607930123,-873860523,-529442013,305246554,-223467079
7,8,0,9,10407,-534703964,79169629,-1159163655,1457173760,807454535,1908429458
8,8,0,9,10407,1833607078,1730914718,-638107155,-2113757168,-606881835,-1768719584
9,8,0,9,10407,636478089,-778202572,2138110943,-882459583,2073468111,1858957292
10,8,0,9,10407,1814531169,-869332421,299293856,1131576057,27595771,-283669508
1,9,0,9,10407,-1363973203,-2123220169,-624775241,-810111241,2144837154,1217004450
2,9,0,9,10407,1859671931,334915406,874193606,-729427707,-570136558,-1463715524
3,9,0,9,10407,-35813288,1477450714,936465220,1866237444,-538989391,-1311093717
4,9,0,9,10407,-2073212775,-968651477,-2040618611,-761249129,789370571,-446533062
5,9,0,9,10407,-1553586071,-961278163,-563550410,-787544946,-549810975,-152104455
6,9,0,9,10407,-1801828904,-2015619988,495616620,-1172542472,-922127418,-852499661
7,9,0,9,10407,-1397606249,901566099,-1163674940,-53994947,-2069558983,-890883923
8,9,0,9,10407,1060001330,-797922909,-444809368,856657036,-1528788968,727632628
9,9,0,9,10407,-205806080,-461741555,1375203903,2034567084,-1793176827,-1184455224
10,9,0,9,10407,1316021425,1273339267,849406913,365510591,1856864206,451688634
1,10,0,9,10407,143847858,-870213005,-353059871,-496518905,1363067618,-1568583753
2,10,0,9,10407,-957461812,-1848646010,432498762,608692967,-607551353,-880380333
3,10,0,9,10407,-1308044076,-1212051800,-1994528946,-1403162015,1087339329,752155023
4,10,0,9,10407,-571700239,715893596,685918325,1807251311,899694288,-1054396121
5,10,0,9,10407,1553307539,437157061,-1897847544,-878834001,-953118173,228174437
6,10,0,9,10407,557470513,-925730326,2096984372,-54880318,-355746371,-1075715272
7,10,0,9,10407,432004706,1370850829,284274432,-1832769209,864116091,-1450207664
8,10,0,9,10407,-166336660,659554243,-477975496,916925819,1275493866,-142715471
9,10,0,9,10407,14966277,-932329179,-115254188,-624702549,1562887331,99760980
10,10,0,9,10407,-1016308322,-1176254290,1952536334,26594574,-1235867583,-1182274481
1,1,1,9,10407,-1760423607,991113921,-1184706783,1302866423,-42240638,54828790
2,1,1,9,10407,-1569363875,-1136332677,939861331,1272844777,320064646,-83534328
3,1,1,9,10407,-1321871471,1665891563,-818800138,1856264082,533940073,-2041711452
4,1,1,9,10407,-205187715,69595508,57357428,1473705263,-1559296223,-976220274
5,1,1,9,10407,-43146739,-743404273,-1620582134,-724203734,-465452860,210836670
6,1,1,9,10407,1282965242,1991358865,762464353,-1757924186,-1287922170,-281745574
7,1,1,9,10407,-1111358761,1294083043,1719823467,-1419010553,-1327275303,1501858363
8,1,1,9,10407,1233760262,1157974064,755928593,255309946,722199654,-633696063
9,1,1,9,10407,1685561307,2012913741,346818903,1567741044,1668265842,672545930
10,1,1,9,10407,924743124,-118408859,-1928001392,-1651271695,-854527406,-1439476964
1,2,1,9,10407,789645867,-1514293226,-1500845830,-1823311818,1417693751,-98356517
2,2,1,9,10407,1952872762,-246667103,-1029508345,1286678611,-1256420432,220605256
3,2,1,9,10407,-1416160016,1620216103,2051553359,-2084934691,-1162657008,1678258210
4,2,1,9,10407,549103976,1677880068,1093535651,2038289950,-709995139,-1809711206
5,2,1,9,10407,1417593730,1673821147,-1404400367,1075178036,-2068109420,-1761681854
6,2,1,9,10407,-1015016086,-1104889092,-994965012,-1352653325,-1699856447,191375985
7,2,1,9,10407,1463438877,-1875599452,1888824748,-2063660208,-35732150,-393253442
8,2,1,9,10407,972837195,-63705596,-1772467464,1400366977,-839539567,-378471331
9,2,1,9,10407,791503937,712534167,973830113,1266725787,1469895868,645312391
10,2,1,9,10407,-1938331950,1180183572,-884504638,785300841,1145887808,-710248576
1,3,1,9,10407,768566993,981025646,-418208782,-436478164,1551635549,432386945
2,3,1,9,10407,1318056016,587072263,-261293421,1000036053,-429419221,-920897337
3,3,1,9,10407,-557926623,-747375530,-1787566434,-1467730402,-1755980786,-1167175517
4,3,1,9,10407,-1954686058,-269430621,-2031433840,-518325585,-884315940,591550094
5,3,1,9,10407,-993460648,-540915082,1320277389,-2002847968,-724267776,-291275863
6,3,1,9,10407,1817057377,1718406758,-1453787617,-1795922563,654349931,-839580355
7,3,1,9,10407,1760182340,2122722743,-371435269,-1243830504,1140863910,112801640
8,3,1,9,10407,-1882484467,-811266884,1476535827,-1821253599,1078596967,2007355865
9,3,1,9,10407,199876117,-1225489096,850863703,1023276968,-1353915784,1740316870
10,3,1,9,10407,-53751974,1894657072,632904243,-1659392326,1111999040,-1658631983
1,4,1,9,10407,1609173697,1785835411,-32253023,1334619554,1467496406,1926706032
2,4,1,9,10407,172728236,-135804463,-296874935,-1781321063,1418917905,1556805287
3,4,1,9,10407,-786985190,1623637170,738164513,1080264646,-1067560490,-1310432655
4,4,1,9,10407,388736720,1021394906,-519099183,-1859031393,-1278061499,1335084694
5,4,1,9,10407,-55574631,1450104799,694926924,-1144642990,-121105838,700234207
6,4,1,9,10407,75036695,1428583241,-1034625646,1056687824,477895379,309878931
7,4,1,9,10407,356921026,128613662,-109978888,1344763938,-1414260182,307103053
8,4,1,9,10407,1846073970,323272884,1828843137,-1947584481,-1867176686,-133285083
9,4,1,9,10407,-1032400464,-985611113,-2136737872,-680031226,-454336628,-801804312
10,4,1,9,10407,-658054097,123535647,930545313,420511595,-1309303828,-359522556
1,5,1,9,10407,681691837,-2127220786,-533782152,300989195,182393396,990102433
2,5,1,9,10407,437386217,739523247,-1278916182,-1527796498,1624006625,-1676071946
3,5,1,9,10407,1043391559,-269979401,66807802,54835212,-1981872911,1337387003
4,5,1,9,10407,288424368,1034031678,1903657921,-680203453,-1231727334,-415429992
5,5,1,9,10407,-1206022125,1859228981,-352719507,-792564188,-1513020123,1621029184
6,5,1,9,10407,-1661917149,1091317691,-1217025316,-1079561734,511987685,-670627364
7,5,1,9,10407,-2034009225,-1703127741,191436438,1873326856,-754115136,-232857967
8,5,1,9,10407,-415495822,87628426,122862443,782118847,-1568955178,1329128173
9,5,1,9,10407,721496155,-1467242465,-226516263,-1441174902,-178162198,1392975279
10,5,1,9,10407,-1695301716,430706844,-1875078572,-2124948610,1550341733,426200875
1,6,1,9,10407,-433284383,-2128393242,1248404667,-1332177904,1025154041,-418204487
2,6,1,9,10407,-60736863,-1114624679,-403231458,370230890,-963560672,-1124425988
3,6,1,9,10407,617688894,-960157051,-2115226869,1814257913,-1604504548,-1944115442
4,6,1,9,10407,-1819852667,168455445,-792566095,-549049535,1456158179,1257407335
5,6,1,9,10407,-1937983884,-1854999408,93379525,1376608343,1825799735,10659333
6,6,1,9,10407,512322390,-973463622,497288292,1796753858,1179819422,1741431062
7,6,1,9,10407,1471372311,-1584915093,-1882104035,1910335662,-81603697,-2015785210
8,6,1,9,10407,-382154491,-924630486,-785750076,1440244702,-1777432715,1673797274
9,6,1,9,10407,2074010234,1989513812,2048468071,2094167724,-1096989253,213157366
10,6,1,9,10407,-1637383673,723771268,-1959712535,-1545378842,868490577,1361699618
1,7,1,9,10407,2141126303,252297747,1874225754,-100654104,839666535,717110218
2,7,1,9,10407,1492361673,1764106052,-473562393,-1663338597,-547793220,1226835780
3,7,1,9,10407,-135368539,-1262456410,793218275,1837453372,-2137928397,1776954158
4,7,1,9,10407,414759712,137783215,1626987989,-866797115,-1394845762,2078625899
5,7,1,9,10407,-688157089,58565078,-123368874,-1569434688,580205904,-877604864
6,7,1,9,10407,927285956,512348583,-100023686,1056307091,1140717289,441636054
7,7,1,9,10407,583458848,199921423,-557970544,1564422028,1042271696,-1295377497
8,7,1,9,10407,-1005786432,1360150747,-1132054386,1750210739,1355793531,-1684859856
9,7,1,9,10407,-1148086275,-805961403,820804594,-804401824,-1926518848,1050416367
10,7,1,9,10407,884471656,-1536632011,2075437317,-1458966912,1122702534,-1988642416
1,8,1,9,10407,1073748554,-798168469,-575391771,892891968,-830790291,819327223
2,8,1,9,10407,851237285,1316000002,-194867656,1653817589,336908861,165702479
3,8,1,9,10407,2094118876,-672022016,-1131498943,-1324214428,1944082923,1030323986
4,8,1,9,10407,619777410,-729656150,-274181984,-667697826,-378818571,1936583226
5,8,1,9,10407,-1722561636,-924260956,-606406177,-1490953280,-493313959,-599879012
6,8,1,9,10407,-1295235123,616626560,-533581937,946144426,1874517809,1309857879
7,8,1,9,10407,1233555849,864796071,-936561954,1709167513,-691374345,-1260131161
8,8,1,9,10407,470171775,-716644766,2057021444,-206950994,-101956482,1366527795
9,8,1,9,10407,-116125615,1309168372,2122857107,-1486765229,-2134309507,-2077131936
10,8,1,9,10407,-995972807,-943329191,-2126521239,-1788518120,-54588519,-1583487884
1,9,1,9,10407,1858745008,625185135,1706705319,2073103553,-1041660818,1391244041
2,9,1,9,10407,823166128,-740430962,-1243708882,-1703533973,1228207574,-1752151966
3,9,1,9,10407,488652428,1803472903,-650334755,1153412539,821685484,-427942407
4,9,1,9,10407,-321883529,-1566022239,1471887885,2143249373,479599837,-2076485656
5,9,1,9,10407,-118472115,-167419992,-2126078785,-1818133855,-1269402251,323573063
6,9,1,9,10407,32738055,-444936183,-1301846473,-529790938,1553191047,1595394364
7,9,1,9,10407,-770216069,-699421659,1357127514,739544019,678663122,-1261882149
8,9,1,9,10407,-1280186052,1153580261,1947559807,1583859550,1474045412,-425049644
9,9,1,9,10407,454260270,-1819523504,1475486627,661532431,-81411040,-332392091
10,9,1,9,10407,-1416425046,-1951074468,1140349033,-762098381,-815616853,677197378
1,10,1,9,10407,2085908255,-2002460448,1882881199,-208090039,-2068764182,-449785962
2,10,1,9,10407,660742380,-1727103473,2006062566,1400771126,1546222329,477054806
3,10,1,9,10407,1469813293,1676014522,69487654,1256078675,1984890610,-1214639564
4,10,1,9,10407,-832622128,886677019,-432736288,842316645,294771350,-1100035187
5,10,1,9,10407,1064038846,367948226,-1449221969,1189640735,-1929562897,-1602646547
6,10,1,9,10407,-1466382245,-1562648065,273686070,-916550643,-1564552883,240438803
7,10,1,9,10407,1954618115,-459687508,1840511872,1193678419,-1323702968,1299209579
8,10,1,9,10407,829077342,386363813,-1022666770,-811304910,-897977594,1381621246
9,10,1,9,10407,-1225554635,-2041767033,1653233392,-1659053125,4020010,-616934021
10,10,1,9,10407,1602663292,-1876904958,-1968074356,329473597,-803399556,189318420
1,1,2,9,10407,846561777,-404770222,964387320,2000278060,-793305311,484810596
2,1,2,9,10407,-2116807615,690849091,1005191835,-880259528,-1820352969,-1605794020
3,1,2,9,10407,579309228,-1488093709,2135284777,1458481038,-1267067563,-1445049746
4,1,2,9,10407,-37756283,267046784,-808282266,83295481,2087891574,419276772
5,1,2,9,10407,-467760392,337419512,-1248699357,809157396,1606452084,1133957673
6,1,2,9,10407,-1683668547,-1283773661,228808775,-649614144,162507556,-1841564219
7,1,2,9,10407,1797095957,1404839460,1200971654,2087580833,-1423483364,-1561164111
8,1,2,9,10407,-258954241,459483452,-1858871878,1318825714,-122721418,-1664488064
9,1,2,9,10407,1495308092,2141077355,-1045700673,-231741444,-1040740481,-548009429
10,1,2,9,10407,1671258030,335609781,-1961843736,-1740328025,-1241002988,645380907
1,2,2,9,10407,1532922144,-2037070950,-132469571,-310126296,392242593,564071842
2,2,2,9,10407,84823625,669759819,-1353970565,-1172737098,834701678,-1885754188
3,2,2,9,10407,190961180,2143307448,977661012,-1896148408,909214627,-425664030
4,2,2,9,10407,-2042600770,2035773567,367770230,-1586047734,-46958810,283658511
5,2,2,9,10407,-1150360589,-1403757208,-1575903512,1088880720,949742514,219008449
6,2,2,9,10407,269189844,-1284664027,885151080,-1982577476,1700688187,683632028
7,2,2,9,10407,-372508865,-1304456907,-1692248047,-1019107090,2082506363,-1668900826
8,2,2,9,10407,173401859,1141988213,-674881992,-1353955149,1130929491,-2015156105
9,2,2,9,10407,-452196363,-1133890004,728007012,-272009594,-430721395,1520469444
10,2,2,9,10407,499222644,-1125555095,-951684739,1589306787,-11931058,-132998802
1,3,2,9,10407,548041681,1074141300,1181660985,-1549767798,592581270,1965180722
2,3,2,9,10407,1556742333,-1323442228,-2040544266,-242534185,840040381,1917478321
3,3,2,9,10407,1362400097,1003706070,954142946,937470437,-873126716,373418899
4,3,2,9,10407,2107320737,-1413872781,-1506704552,-36178206,113191280,2021182018
5,3,2,9,10407,-1360899643,1104161086,426705852,-569838647,2003319178,-1980924100
6,3,2,9,10407,2017199943,-1918268381,1274814982,-1850737417,835204924,-894221236
7,3,2,9,10407,-1677341482,1060319853,-981548609,433814969,1475275977,-294008505
8,3,2,9,10407,1992847428,484253407,-1286272106,1499086253,-789631566,-920778119
9,3,2,9,10407,-1377561836,-775999302,340784241,-459276033,-1602281860,888378793
10,3,2,9,10407,152135090,-1164663853,-643994943,-1601861552,1646881488,1170155183
1,4,2,9,10407,1110123507,1003897595,21793566,1648700927,997580101,1784806338
2,4,2,9,10407,-498206907,1343135082,51491093,-471752932,-1944549199,-1247698303
3,4,2,9,10407,1020450445,-1237424298,-133017568,2029844437,-1980753552,-1124112475
4,4,2,9,10407,651018535,-1245954717,1250470878,-906801612,266514726,-335693907
5,4,2,9,10407,1391299279,581137601,192289761,-964377134,-1028760834,1295511108
6,4,2,9,10407,-1604808556,-321671257,167440229,-686756668,-221264762,-702409170
7,4,2,9,10407,1239550500,-1605007457,-1236883819,-370830021,657669171,654486457
8,4,2,9,10407,-661896330,1931524793,-554066277,163201718,333180193,368865513
9,4,2,9,10407,-1382571630,2069255066,1564628224,210130983,-765895724,-1871504992
10,4,2,9,10407,2103440402,1393372561,1605491740,1595235975,475545921,2113082084
1,5,2,9,10407,1499189178,1004886107,-590273193,1316948893,223471303,339556397
2,5,2,9,10407,-1659692852,-1448560551,-76724973,-667973845,735544680,1496184118
3,5,2,9,10407,-1047609654,738499107,1202697769,-1860723949,2050156144,1429086427
4,5,2,9,10407,-1393583282,1974371468,878538500,1683596452,559439157,1143258705
5,5,2,9,10407,387300950,144149477,582492436,1128933559,408749637,1604825590
6,5,2,9,10407,-730097230,-1609922410,1850776744,-624075092,1859490451,-428456281
7,5,2,9,10407,-1914233842,-892205004,113512536,-156242135,612387370,-33831627
8,5,2,9,10407,1179011152,1412712336,-1461590109,-2075434893,-1283128406,786998007
9,5,2,9,10407,1922088730,-1595764175,-20511792,740538117,386385218,-298567304
10,5,2,9,10407,804611603,840391384,-1036984224,1277699642,-54052828,392518944
1,6,2,9,10407,1051931454,915331584,-407813658,1940575454,1243435629,-1407983938
2,6,2,9,10407,1076682272,-1059088523,1383109828,-1779025353,-359740923,-2015078625
3,6,2,9,10407,-766612635,-1165194946,1355833647,154813483,-1462517254,-681863353
4,6,2,9,10407,-2051980673,7148201,1813639892,2038851555,-1703184053,-851262027
5,6,2,9,10407,1434481323,-1657238200,323718053,1020467226,-627900438,-68330166
6,6,2,9,10407,-1664135050,181322669,318346093,-450480075,1376009347,-1661716396
7,6,2,9,10407,1810998085,-1914565544,-1834343538,-913928286,-2111105063,1424375125
8,6,2,9,10407,1444389842,1917080014,-1203567987,-1425803165,1766836679,191960511
9,6,2,9,10407,901812516,-1108924779,-1354314249,1861304644,-82137606,-108198407
10,6,2,9,10407,-42993174,-1064009229,-1725841953,-260427541,489240063,-973326170
1,7,2,9,10407,1821865543,-1214759280,-2138086686,-1178315274,567545829,66277172
2,7,2,9,10407,630812046,-833003424,841223854,1301243089,145219432,-2139507732
3,7,2,9,10407,1740933862,-572623731,2100375225,-1626337357,412093628,-225665610
4,7,2,9,10407,-2146476491,394605887,983831380,913176167,1616194057,537392851
5,7,2,9,10407,-680697960,-1548358963,1808113552,43274014,56704336,1464112186
6,7,2,9,10407,-744123711,1092394694,-484242765,-1968390699,1582319227,1345191777
7,7,2,9,10407,-657136797,1383083122,-1520225421,-374020210,-882030729,-1087165531
8,7,2,9,10407,-317032152,2073838197,-216199365,-1096826293,-409158206,-1096819591
9,7,2,9,10407,-686446185,-2067264597,-213739956,1003002160,-901461968,1988547729
10,7,2,9,10407,-776268746,-1983674740,-1540141199,-556014354,-559390406,-1858275837
1,8,2,9,10407,247699883,-2084595255,-885992522,-1817334195,245195796,-562998815
2,8,2,9,10407,-920388813,-99923376,-1509664456,1420844793,-161008449,1920018492
3,8,2,9,10407,-1479024325,1458131771,-914555495,-1017316108,-320530820,1619962046
4,8,2,9,10407,-548636385,1946852297,-808149510,2064364387,1475902440,513940125
5,8,2,9,10407,-616535558,333798119,-1558583738,-1781579835,-2020125280,-466841024
6,8,2,9,10407,-1442115364,-734567090,274105881,130242343,1528553113,-871743349
7,8,2,9,10407,95244890,911530410,1461589499,-2036594913,-556482549,-466610898
8,8,2,9,10407,-716079158,-1545946749,-579184217,-1251419964,1738019786,871359395
9,8,2,9,10407,1981028773,-1866566985,-2080303885,1078069733,853908579,2026108950
10,8,2,9,10407,-1997869691,-1211910867,686719648,1970959458,-1282628850,2108599443
1,9,2,9,10407,362971426,-1178129028,2104967209,352201835,135551736,680117944
2,9,2,9,10407,-945143064,764637174,523684944,-731342190,469957016,1964850523
3,9,2,9,10407,-283144039,-511906408,-1550772007,-530395305,-334084,1627318908
4,9,2,9,10407,-740095399,-2004230641,984710032,-233503100,-79455994,-427202916
5,9,2,9,10407,2067742527,-910686974,1440946772,487701874,-1086267829,-1665364996
6,9,2,9,10407,1100093455,1008827329,-722246154,-737717130,-331522022,-878448839
7,9,2,9,10407,841583304,-180628384,-827071386,-1697076084,-1017921787,132883726
8,9,2,9,10407,-246146205,464448342,225354127,124364164,1706386197,-202807731
9,9,2,9,10407,1355814833,-1971615662,-694393742,-1702698415,-1336656997,2089387603
10,9,2,9,10407,-936202205,-988754437,362554647,568997039,-611989962,109261680
1,10,2,9,10407,-1445214430,1848476761,472819333,731619824,-928656248,-473683692
2,10,2,9,10407,652070719,1238495603,1926591096,-1385592917,1276738237,1583415731
3,10,2,9,10407,1288364208,889292210,-2038537261,-1322260682,729990598,-2018307514
4,10,2,9,10407,-779489050,1350785351,747570414,-2123978136,185888862,990596115
5,10,2,9,10407,1646917431,-1470957109,617769990,1683037580,-1968883022,1159453580
6,10,2,9,10407,-958471108,-1777913437,-1420075426,-1674329808,-966820589,93331468
7,10,2,9,10407,1245044794,-494202689,1945522298,-811437692,2016928871,818162471
8,10,2,9,10407,-2031335938,290128267,-1387043534,1533536692,-357903523,1980520879
9,10,2,9,10407,946600729,-1140210008,1153958891,588424301,-500283680,838620973
10,10,2,9,10407,-242814562,2141094812,1883126761,-1808825737,-303300035,1696447879
1,1,3,9,10407,-820201827,1269865929,620788286,1989500007,1087254429,-701239621
2,1,3,9,10407,-1222378801,-382615788,-875770496,-1140687692,-156741680,1539703739
3,1,3,9,10407,593065243,1863695832,2135819375,-1873114452,-799286668,1088928214
4,1,3,9,10407,505624791,-1805086235,287589378,699114027,-452958963,1603298429
5,1,3,9,10407,667545634,-202654680,-12525803,437166387,749067917,706873994
6,1,3,9,10407,-589639419,720030052,-1143727090,1536002211,-1013031904,1133741103
7,1,3,9,10407,-1888655416,-2010648060,-779837478,238495338,253408172,-836884406
8,1,3,9,10407,222589084,-972013113,1532899564,1554369157,-1455195386,1439475035
9,1,3,9,10407,841475029,-1713531560,-1235798887,-1283853372,1999535880,-560779153
10,1,3,9,10407,1995238782,-1200822249,419663887,1018152759,-642921410,-1803150381
1,2,3,9,10407,-929649546,850777295,1160662425,-320731366,441559136,-966909575
2,2,3,9,10407,-822626141,990631108,-1196146838,-1978988839,-142508390,-1436112761
3,2,3,9,10407,-319285929,-258637350,-1311645964,-964064715,261986626,1778318256
4,2,3,9,10407,21383407,-1094467853,1355345391,116640577,2023647959,-1303581167
5,2,3,9,10407,-2000860542,1788909022,-355339860,2092453533,1631215209,1784083038
6,2,3,9,10407,-1544340565,2076069443,2110808270,1806796603,1856747406,-110371883
7,2,3,9,10407,573910632,-1220427396,-1939417657,-822631799,2070661714,-203785332
8,2,3,9,10407,2036638856,-1710259434,-114909778,1032093491,1328269896,-1198384676
9,2,3,9,10407,1196241994,-1077324126,1417812376,763655100,1758602897,292486171
10,2,3,9,10407,2050129325,-1862678319,2119928935,-2077242177,1421710350,-685862955
1,3,3,9,10407,1025887836,2098324023,-87082417,-1539132497,413304520,-658697942
2,3,3,9,10407,-388777590,-972091048,-788440137,762879677,1048362003,-2040364200
3,3,3,9,10407,456377729,-1189600417,1292359682,493669707,-830986905,1537485397
4,3,3,9,10407,882796796,2098924432,-650438846,-688442380,-1150688421,-1354323801
5,3,3,9,10407,1096365266,-903642091,-812115506,1182613865,1390115925,836831981
6,3,3,9,10407,971616228,-2139433846,-539074759,-1566461496,-439343479,559146575
7,3,3,9,10407,-746905862,24203072,1686212530,2016928109,1392056417,2037269380
8,3,3,9,10407,-1528433922,320546454,-1300743641,-240072869,-2021971371,751117175
9,3,3,9,10407,2076286265,1248295838,1643527745,2036463108,932563430,-1568919555
10,3,3,9,10407,2080785784,761725900,-879772603,1148895089,-473809727,1871874031
1,4,3,9,10407,-420292917,-1788306661,702377522,1896184399,-674936977,1076091105
2,4,3,9,10407,-775709606,-490433176,984685767,829851744,834922565,339919230
3,4,3,9,10407,-1852210206,71707477,2025281661,-1011407841,1930023249,-975109864
4,4,3,9,10407,739632315,-1732999499,362250638,990594296,99219768,-1420493093
5,4,3,9,10407,1725282544,-919126806,-929258233,-98568298,1396527572,-2077886690
6,4,3,9,10407,579861461,2104205705,-1022719939,-872554854,173628467,756610555
7,4,3,9,10407,-1009369512,-1599281139,-308451347,-537267095,1190040320,-334191532
8,4,3,9,10407,382047482,1188157712,-1176495542,-1762618677,-1486371937,-200438420
9,4,3,9,10407,2078427040,-2122486143,1173823818,-1254085302,240546299,1156041790
10,4,3,9,10407,387748466,1064156714,1937302659,122793825,1420220800,1314203433
1,5,3,9,10407,-1470831371,26197413,-1470204933,1881291936,-2098475084,-1751756429
2,5,3,9,10407,1757720650,-1076261119,-273198288,1562579024,906614179,894623648
3,5,3,9,10407,-1810777649,-743332024,1262686145,-2112634925,-2054122303,108730993
4,5,3,9,10407,1463565957,-1692888480,1967577430,-1871345029,-1320656878,-123109414
5,5,3,9,10407,-1841853070,-428672007,-877057780,-2084219672,979818331,1815584018
6,5,3,9,10407,634316658,-1898106816,-889445687,-578285311,426313563,452174657
7,5,3,9,10407,-58239016,1378553215,1487214948,-695139359,-808970955,-367103585
8,5,3,9,10407,-638760225,-1532070622,-801334868,-1079013676,-2053236326,-150592077
9,5,3,9,10407,-828821554,-168940121,1117244780,-651977566,379841544,-1869177218
10,5,3,9,10407,1892073919,-213277916,638533299,-648773883,-1041278329,-354581876
1,6,3,9,10407,1194803445,149032932,1779341588,-572473653,2028689319,-1774529785
2,6,3,9,10407,199562763,-711780784,-1705868901,1632047497,367452166,480677215
3,6,3,9,10407,-378202703,576535242,849445978,-82985463,-508116170,578429411
4,6,3,9,10407,923099236,-1693144713,1810080904,1494074325,-2044739081,785288121
5,6,3,9,10407,51986414,2103128932,-469356687,-1921757605,-720674933,-1953760145
6,6,3,9,10407,1229679671,2080083716,2002610447,-1270555256,125820739,-1964529766
7,6,3,9,10407,-689765693,1674278150,1246201241,-564417874,101980228,-2131758625
8,6,3,9,10407,-1232892055,496796464,-1120133483,-93419914,520834080,-1151750948
9,6,3,9,10407,-1717646412,1385635316,393833219,879012907,-1732960011,-1570233350
10,6,3,9,10407,-2089722649,1643028568,787700907,1668266928,1993966109,-1254276460
1,7,3,9,10407,1025733775,-1072060591,431743219,-1709740078,1851672663,1617680674
2,7,3,9,10407,-448212254,762233434,-1907734164,2085698468,-1378139169,165511001
3,7,3,9,10407,-290822512,1022521120,-1432580489,1140635553,372819684,-1388124652
4,7,3,9,10407,627452679,-1071685311,679515401,1993485924,1585879941,-856795817
5,7,3,9,10407,-284462073,1250234402,-1399932021,74778016,-1980528991,835460786
6,7,3,9,10407,1999802687,909620812,1277983414,2092648952,-88646349,1161378798
7,7,3,9,10407,-1904149911,1436565383,1453182708,1740345872,50900634,-615123161
8,7,3,9,10407,1127948670,530161591,1510832365,-1995948343,-802161711,807211235
9,7,3,9,10407,1343896829,-1445347935,-630193177,1148397482,1362794976,1693053329
10,7,3,9,10407,-998726405,853486230,-162042872,118159537,-983790117,-606338502
1,8,3,9,10407,1935688276,-1935190025,328888437,-1256132399,-2085144877,1201977966
2,8,3,9,10407,-920045109,-298923908,-1457129433,559895786,-145714617,-1307719239
3,8,3,9,10407,1604436883,-57092245,43355898,-1028560375,-608710400,-731559347
4,8,3,9,10407,-423352653,-1810707134,792325165,-927118643,1658341929,423941626
5,8,3,9,10407,1064132383,1501423210,788218662,786732567,-44838794,-1142925264
6,8,3,9,10407,-10901018,-941667939,1534790916,-178141840,-1686371295,-829686719
7,8,3,9,10407,-1695629337,-841999981,121963964,1636849851,-194464298,-2126045197
8,8,3,9,10407,747501896,1456265616,1284193438,292819351,-1737498081,-2106243462
9,8,3,9,10407,1334796653,1504788666,1554470058,190050390,-945614459,-1265516736
10,8,3,9,10407,493585174,418882125,-1516700051,694403239,-1458903154,56013754
1,9,3,9,10407,-1382025898,1731031120,46859727,421320949,-2030928575,2071935563
2,9,3,9,10407,2082053445,1498059804,-911662223,-1049548265,1622818718,1117368475
3,9,3,9,10407,-1697722554,-830054598,795063283,-413629566,-931625279,1129820042
4,9,3,9,10407,-1769307705,-284877544,-349251013,-1918402948,-1672487381,-924583474
5,9,3,9,10407,1884960302,1269701026,558904478,-674252176,-1352839982,-1450319282
6,9,3,9,10407,564064355,-1304155158,-774236658,-909039876,597417998,1830075053
7,9,3,9,10407,-343587770,1810460705,1415134634,1116168214,-661559560,-1271592324
8,9,3,9,10407,1040106012,-86311917,1223464876,990250882,-1220849439,-178961304
9,9,3,9,10407,13657378,1121773868,1684815911,-928630188,-1799667528,-968910192
10,9,3,9,10407,1659214777,2026621957,445837526,-424901310,-2020964637,-1652011844
1,10,3,9,10407,-1247762749,1583956099,1525610130,-1712074688,298277934,1123532941
2,10,3,9,10407,1584172439,-2057512926,995987158,495364134,-122220138,1412900007
3,10,3,9,10407,27958946,101896971,1913271981,835720713,2019177815,-2062090141
4,10,3,9,10407,-1715071613,1807022013,406739529,-1950037549,-8858182,1972643391
5,10,3,9,10407,-1137595954,1066959533,1922235946,-1168912790,22457253,-997267256
6,10,3,9,10407,161455376,-617161754,-1739969335,832429427,-11407582,122157680
7,10,3,9,10407,-86154464,-756405107,-2134220117,2119346800,-1965737001,-1873116583
8,10,3,9,10407,1571208893,-2110811698,1555973120,215654122,-1020466980,1749853298
9,10,3,9,10407,-650138926,1702504067,1256057568,-116566546,-352547952,175454764
10,10,3,9,10407,-1063441659,1954959178,166405548,1192154141,-1239886299,167606635
1,1,4,9,10407,-233324481,448518848,-509865139,-1398947346,-979395128,-2041296330
2,1,4,9,10407,-1209737987,1246459637,20586381,390762673,-183829403,1853639135
3,1,4,9,10407,1998500108,451046190,1073653543,968959968,-603301302,-1194840839
4,1,4,9,10407,-682347724,1453760972,-647424197,1994472080,1165209298,1631244373
5,1,4,9,10407,-339812576,1236494865,1665024873,1786919980,-768239630,783193043
6,1,4,9,10407,-380716651,-1223443572,2039169142,1416504805,-534938172,-1952878325
7,1,4,9,10407,1649359363,-2113892320,-1923622775,-1953749319,1554893974,-87117499
8,1,4,9,10407,1359576282,-2023318265,-814797900,-1098079384,-1723951051,-163100133
9,1,4,9,10407,473489372,-249630566,2140790631,-979858594,-17523524,-340818639
10,1,4,9,10407,2089628103,275982580,-1430429062,-1706663244,-475526498,2121078044
1,2,4,9,10407,-83235949,1238058786,19295607,-74559293,-997159732,1238112021
2,2,4,9,10407,1069943634,-1749641427,-1265340476,1959030626,-460047566,25231109
3,2,4,9,10407,357329048,1282271195,-1660884754,330878616,2256877,-947462971
4,2,4,9,10407,-589981262,-1204881170,-2010504646,745514418,1979226375,-42060795
5,2,4,9,10407,1422915849,-342685863,-637384964,-909629684,-979282137,702797602
6,2,4,9,10407,-696668878,-2104972300,-829690793,2091636722,-135790613,1030874468
7,2,4,9,10407,537154622,666759435,-399641047,-866063385,-1517774367,2136188390
8,2,4,9,10407,1564621988,-942267870,-323440914,1861433210,651586512,55538359
9,2,4,9,10407,-552041859,-670944258,-943336480,-1899758428,-261522250,1579070454
10,2,4,9,10407,-39692244,1780022952,1044164496,-1904179517,173761238,-1866126762
1,3,4,9,10407,-405746814,-1188749827,-994912652,-1727271454,-1121737495,-873881862
2,3,4,9,10407,-1516201734,2042981163,-1082327134,-631833277,100746243,260877923
3,3,4,9,10407,350420686,178733979,1983028487,198446939,-687419895,-993990645
4,3,4,9,10407,-1966194096,-362633806,348769563,-175755753,-1976420462,-1773355743
5,3,4,9,10407,1100002207,1846566056,-838428508,676536750,-456600482,2023693198
6,3,4,9,10407,-1377657482,581529338,1310621548,1344790394,-1294237979,-1583998415
7,3,4,9,10407,-303050804,-1581249578,-755909252,-1360742926,559602603,583269096
8,3,4,9,10407,-418068941,2116389975,1111752807,-1050069345,-2042060505,-622593713
9,3,4,9,10407,-2037199069,-1356000318,278947444,2128793047,-2129290457,1557351221
10,3,4,9,10407,1029643102,-1639597276,-534249356,1782429044,821165058,1781914751
1,4,4,9,10407,697283329,48297485,877257443,64607536,492603450,2130672332
2,4,4,9,10407,-1482577082,-1005725799,-1077429015,-1569456959,-702303594,-1396565148
3,4,4,9,10407,2124486779,2073933052,375957054,-1533633217,-1678246745,79562174
4,4,4,9,10407,-788832870,-938856736,270081103,-1923149605,-1634958719,339254978
5,4,4,9,10407,-221656904,302940882,266528449,-209222337,-684854011,-1197081435
6,4,4,9,10407,499211718,-449113480,-776864518,-1493376273,1478079169,-1960282041
7,4,4,9,10407,1820425457,-959092580,-702111061,266618033,1841189769,1488604722
8,4,4,9,10407,671793513,267944018,-433045719,1940360920,901583028,-292457729
9,4,4,9,10407,1252005404,895145433,-755227580,346357046,711715939,-1910673089
10,4,4,9,10407,1363780403,726845462,1084453447,-374176321,1206799705,878540784
1,5,4,9,10407,-1862092682,-1294461056,446952894,861982364,1279209839,-1420081085
2,5,4,9,10407,-1588870032,630169504,-711414508,1000968502,1498727599,-363983840
3,5,4,9,10407,1396942364,377208553,-931584070,-193194441,867059133,-617875558
4,5,4,9,10407,793703247,1590963929,1759646221,552145156,1582831600,-575778771
5,5,4,9,10407,-2076512084,638008143,1687550835,480650144,-985191638,1162496
6,5,4,9,10407,1949441613,1760711171,1323870090,425079851,229941123,152818042
7,5,4,9,10407,-2111043707,625586326,823109126,213543684,399776170,1762852667
8,5,4,9,10407,1788840601,1462591424,-1354284485,-10028592,-129022375,532557031
9,5,4,9,10407,260929476,-1301895178,-875824050,1716954755,-1893572029,-518630261
10,5,4,9,10407,1741851185,211403484,37015625,-573938011,-558102256,-1098648436
1,6,4,9,10407,48809455,-126728156,-1833340376,-687109683,-733112474,208027198
2,6,4,9,10407,-853279612,-1794864836,1787462483,-613353189,47037794,114181965
3,6,4,9,10407,42700208,-560817518,248444266,507950767,374300385,712421059
4,6,4,9,10407,-756541067,-78643080,-934731549,-112730435,-2099015396,1084727054
5,6,4,9,10407,-2130384869,-1158113120,-1994057272,-1916421411,-1131612384,-2071268590
6,6,4,9,10407,-946219741,1650722089,1028862267,-38248005,1693458262,1272847585
7,6,4,9,10407,-1701489324,-1996893965,314727292,1117948070,-122852653,-284953869
8,6,4,9,10407,-809818900,1159377361,614230389,406607127,-434783045,-497875742
9,6,4,9,10407,-407480273,-24650297,-1278443435,346467207,-1017734826,1243910285
10,6,4,9,10407,-786153568,-1214227691,1675185360,1150888976,818620191,-472623471
1,7,4,9,10407,-534454476,-1601396958,-1918205169,-1822378305,-1455986149,1573315723
2,7,4,9,10407,-342587490,-761479121,1930595945,-1963449586,1231903319,293654367
3,7,4,9,10407,-414355626,1966864126,-651178197,730095172,1148512721,-702931992
4,7,4,9,10407,1417010677,-1306851065,-991076527,1982064450,1846014337,-688355067
5,7,4,9,10407,-252884782,1408705526,289394694,-2043128627,1442027134,512431423
6,7,4,9,10407,197224284,1141341188,1092522609,-748844317,-1816269276,-971794938
7,7,4,9,10407,-1139070053,-1850200882,-914451969,1478595170,-830709172,1826682354
8,7,4,9,10407,-1818554305,-887725587,1938884468,555028702,-1375386842,-1835813930
9,7,4,9,10407,-1380876897,525396276,-823222577,-1895687196,1312497923,-1754118355
10,7,4,9,10407,-1687103991,1879573044,272547327,575294253,-1932939779,508860172
1,8,4,9,10407,1455404796,-443137795,-1922636298,-1419240902,1650235106,-1272103426
2,8,4,9,10407,-1992766686,1214909172,1359622041,802156326,-5372296,-1710740220
3,8,4,9,10407,1332298328,343442095,2006818895,834751387,-576146679,-1551984858
4,8,4,9,10407,1016219654,-1841128856,-1618693285,224346457,-1718666416,-543169879
5,8,4,9,10407,-1015925534,1280011941,571416200,-1174319150,-602373140,790641934
6,8,4,9,10407,922585776,2138627444,-1026394324,16781404,730425843,-72288525
7,8,4,9,10407,-1726873085,924692679,1045870575,1298260588,811018724,1934383675
8,8,4,9,10407,-691461355,-244489114,1510190725,-1373639668,-1214560058,-1591405565
9,8,4,9,10407,-1986294169,54652752,1043268472,-1292464224,-2014788188,-1017820702
10,8,4,9,10407,-966323841,1619900456,-441093947,285998017,-1582907343,-1659118606
1,9,4,9,10407,1934607728,290674228,1807632702,-208514517,-1417562122,-1263937137
2,9,4,9,10407,-202985260,1636121437,-676342875,-1657974198,-2102713031,982679673
3,9,4,9,10407,1650658227,6845883,697004203,-862398314,-1007187458,138949829
4,9,4,9,10407,-1772557162,-168109455,-1585812711,-518956223,1869266681,1634602071
5,9,4,9,10407,998880272,-434600591,-152538224,-502064219,1896085457,87226455
6,9,4,9,10407,1115411573,2038725238,2114869801,1141488626,-686106510,-1862720221
7,9,4,9,10407,-1945189228,1898380955,-802166597,-1196662083,305877065,-795633233
8,9,4,9,10407,1083573619,1647808383,-571081849,-1743856719,1954372794,-142328200
9,9,4,9,10407,-291838175,-1881271105,849961688,1413865577,-856932283,746806723
10,9,4,9,10407,-127072226,-2016577660,-1776436289,879166053,-1477311677,146573669
1,10,4,9,10407,-142507213,-278499466,-53044608,1274733284,-84309902,-1025561450
2,10,4,9,10407,551180525,-1959951597,-1449087964,2129201072,-813693976,591623279
3,10,4,9,10407,-1138292683,223844850,-1185280612,-1273931199,1129939008,995757223
4,10,4,9,10407,710514989,-1604786794,-1825549160,76413836,-1654374823,1665530906
5,10,4,9,10407,-1865610053,-996249559,-1169645484,345556499,-281975975,-1554666118
6,10,4,9,10407,-1065903946,-1700461265,838346102,118500476,-1372389876,-381165914
7,10,4,9,10407,-744062686,668895872,49942264,1837311111,-1193583773,1992409101
8,10,4,9,10407,-2022319631,1906496252,-1261068152,412554391,-2048303920,161482743
9,10,4,9,10407,-1863031878,1427734780,-404311097,-1177861692,-1797967347,733449467
10,10,4,9,10407,-1900176375,-1356608971,2026185654,-2105397968,-1402119859,-1380615327
1,1,5,9,10407,-1667394133,198897121,873210726,-1724966699,-1850338178,-1742071757
2,1,5,9,10407,-331427923,786899609,1125179757,1712777875,1191418272,2008001790
3,1,5,9,10407,-1602062437,797709434,-187234136,958598049,868173332,1421211008
4,1,5,9,10407,1636170871,-966304978,-752646176,1017184249,-1876039783,-296993168
5,1,5,9,10407,1269916445,-588533913,379976599,1485015133,-827688181,2075515543
6,1,5,9,10407,1481791006,-1108435270,-536585789,-75293511,-1397835320,-1562695986
7,1,5,9,10407,-1613691702,819326206,1860619177,-2088622211,-1384941067,559587501
8,1,5,9,10407,-188573602,226144845,2043954311,1493563706,-2138439609,-766876652
9,1,5,9,10407,-761666811,470181956,-501082300,-139111134,-979693287,-920834240
10,1,5,9,10407,-735179039,-1179112532,1593076313,-1724595450,552068281,796906920
1,2,5,9,10407,-1623928319,-1576822424,1174130746,-348185160,-1744906368,658719986
2,2,5,9,10407,-1231300097,-130514976,-408308378,1174941797,-364387272,-144811599
3,2,5,9,10407,-171883065,-390680247,356548937,-1144131245,581042654,-1377349036
4,2,5,9,10407,-1999319318,-159730078,-1668042136,-1153071981,924095000,375098402
5,2,5,9,10407,-233312120,-26475772,-1243777606,-588599672,-560740677,-630668490
6,2,5,9,10407,-1157173358,1410289447,-714694955,522029079,1485133692,-958946527
7,2,5,9,10407,2144482569,-1605085739,-589566368,-409868120,1481572782,1158713499
8,2,5,9,10407,-54168632,-869208972,941666056,244386965,-264020002,213087923
9,2,5,9,10407,1775118903,2054926961,-1915597504,-149318752,-365453494,286911361
10,2,5,9,10407,1898871210,1769811332,-1174752414,1628606305,-1661813814,747532725
1,3,5,9,10407,1112185271,-1546376258,-211120907,1292251436,1559836991,1789377922
2,3,5,9,10407,411976932,683233359,-1625131743,1512508494,1312265593,667713380
3,3,5,9,10407,-1511494276,1070798809,-1099217544,-1497230578,-451093159,1678558301
4,3,5,9,10407,-1250113871,1631160916,881776873,1400605050,272524776,-1451716764
5,3,5,9,10407,-316636019,358865254,1827234566,-1322961358,1931578693,-356896083
6,3,5,9,10407,-1150007300,1657916743,2047451840,96349112,1067727664,-1304331916
7,3,5,9,10407,805987181,13519237,-783340443,-1787618584,-1103350438,483132146
8,3,5,9,10407,1134970915,-710893001,246177824,1087677713,-1681320010,1697858788
9,3,5,9,10407,191608377,230272399,-1964158423,-46042337,-1968122718,-154139720
10,3,5,9,10407,1165316398,1144623672,-1788390023,2034154590,-345049143,274205442
1,4,5,9,10407,770759457,-1663150749,-2109503223,-431174728,1833381977,1542223490
2,4,5,9,10407,-1314185540,1070524645,133457500,1037385750,1651441376,-1044845531
3,4,5,9,10407,1764394539,-1089073377,-273104777,870722138,-19820548,18460267
4,4,5,9,10407,-1607316913,1160654662,-1917675879,-51829998,-1235479347,-441507368
5,4,5,9,10407,645415821,-1013065889,-847975181,1348081064,873071849,898150489
6,4,5,9,10407,-1320053274,1622258348,-380407781,-1793614321,-741391135,-1324583167
7,4,5,9,10407,-1290969673,-853244325,675041925,-389898768,-431459484,-1921499089
8,4,5,9,10407,2010045648,-1520577256,-1813660814,-1193752045,1796142448,905102861
9,4,5,9,10407,1824535411,1105597410,-298597180,888685877,-998466696,1902456313
10,4,5,9,10407,-360147970,1031962693,20009794,-1807158296,-1537866630,-296841077
1,5,5,9,10407,-2110531505,-346803321,-120171213,1652429105,-350533951,562835039
2,5,5,9,10407,-1453738964,-859867341,-2092426781,807185766,1905539508,-676186019
3,5,5,9,10407,442807242,867449801,1397326475,-518128543,1533386000,-696939086
4,5,5,9,10407,-35646347,1683308864,53687683,-1588107209,754977896,-238565171
5,5,5,9,10407,1406525747,-1037295045,-1649540870,175685759,1981668045,-1290476732
6,5,5,9,10407,-1473759796,-2070571054,-470153645,-375377202,-416752635,-1027742632
7,5,5,9,10407,-446492813,-1569975347,414002711,1942428252,-725672334,-1124326611
8,5,5,9,10407,2003756265,-380351220,1315681161,232781988,8670880,-2038095928
9,5,5,9,10407,-101174355,-415510947,921674291,601770585,686911216,-674658412
10,5,5,9,10407,2032126777,-729501460,1805900577,-1696280172,-1515632556,-257105013
1,6,5,9,10407,126604284,317451306,257147287,-181911032,1893635146,1821969451
2,6,5,9,10407,-124991773,1396950393,158339730,131124384,-800111825,129436648
3,6,5,9,10407,-1141921518,-631992774,933868463,-796637846,-1152650891,-58724233
4,6,5,9,10407,1282921889,-547481663,-681896404,1332581252,-92054148,378838663
5,6,5,9,10407,-543116395,112600367,-120316479,-1516732015,-2126125690,-1267853657
6,6,5,9,10407,2037355042,-66632441,-1502555160,2058739574,1282952023,-2117323060
7,6,5,9,10407,-964102088,-1151485223,-1066634964,842855075,791488085,1312033115
8,6,5,9,10407,-868021293,-1634900343,1429228331,-476055819,-1922128603,2002737888
9,6,5,9,10407,1916917073,-128844975,1528312974,-1892343147,-1363933408,-311256755
10,6,5,9,10407,-913413187,1708071727,839426042,-1178870463,-1459804695,1325593899
1,7,5,9,10407,246959681,-1955017958,849268340,-195966040,639395970,1805648100
2,7,5,9,10407,-807342359,601302434,497340980,759430750,-990923000,1379932292
3,7,5,9,10407,596527969,-468732568,-1324610017,-870020164,-2110086832,-1346488488
4,7,5,9,10407,-139240503,1097497993,-91878004,386657861,-342986114,-519760747
5,7,5,9,10407,-854193386,-262567118,-170923146,-1588747466,-2115221348,-141991674
6,7,5,9,10407,-666977008,1290116113,185240007,677965252,1221859050,-594888636
7,7,5,9,10407,-1963633665,121741957,1097193537,2061999874,-336124695,-1560694507
8,7,5,9,10407,-1053636418,-70668884,-1819860132,-1995663509,-1134756776,-220860601
9,7,5,9,10407,-440147485,694427322,-1273314064,776054669,-670501213,402944744
10,7,5,9,10407,-2021516894,-38563717,1840173767,1329605902,1279732540,408755566
1,8,5,9,10407,1211626476,830211184,1627943855,887362617,1471370055,964449259
2,8,5,9,10407,-668703462,-970235160,-559088636,-89247131,868485886,477329177
3,8,5,9,10407,-1685611206,-1463407756,748254487,418345234,-1489233583,370337846
4,8,5,9,10407,-1212427846,-1443799394,1151784757,-2025684762,-655259034,-1680733607
5,8,5,9,10407,1552239571,-1138536149,1366981746,-1820976705,1010701637,-1173399791
6,8,5,9,10407,586414517,-1500139574,-1324630250,1531367648,736950409,-989816716
7,8,5,9,10407,253385765,-570642097,763549564,-1434816943,-649579945,1067841929
8,8,5,9,10407,140994114,-991831382,-181496030,316951741,427466592,-127537114
9,8,5,9,10407,416866150,-1304983629,-820290822,-1460964183,844139601,175223322
10,8,5,9,10407,-1330985697,-1471325591,54473830,-78713105,51107142,1786680052
1,9,5,9,10407,154912262,2095620351,-2039659020,1400925395,1181880193,-1323605714
2,9,5,9,10407,-2036895609,1160663100,602974731,-858846539,-1770066791,-1484397526
3,9,5,9,10407,-1588897192,680318463,-1571922625,-137116899,-2048458815,-1021603602
4,9,5,9,10407,-1662405665,1889819779,-1101872318,1769241862,112696165,74717788
5,9,5,9,10407,1479077882,-962906364,1419711877,-384314770,-1194623342,1575193187
6,9,5,9,10407,-1906787668,2037643760,-2105947295,-1842346256,-1254529688,-618877100
7,9,5,9,10407,-1587933197,-455848525,1402623623,-992426793,1625560140,1052131607
8,9,5,9,10407,2050944428,1963011143,-933749231,-1603688219,-2044896314,314414638
9,9,5,9,10407,218913769,92732336,-1310595978,684626710,-1909227030,-741191900
10,9,5,9,10407,589418300,490873762,-987565246,-964895097,-1132249503,219795112
1,10,5,9,10407,-2004357567,755366214,391951245,957951506,-1175797958,-1656101240
2,10,5,9,10407,-1797165584,1461315023,-777860940,-218984334,-1768700773,29509441
3,10,5,9,10407,-843565356,2026069488,-1790634774,-1800039829,-872122611,-2065323211
4,10,5,9,10407,2006077746,202253112,571859502,338821430,670366369,1927796467
5,10,5,9,10407,1790048666,-2010881000,-2109161514,-583479628,2093296828,-433475836
6,10,5,9,10407,-242447493,184236211,-1828018506,-947063236,1135805322,-1501447390
7,10,5,9,10407,-544115035,-798275382,1599172155,-1412790974,2003853250,-616123969
8,10,5,9,10407,-1894957409,-1851353163,426018672,-805670011,-337537712,-1331866639
9,10,5,9,10407,-2117963597,1969677217,566768139,-1793445735,1848690330,-1999553476
10,10,5,9,10407,1144038553,-1134967076,-1395278140,964181973,1027503453,-926545202
1,1,0,10,10407,-679141939,1391558436,-497925707,-1561633035,-1088580250,-639466626
2,1,0,10,10407,-981057095,-262956327,1399157224,601690375,-1065749874,-933443909
3,1,0,10,10407,-1706677014,1945797355,1723808704,-1327605857,1110592366,571857344
4,1,0,10,10407,352828826,-321705507,-193170642,-1263951714,-2063727340,871761457
5,1,0,10,10407,299505017,-861669546,777875030,-116900806,-2146574403,454882664
6,1,0,10,10407,1022677178,-1644124785,2079676411,2046061804,1151754303,-500624183
7,1,0,10,10407,-441896939,1032200292,-1238156621,1762952418,-1343520332,688811717
8,1,0,10,10407,1591969085,1548166626,-2838509,120886566,-264108709,637084842
9,1,0,10,10407,725063096,-1909603431,830763619,-1966774046,2021653954,-874562479
10,1,0,10,10407,1110446130,-1144257447,1486661751,-89904454,-663789814,-2081181500
1,2,0,10,10407,712586035,-510669014,1968933031,935154330,584502828,-1856127857
2,2,0,10,10407,1825624955,1801615126,982555729,-2043597963,-971446512,880386306
3,2,0,10,10407,245849454,-482415522,-289020415,1028028507,1947733315,-1760312917
4,2,0,10,10407,-743352029,-1643835314,1514319287,-746628962,-1095547975,296452958
5,2,0,10,10407,-2101765491,21694085,-947050965,-1728602308,618594837,22954406
6,2,0,10,10407,-1102467825,1720251410,-1657755068,-535573200,-20418631,-1293045532
7,2,0,10,10407,2165880,-418468058,1938558364,219587674,-1969826602,-1610401899
8,2,0,10,10407,-1923415527,-1843371235,375172215,1875532427,-298431535,-1191414896
9,2,0,10,10407,183603136,462445398,-1223742443,-982351732,-1454657227,1677372597
10,2,0,10,10407,-1291077467,2134452346,6462234,720549354,2030943973,1012497538
1,3,0,10,10407,-98972577,-4660159,-1107268706,1869654676,590946930,-1748940972
2,3,0,10,10407,1597639580,-960556,317888037,416395423,501364685,2108981832
3,3,0,10,10407,547456171,-1441946396,257494818,-1890475511,312155805,965452973
4,3,0,10,10407,-1424442597,1418097053,947980158,842744348,1419003772,1513052901
5,3,0,10,10407,662378206,1113510182,2022021119,769316113,-434566530,-636135282
6,3,0,10,10407,-951134868,701754201,868243984,-734335918,1935560159,1382124501
7,3,0,10,10407,-2101283820,-1981322078,1211527145,-1552744515,1681094085,-1216433437
8,3,0,10,10407,1480699893,1720560841,1251800070,-1757543457,-691500997,-1834475377
9,3,0,10,10407,-357188961,-2051185249,-979180365,-1568005324,-1382465098,-228359237
10,3,0,10,10407,-821530545,1564593902,1546105815,-2055682937,-857672956,756195316
1,4,0,10,10407,1438050068,1170985462,337408340,1095657380,1895096855,-658119926
2,4,0,10,10407,-1761293216,1170823382,-107883708,-1048770188,-886613424,-905837393
3,4,0,10,10407,-944420538,1184410629,-352288639,-277351146,1255753784,-1951953830
4,4,0,10,10407,-406334088,-1282884047,629668493,1547351002,-762615698,148338711
5,4,0,10,10407,793220278,-1841308020,1184005636,1063167927,-2018556684,764402775
6,4,0,10,10407,447888716,1463087926,-720247531,423563695,-1919012024,-215902578
7,4,0,10,10407,621064938,1022456773,-1759792393,-1330449451,168458860,798144340
8,4,0,10,10407,-1384921819,-1577932963,490760321,-616079295,1091064509,1140768361
9,4,0,10,10407,-1364972791,-122008257,1064542938,1031187877,-127225805,-495577376
10,4,0,10,10407,1789224284,1133025503,-464334405,1523174405,-1431914627,-1051127952
1,5,0,10,10407,1600716716,-1530273007,452789930,-1064715705,-347334152,669351171
2,5,0,10,10407,819569416,1668679042,-639903110,166645614,-1274219126,988486836
3,5,0,10,10407,-1949063263,770328596,-1817210170,474295742,1247069647,2139137225
4,5,0,10,10407,-2006284180,859456501,-63940729,-1168497019,1412606516,-2116094968
5,5,0,10,10407,-750107648,1671686087,-1816977173,1518938152,45254873,1825722576
6,5,0,10,10407,1694906729,809015779,1402253116,87856361,-985614342,-531980379
7,5,0,10,10407,188964510,-1568225841,1770492562,-1647190531,-1191068427,-919214490
8,5,0,10,10407,502053925,2036041881,1182272343,-1353468462,2130719517,-1989438374
9,5,0,10,10407,1985749583,-1672685498,747991557,1583207835,1732625954,1024975560
10,5,0,10,10407,-1678927931,-2062305909,-2107291871,-1694752325,-1531778015,1217859215
1,6,0,10,10407,-99778255,-259543102,523476781,-832779201,1855212306,-1459335801
2,6,0,10,10407,-509442923,516911503,93127824,-1531114700,39141894,-1021027156
3,6,0,10,10407,-499718279,520309134,-1905284458,-1924778984,-215377545,312882787
4,6,0,10,10407,-1170512614,-770647822,-111158029,-94251480,1212922563,365151729
5,6,0,10,10407,-1321334435,-1990437750,-1325945341,-1500586994,-1550905841,-82125631
6,6,0,10,10407,-1090036736,-1827527149,720366527,284347101,1843023923,1445186929
7,6,0,10,10407,1418579587,1119238679,-242070948,-1281733241,1888793312,677352949
8,6,0,10,10407,-2077261150,-632048861,-85569963,-622675063,-157379573,955371197
9,6,0,10,10407,-580351581,-1051908136,-1685114421,-267649385,1916706296,-483948011
10,6,0,10,10407,1824679111,1951532894,-2013546363,-749339947,-624390931,1120496454
1,7,0,10,10407,1457940186,1868674633,1679704501,-584985226,-1176912080,-1848923718
2,7,0,10,10407,-806762610,1002380049,371558640,359281843,1213354768,75707007
3,7,0,10,10407,-13173345,-681980169,1421624004,596907552,318350687,1593521233
4,7,0,10,10407,194497079,-240685658,1106013052,1191144085,-330800507,-1614225332
5,7,0,10,10407,1097121112,-936519390,-85247214,-1505977226,1733473889,-1095825630
6,7,0,10,10407,-1202460018,83286800,1452381712,-997895288,-808564749,-498483648
7,7,0,10,10407,-1737146247,2049524954,-199011118,-1414968015,-1380877506,-1869399254
8,7,0,10,10407,1599768627,1396122602,2020309990,1741207273,-994842323,247672338
9,7,0,10,10407,1074219684,-868855931,-328828141,805448241,84385379,1808399368
10,7,0,10,10407,1623412253,-2135391095,-21310987,403311253,1019825792,1203058311
1,8,0,10,10407,696994644,2036988414,-317984319,1658067445,1861284786,-535853680
2,8,0,10,10407,-1503587168,-1059856146,-1904324571,252702620,1453111936,559676945
3,8,0,10,10407,131563558,-188785278,1147781731,-37821438,-531381537,882156301
4,8,0,10,10407,334902778,1003221283,-1885858320,346901835,664692605,145894935
5,8,0,10,10407,233782169,-142313227,2123051783,-191520062,-1023509030,752891604
6,8,0,10,10407,-377503916,925999289,-1410209825,1198909481,-963635993,1982658606
7,8,0,10,10407,254454274,266264895,-1478535996,-1009125274,1622800958,-1221382720
8,8,0,10,10407,-1924960235,908539805,-1172570843,-898207296,-1843226082,1029362829
9,8,0,10,10407,-1779530507,1893143340,1397294532,1376644362,-1933543204,1893329928
10,8,0,10,10407,-1991022276,-207552102,1719416416,-352640210,1080417562,-1218834767
1,9,0,10,10407,1952936477,416847492,-46070690,44515484,1809596556,1063912563
2,9,0,10,10407,1490298904,-1534139345,666795734,901146659,28206700,708229181
3,9,0,10,10407,-763406131,-1312210836,1665533484,-1494235717,-1337418100,1003886074
4,9,0,10,10407,649359623,252123029,1321528262,-2105266666,1156546598,576023590
5,9,0,10,10407,1176907784,-1487542536,-1840002656,-331170273,-92616471,-2107736454
6,9,0,10,10407,2036013923,857175397,1642261065,-806760110,-873826032,679276884
7,9,0,10,10407,1352050279,231048541,1237994501,1189999689,-1683240519,-608437260
8,9,0,10,10407,-1242505717,-1895579106,1959884263,662268789,1895319235,-505043886
9,9,0,10,10407,-194972217,-135323475,-510551945,-1975194954,-1710799622,-639437584
10,9,0,10,10407,-155447809,-1529599132,-284580628,1064602942,-203331149,549609953
1,10,0,10,10407,412209773,-278212941,-1414731369,24352358,283546381,2083917055
2,10,0,10,10407,761667259,-353758498,-1707472783,-944423729,-1109723865,-1817218164
3,10,0,10,10407,-452752714,-1257306748,-1617304700,771082369,1049407050,-15430374
4,10,0,10,10407,-37755857,-1182460050,-62739382,-565662518,-2048446197,645091406
5,10,0,10,10407,-2126835473,-1495745595,901008143,-163034933,-1696961405,-169537757
6,10,0,10,10407,1743015818,729004016,294675949,-1622342654,-1570423549,894737254
7,10,0,10,10407,-1423177603,2135147823,247204002,324448185,-1351683588,1279566824
8,10,0,10,10407,-121126140,-340471869,-2054245110,1490618711,1214863825,1230662243
9,10,0,10,10407,-928193327,1804565437,-86635657,-224235306,1559413300,-206700146
10,10,0,10,10407,719709229,1286168375,-1562885710,2089436498,-920743622,-1285559634
1,1,1,10,10407,1489501863,-643992441,-1244795569,92304443,-989677651,-2116273925
2,1,1,10,10407,-450908494,1821245275,-751366901,1780627070,-1114473524,-369723270
3,1,1,10,10407,-1241778084,-1415387263,-2097416361,1600333767,-1215280921,792439051
4,1,1,10,10407,1503261054,216889338,171394736,-446582998,-1120033316,386771230
5,1,1,10,10407,-44382485,1430129816,-1521201033,-308815635,-1022135920,1836192947
6,1,1,10,10407,-725157781,865810674,-981095981,-1190994210,1173404753,-843504989
7,1,1,10,10407,-1226597447,-1125414516,1490930579,-2056286723,-1625523454,398135102
8,1,1,10,10407,-1820237030,-1795994099,1598851371,72516010,1705326986,713205347
9,1,1,10,10407,-318362961,145574994,-373844755,-1992714083,-1723867137,-806055302
10,1,1,10,10407,232374510,-526062971,1921653614,1782045705,-711738575,-251288811
1,2,1,10,10407,-347325388,-662347153,29585563,1931539227,-49420842,1346525442
2,2,1,10,10407,-2007802346,-1183535012,233929773,1847268568,535551835,-1517688887
3,2,1,10,10407,-667657470,1433504560,130797745,1702722358,-1156363374,998747359
4,2,1,10,10407,1179266609,1425198628,-54432715,-1289271383,-1314030646,1851312164
5,2,1,10,10407,1320638261,-46057643,-1022450509,-1386866645,496942826,1355907085
6,2,1,10,10407,1654974005,-1114790775,2076852763,962699683,-1150850859,-566135565
7,2,1,10,10407,1419132952,2029931360,-979540639,702554792,523484220,11020462
8,2,1,10,10407,-1608586804,1329400239,1694360345,-955969310,1722166776,746207088
9,2,1,10,10407,285951378,746079246,160235340,393243110,-6740850,-1777533013
10,2,1,10,10407,1000557690,-2118799939,-467717038,817219548,1021387058,-208567805
1,3,1,10,10407,-1587244873,-1353262573,-220443182,-152102944,1500225423,-1247749381
2,3,1,10,10407,116522843,-1138522947,308866208,-1323559054,-1946771435,43354244
3,3,1,10,10407,-1709607908,-281192463,1811398424,-670166549,301488983,728221823
4,3,1,10,10407,232150582,-1948515958,-660561489,349888543,-784110705,1975289069
5,3,1,10,10407,-1060693718,1518089002,1508527919,-1091664588,238505114,-1968512387
6,3,1,10,10407,-845838882,-98877592,-263009399,-527197057,-402942802,-507492943
7,3,1,10,10407,1977884785,-364689008,544836459,1567435138,-370221286,-192887258
8,3,1,10,10407,1650026237,-177334420,-187501572,1248570665,491714515,1129404183
9,3,1,10,10407,-724877734,832517585,1933800436,325354916,-1939831310,1659977034
10,3,1,10,10407,-1609370011,-1165303569,-317560064,1404447165,371389278,-692491774
1,4,1,10,10407,-1913736899,510845521,1881928393,960825877,649056670,-156643164
2,4,1,10,10407,-2079724831,-954824291,552082136,449842136,649766698,778989848
3,4,1,10,10407,566981710,1537827556,-1965428806,1983985859,887668656,-1416849388
4,4,1,10,10407,-2009994889,-1016560155,376403866,718071157,-1741118112,69161313
5,4,1,10,10407,539654111,-218798178,663908951,620690168,-871798755,-644523769
6,4,1,10,10407,573303810,-1314261730,-423156026,-1648193178,87590240,1618111850
7,4,1,10,10407,-2052846542,1966777257,-1787646918,1419644963,-494794612,318338899
8,4,1,10,10407,-724618819,104385563,-1544325957,-1758110651,-111977118,-1099701365
9,4,1,10,10407,-279546898,-623694957,1550139129,-621531756,-1150386271,1607643474
10,4,1,10,10407,-993951991,-1753465796,-1182891266,592520684,-1283119541,-880115315
1,5,1,10,10407,29322859,-767563746,2076238997,56529840,-1067937594,-1059472932
2,5,1,10,10407,-1053790563,1362231880,856828582,-1368112698,1080651493,990810456
3,5,1,10,10407,910248019,1784229515,985036725,36135951,-1932756870,78714413
4,5,1,10,10407,-621766564,1437778976,-1935459012,1170881080,929192637,-665719363
5,5,1,10,10407,-1858449254,-1271852243,781356431,1443477950,1026928885,554695221
6,5,1,10,10407,144294060,503947015,-523556543,-1388275813,-167966427,1244355269
7,5,1,10,10407,-412753878,-2146623804,1074720053,1201901438,1936014332,-1662302597
8,5,1,10,10407,-663234231,-2112042679,-762467709,-1169767687,533235052,-2141054452
9,5,1,10,10407,968627216,-2057367672,1770108239,-1348551627,1599535331,-925465214
10,5,1,10,10407,1172949278,-1463762581,-556012353,-1001089194,-79451593,-40747504
1,6,1,10,10407,742011696,-617134022,-82174300,-457640881,-1856224341,-196137058
2,6,1,10,10407,2113197598,422297597,-1825802048,1894191526,-1256705408,-359714397
3,6,1,10,10407,582693778,1034847063,1139952026,390029831,-936888190,57005382
4,6,1,10,10407,1319843822,1763670526,-2067662612,15781941,-1143241810,993843256
5,6,1,10,10407,372192339,970046171,-1672969589,-1246384260,669059081,1093237330
6,6,1,10,10407,-1250668621,-1481691660,436399473,941103042,743236620,-1908909588
7,6,1,10,10407,-368476713,-2107764008,578173542,-1668077321,-1303698890,1043845865
8,6,1,10,10407,760212123,-1437288185,-1931881670,478902634,57369982,-500955426
9,6,1,10,10407,-981774924,1604160121,-178971817,1068940710,-320416497,97577538
10,6,1,10,10407,1246333532,-813112061,-1663308306,-464773183,103046025,-884955178
1,7,1,10,10407,-1627296568,-205320599,1159681725,1776766920,-290861525,-760575888
2,7,1,10,10407,-1667251802,1687188104,566608464,217293513,686588364,1386811581
3,7,1,10,10407,177770939,-526465293,1298926695,-1128131518,129383879,-503554330
4,7,1,10,10407,1299275758,-2042060655,-1589108227,1792000660,912411370,-180992261
5,7,1,10,10407,-1288731379,-1279192534,1244622185,-1550906720,-800814828,-1855120242
6,7,1,10,10407,2046504284,473711114,280339624,959498918,-560895015,2029220853
7,7,1,10,10407,142198854,705215524,-1759386108,1313365317,-1762217311,-1265639153
8,7,1,10,10407,234253870,-1662139802,-549115269,1861389204,-754432472,-495245325
9,7,1,10,10407,7554264,1723640876,-345231066,-1174221215,1648295868,-1409000069
10,7,1,10,10407,1203910904,1878743127,1506116106,-1447684876,1298919407,1459996877
1,8,1,10,10407,-1908304307,1865995668,-892165798,-1330255865,-695146188,-1983117342
2,8,1,10,10407,-648412687,352489053,-1546003677,-1358262660,1762391633,-889801978
3,8,1,10,10407,303248580,1305252504,707931846,-177750333,439545424,920843831
4,8,1,10,10407,-1961797935,-1135191678,1817330093,-192941746,-1880770821,1403698600
5,8,1,10,10407,-1313700681,-1508345854,818739559,-1552703204,-1088982693,-703870716
6,8,1,10,10407,1110370687,-488928535,993870375,265022879,-1371162666,640953912
7,8,1,10,10407,427985485,1066982443,-1170058925,845551173,1379883127,-1445292646
8,8,1,10,10407,-202932702,-1609950103,-756806666,-1747407166,-593823236,-1770897496
9,8,1,10,10407,-1756765679,-144834094,334943003,152959416,2077415183,521332784
10,8,1,10,10407,642398956,544833653,741605663,-1687367855,1673597928,-1623037746
1,9,1,10,10407,221103461,229777030,56899835,-1964503481,1811578076,962061435
2,9,1,10,10407,-1607547331,-798267873,-1686317224,-1721758596,481759021,99582226
3,9,1,10,10407,373637540,-1500144560,86313684,114856046,-1634339313,-839394354
4,9,1,10,10407,-373013661,-710490592,-816501690,921487616,1118381489,-957064062
5,9,1,10,10407,-640621128,-67969324,-2025038510,-694807462,-990721144,203108007
6,9,1,10,10407,993049153,-939610236,1559714418,-87993168,841087347,-1761301465
7,9,1,10,10407,280029128,259970865,-318826348,392010202,-422336230,1720754320
8,9,1,10,10407,-2075431180,-277057627,540391344,673238586,-347103208,1186484895
9,9,1,10,10407,-1470385522,-710971373,770049198,435323074,-2021724735,1293501139
10,9,1,10,10407,-2099692739,-1309631488,1039458056,219640001,1457038434,867284127
1,10,1,10,10407,-711655354,401462123,381255577,2019739299,970639002,271169536
2,10,1,10,10407,-515867093,-1252111028,1797036960,-1565644031,1717239253,-698921470
3,10,1,10,10407,83426355,2089951779,-2106180401,-200465641,-1294678652,-202968000
4,10,1,10,10407,1815332751,-536020836,-1625667472,-2864866,173743876,-1061829314
5,10,1,10,10407,-426640495,1956744684,496969222,1806402576,-1243132861,-1534492904
6,10,1,10,10407,214690397,-1849568449,-1589848217,51223088,-723048382,-689158474
7,10,1,10,10407,1604951229,361573729,1958399450,1134346902,-1691628779,115043773
8,10,1,10,10407,128766447,2046632182,-1381594628,-1450383263,-420032550,-1031223281
9,10,1,10,10407,1741950121,-1982913774,-121683898,-1018569813,1704182918,1254537644
10,10,1,10,10407,690357305,-1748403511,-45773672,378973073,807355450,-448744674
1,1,2,10,10407,317674078,1434588230,-271887968,823858579,-373556531,1985118056
2,1,2,10,10407,1980820883,869903295,484214137,1172499063,1243810698,1366017925
3,1,2,10,10407,-148212492,-1643772559,1540529919,-401462096,-297953946,1369628299
4,1,2,10,10407,-1991066655,1985695037,-2082485915,-1341640273,-395503471,733320155
5,1,2,10,10407,199724467,370250491,1996262508,436272303,551678796,500038920
6,1,2,10,10407,29609490,1508962545,659649462,1149219177,1742151383,-1739820814
7,1,2,10,10407,-1579662969,1253333698,1102243514,-1452719080,1265784293,-1790725985
8,1,2,10,10407,669304275,-1210575798,-1430383109,1861407829,1397241555,108389241
9,1,2,10,10407,-364860749,-187525921,-254859386,26887097,-244119259,-407948771
10,1,2,10,10407,990143110,-1958458175,-969836,-858992254,-107789212,-925036655
1,2,2,10,10407,-1859469859,-2090926355,-1035095910,-1046757670,-395828938,1131075759
2,2,2,10,10407,1795311906,1164830371,1673210819,-1324122860,1993873971,569141346
3,2,2,10,10407,-162698575,1027558574,-5218072,-1692643924,-353998867,108761427
4,2,2,10,10407,934101042,982783478,1637615629,985122304,-1178029454,-2099951147
5,2,2,10,10407,2037318642,1310387875,914893808,1259975424,1381917831,1727881389
6,2,2,10,10407,-1072350792,1428896912,585124849,161579501,2085563752,-1078316190
7,2,2,10,10407,-695650993,-2014702297,-1922252638,-736124520,2106450023,-1778666419
8,2,2,10,10407,1856895424,1968589216,-1706099345,-993038317,189536363,1669488796
9,2,2,10,10407,51660754,1534875707,-89085667,-519145761,1373679708,-739846406
10,2,2,10,10407,-410029807,1027544052,82906198,-2033972620,-1122657421,-457674297
1,3,2,10,10407,-679191047,311967354,-1857108013,1677841619,1187499759,-1224557800
2,3,2,10,10407,1060122358,-83374262,451722363,-111890589,1664394870,-231422031
3,3,2,10,10407,-1110519008,-252010373,792497956,1182431907,-87841019,840748255
4,3,2,10,10407,-1876010568,-1381436961,213139327,-1027261360,-697280102,1667607919
5,3,2,10,10407,-637483488,-1280118277,22355175,1052231397,1622914999,-827830720
6,3,2,10,10407,-1747012324,1606716295,1202505686,-1899430684,1197822268,283138161
7,3,2,10,10407,-888990188,-505132784,1147509604,-2146743937,562108103,1449876409
8,3,2,10,10407,1841221734,-1774113371,617979986,1988618612,588670777,417786153
9,3,2,10,10407,-847612886,-1535187394,-1850228144,532876302,-2129642837,1122174768
10,3,2,10,10407,1805212185,-773238638,1333003434,1548369406,665646533,273876605
1,4,2,10,10407,641090277,-1272665296,1332381594,-2112767585,-1727025223,954065010
2,4,2,10,10407,959695131,-681284480,-2065300258,-79763354,-1654790791,208559340
3,4,2,10,10407,1976698153,-2041294949,1722436696,1272924146,1249613345,-647838432
4,4,2,10,10407,-229603442,2136115174,2116529134,-1969358440,470099819,2120853231
5,4,2,10,10407,-1312392007,-67980493,-1199009142,-517004051,199531181,1330781147
6,4,2,10,10407,-1509588647,-605336531,-969158329,-790150797,-1913652802,-346209815
7,4,2,10,10407,749563896,1325752746,-927900651,1748624386,375393305,-59315749
8,4,2,10,10407,612245863,-90689409,-2021584854,-1982886840,1279089934,442004056
9,4,2,10,10407,-179602624,1402469853,1340246829,365718932,-894438910,1150834940
10,4,2,10,10407,1593537332,413335036,-2105124662,-1855483822,1405729701,341809390
1,5,2,10,10407,1844425171,667841899,347771141,1742047021,-817307308,1998560594
2,5,2,10,10407,1581747116,1728761496,533544547,-1219796079,-227546436,-574957947
3,5,2,10,10407,-1166243915,-2059579403,1101430273,1780613604,-1377490621,-1373974723
4,5,2,10,10407,-433883253,-340442546,-1931580512,-1745199037,454094173,1883349913
5,5,2,10,10407,901724114,-207273171,1579412413,-1585383298,-1888757118,-883082297
6,5,2,10,10407,730692421,-695211494,-1977053756,-92146915,-3450044,1810681786
7,5,2,10,10407,-2092454687,-1355877516,-1980367228,926402442,-1750220950,1805373840
8,5,2,10,10407,-572330480,1766796133,-1557090525,819508206,931954177,-1964547276
9,5,2,10,10407,-2075253114,76317716,258573898,1858325347,-1546959362,-192053702
10,5,2,10,10407,-17610087,-447488094,-982754195,-798712838,1288031109,751661224
1,6,2,10,10407,454753140,-157713048,-1260828022,815272086,-46507188,1861162892
2,6,2,10,10407,812035435,-1312990749,-1950613535,-527172306,-571993446,1548626657
3,6,2,10,10407,959265232,-165691830,-798350709,-485319874,670964602,-1702022636
4,6,2,10,10407,-631838992,748915564,-391795938,1532898098,-534235795,-1128216455
5,6,2,10,10407,-1907800834,539181544,1142323506,185935997,-453195207,2049178172
6,6,2,10,10407,119998446,863039376,1591154813,1179820468,-1729251645,1593767271
7,6,2,10,10407,775208441,1383324386,-79315660,613052928,-1040340630,-1379468407
8,6,2,10,10407,-1474587880,554724995,-188680858,-1512308221,463293420,1832670504
9,6,2,10,10407,787006967,-2010764248,-1652796744,-1180118033,-288817124,-1121598973
10,6,2,10,10407,-1692891673,-1145614080,72356027,1302924473,151972089,-1161235893
1,7,2,10,10407,-1419156420,1552537169,-1761242837,-191917032,-143017225,-2031883360
2,7,2,10,10407,-1143862468,-1816049021,-132865075,57677210,-2004905772,-600962077
3,7,2,10,10407,734365306,-1875369741,1868504805,-1289187983,18632044,-1583340625
4,7,2,10,10407,-249466259,-388941034,1389713070,-1659662420,593333928,-1326475465
5,7,2,10,10407,1606939835,1956377029,-945258923,-1348231833,-1993437194,1285741610
6,7,2,10,10407,984241170,473416820,242202495,-1557898788,-401874326,-556175637
7,7,2,10,10407,-551501039,-1077727630,1087334795,1972105668,-1994584869,86032666
8,7,2,10,10407,93491160,-1233991327,188064676,-1225587968,-1858346311,416793881
9,7,2,10,10407,-1249213624,1996011219,807036944,-1538814751,-1347432174,788465683
10,7,2,10,10407,298408893,2112997456,1710766650,1225537184,-110484386,965016436
1,8,2,10,10407,-105635449,1969118535,-211951208,968173977,791593137,-102865443
2,8,2,10,10407,1945056811,1109944854,1793200498,-1241834514,1295136630,-1631727569
3,8,2,10,10407,-1102017488,-914675710,-1073726086,1469618584,-1064846722,-1700866270
4,8,2,10,10407,-229971853,432666593,-487261767,451174862,1172190831,1009461205
5,8,2,10,10407,-1511381495,1264215129,-972010227,-1434694805,1349438873,-1769078480
6,8,2,10,10407,410406517,2057211826,1949135550,-1637237299,-325852074,-244373101
7,8,2,10,10407,618262090,-1927613139,-714534748,-1608621323,-849925631,-543159427
8,8,2,10,10407,678578135,373081407,791932439,368903560,1179987517,349598287
9,8,2,10,10407,352917945,-1347720188,2106703182,-362116775,1921729765,-143676150
10,8,2,10,10407,2042794039,-822722557,-272957482,-1053097673,1786546720,1072196866
1,9,2,10,10407,-245410977,1197455712,-1138882813,224460756,957106391,-1477415807
2,9,2,10,10407,-459952940,1568724419,-1422139605,267075526,-445768818,2103434474
3,9,2,10,10407,578058324,-766923802,838535902,2081243463,-1204201942,923731242
4,9,2,10,10407,-202561838,-143671267,-1223862096,-436183577,907715186,388771731
5,9,2,10,10407,-895477682,1287829648,-1744663881,2041533308,-806188438,1032070940
6,9,2,10,10407,83979311,-1388091471,1130990671,-864251431,-1979798163,-371607147
7,9,2,10,10407,739469670,-988914616,-405731492,1899045733,546935635,-1134619628
8,9,2,10,10407,-987972891,822280822,-531657224,378505014,-980294942,1881850123
9,9,2,10,10407,-885102816,1315709590,10278446,-1962243123,-1450215137,-1112335900
10,9,2,10,10407,1867080176,720419427,-929112661,1039888802,1347440059,-942891171
1,10,2,10,10407,-1701006538,-1681543449,-526530390,1253807463,-1339362191,888662160
2,10,2,10,10407,-627694366,1386132919,1788107583,902323334,183750830,2107285222
3,10,2,10,10407,1003369081,-1289549972,-772882239,1929045697,-1419969040,-2093765766
4,10,2,10,10407,-812013361,-1043699551,-378112214,458318153,1157581328,-2139221320
5,10,2,10,10407,-820329681,628667165,708368673,-1639529792,1528636575,1393036904
6,10,2,10,10407,-928415297,557847866,-2098587392,-1809624671,-2010810470,-392588255
7,10,2,10,10407,-1700237503,1371597514,1991072239,1973754221,1007007020,875725462
8,10,2,10,10407,-742959656,1038389773,2132937093,-659741928,-1090438166,-962621846
9,10,2,10,10407,397733280,1620691385,865026169,941183528,18812763,139395715
10,10,2,10,10407,-2117079875,-1641839326,177770047,-1003348050,-1200050705,-1035510189
1,1,3,10,10407,-1935518035,341749006,-813008623,1930831621,1529226418,-553669027
2,1,3,10,10407,164607850,-490296994,-2070645620,800428532,-194811153,1410258138
3,1,3,10,10407,1158144266,-276663118,737969438,298403987,425733757,1266215962
4,1,3,10,10407,852947237,1708412496,766599313,-1164130980,1746541857,1119376454
5,1,3,10,10407,1015656575,1295596117,-642157711,1830223810,-928923726,180435693
6,1,3,10,10407,772216125,-1130135707,-146819662,-351423890,1719317085,-1132862347
7,1,3,10,10407,-875810083,-812173367,2146487166,-1847674115,852970780,936973568
8,1,3,10,10407,408334929,-1035439993,-350776883,1128829359,-1505811473,747070470
9,1,3,10,10407,578776086,312723068,-1959997161,-1712641470,133944673,-340407050
10,1,3,10,10407,-557009313,742875331,1510614976,-1637494532,-359902225,1296602433
1,2,3,10,10407,-1335602441,1910962529,-1847893843,1092122081,-1145704436,160077210
2,2,3,10,10407,-870436744,-1349279426,-1300966621,647207258,-1872289102,-1623034218
3,2,3,10,10407,-1989613659,-1083758486,-1916973296,1656269081,-1805854685,729018278
4,2,3,10,10407,190049911,1874970771,-776374785,-1655338798,269771033,1875627414
5,2,3,10,10407,1657078023,163471104,1390828803,-1677655833,-903607345,200515900
6,2,3,10,10407,1490177738,1874682648,-1754404906,1859894913,972131895,590471724
7,2,3,10,10407,-1981142477,1616673805,869152957,-1975601042,1202094073,1122702849
8,2,3,10,10407,1859769708,1381729785,1145477230,-1782734235,1138544946,-1254836157
9,2,3,10,10407,1747603179,-33121711,671687806,-2113045299,-1546633415,1723097001
10,2,3,10,10407,-2098148652,-1352500420,418659088,1299977109,2085954516,937634329
1,3,3,10,10407,244365616,-997143023,802977740,1569501368,1462311712,-1476631335
2,3,3,10,10407,-1248762302,1747522794,-330386,-2045244175,-1972404164,-299038863
3,3,3,10,10407,-1346561016,-212417668,-1589691347,-1146623547,-740608465,496275155
4,3,3,10,10407,1710762811,-2099088147,759248281,722607140,262434694,1808971743
5,3,3,10,10407,1303773527,-1884820584,-243237060,-2004630526,1438497272,115491817
6,3,3,10,10407,2110684868,-1286586159,1686006747,-752669259,-1459879292,312571149
7,3,3,10,10407,440909567,-524711456,1800678301,342999155,-1600950836,-1850563279
8,3,3,10,10407,725680674,1366162699,1674798721,1395966853,2091860869,1445856200
9,3,3,10,10407,-1788861610,1998714016,-1200265060,-1686042003,401167707,-1771536465
10,3,3,10,10407,1090336122,-635324076,940612966,-1440226748,-1637349099,908926513
1,4,3,10,10407,329063804,1453121838,806304115,-180884162,-1138846128,-1186419267
2,4,3,10,10407,806195605,1066929306,90591307,1971413008,425317304,558959627
3,4,3,10,10407,358769874,749216310,152148560,-365639629,1854925867,1505753546
4,4,3,10,10407,-637997057,-160722807,-339279945,-1222902328,-1477419550,-1522837558
5,4,3,10,10407,802424661,-1977121969,-2137637153,-1116644562,1930948863,-1021095135
6,4,3,10,10407,799792692,909048519,28524583,-1532523280,668710358,222518227
7,4,3,10,10407,274473712,-322765514,1709750365,-43802309,-679750839,1178429894
8,4,3,10,10407,1519750264,191342483,1161937183,1484451012,-673204045,1954910757
9,4,3,10,10407,-2075002684,404805756,1886654693,-738184316,-5438203,463871302
10,4,3,10,10407,969081484,-530656869,-1525633248,-337411642,-379646183,-1803656789
1,5,3,10,10407,-1971762688,-858623546,-2141118986,1576583968,-1771369415,-1577342580
2,5,3,10,10407,1324121023,-1851254036,-934923700,456701238,-1174873152,208072749
3,5,3,10,10407,1791186289,461983558,-1448051790,-757164193,1980523184,-311829823
4,5,3,10,10407,1332355504,884945361,-234766711,2134399345,-78389671,1474579438
5,5,3,10,10407,441422671,-2097889240,-469892717,1760557015,715972762,360923627
6,5,3,10,10407,-2065714470,-190868868,-359134893,625425171,-267476587,111839834
7,5,3,10,10407,-1459227400,444376943,1514850253,1511542396,-1156988007,1042798530
8,5,3,10,10407,-1560207064,952935904,-1575032479,1449794940,-2034391553,-1723837933
9,5,3,10,10407,236766026,-1315502766,1210787200,-777344692,-1867578120,-1777202021
10,5,3,10,10407,521667101,1793792365,-176345967,-353438242,-1280775162,-1486340631
1,6,3,10,10407,-769819928,-1050831886,1597260851,-1124184704,1150257236,1159772505
2,6,3,10,10407,282536482,282032465,399484712,1200579179,700621525,-1887247096
3,6,3,10,10407,1852205604,-1595446749,-599567680,-721485666,-1003405534,891779761
4,6,3,10,10407,-1894530554,1480883674,1483526116,1619747053,1701742412,-1161491001
5,6,3,10,10407,771185250,-1897317879,1351353785,-1822513553,-75576300,-1422380408
6,6,3,10,10407,1904351146,659389977,-34805328,965902424,132463822,1309414615
7,6,3,10,10407,-1586210343,-1443518373,1345570514,819410469,-1241270704,1523372319
8,6,3,10,10407,1365866319,-1622344031,-49910074,1267731896,1073923519,-188555006
9,6,3,10,10407,2050732372,1065566213,297128940,-64991890,1121154427,2044723028
10,6,3,10,10407,-2097045315,-1390930770,-749317803,625296037,-826953443,-293320610
1,7,3,10,10407,-608554387,1807774942,895535142,-515942185,576829666,-1496249865
2,7,3,10,10407,1699332525,-1061887820,-564399065,125548601,-1890334163,1935601712
3,7,3,10,10407,1507755596,-971360427,876560572,-557176040,-829261247,1089345715
4,7,3,10,10407,1197988899,1134194990,-463757503,1712031557,-1589030293,-855530377
5,7,3,10,10407,-1024254937,2034787388,-559693897,507493336,-1315608436,2035564262
6,7,3,10,10407,-1589585749,53060900,227965180,460310379,1082330324,668594430
7,7,3,10,10407,2063757737,969567562,1494152220,-101719678,-403807407,-1931626799
8,7,3,10,10407,-414318006,1018566328,-1982570820,1486332967,-54514845,-900034071
9,7,3,10,10407,1177582719,1840911187,390443270,-50038695,-1775166143,17315956
10,7,3,10,10407,1191971258,-2023566792,1325686804,1830550149,1780210747,-684435466
1,8,3,10,10407,1610886786,718447814,-1681757501,1784176698,-1349232228,-2043738606
2,8,3,10,10407,978283051,1011629319,-429951544,-1286137569,-516355182,1650597096
3,8,3,10,10407,-1959903144,310952984,-326232645,-229238903,856845626,-1720908113
4,8,3,10,10407,-1959173334,2062329289,1070662098,-1515223786,579972074,942528541
5,8,3,10,10407,1706483317,293712425,955426135,-488903292,-154779845,1711627793
6,8,3,10,10407,640385406,1675415927,1315462211,-975927114,615077178,-978492769
7,8,3,10,10407,-98581834,946306969,920215924,1304391218,895174633,-1023957811
8,8,3,10,10407,-1001649799,639509444,-511434882,932951865,490922434,-265920558
9,8,3,10,10407,-1175426455,1421072556,1772225713,105578370,-1906215859,-1637966140
10,8,3,10,10407,-1728405366,176964109,-413305198,-1273915131,1665884416,1461910661
1,9,3,10,10407,-805876604,1523164708,1009635106,1927696108,1061527916,811830816
2,9,3,10,10407,1493923306,-1401824958,-1190564477,500128766,-809155810,-1400156865
3,9,3,10,10407,-578335062,64852037,-1751341862,1189259796,-1289649469,-1143889435
4,9,3,10,10407,-1022964946,-1700959964,-1568724760,1252059074,-203207420,438423109
5,9,3,10,10407,-773745036,-593439238,731397169,-226547955,311653496,-1733983062
6,9,3,10,10407,1751343608,-1825109579,-949234937,-1134544325,-1954110797,1583846758
7,9,3,10,10407,1566532444,-766194156,-1308337494,-1278730891,-1027636321,-1983344893
8,9,3,10,10407,897586807,-2095098031,-1309928524,1531165466,2066555823,-261610159
9,9,3,10,10407,1401504865,1228037570,-126668555,-1939414759,-902940894,1585382811
10,9,3,10,10407,-1958007590,-1362654658,-100033430,-1719315648,-612057497,-301044906
1,10,3,10,10407,1207973592,1765384593,-1948340892,-2016889089,-898458871,-1249173275
2,10,3,10,10407,-789059069,-206077455,1038656359,2020213102,28670959,1538707508
3,10,3,10,10407,-1472867686,1057065084,1191780218,1649946096,-1646209746,236748654
4,10,3,10,10407,1672671566,1443916661,-1150413429,-1723590689,-362863720,814651563
5,10,3,10,10407,1055076035,-1732409472,500809207,-1824516416,-775320678,-687872506
6,10,3,10,10407,847025870,1970696387,-2117987130,-381615367,-2119694507,923552808
7,10,3,10,10407,774256425,1275286398,763990117,2075329889,256967414,-1450966840
8,10,3,10,10407,-1698404995,-523435973,1570666529,1536405548,2054753617,1500320746
9,10,3,10,10407,-1230600118,-1476418135,1127452400,-867768930,-2064427332,110860160
10,10,3,10,10407,-636896633,-1285126501,983390404,-83509096,-704112192,1214426873
1,1,4,10,10407,-485815350,-277215999,1989824741,1182220531,-136026769,-73149188
2,1,4,10,10407,-1747110206,-18718515,-1128400059,-1853891137,1390348527,-553784553
3,1,4,10,10407,505627584,181559808,1475548339,-29798506,1753003607,1405802601
4,1,4,10,10407,598136994,182166391,1898424722,1483008366,1635772676,-481427845
5,1,4,10,10407,-955655942,437577564,1446872438,1899550759,-1089990650,-1307266927
6,1,4,10,10407,-907474330,1961784254,1994906754,2144077733,-71916939,197598624
7,1,4,10,10407,189631946,-514171552,200045842,853494187,-1815270693,1730923974
8,1,4,10,10407,-1653213196,-1850215870,-1476446379,1915319190,-1225814900,786003106
9,1,4,10,10407,-2114842706,-659283016,846576051,554314799,2087197984,-167456466
10,1,4,10,10407,-1357072361,1882966311,878192408,1485053557,2109501738,1041662686
1,2,4,10,10407,-850830332,1342449066,1426564581,-1941314262,1059503125,1731245441
2,2,4,10,10407,-1762035835,-1880335349,1015645563,568135675,38508618,420599319
3,2,4,10,10407,1435353633,-1511670993,-1633434209,-153833669,1744459213,1175303892
4,2,4,10,10407,-1815924271,880191561,-1231138655,426750648,-941453368,224931329
5,2,4,10,10407,932062242,534626432,1845171023,-24364739,106287275,-1623053976
6,2,4,10,10407,-53018287,2044725324,818772749,253299619,-439314932,22098349
7,2,4,10,10407,-1566884258,-1351908862,-1065225913,373207995,6764527,-2090787925
8,2,4,10,10407,309517300,-71791842,-2139625092,-586618527,-759856764,239444090
9,2,4,10,10407,295778347,100787458,934416441,1341567642,-1360830321,-376098617
10,2,4,10,10407,1713542676,-510632540,-742496073,-843864899,1343425975,1606841191
1,3,4,10,10407,-467111066,1708730731,-628058201,-634084425,-1235060088,186765403
2,3,4,10,10407,-135932078,-434533813,1849413988,-1923187173,-1667093769,519869713
3,3,4,10,10407,-988264442,1160322506,-997682062,662695533,807530619,-600216787
4,3,4,10,10407,-2036699517,-1637259682,-1868408513,-1776867823,1047463717,-1785178686
5,3,4,10,10407,1238362979,954982734,-391936189,927423471,1921631740,1619868568
6,3,4,10,10407,-611062893,-1275747470,-1506155042,910655718,-742734944,599423835
7,3,4,10,10407,-1416576753,-1150348710,-535671841,-1528374584,-200612567,304609211
8,3,4,10,10407,-107603707,614566643,-638050265,-1772947577,-1629357133,1535536536
9,3,4,10,10407,-1799346361,-797666014,417818665,-1754895865,-717521130,1700707409
10,3,4,10,10407,-2117974286,-1959124511,781345554,1057364733,-239741860,-1939217041
1,4,4,10,10407,-542662602,-831783524,-1105672711,2074319948,1713116027,-636619253
2,4,4,10,10407,291122957,1105221731,-1694612946,-1746169236,1488681181,1086066793
3,4,4,10,10407,-1059325,-1482891596,377151998,-1508479627,398106158,-582490859
4,4,4,10,10407,-623895104,-1788725371,-230462286,800393621,1827116433,305434906
5,4,4,10,10407,-319178057,-311691110,-1029293928,472258518,-1156935931,-353425248
6,4,4,10,10407,-947375971,-1266484799,372317132,322275192,1515117887,1055935717
7,4,4,10,10407,-915942982,-419302751,-1683060089,-1794215498,-1628574533,409492311
8,4,4,10,10407,110204567,-523231740,-285060826,-1209557968,-2142593229,1101087109
9,4,4,10,10407,-360626811,2093868846,1726637676,-447347511,-1220794365,1689883660
10,4,4,10,10407,1403944777,-231215408,1350536619,7188848,1477175417,-376004145
1,5,4,10,10407,541654497,815088930,1774397768,-1723531593,-1947761200,-1281393574
2,5,4,10,10407,-1388312601,-191834048,1685685057,-743580542,-221641654,-1741507392
3,5,4,10,10407,1894244742,-1685136115,472695061,1276375696,511876200,-1158412072
4,5,4,10,10407,-320730634,-371744830,-1258378406,-1887200689,1380467666,125064593
5,5,4,10,10407,246196222,1097991942,-781397683,40825176,-759470201,-1253855223
6,5,4,10,10407,-63118303,-1934642724,692351362,-1914402263,-627892226,719931335
7,5,4,10,10407,1300036838,1943900936,569136151,-1874405946,932132253,1943493590
8,5,4,10,10407,-1513882889,-2055859425,-879134963,-1173766439,-1644113783,990030882
9,5,4,10,10407,-1544294409,367656548,-1361416239,-2109173882,450861828,1155651367
10,5,4,10,10407,1731407493,305637835,107293252,161494779,2065561684,-1771590372
1,6,4,10,10407,-810379871,-1959050568,124165642,633938420,1189736496,1405876595
2,6,4,10,10407,304055602,-1585536029,-1238212057,1392343470,1828751703,1609298051
3,6,4,10,10407,648511527,-214780558,-1865872983,-1690394715,552951689,1912245770
4,6,4,10,10407,434726073,-842861454,-853348783,1298050641,1301895292,-1807917982
5,6,4,10,10407,1317198150,-975174803,-321873977,-1710416268,1775195564,1601824238
6,6,4,10,10407,1493490666,-307093968,-597190913,2113188933,227756022,1546254381
7,6,4,10,10407,1254858126,-1994349164,-1060903708,1119870455,-1736319203,-1454735425
8,6,4,10,10407,-1766108310,-1641797245,-1909845873,-580869852,-1550551831,-542903929
9,6,4,10,10407,818547489,551778494,757540213,628623565,1472256457,-1255652509
10,6,4,10,10407,-1229791866,1889868808,-24485000,-2027332226,618073891,1835997009
1,7,4,10,10407,-371101786,593216874,-608253686,1749836815,1272134522,645692232
2,7,4,10,10407,-660088014,107034283,1240389311,1119475156,-1505960732,-1754959470
3,7,4,10,10407,1284351144,1036429313,-1712942957,-583195013,-1929970195,-307801425
4,7,4,10,10407,1366759786,-1310548468,596537502,-368235732,-1194852677,1856339626
5,7,4,10,10407,-1138853245,1583609406,-1912610130,-1273919320,-691224821,1693628954
6,7,4,10,10407,-404248096,-764571888,1653593989,1738411072,1283307701,-821176326
7,7,4,10,10407,248592776,-1565540114,-2059058788,1347866726,-287304026,1493837646
8,7,4,10,10407,-688940167,-489037050,1368158613,1328076225,-939076184,158060266
9,7,4,10,10407,-664008805,796849163,52071875,-1261555648,-717846010,-1501203807
10,7,4,10,10407,1800371906,-1969952655,1478880627,91470126,-1473776435,2043795070
1,8,4,10,10407,-338577189,233169318,-558210893,227701767,1217118187,-231288972
2,8,4,10,10407,-1141824124,-708817206,-583734672,-2095248460,837368467,566449828
3,8,4,10,10407,-1010229876,1577833949,405909458,1994371017,1392625290,861432088
4,8,4,10,10407,-1429999524,-1625355293,-1185320213,1801691940,871466033,244507745
5,8,4,10,10407,-334960395,-1829929611,2066059280,-1469271243,320996812,1012009041
6,8,4,10,10407,1529236519,1941131769,-1004702574,-1490935272,-1194350331,-2054469410
7,8,4,10,10407,988357502,815506158,1091198630,1962135208,-1280587349,-1473204156
8,8,4,10,10407,386785200,-1660262316,-1363301797,-568788649,-2075651279,1131294708
9,8,4,10,10407,1467728246,-1010189950,313954251,1510675703,1892392691,1888106762
10,8,4,10,10407,-386914440,149122403,1613123746,1975858300,-626519814,1666414860
1,9,4,10,10407,-2111798541,-1090033292,-55574096,-2077113371,1500208221,46380700
2,9,4,10,10407,-1222705849,1250883785,2029435041,-1898272868,725759618,800946146
3,9,4,10,10407,-1908594100,1762425809,-1484995528,1132267222,-548917610,-1024624039
4,9,4,10,10407,846148590,-1681400966,-1460929674,1570045362,-1429549298,1292086566
5,9,4,10,10407,1115466523,-419364303,782837996,908949089,1818811102,-1849810216
6,9,4,10,10407,-1033078745,-305779094,-471359183,1460888676,909775503,-1705559612
7,9,4,10,10407,-1199271603,-732310275,20792746,-1458227517,-706769155,128935458
8,9,4,10,10407,1192583311,806641320,-157184705,604941666,1529422557,218330258
9,9,4,10,10407,1995472492,1519656051,-588045245,-1906578837,-2101036557,-1669741660
10,9,4,10,10407,1070719016,-821669187,1179766822,-2086640804,-1241498381,-714176371
1,10,4,10,10407,1635593009,-230456570,-1237561450,-925152742,-1364144276,1333392010
2,10,4,10,10407,557404408,1668486456,-570098335,-962024819,-1473509799,577231811
3,10,4,10,10407,1671237131,442327073,1806301367,1032041003,1370109832,609719426
4,10,4,10,10407,1888759626,-820872105,1594387426,1915456652,-382786245,1750429047
5,10,4,10,10407,-1995186045,477545470,-227871359,1081609663,1247876067,-1628947953
6,10,4,10,10407,-357005587,-286517207,516675683,1164462230,-670626834,138394480
7,10,4,10,10407,1141199919,-11972299,-43936137,1013402933,-1163076828,246545153
8,10,4,10,10407,1995847381,-1074756653,-747174714,962149489,1678001755,-907035886
9,10,4,10,10407,-1857953357,-338967902,-2054386797,-305496454,302733740,1858365857
10,10,4,10,10407,286413696,-1701452419,-110133245,2019716645,998987471,1234506959
1,1,5,10,10407,630580206,725770823,1043028947,1610841301,-1242373534,1534854224
2,1,5,10,10407,-1471370835,-398592174,-429145942,-1592907474,631871770,72140213
3,1,5,10,10407,678179380,-1306959676,-1976790077,-1710731057,571499482,1643257050
4,1,5,10,10407,498133509,-1056682789,-1943142301,-1783787331,-1199189172,1759868585
5,1,5,10,10407,-1661366807,1033057254,2083621942,1366174370,-896793666,-695727374
6,1,5,10,10407,-2026978669,1467802242,-1808358634,-833041372,-346438702,-965434660
7,1,5,10,10407,1368676916,418267135,-943942193,1512527575,45625514,-1088133162
8,1,5,10,10407,2043613487,2081581657,1717746671,1182091629,-116558540,-1396896249
9,1,5,10,10407,-808052779,-1458328522,-837393904,-1152576928,-1193076642,-1849340226
10,1,5,10,10407,428152884,741297839,-424201559,1101509585,1294244901,570831769
1,2,5,10,10407,1523655542,-171337404,1003545990,-25254262,1969067831,-1296642649
2,2,5,10,10407,-714732292,797404549,1468013708,723140243,-1478500966,-1804657772
3,2,5,10,10407,137285480,-1763995770,-668967836,1226020855,-1050782043,1280399877
4,2,5,10,10407,-2106450664,846598399,320772956,-194466621,-1140178737,-1604195026
5,2,5,10,10407,-922329666,296424108,832456719,-1198559489,-334182894,326676962
6,2,5,10,10407,476197049,-1918171338,-1401080843,133869620,1258163865,-1136499234
7,2,5,10,10407,-191751097,2000302750,-408805499,1591411875,-1089920519,-960568729
8,2,5,10,10407,-344434061,-2082569212,1890203203,-1639941068,258320984,109438846
9,2,5,10,10407,-1480363265,-1351100848,1900807715,-1483559632,-1141274420,-454587964
10,2,5,10,10407,1684668923,1580984436,-2104643098,-1720618705,2017293206,376408644
1,3,5,10,10407,-879892406,-1502133501,-218365720,1857730193,765400856,-1541564740
2,3,5,10,10407,1512437820,-1607747497,-716198855,-1158028197,-1165819796,1229261358
3,3,5,10,10407,-970227397,412511969,1779475573,1555964512,1113791249,1846404212
4,3,5,10,10407,-1647142595,636383059,415687681,458725582,-1590557952,118873534
5,3,5,10,10407,-1520756194,-1957877467,-759935002,1381852202,-1058570721,1379599323
6,3,5,10,10407,-53880355,341667203,-1364053586,-475162692,1641913478,-2125316337
7,3,5,10,10407,305497417,-240347782,-750473754,-992583298,1351878945,-1067462877
8,3,5,10,10407,533774255,-1911812802,-533478804,172826152,-1578768679,1787936459
9,3,5,10,10407,646427483,311829127,-1444793817,899017972,-215146483,-2007395339
10,3,5,10,10407,691132340,-1378780009,1171738196,2056077816,-1955939893,1358324342
1,4,5,10,10407,1688579392,-1805836946,-1641854569,-115188741,-520338293,1383780163
2,4,5,10,10407,488309267,1477724325,-1500380956,-1768065778,1994896152,-856158460
3,4,5,10,10407,1702266171,614802980,193044534,-1230462663,-371420300,1292871242
4,4,5,10,10407,-1293275938,-597006185,653723639,-344358954,-874851016,-1341943794
5,4,5,10,10407,562895054,-1653831248,1187102070,-1719289676,1803597863,-995378305
6,4,5,10,10407,-681808185,-1498551542,-1591119400,1522157626,1089851367,-391077143
7,4,5,10,10407,-1129021388,-606885680,-713561490,880887136,-573571561,-1693981827
8,4,5,10,10407,-1549945310,247235602,94188076,-1390902372,1932965737,-803192225
9,4,5,10,10407,1945183695,230638618,-1789362060,2143444303,135563162,1629743415
10,4,5,10,10407,-563972844,1567360592,1353034024,435334820,-1413505744,-1733508396
1,5,5,10,10407,-1077534234,1559152099,-1471082040,-1967318120,494326291,1794016726
2,5,5,10,10407,-1241028004,-74772048,262483616,452840468,-1688665699,-205155428
3,5,5,10,10407,621726903,-204953742,-1781747973,1005024924,-456713919,1740317233
4,5,5,10,10407,350389945,954279977,1002714634,801614429,1655803637,-967247238
5,5,5,10,10407,-934463939,-698593096,-813991721,403275173,-1333049953,-80137401
6,5,5,10,10407,1705938231,434975263,-1702190260,1344957284,-42580520,-1804678871
7,5,5,10,10407,293088775,-375063922,-827527612,-289217590,-1392934854,503099739
8,5,5,10,10407,890779190,-1570984524,-1921992203,367820778,-1722005642,-977917197
9,5,5,10,10407,-1962372354,-1115448825,-1949100774,-1318600573,-2084708844,77225055
10,5,5,10,10407,1436608375,1784195983,-865216692,-1819730011,297954334,-1869421852
1,6,5,10,10407,1345980688,-377034215,-1168668157,1416013362,555597542,-1939109691
2,6,5,10,10407,-736705690,-1270424897,-20447704,-1396352444,911228711,-1094615874
3,6,5,10,10407,1183821278,1787804434,1224367338,-1935640757,-1098310762,1621589733
4,6,5,10,10407,-845850720,-1254193120,-1290284100,-404665301,-1834503372,-2008203364
5,6,5,10,10407,1999504378,1026156040,-951250020,-1760696261,-933571950,1296187341
6,6,5,10,10407,1916546692,-965368585,1486574589,-849098350,1057470910,-1329815336
7,6,5,10,10407,81557846,270112759,-1546864842,1314314708,2076015743,617691378
8,6,5,10,10407,2034666142,-171674430,1117003482,-1003292279,-1563815665,1362010015
9,6,5,10,10407,-692489601,953196317,-1660663354,-1890441932,-910026102,-1270431202
10,6,5,10,10407,1589046284,1350096704,-1946591602,-2007185866,1024067104,800891476
1,7,5,10,10407,1935778939,1034160905,-953556140,-1618706074,-38510659,-1947636113
2,7,5,10,10407,-275605137,-1587676010,-1681876854,-130215516,-936732722,-604336574
3,7,5,10,10407,-1908956979,1487827094,-396884854,-1354621601,1520572032,649957751
4,7,5,10,10407,-769301929,2141749192,-1064880218,-1506742748,2050657685,1218583869
5,7,5,10,10407,-1509646583,183579103,277790722,-1996786145,-492346553,2112421513
6,7,5,10,10407,1528076466,-628960874,-1638354302,549732965,123321876,478538171
7,7,5,10,10407,1962156248,1578056208,173461855,-1034201627,-1532570641,312140557
8,7,5,10,10407,-551964842,1531869747,-829161370,-405629691,615264031,1535561035
9,7,5,10,10407,1938418953,464422488,-1380477582,240240814,1047218584,-375860064
10,7,5,10,10407,1532850558,-856003990,430395243,-69268559,-1673169926,398436656
1,8,5,10,10407,-1409027167,1421506559,-1112804366,-1833496409,-606479310,-869809166
2,8,5,10,10407,-331473250,-796252760,-74274847,-1982542560,-1798884844,-1685111248
3,8,5,10,10407,-324836484,-1973634948,-1049799336,137693824,661869617,873055071
4,8,5,10,10407,1085026654,-2139829772,558126719,806039557,1992287400,866091539
5,8,5,10,10407,-448389185,-1185890525,-1168851346,-1912905524,-884836967,-92182564
6,8,5,10,10407,-536518652,-376142320,312752735,-206519188,1774809239,-481290710
7,8,5,10,10407,-922792445,-462712239,1417634698,1355124075,772385282,-143124562
8,8,5,10,10407,440794551,2065755546,2603393,-1606649286,-2022992888,-1103318435
9,8,5,10,10407,-813216580,-1298638178,-240256581,590966425,797041483,-1864184404
10,8,5,10,10407,-1759522949,1363570412,-1560707000,-1779006807,-2081769560,864714836
1,9,5,10,10407,1592787968,-1811460127,-1718730263,2036111457,221189268,-610193220
2,9,5,10,10407,493275071,1822892375,-1744315256,-1217564382,-1075355392,-919096697
3,9,5,10,10407,-333255546,-665031989,65509533,-952695825,-1631442674,-786161769
4,9,5,10,10407,-731528344,-883371602,1436208082,-1417302565,1492577950,-1389092501
5,9,5,10,10407,1640644464,1061491407,-41373671,575633650,-2119984453,-1496130235
6,9,5,10,10407,-174607765,77798112,41103448,-1232298233,1397253807,1297988899
7,9,5,10,10407,-1956357816,1116392651,-219692641,-185037853,1583798071,1514901232
8,9,5,10,10407,-849135215,170040426,711489015,1531911776,730069808,668179461
9,9,5,10,10407,-1838477304,-637362135,120154564,-572507211,-1682058456,-910356346
10,9,5,10,10407,-619398941,2120887125,1868410014,1237705705,977642978,1216033543
1,10,5,10,10407,2046425436,-672507601,-2090693630,741186540,1228231032,-140659848
2,10,5,10,10407,1171638889,2026007230,1817360408,-1155376332,-140356503,-970241855
3,10,5,10,10407,-1407482571,-652290359,1155262514,-614711342,-1215306030,1650139487
4,10,5,10,10407,1522707668,-160827551,119046464,-1068178796,-1518857287,-407087427
5,10,5,10,10407,-21307884,764484776,-517446137,777399130,-862769483,1180018161
6,10,5,10,10407,-336393074,2048236963,2013338706,-514368840,1094915397,503985646
7,10,5,10,10407,711479260,-2135020159,-1003122343,-565481461,-1431814960,-890252349
8,10,5,10,10407,-1768074788,918485964,258071275,-1508425094,-1559207772,-1543314314
9,10,5,10,10407,618388085,-943336155,1144343444,-618578577,1447880449,-1335495329
10,10,5,10,10407,-239661833,886091138,-1235027231,-1155341994,316007249,150144453
