"ialpha","ibeta","ifold","irep","seed1","seed2","seed3","seed4","seed5","seed6","seed7"
1,1,0,1,10407,-707430407,-1962821786,504761007,1088450852,-895652395,-1401305966
2,1,0,1,10407,-975856678,1260081117,-776056880,1418256083,1719702307,1040263689
3,1,0,1,10407,1955629645,-1588914716,-1570098590,-1746439908,216442880,-1559984783
4,1,0,1,10407,318054245,206810622,624174148,-346505773,-1355931033,-73506090
5,1,0,1,10407,-53115355,1077038268,-605921249,-1983368830,-913942560,-1107514221
6,1,0,1,10407,1107193695,-236577668,-764836174,439363680,-552395639,1212660198
7,1,0,1,10407,-1448361637,915530903,681831940,1507653806,-437699917,1487082500
8,1,0,1,10407,1137204277,17880733,376705750,-1055448376,-750564835,432717085
9,1,0,1,10407,711832065,953625638,2052568808,1816826400,1522162115,-1513234409
10,1,0,1,10407,-1006566942,-66292400,-1265156318,-1636030488,745312643,856173331
1,2,0,1,10407,597757890,-771484800,-540560854,-1771943204,-1744908860,717036539
2,2,0,1,10407,-1869419944,2079918115,-1050396037,-937196127,-317032278,1063325080
3,2,0,1,10407,796416798,-2077452391,1100508626,-1473224973,2023520477,396724648
4,2,0,1,10407,258588603,-2041692438,378968628,-1021868764,-246893157,-33686511
5,2,0,1,10407,967368299,2026380421,1735588372,902291551,-1923623540,-147447144
6,2,0,1,10407,-2079406570,820697183,-385446262,-1990832917,992870639,301903416
7,2,0,1,10407,-285648925,-164772544,-1157417831,799232595,2141161320,584502484
8,2,0,1,10407,-1329273826,-1038862194,-1179051937,1604978511,-659406670,1702954510
9,2,0,1,10407,148955898,2021470395,-837436057,2061483506,1005651010,-77070146
10,2,0,1,10407,333005375,-1520065889,-1730051737,-1526742494,1692231645,-781970138
1,3,0,1,10407,-199087372,549192001,59520223,81515246,-1662869156,559745555
2,3,0,1,10407,-1401043289,-1208504043,1447673021,-2133965941,2047442005,1713644325
3,3,0,1,10407,431544927,1669769205,-404317517,35774659,-94062909,-1577524620
4,3,0,1,10407,-1968773614,2047020976,118494359,1452403824,995857171,-562870136
5,3,0,1,10407,-1762720076,-699813610,-2023650580,-1341406595,1324722443,-2034933533
6,3,0,1,10407,-230710331,-566931312,174389783,1174494229,1562522389,1569744932
7,3,0,1,10407,-1187074987,-798013775,915587099,-405221050,281579194,605102822
8,3,0,1,10407,-1267825463,-243690856,847313785,101836839,1900072945,-416763916
9,3,0,1,10407,-34627120,1610216869,325335371,-361761922,554552000,1997527811
10,3,0,1,10407,1314644331,2114499773,465528119,-804145358,-1624930447,1057022191
1,4,0,1,10407,-1511318067,17994377,-339923694,-552814813,-1037328332,589054282
2,4,0,1,10407,552112619,1125354483,2061927438,281886723,-1040933700,-1648369424
3,4,0,1,10407,1305811480,-2028553404,435919192,-615188456,1575966159,-105429252
4,4,0,1,10407,30190136,767928016,238584844,1158231819,1135185749,-1893220036
5,4,0,1,10407,1819784533,895328947,-629191945,1167935204,1591558663,2012646180
6,4,0,1,10407,-1309977295,2052852679,1254947398,-403925397,160544492,-658533418
7,4,0,1,10407,488017179,164010456,-1718561272,1184393293,-1227310982,-1101998211
8,4,0,1,10407,-1930817959,2142315744,1310025388,656889698,-667961199,-500501710
9,4,0,1,10407,-332400685,-1259563374,509198355,1132478030,3091804,-1257210195
10,4,0,1,10407,28594697,1042838380,365803469,-1143219444,-1528114116,1128033451
1,5,0,1,10407,428421050,-834363233,2124632844,-177520178,-855011031,-1028945661
2,5,0,1,10407,606541967,301640449,-629516953,1024508933,816002155,-877809472
3,5,0,1,10407,112795601,-1692253394,339861897,915475740,-276333690,-841857801
4,5,0,1,10407,95470096,1835341236,1024750586,-1347696873,1438779029,333072866
5,5,0,1,10407,1710192927,1372826495,-1935468712,-265383415,-1891158637,-26891479
6,5,0,1,10407,742381815,-1864526499,1276025878,190639351,-892147087,1972366835
7,5,0,1,10407,1442058283,-1696862767,-1697420520,-509364328,1673745981,1127836026
8,5,0,1,10407,351817348,926995292,1335500020,-1132522991,-1663768479,-1286456022
9,5,0,1,10407,794557738,1547583321,856552785,-115164418,1889308397,-1572263589
10,5,0,1,10407,-1625826847,-1175216337,2082010144,343468578,-2016487325,1035161884
1,6,0,1,10407,-625140634,-2136127494,-118986959,-997408704,-1590035264,-1938588581
2,6,0,1,10407,-1291834930,-2132583558,1147533519,-590365517,-2014298559,1342339374
3,6,0,1,10407,-37698637,-948351855,1594885094,-759799646,-10718786,-1681038803
4,6,0,1,10407,-1502253440,2080606602,1875399451,1569795213,-1373505119,28374863
5,6,0,1,10407,-2137782409,1198849110,717074443,-1781019267,1159401552,1390295311
6,6,0,1,10407,390284872,-77484128,1835962519,618263225,741237426,-546024761
7,6,0,1,10407,1121736301,-1187581950,1977138455,209405509,-715989889,-383025741
8,6,0,1,10407,-756615006,-651057441,1047380917,852058108,982102481,48012626
9,6,0,1,10407,-437515478,404573765,-1011394703,48628577,-312662759,-1642101152
10,6,0,1,10407,-496528724,939588255,-1992708989,-1429826358,760017535,-2110397157
1,7,0,1,10407,-1258187415,-659051694,336354135,-61924732,-1991234658,-1679358294
2,7,0,1,10407,-1610659542,462761621,-276693042,262436878,1773671939,17065418
3,7,0,1,10407,725674737,568051082,855716868,-1876055889,-331964675,1460427822
4,7,0,1,10407,-281812710,1467218721,1881355932,400078943,1298191574,-1252391751
5,7,0,1,10407,803437507,1667759432,-622556158,1507958063,246302244,486564031
6,7,0,1,10407,-829456800,347264444,-1772569560,611000316,731346877,1610784747
7,7,0,1,10407,1580992958,1834920672,2059242223,1081175037,-1340962373,-1920238471
8,7,0,1,10407,-1637036068,-1984406788,-1327374213,-975240861,1177452629,2126189170
9,7,0,1,10407,-1095855939,-1712867699,-216945354,548541449,1509552816,1724285198
10,7,0,1,10407,-1202767848,837494748,693405234,-1153799400,-322138997,-1397814528
1,8,0,1,10407,-497020663,907538817,-397078015,846877217,139504541,-190505654
2,8,0,1,10407,733005763,-372390956,-488163571,-1934530105,-63301613,-309576676
3,8,0,1,10407,939800317,-1801262165,1787397018,824867576,-1579764505,621825369
4,8,0,1,10407,559323944,-2025761113,1985732248,-2034501398,263165954,-482763461
5,8,0,1,10407,1146769845,-1694901151,988640698,855204063,-531519841,1427210059
6,8,0,1,10407,-318157991,323980185,-2086801761,674163081,443263485,-260680235
7,8,0,1,10407,-1085797107,443122352,68140082,-616179137,-1637650553,-1193744848
8,8,0,1,10407,-1961606153,-1406785414,262686716,158178790,997140959,-202966438
9,8,0,1,10407,-1949639753,-1747715995,2045519283,-417733119,875595691,-1074585243
10,8,0,1,10407,-2110090615,-1186453638,20641121,-2081667472,721006874,1662089218
1,9,0,1,10407,-1925765430,1879143031,-861639370,1901056535,-1443383083,528320876
2,9,0,1,10407,1825182640,-213893568,-1362553443,1348768662,352283824,-31675431
3,9,0,1,10407,1991392338,-1206556330,1356233849,2137735863,1870170591,644972430
4,9,0,1,10407,1030716033,1119305559,2013655237,-284593172,1436859734,1956317608
5,9,0,1,10407,-729625912,-446837228,-331320089,2090503479,-31814216,-1588366490
6,9,0,1,10407,-62999620,-624788029,-1825874372,-1343838692,1603889253,-544123706
7,9,0,1,10407,264599050,580657384,1691754899,-1898827073,1013495836,-1136870115
8,9,0,1,10407,-1640322006,-995348678,1221610977,1882922287,-247143907,288335275
9,9,0,1,10407,-417729549,1256021078,93787103,95885971,1571768595,43557637
10,9,0,1,10407,939538338,266853890,-1828663588,-1618846086,-616934510,96586148
1,10,0,1,10407,-185528886,527462182,-134022832,-1504115029,1043942071,1313847813
2,10,0,1,10407,1250910461,-2002313229,1580089815,-55213954,-1871076475,-33969071
3,10,0,1,10407,-1816939258,-1055854359,1147390904,2143803730,400735001,-853966122
4,10,0,1,10407,1245782999,-1510448913,1424697778,-1829218997,1764616480,-2024043739
5,10,0,1,10407,-146081129,-531027102,-1379878827,-235101808,706145877,-1152549203
6,10,0,1,10407,-1567818596,1517558338,-612479644,1144591981,-575525653,1957028894
7,10,0,1,10407,841392487,1913999819,-1408400925,-659473521,-1261585499,888564045
8,10,0,1,10407,-947221624,-921988240,-1939207483,2024192156,2014738026,-286269143
9,10,0,1,10407,-813008269,30183166,1338788681,-944714797,-209048740,-1407782314
10,10,0,1,10407,288004362,2092734111,-2055119775,2087064146,-1476182028,303327610
1,1,1,1,10407,597165435,-1316554902,5885758,1434685097,-1745655939,-1218073394
2,1,1,1,10407,-1178163218,1426768153,-617835934,465183171,1819144818,-511716933
3,1,1,1,10407,1649376074,337737698,-1132184348,1600808609,288819772,1360322225
4,1,1,1,10407,-1079259623,-526483270,-914278513,-477745597,-449401223,-681230695
5,1,1,1,10407,1551856016,-1828009796,-1743229207,1532667048,-654206634,-1759859696
6,1,1,1,10407,-1590249085,1627366612,-1754475044,-1193003186,1421341388,1381144746
7,1,1,1,10407,503071649,1957335949,543837318,-972874687,997084975,-806477962
8,1,1,1,10407,-1426717421,-2056333632,1803233563,-458256570,1952569050,250391784
9,1,1,1,10407,-957356701,-1366318752,255373863,1050909705,1012621627,2135940282
10,1,1,1,10407,863239520,-199937854,396198278,945679790,-1431107073,-1237494567
1,2,1,1,10407,-1248626651,-2022192500,1822680542,-614804086,-1246877536,-773527745
2,2,1,1,10407,1558083008,1896860020,-1495035990,570880273,613729285,-962630019
3,2,1,1,10407,874004721,646219997,833367611,1425575483,-855907203,1333362546
4,2,1,1,10407,1214949208,-75970074,-2082423655,1532338811,1068401609,1696306950
5,2,1,1,10407,-686929868,1752956974,768562628,816843571,390217620,1369560715
6,2,1,1,10407,1953295882,-1418067035,-307232804,1954989110,-1044951516,-1112350345
7,2,1,1,10407,1507209078,1353585156,-1885771249,2116493857,-73543068,1837907819
8,2,1,1,10407,577137988,1485896232,-1832046905,-21399542,-857915852,-910327097
9,2,1,1,10407,-2032430959,-2004069930,-85858377,-1015225700,-1048423816,1614881447
10,2,1,1,10407,45532399,751102299,-912310709,-1234108449,1567955547,346337430
1,3,1,1,10407,719839956,1029109232,325435792,509909907,-1087691822,1514978414
2,3,1,1,10407,1507977115,-472942376,636606131,1747867710,1444738933,810514541
3,3,1,1,10407,1426617091,2137656117,570052449,619085480,-836611379,-1267849430
4,3,1,1,10407,-1618301095,476135719,-1761419124,2009990955,1192512694,-462244948
5,3,1,1,10407,-1019767877,2112549299,156324561,-1373282556,-508122025,-1595809551
6,3,1,1,10407,1419669625,2050635299,-1114873320,1023801299,1564938413,641523822
7,3,1,1,10407,-4698626,-1433021107,426697206,71706205,-1123607740,1348654323
8,3,1,1,10407,477347703,-2138767949,807182470,-1914887113,-1467991220,-742736589
9,3,1,1,10407,-1159013061,-1002079597,522829609,1691295850,2141908699,865700153
10,3,1,1,10407,840638105,1271381523,1441862096,2121733717,655082305,-1096919497
1,4,1,1,10407,1209877107,-1970796781,1273219926,-918119436,492682926,-179343697
2,4,1,1,10407,-1155142266,-356311484,2049651919,-853985370,-43444599,-434432731
3,4,1,1,10407,1644186683,1008620242,-1193805450,-146255632,849711844,1544617738
4,4,1,1,10407,2097559891,-87105228,-51762667,1464360100,1011783997,465234506
5,4,1,1,10407,-1566047365,160872731,771912484,531576221,-1545245460,-421483116
6,4,1,1,10407,-2034421714,-247603700,-416854109,1087462097,1582971132,-746871133
7,4,1,1,10407,1891365293,-822775058,1740431076,2073740986,-806726852,319242132
8,4,1,1,10407,-1314393987,1765046947,91260679,-1144128893,309948056,1359508098
9,4,1,1,10407,-299222157,1448128542,277879772,911612158,1799154318,344314648
10,4,1,1,10407,225111716,1283511475,-1864762606,771523841,1472285490,730520597
1,5,1,1,10407,-1453169550,489104241,2121586148,122354773,916443878,-6301528
2,5,1,1,10407,-995191239,-607226919,199434198,-813873020,1283862037,-119169712
3,5,1,1,10407,1206423550,-963787435,1121440855,-395349956,-1738761732,1388991908
4,5,1,1,10407,-603563350,1311489647,-600907686,-370011421,-560304888,590148186
5,5,1,1,10407,211630705,-1203900088,1510376400,227757833,451841717,-1443538354
6,5,1,1,10407,1330974216,1962626722,-1342453350,584209093,-1487546470,-1106015356
7,5,1,1,10407,192021275,1975044286,-1544594005,1958897775,-846811777,1851292060
8,5,1,1,10407,404311289,-428731808,1380587688,-622177307,-553436117,892281496
9,5,1,1,10407,562630702,-720122709,-533403000,-1202044265,-288843264,-479135437
10,5,1,1,10407,1472191937,-1702176995,1715550633,2089744685,1192069236,1166311388
1,6,1,1,10407,726914196,-922987566,2073732762,1055003862,-1689138801,830955331
2,6,1,1,10407,-765617238,1977712579,-842968636,-14178451,123217956,-483782447
3,6,1,1,10407,480571164,-1942657864,-166065719,1950356904,-2112692160,-343992793
4,6,1,1,10407,-1616545820,-1821270043,-146028158,832474274,-339986697,-2006131211
5,6,1,1,10407,-1561619008,477445204,1160440228,-243192219,-1555982457,995442136
6,6,1,1,10407,-598353967,725064045,1276547299,-1190412281,-1932213281,-1921449386
7,6,1,1,10407,-1394805163,-1637885775,1282826808,-798456419,1508805323,-1300163484
8,6,1,1,10407,-1447096706,1638770732,1801540826,602693273,1940533157,-796771107
9,6,1,1,10407,1153898420,-1656594354,1893582220,-736881112,1521944742,470235646
10,6,1,1,10407,1446029337,656911444,-1000287630,276453939,-2039422749,-1093323165
1,7,1,1,10407,706398989,-1867515350,-113484177,998381668,1658447836,-1238423934
2,7,1,1,10407,-1985689692,2079257799,40698949,-1262874551,1027721879,265281316
3,7,1,1,10407,105568036,593539427,639514784,-46883917,-744467374,-1748902769
4,7,1,1,10407,-1777498011,911990607,1758940678,1926572917,-1632722461,-1607228971
5,7,1,1,10407,345151072,1680696577,-1255922720,1068368592,-1580758598,-1194062241
6,7,1,1,10407,447718980,790332323,2055373299,10061564,723766499,-988566258
7,7,1,1,10407,-1403269541,534206416,-291171625,501564199,-369698605,712135662
8,7,1,1,10407,2045767862,-1287761609,258009345,-1474446754,691896264,-1112432442
9,7,1,1,10407,580031231,1294887201,1422938240,-1874325436,-492278196,-102422063
10,7,1,1,10407,1716438953,-1617965020,944466466,1025097850,1572492232,-1051428094
1,8,1,1,10407,-316525951,1106143847,-1818850306,-1885472383,2047383427,39837521
2,8,1,1,10407,-30498801,-1184387843,1322776187,998197220,1564395869,-563196605
3,8,1,1,10407,-573376684,-1138125128,-680604318,-856952270,-2071250203,1992278060
4,8,1,1,10407,-996915224,-1523937573,-1617070031,221086757,-497195801,1345113544
5,8,1,1,10407,-307705953,-392139422,1934166924,-1910449547,-770463738,-55984853
6,8,1,1,10407,1901704654,1713975352,-451851579,1668575295,601448425,77013131
7,8,1,1,10407,-360714914,1401883019,-795259134,-236111703,-387494249,1426165854
8,8,1,1,10407,-1140912987,-1920815610,471928533,1245835499,179884812,-1829593599
9,8,1,1,10407,-17745363,502175688,607662557,535722359,1281451059,2137762672
10,8,1,1,10407,-214715204,1736388664,-1071016519,181425146,-1769201707,-1546945067
1,9,1,1,10407,852666478,637294634,-1107282094,487731279,174274141,-578952291
2,9,1,1,10407,175960678,133696682,-793974663,-422193175,-1064961107,354320192
3,9,1,1,10407,-1444712176,-487600391,44900677,892812113,-556190757,859781153
4,9,1,1,10407,-1147378852,1385059804,1256632405,-448672875,1362295995,870144592
5,9,1,1,10407,1584349393,1635439337,662290918,304826083,-84612036,-278804115
6,9,1,1,10407,1735434749,1526643965,-1371599599,-1265565719,575459390,301198171
7,9,1,1,10407,-212094,-537619728,518654654,2053368184,-284753425,-1795877426
8,9,1,1,10407,179053360,60629992,1912393249,387614915,2006649271,478616777
9,9,1,1,10407,745769659,928030950,422567010,1720602677,265158000,-1288788974
10,9,1,1,10407,-1951097106,1488194994,-1776334467,1027455380,-364743087,1371130925
1,10,1,1,10407,1723440960,122119467,-2064981968,1063521913,964700990,-1925795695
2,10,1,1,10407,480203137,1136971375,-976157475,1177232982,-1997527477,707184874
3,10,1,1,10407,374978996,-738779312,-543455654,-1693255132,-132266499,-1690158575
4,10,1,1,10407,-1025162127,1103538242,-907750886,867723638,2096381369,-678324750
5,10,1,1,10407,1677452220,908656483,1549621489,-886070254,1100619899,-549353556
6,10,1,1,10407,301674389,-1344212940,354378020,1833427254,495093981,183699511
7,10,1,1,10407,1869002078,-356003305,-931264545,1220837089,-193265956,258215837
8,10,1,1,10407,759517194,1850492890,2075508246,-620727781,1954681499,-277749816
9,10,1,1,10407,1136893797,-1879854307,1669282204,-262508837,1389511116,1139066189
10,10,1,1,10407,-1389647565,-141773392,-757543148,1510154964,935733678,-846304850
1,1,2,1,10407,-817341897,1342848748,1545318872,-920115039,-31664852,-1894831442
2,1,2,1,10407,-1756243424,-271236350,653386405,1749712341,-1952664121,-895132567
3,1,2,1,10407,-1314141759,-1213526259,511249856,-2136904044,-1088559502,-1262040792
4,1,2,1,10407,-1395544133,-221380530,-1281120217,448646408,-1029978377,1074079112
5,1,2,1,10407,1989948743,-1650805333,-27210534,595576725,893917748,-1148562659
6,1,2,1,10407,-2039086107,-1911484285,-1364108009,132908608,459685585,-1589344030
7,1,2,1,10407,-468090337,1589893705,715518122,1812128036,291646591,-641824179
8,1,2,1,10407,373286697,-757718738,2005815784,1983141452,274799581,259809771
9,1,2,1,10407,-954729849,1507983801,137802807,-902666435,446424393,1878272118
10,1,2,1,10407,-1748280151,-1256822301,1455071229,581142956,-1537265968,-479936938
1,2,2,1,10407,960847301,817052334,926211387,-1100132461,-339000320,-766335102
2,2,2,1,10407,171498901,1247535816,253057194,-1627141567,858659420,-1723089633
3,2,2,1,10407,638801277,514113227,-37508349,2073845663,-62916808,-808881303
4,2,2,1,10407,243615416,1002263244,-881549594,-1524617253,-1526990265,-356344601
5,2,2,1,10407,-1121754272,1960090367,1798668851,1007817578,-1817401556,-734589409
6,2,2,1,10407,1940693640,-1339269472,487640245,459170606,2019584506,-885410410
7,2,2,1,10407,-2018309867,730305453,1551912102,-1417199878,1906913028,1612170604
8,2,2,1,10407,344058899,728493810,968163084,-2025122748,722434890,427267219
9,2,2,1,10407,-712441328,-531687822,131785142,153515744,1437132939,1853524461
10,2,2,1,10407,330178680,-966414967,-1886665079,-1891971523,1348237996,492382540
1,3,2,1,10407,-19230343,-130774921,-1502274666,1360363840,814096302,-1029988592
2,3,2,1,10407,-458648593,-621260197,1188794451,-803993849,-150316691,2016145461
3,3,2,1,10407,995862529,-1376393136,1389855948,-2061453603,-1062301410,1700943724
4,3,2,1,10407,-2131195558,1344370351,1723224352,-344970173,639114511,-999439513
5,3,2,1,10407,-1856388728,-143709171,-841582378,-1148349204,1727451523,2083481381
6,3,2,1,10407,-157174201,515531447,1424674352,-1961477390,-1352081061,210127196
7,3,2,1,10407,-981266170,-390604963,-968594964,246734206,-172502295,786395571
8,3,2,1,10407,-1323315084,1598956170,214662096,1700350737,-722433340,-113620832
9,3,2,1,10407,13359699,-9218993,287701758,-243400750,1374350082,-622284195
10,3,2,1,10407,-1018794658,-1773291514,1051986926,532751813,448809908,-1121325757
1,4,2,1,10407,-695228092,-409621467,-2029233792,-231623935,2003212891,-1095994749
2,4,2,1,10407,-464165559,-603441202,471086634,166461754,-803167724,-1799618890
3,4,2,1,10407,-1562257886,1502577738,-218804305,540954383,-1299549100,-1873911777
4,4,2,1,10407,-1975086824,1913453230,-1037421839,-607422381,136225863,1655564612
5,4,2,1,10407,-1212633876,339547732,1353994918,168770339,742077486,-712428398
6,4,2,1,10407,-88838791,979782289,24954109,-590800487,-53616929,897552153
7,4,2,1,10407,1361179024,-1960464785,-673587456,1031515591,-94569126,724517572
8,4,2,1,10407,-646091548,-1104058572,-260392711,2133116534,644472501,-1274635883
9,4,2,1,10407,266818261,-400812327,790418882,-1879633009,608545034,109365689
10,4,2,1,10407,-945214634,1894490252,549440698,1013943357,1614733506,109486456
1,5,2,1,10407,-1964453307,-1848264270,1325170228,-1643264883,-2146728313,2110617114
2,5,2,1,10407,1738009824,-425265830,-1229356747,1083379516,1972135571,487342705
3,5,2,1,10407,1027241003,680889944,555146399,972652432,759618275,1621700261
4,5,2,1,10407,1678955351,561037038,1341739336,1574708448,392540112,-2113875410
5,5,2,1,10407,-69646664,2033549590,-682068761,1634455015,1795589717,2026356576
6,5,2,1,10407,570594312,-501165256,-1735335376,-1268587810,-1623337290,1454636365
7,5,2,1,10407,-218026777,1344419893,-993167982,-1760348998,-876765224,522080302
8,5,2,1,10407,1176854113,2007823021,161233317,157113912,1864547566,-314513391
9,5,2,1,10407,890177665,-2037908,2051842941,-969844562,-2027229598,1727606855
10,5,2,1,10407,825643858,1714667039,-1141053956,534833149,-8511223,16711762
1,6,2,1,10407,1447910869,155636028,1574715419,1699133214,593563297,1790835730
2,6,2,1,10407,-683000248,-1856694991,435740957,1325884831,1054697053,-2036110659
3,6,2,1,10407,-435781916,1467482004,-1667983787,-303208307,-1746511628,-560285347
4,6,2,1,10407,51223440,1785953735,-1161158546,217249032,137379720,-1439879692
5,6,2,1,10407,1170017727,446329403,-1858486332,-806304107,-735468656,-324466272
6,6,2,1,10407,-468546851,-1203362282,1735995004,1821506261,875226033,-378001372
7,6,2,1,10407,1693364518,-394362117,-965106467,608966538,-1149403042,-281929474
8,6,2,1,10407,55474659,1393397902,-1974566027,-1732926977,1753746948,-1052399338
9,6,2,1,10407,-337956381,482623966,298939039,-1070660498,1344186581,-701397162
10,6,2,1,10407,1120463094,-196415955,1747035039,1304404335,-104149680,-1306866792
1,7,2,1,10407,141052936,-1953293945,-1436474022,1692752052,1480651985,126377050
2,7,2,1,10407,1006029499,667111393,-338725603,807446583,835207143,-746453819
3,7,2,1,10407,-52813009,99999152,1783759096,-58665252,1579216929,755995368
4,7,2,1,10407,1160450237,-89402615,-10968948,409703325,-1670718252,-458330486
5,7,2,1,10407,-1830254628,1454285834,5790921,1546722040,-1319433301,-120304676
6,7,2,1,10407,731964040,1780697450,-282405452,-1677187880,1822984691,1913933558
7,7,2,1,10407,1422080506,1302164,-1172047492,-1107887848,-2114586977,-1996832948
8,7,2,1,10407,1913731340,-11175875,-2003037490,725303970,-1003886293,1777486498
9,7,2,1,10407,-1145508736,-303078169,1938699749,-41558361,-1352977952,-711116946
10,7,2,1,10407,-1874508443,2117593233,135310356,203791894,-342539234,-1418571365
1,8,2,1,10407,1204994852,-1079479445,914125005,726918759,1589887375,-692846108
2,8,2,1,10407,-2048129079,-2141469170,-254070951,2048763292,1724785499,-890734047
3,8,2,1,10407,-853065898,-1974390302,751865613,-1973205792,109247317,-944888469
4,8,2,1,10407,-167902891,1431413434,-337655207,1291363725,-224169368,245269987
5,8,2,1,10407,-2038255537,-345031589,1849019113,-1326807183,-942257890,623688204
6,8,2,1,10407,1021523033,1009722473,513291039,-1599509633,-790067865,192624544
7,8,2,1,10407,1250560828,414420502,-1276033387,-207379574,-129490516,-1922279414
8,8,2,1,10407,1363265253,1612490991,-1599814148,1186182746,388517482,-1351333775
9,8,2,1,10407,-1213461670,-636565756,-769558241,-729766528,-1528988338,83519935
10,8,2,1,10407,-936511549,-617314641,-246592392,263307933,1720533037,-1688668326
1,9,2,1,10407,-1141837957,1998005629,-372604272,-488240695,1695595117,47248959
2,9,2,1,10407,-699518576,181955769,-2140988876,-1736805755,-1348334402,-452339102
3,9,2,1,10407,648550022,1229440712,187353792,-2074721298,132780861,1995377657
4,9,2,1,10407,1850347614,-1452198547,1384594475,-325946643,-1733651164,-174825244
5,9,2,1,10407,1640338992,1914582610,-1132162037,1396445631,-1463359561,-344690739
6,9,2,1,10407,-511972041,-1520464035,857097634,-1719670499,-842439960,1560093868
7,9,2,1,10407,510500202,-603151410,-1356764699,1988093978,2084725010,-940135118
8,9,2,1,10407,580849019,-106298747,2013820344,-32500450,107516725,1751084588
9,9,2,1,10407,213820712,361052088,25456057,-1551132975,1989904429,-1916969508
10,9,2,1,10407,2091331665,835167778,1575205121,648187182,-554311002,1183526279
1,10,2,1,10407,-1796938694,1318322346,-1063653400,-1498898243,1508016202,1613240117
2,10,2,1,10407,921380811,-1986063290,-525203604,-819364809,715543000,470175569
3,10,2,1,10407,-1145177182,1935104807,624047038,1965752954,-1125164329,-1131527580
4,10,2,1,10407,1831901239,2145929280,-2071997151,1554481368,-1594376053,-1192688777
5,10,2,1,10407,551071442,1576686955,1731745722,-131472848,304590018,179179153
6,10,2,1,10407,1106847759,-741218560,-1904602615,-1110695988,2009511029,-1086251519
7,10,2,1,10407,324048303,-1623797194,912021503,2034849514,434026255,-587949424
8,10,2,1,10407,1485274120,2096421049,-382136118,-508437634,1519727082,1110702320
9,10,2,1,10407,-1718072785,-128011782,-1189608889,-115204127,-21905227,-864066548
10,10,2,1,10407,1712493593,-682909128,-665045173,-722079557,-707334678,-607686797
1,1,3,1,10407,-658744389,-582814515,306661742,921815591,1814079017,-483440707
2,1,3,1,10407,190274081,-1161556307,1195335235,-771418753,315683285,1175856699
3,1,3,1,10407,966240437,1989904459,2101865722,-1480156275,-2095284377,1827316154
4,1,3,1,10407,-1697456514,695489247,-771931050,1360350733,-2121984016,-65422326
5,1,3,1,10407,-998447073,1169595270,-1729830549,539979161,1331706942,-2092514000
6,1,3,1,10407,1569753242,-1039011452,-1925274256,-2029122183,1824889948,671252868
7,1,3,1,10407,-1399140350,2025055623,409253290,-1384887046,1733642845,-1909974363
8,1,3,1,10407,-105121087,1959104931,-578920515,-340146220,1710960928,-654352052
9,1,3,1,10407,2133780313,-1364543104,-1580136997,-1268283447,-13032080,2136216017
10,1,3,1,10407,607594189,2078983341,-1178372387,-1335639346,894432709,153243905
1,2,3,1,10407,-1686593074,321116776,-1988614979,656337343,177443933,-1878964864
2,2,3,1,10407,312018187,-957953961,-1055771628,1677435690,-1974824752,18999116
3,2,3,1,10407,1324088871,-207304533,-665907947,1728910008,-1106258314,551623276
4,2,3,1,10407,-1716092982,-752017196,-214635914,1566102145,900719552,763977685
5,2,3,1,10407,2072331412,1545094939,447974371,-284078497,-809129979,322802998
6,2,3,1,10407,595251769,-1878491976,-1522813184,1609505795,-2092849982,1803972583
7,2,3,1,10407,-1392240464,-10685871,-1738386955,1207865336,-2101101058,827043019
8,2,3,1,10407,1656457897,-1450521159,-832810683,-88101540,-607612660,-327909957
9,2,3,1,10407,-1058974646,-1013951203,1975176528,-1342199112,-1112018755,742157577
10,2,3,1,10407,1855517637,-464864241,-1037387888,-666644963,69106601,-2105042351
1,3,3,1,10407,-1542498173,-508831785,-563035014,61524407,1167292355,-258204361
2,3,3,1,10407,145706656,1544206579,1910012210,169700031,1387361964,648325905
3,3,3,1,10407,312994723,-416513082,1870387506,52292801,1656405718,1901822115
4,3,3,1,10407,-610909447,-511188656,-1138112722,328263472,422272123,-1500698662
5,3,3,1,10407,-750114531,1024423916,-197418472,187483224,-1934948188,-640361417
6,3,3,1,10407,1181052576,-1063929043,-2005729920,-1061523853,425181663,-165408817
7,3,3,1,10407,-448412357,40668551,-713575328,-1179209832,-748197237,2145710267
8,3,3,1,10407,220482535,-257155391,-2069262971,2122631220,1029800850,1828327404
9,3,3,1,10407,-1773958470,1355314492,1156595833,-383808642,-161127145,-2036322912
10,3,3,1,10407,492236957,-1501930958,1226385779,-1536531678,-1367680343,-602777163
1,4,3,1,10407,2140240897,734766040,-2056898348,-222869007,-789756618,1987131177
2,4,3,1,10407,223802846,753790394,-2004467071,-981191145,2097237082,429174009
3,4,3,1,10407,-365896379,380820899,-920899017,1655819841,-1825599086,-1044351850
4,4,3,1,10407,989185885,1122477963,-1095133136,1705179637,-1262136344,1802529741
5,4,3,1,10407,-2083063659,-460679530,76848124,901984102,2028086752,-1981242234
6,4,3,1,10407,-2074833356,610712790,107547360,2074829031,1028365063,-2137202186
7,4,3,1,10407,-1725900712,365533394,616591094,363925308,-1435631405,322189820
8,4,3,1,10407,595854668,343259919,-1304149911,-1605053498,73001663,1029424831
9,4,3,1,10407,389812107,70888027,2054877996,1108822216,1455735006,-1627149433
10,4,3,1,10407,573890379,-2104522208,-1235586991,1196272912,227162257,717221142
1,5,3,1,10407,949756676,-259652544,1605532158,-1230040343,1711099937,618107857
2,5,3,1,10407,702940575,-729429880,121377897,1922356200,-78279238,1043203949
3,5,3,1,10407,885546376,1944512796,840847744,518044988,2084643933,-1430846160
4,5,3,1,10407,-482235271,-2105648904,-2045537176,75950806,1527057557,-1381243677
5,5,3,1,10407,319754646,148379473,-1054375433,951300374,-1478400792,-1321365786
6,5,3,1,10407,343323232,1759665595,-767424345,1764523691,-1753117752,1495493507
7,5,3,1,10407,491831419,-698498043,-1758197805,-802343895,-982556208,615897787
8,5,3,1,10407,1268114109,-2000470886,1201811121,-756243609,-1471608174,1093591366
9,5,3,1,10407,1918492243,758000389,895996144,-1265480207,1868240200,759585827
10,5,3,1,10407,159301374,1032876681,-829546493,332115107,1996595119,994199558
1,6,3,1,10407,1592326240,-327300170,-929886090,-1370485582,-989633232,-1898709414
2,6,3,1,10407,-599249486,-341025379,712953240,980542225,1290355365,-232351538
3,6,3,1,10407,-1987716291,1245208159,-845175313,-1855428577,738909827,-1182203666
4,6,3,1,10407,556095989,-410598079,-670219305,922621148,1304128719,-4624857
5,6,3,1,10407,1371826925,-1456375856,-7919294,-1720916890,1518445750,-1421519365
6,6,3,1,10407,1391363863,-144522649,1287264983,767959432,485188102,-1048249568
7,6,3,1,10407,-696668387,-107546096,730916053,693170478,1570249588,467580314
8,6,3,1,10407,-2110870198,1935975539,-543481199,1148074608,-201604705,732627876
9,6,3,1,10407,732038764,1179205406,-348578976,-1094498295,1489729014,1356000011
10,6,3,1,10407,1766737317,1464920400,-910422997,1877648331,-917229099,-1401984975
1,7,3,1,10407,335393306,546680962,49132093,-925426469,-1925761096,1249874106
2,7,3,1,10407,352564127,1527678501,-1629159799,-2129279290,1461353686,1210562427
3,7,3,1,10407,1117258539,316232722,654888355,-1005506780,307152533,2008760993
4,7,3,1,10407,120296310,-632235856,-387212230,-1187286771,-1114445220,1223863688
5,7,3,1,10407,-670658778,-605947121,544655625,552725348,-1444681863,1455228622
6,7,3,1,10407,-1220205340,1745640592,495247475,-81001330,-1661031269,184829599
7,7,3,1,10407,1588861868,1604220268,616816822,-2111423118,-87157103,-413231485
8,7,3,1,10407,353364301,2093858888,-557716583,1698177429,1997566083,-2138865563
9,7,3,1,10407,1420424837,1835007826,-1821796925,312941775,-1864541906,39520786
10,7,3,1,10407,805302301,-699631881,-158419206,1398015048,732273376,-1431714827
1,8,3,1,10407,424795970,-845688874,254017458,-1924195753,1428542505,-2063312604
2,8,3,1,10407,1054409660,-816843095,805687337,263230797,909012441,-765465605
3,8,3,1,10407,346171734,-203726319,917652026,-965582052,-948661092,1421252726
4,8,3,1,10407,609698576,-1996375474,922406755,873407913,-1300630570,1796763080
5,8,3,1,10407,1387322249,-1410217744,1058996044,-346250462,-2014878952,-823187484
6,8,3,1,10407,-790741232,1356679892,1217742190,-1151633547,-172839546,-393175957
7,8,3,1,10407,-336676428,-821813262,1279488789,-517685,1754768392,1149442543
8,8,3,1,10407,-2111871361,-51374355,-1068932455,611720270,2136591,-540796624
9,8,3,1,10407,1037321766,-217721573,-871448869,212526015,516691335,-641147253
10,8,3,1,10407,1911436122,-1708959814,-1088619898,-1917718117,-1357673905,-569300424
1,9,3,1,10407,1348793080,-1300436325,782004820,-1494641384,-653864539,1849103155
2,9,3,1,10407,-157951808,-432755740,1699195202,-1350070999,-1984763194,-1200964286
3,9,3,1,10407,-1138788077,339712628,-432050156,-710178895,1822948979,32104843
4,9,3,1,10407,1873498071,-69048597,-2086379565,325202238,1733787851,-347047748
5,9,3,1,10407,595457737,388119555,319646620,-1326549005,1731785163,-2120525399
6,9,3,1,10407,-852206571,-2070654642,-1958657405,110252602,-2032916289,1644649623
7,9,3,1,10407,-1022568701,-465988104,623349000,-1601728363,1022261439,-363501149
8,9,3,1,10407,-1185489929,546663180,1993986251,1590506432,1573804606,854921885
9,9,3,1,10407,-833864127,-1851542016,1367371506,-1573695396,1296240081,154004356
10,9,3,1,10407,172880421,1135842743,-885843065,1278258610,-395923657,-1100644546
1,10,3,1,10407,1705325530,153856365,1235520603,-535442637,1743547190,460451571
2,10,3,1,10407,1306200879,241065143,2069737370,-85559991,-120168219,-80009459
3,10,3,1,10407,1447449032,1308383370,-55974397,-621870450,-1653542506,1846735130
4,10,3,1,10407,909675518,957503876,-1364162719,1176752588,1384263151,1763504290
5,10,3,1,10407,-500683044,1296656806,-607335792,-615011871,1002173006,118368064
6,10,3,1,10407,1428562587,-2021584914,2081293512,1940547111,1695193359,1322864984
7,10,3,1,10407,-531882270,883605296,-1475787829,-1585504064,57884993,-1564299803
8,10,3,1,10407,773416432,290765031,116912234,-408803005,715757437,659683074
9,10,3,1,10407,1390701010,5393305,-2120584953,-336071625,824723851,-2024556890
10,10,3,1,10407,1041057972,-1420485404,-602395328,539957373,89643435,-1086518077
1,1,4,1,10407,-38340845,-611750813,-97701975,-793080941,1938805994,-1021653694
2,1,4,1,10407,-131441224,-1405259517,383756067,-1833541567,-587575442,-841061749
3,1,4,1,10407,1420841210,2072690180,1019562409,-376892145,-1521753797,-802078454
4,1,4,1,10407,117013070,-1894012636,-128493768,571147691,-117266567,-1152342873
5,1,4,1,10407,-1690005873,-1786320236,1636938842,944388110,1088496925,1479291730
6,1,4,1,10407,-1742865540,1568698745,-2064995617,885317436,535773383,1043385743
7,1,4,1,10407,584137306,-631246079,722563568,1991941863,1942387508,199452551
8,1,4,1,10407,1769875362,1025258501,439345367,1424149206,627564750,-355817763
9,1,4,1,10407,-499739962,-1286124682,-1260514879,1796031770,-1536649779,-1381013204
10,1,4,1,10407,303998825,1028756226,29014728,-1956335312,864647688,2092987710
1,2,4,1,10407,-380852821,1785360625,-374537435,1823007149,1676930944,1922508057
2,2,4,1,10407,-2017234413,1848671339,458289568,991744935,2010361623,539700636
3,2,4,1,10407,-38017460,1895291295,-1458115513,-383109132,-1768255432,841230805
4,2,4,1,10407,-36804531,-1057649543,-1651627631,-1675826850,1056026386,1913350694
5,2,4,1,10407,5400473,1615751973,-1639340079,-935671736,-668305672,1734929097
6,2,4,1,10407,208851343,1157254517,1504517123,124437588,502990134,555089202
7,2,4,1,10407,1611953456,970129527,-101966090,799791072,-96685355,1631587703
8,2,4,1,10407,1881718371,-1841652079,1684658745,1860747140,-586546292,2063750956
9,2,4,1,10407,1465658335,274489240,-1657661071,528386762,-387331214,-316840424
10,2,4,1,10407,-843027399,1603230716,1843625367,548463630,1505197071,269400951
1,3,4,1,10407,-528097143,597205516,-1108999588,851661611,282847094,-792202370
2,3,4,1,10407,-1792248670,-1385401775,479417668,-2036074837,-16484472,766618888
3,3,4,1,10407,1606709394,978958165,-406493916,-2025294684,1557086455,728694866
4,3,4,1,10407,-495140605,143962384,-372493066,454241686,550460315,1302778060
5,3,4,1,10407,-488285720,591399396,-1066601883,1321885550,1235628424,-1424467301
6,3,4,1,10407,637415600,-936604684,-97408204,-1198194663,857040243,505328871
7,3,4,1,10407,-2070865520,862161545,-642847062,-866452392,565222911,-1924292499
8,3,4,1,10407,-1208703686,596861289,997785641,-1038116957,-1017556252,-199297991
9,3,4,1,10407,311330113,1173096076,1207034010,-1643781580,-1066928539,-256531097
10,3,4,1,10407,691863233,1396466618,-227541801,376692241,-1149593793,-1984573474
1,4,4,1,10407,-1030692232,735712531,-87272614,-1272131538,557807261,-602274783
2,4,4,1,10407,-105215257,1364068624,484797215,1661372784,676257073,2091556814
3,4,4,1,10407,-612195530,1933588365,1655726159,-860595915,341111624,-27845846
4,4,4,1,10407,1264850130,-965716907,-1136148344,-1467317420,767260003,-1874707535
5,4,4,1,10407,-62054820,-255733362,92001834,-2071218318,-2069572471,1047939966
6,4,4,1,10407,-86278236,-1328039547,-112942829,1584681398,558042026,-1346938226
7,4,4,1,10407,43339492,1840905767,2007303499,-172758210,1632132012,1570188122
8,4,4,1,10407,-168458093,-707318676,-323491179,378000237,-1291010220,41837899
9,4,4,1,10407,1993064252,1320765417,-1316169138,-1227109461,1284424525,1179456116
10,4,4,1,10407,-1219015672,-1112538176,2044107586,1487023734,2118180512,-1790123020
1,5,4,1,10407,-1176883730,1522572159,-1304176198,1476959513,-194834252,-1914162352
2,5,4,1,10407,-562681382,544412867,-1605799638,895089337,-1897509455,-1769620011
3,5,4,1,10407,980350848,502786578,2133901948,1063220290,-882079404,-308544430
4,5,4,1,10407,1603615335,-1023529959,872552244,623483131,1066852206,-1264277095
5,5,4,1,10407,1421790226,-535815107,-641907794,-2068123093,1976866583,1060282764
6,5,4,1,10407,1899081037,-560089,-694903365,1403890426,-1296085018,-648885754
7,5,4,1,10407,-332448480,2071496212,1941563426,345743959,-916604131,1492636863
8,5,4,1,10407,366742943,489297496,873425175,948395040,-2141536402,-1010837143
9,5,4,1,10407,-1510341220,1784268857,-1031625942,-2140668039,-646728158,1454540131
10,5,4,1,10407,-612168489,-753299192,1023711693,-364329896,1241990846,-1314716378
1,6,4,1,10407,228709935,519861524,-913782505,-1864862242,-910715849,845703060
2,6,4,1,10407,371365623,2115245091,-915335093,2011815089,-2132311737,-620480350
3,6,4,1,10407,-796712012,-1063327319,388281475,872393141,-1904119546,321580906
4,6,4,1,10407,-890334763,-2127188735,1722449970,-152812587,973552487,1127808107
5,6,4,1,10407,1945081884,-130500550,-1183399775,1581999400,766342385,745697089
6,6,4,1,10407,2132048147,-1728552688,-908833262,-1495240994,750095248,-397107514
7,6,4,1,10407,-1265827708,-1230022446,-1266495272,1257782496,1183561118,1029427769
8,6,4,1,10407,168190714,-1515422098,-1170619909,1645618964,-2001820382,1076003747
9,6,4,1,10407,-1807906408,1789156975,980046326,-349447247,799248388,2093307880
10,6,4,1,10407,-198096594,-547602724,-2079698475,-1687575134,-2101189486,-554000309
1,7,4,1,10407,-1565844766,498662159,1497986545,1519568414,-313531349,-1312069187
2,7,4,1,10407,1324614575,1946311407,2088189078,1102187932,-1524785564,-1481648198
3,7,4,1,10407,363455737,-1527629932,-1268412533,-616489959,1616548485,-1730567286
4,7,4,1,10407,526052194,-33459200,196722929,-1097125933,-1459493521,-1214508560
5,7,4,1,10407,1679388829,1990449569,485921073,739233298,282370532,152778787
6,7,4,1,10407,1942038373,2071226727,1871830482,-1327328211,-1304617659,-360406399
7,7,4,1,10407,892174834,557501079,301636294,-755861474,1335809737,-483542880
8,7,4,1,10407,-1927485303,657822891,951683722,293962792,-214875178,-946695119
9,7,4,1,10407,614788242,-898272788,1151553561,1156670997,-307309570,765660491
10,7,4,1,10407,-2054978440,664294469,524133080,-1999486210,-419980514,1306669363
1,8,4,1,10407,-657231902,943600312,296527751,201499920,-715589887,1581109829
2,8,4,1,10407,-459205333,1888175023,1330966675,-1523666665,-1943408273,1789466939
3,8,4,1,10407,-418297926,126575349,1157187689,-732483582,-634604130,-1280637754
4,8,4,1,10407,1773851374,1984934724,-1787071096,1214502244,539444747,-1869339616
5,8,4,1,10407,39580601,-126701760,566774698,-299312053,1743875099,-1860344942
6,8,4,1,10407,1867328041,319382949,-147998000,-205909285,930963106,139841262
7,8,4,1,10407,-892481009,441438968,-1373405219,1232469984,1384518717,-683941125
8,8,4,1,10407,1220423320,-1137371097,-553016383,-1594752268,2036121846,990203803
9,8,4,1,10407,-1046393052,-747487222,399411846,1824082727,-2002492704,-216241271
10,8,4,1,10407,1884321708,-852473665,1379406019,-266210484,1542822244,-204785753
1,9,4,1,10407,-1154745216,-1917416959,-866480615,-2057100010,-1114166197,1349494952
2,9,4,1,10407,-1629811767,-1805118635,-1195799631,1387882770,1745326328,-2106166385
3,9,4,1,10407,-1767985835,-1354848636,-1687175671,-444068637,1340687571,1910043251
4,9,4,1,10407,2028255241,-1628212120,445874342,-2109444087,28755055,1361744040
5,9,4,1,10407,1945387614,72816198,-1980184643,961523642,754630996,1095536395
6,9,4,1,10407,2045504954,1831015100,-910079784,-1838760192,1647707005,1567680825
7,9,4,1,10407,859996515,-369123368,1246892985,1818022978,1962473737,1867245594
8,9,4,1,10407,-197507144,1486764715,-819127969,-1528755997,1710690560,-1013122140
9,9,4,1,10407,903374345,-1538613556,1407732594,-594713484,-207393955,810238869
10,9,4,1,10407,1291280972,718814593,205750964,-456707779,1348116090,1152667418
1,10,4,1,10407,1836179322,1037825620,1640648630,1068013729,-1336022784,832665423
2,10,4,1,10407,-1492449623,2059140759,852277248,930149008,1701716869,-402231214
3,10,4,1,10407,-1416730556,503389424,-86465331,1604270428,2054959121,1089952841
4,10,4,1,10407,-1245870166,1446819328,-850904757,1509392690,571686239,2110322225
5,10,4,1,10407,275502251,-498504188,-90306125,-1182124099,-1079561593,1544340122
6,10,4,1,10407,-1340308635,-777625777,1059984193,858469677,226981584,-536487955
7,10,4,1,10407,1929779969,1580164159,105287407,-929919408,-1760903234,1219699981
8,10,4,1,10407,-128206158,77631698,1266252967,-1727841049,-1036556866,-585119127
9,10,4,1,10407,1253983181,1159025148,1458854471,-854966580,1259839850,836628121
10,10,4,1,10407,589523767,1879061338,1917025685,1092050805,1052882431,1900690484
1,1,5,1,10407,-390586193,1512644208,-603057203,-453206349,580926552,1638155065
2,1,5,1,10407,-417929035,-1479347819,-872578002,1986717988,940172551,-1452150178
3,1,5,1,10407,2137947530,-921272694,112649557,-135030054,-806551044,1683498071
4,1,5,1,10407,854888492,-53526024,-1486810693,1505126997,-1774045748,128508661
5,1,5,1,10407,-963687905,-105999545,-1855328499,-1564268081,-149701903,2044112101
6,1,5,1,10407,1712249306,-782160738,-1970941913,-1010615652,1429266641,2143530111
7,1,5,1,10407,1816228600,-1038207851,-753598027,-1140139062,-1920021628,801006477
8,1,5,1,10407,1901347716,1140220336,-296149509,-1448713207,-626277798,1225039327
9,1,5,1,10407,1853566836,781530854,-1297000295,843732855,-1690057399,1733422558
10,1,5,1,10407,591506852,2082689657,1895689081,1141779721,-1868681612,2057825445
1,2,5,1,10407,1447236569,767935416,-1849348531,157230554,836950798,-498780419
2,2,5,1,10407,1268435060,542951097,-31234778,396406916,1557203898,-1567394221
3,2,5,1,10407,-296068927,1466182256,2035255996,-1959575643,1375434359,-824800697
4,2,5,1,10407,-1071461422,-518069029,230517339,-1240049749,756018362,330901927
5,2,5,1,10407,1349533337,222014386,-1294017000,1694800582,-389285569,-374322194
6,2,5,1,10407,145272665,-221835611,-803761359,413807563,400723948,-157527639
7,2,5,1,10407,-957218302,34273343,-928641939,187654035,874526207,886601644
8,2,5,1,10407,1075236964,552225124,-958504604,-801023320,-1524956613,-1967235059
9,2,5,1,10407,-1713614630,362270622,1948470442,-1534490763,-814881703,-430166228
10,2,5,1,10407,785394886,-541493951,558663339,383034128,-406983386,-331372343
1,3,5,1,10407,-1631069230,953120240,-407768081,1142437980,-475228845,2063950372
2,3,5,1,10407,-877020277,-363886410,915518213,864337589,1139559703,-369701500
3,3,5,1,10407,-1146531549,214957857,-1061981206,2130714331,1074315382,1957228086
4,3,5,1,10407,-729597076,1100460029,-1624093095,-1474127588,1088819548,-1518369762
5,3,5,1,10407,361568817,-1113656190,-1533640647,2128419664,-676335433,-1793717484
6,3,5,1,10407,1908845295,-336037066,-1161207124,-2076278037,1507059752,1169102534
7,3,5,1,10407,-601414797,985522694,-358101398,-1558259516,-1728095638,-418117352
8,3,5,1,10407,-5703209,1774023109,-111583530,-1084146724,438880212,1194366741
9,3,5,1,10407,1123765658,1002491394,586867550,-372947044,112610734,-284909436
10,3,5,1,10407,1144574059,567737074,-1244737534,1481679045,1649604528,-1119414364
1,4,5,1,10407,-930102892,-1112394395,427858877,1595141520,-2122082771,-1884728044
2,4,5,1,10407,-164170977,681397463,-1359426580,-1698298634,-1409593837,-272123449
3,4,5,1,10407,393683147,814183573,781097959,-914537688,468432299,-1951792094
4,4,5,1,10407,72359361,-303658151,804174159,-1834852221,-1925927322,-195795668
5,4,5,1,10407,1379143285,-1177431824,1706623455,43247719,1900042517,1534340559
6,4,5,1,10407,-1667322200,-889564103,87788657,-107296434,1946822548,-223848613
7,4,5,1,10407,949074212,-1977621158,1859673473,2010026784,-857211968,-1491865915
8,4,5,1,10407,1603579998,1461948235,213124230,1707505194,-1906064132,1268620993
9,4,5,1,10407,2146133887,1166080655,-1127035062,1477047494,1314941017,234583788
10,4,5,1,10407,1446507285,1494127503,195687472,-543400884,-510930383,1624664775
1,5,5,1,10407,2022336982,-629273374,-887517089,1805994840,-624434311,221015016
2,5,5,1,10407,501209589,1399524459,-229112277,-161571138,-332156821,1330891026
3,5,5,1,10407,-1959288934,-295582808,-296399101,-589842416,1913395471,-1127958376
4,5,5,1,10407,-1073473612,1399210139,1721335062,-1388926736,-1860984478,876395488
5,5,5,1,10407,1536144970,1433005896,359560435,432325576,-1619072332,-857257667
6,5,5,1,10407,731612993,107716029,1041667976,-1397095468,562214707,-910918303
7,5,5,1,10407,-155748686,1393309301,-773980305,332707350,-593495240,432143753
8,5,5,1,10407,-1780383038,2118361940,1184065077,220220426,492172111,204828584
9,5,5,1,10407,172155274,1341175622,-671627052,901918941,706264854,1604659477
10,5,5,1,10407,1138087536,1444390091,1327735013,1700164345,635229726,-840509424
1,6,5,1,10407,1689834640,965065793,-1214955238,-210862943,-498998273,-1983000102
2,6,5,1,10407,-688813761,841882801,-1515148746,477858095,327833332,-1954738902
3,6,5,1,10407,-644247162,-667829499,1369023430,1539173444,-1263830791,-1977684864
4,6,5,1,10407,1658492475,198937328,-691007835,1865268806,1043609836,-798498470
5,6,5,1,10407,-1253454685,356505672,-1754012371,-1597385194,1751086554,113115337
6,6,5,1,10407,1781880434,1970455979,796717794,-933717273,-145609938,1548117831
7,6,5,1,10407,1079657150,-1804539547,881615688,-618014495,-60292187,-409681665
8,6,5,1,10407,-1352962780,345695971,-1434253251,1803455280,-1656228026,435023027
9,6,5,1,10407,-488185870,379040363,-934558049,247851032,-1627159893,-1199268356
10,6,5,1,10407,-1712927378,1735712160,-618664334,-1435606457,1439175775,1734499997
1,7,5,1,10407,-1861434283,-974984541,222341587,-1479234597,-1125433405,-997628649
2,7,5,1,10407,-887373296,1096520945,-712674167,1208154920,-1114635116,-134205450
3,7,5,1,10407,-2031466281,-182188951,-447649304,1913879246,-716805879,688403957
4,7,5,1,10407,-1814954884,1170457572,-695181057,-1554676210,149286807,2079096381
5,7,5,1,10407,1771867947,-1420656557,300180010,1893166500,-1700526787,-1095243996
6,7,5,1,10407,-2024901056,1464563563,730054833,-1393349916,-953553160,1915478470
7,7,5,1,10407,-1537349563,-1044013291,-2079152369,-1302394260,217381551,1111751951
8,7,5,1,10407,872261498,-1913416876,-2107924748,122918075,351556214,-1653520690
9,7,5,1,10407,-441200507,-758042985,-1653036706,-448346000,269820260,1321596935
10,7,5,1,10407,312842210,-1014644347,186131022,-141136714,-1029664304,727327859
1,8,5,1,10407,-2118653611,576714425,353457543,-2063684495,-643366580,-1415793129
2,8,5,1,10407,407382692,124880494,-1950713354,-887046912,600367186,1890298644
3,8,5,1,10407,-182287762,-2077008745,-488263676,1296368992,-1612812631,1122988357
4,8,5,1,10407,-2035648375,-1393704223,787035444,-760500030,-2095058850,1471659110
5,8,5,1,10407,1805311550,-1479459576,556786894,963626455,2118743362,1549492839
6,8,5,1,10407,580839650,683111341,-1683758987,-1384986252,-852034656,2068988915
7,8,5,1,10407,-1660400974,1174249670,462548908,1417274103,534082720,-1905211119
8,8,5,1,10407,-619677384,-1376405087,-1163072101,2078824370,1544121222,-1294855138
9,8,5,1,10407,-1040545342,1412313010,-1311477733,-469945127,-2004305926,-1325809948
10,8,5,1,10407,-1706514285,1027301769,469284169,1326906491,583723210,-4208576
1,9,5,1,10407,1614860065,-1340693898,-1533936819,-673338755,273546493,418165399
2,9,5,1,10407,1886454336,-1722724389,1601849461,521966411,-1595088526,-449438552
3,9,5,1,10407,2097111876,-2044336028,1233236621,680033099,-104377294,-402652155
4,9,5,1,10407,-1771483695,164103374,-29996251,-2005890557,-658812879,-1854966386
5,9,5,1,10407,-802938471,-2043434156,695614596,1431830596,2059553689,-2019758352
6,9,5,1,10407,1416869798,1597298082,-18462237,-2062088061,987714007,1409109180
7,9,5,1,10407,1803310304,-501238269,387253041,1387840945,-570960341,1185141868
8,9,5,1,10407,-501908521,297661819,-710917828,608586912,-1799031501,-1410028757
9,9,5,1,10407,-833259483,-414322609,1980878481,225264046,-164122903,1019480928
10,9,5,1,10407,-1361678363,-605711227,-1423798234,-2045146158,-1265231046,-138871229
1,10,5,1,10407,-8732564,-1557661206,-1642895940,-2073419483,1607745724,580358687
2,10,5,1,10407,1231551765,1564039992,663386920,-596355634,1942070073,794044017
3,10,5,1,10407,-312849021,420560841,-12396063,-1125757648,1869640977,-312290195
4,10,5,1,10407,1577588639,-641193967,-1925145123,997628910,1199788014,2132619305
5,10,5,1,10407,-557898257,-2084756983,952259525,-105334504,1902964053,476343382
6,10,5,1,10407,1903993543,1550716084,-354963560,-1663670994,-85634721,1974595145
7,10,5,1,10407,-1187228590,-945703711,-2146346850,-1742009553,1116086356,1143433488
8,10,5,1,10407,1223999080,429970396,1967779402,1785736101,-455747042,423510498
9,10,5,1,10407,-2029807167,1094717489,1172384587,1702044806,198060724,-1484915214
10,10,5,1,10407,-505945105,-819022144,-527080397,1908981118,-477740812,443449551
1,1,0,2,10407,376209292,-1864184284,1017030028,-1390446840,1637969345,88322604
2,1,0,2,10407,-1966320364,-1082399843,-366792283,-548740469,-349870058,1576391147
3,1,0,2,10407,2119040265,-1739722055,1482950804,-235164651,-452984476,-1689338998
4,1,0,2,10407,27510319,1445515792,719446153,618949049,-1211748108,-2079794959
5,1,0,2,10407,-932056133,104764169,1970562040,1342336083,1653598615,-58401812
6,1,0,2,10407,407360378,-1499924997,-503630218,1259344843,1796049210,151196532
7,1,0,2,10407,726246074,-1495049754,360718991,-326350359,760620965,567002568
8,1,0,2,10407,1997015663,238773864,711768070,-836881915,2071929792,1034891766
9,1,0,2,10407,1615449800,-1720730297,-138262428,-500209037,-958847090,-1083824676
10,1,0,2,10407,-1898942262,-863574073,1627059789,-294412100,1237281212,-2144664793
1,2,0,2,10407,1181673538,-1813943850,-2099201279,301864290,-1023063516,1735589506
2,2,0,2,10407,-463846893,1499731461,1656980342,-1175500067,2141468045,1609301937
3,2,0,2,10407,-671562915,-1686815227,-2096245809,-407271298,1408346039,-254957258
4,2,0,2,10407,-437458054,-1248359170,857471602,-1073547792,443864513,-318006356
5,2,0,2,10407,-1671603894,2057861821,-303696276,2046147804,1376996976,-1203652388
6,2,0,2,10407,-1765440523,-930342785,1359810240,337568969,-2090429697,-163867526
7,2,0,2,10407,1531251568,827109046,1867035130,-387720032,969614247,1053641677
8,2,0,2,10407,1221582790,1820087541,2051421935,-1460024427,-1176598312,557583789
9,2,0,2,10407,1034926270,356062986,-228465697,-1962323556,2032299842,-335954232
10,2,0,2,10407,-1201670859,1492634138,-2117015078,-1245931825,211291397,2032403884
1,3,0,2,10407,-815148043,56245034,65883537,2061216180,-1528647326,-753406063
2,3,0,2,10407,-340529789,600332176,-737715354,2005350630,2136018186,-880531929
3,3,0,2,10407,-416264503,-1978142058,-1332517926,-1303386508,990471891,1593811440
4,3,0,2,10407,482086777,-344049324,-1384451930,1411686750,16612672,-1021762501
5,3,0,2,10407,-1734648932,721194748,-1412063033,1203335294,1526137611,-1654832648
6,3,0,2,10407,-6136694,1875009502,796740583,-1806196988,2094427305,879252690
7,3,0,2,10407,-1736351911,1677968404,1298944922,-1019201466,-1922201634,671194675
8,3,0,2,10407,-1597074567,1341963674,1187162659,1214047630,1460458554,935804693
9,3,0,2,10407,-992782217,1733590472,430697575,1279314592,-1744969116,-46007307
10,3,0,2,10407,1913569798,-424124903,200496768,374851584,-2019446926,543641519
1,4,0,2,10407,159023313,-173722248,839360416,-771388635,-1850833896,-287664337
2,4,0,2,10407,-125822875,-1419863247,1364650387,-1600238592,-1210644371,706769036
3,4,0,2,10407,-124001029,-246223867,-424443506,1097121628,-1413350892,1499558871
4,4,0,2,10407,-604281693,-634563803,-1252334405,-225171348,-508972123,-1053765490
5,4,0,2,10407,2052494700,1145336592,-1700044213,346451832,-213211414,-1670531779
6,4,0,2,10407,-81419997,-1588262065,-882773751,934160924,-1324637588,1543667903
7,4,0,2,10407,-572191673,1196286978,1676197214,-1716118790,267281986,-552745358
8,4,0,2,10407,-419464530,-1231416250,-548067176,1882449263,-767945070,-1448802706
9,4,0,2,10407,2008502786,-884990202,-464562246,-550989179,71277255,-1075051785
10,4,0,2,10407,615951909,-1157366016,-313189742,-699161981,1125282232,375557228
1,5,0,2,10407,2003997487,-2055770426,-1934994664,1638778503,-1603127481,-1083808211
2,5,0,2,10407,-955525832,-1030149169,-549495445,-66873348,1103972425,1739742421
3,5,0,2,10407,-1933845257,1445194602,621377041,-1956511115,927404744,-934987622
4,5,0,2,10407,-903092817,778648864,463883238,303465701,-1936453951,826499562
5,5,0,2,10407,-1820247602,1040277661,-796057603,-125085786,452331944,-1644250134
6,5,0,2,10407,-2073804326,123174490,-1848057548,1393519862,872339652,1509180071
7,5,0,2,10407,1580441087,828852983,-1263680207,712634299,-1194187228,539168830
8,5,0,2,10407,9073336,1596736409,48685944,1325867608,1658704912,-96625945
9,5,0,2,10407,1894587586,-1652422133,-1180910203,-893846972,1998615805,2078490346
10,5,0,2,10407,1049196015,-1506115057,-2031792766,-673281937,720972309,-1280861710
1,6,0,2,10407,-514856346,-525112161,336543154,-872594128,-2069452773,-358505978
2,6,0,2,10407,1467576028,1738727040,-472106626,-1226617251,-977035977,505951482
3,6,0,2,10407,1887124321,-1111421522,1836781562,-639355455,1582906077,1123535252
4,6,0,2,10407,-2068207249,-163763008,168455884,132881461,-192315142,-774781795
5,6,0,2,10407,-1173285598,-806220728,282576154,-1770040093,-2060347205,-1353851327
6,6,0,2,10407,-966501778,-410202436,-994584599,-2048297920,-526912184,-46005124
7,6,0,2,10407,1519693631,1550054866,336187160,778281656,1491703049,-614245490
8,6,0,2,10407,1625480668,1708035590,1934176209,1347573621,-467968205,207106135
9,6,0,2,10407,1276764585,1809053852,-1000634154,904607827,-1140182749,-1145241131
10,6,0,2,10407,-60643959,500212441,1159719890,1430581173,-419857186,-1931440392
1,7,0,2,10407,-137084235,-930618824,207035367,1120263853,823521882,-1059711197
2,7,0,2,10407,721140453,441804444,-960804516,-1632052669,2020875572,50081657
3,7,0,2,10407,653584568,-69495083,-1472929786,702593583,-216651184,1694977259
4,7,0,2,10407,-2057928866,-1813289494,77884982,-952097819,-1560894656,-1096440129
5,7,0,2,10407,2075536472,675424790,996009143,-1957088673,-1001282564,1036600657
6,7,0,2,10407,449452891,-471383988,1186014571,2063101511,-1927268816,196259185
7,7,0,2,10407,1553407780,1752563710,-1555873720,-679421644,951739810,-715800291
8,7,0,2,10407,-369546400,1049403074,1538670374,1307119451,-1484104564,-1503660076
9,7,0,2,10407,450459974,-1539084246,666312051,-1350066183,425130824,970591971
10,7,0,2,10407,1859206347,-212746449,744770619,-491484253,360318608,528617272
1,8,0,2,10407,-500125373,-108396399,841747059,1248856074,-1708127003,1476092840
2,8,0,2,10407,-1735754049,-1079434902,-1816070221,-686910732,-1998617785,2119405488
3,8,0,2,10407,-1510274601,-641751025,1900883314,-1702957499,647567302,-889543227
4,8,0,2,10407,-1660778166,509893171,-1063769177,917611233,-61651920,253635957
5,8,0,2,10407,2032132670,-888186960,-1059555316,1670588372,2089421576,-2014082440
6,8,0,2,10407,35499323,-1296817793,-849353695,-1525002153,1806857421,-1898838837
7,8,0,2,10407,-1185073953,1043640038,1261089778,961085512,-1080011867,-951285961
8,8,0,2,10407,-1654811483,1323287053,-1341825891,1334189611,546117271,-2024639456
9,8,0,2,10407,-1075863829,1884014003,775333888,475216241,236120815,1611613971
10,8,0,2,10407,1304716049,673622711,-298875258,-1991614798,-1509577950,-1478017272
1,9,0,2,10407,-1511035487,-1626207125,208425983,-2063483419,1454672112,1996601457
2,9,0,2,10407,1114053084,-386718835,-1461199930,-712955332,-725571356,-1781267688
3,9,0,2,10407,778644044,-1248174130,883248138,-1080509658,-824184486,-820470107
4,9,0,2,10407,-1635476259,-1886998326,481828235,1995227545,-1464777618,-854064430
5,9,0,2,10407,-441239479,-1810326965,1557155215,-327524548,2101219548,-256740576
6,9,0,2,10407,-871398500,1347057362,-1978311845,-1499998029,-1226708753,-776090519
7,9,0,2,10407,1428264010,1562631937,-1006972117,-1456748717,782338933,106012643
8,9,0,2,10407,-110012539,-338003115,-20751289,-958001044,-1815166454,1288705488
9,9,0,2,10407,1337162058,2006142514,-292207754,30872902,826978090,-518616858
10,9,0,2,10407,1902020016,-1556335626,-491927813,-153701188,-182640766,-528042022
1,10,0,2,10407,1889262158,1355248803,-1638041667,638050016,1262119056,-320860622
2,10,0,2,10407,1562796752,421507786,-1467229225,611126435,1705888156,1111898955
3,10,0,2,10407,498564814,1295388519,-2094062909,1620012922,-616992104,-1012432767
4,10,0,2,10407,718365726,1534775657,727361290,-1222925024,-540608172,1320303575
5,10,0,2,10407,-50050232,-1254532379,-778356592,-1945462040,-1577212463,-299496438
6,10,0,2,10407,-311304445,1680165704,-1277011306,-1093350286,3128925,-1397838845
7,10,0,2,10407,-704721233,-1758356949,-918147090,-890595917,1253978813,2099476174
8,10,0,2,10407,-900875929,-489640888,764274743,352379163,-1019228945,960887898
9,10,0,2,10407,229017520,1133166142,2076657941,-127509518,-1823846981,59666762
10,10,0,2,10407,-926670596,-742802748,-1419516119,1854931774,107634096,-1322433002
1,1,1,2,10407,1229977394,782395952,-416576896,2008954787,525202302,392025056
2,1,1,2,10407,2111610257,737221828,-1123873096,926049726,200069331,-1068076828
3,1,1,2,10407,-484623340,-1170547883,-917377375,-1094444954,356742379,1248461664
4,1,1,2,10407,-631382367,1432712735,-1231698063,-2140302920,-1065096280,1332499325
5,1,1,2,10407,909698855,703780553,-703274816,1067837404,60730325,1984056360
6,1,1,2,10407,-364174367,655394549,695960332,861177224,-1538853281,-1573854618
7,1,1,2,10407,1825409548,687612690,2114846862,-1233917034,-1135280640,673933817
8,1,1,2,10407,-1058925059,-242243168,1061503354,1364711760,-2105670356,-1024001362
9,1,1,2,10407,1449493917,-135945566,909243315,1107363359,153598340,-338618496
10,1,1,2,10407,-265689311,1619474931,1519257145,-1976099281,-1525821181,-813570855
1,2,1,2,10407,-1269045919,-1662843905,1843836898,861957895,1044636078,1058375729
2,2,1,2,10407,1703613166,-723992620,146268108,-627559771,-1463579122,-262854182
3,2,1,2,10407,-545941547,-1137899373,974608867,-797876001,127839082,-621639806
4,2,1,2,10407,83112606,1458533833,-772180500,1879066794,-1443375358,1691237636
5,2,1,2,10407,-674872713,-2044583423,-34108905,1360824177,-511816987,1450655512
6,2,1,2,10407,958954108,-736418506,990067398,-2115296019,-794266367,1887795671
7,2,1,2,10407,929662463,-738183450,648225475,-735826422,26312212,-1334935941
8,2,1,2,10407,-1373313678,-1044168194,-130006208,1276069492,836143695,-629266640
9,2,1,2,10407,1094715810,-861399387,-369068514,695356778,-1594669602,-144729328
10,2,1,2,10407,-872653038,-221027874,-821400174,-1438482069,138698984,1997586186
1,3,1,2,10407,-1624658895,412291367,1359225132,-134924460,1037049899,-778848035
2,3,1,2,10407,-723298247,92397313,-1501676813,-69578548,-1018700103,971502907
3,3,1,2,10407,1992504079,1237403519,-1829747368,868552146,-1302480954,-1892322104
4,3,1,2,10407,-541076189,2068934790,2049156577,40931884,-1806483519,108188556
5,3,1,2,10407,-687761007,-1016036336,-1858070166,1434777267,1602092447,-1972648085
6,3,1,2,10407,1447527604,979357852,-1529870600,1842369460,982050348,1745894077
7,3,1,2,10407,1186419794,-1790837574,-746276860,-878800730,-1491199765,1946803475
8,3,1,2,10407,765410959,1682062051,561202264,-443464750,1306656371,-760193205
9,3,1,2,10407,-1080087334,-85937820,1620875551,-471231542,1562349726,727149773
10,3,1,2,10407,-78054228,-282481554,1041325746,-777411195,686838414,1844739320
1,4,1,2,10407,1419017900,1353419659,-1990777383,2024442951,-1721055726,1126712716
2,4,1,2,10407,1178785414,-1750158808,-132831493,-130901419,326230602,1665101782
3,4,1,2,10407,1957652239,-1645149666,1123332046,501852301,-860344432,849094181
4,4,1,2,10407,-1399133149,2108714526,-265755971,-33117341,280596793,-1652286151
5,4,1,2,10407,-1215442234,1958552327,1825903048,1772184145,-808903911,1000441990
6,4,1,2,10407,-1074603014,1457856285,-1620622965,-414520428,2098132880,-416067794
7,4,1,2,10407,1581989544,-1751627413,1507232861,-1373921054,-1395322804,-1276946470
8,4,1,2,10407,1372716387,978703104,333501461,1393947993,360596651,631682865
9,4,1,2,10407,1501156446,618223736,-1947866532,664626304,1426892462,-1529141301
10,4,1,2,10407,-1800486695,199743872,-66285410,-94911525,-1113166723,204545404
1,5,1,2,10407,-1471430530,839559948,968019336,-1494992067,1044079194,779570397
2,5,1,2,10407,-1059606982,-1481605217,338991679,-477335407,1042294883,-1387369939
3,5,1,2,10407,2119485130,-1789114727,-1191302239,1205194178,-682111535,-1567734662
4,5,1,2,10407,-1666737095,-396041169,1754919175,51373484,1285775635,1948028531
5,5,1,2,10407,1372853427,1817593353,-1138694647,-502486143,-519728607,1406831646
6,5,1,2,10407,-688939470,-1254320121,-1261822291,729977973,408148733,-633220254
7,5,1,2,10407,8300405,-1551016276,741507348,-962913650,-106296605,-519525287
8,5,1,2,10407,1347633777,-481464295,-889476205,-1318066587,-565943235,879818139
9,5,1,2,10407,1513803930,565568443,-1512716928,540868454,785297280,-1397763865
10,5,1,2,10407,2085165853,-1782308153,-837508184,2136112958,-663786259,1872034989
1,6,1,2,10407,-1817734876,-845901050,-1433142972,-1000074678,-1301112668,-303617941
2,6,1,2,10407,1744161961,-695953061,-586389626,-1524014571,2045419881,-798449999
3,6,1,2,10407,1201527585,1182701234,1341307095,1294396343,765543472,-1220313635
4,6,1,2,10407,-305290034,-1273857004,-174551470,-1792462856,-1568181011,1440329482
5,6,1,2,10407,-786579671,-2118347638,848014788,1322324234,515451041,-1440280836
6,6,1,2,10407,-739995332,4164734,1349693249,1120977748,185926196,-312716209
7,6,1,2,10407,-1046771084,375093614,-375635539,-188675686,284436609,-1905710386
8,6,1,2,10407,1589151819,619149756,-2145826514,-1483644180,121477254,709534682
9,6,1,2,10407,1633078019,913838657,479047389,619987143,-267024642,459107701
10,6,1,2,10407,2135395961,-2069054921,1306505545,-248712968,-1383825899,-1617307646
1,7,1,2,10407,-475640434,1800152487,1986186908,-797524424,-117561996,1309362588
2,7,1,2,10407,1820927413,664494503,-351461179,-560127723,448543431,1168073181
3,7,1,2,10407,-778324452,31838608,-363499103,-323089281,-941878135,-2081376058
4,7,1,2,10407,-8078563,318157930,1875308788,1619052288,-1611261349,253250318
5,7,1,2,10407,-2063373018,1360110695,-884272870,-1809719340,-1728118635,714299573
6,7,1,2,10407,1128148788,1546002446,-526429082,-1841757497,-961463968,-2081027009
7,7,1,2,10407,-913489843,-508919448,1087844196,-486799999,-598673685,-1992682465
8,7,1,2,10407,-708569087,-1041317410,-1027211526,1854212848,1940170063,-634277179
9,7,1,2,10407,372622359,759918802,1762516948,417535947,1271561203,1705372083
10,7,1,2,10407,1001157086,-1223433434,-633450363,701278905,-1548365778,1897077503
1,8,1,2,10407,1654360156,-1771965760,-1585950959,452270426,1741547647,-1975594825
2,8,1,2,10407,-732842308,-1535900912,-1001817649,-1616392474,110120112,1830411166
3,8,1,2,10407,-1442970119,-2116635418,-227754781,-643963496,-2053719164,-268571146
4,8,1,2,10407,1989822052,-1712033887,-276177813,-299319636,-520637036,1700894416
5,8,1,2,10407,-1091745967,2001764512,-1393519664,1584293746,-1158146281,1490348246
6,8,1,2,10407,-1574247528,1423492028,-213740292,1754679441,397864930,-698517808
7,8,1,2,10407,1032308647,1116756461,1496747870,1747260988,-2131034304,-1201777977
8,8,1,2,10407,1493996663,421076529,683823763,1530310743,1118356740,-629302569
9,8,1,2,10407,-1384403304,254609832,765584600,-935699471,-644378982,-1068153054
10,8,1,2,10407,1966358320,261454168,1622337124,997940644,1794163413,-2119406533
1,9,1,2,10407,-1048551923,-1092151841,2110844991,583864924,377500195,108349034
2,9,1,2,10407,-45928356,150464062,1226392163,994449705,-81976159,1890340429
3,9,1,2,10407,-1614797227,-424292348,-758726227,1096998354,827799992,1145805245
4,9,1,2,10407,-252201866,-765417441,1264779074,-810860269,-488175584,91581808
5,9,1,2,10407,1638396972,-1248076980,-513024992,-1849379020,-642308862,-646961833
6,9,1,2,10407,1080449118,1510214696,-627319847,1475620011,2004522188,-1486049197
7,9,1,2,10407,1189613274,-373312205,1890918890,555809600,-934784003,1057590115
8,9,1,2,10407,-1666774546,-1368905798,-766108503,2144715156,296083667,987422118
9,9,1,2,10407,-1188268170,534460479,-2116999702,677162904,1489017283,-1176047019
10,9,1,2,10407,-1178021988,337667752,-1643675249,1885635563,-1157164944,1947088510
1,10,1,2,10407,-1018285575,-275193962,1355629124,-1134528422,-512037574,1151846933
2,10,1,2,10407,-555636091,2021195024,-1701940032,815341317,816571838,-979022084
3,10,1,2,10407,683987458,2138701307,2066250032,-1643896052,-1705495508,1976640768
4,10,1,2,10407,-1445888771,766396536,-2030062038,2009050161,182703343,-1468489900
5,10,1,2,10407,-1846708669,-207489786,-1965071841,-868487004,-317634344,1592513736
6,10,1,2,10407,-988974249,-1039400736,-1304408189,617811649,-1399732303,-1781235359
7,10,1,2,10407,-1657196855,1488569499,-1071805023,191749367,1138139460,538167231
8,10,1,2,10407,-1173955998,-1206823765,-1444675450,1707432270,-1826142324,-1402976043
9,10,1,2,10407,181912924,1083884765,-1415854050,-398233791,1454736259,309120477
10,10,1,2,10407,-1376558158,472645757,1408062548,285336970,-107707532,1056298659
1,1,2,2,10407,-2092238723,-1016063549,1735167090,-1489582636,-1579100931,-936965112
2,1,2,2,10407,-1409385066,1814226353,-707122800,1926134358,1365180777,-1055028815
3,1,2,2,10407,1797826404,-1140842409,2043909287,-718927188,1212984989,1637042011
4,1,2,2,10407,-508935726,1751958827,-1701392337,-347891854,-717498789,282526655
5,1,2,2,10407,1742361742,-702830491,-1029698555,-2116806004,1536653074,348794560
6,1,2,2,10407,1083417674,537263763,-1697568909,829161884,-920272636,1211434677
7,1,2,2,10407,1858889756,1337090584,-452990122,-831825075,2101364423,352510961
8,1,2,2,10407,1452489175,1093849061,381705044,1007764203,93367889,-352613948
9,1,2,2,10407,237602267,153965230,-204095247,643037891,-1370261473,-456985194
10,1,2,2,10407,154747632,-1999022236,-45119686,-671370361,1852167456,805761084
1,2,2,2,10407,-829059651,-1857102128,-2127529337,-2058626343,1269652730,1003850594
2,2,2,2,10407,-1800887777,-1175590206,-712789728,-438012587,2053237061,-859967928
3,2,2,2,10407,942689821,824384779,997791154,1749067598,1822885780,934177215
4,2,2,2,10407,690694865,-2046324563,-1683012330,-1801759886,-1442875250,-1584868824
5,2,2,2,10407,1996416810,-1995828880,959654260,1148743820,-1346713476,1230245598
6,2,2,2,10407,469461358,1610637537,-1740324377,-501845449,51901243,-106094950
7,2,2,2,10407,-508187084,915762140,-989053589,-1074096266,1355361500,-868988409
8,2,2,2,10407,-1599233246,530175819,375359937,-288846508,-419711023,-1909015212
9,2,2,2,10407,-355369704,1667983764,-1496437515,585531848,2080394934,-764799856
10,2,2,2,10407,1430487396,-263791053,445343457,-1348479443,2019582216,-451293079
1,3,2,2,10407,-355000255,-1159522740,-888059396,67226501,-514981166,2108836794
2,3,2,2,10407,619050039,27403731,1079375273,-1858466439,-491122670,887539354
3,3,2,2,10407,1062256085,1460033835,1733674697,-1217273801,-1540931364,1089419633
4,3,2,2,10407,1494496868,-129948055,-1703820511,-361277532,886442212,955504151
5,3,2,2,10407,962357787,-1527490550,-967386030,737971204,-156803691,870092172
6,3,2,2,10407,-1857697741,758273776,172873205,1541353407,-61643397,241308144
7,3,2,2,10407,548674239,438962858,1913232651,-745297467,-163294537,-1681245899
8,3,2,2,10407,632382740,-2053692553,196560451,-1412057686,1146528826,892315748
9,3,2,2,10407,-737919189,-1390324336,1063923148,-1052289162,1452171663,-610267183
10,3,2,2,10407,-1646329852,-311019036,-2053855766,-736330504,1351911110,-355721469
1,4,2,2,10407,-429780117,-683336561,225292621,275783735,220789536,1506626147
2,4,2,2,10407,-2108389032,96663491,963583362,-29355327,-1872761920,427390813
3,4,2,2,10407,294045877,-882523111,-1914781526,-886453907,-370061179,1595687859
4,4,2,2,10407,-1416307346,448375310,-1111073831,839825266,-578022763,1046112442
5,4,2,2,10407,-1204740805,-172961920,2010886035,305298672,2078110735,-955284178
6,4,2,2,10407,56833499,622546177,1989747282,-1586262035,535980572,1434553610
7,4,2,2,10407,-852482106,1370731043,1996582852,-422927521,135000573,-29477189
8,4,2,2,10407,550283496,-1269255897,1175213922,-1327269307,-1697927899,417065124
9,4,2,2,10407,-1742166497,404679127,-1082541096,-1397306234,1155663378,-1108211089
10,4,2,2,10407,-991726255,1620661893,-468962014,-786035930,-432822892,1398282280
1,5,2,2,10407,-689356763,1871701081,-1152854808,-1211172394,965550070,-734413078
2,5,2,2,10407,-624235476,-1086579118,-1974874819,192917492,-1754940497,483604479
3,5,2,2,10407,-964540540,-1831956380,-810692391,-960800182,1361857248,-1062173831
4,5,2,2,10407,-80337865,329502619,1417376956,1427240134,-144706318,-1169864908
5,5,2,2,10407,115841770,444334304,-882873559,-1494683816,927434695,-291239327
6,5,2,2,10407,1404868233,1491443061,1819647590,-457582725,-1117108402,155798813
7,5,2,2,10407,527348992,1480522983,1703797869,562631759,-774421101,-1305875060
8,5,2,2,10407,-1389256644,1295271925,-972742091,455299030,-1695376213,-1716639664
9,5,2,2,10407,-1897126956,1033555241,2102407697,1297760246,-1494633141,-1218632000
10,5,2,2,10407,-1574774737,-1411991149,822714147,-532931966,564586426,-1464324925
1,6,2,2,10407,-2014520113,868694352,-98968954,-12269009,-1617188465,1808083529
2,6,2,2,10407,-1546183266,1421181424,401375697,-127230603,-2021089511,-634129796
3,6,2,2,10407,150494695,1890648580,-1247373445,781883422,-264676598,958237564
4,6,2,2,10407,-548062525,25160104,-406332381,1061146231,-1285376371,-419310538
5,6,2,2,10407,-450968239,1331640800,-384388617,954901004,1739151132,-235962309
6,6,2,2,10407,-736500553,1413313516,1231920703,-593886153,1433404275,2966322
7,6,2,2,10407,-893672349,148348971,1632929434,39222728,-2078897472,438105993
8,6,2,2,10407,-1413917225,-962700423,1351183285,-1751786267,105714626,1539768165
9,6,2,2,10407,-1961978985,1732064728,1710635064,2064116878,1216843641,-2057610138
10,6,2,2,10407,377113697,466942490,-1971955640,-955611641,1696900943,304180994
1,7,2,2,10407,714125671,1700990391,1003456910,-1125410927,-2042407714,-1478181742
2,7,2,2,10407,-1922503874,-543906034,-598340652,-1621778757,-3307563,-2010675569
3,7,2,2,10407,1017209476,1398497546,-398873491,1342346899,-1038046560,-11005029
4,7,2,2,10407,1676316511,-2000435195,-78486632,1734697854,423556759,1477441867
5,7,2,2,10407,805890318,42500683,-2102801652,-1737182408,-1188093968,2059174568
6,7,2,2,10407,1686824896,1230513785,-35335151,1372919830,1016827345,-652714301
7,7,2,2,10407,-1020065803,-1780921063,-620492528,1881818655,-1993099029,-781557529
8,7,2,2,10407,1966251874,-1069151374,-1381344203,1472724541,-1046404706,1892640328
9,7,2,2,10407,-1254215640,1283834990,-48709406,-694908095,-1659855391,-1400609485
10,7,2,2,10407,847228085,1745093383,457658844,572811650,429212753,1679559926
1,8,2,2,10407,-1793368691,1819211813,20646611,186425148,633781741,1065134639
2,8,2,2,10407,1994909969,10489853,-336781875,-545880595,702069805,1518641407
3,8,2,2,10407,-546434193,-1642742325,329784248,-353707901,1158561953,-717657179
4,8,2,2,10407,1266646949,1894454124,-901492888,-1368654348,-1830457312,-200779332
5,8,2,2,10407,-1464949760,-1835157471,-1471098961,1103647867,-2116557612,1943057528
6,8,2,2,10407,-1137704636,-937602519,-1739473281,-1473897419,816483437,-226148229
7,8,2,2,10407,7140693,121225085,2055934118,-787560620,-1273283421,1323283711
8,8,2,2,10407,-109246751,-1514462114,-10596016,1974642856,726168680,320839894
9,8,2,2,10407,1937673464,444074253,126976601,-1887001338,-1442216206,1564543930
10,8,2,2,10407,-1328984642,-1119046291,-172436076,1429801283,-629052250,1566992365
1,9,2,2,10407,-1122306874,-907569899,293251013,1150142456,2125670983,1892923836
2,9,2,2,10407,-1349092520,1189214413,-197706987,305010510,1549555870,187492020
3,9,2,2,10407,-1399543319,-857020636,699131052,-623101205,-597064923,2108105722
4,9,2,2,10407,-822616640,1631960363,1320306184,-1333787384,-1040614969,504116661
5,9,2,2,10407,-1039716921,-1222849180,38104455,-1360385924,-1307655757,605239297
6,9,2,2,10407,-1146897442,2035347409,1507921871,704973179,-1659787395,-1867686082
7,9,2,2,10407,-656736592,1590079712,1622396003,-1994733641,-1695030035,1077031539
8,9,2,2,10407,1119645237,-680718144,-1042318498,1981882603,-2125719214,1184921770
9,9,2,2,10407,-950745903,-870138153,-208309724,524487637,526837623,-2029616775
10,9,2,2,10407,457689764,-1979596714,-1907428812,-1738863136,-560547709,415029846
1,10,2,2,10407,1226655286,-861929006,528930397,-893536696,1318914267,670870600
2,10,2,2,10407,-2004002472,-1114892922,1093062754,1340224516,-521140368,1322299077
3,10,2,2,10407,1955952295,-1617490689,1823684833,-1386469105,-1463634514,1205264049
4,10,2,2,10407,2015189767,-889845809,-53911620,1591333089,2047991013,344150269
5,10,2,2,10407,-1689913232,1913523035,-481816982,2070138949,-544581189,-972330797
6,10,2,2,10407,-846082081,1549929520,2121229011,-1639161885,-797002956,1370972960
7,10,2,2,10407,-370150150,1017375526,1122358801,1592664632,-408921056,780678732
8,10,2,2,10407,372621227,-510921561,194880966,1233434093,1594692588,1998051504
9,10,2,2,10407,-515664087,-2084072874,358188640,-1713632054,-367362687,1638352648
10,10,2,2,10407,-647617142,-1907942604,-1514482477,-1900831423,-1201193618,-201505894
1,1,3,2,10407,1441619244,1744945937,-1834710397,-1560663244,-38590140,-1411425378
2,1,3,2,10407,1967219387,-185812723,-1351105472,-1336432058,-365602122,1565394770
3,1,3,2,10407,-996645674,1656347190,-1999552462,494248494,1929057331,1029152677
4,1,3,2,10407,839306241,-1437643934,-1448723143,1646519007,-144663190,-1658929348
5,1,3,2,10407,166024236,669498226,484257943,1637751344,-103431807,1060870749
6,1,3,2,10407,-810157193,335503373,157431215,-835505925,1659701702,491349864
7,1,3,2,10407,672057488,2085781847,292388911,812391556,-1689922732,-481571232
8,1,3,2,10407,130181339,1837846158,1223711040,-1023709645,-557293189,-1417548860
9,1,3,2,10407,-219344841,1506411688,-1283148961,682187614,359379469,-2110312757
10,1,3,2,10407,1605941289,-595585747,739366002,-350856193,-438029684,129863386
1,2,3,2,10407,-516566610,493833828,402178443,1938560495,-1524649821,1094769706
2,2,3,2,10407,-357140005,-1081934200,1963806791,-701575215,479143075,-1096757295
3,2,3,2,10407,1779841041,1847011053,1399667212,1751641272,1703994048,-710816337
4,2,3,2,10407,518221185,-1708136664,-615966828,-1370557633,1905868640,740392127
5,2,3,2,10407,1565472087,-541418695,1589683317,2082215518,-2144864769,-1984100193
6,2,3,2,10407,-1936544203,-704466267,1682882272,545939174,1117681708,1561969336
7,2,3,2,10407,1236735362,-745644484,1093395592,586323936,-1815450497,-467142029
8,2,3,2,10407,-1325485963,-1515578942,173773811,142158403,1860623832,1117868882
9,2,3,2,10407,-1611921607,1568462310,947292640,89209727,633697557,-989170528
10,2,3,2,10407,-465563173,1823866990,168994479,1260303014,690080971,-1297687277
1,3,3,2,10407,-55667304,124042840,-763674839,-725935102,2050674755,1546136094
2,3,3,2,10407,-328112745,448370517,910468622,-984853070,1566447528,-450834031
3,3,3,2,10407,-768617580,-282992046,79755196,149154750,-1220502099,-1482736809
4,3,3,2,10407,1151889215,-102656183,1147957832,1653164636,-826242763,1053981593
5,3,3,2,10407,654538072,-1856223201,-758615398,-2122453140,-1778216378,-665764170
6,3,3,2,10407,1962530327,-1411760609,-1198478195,1718294857,-1541919916,193241542
7,3,3,2,10407,347985223,-1722990901,-1688263473,1279790857,1492962020,489164414
8,3,3,2,10407,-2129121537,487026169,539948834,1087739264,-1931172967,-1265165146
9,3,3,2,10407,-1046686948,324890695,325657746,-1506666583,-1309304307,-201648043
10,3,3,2,10407,-1851797830,-310308996,-1685177039,1665094714,1637022725,-1020530553
1,4,3,2,10407,1340139496,1413841309,-166704158,-1147163613,-760227051,-2063602372
2,4,3,2,10407,-1605236891,-272961468,-836344883,1545036525,1413017103,-1837311643
3,4,3,2,10407,-134578233,20986202,1671487966,-1690141570,1966657793,-1432016576
4,4,3,2,10407,-1228725341,-1099697720,613318631,-1743392081,1386166103,1201036534
5,4,3,2,10407,1115344569,1922931068,1118555531,-1409222194,-2113304929,-724576108
6,4,3,2,10407,-1073104990,1381359017,908764043,-1160289156,-716797734,1997518955
7,4,3,2,10407,-1760177512,79768532,-759869227,1336237267,-1652251419,811814001
8,4,3,2,10407,1888221174,1145855914,-1729242704,1319831083,-949124001,-1018111828
9,4,3,2,10407,2033929949,1968535027,401533420,1280929922,-281284768,1692897595
10,4,3,2,10407,-1444726712,1215211789,1716976315,1619466403,-1852579856,789500434
1,5,3,2,10407,-1827669504,-1667531636,1416379738,1772775979,-231749534,1457600470
2,5,3,2,10407,1024362602,1767786343,-1800181790,1495040201,154281866,1866367677
3,5,3,2,10407,-1143020089,-3097956,1451542263,-60779461,-17315507,-1727496764
4,5,3,2,10407,-717314148,2069148880,480388749,1283230704,-699145850,1207950627
5,5,3,2,10407,965709357,1389639362,-865173078,-1982801434,-454255893,525768729
6,5,3,2,10407,1340835845,1726426624,1529876595,1929284603,-913777380,-1185399891
7,5,3,2,10407,143411957,-923093801,338389866,1032872474,710561757,1356098015
8,5,3,2,10407,1791437415,-1025002306,-1967868885,2100844515,-825503728,989431177
9,5,3,2,10407,-1103440059,-1639712568,-189587650,1215570381,1945289282,2054471258
10,5,3,2,10407,-390035546,396463718,326367729,161374883,2028463547,-395880452
1,6,3,2,10407,308458484,2053636649,-989597164,1220613936,-490532777,1023622723
2,6,3,2,10407,1357313092,795135203,1181298041,-1736229986,994764201,952551112
3,6,3,2,10407,2061355913,-1573704581,465992115,1152743333,-998863855,1725391485
4,6,3,2,10407,-9366931,699056369,-47538750,-758184553,743788382,-807176361
5,6,3,2,10407,675640289,-1684691672,264669283,-1691523021,1476617519,-2102775202
6,6,3,2,10407,-1313144323,-713642053,-576956122,-939876516,-1104961074,306221133
7,6,3,2,10407,-1418398402,531623344,696870452,996111240,1312884275,-1658577425
8,6,3,2,10407,-1720944129,-2087261235,-1646278582,-303600339,1362070592,-921530204
9,6,3,2,10407,443973298,-1614960099,-377176719,-1347096473,1168987008,-352843536
10,6,3,2,10407,-305297425,2034060425,1319807843,2078216243,-855512330,2095865220
1,7,3,2,10407,1604564417,-394132246,9489981,-1211876799,-1839250873,-645429706
2,7,3,2,10407,-654556785,1797167471,-2115649704,-1541857405,1444442438,-1082842178
3,7,3,2,10407,-1676311242,1457098957,1485857466,1577114644,530347977,1877078597
4,7,3,2,10407,2146556082,1310320159,2143846864,-1540327130,1176451672,-1467439386
5,7,3,2,10407,782683579,-691650060,681265375,1325147913,1077377130,-1668327682
6,7,3,2,10407,1923936065,415959642,25292699,1853680458,112388891,-315241832
7,7,3,2,10407,1451586410,1089015983,1817061483,-1590408639,-66538923,-156281546
8,7,3,2,10407,1382668683,1578636565,356017823,-2123307112,967826957,914407548
9,7,3,2,10407,-701703273,2061126060,525152077,575255926,919307272,940808096
10,7,3,2,10407,1587858680,209902101,-238902713,-1146500985,-613541922,1377849153
1,8,3,2,10407,-732968610,-1523333660,1174154150,-605732293,-280317754,-827108195
2,8,3,2,10407,580422154,-954922034,613505793,-898102353,-1314645672,226902888
3,8,3,2,10407,858708746,1707984343,179382102,-2040325417,-1160836771,339056974
4,8,3,2,10407,1241847810,-803391693,-1161598364,-520411305,212956176,1967800858
5,8,3,2,10407,-1226518609,-1378768089,-1126995472,-946811480,92709873,1125217637
6,8,3,2,10407,-2100028761,-1495578558,682254391,-988930414,2055409590,1293820500
7,8,3,2,10407,1108397836,974385285,562575082,-1843947416,1474623294,1538242552
8,8,3,2,10407,-1758346043,735914637,-1347400019,-1053848076,745951438,-1992956545
9,8,3,2,10407,-257944733,-1958318380,636830372,-1201001488,1699934559,1733355551
10,8,3,2,10407,733648993,210769300,1701426318,1275728741,672379587,693473458
1,9,3,2,10407,2123231600,-919849453,1297382062,121341954,-1818202947,1537272284
2,9,3,2,10407,321031088,1916938320,-931103872,-623111548,876910690,1726172196
3,9,3,2,10407,2036096372,1807231836,973185986,1773087688,-178813566,1187456118
4,9,3,2,10407,-1772803398,17278203,-50038635,1492523847,-677799512,1815145469
5,9,3,2,10407,2090899258,-755682104,372399442,646695111,-156824234,1375430
6,9,3,2,10407,1884502086,-487953323,753146332,-1161896091,-1724584220,1848418248
7,9,3,2,10407,1929640751,772922142,-402864073,-168409429,706168621,-2086544063
8,9,3,2,10407,-540723401,-1569547430,367976748,-1829046461,-947555853,-2053444104
9,9,3,2,10407,1074612220,344353266,865230213,-1782462882,-2130033492,-718385243
10,9,3,2,10407,1829322047,-1403477821,-1611716133,-957559410,-528875459,-1270549874
1,10,3,2,10407,-570277473,-1089368453,1749899454,2049075300,64793495,1253369822
2,10,3,2,10407,-1727007739,-1163784807,-1532851413,-2023085389,-1142171166,1459523238
3,10,3,2,10407,1393003772,1948333031,285736334,642171808,1201799622,-369909838
4,10,3,2,10407,-1360510198,1806243633,1379654227,-137544800,-2073549714,1963858075
5,10,3,2,10407,1436460543,-1884374662,76971541,638562407,506586072,-1605793565
6,10,3,2,10407,-581630599,-1933154366,1760091211,1929957393,-593536674,738412743
7,10,3,2,10407,1210094938,46823894,-1821745233,353099402,-2049384435,-1225987768
8,10,3,2,10407,2056601446,-159819940,-800646165,1735320175,1983109959,1053107387
9,10,3,2,10407,-822416422,-9287574,-685045978,-1276196858,-1952809437,-747801334
10,10,3,2,10407,195374241,41469107,-1314001836,-359131658,644911931,1675467512
1,1,4,2,10407,-2119658158,1743355345,683162154,-748295661,1499854142,-1741050740
2,1,4,2,10407,711480835,349971672,-221178449,-85771618,227564746,183814933
3,1,4,2,10407,1907620681,550331471,12739452,428310610,-83494537,62687964
4,1,4,2,10407,1127714008,-644219132,-2008547038,-1606443148,219165949,992793995
5,1,4,2,10407,731807936,-585133925,-1063739280,-1157336173,1266025560,-1109106630
6,1,4,2,10407,172056194,1366075551,898838685,-481513640,-1447551159,-1529201663
7,1,4,2,10407,941075703,724468598,-258696029,-75627205,1511682834,-1866329878
8,1,4,2,10407,84894898,79530669,-1718490108,-589727502,1507839628,2067505373
9,1,4,2,10407,202440737,-619392746,1148378704,1042394190,-1612009834,-1932082046
10,1,4,2,10407,-2133444808,1408578324,1609906311,-1748906048,1769452098,-1200818809
1,2,4,2,10407,1309085973,797033855,381484289,1395291281,-512305054,1596940139
2,2,4,2,10407,1292674002,-686878018,366683261,864690149,809468016,570408850
3,2,4,2,10407,2126374922,-434535028,125469431,-658402562,-839360380,-1445315298
4,2,4,2,10407,-1075992120,-1782597025,777929031,-715639661,-359925412,-1507201846
5,2,4,2,10407,906473805,-4359539,559424524,512564292,-1876330401,158873430
6,2,4,2,10407,-967209659,2090016669,-1076530454,156962592,979656282,727880654
7,2,4,2,10407,427278923,-2108506799,-65332865,-1396878057,-2036886898,2024993385
8,2,4,2,10407,1890458382,202104580,967824376,-925291118,1815213744,-254168332
9,2,4,2,10407,947142797,-139872101,1072059027,-2084493517,-454945766,350089374
10,2,4,2,10407,-1780653441,-400697356,-1575932523,-1762990099,791445123,-1888565318
1,3,4,2,10407,1976593967,-1692702698,620468609,-268588368,1758365095,-955742820
2,3,4,2,10407,-691322515,970787395,1840674625,691468159,-296305706,1978037364
3,3,4,2,10407,937402049,-77045578,-420690724,262532755,-57551815,-1746046246
4,3,4,2,10407,333840164,-1117242850,1304821314,-817566816,-472114809,-675701588
5,3,4,2,10407,-1569175650,-1803798468,539888901,-886009191,264125355,-175548541
6,3,4,2,10407,309612511,-937117770,383012269,-565429634,1239759259,-1802858142
7,3,4,2,10407,1380705615,-1604485040,-1545813660,1701603297,1072359988,1708352566
8,3,4,2,10407,-704925060,152244428,-1146442075,1869098434,-869768135,1066075671
9,3,4,2,10407,2106714871,-855453151,-124766312,-402021508,-724984355,325864341
10,3,4,2,10407,-74533342,-1576138868,950026242,577438741,-1299694816,-1918715171
1,4,4,2,10407,-810770872,1644122084,-1661333772,-763782488,-1258996315,-1738493984
2,4,4,2,10407,-1776491794,-847258245,1106943095,-2053227935,-1320033303,-2057460662
3,4,4,2,10407,-1806858209,117302377,1207601762,-253141077,1728081048,1066472682
4,4,4,2,10407,720517680,1517546389,73381829,-1156274322,63030609,1059829951
5,4,4,2,10407,1179393587,-2014156038,1873044946,1069123467,232289572,-1948643746
6,4,4,2,10407,-798297975,732697300,-2134017506,-441147760,-602898496,1722124554
7,4,4,2,10407,467256420,-1761058054,848832534,1762986088,2137166427,-1586977571
8,4,4,2,10407,-236368720,-1959529791,2111984000,1042417807,-503571487,232442673
9,4,4,2,10407,1491546222,-1285693963,1058275105,349232319,-479177471,-1290110769
10,4,4,2,10407,-1411966335,1590923816,1490718272,2010862155,-1756919080,1368878749
1,5,4,2,10407,-368503914,-1168088411,2064764007,-1911690632,-1585792060,514045112
2,5,4,2,10407,-1287033160,2097947858,1533840056,-1468179084,-1337353629,-1221164288
3,5,4,2,10407,791233304,-79262472,1649662607,939978779,719172693,-1524239066
4,5,4,2,10407,-325874439,812102312,1032650366,425053661,-1227736503,-602735163
5,5,4,2,10407,-2028329482,2050855850,1039769627,1073153082,-739072409,-1511859623
6,5,4,2,10407,-205399439,385472035,-1844522399,-2002676353,-534713487,-1718765052
7,5,4,2,10407,1407855445,1796144210,-144160910,14672703,1494632482,788569070
8,5,4,2,10407,-1921523127,852490002,-1312071193,-692473094,-1271393063,-523180002
9,5,4,2,10407,-1864069474,289523925,-1353699284,-1493146178,1969710604,-976386613
10,5,4,2,10407,85723550,-2014611317,-1801966949,-1886766991,534248233,1308006848
1,6,4,2,10407,-1853688288,940970284,1953669442,-463358711,691390244,809569249
2,6,4,2,10407,-1801968094,1263769144,-1371216693,-559985586,-114763749,-1140376721
3,6,4,2,10407,-1456009769,-1297824214,-320953125,594020962,-1593152981,239301502
4,6,4,2,10407,396281195,1651666204,-548482250,528258972,-464311946,-2092718230
5,6,4,2,10407,1419463765,-1460389940,-2124499136,1618246424,-395320364,-1951679991
6,6,4,2,10407,-448448576,1848635214,3562206,-975022607,1014427550,512810955
7,6,4,2,10407,1856768540,2092287693,-250665766,672356234,-1942677086,-171806016
8,6,4,2,10407,1207794928,1693509979,-486785259,-517299792,1506293309,976518387
9,6,4,2,10407,1574938195,-1391688317,76642318,745297560,524973931,-610649115
10,6,4,2,10407,-1491607622,-640614168,-82553525,1998794788,-1744631054,-17884637
1,7,4,2,10407,1378760923,1247576436,-1988856995,1149473968,-1404033534,163980007
2,7,4,2,10407,1640574533,505386781,1824918387,311268842,-289535364,919447359
3,7,4,2,10407,-1789113275,562237262,321296437,709709706,-1776531339,782684760
4,7,4,2,10407,1315505710,-1675197001,392220795,-140532935,-112613845,2121208291
5,7,4,2,10407,-646785542,1517110578,1069415397,-1863874764,875188707,-148790307
6,7,4,2,10407,751809672,933734252,-1401414120,1760783140,1438375677,707031334
7,7,4,2,10407,600402871,-1433388961,-213368384,745640484,-1482532070,-420871454
8,7,4,2,10407,485961250,1431201217,1757168605,-584961749,1653374095,2096999769
9,7,4,2,10407,-955658652,-1584394027,-503299992,-1285773810,-785078683,287095790
10,7,4,2,10407,76685699,-1967187960,-366234949,1234684057,-1225690029,1085879176
1,8,4,2,10407,1756890408,-754635283,-1103317742,1179579133,2026486849,-764288598
2,8,4,2,10407,1854462343,1983481049,-558126268,2124693122,1070706879,2038695071
3,8,4,2,10407,379366750,-1524961796,1815245513,735079229,870735505,-910010094
4,8,4,2,10407,2028950050,-1191688521,1681919412,531217329,-1120743984,1859607098
5,8,4,2,10407,1020153431,1517664971,-2066533442,1575807415,-1661373719,390321600
6,8,4,2,10407,-1908155846,-1069429878,-1660751436,-575720372,-1174924224,-783292894
7,8,4,2,10407,1336800024,382263948,-1297641340,1707444792,-1559734231,320260802
8,8,4,2,10407,-788695593,-1833248519,-1117305497,754939081,-1290781632,1452638244
9,8,4,2,10407,-880278144,-661410585,2026699021,591817847,441841826,-305853225
10,8,4,2,10407,-1836189122,-1802316904,716418064,454480976,2104191001,-971663715
1,9,4,2,10407,488953187,517635336,1794756644,-1784260702,-1647913385,-1539570168
2,9,4,2,10407,-79266569,333120888,-2050038927,129454780,846667254,714817097
3,9,4,2,10407,-264168143,2062443519,-1978470974,2051946741,180087089,-2130357503
4,9,4,2,10407,1549001683,-361335585,315460821,2062063937,378246044,411564045
5,9,4,2,10407,546796272,-614205114,-1573057916,495905003,264648335,-1118344507
6,9,4,2,10407,-1120951328,275477986,-496550789,152399583,461461138,-320553175
7,9,4,2,10407,1690532784,694475983,235145526,1044173054,773575934,281478952
8,9,4,2,10407,1318254778,1585832995,495670682,-89105498,-371003894,898648513
9,9,4,2,10407,1548296006,-2066626367,1411987787,-952484136,955183533,-436848067
10,9,4,2,10407,2085031705,1549545570,1901512633,-566397200,1010582214,644029481
1,10,4,2,10407,-467316765,368591007,-1026872958,1010108687,-207528934,1241596003
2,10,4,2,10407,-429208608,1712896503,1639743720,1525918771,1281402245,1726951893
3,10,4,2,10407,1046725724,-1177132201,-2115828919,514947664,-1074391521,-1114943573
4,10,4,2,10407,290888328,2072964602,291966600,1158931042,-866530260,2073145784
5,10,4,2,10407,-319425091,-1457204273,-1969141757,-1791566881,1857965507,-1246895792
6,10,4,2,10407,900985281,176957041,2029318383,-1002922958,-148060609,933413907
7,10,4,2,10407,-178837611,-1360905287,1148565416,-1498573198,1846598960,-424732433
8,10,4,2,10407,1043103021,-572937622,2100473849,5331180,1668090516,1817485540
9,10,4,2,10407,-1125912962,-434096738,2011328623,-1909042443,-1259397950,793140557
10,10,4,2,10407,-2051711640,-1366398741,-926241512,-850756235,-594242073,828530223
1,1,5,2,10407,1262374631,1472416133,1487409990,1296842743,1258959473,925058078
2,1,5,2,10407,-82240466,-1175975529,-348366965,-1521036383,1138028393,483651171
3,1,5,2,10407,1457419912,-732698159,-887848561,996400017,607620760,-1256656383
4,1,5,2,10407,-1230508393,1573802050,-1643490629,-1102796327,967226581,615452035
5,1,5,2,10407,-297826019,-279615644,602154020,-867930393,1924253705,1283909682
6,1,5,2,10407,-327577449,-1430376225,973428591,-1651081838,462234526,1890105056
7,1,5,2,10407,841933496,265078559,-1612986930,107925287,-341361095,-1921769974
8,1,5,2,10407,1233661955,-415014270,-2056226194,-692328431,722674882,547364703
9,1,5,2,10407,-1263606213,-1673354452,1607680448,-508783780,1715464768,1639179687
10,1,5,2,10407,-175278485,-1695813141,844805432,-1115853233,-1885699500,-915700788
1,2,5,2,10407,219563707,311803343,-1742567717,2040181585,-1139263406,688180939
2,2,5,2,10407,-439473742,1541054900,-938808199,62626898,1551410713,388683238
3,2,5,2,10407,161754536,1189848680,2000791353,-1065698425,-31345235,198884276
4,2,5,2,10407,858029878,-1349520251,-753242013,-175595981,1021217785,1199523286
5,2,5,2,10407,1524416839,-1505358962,-1771918906,-1638751665,373503613,475900153
6,2,5,2,10407,-438326150,-2109974425,-2123488545,-1206262578,-1480788238,-1304097277
7,2,5,2,10407,418238627,1916603593,-501508795,-1653564099,-1032376014,-1519019077
8,2,5,2,10407,-975604568,-1571339035,-1263721549,-1337360797,-1655057853,-508255621
9,2,5,2,10407,-14605861,91584649,-2120867802,1639817923,76527338,2104879411
10,2,5,2,10407,2139268662,-1907706559,1204389516,-805682370,-1774217938,1385297063
1,3,5,2,10407,-2041965668,1793071910,-2084406122,-701539677,-547915681,-1296230727
2,3,5,2,10407,-415848959,250026209,1259352813,-1130452026,-1871467153,-1983943448
3,3,5,2,10407,621048518,-486139372,1261850728,-312310379,1493447524,1583449413
4,3,5,2,10407,-783671545,-1019856128,-320160968,-1598541319,-780911038,577964783
5,3,5,2,10407,1826120883,-712496040,898015583,-776489240,-193878738,-929007345
6,3,5,2,10407,-1620556460,-990946044,-277985,-1224474181,-2145786131,-461193624
7,3,5,2,10407,580308706,-475457898,143047928,-239119602,271379839,-1784712683
8,3,5,2,10407,628238815,192856771,1576700271,348131469,1758843560,1254494169
9,3,5,2,10407,-396374811,-515895364,800861725,1529607957,-487666344,1685398881
10,3,5,2,10407,-1448424148,472322302,1226126190,-1826653480,-1245967616,1321114278
1,4,5,2,10407,646812685,1218700045,595040198,-284816452,137995552,722761375
2,4,5,2,10407,1695474110,-1552290498,-1617085173,-131664333,-1373957506,1653168742
3,4,5,2,10407,552275856,1053324479,2088992342,-322881647,1911746980,878330937
4,4,5,2,10407,1715797358,1370850699,1768619863,-1259212923,668904603,-741457240
5,4,5,2,10407,-417462357,-1214686789,191755939,-1635736852,718549106,1500139408
6,4,5,2,10407,-2060237489,1306522969,259371240,1318227515,-294500824,1488403689
7,4,5,2,10407,-206069193,-1248254971,1639951815,76106019,1747410391,463823762
8,4,5,2,10407,-1063826950,167894270,-228777983,1874874922,1409830579,-1962911626
9,4,5,2,10407,-1107427061,-119647358,-12003272,-1260933700,-1748736373,1197708478
10,4,5,2,10407,886016795,642340426,1507573551,-546401208,-1698718516,1897660629
1,5,5,2,10407,652593162,-1400028282,1269840986,-451659064,784172667,2072452710
2,5,5,2,10407,52697082,119212503,-63990613,-341560135,-1631985228,833247995
3,5,5,2,10407,146767077,-604102291,1824390880,1553939133,891589588,751232820
4,5,5,2,10407,-135575780,1965165053,-956910574,1095015341,1111653946,2119796695
5,5,5,2,10407,1530601519,1419559357,641819698,-626443284,-1189791671,1788108145
6,5,5,2,10407,-1379823685,-1172237130,-128713359,-100250187,2130527516,-159884177
7,5,5,2,10407,1963223348,-1772483752,2125259419,34740171,997017753,1478376527
8,5,5,2,10407,1833289594,593605660,1188199051,1427294074,266177117,1982727732
9,5,5,2,10407,-688188994,9500889,-895741095,1996077236,-530874197,663341870
10,5,5,2,10407,1971152441,-354464552,713585045,1757049052,-378144404,1844767840
1,6,5,2,10407,-2036464687,276414881,1826361533,-2147250949,-754048305,-2007488006
2,6,5,2,10407,-855947935,-170332266,1694048174,-1175646933,333893354,-220810397
3,6,5,2,10407,-1006415427,597373168,-104496970,-307298012,-1597998531,1611159463
4,6,5,2,10407,-1781050275,1990568220,-1714518678,-910543325,5318464,-1899555214
5,6,5,2,10407,-246326428,-1402491873,-407965476,-879632696,-1373874100,-219766909
6,6,5,2,10407,828655611,-1594829131,-278700241,-657171982,101850498,1097926999
7,6,5,2,10407,-241080082,1829499344,-442111103,-566267311,-661115373,-1697837711
8,6,5,2,10407,-815270756,1983828860,-1449525782,-1364365965,1498316496,761096108
9,6,5,2,10407,-1455708506,-1159633159,669347293,1909769869,-697692889,-1986372404
10,6,5,2,10407,-637139798,-556023320,1956662588,2137576012,1342054934,-1298093164
1,7,5,2,10407,-1464707012,1592125949,-1788916424,-1547589513,-1313866996,-43966306
2,7,5,2,10407,1764677057,1752439729,2015592586,84520654,-586567373,1545776358
3,7,5,2,10407,706955273,799573234,-1507811354,-189007831,-32651473,-1179734666
4,7,5,2,10407,-1102013635,1475649896,-1921215810,-1522686604,743705479,-634173502
5,7,5,2,10407,1458742304,1019783964,2075433456,533454231,-1237058719,-449230129
6,7,5,2,10407,-946589708,-1378521887,-1662240860,1536212358,-991438717,562803985
7,7,5,2,10407,735146076,373007742,-728209282,274795122,-849899280,616510136
8,7,5,2,10407,1078463514,495870784,-732641084,373169933,941787234,1372305302
9,7,5,2,10407,-380906634,2093064395,779421572,1616351102,1113227782,948031550
10,7,5,2,10407,-518389448,1636184625,2021974871,-628264932,236291420,-1416867900
1,8,5,2,10407,75453253,-1018608405,-694343600,-1994413419,1557710826,357165111
2,8,5,2,10407,1068530825,-153054876,1464878525,-376989523,-37568759,-1381447307
3,8,5,2,10407,-1611803461,1754364809,-451731525,-1423917309,1063950617,1305357044
4,8,5,2,10407,1723928411,-1756431664,311458066,2145265922,773203803,-108918704
5,8,5,2,10407,1203969315,-930600599,-539839334,1842844562,-758967909,1542077709
6,8,5,2,10407,929872262,-1264092473,-2096979218,163841335,-1955456897,418415151
7,8,5,2,10407,2059578768,185860743,1837535591,-557443035,-1690795883,1074198545
8,8,5,2,10407,-854257092,-263451735,-925041545,-2034471253,892395472,1405886315
9,8,5,2,10407,-1428904819,-2061973860,654697888,-685977667,-510512238,1739744201
10,8,5,2,10407,1703636880,337563733,-1131953574,-1095653978,140983697,1448604574
1,9,5,2,10407,-1575682054,1941687260,-1438482360,1750277509,-423108663,1327825250
2,9,5,2,10407,-1949161992,580050803,-100000750,-848971963,-1062937980,1844697855
3,9,5,2,10407,-537324357,1770452751,420598138,204199498,-1551117661,1456169675
4,9,5,2,10407,1090013244,-1842393851,-91998255,-1255839405,1796153914,1239797743
5,9,5,2,10407,1183930420,-1389110621,2015115390,-1821336931,62648775,-582000238
6,9,5,2,10407,78157668,650566257,-512242701,-1108354195,1169147298,145172398
7,9,5,2,10407,-650635288,695240286,-2037938543,-731486223,314063109,-1744337684
8,9,5,2,10407,-764371186,1408000698,2050981050,-198561480,-75577265,1579097046
9,9,5,2,10407,-1357594495,920141413,1712127396,-360679381,-478788068,-244946827
10,9,5,2,10407,1980377393,1626889057,921740049,1540823681,-1673232520,227510543
1,10,5,2,10407,568679886,-106320653,424601193,-1461268523,938872091,1249934600
2,10,5,2,10407,-474650747,1289820089,1557321804,-1453342266,2017418963,659705941
3,10,5,2,10407,-786544424,-1476477594,-2125355,1792495364,-34950051,101675306
4,10,5,2,10407,-1974710133,-1165676722,-1875800229,-366315911,-1216410654,-1320617988
5,10,5,2,10407,1600073789,654082776,-548731333,-1163032898,1027676506,521728512
6,10,5,2,10407,-1806926418,777158811,1325495894,789894885,104219325,1947916627
7,10,5,2,10407,77903390,296497653,563067647,-1411577755,121684967,-1128357888
8,10,5,2,10407,-2113625656,-589516533,409263440,1042326483,-887175553,444028738
9,10,5,2,10407,1255527896,2136879558,-1627454917,-2012709622,-823666196,903327933
10,10,5,2,10407,800635906,-499177749,1080154079,691237144,23099458,1950276911
1,1,0,3,10407,359568282,2051888653,1561795395,-1782396114,173290317,-1359087717
2,1,0,3,10407,-1099840331,-1300357928,-582691333,433685727,2125509220,450787827
3,1,0,3,10407,-492220981,-415272221,-1727751882,-1355072376,-110143161,-1501154663
4,1,0,3,10407,729131892,1604920407,-917100891,-2140653884,1119761036,-1209891289
5,1,0,3,10407,58175771,-1314622094,1419307896,1086452107,-150413679,1290018479
6,1,0,3,10407,-530835660,280895369,186988973,1447089115,-1260377929,-1239215155
7,1,0,3,10407,852627182,-1513143081,-1938311907,1959158337,1574604712,-622161018
8,1,0,3,10407,-908605887,1078725658,-2097215595,252377726,1416450358,859734312
9,1,0,3,10407,-1501165565,491506876,-128974524,-771260408,-1935638344,-51826799
10,1,0,3,10407,1318165493,-1224727631,-1796728799,-548438400,-1409893590,-804200241
1,2,0,3,10407,-1216335325,593170673,-196912417,-1609115117,-145710327,684153419
2,2,0,3,10407,1116515782,1659327664,1902708474,2145880460,1200402415,-480168362
3,2,0,3,10407,734340836,-1792553680,-1658122319,1319836752,-1646709349,-2046024200
4,2,0,3,10407,359759924,-1787876917,1522587383,-528215738,625799345,1845229770
5,2,0,3,10407,-1889573513,-1961351538,98207156,-1049831408,515520919,410939357
6,2,0,3,10407,-1979206665,-975231489,-1741305968,1204975973,-325251230,-1806218821
7,2,0,3,10407,-1972398898,-1182505087,-798016861,1171315608,-728230863,825489109
8,2,0,3,10407,-233220444,2007578499,1394671412,1537719739,371192699,1376318973
9,2,0,3,10407,-970101849,-1208355398,-1655647362,1048432512,923844798,2077144015
10,2,0,3,10407,-981365262,1329161509,970476996,-1418713235,-1410787183,-1785610358
1,3,0,3,10407,-1638571943,872136962,-768027393,-875478490,935283460,-614081658
2,3,0,3,10407,1861716292,-1796939130,653185357,-1034867153,-1287302382,1771014862
3,3,0,3,10407,316438406,-802075840,-754286930,2045249934,-24858373,1005365067
4,3,0,3,10407,537422222,309863282,1611551360,-15296685,-586374512,2092358380
5,3,0,3,10407,1944621445,147641870,1470548420,-705527527,-671713367,-951842760
6,3,0,3,10407,-703779919,984338342,-756902764,1757231178,-554928951,-1781432043
7,3,0,3,10407,1442495426,-843795662,870248968,-1334812947,2143571529,-1925327004
8,3,0,3,10407,-41696044,-2073618845,-127098434,611005552,1761497546,-615989593
9,3,0,3,10407,1344893727,-353355882,-156822371,-863415444,213382444,258554593
10,3,0,3,10407,394715144,-875609029,-897990788,-1313909922,-1428539463,-1564618603
1,4,0,3,10407,1634280727,-1498068288,-1632066063,898077568,-55709557,1452243821
2,4,0,3,10407,1672278539,-575237425,1677057684,-1537781324,-1213738630,-1087893307
3,4,0,3,10407,-445739593,1270865579,-1076720834,145050643,704092203,1030672148
4,4,0,3,10407,-734460490,-1289182050,404589323,-61788654,-848982600,1647271935
5,4,0,3,10407,-1177944454,1704043966,2099590627,1061073527,1946990996,-1572482630
6,4,0,3,10407,-47591066,1383603509,1017437169,1157708877,2098218084,1389484133
7,4,0,3,10407,1363589224,11666814,-239432222,915842190,-1126777148,-1591506873
8,4,0,3,10407,-296529161,1630340254,432755620,1764046467,-1636344300,559132793
9,4,0,3,10407,489990774,1104141862,1472206850,-170538841,646435516,-6295955
10,4,0,3,10407,709768304,1827522621,-1568446097,-2099839744,-1517793184,-1124371315
1,5,0,3,10407,743582835,729681505,1410094773,504013893,-1370675339,657785859
2,5,0,3,10407,2022285284,1162495686,-550020855,1333567068,1205953894,-348017635
3,5,0,3,10407,1921933513,-1013417319,902948877,56310125,1918376145,-1031695289
4,5,0,3,10407,-1822086718,1491780525,1460572393,11189683,813839467,1453396108
5,5,0,3,10407,-593840368,666450509,-1732891155,1912416177,98408728,-739824575
6,5,0,3,10407,-626852644,1784974644,570408836,-1712795853,790404447,-1477813843
7,5,0,3,10407,-1801016668,-538238063,1544289390,1531821624,619976739,1490691040
8,5,0,3,10407,1308138568,-1135454917,-1073530829,-201665072,-1446084047,890748840
9,5,0,3,10407,-1830678137,-1266260911,1569897290,1461936355,201614636,1878460578
10,5,0,3,10407,-286593361,-423104792,-1429733755,-1159982302,365088055,936022045
1,6,0,3,10407,461542927,509941947,-328185278,-560362864,-1419105482,1531325683
2,6,0,3,10407,106030341,-791338226,409916746,-1426769038,919185439,-1920721349
3,6,0,3,10407,-1257392207,-157248172,39901141,-633620576,358370990,1952922906
4,6,0,3,10407,-645971262,-112980985,1264255382,-1233760905,-1357200739,-175595069
5,6,0,3,10407,1582714834,1756377167,-1752549469,-1358380499,-1270120795,1612455253
6,6,0,3,10407,-1270071135,-968211572,-2137652043,-421188206,2128435366,-1717851557
7,6,0,3,10407,1842076757,-1379038428,-1514115726,-1128208249,-1034080474,-913602885
8,6,0,3,10407,-933446942,-570830145,-909540507,74677308,827786779,442749511
9,6,0,3,10407,-1843586102,-1542848618,-491103821,1351736136,-1496051437,-892253164
10,6,0,3,10407,-1918365681,-1822257790,2094298450,-568906424,1071652895,-765272226
1,7,0,3,10407,2076839790,353643897,-1850588013,-1801444439,-1928410188,276989224
2,7,0,3,10407,1825275397,-11123532,-1942249769,1380459531,-1150830397,-1554368043
3,7,0,3,10407,-1795696055,-1360881006,-918410300,-1487932540,1320385991,1084386038
4,7,0,3,10407,8645475,2105902764,-884639675,-1701794497,-627619297,-1939916713
5,7,0,3,10407,-1146889719,-1671331512,-1947761535,-393145585,517559197,-1560960145
6,7,0,3,10407,2035603611,-1441468971,-985601443,666448483,-1377502928,657337843
7,7,0,3,10407,-1784921511,1054444646,458057228,96429649,-1891637481,-1427813364
8,7,0,3,10407,689410157,228870389,486093299,-1121856029,-1444211357,1351141852
9,7,0,3,10407,-778721706,-1850713511,985530169,-41431893,-450074731,-685694149
10,7,0,3,10407,-1675883771,-1962509992,1614917355,431842701,162800974,-158868779
1,8,0,3,10407,-180288584,1827985130,1514000452,-1362306432,-1521279209,-33927494
2,8,0,3,10407,594840712,-901481182,-850594860,679655569,954540862,1108784931
3,8,0,3,10407,-1195807706,400652961,-1455927859,2039463791,-1036576650,-1562136786
4,8,0,3,10407,-815014228,-71900699,734571088,1909793338,997562091,586031605
5,8,0,3,10407,-822326853,1148094960,-526763250,93181148,-1650029651,-6264703
6,8,0,3,10407,-1222138429,-517226619,1141562354,-1652761372,791850257,205021373
7,8,0,3,10407,1201800731,-872770504,-59907089,-851681723,1474888127,924194188
8,8,0,3,10407,466945760,-2006933852,2088278542,39202682,-1564867010,-1958165015
9,8,0,3,10407,2147146814,-1974705070,1022359173,1344440020,1318172688,-1806466719
10,8,0,3,10407,373076807,581712226,1278390866,-168862616,956293377,1832186449
1,9,0,3,10407,1885127140,-661434677,875554514,-1340289649,665621897,-1451386631
2,9,0,3,10407,-1682226518,190934962,1335306393,20740084,-1065398874,-1297050197
3,9,0,3,10407,613915607,-1283712918,592487552,77405289,1631979954,1161238334
4,9,0,3,10407,1452262298,-1402269248,-455745774,-222079147,1645834483,1119233007
5,9,0,3,10407,-2091998657,-746211591,-1462846488,1042319081,1492595386,-535258370
6,9,0,3,10407,17641805,1152476963,-1902978961,355647728,-807644962,-2064515871
7,9,0,3,10407,-564698419,990204515,1561596189,-2129071568,-97456573,-1554748153
8,9,0,3,10407,-1580534319,-1219957517,-1604963738,-233238992,-130036153,-388534046
9,9,0,3,10407,916231257,924215457,-39236502,2058207553,579354443,174923566
10,9,0,3,10407,1398292849,-1699651409,-700926892,-279672099,1872071415,645035898
1,10,0,3,10407,-166516061,-71406886,2017753342,-2054806217,1784188309,-1820559947
2,10,0,3,10407,1873629080,1940333903,1882948955,966741273,562019834,-998062259
3,10,0,3,10407,2023328668,-1152763947,-374912637,-1745400590,619341204,-110701126
4,10,0,3,10407,2138162424,564742620,753462505,1408996482,-1202539112,677770875
5,10,0,3,10407,1978971483,-1331354048,1951459433,1094139007,-1054065276,-879178679
6,10,0,3,10407,-1952614618,2098362353,-739578062,-1361994417,92689738,-1365788583
7,10,0,3,10407,-2087062315,-1177498658,-906691809,-1521523185,1344442034,1480650220
8,10,0,3,10407,1728849971,245424430,487314970,862197286,-1699291534,-1388337859
9,10,0,3,10407,-581969454,1915055934,-1081733653,-391064487,438815513,1199409482
10,10,0,3,10407,-2015892173,-1642406470,-1605969184,423174871,-1241688615,-1475080061
1,1,1,3,10407,222530190,-1924475994,-268982822,-1088964847,-1067670772,779958858
2,1,1,3,10407,1191373094,1468128828,74773914,775857863,-581463372,-2128532439
3,1,1,3,10407,-319696589,-1867071377,31119945,-1534021204,1073064946,1221322421
4,1,1,3,10407,-530044795,-177707176,-1800241117,-795529563,-579840558,1699226501
5,1,1,3,10407,1811845063,84742103,1772107836,-261992788,-1583913438,-1510636492
6,1,1,3,10407,475675604,-346924154,1466152352,-2123047873,-2066486220,1931142091
7,1,1,3,10407,-2126056724,-1248757285,-175069174,41020040,1235426331,-1816734536
8,1,1,3,10407,-839439942,-600437917,-1342590265,-1009606005,-2127087856,-1227587862
9,1,1,3,10407,828041809,-1185549772,-1549199099,1685900122,13964189,481180136
10,1,1,3,10407,-433771439,1882907028,-730794417,176940727,-1229940104,407306423
1,2,1,3,10407,2031194956,-937353839,-1085002945,-1912090622,1890621268,-930783843
2,2,1,3,10407,-377387691,356318112,403992026,-1708871544,1146413528,110023773
3,2,1,3,10407,954816287,-1158392217,370384519,1714046816,1188215418,187230449
4,2,1,3,10407,-1881711358,-1803506002,-988808910,2134764874,1481345458,1485754954
5,2,1,3,10407,393901171,-2121432110,1012226827,621542591,1337049299,-710543589
6,2,1,3,10407,470699009,2140571572,-1280110350,-1138646515,2077356246,-1797874629
7,2,1,3,10407,-844280725,-1460169107,767981864,101661201,-1904163854,519817791
8,2,1,3,10407,-1669959486,-219214047,1644125070,2115306819,-1417721925,-810731014
9,2,1,3,10407,1985896238,128851741,-2044482663,1004504309,1800385249,1775004124
10,2,1,3,10407,-909555770,-1840338452,-1634127738,-1215139936,-658209372,-1020166668
1,3,1,3,10407,-112733426,-1066749787,-28737455,1788789717,-1413185199,-1775139924
2,3,1,3,10407,76154787,1843903173,1417211626,-569274345,-662214409,496522251
3,3,1,3,10407,113016569,167562081,632020808,19584082,1074391980,1775104000
4,3,1,3,10407,-543846534,937462664,194161185,-1183998429,-1193056623,1763476087
5,3,1,3,10407,1602182111,-77094302,1830796815,1025360437,1714682723,-1029467001
6,3,1,3,10407,1838007141,1863931352,1029775629,880675493,-30578553,-744246867
7,3,1,3,10407,-1226235964,400027804,-1557791792,-1271417362,-72916529,1297155851
8,3,1,3,10407,572608087,2095991861,-1989207804,2112586472,-19035171,1648292995
9,3,1,3,10407,1775824837,1945984177,1279718043,-2038935843,-1974421694,-2079815965
10,3,1,3,10407,143690862,-736250061,724826344,349209847,-2022749272,2004806422
1,4,1,3,10407,-1657956119,-2135199833,523002638,-687096955,-2100806631,1475171520
2,4,1,3,10407,-1070425802,1913774439,-29845888,-2058846719,2001914062,-1601059005
3,4,1,3,10407,334684163,569328802,-1960828507,1555404508,-858633599,-1665201747
4,4,1,3,10407,-638064354,667963976,-393051999,1796886712,1366156657,-732737045
5,4,1,3,10407,-2012307754,-1521218562,-1358785734,1249256830,758840236,-1956808583
6,4,1,3,10407,2123191850,-1386004816,-1914829832,1758234640,-1910824451,995223689
7,4,1,3,10407,-413398324,1995555003,-1029831434,-74627956,563025805,-1186449879
8,4,1,3,10407,-744295056,378823322,-1006977506,2027707645,1105825835,-1680643520
9,4,1,3,10407,1443815426,-1601594948,-1378092983,-1441789829,-640498004,1713886303
10,4,1,3,10407,1742262150,1207651029,715962837,-753958382,1958455236,-537408569
1,5,1,3,10407,-487849830,1641107580,-106527392,-2042412591,-191828686,-1805489411
2,5,1,3,10407,1516128437,2061491024,1836931652,-1071801657,-1499542135,-157629251
3,5,1,3,10407,-1369584623,977707987,348926578,1488546511,1954316299,1007586094
4,5,1,3,10407,-1001224182,-825873947,790727932,-1468558670,709699938,-861070062
5,5,1,3,10407,-252758474,1501641477,811031335,-639972907,414061483,-1570833745
6,5,1,3,10407,172704785,-474002086,-1412504130,-436123629,1340721251,-993411763
7,5,1,3,10407,-2125055803,1421341272,-1855365316,-41868452,-619739617,318597204
8,5,1,3,10407,-568298737,1946629441,-470589444,-1695149003,-1648883882,-656772854
9,5,1,3,10407,259042294,-1788907118,-1025683492,-118969456,-760724337,1867234354
10,5,1,3,10407,696358224,-157059174,239118357,1678491081,-1552675978,92762874
1,6,1,3,10407,-600026157,-1876015540,-1467773322,-551277345,1481776500,1924010458
2,6,1,3,10407,45233356,-1576521274,1174291630,-1041637021,351399757,132342826
3,6,1,3,10407,-565392212,919899172,-1450730574,1338265705,690092297,-1145627308
4,6,1,3,10407,579214829,-2090121195,-1010139010,-1068296270,-1913511946,-1293317916
5,6,1,3,10407,1649469957,992475021,810385697,-1169649234,-302824486,156941734
6,6,1,3,10407,-2119760768,1337181541,-1189705235,44798607,-2019616910,-1936626447
7,6,1,3,10407,1707355258,-1851080941,1803672196,-1439962204,1656305591,807517314
8,6,1,3,10407,199636278,1426115342,709565826,-1454160169,1871375953,980753800
9,6,1,3,10407,807352448,1317239615,1405045514,55478579,2008365599,-1020625090
10,6,1,3,10407,1940160146,2011836149,-1073523493,1280800972,-2135619747,-2016910161
1,7,1,3,10407,1865831710,616464690,-1168859058,1646173171,-875381333,-186001877
2,7,1,3,10407,-157271243,2135538267,2080145941,90512486,592251668,1278365380
3,7,1,3,10407,-1765881826,216423359,952411761,-894358892,1294107749,-1087001395
4,7,1,3,10407,-1685637299,-379009258,1534065969,-1080006801,111369376,-537056476
5,7,1,3,10407,902191710,-1174427185,1831881153,-1681701299,2084637666,-15760634
6,7,1,3,10407,202573525,1554344788,-155052346,1111960825,-1335842312,-1959161661
7,7,1,3,10407,2111331855,1216150688,-1198872491,-973888448,321544626,-2062169123
8,7,1,3,10407,-1546462497,-135038533,-1971262531,-1543557522,2115355995,709771671
9,7,1,3,10407,706311134,-1792027949,1020982506,2017239325,1946213561,-771832000
10,7,1,3,10407,1559578618,801564366,59063524,-1736686416,530141199,-1696643310
1,8,1,3,10407,-1490239151,-1360584153,-166953170,-1646832762,1255288545,1007327604
2,8,1,3,10407,-303255717,1456498297,70621681,-627407998,-1848488584,878969146
3,8,1,3,10407,1847899583,1440705773,-2124193648,811942380,1649855962,1375088583
4,8,1,3,10407,429065661,-430387892,1383796840,222049509,99739539,220239430
5,8,1,3,10407,-906555199,-781678069,1876636673,1382914269,-1756426366,1368531263
6,8,1,3,10407,2073599629,-335605847,1854287434,-1842251925,1348347863,-1642427088
7,8,1,3,10407,-1486352562,756934354,1779094904,-1437278242,-387229644,1202377870
8,8,1,3,10407,1922094567,-701152312,1455870768,1629154718,-461182465,179524805
9,8,1,3,10407,742070941,-1607827201,1753617389,-325886861,140264495,1744601674
10,8,1,3,10407,70314881,-1142597337,-27058382,-1453309609,-687425948,-1156117914
1,9,1,3,10407,-992442533,-1620302154,-2131639574,913269878,318883895,-264535126
2,9,1,3,10407,-1914893866,1037179404,-1545082958,-687228768,-1747420269,-1232992687
3,9,1,3,10407,583345190,183609371,-807182284,199883312,-1870008546,61795204
4,9,1,3,10407,-788356493,1580910551,216145985,-1128758638,-2110128679,1741249778
5,9,1,3,10407,-2035936900,-1688354249,1032821618,1452838632,-1697554044,1021605783
6,9,1,3,10407,1043182969,1188350032,-1532445895,1973991231,1576375063,275570900
7,9,1,3,10407,730636476,-644051101,-513414043,1450415948,2095624553,423600398
8,9,1,3,10407,375738358,-712823550,201420417,-1370616427,398665565,1531374898
9,9,1,3,10407,-455469865,-61935410,1602669716,-550326202,1176102741,-1696308306
10,9,1,3,10407,2122012839,936249034,-237368404,1476925263,-832469649,1060657312
1,10,1,3,10407,-1833797691,1377358937,-1255732826,1494874390,1941069929,795918313
2,10,1,3,10407,-690327412,823311367,1337781207,1049193317,2064856752,-917312557
3,10,1,3,10407,-1503607042,-1328573787,700525049,840902864,-171469984,1285655993
4,10,1,3,10407,-274029443,1150883604,-1177971932,750692259,1097407614,-1122292821
5,10,1,3,10407,1278816118,1069492297,-866475252,421894170,-1606340237,-1042636947
6,10,1,3,10407,1945401019,771441835,584655916,1560043486,-1057576971,161834566
7,10,1,3,10407,-1414392528,-1677883403,-180399424,-1096314715,-1115467671,-1958186692
8,10,1,3,10407,-1460336169,639050355,-151755598,-799487173,1452411260,-471054484
9,10,1,3,10407,1152125242,1286358378,584690551,1055482385,27404805,707973472
10,10,1,3,10407,1241710009,1378376034,155675128,-1775915634,1482645605,859022253
1,1,2,3,10407,-492216872,991685675,1224820196,-764966931,-1912002893,-96734389
2,1,2,3,10407,1149267010,279271697,162486373,-1545949759,-415964088,1608337369
3,1,2,3,10407,892171755,1690073922,-958311848,-105229492,1311075309,-1101817970
4,1,2,3,10407,513295389,-1780343658,2095966657,1400577493,-1945043043,817235261
5,1,2,3,10407,-2082211868,975784738,851509628,-722370043,819996182,-395194395
6,1,2,3,10407,-271873895,807208443,2048309234,-43150465,1425738064,1961529732
7,1,2,3,10407,869830246,-1006985618,-581375847,-1010310320,2036282912,-1875310601
8,1,2,3,10407,1487658076,-1696894270,-757225820,1952656377,833134757,1157055818
9,1,2,3,10407,-1338667391,-965879937,1614429208,82684767,1205394601,-1819333415
10,1,2,3,10407,2130862722,29806972,-1123835344,-556744580,266528756,1461372133
1,2,2,3,10407,1583247592,499867455,1143676397,1458331675,-1822353666,-1219065727
2,2,2,3,10407,489300255,364686963,-158089738,179729676,1715516531,-1534685972
3,2,2,3,10407,521312437,1218134192,1194537629,-640280399,796348368,692195595
4,2,2,3,10407,-1385577611,-491572464,-1828361817,-1209177601,-1618287737,-886408330
5,2,2,3,10407,313810879,6408388,1042461039,203386520,-196616336,876383161
6,2,2,3,10407,-1472531702,-130156787,-1181651489,-1576204008,430246884,1032078900
7,2,2,3,10407,269320542,-1348844841,-1156071511,-1123017044,-270617949,1138798745
8,2,2,3,10407,1668109547,469493065,1647718373,1537049748,-1677614132,-1485690588
9,2,2,3,10407,1612689729,403437858,577132745,-1574935093,-425072264,-1851775298
10,2,2,3,10407,1399105859,1271460012,-985634758,-16509457,1033610105,182789054
1,3,2,3,10407,963257464,-2133639462,-1217140744,1110995091,-1954915357,1722403375
2,3,2,3,10407,-536794204,-709654516,-2012122447,-1056081142,-930823010,1798250095
3,3,2,3,10407,-562956408,1310888297,-611186507,-2070642529,-340177038,722640607
4,3,2,3,10407,730100645,1914895089,1975801002,363960160,-779873483,-331023122
5,3,2,3,10407,-1752698899,-724919173,1536648442,1122321078,52850759,-216833912
6,3,2,3,10407,1611964598,-1844781262,-1990681224,-1415039557,-639402171,-1699565183
7,3,2,3,10407,145637408,-1112413778,179431356,1080219025,-1009554958,1713389167
8,3,2,3,10407,563068690,470479857,-789471422,799882768,1517326558,1626699267
9,3,2,3,10407,1128482624,2079318278,-646085205,54726354,-1571833739,-1240834994
10,3,2,3,10407,308741142,-790172083,826281315,972800047,-614923784,-123638778
1,4,2,3,10407,-789872502,-251020121,841402157,-196154084,984236782,1019392340
2,4,2,3,10407,-1310601225,-1818342789,-522509230,404563036,-469634629,517928086
3,4,2,3,10407,-891433659,-478999121,458406402,1194552248,167315258,-341812729
4,4,2,3,10407,-1146430999,-1504698080,-759500514,-1359128501,187878270,-1891821836
5,4,2,3,10407,-1072440365,-35465620,95669456,-1518840395,-372205558,-914383279
6,4,2,3,10407,-634407351,-1119457222,1293768964,825186101,1127824040,25234336
7,4,2,3,10407,-643096520,776461919,-678866773,-874633045,-344886502,-1173249775
8,4,2,3,10407,238568001,1757442913,-1304529446,1886342104,770680491,1283119805
9,4,2,3,10407,-164154390,1686451036,1271444579,-1213954470,-491946836,-551860525
10,4,2,3,10407,1671454368,1862052480,241689334,659338461,1461893183,-424101102
1,5,2,3,10407,1410229353,1256423112,1681934698,66803059,1281192566,-564309263
2,5,2,3,10407,1976427938,-345978379,127800573,-1061012031,-1616654507,1848788330
3,5,2,3,10407,-445678830,-992852578,-412971480,-640961550,2070164530,1895281015
4,5,2,3,10407,68789951,737358164,333403822,2143680034,330222752,1151884795
5,5,2,3,10407,-1703628483,-535041637,1573396967,-378457580,-1905165680,1461425545
6,5,2,3,10407,802928212,679212156,-481930554,-39498196,-329847662,-372589303
7,5,2,3,10407,2050953605,-323523313,-121886096,-1318585360,-390121367,-323598552
8,5,2,3,10407,1867873018,1124634073,-45244322,-1947453023,1417638675,95364221
9,5,2,3,10407,-710225375,-68350228,-250759928,-2136002633,1831144179,-946959691
10,5,2,3,10407,1019599743,-185749221,2147110118,1975346033,1603739925,-594251899
1,6,2,3,10407,-2134199176,-788604881,-1260979115,-349723515,279569923,-1436249035
2,6,2,3,10407,274890793,1569640649,245735875,-2003180264,806934961,1249606089
3,6,2,3,10407,567850501,-2117906068,1964163015,-959451218,-394715964,854236954
4,6,2,3,10407,-1839985166,-779930832,-1112480256,377043016,-402940780,523926
5,6,2,3,10407,-480875178,-536819656,-889738016,144045874,1462586201,305850139
6,6,2,3,10407,555414999,-1646330940,1813224580,688649036,2756842,-1234244282
7,6,2,3,10407,301710267,516551606,333251224,-665940631,1509059894,-1172410223
8,6,2,3,10407,-1113552955,927326172,-1458674252,-1877681920,-861424168,-1339033912
9,6,2,3,10407,-1837005315,1721853380,-1629549738,-1137101508,540619686,1917778040
10,6,2,3,10407,1329328167,-1320504540,-1766305198,335138904,-1463401299,-221052658
1,7,2,3,10407,-658349894,-1248561566,-2118607424,944112632,621792037,990965635
2,7,2,3,10407,353054453,1993331873,1024817525,642602707,1189529441,-1546222470
3,7,2,3,10407,-195929163,-283936559,1323321976,831669434,-1874650052,-99665078
4,7,2,3,10407,2118333576,1647315044,2015837630,1960419513,-1475446735,2030831134
5,7,2,3,10407,-203727787,-823527387,718844646,-701459236,859227757,773300398
6,7,2,3,10407,-2074644695,636722623,1498859337,2082686726,1503820584,498413211
7,7,2,3,10407,376821186,1999129243,-520393040,-2062808021,-987106713,1815207251
8,7,2,3,10407,-689527112,-1683326086,559209254,1710055016,-1978113595,-2134720389
9,7,2,3,10407,606501304,-884960994,-449721376,-525371493,-1872531883,1640741776
10,7,2,3,10407,1583179347,-1398746769,140750627,-1690779946,1307531541,-1961820893
1,8,2,3,10407,18818753,-290475922,860746157,1150379353,-1040854174,1416477850
2,8,2,3,10407,1133047736,-1307753964,1142441609,498735523,833094739,377642411
3,8,2,3,10407,2076085463,-238325425,1332389404,-227581381,-784337328,-1346148769
4,8,2,3,10407,426229365,1595123230,962655866,811998195,-1397176975,-1438178340
5,8,2,3,10407,930008829,1127025146,460762489,-375500286,162292211,-721448483
6,8,2,3,10407,230649330,-1463548966,-1631632546,-1438288666,-1787896708,423876030
7,8,2,3,10407,-1143233014,1010719111,-1650076473,-1130384494,-1507297897,1058371138
8,8,2,3,10407,1352004875,1083687928,-447227121,-1676866092,1376350669,386757946
9,8,2,3,10407,-1804264679,-1665478074,530961539,713772758,-994495490,568734405
10,8,2,3,10407,-1257766373,-1338251058,1332202638,-1332491613,584682727,-1926604985
1,9,2,3,10407,92157043,-727738364,281162080,-1484491873,-1585132476,960406526
2,9,2,3,10407,446146000,-1575357645,505933103,278408999,-1662285220,-1876213345
3,9,2,3,10407,674361916,888264051,-512060790,-1843885365,1440163478,-1979842673
4,9,2,3,10407,1867296184,1890619688,1967712226,-131322402,-1517434052,1255777397
5,9,2,3,10407,842691763,-225991532,409587392,-724713134,806231212,1032268876
6,9,2,3,10407,1770284581,-1039624133,1848525252,-1681790920,-1810221336,-8258139
7,9,2,3,10407,-693268442,226027087,-1579551218,277050220,873767795,2104027958
8,9,2,3,10407,-1433865922,11749652,-285882513,-1336694029,-1410754233,-1065623734
9,9,2,3,10407,1748714106,184444227,-888454461,-86170744,-316052945,-734400795
10,9,2,3,10407,-862317079,-1125046968,-759859629,-208894089,1947571698,-1694864417
1,10,2,3,10407,-238188804,-2109142096,840398598,-1708935272,-2014910989,1002216982
2,10,2,3,10407,1153243956,-127381155,-1854979734,1254326068,693730493,1548313248
3,10,2,3,10407,1526991750,-979299729,1892449608,-251286688,397679792,2098394796
4,10,2,3,10407,1978203951,-149711542,479710457,-24451525,-680538176,719510612
5,10,2,3,10407,1310731781,-1820126997,2064374382,944292253,725196373,1044148497
6,10,2,3,10407,933636373,-317870338,1276384608,2009747305,1040005440,-1830756522
7,10,2,3,10407,1017150185,-1446029279,-1197884916,146303284,-1161085319,-516229550
8,10,2,3,10407,-789897162,1444433718,-355682028,-982654380,348770586,-865559773
9,10,2,3,10407,1921995350,-909200572,-1379325942,-2000086340,-168109589,755601823
10,10,2,3,10407,-319060275,-1234851527,-268477111,1329825284,385910527,-636105022
1,1,3,3,10407,-1467563100,826381346,1103605826,1421515425,-1949765291,1959532638
2,1,3,3,10407,2123981947,-2046070908,243317369,-454550468,-1698698505,217429225
3,1,3,3,10407,-1397644220,-854870819,1861019365,170645694,1918768093,-1742984098
4,1,3,3,10407,613279333,-200630382,1083694036,1062013547,1774137503,1747778517
5,1,3,3,10407,1233308685,1953602756,2102627654,1464718031,-1358970353,2045984231
6,1,3,3,10407,-1357679105,1342311324,-849879696,-106570311,-856427524,-153629162
7,1,3,3,10407,-1142052064,118507079,790279196,1759008289,-1042096588,-738650356
8,1,3,3,10407,1780709946,-545904437,-1751513042,-1568618915,1823672427,-827476502
9,1,3,3,10407,430373596,1147445119,-325834658,-1070343526,-1744696128,1803099681
10,1,3,3,10407,-855023252,-403392668,2075248206,-777677049,280883851,-156669498
1,2,3,3,10407,1768870892,1256874219,-678009114,-1078055262,-730884934,-2027830237
2,2,3,3,10407,1754097719,-857490956,1671623417,666708079,-1406853080,1809956071
3,2,3,3,10407,-241496438,-1733167180,-1679593764,-905185045,-2077123523,-1829145927
4,2,3,3,10407,1060053526,1191933916,2085172167,-614782682,-1997726793,-1882496862
5,2,3,3,10407,-1082931840,2098047284,-110778509,1149411123,805690714,-639514912
6,2,3,3,10407,1424461299,2112100115,-176864651,1408919712,1511910077,-968259020
7,2,3,3,10407,-1480148571,226056942,1079079068,185181247,1059866690,-596251773
8,2,3,3,10407,541042317,1537555784,-1738505280,746319796,-538739155,-1108699876
9,2,3,3,10407,2017404216,-1876312330,-1910581874,501053980,1094986521,-314502651
10,2,3,3,10407,776449947,175154696,-285226115,-1449535620,840692961,-1988842294
1,3,3,3,10407,-1456910233,-1915221365,-2118934395,-589089021,-882304442,-2060810187
2,3,3,3,10407,-132685907,-384527045,1982178574,648982209,-1755759891,707066290
3,3,3,3,10407,1048116598,579754563,-2057343135,1320627913,-853055639,-224405711
4,3,3,3,10407,-862603649,-1278867040,-1712234808,-2017634887,-2057427301,-1202565673
5,3,3,3,10407,1880834573,-644012714,-1866920658,-2116347847,854022813,-1206388235
6,3,3,3,10407,-762880380,-600264508,-354567492,-1541757913,-729575317,2052969500
7,3,3,3,10407,-1716207576,609384660,-857476502,-1526843116,1602039420,-837653546
8,3,3,3,10407,304289839,-582074110,-663348229,-1822840412,-170467285,2143794565
9,3,3,3,10407,1834029532,1816439225,1428224903,-1617239586,2081006687,635771528
10,3,3,3,10407,-1959402952,142398624,762811306,-1011303159,751016282,540878581
1,4,3,3,10407,-634102105,-2136012474,-265884796,612480181,1412756936,-1814374027
2,4,3,3,10407,1032745675,1988212014,901291586,-1560419329,2030783347,1347831018
3,4,3,3,10407,1315121104,-1953119576,1067245871,2082065903,549774285,-443617635
4,4,3,3,10407,1538477155,-1994240014,-1385225272,593857261,-1181671797,-980856129
5,4,3,3,10407,-1261126601,1893276026,1905372432,-1956774359,-1164402805,745564484
6,4,3,3,10407,-146230153,595231997,1518758413,-584823075,1291306195,-1968381964
7,4,3,3,10407,1975309611,1503825869,-625066064,-1160893995,-165530522,-1663872090
8,4,3,3,10407,-465040753,-709218884,1742030829,119917195,-1480663065,1308369993
9,4,3,3,10407,-1126045073,463236889,-1082459109,-1181911762,-1815517997,-565384296
10,4,3,3,10407,-1668830484,1009726631,-1203461792,-948777715,-717130884,-1203245940
1,5,3,3,10407,-33488517,538726693,-1373858234,-1389632046,1019497282,162627330
2,5,3,3,10407,-1563199441,-2086505629,1421971098,-1109833128,1843255405,1125936596
3,5,3,3,10407,592066730,1838908007,-894419246,-1112045848,-286543344,-312523989
4,5,3,3,10407,1278901360,616622424,1790182849,2037018999,-1650165059,-2043878403
5,5,3,3,10407,1769276940,-1055967922,1461813477,2116801933,2044644403,1259744589
6,5,3,3,10407,2019814574,1855151788,-1144288508,-1937246724,1924390575,-961337848
7,5,3,3,10407,917677039,357096351,110261028,1026354881,1870602677,-889172595
8,5,3,3,10407,-677892777,-235997840,-1963435904,985192154,-220161895,1003471966
9,5,3,3,10407,329613137,875239785,2138941586,1642157477,-1921102248,-2106487231
10,5,3,3,10407,1253951910,634584250,-753021613,-887673673,-381895099,-2029810867
1,6,3,3,10407,535013455,-1109398042,-1874725493,613965713,-1628836862,-1539982908
2,6,3,3,10407,-1153710209,9088298,586651554,-237317798,7334442,1942685588
3,6,3,3,10407,166224367,99493116,-448433033,536344777,1673477108,2080155924
4,6,3,3,10407,812512840,-160615061,269327739,1660793190,-239509062,-1276337784
5,6,3,3,10407,-134897706,61665660,1999515725,-1137855676,-693184782,271580172
6,6,3,3,10407,-261740449,-1632719138,-1592802017,423426583,1158998155,-269635321
7,6,3,3,10407,-755501837,1939891674,947847121,971343573,1062965560,89699250
8,6,3,3,10407,1774657701,-404228166,2105651031,1620568318,63627133,-22088043
9,6,3,3,10407,-1192703439,-749504682,-1244650390,-57341580,942377423,192064459
10,6,3,3,10407,-329420111,-1189384520,-207334637,-1682538067,-1905142170,-360749613
1,7,3,3,10407,-1122460990,-2123604035,-2091173393,612453292,-1829259059,-1901910292
2,7,3,3,10407,-1769837702,1459419780,907793388,-19427423,670335459,1538394478
3,7,3,3,10407,-1828291170,1789880351,-921634839,-1442235477,-876271998,-1840547003
4,7,3,3,10407,-1138896987,-2037095617,958946651,1522742050,-2113176153,-1039393634
5,7,3,3,10407,338115290,1920850833,464472271,1542045100,30778896,-1066426676
6,7,3,3,10407,1531522491,-1906101891,53036159,1276929941,484826051,-7825245
7,7,3,3,10407,798714801,1484658596,173994763,1773931098,404803086,-2042535250
8,7,3,3,10407,1486426980,1503452423,1433689652,1536398099,-996250413,-2045597595
9,7,3,3,10407,-295657098,136656196,1324798266,567275889,-1447792791,70662026
10,7,3,3,10407,-682187601,-396663324,-1174227517,1048569597,1931818828,652963214
1,8,3,3,10407,821267944,5608423,-1518618556,-2091187282,-163045624,133485542
2,8,3,3,10407,-336975675,992169472,-157649410,-721170283,-1359116976,-1332431312
3,8,3,3,10407,405711424,-826211351,-927050820,1479434461,1040315848,-1513055488
4,8,3,3,10407,-1769223301,-1305123066,-1649980095,-1479502892,-1153573711,824499962
5,8,3,3,10407,395996788,550386663,-159195929,933130489,-1408856875,-1769133132
6,8,3,3,10407,1634425390,478151082,930170677,-1877546975,424876508,333661440
7,8,3,3,10407,-1350611003,-1966918712,1118294682,231600809,2019832369,474726862
8,8,3,3,10407,-1027503338,2144125212,-1329866754,-1389271863,761019369,-257617139
9,8,3,3,10407,1185260956,814923124,1814331351,-1551461245,-264868126,-1120037174
10,8,3,3,10407,1427866851,648963007,-1072800062,2052648325,-2033600419,1807552514
1,9,3,3,10407,-1560993031,-2002235208,-1821004952,-560789966,-73004599,-1596747634
2,9,3,3,10407,-1981069183,-37409139,840147160,914423179,-1928776902,1058261067
3,9,3,3,10407,-861128608,2139526384,-264396989,1432561399,1055133725,769826080
4,9,3,3,10407,-450499515,-264804515,1011700706,1296968726,-1719266216,707108625
5,9,3,3,10407,-1106715296,413254423,-1969966684,-1891563540,-281375713,-568733175
6,9,3,3,10407,-1233575538,-1719890703,-616296372,1005966667,-582235642,793520647
7,9,3,3,10407,274155185,-311651232,-2136457762,1854556112,-1624189824,1277406702
8,9,3,3,10407,34708779,-1419675970,1980192133,-662357883,1687472791,-1334292529
9,9,3,3,10407,787208637,1679240005,482100916,-110971998,1542179336,-447446927
10,9,3,3,10407,-1964418280,1169615031,1127500926,-1586668164,-1499759222,2002528328
1,10,3,3,10407,-176503645,900852044,-140168510,696805872,397117046,-93892033
2,10,3,3,10407,-551846269,238233434,-1228526819,-301525128,1275071916,-2054600380
3,10,3,3,10407,-333482527,1966495443,-400971005,1471170497,-348412761,1146671402
4,10,3,3,10407,342471766,1229509127,-23777908,-508877853,-896407788,1906174707
5,10,3,3,10407,-1284248470,-1346887050,-429112292,2143486329,-1405448245,-686923020
6,10,3,3,10407,446388556,-596157670,-283546331,-1155272322,916110323,889608157
7,10,3,3,10407,545586460,-1792911525,167092244,595436147,-651955134,-853190327
8,10,3,3,10407,-648813849,1648868654,849601988,-1478665935,-204872389,2028885948
9,10,3,3,10407,-1216084439,-1698795240,901678016,-116392369,1373922391,-2069785442
10,10,3,3,10407,-413759004,-999560180,-1407567784,1421911714,-767977515,-1767269008
1,1,4,3,10407,-858984371,-2124663518,-500913707,-724883937,-961111996,2107696262
2,1,4,3,10407,1198727695,-1718244284,-719070353,1556952752,1227284642,665287837
3,1,4,3,10407,-1452416766,580845703,199093141,555000907,-1481134190,-1961935381
4,1,4,3,10407,-439332211,425025304,-383639063,-354746486,-1000259088,-743212638
5,1,4,3,10407,63322226,-1879970716,-857569720,1513831582,-147888086,1841570625
6,1,4,3,10407,-2005327324,297497453,-1806231666,849103926,-741076483,415100600
7,1,4,3,10407,421742969,1363009110,-1934562354,1485223978,-2075872698,217327308
8,1,4,3,10407,30904975,-799778344,-233136661,-767219815,-316122829,-442109061
9,1,4,3,10407,-1079028434,-430359124,-599309476,-181052244,-520498684,-1967577650
10,1,4,3,10407,-184797142,491837210,1064481660,1580702600,-1270623528,633496508
1,2,4,3,10407,-1208051075,-1643089200,-507599314,-891894240,317035307,668154635
2,2,4,3,10407,1821609662,1636028874,561386193,-229182884,832440938,975635915
3,2,4,3,10407,-1442100620,-1955664939,-1665180221,1260768008,981408245,2118968779
4,2,4,3,10407,401015542,-373478716,1124540185,1808676195,-1487166758,-1763966179
5,2,4,3,10407,1102436630,-1319588509,-1844357439,-1936461535,-1998272960,-161266066
6,2,4,3,10407,311299231,-1659821137,-271520042,-786146247,1642536836,-1921782011
7,2,4,3,10407,1688240561,-1271224036,181373814,-1383137988,1606767907,660663047
8,2,4,3,10407,-2035530051,1709944907,-195391948,1926468275,1445849329,1494680094
9,2,4,3,10407,-1467560107,-1059180567,190125044,-80489855,2105491889,2075216564
10,2,4,3,10407,1160001355,201062138,482505365,2047250187,-917444743,1467013295
1,3,4,3,10407,-969465788,1157718877,1634307719,-1658991243,729288676,-690093774
2,3,4,3,10407,-209056273,190602026,1868906474,985474524,-22310792,-1444955946
3,3,4,3,10407,-1605205449,113142644,1642437214,-337983310,-1242725715,-1544071067
4,3,4,3,10407,1833731308,-1520643826,507116362,-1327499034,554832370,1758342057
5,3,4,3,10407,1915171897,1800322526,1972438260,-1455412172,1830644190,845128901
6,3,4,3,10407,750929772,-1021536677,-1482217875,1638066822,-1841452716,547041241
7,3,4,3,10407,607663567,-22066129,1980485404,-1735214221,1225410951,-1169550788
8,3,4,3,10407,1772949922,-33858483,1707717148,-1312072989,451709975,1237394876
9,3,4,3,10407,1003303570,-61518420,1394441471,251163974,1935389972,881095838
10,3,4,3,10407,-1172496794,1692448023,-762524587,-1841619101,-1104964142,313537888
1,4,4,3,10407,125337243,-421031950,1416311958,-391471762,-1548683704,-859874634
2,4,4,3,10407,-1375224060,-299518634,888919335,-1910039315,1556356599,1808939053
3,4,4,3,10407,537180326,1158723551,1000002819,1778581476,-124974437,-155523289
4,4,4,3,10407,-1779686388,-223671512,-1394844247,423106011,834557685,-916439639
5,4,4,3,10407,-1936675952,1469114549,-529072595,-1769270230,-2492537,895819854
6,4,4,3,10407,1821771068,-1739343080,-81335385,-1419485941,-1691750124,338691040
7,4,4,3,10407,-1756844778,-648673237,1678081999,1822429944,-132691288,-1955450206
8,4,4,3,10407,1113652737,1756927367,-594642051,507990810,-1442231009,-1031386184
9,4,4,3,10407,1665442112,1145442737,263261116,-2115785911,1311450458,1196767166
10,4,4,3,10407,-883444027,-905140539,735410207,684463717,1700265069,-1017778171
1,5,4,3,10407,621634197,779984994,-1937983677,1708592228,-728534604,335668444
2,5,4,3,10407,-1940686360,-1202495301,-1536737991,-1725143985,-1943989518,-1554962444
3,5,4,3,10407,1295673348,1186707887,-761484265,-1408660291,-1194803706,1575361684
4,5,4,3,10407,-1187239469,-782437935,-1549926468,1687972004,376618987,-710535000
5,5,4,3,10407,-1344477937,334383444,-6216775,-2042066386,1970822330,-1075530101
6,5,4,3,10407,-2103347055,-1715882484,-550042845,-1935495885,-867427471,-853424050
7,5,4,3,10407,-1506789365,-1156132386,-521477144,1209806851,-932069891,1782555753
8,5,4,3,10407,-647204859,-307596345,-1163100780,1996270996,-387062333,1320712465
9,5,4,3,10407,-1144689535,1348264852,-1839827978,931279454,2031300246,-1077940968
10,5,4,3,10407,-2025547189,1827028485,933622884,-1507307668,1618742778,-1773661213
1,6,4,3,10407,4743009,231590289,1609357355,1762103325,1078099444,-1752784469
2,6,4,3,10407,-1869647194,944053298,-171110490,-632580258,880768182,-1128545123
3,6,4,3,10407,1325254579,2028681546,1112019488,1608790518,-1811814589,1167654193
4,6,4,3,10407,391410916,586464984,604376417,-239044831,1104902130,-1710233617
5,6,4,3,10407,1121222368,-1041828047,372984430,-387999889,1633342949,-2057101733
6,6,4,3,10407,1226163078,-1165363885,1266851384,832412038,1285221074,1360521437
7,6,4,3,10407,450954998,1106400343,800528347,-1539883214,-1461597317,794213864
8,6,4,3,10407,-622451887,1487242679,236979377,408489889,899049386,-1643842244
9,6,4,3,10407,-898490838,1361598313,859759437,41321450,153558492,599098184
10,6,4,3,10407,933001198,-759485341,1410941852,-1752983777,1288519941,-1163136045
1,7,4,3,10407,671854465,-1713175379,-136741312,757439508,732642719,2069904362
2,7,4,3,10407,-1372792719,1963090268,-1022639924,-1899847623,-1989646320,-1604264850
3,7,4,3,10407,-1937253082,475361144,9588366,640365848,1781453893,-293934651
4,7,4,3,10407,449039642,-1224658157,1369782114,106183652,-1675131264,1216755895
5,7,4,3,10407,1646943967,-1244485888,1811354533,535035301,902134827,1548194945
6,7,4,3,10407,48465334,-1691382730,2021257779,45288060,739100671,789271496
7,7,4,3,10407,185849419,697367440,2000506749,-687491664,2099844088,-1243012824
8,7,4,3,10407,1037460030,-951339957,962882640,-1452315838,789382509,-905226252
9,7,4,3,10407,-343646671,278539888,367910434,290909500,1717369127,2023807462
10,7,4,3,10407,-1515221663,870265235,-1627248327,-765602451,698362159,-2020670367
1,8,4,3,10407,2022555889,-261511143,1895369707,-1242028822,1775395144,1981292061
2,8,4,3,10407,817902170,-1016503267,-1856429027,1422369129,1308159846,-406417456
3,8,4,3,10407,1851644834,-907668433,-880655936,-1438267856,1068656684,-540631894
4,8,4,3,10407,569258846,1707485931,-235400198,1423182677,-716095028,-1405229330
5,8,4,3,10407,1736667915,1632461116,-1920929082,-891477479,-88653838,1336332830
6,8,4,3,10407,-1489518771,-271937872,2116943873,-925508581,-1853669979,-1098356571
7,8,4,3,10407,-856520847,-897741957,200578909,1038613877,-112128111,631830645
8,8,4,3,10407,-492082891,506851531,-1128861829,1719051789,-1629212152,-1007622554
9,8,4,3,10407,-393392281,-177331087,280882309,-624620906,1990773311,1649570073
10,8,4,3,10407,1903213005,886541626,354938606,2022100252,1968009073,492541408
1,9,4,3,10407,-1459459262,809788912,585924949,1517645294,-779804680,1174178556
2,9,4,3,10407,-112847129,1046294053,-728980001,1676781430,-887605763,952514131
3,9,4,3,10407,-1025214128,837279424,1645596744,-1021220987,-1249602068,-210894185
4,9,4,3,10407,-439306438,1377348479,-2005825178,-843751523,-406587872,1830883196
5,9,4,3,10407,-1505799838,767053970,-1031098722,-330499856,2086426982,2064474463
6,9,4,3,10407,-1989894634,-778692170,-682365377,-1772099243,1176736119,1632716155
7,9,4,3,10407,1707616745,1770539278,-903110333,-407727100,1472694580,248396144
8,9,4,3,10407,2134344374,1212357916,-2126415508,250798120,-20969987,-1247101468
9,9,4,3,10407,285540830,-1249437494,568951286,-1363424767,951591432,-977710211
10,9,4,3,10407,676148946,-1113952865,-1778710004,-1511427903,-523030840,-1880362975
1,10,4,3,10407,1216135064,-1040760718,-353981438,490803263,-1441993848,1924737540
2,10,4,3,10407,1105039844,-2120505067,-424536022,-695390237,-1869037619,999716005
3,10,4,3,10407,1830815426,1326993832,-746257527,347332192,-1176776189,995725339
4,10,4,3,10407,2036160395,-1483844341,-347893520,-1699388815,-484754787,94322628
5,10,4,3,10407,-1274746717,1512140121,-956690917,-1482010801,-274865055,2011203600
6,10,4,3,10407,514730366,-710217649,241724102,806429335,62322270,1420536185
7,10,4,3,10407,-1091315389,1328198592,1346754885,-1109648960,1259362399,-94816089
8,10,4,3,10407,-751655881,1894789378,420714106,-369998850,-973700090,-2065747478
9,10,4,3,10407,1385586716,632011300,-241021892,173038357,511713785,1405673350
10,10,4,3,10407,-1545485982,1738284958,1229888676,1636530709,1085000289,-1773410417
1,1,5,3,10407,-2057754751,1121927665,-1231978353,-459834281,1937116677,-646528874
2,1,5,3,10407,742158104,1231774054,603381576,-16955000,1670642216,-1880171385
3,1,5,3,10407,-685655724,-1227737262,-1868599553,-1369140129,634042908,-1519108036
4,1,5,3,10407,-1929213201,1284659217,-1926239455,-1542935383,1690204606,-1699738595
5,1,5,3,10407,-24450894,-718670623,1114351802,644277300,-1084583080,793664162
6,1,5,3,10407,-1638622400,951365010,463053647,-272162049,-1961659454,-1304607464
7,1,5,3,10407,-956357210,-869349517,1815199940,178927453,-2100023896,-1395796238
8,1,5,3,10407,-1513381264,1105149004,-1441525259,-180746062,-1287112582,1598142531
9,1,5,3,10407,-853902455,-2065658250,290956699,-96080376,-421624809,405644630
10,1,5,3,10407,-1941622198,1015674231,380623539,-204197188,310486745,-914623594
1,2,5,3,10407,1875967261,-1669296712,-2001843917,1833521328,-1718137696,1462497994
2,2,5,3,10407,-23356356,1012089503,779734725,1239658064,777131751,532084175
3,2,5,3,10407,1073322709,-540261507,-1096924452,37155450,1039621830,1398269151
4,2,5,3,10407,109013860,926757837,1868016869,2090505029,-660116549,-816107396
5,2,5,3,10407,-1970382298,1602864472,-499137942,319552407,-2053506878,1817177212
6,2,5,3,10407,-404171709,-1307991157,-256995179,-2129367869,-96288628,-1363779646
7,2,5,3,10407,-1152885590,-1288042110,687527622,2100948527,-1225851294,837791519
8,2,5,3,10407,1331923259,640550814,638924700,-208683347,64246057,-313947678
9,2,5,3,10407,1902372469,-1320560756,26345352,-98930630,-30562081,220786100
10,2,5,3,10407,-2143255119,-1466821748,1837504603,-361679135,120889598,1758845780
1,3,5,3,10407,631803670,1793456794,-2113651489,1910885165,-1066020032,-206945844
2,3,5,3,10407,-1068931355,1982691694,-265759647,-1148619151,-1670211488,-1189811526
3,3,5,3,10407,-1443413285,-391062583,1791245962,-2132486572,-1581577600,-832512726
4,3,5,3,10407,1459131503,-1592110342,-1253922510,1169318943,-1845486695,-1777035223
5,3,5,3,10407,-832116882,1841041589,-2108242680,1325645880,-100859594,1291105700
6,3,5,3,10407,-1592980228,-1247561235,-77349222,-1707449930,493379383,2034815124
7,3,5,3,10407,1275411875,-967880898,-621422203,1753367099,-1798381672,-1185048560
8,3,5,3,10407,1741643141,-587525452,778659845,1342635898,-1063736753,1037447331
9,3,5,3,10407,964757798,506257324,838095399,-298710270,-849124087,-639714993
10,3,5,3,10407,-1669043760,-1019764072,800482214,-1771697583,-1195929876,-383420652
1,4,5,3,10407,-266708124,565483398,471687179,-1863858695,1110096525,-1853726103
2,4,5,3,10407,1528833340,-574953830,371108579,1935194511,-332667956,18838161
3,4,5,3,10407,-1760723328,152123648,-172692686,-1358143342,1359836289,-1003918563
4,4,5,3,10407,1723547202,-2055103826,-943935828,1437086152,99330222,1552991278
5,4,5,3,10407,788751637,-1362994980,312037989,-94155148,-827095157,2077391478
6,4,5,3,10407,1491427352,201485235,-90077907,1748175385,-1171821936,-2053164639
7,4,5,3,10407,224732469,-933233255,1801924030,756878531,556285735,-653619171
8,4,5,3,10407,-1673039591,-125363343,-1888616988,-1492881466,-2056057257,-695055960
9,4,5,3,10407,2070958920,-490371361,2102016571,-303164353,139121573,-1389941437
10,4,5,3,10407,-124004869,49821406,192099928,-1250581279,-1765347620,1756349089
1,5,5,3,10407,710525371,1844736060,-54562960,2042446832,-1082615738,1334848668
2,5,5,3,10407,761859779,1555174705,-925837370,806982283,-219871668,-1080078139
3,5,5,3,10407,-198422005,80124601,1233374053,1058049700,-41756477,467046244
4,5,5,3,10407,-1500304785,-1348648768,-1316431604,569333426,2142350518,1067769161
5,5,5,3,10407,-1212190054,-1033189819,-1956629288,1826345265,-364632420,1345315663
6,5,5,3,10407,-271277582,2035479044,1797413692,1157562289,263458711,983930575
7,5,5,3,10407,-1749484579,1730309835,-1421998538,-257560106,-507035210,-480936861
8,5,5,3,10407,-1501931728,-2087146304,-1519567316,-1334377028,-607564276,-1972325755
9,5,5,3,10407,2072637734,-1907606732,-1555461508,-1960480274,1956959361,-2047994976
10,5,5,3,10407,916520272,1551417132,-772438704,-306931301,307100668,213661970
1,6,5,3,10407,-22830843,-277876655,1482695595,47088477,-944361762,-1918231698
2,6,5,3,10407,-232222721,-1659842247,1465670393,-904697093,-1705998562,-2098645414
3,6,5,3,10407,-481958042,-695672713,1435115569,-1011171867,-2109897649,-1409316366
4,6,5,3,10407,608644127,28523631,-1860805504,984402188,737661492,-2044010507
5,6,5,3,10407,212176250,1290055131,2121783629,-915145384,2075603086,-643576458
6,6,5,3,10407,-585094601,2066999137,2012474647,158737146,-1809950536,-681458871
7,6,5,3,10407,-738227375,1699305540,84893214,-1455532935,559634489,1782889378
8,6,5,3,10407,1257330089,-1263590439,2064838679,792638443,521479410,-314079959
9,6,5,3,10407,179843992,1393202625,-1900727321,-1713580740,533960220,1741625847
10,6,5,3,10407,-1649379979,-406917430,-1379385022,416070313,-181536410,-1057696744
1,7,5,3,10407,-459782384,-848975923,1488818444,483498637,-1784860027,-795196439
2,7,5,3,10407,313884308,1397733756,-1246308962,1230836345,1206664161,-1690912046
3,7,5,3,10407,-471137229,1805350743,632419946,-109305777,1158302497,-32844345
4,7,5,3,10407,1505840421,515661979,-599877613,-957572867,-2122338102,-1135465106
5,7,5,3,10407,-2095099314,1247929841,-452600952,1505806424,-206004623,-1421866303
6,7,5,3,10407,-496382957,-1835181188,458473801,-501825319,1170843682,-1360273397
7,7,5,3,10407,-1825615996,-711832835,-89265504,1818708175,-144114975,747086896
8,7,5,3,10407,-1055859487,-1272593087,755008186,955594748,777114563,-1535386116
9,7,5,3,10407,667451518,1457762992,206794624,1170953765,-2103346981,1430298978
10,7,5,3,10407,612923853,-822935192,-821762008,-205621630,699116039,-1564588017
1,8,5,3,10407,2013417712,-2003722126,-1616298958,1702212590,-1033958164,-13311307
2,8,5,3,10407,-2109703473,1578072894,1631416012,-1618565873,268683198,379255368
3,8,5,3,10407,872377862,-1112689521,-1653703062,1092283284,1722417612,1702715791
4,8,5,3,10407,-1636004829,-1705402841,1036978427,2133026374,396793401,1534355717
5,8,5,3,10407,674560442,564582209,-254845825,1463016774,-779129816,15847361
6,8,5,3,10407,1367444118,-1485202623,91246882,-1866831767,868895240,-677608646
7,8,5,3,10407,-880976156,725240563,2139359480,104928873,-392504512,1085301201
8,8,5,3,10407,-167405011,-1829731202,2009376533,514147138,1536456830,1674974328
9,8,5,3,10407,1456985361,1697185923,1682072624,-2061621713,-322496159,1203856662
10,8,5,3,10407,-239486741,457459439,1679374156,-1026346887,1782275010,971363328
1,9,5,3,10407,2016302379,-363803610,1100490226,-1598993768,943740592,81713331
2,9,5,3,10407,-1088533332,1466261734,229499847,-1544570677,1236669597,-1369676278
3,9,5,3,10407,-1837450469,519613027,1522991152,-1142774852,571802638,-598223118
4,9,5,3,10407,1502736437,-1013353925,1891648243,-657788907,-1794327913,-805047791
5,9,5,3,10407,597749705,-711633322,-1076961630,808863380,-205751234,-2073183637
6,9,5,3,10407,544473490,1080840518,-32757013,-419778132,-1607384600,1345075917
7,9,5,3,10407,778392535,934459479,508789686,-125054056,324812559,-657518605
8,9,5,3,10407,-1620438559,1538478009,-1071400306,380245388,1048613077,2136496527
9,9,5,3,10407,252871638,-205128018,353878320,925698907,-1690819281,1366346328
10,9,5,3,10407,1177321655,761455342,-1782772674,171433466,-1899384533,-148345502
1,10,5,3,10407,-1870064929,759498947,681737006,738314104,-293053030,387176760
2,10,5,3,10407,847577961,1987395976,-480772970,2113235354,-844078805,-1234535706
3,10,5,3,10407,-494839662,-112682662,1941170256,596485916,-216542002,-1445928209
4,10,5,3,10407,2010498847,972867791,699663508,-846438388,530288030,-1810638582
5,10,5,3,10407,887951124,-735746501,-164724632,-525099844,-4868576,-800599338
6,10,5,3,10407,-506547001,-1910458473,110505568,716962545,1115930622,-391831472
7,10,5,3,10407,1623300058,-2036310898,2069979688,-595256585,-115411619,-820381251
8,10,5,3,10407,1543465316,-285952219,128589634,475728130,-836733193,1014680937
9,10,5,3,10407,820902491,1586160722,2080631616,-879929019,-157788975,-2041293205
10,10,5,3,10407,-98713875,-408790500,-666419954,-743468929,1496855993,624544209
1,1,0,4,10407,-32523201,-61106328,162075092,1760384456,-1275435289,65435990
2,1,0,4,10407,-161746625,335902816,349722427,-151928189,-795421461,-78117552
3,1,0,4,10407,240186147,-994543768,-1610426000,1989681905,-1942833613,-1039905288
4,1,0,4,10407,-1388610100,681531907,-572335478,1709311960,1924990381,-289970176
5,1,0,4,10407,-253048310,2090588600,1657437791,-656513705,1528879021,2095386786
6,1,0,4,10407,-789253116,-637532156,2091233252,-2134418534,-1950360724,-474788321
7,1,0,4,10407,797606026,82582985,360339526,378257829,-952659341,2045320880
8,1,0,4,10407,-485369633,1795291773,917507982,666889375,22612205,-1131821506
9,1,0,4,10407,-920845567,1526051441,1091632672,-1289413577,646734379,578916173
10,1,0,4,10407,-2089906931,-215585372,-1016952263,-2090584590,363378082,1451108746
1,2,0,4,10407,1851783014,406795456,-824611304,550313493,953949068,977660120
2,2,0,4,10407,1889998004,1747380063,-1178525373,844226842,-829798130,1932373576
3,2,0,4,10407,-358212694,-966049491,-1885260243,1083825375,-244102913,-1160876872
4,2,0,4,10407,460238981,-1123010951,301817306,1364804681,-1383645028,975425967
5,2,0,4,10407,1076176133,-1969361174,-1268873779,-2030907643,1878459226,1174467657
6,2,0,4,10407,22118341,1604713992,-93912191,850050722,-861298594,1167282758
7,2,0,4,10407,736969898,-607518760,-223884338,345203493,-27298012,-1537305356
8,2,0,4,10407,1671494525,769661678,10095774,717368732,1408415380,130962579
9,2,0,4,10407,736306569,1760412034,-818676070,-1683342569,-755275938,452283671
10,2,0,4,10407,1521382515,-711520197,809565646,351477921,1821563102,1694788336
1,3,0,4,10407,723577190,-1409172144,49252625,-69219085,1616980537,138681401
2,3,0,4,10407,-228927400,-997372155,663071080,-1720640873,-1672641165,-1311504339
3,3,0,4,10407,267970133,-274996476,-119116649,917751313,-1333727160,-1043432348
4,3,0,4,10407,1177477113,-2075497748,-1911451267,-1777926143,-610478015,188762871
5,3,0,4,10407,-90026786,1134899516,-1476178197,1375769950,-1990676096,1946483327
6,3,0,4,10407,1150291912,2104543377,-1399101837,-964379214,-615333518,-810408510
7,3,0,4,10407,898182241,2000964340,-327548259,-2132554290,289961252,204332761
8,3,0,4,10407,1315950685,-1996838321,-1020766279,25421736,-24780353,838491830
9,3,0,4,10407,-2135807609,1539279321,2080660396,1809396791,-1757692981,1469278238
10,3,0,4,10407,1488959170,-564623859,-1385331546,726046243,-1181211779,1614225719
1,4,0,4,10407,-279911608,-1218355759,1421422453,-791871811,-1752903385,-1706110940
2,4,0,4,10407,382215656,704042876,1466494143,1183837972,-1154856221,362119988
3,4,0,4,10407,-212245902,1181906873,-103467872,-1132611692,711855772,-2023252061
4,4,0,4,10407,-1988285334,1391790504,533148424,759289082,-1844762215,890683138
5,4,0,4,10407,1915148533,1948545938,-2009263298,294152441,1241142044,237731429
6,4,0,4,10407,-104212008,-1882466057,1864897005,-639875708,1307431667,1636188921
7,4,0,4,10407,83359212,1690810879,383516997,540357475,-1449125881,1321287875
8,4,0,4,10407,-2128698433,-2086215842,2107619155,-1017812319,-1304536130,-1717198828
9,4,0,4,10407,778181265,-1750978991,1078326718,108788233,-1366096214,-1081943162
10,4,0,4,10407,-361609484,2126640407,406585293,-2120697617,-837336797,-162613473
1,5,0,4,10407,2106194650,1533538403,1038308268,1133662601,-1314768866,-1452336822
2,5,0,4,10407,-420531143,-931526623,-1879665854,-645794534,423356866,1085466211
3,5,0,4,10407,291060964,1653499682,-330235023,1262414071,-1905953105,-909477790
4,5,0,4,10407,-2021416932,-1802132555,1382212114,-939101216,470535263,221341494
5,5,0,4,10407,-1316879868,-1340189039,413692472,-1021089873,-804688844,1343371295
6,5,0,4,10407,2099277174,-1438567576,1315066889,-1833909569,759338379,1468001043
7,5,0,4,10407,183699442,-1225681273,-764555507,-140987691,818783529,-229157274
8,5,0,4,10407,368046633,-1563110900,222975778,-545210639,-649759149,2051243425
9,5,0,4,10407,-559754229,1623279361,-365567249,1882183874,1417009294,-1064745826
10,5,0,4,10407,1199932088,1077313359,-826019909,-971194256,-1649172439,1298566052
1,6,0,4,10407,-947224235,1598029302,-1434690996,-383217964,1292161574,-1420734623
2,6,0,4,10407,1885349509,-1409916645,301966734,-1309647114,810184807,1359948754
3,6,0,4,10407,-1960306603,2118323426,637318202,161104017,-853717583,1384968993
4,6,0,4,10407,959689220,639576642,-1038626272,-243281207,596952639,-1116717726
5,6,0,4,10407,-1276376569,458204782,-1975794224,1322714109,-1225734122,2096665718
6,6,0,4,10407,-1464265391,291882896,-321457945,-2140789551,1710327856,1724833463
7,6,0,4,10407,625622098,1428615101,386355245,1518089428,-1109912858,-83232403
8,6,0,4,10407,-357106980,1444377639,845440065,2123038351,-790760636,-1040564779
9,6,0,4,10407,1612192854,-291263458,983300646,8269850,-1658977109,821069839
10,6,0,4,10407,1131613323,-374012332,-2045989208,1727764290,426699570,-262038434
1,7,0,4,10407,-393690532,-1409412279,167404128,-1570727793,-212564456,2105947659
2,7,0,4,10407,-1667058015,-1093314803,-258422067,-31451716,338547082,991829936
3,7,0,4,10407,-224586903,1831208254,1740943798,-1116576658,1976442669,2080603176
4,7,0,4,10407,268821901,708120414,893800064,1198786605,831722796,255321072
5,7,0,4,10407,-229190359,-925790263,-1733992838,1285478921,-745460169,657970454
6,7,0,4,10407,1004276570,1621349506,1144825009,-1615161914,-248556004,-1991174280
7,7,0,4,10407,227657021,-599638825,505129308,-1611585966,2112356863,-1156959516
8,7,0,4,10407,1729378422,-1853630176,-2005212856,804124689,2126668864,-240125881
9,7,0,4,10407,-1214360261,-372761623,588244262,-694282100,-804259426,-1678772992
10,7,0,4,10407,-1857336092,1823105968,1432527495,1218141010,-91343854,741360613
1,8,0,4,10407,-2030568842,-261260012,1093908259,-1139832015,-172648489,2068932923
2,8,0,4,10407,77401820,1449258597,916993533,-1103689103,-1085386299,-747044262
3,8,0,4,10407,1229808116,-410619629,-1916635793,-330749473,-309832039,-1030845145
4,8,0,4,10407,-1357362130,1592779688,-866056003,1588205715,1497478099,1939650762
5,8,0,4,10407,-1897315465,1896058827,1237926647,-391243733,-134914724,664911895
6,8,0,4,10407,-1482109642,1075450626,-917386877,173919499,-1721297416,-1885328365
7,8,0,4,10407,464983471,-909811329,-1079356593,-407684738,-498010305,-542783057
8,8,0,4,10407,417600414,1763422879,-46523286,-1736127926,767769108,460712453
9,8,0,4,10407,-876724862,1789633113,-394030165,1646444377,754594422,-1030148854
10,8,0,4,10407,-79076300,989376168,1560787746,-415366610,-2117142122,1844894247
1,9,0,4,10407,353708057,-968942547,1225149740,-1046259466,-981258904,1517273869
2,9,0,4,10407,372573479,-243536590,-822446108,-1407601972,-2046749823,-575001276
3,9,0,4,10407,-425132492,-296786150,-1620233355,-526537437,1975272413,-1295073329
4,9,0,4,10407,-1466491564,1220075272,-1093983839,1677711033,1411569881,468707042
5,9,0,4,10407,1389466817,1289220931,-773269569,816666358,-502132688,1117411370
6,9,0,4,10407,50977286,-1877882912,-323575403,301719509,898332744,884503873
7,9,0,4,10407,-939255321,-220154196,63916105,1306244455,-718797064,2036802111
8,9,0,4,10407,-1682617583,1184898665,-1343632196,266525217,-168907315,107264887
9,9,0,4,10407,925058803,2109295079,1463047967,-1931454951,-1253825442,759998898
10,9,0,4,10407,866314821,1600081174,571572400,435163983,-593770935,502194482
1,10,0,4,10407,-1031569006,-1605505345,-1140190822,534792515,-206238282,624747051
2,10,0,4,10407,683450553,1752773426,1856174331,2136791631,-1279908549,-1747932000
3,10,0,4,10407,-754308336,1623715164,-458462152,1621989388,979524977,-989511495
4,10,0,4,10407,1212295567,950532078,-2111906761,-1694320305,-645980958,2043031029
5,10,0,4,10407,-1276323736,-2029128709,1383704289,-746564135,702231333,167040862
6,10,0,4,10407,-1758512555,-155248714,1060094868,55513795,331964064,-1126718819
7,10,0,4,10407,1532513656,-1153123359,-1496258524,442230984,853663587,455851016
8,10,0,4,10407,-1631582309,-2081692233,-551897977,-1871260394,-562713472,2131834621
9,10,0,4,10407,1467850018,827273225,1306212343,1991869232,556542463,-826961535
10,10,0,4,10407,-1835643118,-1286531786,1658467200,-908126445,-210898289,736880077
1,1,1,4,10407,-2096676153,1766540734,332313251,492122658,-2092080177,-285615432
2,1,1,4,10407,2008625893,364592876,972861781,1383172896,105581158,-1402370905
3,1,1,4,10407,-729950826,-1586558787,-353984846,-1285447510,838856433,-237415185
4,1,1,4,10407,-797046364,879289890,1388838020,259555139,-1564233085,-416751213
5,1,1,4,10407,806994241,-734838587,362554150,-2123188891,-69564502,62282530
6,1,1,4,10407,979026776,438989822,477896156,1908865220,455219497,110616917
7,1,1,4,10407,-1358488510,-962692362,460208281,1362900151,40803000,820729436
8,1,1,4,10407,-733298848,1937937606,-1510207204,699176188,1356411538,-209974485
9,1,1,4,10407,-610945658,1714461708,-386834397,1865727376,279449236,-202652213
10,1,1,4,10407,-509558570,1808728388,-1971669297,-201654436,407399007,-329073799
1,2,1,4,10407,-581574587,1670358236,-605714327,656835574,930792163,-451748873
2,2,1,4,10407,929605665,-764088912,-1915537853,433025844,1197133809,1509491378
3,2,1,4,10407,-1286985535,-1488934132,-1529532449,385309374,-1223720738,2042807294
4,2,1,4,10407,1345930025,-1551644078,202457698,992463587,1027640755,-1479798272
5,2,1,4,10407,416340516,-621450527,-882864721,-537066667,898137931,126190530
6,2,1,4,10407,1455828251,-2073388869,-756637967,-343745909,-947387385,-1599064986
7,2,1,4,10407,-398240545,1608743689,-1047521175,536293656,624274556,-1585202271
8,2,1,4,10407,1728746710,22242681,1307604116,181953234,-1964978724,1710955873
9,2,1,4,10407,-144680756,-459672875,-1201437325,1288984674,-55574426,-1062123278
10,2,1,4,10407,-1154718485,1202932825,-732833329,2090350242,-202729408,-1332655350
1,3,1,4,10407,807032667,173194048,1293295092,443272726,-984382874,-737445404
2,3,1,4,10407,-403869756,-1672680313,-79412416,1457228080,-817115307,1761659460
3,3,1,4,10407,1405922071,-2015784532,778417644,-998725206,1611718141,84057933
4,3,1,4,10407,-1709585098,-510550063,-1911929819,-1663908707,-141908754,-1233630644
5,3,1,4,10407,533248083,-1313657705,-2020737784,635158630,881242103,326195469
6,3,1,4,10407,226641506,-836898235,208336929,-1630282215,-350382420,-1735559128
7,3,1,4,10407,-1306304242,165982484,-68705263,-1485348866,-1381390273,2080503069
8,3,1,4,10407,2074771266,-2021989249,-1475698668,242876557,-708954526,472726241
9,3,1,4,10407,-203278025,-1837372285,-1626635622,-331794,937825237,-885450974
10,3,1,4,10407,575595830,-457252044,-295913929,237857728,1905039889,1651025201
1,4,1,4,10407,-1656759729,-1407505811,2077030460,1396339207,-315810212,930666715
2,4,1,4,10407,265098401,-1880214667,1120341114,1860841462,-1213658188,-620058967
3,4,1,4,10407,17790198,1794183584,2064696810,1596913273,2009521983,1974176835
4,4,1,4,10407,2114772397,-1173893315,2044619886,2053604898,-1005060360,-210988439
5,4,1,4,10407,-516059076,1051196459,-1244240452,614177112,1068826676,1983804722
6,4,1,4,10407,739464498,1872611358,-435327394,-1033852711,-1527868676,1641532068
7,4,1,4,10407,-926793958,-862057656,-2130128647,-2063042375,-801417115,-626241493
8,4,1,4,10407,-2099292440,1345253065,1175672738,1409116617,1068996257,-1574369088
9,4,1,4,10407,-1588019014,-1657206720,1717904895,-2101082818,-661736367,1134185973
10,4,1,4,10407,39817609,-238024101,1536910976,864140191,-1731331181,853072834
1,5,1,4,10407,1978575969,726140148,-161041330,1904898134,1108159968,-380046209
2,5,1,4,10407,1759851773,-317880680,942271,-403426838,-1201274075,425030930
3,5,1,4,10407,-992837565,-1415481544,-240778677,509255218,1562657252,2089449007
4,5,1,4,10407,-1991926133,-1214807977,1557383033,426849712,-583751015,-1583361063
5,5,1,4,10407,-1072232959,1490044608,-1805152808,484237629,-692310769,228280376
6,5,1,4,10407,-2138996997,-1144455417,-1344646547,-282070922,-870925455,536041
7,5,1,4,10407,250651595,-676988487,295661534,-860207610,-380486045,-280532827
8,5,1,4,10407,684425232,-482097098,-1613803341,1391774062,1869737660,-1220160764
9,5,1,4,10407,2116124459,-493665379,1282155972,429878708,1354591279,333980298
10,5,1,4,10407,-229413797,815183438,-2113341071,543034941,1822630628,483170012
1,6,1,4,10407,-1273711842,119361321,-1550241043,356021798,734016846,334615298
2,6,1,4,10407,1290127122,10498419,-1787248422,850020561,1991989080,-1899186173
3,6,1,4,10407,-629971462,-2103613226,1329662354,508066570,368049358,-1045400750
4,6,1,4,10407,-143188028,230708774,2068009547,-483739151,-1820744528,680461736
5,6,1,4,10407,-1232675420,-2025609849,567726250,-516287683,-647208232,1941269195
6,6,1,4,10407,-1673631282,466238235,438170244,2040820884,-892483819,628712265
7,6,1,4,10407,-1460167978,997001266,-1081283893,-1272811723,-1014374931,-1549176251
8,6,1,4,10407,-33501004,-848200711,-1090013687,-1803718022,1818961034,-275753082
9,6,1,4,10407,906521510,-594830075,316046295,1787533790,546919851,1585734131
10,6,1,4,10407,-1501026041,650080834,1161394160,1742230678,-750952269,31957427
1,7,1,4,10407,175085120,1026337726,1555979729,-368835389,1227307120,1912773389
2,7,1,4,10407,-375802171,-1269357172,-2011692737,-586053127,-1238505047,1205670790
3,7,1,4,10407,-1864249154,1017708031,-2071526896,-1008622424,1705382009,-373076383
4,7,1,4,10407,-278175557,1951811871,1499416446,46182801,1820401041,-326014378
5,7,1,4,10407,-1223071887,1702839005,1956818661,-1593034006,-875343043,1483549896
6,7,1,4,10407,1108946900,1677910139,-101578453,1334034132,-1034904426,-1722712425
7,7,1,4,10407,-77524434,-1566973920,786313193,-1466587239,2009950190,-1765399458
8,7,1,4,10407,-1447794532,-608069306,-141801071,-140250564,652504514,-791899770
9,7,1,4,10407,-226439387,-1077879334,-1036029192,1303716631,379432400,281525858
10,7,1,4,10407,1299784156,589894659,275535656,-2025856620,1654815462,-1005721464
1,8,1,4,10407,399545941,1157568780,1448418783,-1921931692,-1068439481,276516892
2,8,1,4,10407,639658729,-564794942,1633958225,-1955108345,-476832056,-717205964
3,8,1,4,10407,-586215990,1913515629,1030342438,261646096,-1065839073,1428416136
4,8,1,4,10407,262675439,-1407533590,1307337968,821409101,-1519358573,1877340586
5,8,1,4,10407,-617480015,-2139273321,-1621137870,2012963230,-1653456451,1490248520
6,8,1,4,10407,-1503125786,827442725,-1708463448,772974191,695685764,-1235071820
7,8,1,4,10407,655991023,-2097790526,-833296460,-99608917,-864962560,-574916765
8,8,1,4,10407,548849266,767720308,-187648940,1417271032,-872555880,1078015605
9,8,1,4,10407,934917758,-97169182,2055295602,-81816179,-300583135,-1325370244
10,8,1,4,10407,1823192866,1594754579,-101439227,-717664261,-376010867,207476374
1,9,1,4,10407,53544249,-34957235,-1181261235,1291022289,1724497566,1540795903
2,9,1,4,10407,-473234397,-1524312522,2038309733,-651320711,-583000812,-1146100484
3,9,1,4,10407,-1725752489,1985669441,-2143635008,847275492,-943499117,178681041
4,9,1,4,10407,-1600839130,-56781341,-114746243,44599421,1830433945,417623619
5,9,1,4,10407,-1351289761,-2117265508,-315608181,-1847610890,1798259189,-2076828652
6,9,1,4,10407,1963519280,-1890171089,-2001917334,-215689371,-73897932,382814161
7,9,1,4,10407,442962513,-103761310,1412535215,1476964286,-2134921834,-1331228085
8,9,1,4,10407,1345338352,384982846,-1922721407,-1010000641,-1250566172,765869020
9,9,1,4,10407,-1232230305,-827792958,-617325089,961689767,-947475361,1198012558
10,9,1,4,10407,507506712,1805412915,580228941,111504468,1424062065,34782233
1,10,1,4,10407,-1239712020,1238000279,-91114267,978236865,-1457606727,-1275854366
2,10,1,4,10407,42991612,1463473185,191854224,-1330831435,-1153553031,1053142644
3,10,1,4,10407,1386595186,1506741601,2090447263,-1980021780,-1139521702,501515483
4,10,1,4,10407,513606883,805055915,1579528175,454740250,70209153,-2137832327
5,10,1,4,10407,-1293254499,-1002871002,1730664689,1270084112,782366674,346968824
6,10,1,4,10407,-1214953353,914776435,-1238364083,-148247414,-2119250800,-1890567089
7,10,1,4,10407,-1395179191,-1641550663,1000696473,-1496282955,-1258243196,-1273472029
8,10,1,4,10407,201291487,907930238,68474085,1754601631,-1770491503,-1575052414
9,10,1,4,10407,-1227204537,-932340988,1778658416,1152149362,1066728581,1335619168
10,10,1,4,10407,1835345556,1916944216,1655000335,721264997,1819305718,-466113171
1,1,2,4,10407,972218662,-624269203,688465709,1038864414,1463260343,-34928246
2,1,2,4,10407,1813896441,715512303,-782237450,-588073234,1633867680,-202006344
3,1,2,4,10407,-979846181,1406357819,-447922857,-1198544440,1203590570,568630083
4,1,2,4,10407,-35038893,-945987248,280292709,1713341965,617651305,-419091279
5,1,2,4,10407,-2091801399,-1421606247,-1282143242,1985369173,-1281172344,724148837
6,1,2,4,10407,-171194385,1090536637,2131706861,2054900410,-232516257,235098596
7,1,2,4,10407,-1211691052,1060774912,-491388102,-1686026580,-669587606,1538946693
8,1,2,4,10407,-1274179753,678478251,-1856635719,-441221525,541784160,1422268943
9,1,2,4,10407,-1023237934,-1835326273,1489468220,-1829689593,1995129045,1243551880
10,1,2,4,10407,-1064854786,-239030037,52367646,256193018,770711147,-862407691
1,2,2,4,10407,1370292082,1129365535,-526063502,1546302864,-664602046,978373197
2,2,2,4,10407,299797629,548248259,1906195950,1141608351,2004404085,1399914416
3,2,2,4,10407,994599173,-1138314967,497202026,487885509,447698927,-2014453147
4,2,2,4,10407,-1591254057,1993138417,-42165962,1331824307,-1909138239,-610585221
5,2,2,4,10407,-1969198875,753716534,964422880,1851165946,-654586804,447246832
6,2,2,4,10407,-110620406,1822212229,1146307575,731619224,2006864753,-1378993035
7,2,2,4,10407,-1789958930,-2015098523,-2075453476,1062689416,-157678513,1479010666
8,2,2,4,10407,940075841,553525354,-965986433,-260818316,836332572,-1974193697
9,2,2,4,10407,-86945756,-699978312,168372396,-1717822268,912654960,1482366413
10,2,2,4,10407,690930287,1102124790,1422683157,-1403575251,1651824670,-1462859171
1,3,2,4,10407,-1516419133,886778858,-1222659583,1810108844,195119355,1062871608
2,3,2,4,10407,41212144,236393335,1117905869,71923019,1236675794,-1306865926
3,3,2,4,10407,439666194,1893603907,1875307647,752549070,-253218597,27188889
4,3,2,4,10407,802814338,-527270552,266764980,1032096027,608477055,2059726552
5,3,2,4,10407,-635824512,-90173044,-1143232742,606310999,636313373,1702399974
6,3,2,4,10407,1446535689,-630254089,1508933900,-970480664,-1225511687,1384187704
7,3,2,4,10407,-1947991839,94415950,326134383,-788689604,-1601262322,535500487
8,3,2,4,10407,944871403,-173916352,1561961492,124122699,938881519,2077958002
9,3,2,4,10407,-1461286399,-358189649,814309035,-1463916005,1084269351,-494466891
10,3,2,4,10407,-300412956,-1925577992,568432658,1002257996,1645833625,556171449
1,4,2,4,10407,-1559182548,-1104809775,629843566,841235874,-599111903,346694882
2,4,2,4,10407,1194399977,-251319794,-281432209,1063203089,-1004441517,-1512813434
3,4,2,4,10407,-40598682,1972073533,-673034994,1818374108,-1155853164,1143563362
4,4,2,4,10407,-1273581886,1673617745,-1747466299,1057482260,-762197589,-143731783
5,4,2,4,10407,406535585,763890151,-2108552823,-1892831096,-1241778499,-1363898928
6,4,2,4,10407,1090670691,1685710756,-838977757,470700965,-273760870,-486392639
7,4,2,4,10407,817790534,178302549,-1050924996,1514714241,578159486,-1540200645
8,4,2,4,10407,2045816791,2112269757,620667471,-2109130886,-1868870034,-1687776171
9,4,2,4,10407,1529792805,-1453197377,-1218445730,-1492083473,216602979,-227995022
10,4,2,4,10407,1012191656,82195320,1793057516,1165054467,-216929657,-1294121124
1,5,2,4,10407,-613682856,2050584076,-236326018,204932548,1885607300,2110543005
2,5,2,4,10407,-801623910,-1433787341,600184468,745529896,-1329711023,1421535325
3,5,2,4,10407,-1763702162,257886659,-972005389,-1269166741,326864639,539361044
4,5,2,4,10407,731920066,1224780782,-1811585486,1981377670,-1984363422,-655347685
5,5,2,4,10407,1158911497,630149573,461424927,1475523541,187555859,870563048
6,5,2,4,10407,1924973863,1493763668,1501878987,-1067011001,2016552093,1608387635
7,5,2,4,10407,822696777,2019685938,-235743519,-899783509,1094841941,1869222055
8,5,2,4,10407,-1150858391,-2022634583,-2120648257,485665884,-578777918,-1426941356
9,5,2,4,10407,1596402293,-743556047,-128139259,-1374673920,-901284742,-1987639980
10,5,2,4,10407,1262579008,-895780530,-1857761510,-1018913024,763589648,-297906088
1,6,2,4,10407,1860219174,-2049920176,-931738690,-797438816,-1638283196,2015071709
2,6,2,4,10407,1591235941,-1485979550,1001684111,218516629,1133641647,85759702
3,6,2,4,10407,-786156434,632772869,-1380850733,1219673765,1637486975,1734807420
4,6,2,4,10407,495107300,-1713921617,-275501348,-233374739,255029924,-1571287996
5,6,2,4,10407,-819988803,1956530335,1622982125,-422916090,1838687746,1378753559
6,6,2,4,10407,1818334621,121114928,542966860,-1480702770,2126408079,-1082941885
7,6,2,4,10407,1004280728,1269396798,489347873,1710151218,387835267,-1486028335
8,6,2,4,10407,366684015,346787161,-1929854854,1823914431,1692235168,1961629501
9,6,2,4,10407,-1297528035,113694243,-1225493358,234400486,1608057670,1576790139
10,6,2,4,10407,-74395806,1086700417,-134646805,-1970500654,1221597288,-700278904
1,7,2,4,10407,167054189,-1016922250,2041135633,-1196696567,-2132009129,-1613051377
2,7,2,4,10407,-1575356576,-698426828,1969865762,-1326529449,-21266867,-740210894
3,7,2,4,10407,2076429979,-1776392422,-1657648747,1560057806,-1781426371,-2020733939
4,7,2,4,10407,299132712,913040965,-346858367,1863607888,-1748627508,1175257571
5,7,2,4,10407,1392801144,991931747,-1284662808,-1436271916,1604525607,-897690794
6,7,2,4,10407,1234818963,2040090146,2142140874,-1387891782,892395873,1552409867
7,7,2,4,10407,1617000853,-1639273285,72628335,1215369123,1991664121,634137075
8,7,2,4,10407,-1122494277,-783905310,-138983710,1799853361,-1941263751,1494310920
9,7,2,4,10407,-1867959037,465093197,-838808906,1189759589,-258153741,1744819704
10,7,2,4,10407,-1868533738,-1980075459,1674874944,-1737953185,2124618724,527096709
1,8,2,4,10407,-1820124199,-1897500412,-270044623,-449045195,-393459461,-1955747963
2,8,2,4,10407,656054005,974143991,-1985184612,-1156480664,1151112898,-204085862
3,8,2,4,10407,198592412,51527801,2142793860,-498358083,-1629348556,1945018046
4,8,2,4,10407,-1802889984,-241569933,1427509504,-894522957,-797025317,-698806394
5,8,2,4,10407,-298748405,-866556139,408192117,264557337,479611063,-570845366
6,8,2,4,10407,-576918184,1807176056,897966377,-1399980984,858716945,1441359365
7,8,2,4,10407,1524006195,-412097940,1959734644,1389601041,-1184263701,456276482
8,8,2,4,10407,533888023,-1302167066,-722178534,-940287078,-779486966,-1326009629
9,8,2,4,10407,-894779348,1492280665,1482880872,870108088,-2129749066,-1552807849
10,8,2,4,10407,335672510,637871930,638232911,888515487,1002712244,-161363
1,9,2,4,10407,-162464166,-275367645,733276899,-822543122,-353885411,1150174174
2,9,2,4,10407,1808667774,-1660295573,-1557300335,1152563130,-1817770280,-562214035
3,9,2,4,10407,583598669,18464960,1820040064,-1862435190,1227854455,1493233135
4,9,2,4,10407,-641008756,-1890563659,-1682223212,-1994984137,124965410,1193046057
5,9,2,4,10407,-1515092902,-971114763,2138208117,872405362,-473397185,-1228269477
6,9,2,4,10407,1791481703,838855872,537485635,-1422137232,415070150,-2035993441
7,9,2,4,10407,-737912079,-648329662,-1542895706,-2108675682,-278726719,-300114809
8,9,2,4,10407,-2105806400,-616167493,2076415503,609020758,531665989,-163234803
9,9,2,4,10407,-1779671134,1164224863,-2044978833,-1129417836,-468766666,1868604865
10,9,2,4,10407,1858468421,-1282410138,-439387038,-450653489,1262970259,-291424215
1,10,2,4,10407,-1696432652,190508157,1815973606,-2128406901,703429708,1938254626
2,10,2,4,10407,1054882882,-1790223288,1767011509,-570634467,-1236556678,-168009970
3,10,2,4,10407,-2116087206,469384083,-1940982839,1135801445,1578332404,1560931222
4,10,2,4,10407,-1011352899,1589328858,936760533,-1610275345,2123689452,-722376818
5,10,2,4,10407,-1117505105,1224485798,-536637340,582658230,1760561968,-2096097138
6,10,2,4,10407,11994099,-1785788148,-1968555402,600888355,661495926,-842763754
7,10,2,4,10407,-699234519,1238266715,-724451437,-432170424,667597275,1464813675
8,10,2,4,10407,-489940175,-1921338509,-696868807,-2069960227,-1404616379,651301851
9,10,2,4,10407,428654897,1622648030,931123456,-2119911820,488379584,1654160131
10,10,2,4,10407,-829474056,-716186900,-2102838978,449312183,-158226615,1288628299
1,1,3,4,10407,325317555,2095686719,432446603,-582541333,-1523285257,-334666039
2,1,3,4,10407,-216738711,-1235687305,-1825459046,1193997788,2016003644,-1148873411
3,1,3,4,10407,994111601,339863889,-1052947551,-1669172551,1621029122,1216246927
4,1,3,4,10407,-900098171,440696147,1992532486,1203469577,-1594978161,2110491229
5,1,3,4,10407,571989711,-944653282,62847087,1501184433,1502592311,1231472903
6,1,3,4,10407,-994679657,869022787,-677389764,1958374915,961551333,-907950886
7,1,3,4,10407,20460795,-1240444834,1692164179,1475893522,-953500630,1500193722
8,1,3,4,10407,651301199,-277636150,1656994314,1875745555,736955789,-1876353520
9,1,3,4,10407,-1543835266,-278829331,540563794,-1749737909,1847075847,-881101483
10,1,3,4,10407,1799394012,761676514,1536750406,207720385,-700692471,-2131004976
1,2,3,4,10407,-729353581,-1344007954,306335904,1291411021,-602399214,-440443900
2,2,3,4,10407,-768640143,-1504446289,-828797004,282838024,1734219611,-479581502
3,2,3,4,10407,-44238846,-574147281,-1714850633,-600724095,-1598913074,-1484151503
4,2,3,4,10407,-528834820,-41813427,-1565349551,1664467001,99171276,-1581823882
5,2,3,4,10407,-481451724,1330577177,-1387205077,1772081462,-339183743,-371004861
6,2,3,4,10407,-1731474236,-605804951,1527526241,-1552134823,-592355429,457035829
7,2,3,4,10407,-65725889,952325417,-260480953,-361445938,627721148,-684724774
8,2,3,4,10407,1668357747,765034331,425490555,423290143,-1029283225,199744538
9,2,3,4,10407,884201265,948664535,1823566005,1078563530,1379734497,-167973327
10,2,3,4,10407,-1416893433,-351691450,1413201924,873539710,-1038730347,136919275
1,3,3,4,10407,-1849463122,1888565778,1406108515,1950999545,273818127,567656206
2,3,3,4,10407,438849570,1800312448,1483358670,2147304876,-1399342712,-1123851684
3,3,3,4,10407,1310544750,1704230005,-539770676,-1003192902,443393674,-609355361
4,3,3,4,10407,1903604997,-1104346270,2055230398,711534306,-1854752001,2055685939
5,3,3,4,10407,-473749130,1275928751,1722790201,619545241,847905098,-877693213
6,3,3,4,10407,-492066226,598579135,-1314672416,-376370747,916625776,885017158
7,3,3,4,10407,-368402748,-1535162620,1019916323,-110379172,-1948268174,-1594957039
8,3,3,4,10407,1375237685,935816384,-1654122326,127987933,-1358344423,-1551720998
9,3,3,4,10407,1110842956,1383526408,1994550585,-178948335,-826093864,-727218257
10,3,3,4,10407,-286404476,-894323615,1721238369,1951691695,1844799514,-1249574917
1,4,3,4,10407,1573598188,1596605033,-1213178494,-1192404063,-1001130683,-1270048781
2,4,3,4,10407,-1485659163,-2069920832,-180544259,-317155640,894288658,-732210963
3,4,3,4,10407,1740253052,1202150670,1771226593,2034674132,-1588184775,-276495906
4,4,3,4,10407,-1204301475,753767120,-1942477818,933010269,-630585071,73282238
5,4,3,4,10407,2103842904,-108070807,1195262083,-548039825,1665001340,-1638383008
6,4,3,4,10407,1707983418,1676500113,1908788487,-2012911707,314743521,-1257168801
7,4,3,4,10407,-1543448367,-1026839767,-499854288,-1525110934,1707846277,918492723
8,4,3,4,10407,566618177,1423633791,-1166862510,1441661000,1908262788,-209892841
9,4,3,4,10407,-164366066,-1962742342,1563001295,-391821476,2058450990,-1798279251
10,4,3,4,10407,932261103,-857048418,1421632375,2087939243,-1194501129,2068302430
1,5,3,4,10407,575965421,-1305435485,228230228,303442882,2108541040,-751385965
2,5,3,4,10407,1186064158,-1485777023,1009137187,-860954466,-2035853993,2064884611
3,5,3,4,10407,1081429558,-114051752,2126429853,1610416138,-1884508001,-1619457500
4,5,3,4,10407,-1566105540,-1605549108,-1786278813,-1170797439,411625951,332123477
5,5,3,4,10407,-1733666138,-838007583,-485880355,1409135321,-1319157137,2002121692
6,5,3,4,10407,966990791,-426120559,-152267699,1156583824,435677375,765400025
7,5,3,4,10407,497366314,772423448,-570657177,1175553636,-2100071059,1298199531
8,5,3,4,10407,-1015111926,2133466872,-1106368250,-1209523332,-664992443,-105317265
9,5,3,4,10407,2018733251,-2094320406,-1969563282,-1130984906,1206122557,1964028270
10,5,3,4,10407,878388827,-1181242934,293844251,2137997576,807338211,-1895772351
1,6,3,4,10407,1716727970,-1525936559,-834740089,354781050,195229710,1646158896
2,6,3,4,10407,1226657242,-77375049,-261441718,-781651854,1409361990,701215477
3,6,3,4,10407,290525883,-831724395,-240578823,-1021880415,1123709756,1389470516
4,6,3,4,10407,-106579129,-315886859,1426331027,-1639385177,882414259,-1986083283
5,6,3,4,10407,-326595751,863255195,-1652519377,-613006749,-103378596,1555494548
6,6,3,4,10407,581654351,354725923,-662628526,-824172729,1738857657,-347470006
7,6,3,4,10407,-754604599,-1057466596,1336097262,-923258978,-334775691,-1643090621
8,6,3,4,10407,415142646,-1538087106,345153546,2052193107,1579913259,7699909
9,6,3,4,10407,843137386,387292808,-49714703,-1014198961,-874470763,962171395
10,6,3,4,10407,-522772964,541907641,-33228216,-2038263413,268669414,993613411
1,7,3,4,10407,-1577734098,-112163358,1382110226,22695105,922084926,-1244602294
2,7,3,4,10407,2131215811,-228000126,-115284982,599132825,-1496558592,51406937
3,7,3,4,10407,194558601,1849462567,996520586,426852984,83073366,-1681784141
4,7,3,4,10407,-1819566033,-1525097549,-761744357,-935253352,-1599530908,-1283542170
5,7,3,4,10407,-1461558603,1562102556,2035055522,-1519957110,-1730874540,1962883722
6,7,3,4,10407,1233722515,-1728631335,841606311,-481606506,-1100502317,69793302
7,7,3,4,10407,304981337,-1894974447,740907848,-480876951,1325270777,403353725
8,7,3,4,10407,705929451,907016391,759120341,1743545737,851552129,-375892249
9,7,3,4,10407,-1194444708,-1143926242,1442174259,1372243247,-1610472734,-1295541130
10,7,3,4,10407,556801821,-956694515,-1927269940,304579192,-322909430,1779130475
1,8,3,4,10407,1515167865,-2134600459,1930644702,1740378487,392443746,1243599930
2,8,3,4,10407,557163704,-387904291,2120965194,80599872,-1977567061,-724889268
3,8,3,4,10407,-1974914253,-937684170,-1370293568,1011955085,-1426152544,319093132
4,8,3,4,10407,-1413220555,-2143867557,-511443469,206717945,406222277,-985003230
5,8,3,4,10407,-266488298,1006188913,-2082041442,2046087821,-1891312661,1577939890
6,8,3,4,10407,-602195137,501472835,510277029,119175908,79605064,1450352395
7,8,3,4,10407,-748982984,-811835904,-126255915,-307370816,17939896,625916280
8,8,3,4,10407,-382629563,1337609932,-305633983,-1252332933,1014152139,1198818168
9,8,3,4,10407,165769864,1312433795,1579037664,1763886450,1642792198,2102620335
10,8,3,4,10407,107208425,-2004436207,-1462526703,848723545,1580349502,-1584892132
1,9,3,4,10407,-882543723,1499105690,-984410805,1188858354,441974088,-1645358729
2,9,3,4,10407,1013109906,688372889,958147893,-1936903195,872090932,-1099330452
3,9,3,4,10407,908520469,1249150542,-1006797488,223491726,-1202761359,1954651781
4,9,3,4,10407,1965786924,-1017592497,1631391729,-1649432600,-637951527,1781212593
5,9,3,4,10407,-2100803182,-1530151468,1885904343,-1706132890,-1900360802,-1246030103
6,9,3,4,10407,-431352945,1453539288,1518439691,1307836590,994559005,-1222054199
7,9,3,4,10407,-326263992,-1010106435,-1206504493,-326900026,1781670041,-1608936659
8,9,3,4,10407,91777364,-2081611021,-723980214,-2102731340,-1819414325,-53959763
9,9,3,4,10407,442816453,1089069927,-1887453496,-603530903,144861896,-754764731
10,9,3,4,10407,1200883114,1331786630,554873025,2041504462,1029021453,-436175296
1,10,3,4,10407,-1584856451,-2048238748,-89141866,-1178714241,-1989053195,-784029703
2,10,3,4,10407,2020971143,446577090,-1675778672,863315589,499187119,1686017440
3,10,3,4,10407,-1151730887,-961637179,2005146461,1116221894,-386112434,293550800
4,10,3,4,10407,467956561,-909474358,-1831413412,492341208,445430869,-853874831
5,10,3,4,10407,2049564796,164979593,-619353580,2100827374,-1174452145,-1379028745
6,10,3,4,10407,512650280,-919962962,1633128499,742561531,1110689581,-382117908
7,10,3,4,10407,-383579323,187585955,738667358,-1520926291,-1727918407,-430611567
8,10,3,4,10407,-1843268073,-2017492074,-27339389,775461317,-1219374163,323502598
9,10,3,4,10407,1143628957,-1460684842,1441607620,1448311787,-1270604788,151777624
10,10,3,4,10407,299521740,-1393394426,-835254340,-1293840968,1201810926,-1850878106
1,1,4,4,10407,-716928299,1051107128,1088752656,-1629900680,-1463751683,790373133
2,1,4,4,10407,-1619617966,-92799264,-672186349,-465406074,-1435663679,-1621635780
3,1,4,4,10407,-33474730,-528041052,1853917834,218239373,1390608928,1056488125
4,1,4,4,10407,1756843530,369574592,-2076413640,1667805341,1437047775,-1898084293
5,1,4,4,10407,1528587993,-1124433166,810687617,-48510982,-364399420,-1579546104
6,1,4,4,10407,1255750343,-2061671564,2024454594,-1675263346,840843284,1117181486
7,1,4,4,10407,1793182645,95635654,2139999252,628221202,2082914679,280851273
8,1,4,4,10407,1245673866,283560030,-769393987,-1449501457,-1676918604,-519895197
9,1,4,4,10407,75963800,-1341421630,1389087718,-898384794,1874420937,-1496594789
10,1,4,4,10407,1402085408,-1244051331,1369953199,1180744717,335209476,1965278057
1,2,4,4,10407,-708358552,227528493,1609381846,-1517225006,1143730832,-235740856
2,2,4,4,10407,-132256936,-69125213,753791444,-1855674383,-789508295,1574982266
3,2,4,4,10407,604494736,1872585505,292667908,436227827,-723239250,-651537050
4,2,4,4,10407,1291633754,-1387370799,-423271972,-1798197186,-293095577,1006959778
5,2,4,4,10407,1403871534,2067981602,-958500803,767783910,-1903556540,-1198370627
6,2,4,4,10407,-1190727462,709360481,-2136313542,29235442,-1509698247,45861077
7,2,4,4,10407,-892060342,152183031,-263519137,-444646672,237918975,-499748694
8,2,4,4,10407,658844198,1790614300,695200282,639819806,1991737540,-2011762181
9,2,4,4,10407,85892198,1325650945,-953488630,-1863547850,-917465661,380604072
10,2,4,4,10407,-1967883469,-1961477142,608021671,-1399862503,-1438350222,-21829131
1,3,4,4,10407,-1579272924,434036515,-1797330260,-205677011,-1776770001,-1109781728
2,3,4,4,10407,-2078476827,-297771574,-164595276,670633527,-2094057447,-413342608
3,3,4,4,10407,-1061638039,1856058257,-1629168364,-1983679456,1446686059,218508083
4,3,4,4,10407,1818801457,-929117322,241187226,1034992127,-412097814,1777415662
5,3,4,4,10407,-875466537,1929520006,82554070,2046287525,231392085,-891159381
6,3,4,4,10407,-1665470029,-2104960312,-480704937,-342193546,-1447405746,550519120
7,3,4,4,10407,-1257003491,1362623022,-711180745,764792726,-280548455,1411776212
8,3,4,4,10407,-319625428,-1072421500,1486691758,550956451,-481500382,1266168540
9,3,4,4,10407,-2131931228,966729550,1081456844,1825007225,-889979353,926328420
10,3,4,4,10407,-842248527,-1372832159,-1900952690,289783810,1718702738,502113656
1,4,4,4,10407,1412908121,370443077,1350234378,-1261672569,-1622921386,865013125
2,4,4,4,10407,104371726,1941749080,2043735349,1171502317,642195541,-467564172
3,4,4,4,10407,1937283028,12522179,2048837440,1198608962,-19225147,-1027110419
4,4,4,4,10407,-1397462508,-1237742119,13087958,-1964149756,421871822,-1574113577
5,4,4,4,10407,843876912,1693122544,-346875218,774245315,-1059306359,648228653
6,4,4,4,10407,-1805799853,-1749771827,1568012750,-1329318700,1289392180,-915500673
7,4,4,4,10407,1716053457,1777425963,1583481893,-986970706,2052095071,863336422
8,4,4,4,10407,-1637280015,-2069629288,-124737783,-330882798,1128213198,897001855
9,4,4,4,10407,-20181476,2052895004,1190990529,-39811424,-488038781,-831005586
10,4,4,4,10407,1538002505,-2052718544,-1306200039,-1680464262,-1244623291,-163907655
1,5,4,4,10407,-1304114316,-1974360424,805577463,-548745531,241591215,1670415555
2,5,4,4,10407,25733169,1270729709,376602618,-307842823,529303515,1792922622
3,5,4,4,10407,-1649110270,-599808121,539459568,-1753599600,2092676959,770007547
4,5,4,4,10407,-1660098232,1492968320,-1784077175,-389552108,32993989,-1932217670
5,5,4,4,10407,2078788540,1082959965,-1506561489,-1546130203,-228527653,806738809
6,5,4,4,10407,-417376327,455928447,2116276510,-1883258578,-1609132476,-1095413101
7,5,4,4,10407,1795079058,-1123958317,2145044271,2058994867,930409011,-1383386446
8,5,4,4,10407,1692922398,279635105,-1731654132,-947745450,48776638,-2050205563
9,5,4,4,10407,1475076149,-304064362,-1640877346,-1067182318,-1586628211,-161802068
10,5,4,4,10407,2063665798,-773644695,-29356738,1703856364,665948034,1341790633
1,6,4,4,10407,-1729114526,1103254788,1457410434,-1049806139,-61612047,-248398571
2,6,4,4,10407,462774499,-484510002,1127286573,-316414271,-1427205080,1446049041
3,6,4,4,10407,-1206948331,626947211,-467754278,-1317319628,780737173,-1021368380
4,6,4,4,10407,-107217318,-745378569,-97947929,1305652814,-1762846815,-2046916083
5,6,4,4,10407,856351880,1858097502,464411694,1737387337,907804154,440845598
6,6,4,4,10407,1797616998,-1831582119,-1416792085,-766210643,-88080031,-1945033875
7,6,4,4,10407,534728541,263268023,-831136785,-960008996,1805313581,32252697
8,6,4,4,10407,424780274,321589561,844521550,-1198100472,278731933,-2002183981
9,6,4,4,10407,-708042066,1466346185,-2037865765,1641855988,-1574358111,-1205875043
10,6,4,4,10407,-742835096,-277393055,2039770937,1643656412,1886883737,-873461151
1,7,4,4,10407,732871570,231978745,-1099983370,-317878520,-1791840250,-1089428355
2,7,4,4,10407,-1416323476,1057215830,-825904221,-2035284745,-439573804,-64157521
3,7,4,4,10407,-170519028,615067230,1739364044,1975276438,-2042523413,439396832
4,7,4,4,10407,-87496854,-925621143,-1849147317,-1100978891,-849791127,-904846829
5,7,4,4,10407,803254610,-133942137,-473930237,-1312178090,-954754874,-252865411
6,7,4,4,10407,-1364044621,276342162,1487756901,10600137,980121866,1534601946
7,7,4,4,10407,-853663016,294955420,-1806354464,2073018058,-1819987365,-1493915237
8,7,4,4,10407,1935117871,-2124764909,-913277894,-1831399001,1364173101,759976864
9,7,4,4,10407,-1030317369,1318809744,-1129300069,67109537,-200700073,-1059941263
10,7,4,4,10407,1610171984,1312511595,1403713208,1863645003,-1802402032,-2124466261
1,8,4,4,10407,667875053,-2012201797,-126232197,-1611710028,279626729,-1842050536
2,8,4,4,10407,-2111149122,2608860,-454476845,638535713,1501506508,-1444029788
3,8,4,4,10407,263286294,-981052610,235650064,558817356,895030239,-68764448
4,8,4,4,10407,-1248614317,-1219336524,1331651724,704576695,2125256939,744613077
5,8,4,4,10407,-834302070,-489875059,1586816695,-1285471705,-344916202,445264781
6,8,4,4,10407,134804413,1844136390,52674067,-1881522586,-866084696,-461825695
7,8,4,4,10407,75886967,-1677423744,-1642302507,1958847650,2059552138,9521396
8,8,4,4,10407,-94541465,1002090201,573450006,2097308447,977275930,1661923661
9,8,4,4,10407,-610200191,181339976,-2001717942,-161376547,147025267,1596881635
10,8,4,4,10407,1880417738,-57166362,1458489715,-723784690,-195271845,-1946628127
1,9,4,4,10407,-75480320,-1226149506,1207512814,1899605226,1819109476,-1181707113
2,9,4,4,10407,2003934949,-212505422,-657383610,-1958743143,544992994,-486091021
3,9,4,4,10407,-906875076,1959097818,1066883544,-415291192,-2051762410,-1722788426
4,9,4,4,10407,1987272778,1709095383,1031894254,465110725,1088615924,-1833176932
5,9,4,4,10407,957141307,591094629,1036290769,-1387003539,-321902657,1136627513
6,9,4,4,10407,-1918157505,2040741905,1828741641,-510881671,-208026644,-449596131
7,9,4,4,10407,1275159917,-1426042996,-645624022,-185081202,1330515039,1872440772
8,9,4,4,10407,1915506681,-1861188674,225695773,-649803723,-673431807,-1212025227
9,9,4,4,10407,2113860490,-352826544,-44635906,396128115,1753680761,1552420099
10,9,4,4,10407,1120323224,-1055944181,516642916,-549367428,-1520728089,461968137
1,10,4,4,10407,363520266,1324368205,1278576012,1476721103,387181049,1095915500
2,10,4,4,10407,-340225620,1891364491,-699233795,488963796,-1675832261,-89745990
3,10,4,4,10407,196883352,-1854176217,689461450,-903360730,851467748,193970929
4,10,4,4,10407,673552847,-1983046284,1060349406,-2044134346,576940823,2022864011
5,10,4,4,10407,386147148,-792469412,-235010359,-2110916477,-1733500220,-921377406
6,10,4,4,10407,-1363618325,1022110662,-1856398914,1295795271,-1757061353,-1586280393
7,10,4,4,10407,1168623218,-2015944200,1005391192,2890063,205616423,910873797
8,10,4,4,10407,1076964334,-1143120332,960916883,-259737950,1015179146,1021260
9,10,4,4,10407,-1085454,-476609278,1009877903,134538148,1488935164,-2119337369
10,10,4,4,10407,-1826347687,136532689,1035755093,-1143872813,-951748088,-1199530175
1,1,5,4,10407,1678620394,-729463319,1279784187,-1877199672,-255459648,1127179786
2,1,5,4,10407,385610715,-1222798634,-888450831,-220940605,308914278,1149902569
3,1,5,4,10407,622081901,-1995695191,-124759142,-1934360904,396399128,1327451437
4,1,5,4,10407,548576875,1498191376,395153146,-35281263,-1777033729,1354016640
5,1,5,4,10407,-1229964962,-1227118370,736644775,1868719152,2085538214,1350814306
6,1,5,4,10407,-1772888623,-1684537980,-106505401,207545112,-373480648,372170033
7,1,5,4,10407,2145686913,-542394054,1791246507,65522657,-1412807430,-1048965562
8,1,5,4,10407,1628607562,-779388078,-371757461,351981236,97617073,-207110394
9,1,5,4,10407,-690431387,2074680102,1181363595,266725143,-1323351794,1828209939
10,1,5,4,10407,1322095939,1750367952,-1019065884,1805578396,1430887085,1729981786
1,2,5,4,10407,-1085120549,-1823125223,389992359,-1754247082,1311563999,1670635393
2,2,5,4,10407,1368874202,-882408583,-641571354,-607367584,1475253278,2001142970
3,2,5,4,10407,282708946,1058963202,3242889,-296861174,-554777682,-1477609782
4,2,5,4,10407,402290055,756453011,1993395246,2065362534,1668856485,819569124
5,2,5,4,10407,1712041466,-2127631991,-535832050,-1997348160,1779234773,-277037461
6,2,5,4,10407,-1861639090,-179881947,836402595,-1072508958,2108891082,547170108
7,2,5,4,10407,1616530770,-512165357,-67427843,-193339380,2042269397,-937608884
8,2,5,4,10407,-2060637054,-1100268075,-576614219,1997864474,-710506271,-1621131231
9,2,5,4,10407,-987344180,760870127,364256041,392808479,-2071686950,-120193079
10,2,5,4,10407,2086493675,-1848489229,222592182,1098965082,1878710347,-202803101
1,3,5,4,10407,1150696142,-450361505,-1960441144,1213749951,1349659409,-1348149856
2,3,5,4,10407,580072856,-1123010844,-637805521,1916227620,-111354920,-1124304035
3,3,5,4,10407,-385111551,38934409,-1971426305,-279065314,194842908,-857490970
4,3,5,4,10407,1955850153,-691185859,-1216327970,551369199,-100296254,1518398433
5,3,5,4,10407,207497302,-1840419916,-74142565,986966462,1018100620,-148325599
6,3,5,4,10407,80170438,1780191447,-1865832402,867215611,1399556207,323168112
7,3,5,4,10407,-1570034895,184875534,1242105988,457293695,-1947970039,457054123
8,3,5,4,10407,437658451,-178428828,1687211266,2002395097,-867594412,-1405775054
9,3,5,4,10407,-1495623266,906465271,1219075611,527667783,-1486003329,1316546579
10,3,5,4,10407,-1291530209,-1775520082,2142530676,1484743686,583760709,1691583307
1,4,5,4,10407,387293141,-570233348,2032055237,789138239,833561596,-755836862
2,4,5,4,10407,-1703819383,1410561782,-271775718,-1500093076,1264911523,1826148033
3,4,5,4,10407,-789844582,-2030610621,-1902606079,1732436823,-1692490414,20088494
4,4,5,4,10407,-1293093470,-434124044,-1980927363,1485729837,453957808,-480507798
5,4,5,4,10407,-1690577574,-63936974,25828019,-2072228499,1390209514,1993856935
6,4,5,4,10407,1747510558,907108252,1599146167,1731120487,1145507890,2012497325
7,4,5,4,10407,424271026,892787643,-1813382067,1763837214,-1996932247,527937738
8,4,5,4,10407,-566503973,-733441251,-1951664238,71289784,1859838541,1648693020
9,4,5,4,10407,1067024209,-1409240046,-1404897874,-87680514,-1065743322,117188692
10,4,5,4,10407,1564635289,286773394,-213573382,1035905448,841474980,2130848756
1,5,5,4,10407,1962018827,-803568033,2033807575,-355457026,512186311,-1871604280
2,5,5,4,10407,-1796230912,-1524786627,-1862242559,-554054536,1470993266,1583447931
3,5,5,4,10407,390184481,1440019498,-28314158,1019842827,-1912498511,1412773470
4,5,5,4,10407,-1036489606,-1097767244,-1590532816,-783301901,1605093732,-1139598292
5,5,5,4,10407,-1532954255,-2140290286,1206385604,380165653,-1168823839,391005251
6,5,5,4,10407,148222736,825137054,-367472117,971659781,806929669,1318160624
7,5,5,4,10407,981441835,-1783957909,1345496043,-904178518,1412435101,-1685279847
8,5,5,4,10407,1452049286,1406321170,1423652279,2002613546,2008166508,-221652193
9,5,5,4,10407,173257762,944833730,-1076410861,-434201485,871678147,1637860764
10,5,5,4,10407,725708248,-208005989,651645526,-39322187,-146825588,227620340
1,6,5,4,10407,-635270587,-885602277,1212395554,-1169401613,-1129331128,694988761
2,6,5,4,10407,-480754380,333491523,-2052984685,589484969,-57905045,971632260
3,6,5,4,10407,1404746037,-217410029,1210418154,-1730732007,-1561598883,-848343392
4,6,5,4,10407,-1925955067,-356114279,-1154545077,-968990669,1245746360,-1526244907
5,6,5,4,10407,-237706287,-1484975053,-248628859,493794861,886649681,818182855
6,6,5,4,10407,-238502901,465048593,-894604902,1688827668,163334443,-1638027992
7,6,5,4,10407,-1750176575,-808174666,1890856772,-991869628,-139119457,-1071106594
8,6,5,4,10407,1428608714,-1513311349,-736998470,1695688583,565160270,1057353766
9,6,5,4,10407,-305788614,-584733386,1203851572,-1698614774,1784683939,940308843
10,6,5,4,10407,-66113640,-2032474090,-344448431,-1023930873,-663952487,431563984
1,7,5,4,10407,1362332114,2021155370,1861440358,-392486883,-522943908,-1444509886
2,7,5,4,10407,-725789224,-1001082733,-876661851,1946768537,-524302364,-933991827
3,7,5,4,10407,1414062392,1463777434,397782657,-405624689,-399800056,1956915072
4,7,5,4,10407,194650459,-863178269,1533367302,367817033,-1095048731,-1447448419
5,7,5,4,10407,-1853483116,-1879754582,1025874785,1362980424,710320157,60258915
6,7,5,4,10407,1654526160,2104157064,-1690622037,-458485733,1564525717,-1616857121
7,7,5,4,10407,803429254,-1337397295,98545163,184122151,241313438,1432803084
8,7,5,4,10407,678503804,308861411,-1975658281,1611628849,-2104337942,-271193565
9,7,5,4,10407,-492911812,2820952,-1218041778,1292262672,1440790394,-749543275
10,7,5,4,10407,-1631796276,-796098211,1349916582,1979910475,1901794432,1535794961
1,8,5,4,10407,716520006,-462520740,132052507,716226447,-324917711,-1134214755
2,8,5,4,10407,1001411141,2140414132,-1828090750,1510812404,1552787500,-963085590
3,8,5,4,10407,-150178045,-1327669031,-849256495,-1587879889,-1176697477,-1953875663
4,8,5,4,10407,-2102745755,-141766089,-1676633095,-194982066,985675730,729487213
5,8,5,4,10407,-2136286960,-688869126,1991307296,-443608600,1163746397,92830855
6,8,5,4,10407,1023048073,1979067091,1798149709,-1680316544,-1595578608,-420381048
7,8,5,4,10407,-502032860,353921165,-1138660216,-354196961,-2104855427,-108252353
8,8,5,4,10407,-1609259593,-1856669780,91319390,63085807,-859592307,1292369768
9,8,5,4,10407,430121941,-1409988830,1440488305,-613282542,-918286068,926832534
10,8,5,4,10407,-1082623919,1863332854,1503437918,-260692664,-1104323856,315195613
1,9,5,4,10407,-2117044653,-564026235,1992278336,-130988606,382488032,422437027
2,9,5,4,10407,-298529367,-806913680,859485860,1083035351,-271977612,-505277301
3,9,5,4,10407,2067383995,680664178,1941999574,572661929,-238528449,-1560879386
4,9,5,4,10407,-163560002,717519368,1243509810,635762104,-1795115566,1507570228
5,9,5,4,10407,1250569818,-243484696,1882745404,-2074765890,414238561,992374192
6,9,5,4,10407,-779515839,-286184118,530035819,1913115336,1195642991,-1233131348
7,9,5,4,10407,863478003,334798195,1525401229,401453066,-1616799189,2130796424
8,9,5,4,10407,2106857706,-1696538465,634272421,-501048411,-2017398779,-1934187901
9,9,5,4,10407,1446261265,-1172649527,-967008899,-150499490,-705595707,965479323
10,9,5,4,10407,1790846861,-1880000211,1507029297,-743999821,872759362,1054410057
1,10,5,4,10407,-1193351861,-217997795,-12469225,1798650348,-1733648931,-776007216
2,10,5,4,10407,-306143765,880608537,447075476,-457171362,997813445,-2023536156
3,10,5,4,10407,-764977077,958411232,-685736793,-1105078789,199688887,1844429384
4,10,5,4,10407,810679340,2033172312,-1901140879,-1246778688,900360985,-14308135
5,10,5,4,10407,921380019,-31303046,1061537575,722505214,-1896144695,1031828234
6,10,5,4,10407,445378559,466171746,-478385263,958814505,1889002605,1476935149
7,10,5,4,10407,1180023688,-1577901082,971609170,300317389,-1603737210,1074314103
8,10,5,4,10407,239212741,471303576,173783205,1317873936,1344708691,1606487682
9,10,5,4,10407,-703828696,570561838,312346605,2048905725,2077721540,-270659354
10,10,5,4,10407,-1526842594,431550179,-212051899,-598595154,1545266218,-1995306303
1,1,0,5,10407,-1856014328,-1650543266,-374429253,-162661702,-1773392269,-1303371528
2,1,0,5,10407,2138785058,1115303110,-247894626,-1850453953,218416199,-1953831756
3,1,0,5,10407,1856609801,-1659911070,81177810,-1855798701,-535997719,2074267324
4,1,0,5,10407,1435810378,-678861662,-1013573340,1345182938,-665853953,-775986212
5,1,0,5,10407,-673822883,542163643,-2006110936,-1736166356,785871237,593706893
6,1,0,5,10407,1411773747,195088164,212286259,-1425894809,-109583295,-2085838412
7,1,0,5,10407,1042266013,366138300,1404760339,-1402040822,-1318065936,-328761954
8,1,0,5,10407,-22068059,403088613,-474556499,-1414951251,-2063132325,950855640
9,1,0,5,10407,-1795216902,-605508814,-537528934,-2078312881,-1620221579,1107709185
10,1,0,5,10407,107025606,1558742165,1444505400,-2139798605,-776070988,919080631
1,2,0,5,10407,1224265667,50570711,-978311057,-988740341,-705494859,1985318234
2,2,0,5,10407,1313436696,-1516684200,1176538742,1545077320,2024913797,2141849585
3,2,0,5,10407,1669622107,964227306,1806669026,1736181402,-1336443472,1626746972
4,2,0,5,10407,1723696402,-487851040,-829913938,-2059480135,143804430,-412463508
5,2,0,5,10407,440129708,-1861478115,942237674,-1300008639,2083129188,1778316710
6,2,0,5,10407,940015109,-407181437,363647270,-1542590121,-363052997,-2059291924
7,2,0,5,10407,1876545595,-207372996,1315284896,1353445213,-919196032,352877640
8,2,0,5,10407,1435248322,915313705,1412558251,42482483,-773017266,31655362
9,2,0,5,10407,-337205794,508870531,4300102,1063548411,2051182710,1002008248
10,2,0,5,10407,162519930,-883505262,1590725363,944549089,704750235,758173341
1,3,0,5,10407,-1257621302,1755653721,-171647666,-252062666,-522293464,828948389
2,3,0,5,10407,-837519424,258562814,-1119385252,1962941804,1699766206,819853325
3,3,0,5,10407,2027003592,-23153754,1937664503,-1661042154,1890887101,-1034271805
4,3,0,5,10407,1501486802,905440873,691360613,1666709258,-1609434509,1177241176
5,3,0,5,10407,-1024891306,542602943,-1253021902,906539768,-1930976003,150373839
6,3,0,5,10407,-386261608,-1814494833,-547506754,511930794,-1886918143,-502175206
7,3,0,5,10407,1443225995,-1178542237,-788403150,20442064,-2076808019,1398850084
8,3,0,5,10407,1337084337,-950665931,987736485,510022429,-964868905,-33099251
9,3,0,5,10407,1506326801,-890141699,1749372184,332404917,81607416,-391724750
10,3,0,5,10407,-345945268,-1130342967,940916252,88760840,-1647114105,1463402465
1,4,0,5,10407,952719617,-1406502833,-1101732728,-860260682,-1367135457,-826810879
2,4,0,5,10407,-1787951139,-2132646379,2034149534,129152197,-338533991,87520877
3,4,0,5,10407,1037319228,1737231156,-546463025,-472466407,-278001915,-1561598649
4,4,0,5,10407,-2061355176,-2129456471,70738674,-355002070,1495199088,-1132751418
5,4,0,5,10407,-469026133,884479900,219731861,1090017870,-287750343,-1665323830
6,4,0,5,10407,-613584681,1476400297,611114090,1583772655,1049626316,1260039562
7,4,0,5,10407,-742260029,-1000137988,-532901738,1190466679,772987842,800594535
8,4,0,5,10407,-2097488877,1306038908,-1910489347,-728132440,-1791505775,14895367
9,4,0,5,10407,955758877,-1906796652,7337635,68324266,1035866280,-1081648816
10,4,0,5,10407,-664646230,559578105,-119984596,-996518324,945926115,-239994826
1,5,0,5,10407,1748558675,422979179,-1372285113,-144125844,-593071999,-368859022
2,5,0,5,10407,2127847519,-1976670775,422701578,1036657069,-1402374390,-1966045491
3,5,0,5,10407,-1565037364,-295054444,2117803032,-1613400732,377408869,107804977
4,5,0,5,10407,-702787943,-182462084,-1257524050,-13678097,-1823132601,-286393264
5,5,0,5,10407,181227430,-1748001862,-1096509024,-2009322648,-12148983,-2037633971
6,5,0,5,10407,-1148495393,78169315,-207603379,511849998,-1430052997,-852844001
7,5,0,5,10407,-1529546487,160647110,-280622473,2000932143,-713247112,-1547540639
8,5,0,5,10407,486535316,1352815655,-1141193063,-380118946,-1602993524,-251203673
9,5,0,5,10407,-1746248900,515231771,-593024339,-296906684,-186501701,-466981629
10,5,0,5,10407,1529281898,988158089,-1016599782,-324206243,-87213460,-1398560284
1,6,0,5,10407,1934274890,-825019928,-227529812,158106547,-1209072203,1032818259
2,6,0,5,10407,-1082558045,-1115025273,-1780746642,-936518760,-1058442135,-452525469
3,6,0,5,10407,1637442461,-298040727,1819245950,-1638435325,984657828,1985568398
4,6,0,5,10407,1116991875,1463268370,-1019161461,606374787,-1788646298,-1760016565
5,6,0,5,10407,-422609593,-338395443,-682726754,1707185305,639548971,-1164542097
6,6,0,5,10407,1251294225,-548804888,-1501747309,2064420270,-649169001,1907989427
7,6,0,5,10407,167560536,73312045,-1913624557,-563982644,821536278,-280302943
8,6,0,5,10407,787967803,2103397357,454094959,1567150588,2025107535,1348496387
9,6,0,5,10407,-1382949250,1315037841,1059537017,-1878310652,-1769429982,-1653285877
10,6,0,5,10407,800689834,-176565140,-1487957618,-1339594435,574253260,1970758318
1,7,0,5,10407,994573201,1285802905,294181361,1600274898,-1626814975,615040076
2,7,0,5,10407,1793702400,33803571,-701854167,-4399259,1432845703,1661980101
3,7,0,5,10407,1160401180,-1032256484,-1153022828,1501737925,-2053493227,1893638248
4,7,0,5,10407,1359825364,-586659755,-655296516,1554762588,966623316,548649178
5,7,0,5,10407,1238203773,-442234769,-1620713850,-711327787,-737123883,1457098206
6,7,0,5,10407,-1536070105,-948970600,1750241235,471788914,-64883626,-354631775
7,7,0,5,10407,-1362465382,-854966606,-2040288496,956080857,-1015027457,175106373
8,7,0,5,10407,-644667877,-777383457,1282794550,-1943742096,-1157140933,368670451
9,7,0,5,10407,518615462,581437352,1933895791,-889285878,604077950,-977828649
10,7,0,5,10407,496316541,804559408,-1998775658,941300525,949871196,1452660740
1,8,0,5,10407,-236738440,-549394061,1583139526,-1041537104,1022737692,774521398
2,8,0,5,10407,-1961520122,-773637514,1850003339,-1388935102,1513946689,-670356558
3,8,0,5,10407,1474789085,-680977390,-755034017,-1129850461,-263806544,854096886
4,8,0,5,10407,936351588,-203799110,1704193857,-1847196029,-64402631,1712462273
5,8,0,5,10407,-999362033,-748133624,-826882414,-108504090,1284432328,784411950
6,8,0,5,10407,-179087108,-511442958,-1985175090,1239482259,226035614,-544573325
7,8,0,5,10407,-1055717723,175462130,909877083,1789120914,731994914,-287117735
8,8,0,5,10407,-1114394445,255096735,-1050515270,84356553,1964027534,729933545
9,8,0,5,10407,-599129624,-1255454256,-2005648221,1381095936,897383318,-1580564565
10,8,0,5,10407,-897694672,-649979017,-1895349426,349035838,-902551867,619571902
1,9,0,5,10407,657051839,-690774540,1606086565,-1967078460,-1501330228,1418657924
2,9,0,5,10407,1833265109,1959938085,1293483030,98447141,1305132777,-1101923222
3,9,0,5,10407,-682562237,1313433146,1005352355,1177332743,-1509752634,837858227
4,9,0,5,10407,1855187309,-610875580,160060904,-56643702,489198455,213345765
5,9,0,5,10407,-1458169545,-590980553,1496389790,464891394,-381458090,-222450021
6,9,0,5,10407,-42406086,-996746727,1095492839,1957004158,-760383866,985086522
7,9,0,5,10407,514375564,845174649,223258771,956372863,-1330572845,544194713
8,9,0,5,10407,1005646900,-1845285707,-7971287,1265773257,341990803,76724492
9,9,0,5,10407,95194073,894494488,-1556380470,-336291789,-354119889,293160033
10,9,0,5,10407,1678611583,-1052566571,-2100281517,-2040610463,-2101359185,762532713
1,10,0,5,10407,2046403412,-1806233726,403741280,1950844307,-1213164736,-1220097767
2,10,0,5,10407,-712958363,82838131,-617178644,1104408280,396863957,-1107299167
3,10,0,5,10407,-1569368452,719904685,-1609777837,1239238932,-1609970674,329718143
4,10,0,5,10407,1856055902,-509675920,-1215832215,-338041078,-1014323000,1420518631
5,10,0,5,10407,396019814,118098975,-2043320807,-1060930985,179627552,-210977489
6,10,0,5,10407,-1041474660,-870573873,2123500672,647712433,-759004318,-977221186
7,10,0,5,10407,-1046312387,-2088759557,1238554070,-132915363,145521078,404345980
8,10,0,5,10407,-514857032,1957844404,-600435016,1766742635,1543369329,1422406643
9,10,0,5,10407,1732481024,-1838978257,421553790,-1414368334,1367460732,-393892722
10,10,0,5,10407,-427931047,-1934357450,-1208301974,527400471,-528675697,-175449961
1,1,1,5,10407,-1260404348,1993781475,1104438089,-433661541,-2052763314,1396118666
2,1,1,5,10407,1402004344,1191548749,1617417348,670261049,-79696163,647646312
3,1,1,5,10407,-1757178219,-538658873,1668051272,2085292515,1155078964,1365529402
4,1,1,5,10407,-784532292,-1653304729,-1772992830,1206118820,-1045251346,-147916333
5,1,1,5,10407,1343520935,174527245,-1502665806,1805471591,-808103679,-1976022159
6,1,1,5,10407,1708717129,1225805687,-798805223,2104585052,1997058519,33824571
7,1,1,5,10407,-1380835570,-304518502,-1530775181,-1129370561,602422007,-1944744548
8,1,1,5,10407,-894692823,-606950913,944049106,467623522,-1846868254,-1413318768
9,1,1,5,10407,661092568,-1585798252,-1175048665,-1454185378,-70207675,-2131010294
10,1,1,5,10407,-1497200132,-1331953594,1400750337,-1883329107,-929398312,101302725
1,2,1,5,10407,-2016482769,1250894748,298682289,253833219,1507189547,-390118156
2,2,1,5,10407,679646651,1215505092,-1649646580,-316655422,1089091477,-935062479
3,2,1,5,10407,540144786,-1919436720,1847758518,716654440,-188061287,1134418123
4,2,1,5,10407,1577596895,38845868,342368425,1034822893,1029384851,1848316252
5,2,1,5,10407,-1895874625,-1096514529,-1448655197,-265221379,347861734,1990626440
6,2,1,5,10407,180695583,416202190,-41732570,-909854246,826128823,-1912603041
7,2,1,5,10407,-1739392861,-684778114,1336520639,1872217853,-1501280429,62399406
8,2,1,5,10407,-1697535461,-204368144,-1154920889,-1305665465,451086376,826831070
9,2,1,5,10407,295421854,-2011492405,1410799171,1384514845,1167165729,190577812
10,2,1,5,10407,1123542444,860187710,-1269322729,523453205,-1681937702,191339013
1,3,1,5,10407,-1269272734,-1708616827,497562800,1398099387,205467329,-2041138163
2,3,1,5,10407,279692632,766142645,-1872346213,663869584,697956927,-1765732520
3,3,1,5,10407,2073985153,1985700655,623059422,-2010591143,-389332714,475113336
4,3,1,5,10407,1393366710,1293035076,1122293562,219737906,1756080929,275728171
5,3,1,5,10407,-1313647070,-517460539,-389974637,824681099,-814766282,1916494149
6,3,1,5,10407,326806758,1378763957,-823084894,-1709903690,-894381420,1038176423
7,3,1,5,10407,1519694102,35952288,-632630268,-156280720,1821212562,-79208947
8,3,1,5,10407,-2064617644,-787663633,-1054651208,1619613300,1058182621,1003266392
9,3,1,5,10407,832376087,-1016854458,1450274912,131039245,-627162721,449096607
10,3,1,5,10407,-1588010278,1889990729,709884761,2068415233,1983763778,-35897470
1,4,1,5,10407,-893123855,529442852,59779960,575251632,-1498430746,189797416
2,4,1,5,10407,718492181,-1818644968,-1306961489,46605013,1919042610,467521383
3,4,1,5,10407,963768076,-1842783985,-2121215936,984558258,-1022278202,1290218627
4,4,1,5,10407,2010077843,981604700,-1577092486,988482886,-1922624307,724105142
5,4,1,5,10407,405311485,2138247705,-959672088,1204459313,-1718300065,1721335517
6,4,1,5,10407,-1326588708,1273213077,1170188679,281969126,1087381097,538439658
7,4,1,5,10407,-944830846,-35899208,-2001590994,-534396480,561364055,-179757986
8,4,1,5,10407,-2007910772,-736016522,221296757,-656336021,1914171797,461806549
9,4,1,5,10407,-1363740103,-1731875172,383761682,-1990639565,1826558371,1444499042
10,4,1,5,10407,1473211667,-871623737,-1920223067,-383366423,985355270,-163658164
1,5,1,5,10407,1060327554,920732164,663818205,-118741239,-1695956095,1571496472
2,5,1,5,10407,-543526606,-1819918851,-1263630788,708281197,224669442,1102247009
3,5,1,5,10407,-353379342,-1687624632,-908908947,-1745411308,145875601,-1075911957
4,5,1,5,10407,-1379033426,367895306,1310703595,161711736,1256366488,-307200966
5,5,1,5,10407,829615588,-1564443749,-690403354,1494250342,758055482,-756262282
6,5,1,5,10407,-502750437,1268943818,998627599,859226244,-1998779091,-435688824
7,5,1,5,10407,305320574,1916817341,678034341,2031471231,-574144043,138119790
8,5,1,5,10407,1821759057,-2011128202,-1777226930,-1501537205,-772421782,1415668197
9,5,1,5,10407,1618361608,2119108633,503146642,-2066915407,30323066,1705381619
10,5,1,5,10407,1643122518,-1402999281,75468831,-251474452,-1213628043,-365745343
1,6,1,5,10407,-1534875853,-1662931909,-221880158,-1181254060,1121981792,617604732
2,6,1,5,10407,-1919816921,-2162250,-1119503879,-1589830668,-686652564,-629483128
3,6,1,5,10407,898041754,1337877214,270401640,1435056277,1625599594,-703006188
4,6,1,5,10407,-1322252176,-970968120,1855708928,-1060049985,672061104,1951990199
5,6,1,5,10407,-1661956899,-1091357362,953464868,-679581054,-1086744981,1232077476
6,6,1,5,10407,-2104762075,-932702443,1185266001,-844085337,307866761,-2091095683
7,6,1,5,10407,-827669143,-1006609752,-1440205355,-1875831489,-1248184604,-1638140161
8,6,1,5,10407,-981056973,38240036,-1802873524,2131612337,1578878868,971575599
9,6,1,5,10407,946594068,467108482,109015488,-1704830584,1853890460,-922419860
10,6,1,5,10407,19985940,857645606,-717688602,-1538446692,225219673,-932805019
1,7,1,5,10407,-1493663375,1760248932,1449840014,-1543120891,2140144970,-436279432
2,7,1,5,10407,-966355646,-574637091,1803925491,188985245,-846488668,1843062185
3,7,1,5,10407,1436933563,695522660,2116065375,697098609,-1712494944,1400728044
4,7,1,5,10407,-1072540143,-174925969,1679644567,-414238095,-1927541642,-1048420746
5,7,1,5,10407,-2018990775,-1515885317,842557525,-977316690,1940224900,-742818953
6,7,1,5,10407,-1922279436,-1721195340,1792658146,1521583915,-1262378198,-250537603
7,7,1,5,10407,1194449744,1964412122,2016614520,507741480,1489608977,-206890041
8,7,1,5,10407,-1732311220,1796874678,-691437902,-919217453,453104535,1081893358
9,7,1,5,10407,-1793503316,1189453878,-1045328299,1346449284,38102635,197859357
10,7,1,5,10407,-418480247,-1719986102,2030411063,-1115943719,-1464769925,1301230283
1,8,1,5,10407,362185919,1543731622,1944962164,-482141148,1436569433,-410508055
2,8,1,5,10407,-1955066401,-1785753737,-880063017,2014876768,1717864604,271546214
3,8,1,5,10407,152610997,671068419,1426165890,844870636,-1451384130,2057321229
4,8,1,5,10407,1240909272,863277639,1581795139,1599292952,367594558,257209232
5,8,1,5,10407,747258873,670584094,1561699724,-664219627,-1385214711,1698397944
6,8,1,5,10407,-73617507,-741308443,-815182682,-20635733,1248830381,1291095734
7,8,1,5,10407,-1304733365,-1113444551,-368923442,-622219925,567007301,691409408
8,8,1,5,10407,-1555014295,1914559395,-641341520,-498192845,-1590686031,-114197627
9,8,1,5,10407,-2064768058,1341294622,816331894,314142602,813202423,-1541650328
10,8,1,5,10407,-612716524,1297162214,-658969238,-2139437045,-445643095,349249128
1,9,1,5,10407,-245108006,26884687,541540387,-438168028,-1880719952,1724833176
2,9,1,5,10407,-143713453,-1614557119,-1749839375,-330983708,-160319253,-484994817
3,9,1,5,10407,1444312132,-412757322,842088308,1636995393,-1542761279,-1274976394
4,9,1,5,10407,-1116064685,1333948066,1161990193,2058236661,518512645,-1196007478
5,9,1,5,10407,2128925723,781762498,25160233,1463914752,162821930,912943334
6,9,1,5,10407,-195668908,635793066,-1685319768,1077608694,908750032,1024453252
7,9,1,5,10407,-965788417,850826136,470352944,-495832537,-584019387,1751172103
8,9,1,5,10407,-819531768,508685093,1517734702,-1839176860,-640013100,184913440
9,9,1,5,10407,915250806,-1438761686,965253034,553638507,-1284469533,1671061510
10,9,1,5,10407,-1440018962,-506002712,163877409,114805605,1507750877,1810689815
1,10,1,5,10407,-270137222,-1686251198,-246307750,-1507356923,-1422838388,223373028
2,10,1,5,10407,1008549271,52136608,-974726889,-1024081132,2073999143,-1408897021
3,10,1,5,10407,-1555411294,1447840946,-821501051,438006013,738446714,-747993622
4,10,1,5,10407,-2078366470,-2081762324,-1509542597,579881773,343543570,1423640775
5,10,1,5,10407,-25132430,1390479624,-1530460072,-1682138772,318328897,1582134271
6,10,1,5,10407,1638945945,2127152837,194057905,990410840,-1422689084,-441544609
7,10,1,5,10407,-777837896,1866021818,1609279648,-1626860117,-263310195,991100872
8,10,1,5,10407,1368918599,-871439910,197427537,-1594305769,-592257929,-1148474861
9,10,1,5,10407,-292933937,1989215160,1703725222,1465026433,-1358462383,347152064
10,10,1,5,10407,986637937,-1475438959,-1478404685,185183923,1089523720,-779876706
1,1,2,5,10407,-1576040910,-839628685,1120520389,826693467,854901218,-156433743
2,1,2,5,10407,-751382046,2135838036,1794930179,-104295636,558608642,1102489413
3,1,2,5,10407,468043939,1324122991,40357385,-1831758847,-1706295219,-1739401082
4,1,2,5,10407,-1430364636,-39545339,1473609175,1005581887,-83521616,1412948831
5,1,2,5,10407,-448661010,354125677,1751713901,-2115872441,525364851,-574899559
6,1,2,5,10407,314367405,167285297,833049029,-1800804648,-347137771,-1364859126
7,1,2,5,10407,-1064538425,1459457430,-595492088,942688487,234592038,-1175285209
8,1,2,5,10407,1668145635,628132316,-372067195,-1673698093,858056017,-1911938669
9,1,2,5,10407,-276912549,-1934104213,966237512,-424947727,980294645,-2004551057
10,1,2,5,10407,342766005,2118515778,658649585,-1365277783,1181632435,-1061996302
1,2,2,5,10407,90313603,-1270223805,-1153967763,-662783693,-1727757256,-1272253020
2,2,2,5,10407,355014427,-214814948,2098668628,-447302960,-1945517953,-691490304
3,2,2,5,10407,-949946368,1036830752,327460145,-245406921,-63199933,1222749885
4,2,2,5,10407,-901477734,-1839645084,-916509418,-1128743020,-1297266418,-2036909539
5,2,2,5,10407,-1085739826,1079879939,-158584255,-1251284145,-519613361,1018677475
6,2,2,5,10407,1079712727,2126087713,-877249814,-2024533637,1136777423,-1135179604
7,2,2,5,10407,-1301139934,613097222,-652990040,-629888513,-219328436,666915898
8,2,2,5,10407,-1153424453,-1492485549,-904522152,1891236178,-944327222,838075054
9,2,2,5,10407,1955796873,1639144144,1447258162,1185399987,477651663,-1462132259
10,2,2,5,10407,-1688064920,1383250044,1738432285,-268430204,1464161471,1649493987
1,3,2,5,10407,102269923,1994908856,-1978899411,2107431758,-1360509174,123218575
2,3,2,5,10407,519594547,-1487613417,-744644909,-870936989,351320679,-1580429399
3,3,2,5,10407,-1952433458,1935094939,2126715887,-2100022881,2055612085,-616691492
4,3,2,5,10407,1439392486,-1151121768,-1639365021,-43236392,500972474,1887360493
5,3,2,5,10407,-975673368,-1903113405,739342392,772955965,-1461307713,-1925235211
6,3,2,5,10407,1437255271,-762678880,-1650480068,2115734230,-121829329,-1998232687
7,3,2,5,10407,1221382777,-470941802,-17040559,1246696416,-1819629708,-1315364212
8,3,2,5,10407,-1123214282,331983532,-807490679,-581938912,2028996636,852277174
9,3,2,5,10407,-871903751,-1469099125,-1092208316,-107523704,-425414749,-972471987
10,3,2,5,10407,-1592264252,-373199413,-1347043080,613750256,-1281295576,320064223
1,4,2,5,10407,-1832750973,-1284542376,-539445022,1240468291,332088826,-1683060671
2,4,2,5,10407,-488296777,329469695,-1285534089,1401036593,-274185966,1131506310
3,4,2,5,10407,551949869,-1168996386,-503481703,929593344,1270020327,-997080004
4,4,2,5,10407,2042089283,1084139883,-1036711038,252821828,-1343247320,-1446846795
5,4,2,5,10407,-1702634370,-1004930011,2015997290,881096112,-1688371586,1417974151
6,4,2,5,10407,-1778499550,-404386064,720527522,659769608,1942182400,-758399093
7,4,2,5,10407,159443985,1053607944,-1878787809,-303921096,-1428469227,-1234107851
8,4,2,5,10407,-1376332012,-2060283921,-1941834268,-48852478,630448227,-648981039
9,4,2,5,10407,-1861408491,529202176,108914248,637450358,1600999315,1780740395
10,4,2,5,10407,1711132724,-1597183030,-1328645309,201074044,-2110024561,3713607
1,5,2,5,10407,1773497432,-2045799972,1172514554,-738437445,341767989,1186912032
2,5,2,5,10407,-1228682855,-1226029199,-783944960,-1559433922,-450649900,802714617
3,5,2,5,10407,1929049808,-1585540799,-388328657,1692834443,765770076,210052545
4,5,2,5,10407,-1442303503,1660554061,-1032915924,1423150048,1596695469,1642822093
5,5,2,5,10407,-1599498870,-1564588130,89611323,-961837627,-2013943146,1997542447
6,5,2,5,10407,1736299949,1173607119,-1828695009,-324604101,1209610136,-107517761
7,5,2,5,10407,-398759041,415240538,-294544508,1599035407,1469242663,-500381930
8,5,2,5,10407,2052347805,-556087322,-2018536099,-1037397606,1404611119,-1435252792
9,5,2,5,10407,-1020234306,-1926526349,-622442830,1730078046,-588152708,-577169843
10,5,2,5,10407,-686454297,147259684,-611721079,1553134696,-1793637641,-142160805
1,6,2,5,10407,-1068825834,-1571894821,711417899,-1089635885,-283594144,-1710522348
2,6,2,5,10407,1909438620,1287763350,-1551739820,88352034,-1689350618,-1521249200
3,6,2,5,10407,-1932017961,-676063634,-876620567,1846572364,-1499952358,-594109383
4,6,2,5,10407,-1859954567,365367962,1742007828,-308138815,768534705,-862878595
5,6,2,5,10407,-481838644,762431471,1601680320,-2032673422,691929575,-1159016813
6,6,2,5,10407,1355122214,-707473735,63821914,-1350888868,-1866856298,1120001210
7,6,2,5,10407,-864750583,-275374951,-1740037555,-381565027,593965988,-458854349
8,6,2,5,10407,-1233726405,-510718274,-1872825150,-856586578,226497435,592514276
9,6,2,5,10407,-1988776205,1503241408,-341045243,-992414268,294621948,-1162920803
10,6,2,5,10407,125099047,-741141644,-508055325,-1459207344,-1214956194,1001593285
1,7,2,5,10407,1931949706,996711234,1329131388,-704605656,1503492490,-1956482840
2,7,2,5,10407,-1381861735,1098653051,1935873934,2053948905,-816608223,171019736
3,7,2,5,10407,1753430606,1848507402,2126240043,-299459026,2096482057,210593637
4,7,2,5,10407,-1984745948,684656312,1217484215,1031165731,1290474313,-1777816289
5,7,2,5,10407,-1172528168,13176412,571769903,-1514837970,1015266678,-2146463758
6,7,2,5,10407,-2088716726,-680547401,1791374284,-1687853443,-744207002,-1065700678
7,7,2,5,10407,-1335716728,616908505,-1044556781,-1123109891,792316459,-1135463186
8,7,2,5,10407,-2031670002,-739424522,-704999543,-381691459,1002840391,-1121442874
9,7,2,5,10407,1424061512,-584606865,1640920483,327052851,1249615927,72147583
10,7,2,5,10407,-914594910,-1084418005,-1653472884,-941443591,1504972203,811989622
1,8,2,5,10407,1010925560,2116767682,1299335077,1442092050,-1756041625,-679149519
2,8,2,5,10407,1037824803,723691768,1474220477,270872495,646557973,-1020775585
3,8,2,5,10407,1786198765,-1265809500,-798917200,183578537,666221063,-1654189547
4,8,2,5,10407,-225771121,573685901,-1674118964,-552246688,208730853,-916662463
5,8,2,5,10407,-92747708,1354926479,1936637704,-1752769778,-1858520060,2142007378
6,8,2,5,10407,-186969904,-1172303179,-205711122,-1780281264,-43772172,73723551
7,8,2,5,10407,1071817353,59183591,-1895256449,2126673353,-1453269924,1622268673
8,8,2,5,10407,-1720980490,-1278989869,1753371055,2044300894,-1580244437,-941501341
9,8,2,5,10407,-1055736268,-1574498920,-778326085,461176759,-1177590785,2136461428
10,8,2,5,10407,-967924098,1427454756,-145275,723874597,1749263435,-854651554
1,9,2,5,10407,-599320394,-701433364,1719383556,-1512813858,441553753,-502561654
2,9,2,5,10407,965617365,-1369128332,1556826589,1950900869,-1820276487,1961295033
3,9,2,5,10407,575684385,-1369644132,-233734844,-1023041676,2121745233,466252386
4,9,2,5,10407,1142052549,-116072910,1335749654,-1436399922,1838200911,-137035503
5,9,2,5,10407,-1964058094,1991827239,2034615386,2038874453,140598256,971278818
6,9,2,5,10407,-621361051,1827537761,876954159,149016256,992086641,-1510379974
7,9,2,5,10407,-68862506,-333318133,308523483,-1016446756,-1762706115,-291221753
8,9,2,5,10407,562196418,-657734683,-2068344484,1889762427,1835162315,-360664813
9,9,2,5,10407,877356457,-348433988,-1591271801,-1656734387,-1823423974,-1723842104
10,9,2,5,10407,807123119,-1831186466,573345397,-1342339159,2097826907,1389069015
1,10,2,5,10407,1370882560,-943048225,-1512201691,-634847180,1549049538,-732334356
2,10,2,5,10407,-1195179690,-513943866,-102936366,1005119225,404684543,787905001
3,10,2,5,10407,-1743681875,-624691191,1325405319,1141680269,176036376,1467869005
4,10,2,5,10407,1040985728,557409763,1613657278,-999889035,-1612076466,-1749295156
5,10,2,5,10407,1792886461,1170168573,1517965701,1067279922,-2029270275,1736493146
6,10,2,5,10407,-1655919108,-534320507,-1039357870,1669130037,794276715,98483215
7,10,2,5,10407,781040594,189392863,-22367391,47885993,-894274432,401210127
8,10,2,5,10407,-372011797,1522807957,2111645592,1293899481,2134593996,-1124289008
9,10,2,5,10407,1046207863,-408968267,1117182730,1114966553,-1752642879,-1175954174
10,10,2,5,10407,177967910,1899956778,1194929403,1456315728,-722726377,1319679503
1,1,3,5,10407,593135112,508547525,1266630228,1305310386,829640878,620227325
2,1,3,5,10407,1705808761,-1761514542,-1231923397,-1179214261,1001427012,1115667362
3,1,3,5,10407,-65922860,-1130374650,-1631128767,-1020560585,1459508673,-956137925
4,1,3,5,10407,-1801876782,453401564,-550051244,423481893,871218974,-1698864919
5,1,3,5,10407,1579627300,-1548022613,507893797,2124492508,-1224280631,-899721543
6,1,3,5,10407,-1863690617,638811725,-1803467993,-612287348,356250274,-2103279105
7,1,3,5,10407,-1820810380,205405318,1042184722,-1104994745,524877177,-1724859407
8,1,3,5,10407,694223376,1616993412,386672596,-994198228,1867831175,394428744
9,1,3,5,10407,-608636558,1061388914,446953121,1710710707,1188181425,1210700493
10,1,3,5,10407,218673562,967055114,993720968,-847018755,-337603254,440306855
1,2,3,5,10407,-1649302551,1377206047,-765430976,1847636632,-2078712011,-794313737
2,2,3,5,10407,62659589,209125942,1702336576,-21355445,-1623408249,-988280102
3,2,3,5,10407,-1706074593,1423077607,-271009180,-1738882607,2034595232,-1260008154
4,2,3,5,10407,449894514,1534707537,221052047,2024451938,1446133141,97706224
5,2,3,5,10407,338020954,1746920225,-1050181011,-521154833,1272041821,439265265
6,2,3,5,10407,-1450175546,1108256205,42319840,1942335053,-304424851,-1266634992
7,2,3,5,10407,503367872,-611027039,1157705061,2042054868,-1365204973,303348823
8,2,3,5,10407,-1683843692,878509167,1977602264,1860865556,-1635825333,-170289043
9,2,3,5,10407,655288487,-1985509224,-856476812,-872064219,-1259114434,-575396845
10,2,3,5,10407,-528561632,1566471797,775136741,-2004820084,-1284101286,257183383
1,3,3,5,10407,-1772110355,-831477148,-147075408,-1000035522,-1261856053,-35860554
2,3,3,5,10407,-382989847,-280786686,-375265137,1410182248,-504906923,-1974594422
3,3,3,5,10407,1737163218,-129389358,-1485851693,607650655,1145861737,-183514687
4,3,3,5,10407,1358349543,-2017026492,1099288711,-91322791,1509732085,1514374372
5,3,3,5,10407,56964794,-854962500,1185147296,-2110452039,998029366,188391400
6,3,3,5,10407,1483868262,254242793,-955242632,2020473386,-2013917591,-1723936270
7,3,3,5,10407,-1939512901,17028440,-1082443505,-460388303,1962315919,1566077115
8,3,3,5,10407,851955153,-84956042,-209364253,-1138300042,1697010115,-1422956146
9,3,3,5,10407,23809173,-1782301160,-407781620,2003030079,-1567503581,2043846042
10,3,3,5,10407,-357551337,-572363389,-683407944,734010106,-1274624742,769099140
1,4,3,5,10407,1388345999,-96234334,420669655,-105439652,755084104,-1638150070
2,4,3,5,10407,457419442,86968276,-453020186,-865195799,-134023866,-1949021401
3,4,3,5,10407,-977323950,350644413,-1637298176,208242051,305122806,-1365378193
4,4,3,5,10407,-1690684537,497347456,-315578016,-1953950919,-1212622251,2127698495
5,4,3,5,10407,981162875,724289875,-1572671161,2120360750,-1358602762,-386996170
6,4,3,5,10407,-1404092221,-1450626233,-658711672,-842470193,1133015293,1774190083
7,4,3,5,10407,-2103171905,-1184520471,-1658212233,-889793020,-499720292,1000479947
8,4,3,5,10407,1495937001,-2002396031,-258442850,337253574,-965433149,-1414792235
9,4,3,5,10407,953952915,935459738,-1161814450,1402914286,1624189181,-1102026125
10,4,3,5,10407,851917109,-315137101,-1367300633,2118685213,2020434612,-1113370353
1,5,3,5,10407,617951740,-1708573553,-598148969,1054188208,120467750,1878045610
2,5,3,5,10407,937192313,-1658229079,-779979769,-386917921,591532362,1567305005
3,5,3,5,10407,1939240013,184034342,-1362498444,-1266748586,-1969659999,-864014742
4,5,3,5,10407,1050141132,-1743832230,1543219214,-1925742946,1195866002,-31363665
5,5,3,5,10407,1052909566,785727539,545372091,-2001215932,-94176779,66444224
6,5,3,5,10407,-2122825507,-392459124,-453581117,-215338692,-1220454829,1650419659
7,5,3,5,10407,603589530,-1318956543,1279578065,-653861312,-1670768504,-340973220
8,5,3,5,10407,677363740,543868861,-1669072719,-1856844323,-907434931,1108780663
9,5,3,5,10407,-743370523,1803454505,2145253872,1843687395,2111349305,-1829795508
10,5,3,5,10407,-1571262427,-986023519,1904032536,623134217,-2054424853,-792102178
1,6,3,5,10407,-189390327,-1623245274,467590831,-154303805,763730933,164906409
2,6,3,5,10407,-1786184649,-105341906,1674382550,2132771664,-1829978020,-192434793
3,6,3,5,10407,1916585270,-1250124183,1398636236,-1250650225,-2031004747,-919325987
4,6,3,5,10407,-1167998300,1875347873,-1724431192,-148040837,1274027091,561403555
5,6,3,5,10407,-1989202382,2039719351,1200541871,1871159289,846456039,725384300
6,6,3,5,10407,-909000058,-55840084,1507607132,-1035556896,1517416820,-1396974356
7,6,3,5,10407,1632581628,182130134,-1491889243,-1171874146,-323678278,-2027977014
8,6,3,5,10407,28076295,334609670,-2096207896,-48853800,1157976322,-85277433
9,6,3,5,10407,1875645565,1459869918,878483562,1051527477,1372811901,-1827369574
10,6,3,5,10407,-1219255212,2038055791,2142501712,-1205788854,696162226,209321245
1,7,3,5,10407,590466015,-1771807441,-254405062,-1568921838,-1440059636,-885614448
2,7,3,5,10407,-1112297478,-1478015002,102902673,-1364756261,-1484718825,-920606532
3,7,3,5,10407,1269607867,1255027583,-2027744804,1073872085,-913023234,-2108290083
4,7,3,5,10407,1717847174,-413207778,1519001479,-541605896,1723383564,-140705553
5,7,3,5,10407,-373193826,319882222,-1082520407,-584619812,-974034188,-753702389
6,7,3,5,10407,2115261825,369737907,1231608632,1040883442,1195410331,-1759011395
7,7,3,5,10407,1437236189,-1082070213,1768727520,643515072,-990450807,1369762988
8,7,3,5,10407,-1544095158,-384660588,-19755252,-797485252,-361076327,1200145452
9,7,3,5,10407,-707621448,-1597608205,2007567602,-657330790,1359679762,-113536386
10,7,3,5,10407,-401544705,1023713557,1573909666,-1996337893,466515742,-863160078
1,8,3,5,10407,-2115903013,-71183960,-613789327,1038874028,-917363330,-1347385249
2,8,3,5,10407,-84409357,1980002328,2056222347,-2074396631,-1704391310,-578445163
3,8,3,5,10407,-1427095901,1402113141,439981142,-1626350750,-255500212,1036189837
4,8,3,5,10407,-1971285866,-1597524623,-1510890514,5953860,-1552004830,207389142
5,8,3,5,10407,-1082599631,-1033990942,1773856006,1567213623,1953111385,-853231814
6,8,3,5,10407,-797018159,-2091898689,1629847619,1062365852,87905664,979843328
7,8,3,5,10407,1623678680,-1293915841,498554757,-933535564,-289423625,-1245529772
8,8,3,5,10407,1026482689,221799845,-972289782,496526652,-1016002926,-1843040430
9,8,3,5,10407,-1238160359,1307542082,1422129645,-678362768,-572747973,776983619
10,8,3,5,10407,1585559065,400434723,723677563,1856207230,-2022497502,-89621004
1,9,3,5,10407,342312667,1522989617,155786974,1314323069,671717308,1475755094
2,9,3,5,10407,402881328,-1996109965,1693491570,-1042313687,928072058,-621671554
3,9,3,5,10407,1868278409,-2107844984,541068076,2037658611,-1939497517,1039840795
4,9,3,5,10407,1193381774,-221490616,-489156814,414040091,-1736969313,378555213
5,9,3,5,10407,-1071075554,951674220,86739125,460091636,-162039459,-538923340
6,9,3,5,10407,2070296863,576785546,1161244166,-1125886117,-1958084796,-2016595638
7,9,3,5,10407,1486154234,2143108327,-471003303,-484179857,834555741,-161111966
8,9,3,5,10407,1633534174,1444679952,885515608,2041606392,-239124035,-1197049348
9,9,3,5,10407,-1163089060,1914933169,-1681094381,-1162164521,1862218799,1081166235
10,9,3,5,10407,462811121,-1057006484,1275589622,-474236505,-2131953551,-506918140
1,10,3,5,10407,1084257903,1738587747,-1479605724,1980119727,170023832,532409230
2,10,3,5,10407,-608368961,-196144474,948460012,-1727304532,1683175337,-700247432
3,10,3,5,10407,-1381233655,1886548754,1774803252,-1356029118,1237143551,-470506762
4,10,3,5,10407,-478275086,1006400714,-2104132232,502549446,495328704,-1940475132
5,10,3,5,10407,785719077,-1040404970,858788312,1790654194,840081560,-1790811051
6,10,3,5,10407,524010504,-1572576733,-557824987,1823842722,746663067,1097912473
7,10,3,5,10407,1659241090,-1732784320,-1999637028,-1367531725,305379101,-775897512
8,10,3,5,10407,-37865472,234126043,624323382,-1807524588,-778207749,956265611
9,10,3,5,10407,-508621688,1672879045,-487231689,2119434353,670791810,-1390681424
10,10,3,5,10407,-1682759039,-1561307786,-1563405917,-1382628004,1846200144,1389374618
1,1,4,5,10407,-1390483079,1352263851,397392973,574627595,-1007587368,-414233041
2,1,4,5,10407,1652753557,-412749988,2135592234,-994411712,1757086745,865310733
3,1,4,5,10407,1518887375,149158349,1299598923,-1634295549,-152462217,1004018855
4,1,4,5,10407,1306140467,-2033263908,-823187583,1272769648,-1849893923,1287435305
5,1,4,5,10407,407077829,1516387935,-1412607453,-500323100,-1029459258,1077751251
6,1,4,5,10407,-959430092,1755103406,7319704,-306172247,-976925879,-1689177496
7,1,4,5,10407,-909795585,-416091148,1228647451,-1040353006,671087045,745596485
8,1,4,5,10407,1295997216,-864679048,-1847834424,85504743,-723042360,1022410281
9,1,4,5,10407,389079754,169637524,-795709447,-515445565,-133952209,81892671
10,1,4,5,10407,35053374,136165575,-417615955,-809075499,-2022434952,1626633723
1,2,4,5,10407,-1743418315,72087221,-117478582,122943890,650001494,280259164
2,2,4,5,10407,-2120144644,-1934096992,831705779,465209311,399061653,20736235
3,2,4,5,10407,1391791322,-1877603358,1488852536,-1089270818,-1635853967,-1478297385
4,2,4,5,10407,-1065805433,-623464214,-85240634,1877871909,577077653,460040504
5,2,4,5,10407,-1386352641,-1457685282,-1198078175,1239609286,553027800,874163606
6,2,4,5,10407,-1964967278,-735910233,-746211384,795811254,520380039,1717227303
7,2,4,5,10407,1198457955,-762719947,871747838,-124059579,-78825418,692631398
8,2,4,5,10407,-998289727,255599049,-1264769879,-824901842,-1882750546,-1772906729
9,2,4,5,10407,-993487190,632605712,675854471,1336547813,-1613251031,-78636379
10,2,4,5,10407,-458349380,317832031,634217252,-1499754234,-1524450133,1731144860
1,3,4,5,10407,-1370220242,1203265960,1114559603,-1390641611,1698552351,-1983765033
2,3,4,5,10407,539990442,-1039385176,859368529,-943619641,-1075153178,-1628728664
3,3,4,5,10407,1043283700,-1792497633,-144437481,-893105607,1449681438,1299930213
4,3,4,5,10407,-704470464,-1046271880,-656674218,-995329769,1753835419,-1212924767
5,3,4,5,10407,274372277,-1012477328,-251672074,155566567,-677761749,-1302839335
6,3,4,5,10407,-918037925,1845288295,1519823045,-1437714436,-513674417,-26614693
7,3,4,5,10407,-1331349120,87700092,398092661,2038344460,-1847362994,822340483
8,3,4,5,10407,-209579251,204615397,1324570095,-715533617,-1673720178,2056370671
9,3,4,5,10407,247265539,-716023175,-118474345,-1187904281,888197826,1206610493
10,3,4,5,10407,-353545992,-699591753,1310382725,-400627027,880351308,-1186072353
1,4,4,5,10407,-763630581,65810287,1110178703,-2047668234,1907888360,2085707527
2,4,4,5,10407,1528093231,1464026589,2125084019,868786522,1773707548,-931741971
3,4,4,5,10407,623952495,2060443364,-1306943665,1640390453,600760525,-2115887330
4,4,4,5,10407,2063673794,-14617136,1881002031,1313483108,-1115274903,-746115844
5,4,4,5,10407,747596647,54373131,1581855204,1309548977,-1531756293,-570107683
6,4,4,5,10407,-212722196,-2005526558,1928670899,1243686404,-1309105831,916871824
7,4,4,5,10407,2131529535,1455903353,1061654361,1277694908,521697627,1516853060
8,4,4,5,10407,1943658265,-1088278191,1180206540,-1382077450,-1533037871,2054117502
9,4,4,5,10407,1906115094,-1806197162,1862088309,-1242360451,310113837,1252239763
10,4,4,5,10407,1615142972,-1486972300,-213359598,2107339688,-1386419634,-1743601162
1,5,4,5,10407,606648539,997204779,-596387549,-1935789641,225876045,796508479
2,5,4,5,10407,-1010777775,-1144665131,-1776388519,-19430337,-223596290,1648856721
3,5,4,5,10407,1786597461,-1187735569,-531785006,-1499880390,1032616381,1372107700
4,5,4,5,10407,-1137550928,987437916,632541652,-1291393058,-2070585824,1295543384
5,5,4,5,10407,-133342682,1820921782,-1656460595,-1279993491,-1729941448,-1432452615
6,5,4,5,10407,1362397673,-753210458,1069940093,-919032887,544968008,2040525250
7,5,4,5,10407,-177703828,-349708105,-1546663319,-2086574070,734927676,2111868214
8,5,4,5,10407,2049985393,-1923410408,-2100406978,-2123123787,-1698927474,1348164130
9,5,4,5,10407,-1582528212,-1964505001,-1735037957,441151479,36335737,-806933628
10,5,4,5,10407,-1570372180,-813785977,-1325711861,1645262248,-1299337201,-428190569
1,6,4,5,10407,-1421649332,-1720575307,-1427358292,1100449073,2065743333,-985335792
2,6,4,5,10407,1401297482,-228709183,-1125862371,-1409591409,-1185354710,-544035551
3,6,4,5,10407,591081026,-1268852594,-761219218,40057912,1353562955,-1577160446
4,6,4,5,10407,387892673,-2058710067,1133352416,646138890,-1575623033,-414304742
5,6,4,5,10407,-6032790,378149659,706219609,1604792240,1385233156,785257414
6,6,4,5,10407,774561650,-237858317,-942074518,-1086160968,568959078,1551406235
7,6,4,5,10407,-1250557885,415117011,2017745128,1200838683,1509072788,-1195959399
8,6,4,5,10407,993275390,74968735,590659774,1804399053,-1780615412,1524459288
9,6,4,5,10407,-806318242,-1680471152,988879127,2135832353,426294998,197618862
10,6,4,5,10407,-1322482259,-1969798670,-1110842163,1071482304,-855981923,-108707931
1,7,4,5,10407,1912511531,-977937060,914628033,-2027517182,-1689439745,-1389166682
2,7,4,5,10407,1954836083,99910251,1174935608,1509897760,2138787085,-1369178987
3,7,4,5,10407,415324425,159098797,-581726360,1881303627,398305280,-91853712
4,7,4,5,10407,-1998021624,102262812,1675646997,-980337047,-1213471198,1092045169
5,7,4,5,10407,-1982370356,392449992,-2087846407,1628926338,-2079547733,1984734392
6,7,4,5,10407,-628804853,-1757070728,909637470,-285807391,1065220261,-1741914578
7,7,4,5,10407,1743719798,1333864090,-1499734140,331817172,2029494525,-1796202684
8,7,4,5,10407,1247313788,1426732569,403085473,730329094,-1039436150,664118097
9,7,4,5,10407,-2063336942,-2036460537,-171063822,378306234,473569870,1766078433
10,7,4,5,10407,-343424658,165269179,-906885891,356482537,-2100685224,-919926496
1,8,4,5,10407,90647761,-932461798,491880337,-1008872921,436469696,1856781696
2,8,4,5,10407,-813754968,-936942636,1560039621,-726892247,-1217210168,-970081025
3,8,4,5,10407,373567797,-500198227,1517995503,637018033,101320688,-1356287733
4,8,4,5,10407,1140175697,434848410,-1149136843,687668204,-9855538,1032426565
5,8,4,5,10407,-279968491,1318040208,-21290879,698588345,-1095884512,973577528
6,8,4,5,10407,1940631430,-1388695798,1097409758,-776519000,582546101,-1326661241
7,8,4,5,10407,824490373,497322949,-3264016,-157417894,-393816930,1661243135
8,8,4,5,10407,-1891805134,302272971,-1155179379,879423127,971017662,-259817736
9,8,4,5,10407,-2129427946,267993881,861017979,-124196372,1320693134,1292939469
10,8,4,5,10407,539267956,-1783389066,-668336492,-1742119900,811240663,832144249
1,9,4,5,10407,-1633149755,2087973388,1351448399,-1159464170,-186717637,-746794556
2,9,4,5,10407,-1864698421,-961128524,1264684980,1585585948,1290225030,878319661
3,9,4,5,10407,-379667048,1144444209,410771506,-985273135,702961408,991818110
4,9,4,5,10407,1664951351,1528012915,-1532282884,1642564086,276668979,-294168162
5,9,4,5,10407,-942514607,-2068473052,1693763822,-1740476900,-1043095911,-208546534
6,9,4,5,10407,-949744205,824567413,-1934643421,-323980252,-1208308829,-1013603043
7,9,4,5,10407,-426007177,26192015,-21526365,1270917197,-1908671519,319473228
8,9,4,5,10407,1316071440,1669674381,-1473297739,-766256524,1037046071,-621234962
9,9,4,5,10407,1596747327,2112261644,1774233290,275855798,-730953574,70339988
10,9,4,5,10407,-2057373407,730479133,-683099287,232978201,-2123952503,1056898274
1,10,4,5,10407,-1640009292,1382722415,421029738,-918503339,1496585124,-2136687192
2,10,4,5,10407,1935674139,-1085317767,-1962684933,-729951450,26275160,2117706597
3,10,4,5,10407,340425980,-237082917,1721779269,1455035844,-668367971,509124198
4,10,4,5,10407,-608203899,-1927126942,-332056528,-859912143,222947149,700927306
5,10,4,5,10407,835107470,-1989235061,474766631,-901156860,-909633008,37705450
6,10,4,5,10407,79815899,-2114945973,2108610942,-542853528,1636420151,223377461
7,10,4,5,10407,-162899956,518832509,242412486,-1038001132,1473775595,-638021787
8,10,4,5,10407,2108572980,-1079840673,1424799447,1659038946,1958160436,-868333847
9,10,4,5,10407,-259939272,819639785,-107770960,797709022,-2145027156,1202963454
10,10,4,5,10407,649433296,873534205,-1098144471,688456247,-326691257,-2075251088
1,1,5,5,10407,117977742,-1133345653,1996665190,1686216341,-884786137,1048193172
2,1,5,5,10407,-617798708,2100111160,-860063268,-1621901033,-867143188,-62056183
3,1,5,5,10407,695064169,-1839876584,504902229,1043810403,-2048897753,1598456181
4,1,5,5,10407,-692086404,-1121006950,-336279103,-1338696582,-353615049,602678148
5,1,5,5,10407,-1378632959,1372082143,-1110318001,1773104374,-2135473006,-1135420328
6,1,5,5,10407,-1726470612,544223232,1129823094,340643858,-259859227,1074113182
7,1,5,5,10407,-958159627,759711210,-316654886,-2124219409,-850060804,-1748242207
8,1,5,5,10407,-286135494,-417238904,2077251560,-423174754,-483896351,-519703508
9,1,5,5,10407,652858672,-1347233322,-289478150,2085258457,1301303690,1665604539
10,1,5,5,10407,-513470328,-495873396,2098181371,1962005181,-1729576175,-791571076
1,2,5,5,10407,-21240561,-376737179,-1284335361,1169492193,130063315,1436665181
2,2,5,5,10407,2009983515,-264652264,-1654382528,-1334643503,-631364657,635994460
3,2,5,5,10407,2043607138,-941058422,962112752,1016704629,1077640322,1061763252
4,2,5,5,10407,-1441623739,-1972709178,-675843634,-1387936737,2028752047,2138372827
5,2,5,5,10407,924883238,331276766,841884301,-1384676824,667364709,-1700057605
6,2,5,5,10407,-1331559347,635051413,-1431993061,1052627502,664263363,-117461165
7,2,5,5,10407,-2108648972,525681899,-1782001159,-799793596,1619422007,1439414192
8,2,5,5,10407,1596362656,-784833066,-1638197592,2102065500,-537131678,-1705388507
9,2,5,5,10407,-1733672749,-473288104,-652654674,1329508207,-161389316,1947126965
10,2,5,5,10407,-1918935174,-1348766957,-1224515829,1646619255,-114446659,1309116108
1,3,5,5,10407,-555140072,-528182121,80441925,-520535658,-1772481551,1040869860
2,3,5,5,10407,1336120128,1558189684,1802598417,-458140877,-1577489408,1592519112
3,3,5,5,10407,-1156102126,69884828,1602752283,-1257323696,1897956016,-2004341162
4,3,5,5,10407,-658309857,-517312248,-976603763,1338833496,949664930,-694839648
5,3,5,5,10407,639805180,-202101965,1158644092,363195631,-912540381,-1167450550
6,3,5,5,10407,733752519,1702429940,1280263687,1953728696,-1784832348,936227761
7,3,5,5,10407,-310620906,1586242526,-1613207073,-1910374956,1091049749,-1240231949
8,3,5,5,10407,-1350158668,2030175395,608312496,1923615698,1568187558,-1595069137
9,3,5,5,10407,688708697,-1610305950,-403590328,-1745137917,1274765922,35772353
10,3,5,5,10407,2112234886,1588540604,-987457312,944480511,-53995008,-1918102530
1,4,5,5,10407,997153213,371711058,1377966998,-83462173,-982709366,439373623
2,4,5,5,10407,138357105,1284820207,-890204978,1789860980,-1894556068,1161358261
3,4,5,5,10407,1903086196,626250241,-1727710798,-6816428,-135678786,-1510331482
4,4,5,5,10407,227391676,-1241270711,512264485,-1395252633,1100679000,-1130733307
5,4,5,5,10407,1704916264,1762661213,1902403769,-631212465,1994593604,254170733
6,4,5,5,10407,-1641994099,1334652875,630504356,226794672,-1523293870,-1554190552
7,4,5,5,10407,621407149,1386272470,-1254732977,1975386510,906702404,680113449
8,4,5,5,10407,-1098586820,2090710118,651004301,-1337242010,-657340578,1265683712
9,4,5,5,10407,1966847496,1179099952,1998394714,-1802116208,-1289566212,575141120
10,4,5,5,10407,118275097,1918520397,-1496117156,-164269771,-359698422,1721377151
1,5,5,5,10407,-117639683,-699971488,-808883820,117641275,-1101095213,1997190608
2,5,5,5,10407,-2120056035,-1904474844,-1555982440,1307189467,1392629013,1951180558
3,5,5,5,10407,1204041944,-1940265496,-682604370,-691153976,1172293993,-1980776178
4,5,5,5,10407,944415893,967674574,1122473111,1727014880,-1220550435,-603016179
5,5,5,5,10407,-1285411362,-335349950,-794162066,-1832372744,897037433,-927500471
6,5,5,5,10407,-1101478108,-1939923558,-801654587,1676207859,-333789701,-1899031505
7,5,5,5,10407,2128665968,286508364,-696691677,1328964349,-1523735575,-1729298723
8,5,5,5,10407,-1829106390,17735982,1545871731,-909194530,-1215511758,-1462981540
9,5,5,5,10407,-318094754,-68171339,2098491145,-1331554186,577189061,295316269
10,5,5,5,10407,2103899279,-844464210,728326017,331957461,-714683893,390734602
1,6,5,5,10407,-1377763678,-1897575921,-1398931870,1302195891,-2065684218,1628835979
2,6,5,5,10407,-788445717,1001274633,1705079655,-1545432199,1999415815,-515493559
3,6,5,5,10407,-1543834891,-1085911715,1005461639,-1840327732,-952644156,1219543139
4,6,5,5,10407,-243885872,2015000548,-162031615,1891379253,-1843141373,1056840817
5,6,5,5,10407,-633571461,769831751,2067454545,-1803968240,-391466648,-889778406
6,6,5,5,10407,1406707404,1729966238,323036841,-1976355627,-1565281328,1045227244
7,6,5,5,10407,-185035182,1927802828,-838873320,-909673228,-718495651,-1338354069
8,6,5,5,10407,-1803373348,651474963,1009498229,-285579428,1520965899,878565070
9,6,5,5,10407,-978857835,1302120494,1127240040,-79437871,-1937410501,635553927
10,6,5,5,10407,-1788588208,-1513680540,1322175389,1087591783,-1134850941,-1539915274
1,7,5,5,10407,-1871473082,656823305,-253714604,-983425745,67837886,-934438428
2,7,5,5,10407,-1191531047,2062292663,-935724223,-1307261594,49435482,-628884876
3,7,5,5,10407,-83695928,-1503567824,606569774,-479699732,1766563158,-2035533263
4,7,5,5,10407,-1787176247,-190089706,1309277278,1249464610,-842442159,-1921014133
5,7,5,5,10407,381185056,1724500311,-2117758034,96214350,-1238396768,-355066482
6,7,5,5,10407,564634711,-903867911,-1937085175,-433774251,-1999435937,-578932486
7,7,5,5,10407,1014965216,1604431278,-395144221,535644082,1236449244,49405409
8,7,5,5,10407,-666608022,-989113498,153345081,-1027233318,595041862,534040851
9,7,5,5,10407,-1888998072,1717991981,674118888,948130845,-833810845,-962283657
10,7,5,5,10407,-754077959,1620300235,-1591228366,480372676,-1279389005,1431596277
1,8,5,5,10407,1892386162,1997691502,368528521,2002146786,1946657997,1446433712
2,8,5,5,10407,1597944431,-1566070117,2027347594,-567033841,-677821241,-1264194652
3,8,5,5,10407,1659801585,209897204,1913666094,-1323186363,-304370718,-1304850019
4,8,5,5,10407,-534513327,334036152,785054466,-1357468318,-1790799460,-1884438213
5,8,5,5,10407,508174362,-11619172,-488637743,1292755230,-1772419583,332497976
6,8,5,5,10407,-1519815987,1078387842,1287625671,-77384672,-1534745354,-1283938486
7,8,5,5,10407,-580073716,1502603785,332449367,-1047679901,-1077009117,313714614
8,8,5,5,10407,569912272,9200226,1652322105,1716275269,1211430961,1459470924
9,8,5,5,10407,1833070588,-133237404,-942486632,-609257184,-914456196,-1401154125
10,8,5,5,10407,-1493118079,-634787046,-36470349,-1730193490,1496798548,-1854687918
1,9,5,5,10407,-2042630895,262958233,1739191447,-2103945114,1727157953,-1450685408
2,9,5,5,10407,1258681555,1297182976,-302754250,1229133601,-1321003630,-59755221
3,9,5,5,10407,-507367607,-1017975982,-419699884,-1800843922,-1387556445,-1297889519
4,9,5,5,10407,-163963624,-1690593569,241632528,1423211305,1923145275,-846371845
5,9,5,5,10407,-661279943,1741625940,297449229,1874854276,-1339999796,1546189772
6,9,5,5,10407,1203188065,-2047104730,134041496,776580422,73197543,-641976650
7,9,5,5,10407,-65068247,-1619293724,-1516693124,623633033,602055049,-495645458
8,9,5,5,10407,2054127442,-1188078854,1095242493,1712079800,-1291684107,-2141406497
9,9,5,5,10407,1781356139,-373208435,-1918385350,-1143974600,-208873380,-1885551002
10,9,5,5,10407,-2020891543,1847103968,-570690156,500849190,-700127022,80217168
1,10,5,5,10407,1344116144,301073479,2056280535,1359984626,-733313127,-379752100
2,10,5,5,10407,-208256,2034059473,875855334,-1849777665,1555582859,-736142841
3,10,5,5,10407,768931818,97868960,-662545570,-1545358043,192106267,-2008763639
4,10,5,5,10407,1148484838,1912902928,-1132491527,-1733864288,-1256928433,-65833278
5,10,5,5,10407,-757230623,160153802,-1618407150,1794587323,53521677,71283281
6,10,5,5,10407,-2143628830,-876658289,-2028619150,295062162,-993714857,-198446250
7,10,5,5,10407,-665323855,-151435308,-578466603,-1341608435,443435090,-1128538135
8,10,5,5,10407,993461499,-234060047,1855825593,1110490694,-2011410232,2014291216
9,10,5,5,10407,-1302591208,1418036271,1534871945,-446899046,-1760020455,1644734954
10,10,5,5,10407,-1859600089,-325045225,1057369678,-50008666,-429131049,-697269312
1,1,0,6,10407,1839082282,-1926636142,1976304239,1592217289,1746977811,1720762169
2,1,0,6,10407,-2068854567,1424414641,-1762468889,1565368314,-484596045,1283216012
3,1,0,6,10407,-1915135039,1878314150,1742178146,813868689,-880639347,399829491
4,1,0,6,10407,168087683,-550929212,1830884781,-170161982,-1328345721,-406111186
5,1,0,6,10407,1592456216,375039333,2006054401,267340246,-1673493901,-342368643
6,1,0,6,10407,-789989729,-440085664,115322823,-924855736,-814916132,1898085349
7,1,0,6,10407,1436809221,-186734384,1618720324,-1791027015,-758110182,165689019
8,1,0,6,10407,-539693413,-1403798542,-1935087895,788426491,1386733521,108924343
9,1,0,6,10407,-630821127,-1806607977,-1985726065,-48802456,-1585518074,-594654893
10,1,0,6,10407,-144730024,-2086548490,1389431915,-1287162517,-207829097,-189945213
1,2,0,6,10407,-1698341246,-1216215326,-992627128,-2005696628,-1916384034,-821503371
2,2,0,6,10407,1111379881,-621567422,978277642,2061706826,-832833099,178364428
3,2,0,6,10407,-428411859,-708998946,124249485,1901847031,-738070600,-450228930
4,2,0,6,10407,791113184,222254930,1411593784,-1561756960,-224686206,949134153
5,2,0,6,10407,1614621952,-444770009,-933248929,1927575084,-401721881,690176577
6,2,0,6,10407,-2002275338,-802399009,-1052325269,-1537032645,325123397,-1863633978
7,2,0,6,10407,-1119495657,-1919034952,2067822554,1863855,-2028510059,2009231265
8,2,0,6,10407,-590091125,1650050635,-732013607,-1953176259,1337563605,-159250692
9,2,0,6,10407,-1444989827,171640242,-335388082,-1601323764,1832237164,1747777297
10,2,0,6,10407,-1810131464,-791409288,244721068,2086161306,2020218867,-668484187
1,3,0,6,10407,2136640922,-108591568,70859389,1290176864,-1484867605,-1511685894
2,3,0,6,10407,1499563230,302938854,-681594248,999230625,1481484334,-2091363357
3,3,0,6,10407,-1819372564,-279544648,-1753103975,1053208747,911578331,1596648996
4,3,0,6,10407,793377974,-1871776100,1044085219,245170335,-1309770856,1599222634
5,3,0,6,10407,-54200873,2003925537,806472642,1988081636,633635838,2083945084
6,3,0,6,10407,-1505626503,-1111171181,2011272049,350991652,107955839,1456452967
7,3,0,6,10407,1561948648,107214190,25839267,1275862498,1009174335,1976257219
8,3,0,6,10407,-1471421560,-184540421,-319375740,246460837,-1060180064,257299537
9,3,0,6,10407,1471828003,1863278611,-611582894,122341691,1611776619,-2108684488
10,3,0,6,10407,-1480315895,-1727955986,1602496157,-306453371,612010265,1198233292
1,4,0,6,10407,-1886818367,-1381507316,1346745588,80097759,1684022305,668499575
2,4,0,6,10407,-1561670992,-752200685,849324540,1584782643,-589763065,1597381547
3,4,0,6,10407,867298323,1288255167,-1436605201,579753846,-679676375,1699761353
4,4,0,6,10407,-2114601486,2009067718,1780274127,-1683239793,2083035298,174674028
5,4,0,6,10407,1854474743,-62114570,1379043482,-1180714104,1557317158,1960174297
6,4,0,6,10407,1815418389,1810514717,355445023,-1922529956,-829174327,602644469
7,4,0,6,10407,-1239707341,-690532781,67002331,521800369,1881228755,1407622924
8,4,0,6,10407,280247750,902342871,-641768271,-410988449,1611552980,-1687358648
9,4,0,6,10407,1935860267,355826041,68088528,-766536700,1171971064,-745400096
10,4,0,6,10407,-2120385740,1268203368,-1453731845,292270861,-1960296754,1620953396
1,5,0,6,10407,1970149260,813563022,1330843349,164548539,-1584762029,-439893187
2,5,0,6,10407,1618215454,622241067,-243663874,-730858177,558916666,-1859466675
3,5,0,6,10407,1972955605,-130215021,-1874046815,-371086243,-669123565,-803510792
4,5,0,6,10407,1612000975,-743056143,-1060123198,1200590755,-2134180733,-1500969778
5,5,0,6,10407,-927031588,279104359,-144456794,-1729711651,1041024230,-566990691
6,5,0,6,10407,240523720,1501081483,-122196052,-1899832839,-969341956,1419227398
7,5,0,6,10407,-208527212,522017570,-1061832639,-246749585,1401370197,-1807789158
8,5,0,6,10407,-1184780828,1761894927,1847877057,1566396784,-525431158,-1562319917
9,5,0,6,10407,-926423079,1002262553,-1320125880,-764771066,-1955076636,-1451798197
10,5,0,6,10407,927473931,-1053328641,340548191,-1694226883,230209330,-1520534579
1,6,0,6,10407,395132549,952252317,1095377435,-1018712954,-843635611,-912726885
2,6,0,6,10407,1283362802,964293168,889614723,-829827899,1075110603,264175988
3,6,0,6,10407,1050514647,-1843367404,-1053141680,-714185786,-1376563545,-1123293272
4,6,0,6,10407,644186029,-1051336186,919251833,-1183862903,1197962936,-616418011
5,6,0,6,10407,-2106932908,-1147021136,-1433629320,-1924718648,1483144291,790938856
6,6,0,6,10407,-1815107874,-8656366,87117984,1640966610,1339812959,770199718
7,6,0,6,10407,1089297889,1246204117,-1450411007,736833817,-528817529,-969028954
8,6,0,6,10407,125987893,-1539164297,-1887286953,-1024242261,-1894644139,511533350
9,6,0,6,10407,-1745940296,685311161,-534598331,1954471957,-852205257,807391437
10,6,0,6,10407,1845477433,915201180,1986445772,-844851305,-518526881,-262763844
1,7,0,6,10407,2022895947,927600425,-1425207440,1067160801,1591281911,1052822038
2,7,0,6,10407,2097112338,2088612402,-1264861221,-904926101,1321297351,1751844782
3,7,0,6,10407,330049010,402817543,1494421913,2062260931,-1030822035,36411792
4,7,0,6,10407,-1693746820,1998377858,-298099748,-1090415932,-1003982571,-418486833
5,7,0,6,10407,-1404919714,-344234505,-1154046898,146257660,1520899449,1911451545
6,7,0,6,10407,-1806217020,-1092779515,-131355248,721423686,1735862603,283335281
7,7,0,6,10407,-1473233027,-1743427229,-1002986039,-1448502060,-545823666,-1617937627
8,7,0,6,10407,-11225321,-657789856,1081805122,-190132945,1873439527,72650969
9,7,0,6,10407,-4353099,-133333653,-2051049241,221541237,-1942489289,-1065284856
10,7,0,6,10407,1392934250,1774211602,-1239911011,2090899514,-292102477,-980334565
1,8,0,6,10407,219214578,407650262,447110679,35405360,1116176863,-714122442
2,8,0,6,10407,-1089167811,1811516806,-108862149,-145082457,2060239975,-1245878285
3,8,0,6,10407,84113953,-417459829,1024873757,-887477634,-592610045,-1907547974
4,8,0,6,10407,-1192632579,863901750,1450950706,1682647612,-100481379,755130925
5,8,0,6,10407,-1680030275,-145363017,-381249590,-525993937,2011239332,1781635263
6,8,0,6,10407,1381000055,279786898,-185782569,-694707609,-66573968,-293987334
7,8,0,6,10407,-203770455,-683887374,-302161885,-1548304006,650370602,-62915147
8,8,0,6,10407,1708375940,-988584451,1321263233,1880289377,1894875564,314978948
9,8,0,6,10407,-1018195537,321205528,-174473651,1565929149,-1650949783,1664173538
10,8,0,6,10407,-2104053554,-887893681,220492760,1050784002,-1372124424,-1605663765
1,9,0,6,10407,643613834,-1101675356,1148747686,-515085408,2006496063,-496298066
2,9,0,6,10407,1941466530,-347400658,256249085,-67350366,-879295770,-443903302
3,9,0,6,10407,-2057259489,1190184940,-2013172352,-1545618329,-486730721,720396901
4,9,0,6,10407,410516504,-1156917284,-403724208,-339247294,-29376202,-839054505
5,9,0,6,10407,169082561,-816811284,737775550,-466695266,-651236706,1565483851
6,9,0,6,10407,614436380,979206170,-542108326,680379546,-1220073773,-1505883749
7,9,0,6,10407,-2104088432,-101383497,-351703351,-1269639519,-2033696405,760086798
8,9,0,6,10407,-84666839,-426883893,22796931,-1130834913,1541726089,1750623740
9,9,0,6,10407,1659858554,-1364892452,-290542306,1808647672,305345508,-1031199046
10,9,0,6,10407,-646547700,-1225450275,1107138575,-834121446,-956453222,808568333
1,10,0,6,10407,1433276936,-422359591,935896917,461522378,691937495,-377803949
2,10,0,6,10407,115433317,1415615709,-501548046,-1633333090,-1439692563,424882741
3,10,0,6,10407,-1705203161,-1116820991,-59452760,971375818,-533617433,1029819551
4,10,0,6,10407,1571082825,-2077621552,1591282236,925749128,-1313571135,1812402676
5,10,0,6,10407,-1533052613,2005741936,582533030,-671305530,981931954,1650768162
6,10,0,6,10407,-1214042156,-2031522974,-1900369299,-1160389151,-815469098,1057352319
7,10,0,6,10407,-343898593,26299016,-2070777960,1257714058,-1196839611,1510008591
8,10,0,6,10407,2068951023,160640372,-1234242642,-933195940,-976999764,699288960
9,10,0,6,10407,-563427448,627354119,623654711,-1137429853,-2030536651,210010599
10,10,0,6,10407,-1259639620,-477688944,1815468503,-1447013577,1561954764,-1017443618
1,1,1,6,10407,-408679333,348792364,1590358391,1860165402,693159973,664253106
2,1,1,6,10407,-1513407930,331283760,-998170126,220579409,1176743287,-1423264295
3,1,1,6,10407,-1101628583,-414522868,-385298107,-1506742910,-467404342,-1926743309
4,1,1,6,10407,-1218877515,1472938652,1662524618,495859706,-1936477863,141225342
5,1,1,6,10407,1066746889,-395411599,435140237,207887008,1360838484,-2053922806
6,1,1,6,10407,1046654299,-1920647809,1493554047,-1101080405,-1375802500,-753898149
7,1,1,6,10407,417941095,317991970,1007271584,1796651677,-445096207,-1201255152
8,1,1,6,10407,486516226,500529609,285719442,-1962642959,1944591644,197261600
9,1,1,6,10407,96678210,-389046053,-1063216689,466582629,1041037389,395938484
10,1,1,6,10407,-1140643725,39686094,224315638,-2101720600,-340671594,70859121
1,2,1,6,10407,-2113174465,2127317524,394983707,-1320759591,-1681928810,1036305571
2,2,1,6,10407,-516416668,215142069,-685787916,58132960,-61415805,995942666
3,2,1,6,10407,1364169185,1689579459,1073958924,638314200,1098546875,-1998323595
4,2,1,6,10407,-1068012162,-112526078,430522635,555322798,-392158370,589948679
5,2,1,6,10407,1858664507,697893551,-1720700567,1494697043,-309352343,-1487891790
6,2,1,6,10407,632735476,472806785,-1176541436,505854845,-465388869,-314190081
7,2,1,6,10407,2002646840,930879751,-606610782,1734987590,-1898394756,-1356367433
8,2,1,6,10407,-1884642841,1010781693,426991884,166141496,-647355037,95986492
9,2,1,6,10407,1502224694,1373279181,-955022427,915967952,182242578,-480514831
10,2,1,6,10407,1890488703,1138742283,1135597909,-1281033972,1598345715,-2035957469
1,3,1,6,10407,-699124575,-341551588,1062201270,1799037342,-1399363331,1262002232
2,3,1,6,10407,1498024238,-272178863,1998770170,540406257,-1920357127,-66370131
3,3,1,6,10407,739942046,-1399186480,617495169,1606786133,-123620807,1275704711
4,3,1,6,10407,-1263723793,130549344,673437732,53837936,907561452,-435720669
5,3,1,6,10407,1714304650,-295600436,-1415255770,-582465525,-2103424506,-1792340670
6,3,1,6,10407,-1507014701,-1909270654,1183989608,-1435228344,1784729973,687794493
7,3,1,6,10407,-1300860922,1709448167,-1264271720,1242138310,1701485027,-1282574812
8,3,1,6,10407,625294498,-821239758,-799451632,-3304744,-298190094,1222566551
9,3,1,6,10407,1296568629,414503569,1662036111,-1474084801,1847959305,-1572184166
10,3,1,6,10407,1571147827,2075859379,-1348043332,372212826,-655232933,-2010639822
1,4,1,6,10407,289335187,1229157191,1911222724,254119164,618563764,951368574
2,4,1,6,10407,1234627157,1512150671,1954070539,1708340613,902032869,-1830739032
3,4,1,6,10407,134416041,1308407448,575043384,698727138,956153411,-159816908
4,4,1,6,10407,-1646350377,-469146241,1471611372,1528447276,-1099225127,1219964298
5,4,1,6,10407,-19341381,2135906771,-1008282294,-1416426365,-2042994430,-1563380632
6,4,1,6,10407,-1029790472,-861675469,995765243,916335768,620631617,-954409739
7,4,1,6,10407,1784202158,710050890,1654602832,1041929315,202492751,-42743485
8,4,1,6,10407,2109490739,-1210168589,-1672511139,1664435755,-465509701,-1990682591
9,4,1,6,10407,2068241942,-1400976079,-1740757314,-1032811228,882927648,-1438556542
10,4,1,6,10407,245622683,-217162266,-1846110765,-1417647319,517658447,-1131997256
1,5,1,6,10407,21119174,-2045749044,-1975039018,-2053222990,2078942657,-361637176
2,5,1,6,10407,-1130686417,-1285157311,659829399,839501433,-892379876,-1985551305
3,5,1,6,10407,736682908,1404446506,1136867768,-348480924,493955710,-2142585740
4,5,1,6,10407,1927099404,-80633175,543154047,-1236534747,-120867863,-22591288
5,5,1,6,10407,-596262273,-532615671,-299918268,1350665763,1034639940,-2043379447
6,5,1,6,10407,-1010389390,-222380669,746501836,-874020359,-1919989747,-1331565492
7,5,1,6,10407,-1540488220,95095023,-2128108390,1362265174,488952923,1779800764
8,5,1,6,10407,1438700175,-1278774031,-1539267204,-1573076374,528399266,-2142118309
9,5,1,6,10407,1129668435,-1751095122,608587469,-1879472833,-975395422,-641706843
10,5,1,6,10407,2124366911,1575513150,698716083,-1655072373,1525503030,-1278388730
1,6,1,6,10407,851003175,-295462584,418889390,-1391254634,477286896,1545861288
2,6,1,6,10407,1676636159,-1521811552,-638582189,-911622887,1576556701,-1965932843
3,6,1,6,10407,293611696,522892454,190448506,687239789,939676560,1092490386
4,6,1,6,10407,-2016150848,-1368139985,-1745922125,-1098479691,1633244935,208336160
5,6,1,6,10407,-2019572929,287936073,895921080,2025632870,1993139119,-1064349333
6,6,1,6,10407,1924680265,-288073360,-140282393,326941535,811076763,323208627
7,6,1,6,10407,-711478593,-1114624814,2063104689,170848942,-599181379,981212559
8,6,1,6,10407,998049936,886139239,410652878,-212047480,-1423977905,1789742310
9,6,1,6,10407,3383053,2090548232,-561564237,-1521813949,-92901317,1391765628
10,6,1,6,10407,1306709427,-1872195950,-877097481,869933704,1181995198,2028862250
1,7,1,6,10407,2040149516,1847498075,265789894,-939224168,281941121,-518301187
2,7,1,6,10407,479292729,1721686141,-194979416,-1253246018,147179842,-222861462
3,7,1,6,10407,-1902270597,-1009587515,-498055738,2045252335,-1828220098,2036503279
4,7,1,6,10407,1820797988,-953332090,1906264897,263837998,1543176205,828815539
5,7,1,6,10407,1958120968,138304468,-941268826,2085150064,-274827731,1196678059
6,7,1,6,10407,75285594,-696582285,-1995016021,-2042463880,-1257903038,1026835451
7,7,1,6,10407,34265619,-893619051,670104971,1223707288,-946031285,815322416
8,7,1,6,10407,2049216619,-1788435173,-1757678903,-784472428,-700179985,1908044735
9,7,1,6,10407,467729893,1899978857,-550127939,-894339669,1125439904,1529260806
10,7,1,6,10407,480250051,-1582826789,-774332055,-1984711847,1092453903,-2032405153
1,8,1,6,10407,-197733055,852571593,-1901543584,1122914029,-363323114,433978165
2,8,1,6,10407,-989186511,-134277733,177161217,1150818886,-1529227680,1137519902
3,8,1,6,10407,1048634308,270615837,363032269,-1964466182,923419531,-257153213
4,8,1,6,10407,-1831120814,-1345731792,-495461782,-122670246,-1291361278,-813498681
5,8,1,6,10407,-1459147619,1392483846,-1980642768,-504536665,325923845,-1196814710
6,8,1,6,10407,1162418957,-2027401243,-264377992,-235994738,1607480669,17540285
7,8,1,6,10407,-906773232,-908337528,959421862,177110033,-824871768,403590660
8,8,1,6,10407,-369375859,-1611128833,-568606760,2146438986,615349796,1057815311
9,8,1,6,10407,1779728909,456102585,-673835271,-800239066,76037386,-790499672
10,8,1,6,10407,-2139079267,-1566678577,310803867,1496951472,1482483064,771911994
1,9,1,6,10407,-109268862,1242102169,246926933,-546869784,-128479308,-1522893649
2,9,1,6,10407,-846483512,1846344702,1934937854,-230759332,-818444779,-1589433909
3,9,1,6,10407,-1316204882,497341622,296769719,-447984011,-874233258,-104564768
4,9,1,6,10407,727018059,-1050482332,-1339180601,-1596082949,1609443723,-403728851
5,9,1,6,10407,692161899,1199552716,105815054,1779800718,-1960293019,1629443314
6,9,1,6,10407,1418643486,375902229,-1379746003,987228764,1045652486,1606342686
7,9,1,6,10407,2116364312,-1839243331,19608994,-1603747270,1469527321,-1582409743
8,9,1,6,10407,5649073,931888551,1165781121,-439890598,-1990465308,1866628426
9,9,1,6,10407,197616084,1792911377,-1564746469,1595345335,-58537075,-1545186835
10,9,1,6,10407,1595095547,-1593219381,855410619,1696089426,718577463,-1310095163
1,10,1,6,10407,-1139939170,584009729,-1018496439,-1040117794,1711488282,-1766160667
2,10,1,6,10407,7036932,1252522378,-2002989308,-554067920,-1914693367,-39087154
3,10,1,6,10407,-1607948099,-930999990,1577183018,-833791979,1162145143,-1709499298
4,10,1,6,10407,-1350147542,783524058,-1275585664,-1460521442,621718941,-965306294
5,10,1,6,10407,1639256165,8817776,-1252593866,-1922809860,1648147668,-1133588606
6,10,1,6,10407,1441462598,301517294,-451217500,1424204984,70608823,-824161883
7,10,1,6,10407,382666567,677262484,-1968360493,-153150872,584600050,519996538
8,10,1,6,10407,-268380934,1805094143,-1744055893,-1282252543,344698645,772077091
9,10,1,6,10407,2123151277,-2115588557,-49113945,-697607459,1652728019,-2131368
10,10,1,6,10407,393750703,-1573880957,-332723793,1861601900,-1496663683,874677830
1,1,2,6,10407,1243511909,857194380,14268317,-426695361,760766396,-147729845
2,1,2,6,10407,-191963134,-953358014,-317413540,469977457,-1163175699,1042769495
3,1,2,6,10407,-1773249613,-2128205244,535895595,-754845326,1826427501,131910813
4,1,2,6,10407,799696019,-1587122985,1260885967,-868861711,1433172160,2039608390
5,1,2,6,10407,216112989,238485464,945855043,336388810,1780421508,1210515264
6,1,2,6,10407,192418870,878665052,-907984567,1140881295,-1288163763,-864915001
7,1,2,6,10407,-2097141964,673942864,89548645,1345302054,643771576,1693001232
8,1,2,6,10407,-807471386,271452494,-826927729,-1385348371,1697798872,1435710177
9,1,2,6,10407,-874966238,-1395347368,-931958932,905661794,282476283,-1632294964
10,1,2,6,10407,-1943262342,2084698105,841521545,-1937684410,-405810749,-1906816996
1,2,2,6,10407,-1077983106,-1489979911,1128080120,-330059323,-657525559,1104255672
2,2,2,6,10407,-1104036762,-2115442106,1543257942,-675048059,-1015666540,1804628334
3,2,2,6,10407,572524706,1034745657,-1685671082,2049829324,1814402962,-1013590766
4,2,2,6,10407,284031247,-699627682,1290183971,1772424351,1217312766,-2129899085
5,2,2,6,10407,-2059709477,-2055645943,-1272573503,163408743,-333601986,896653648
6,2,2,6,10407,-805495443,1225378349,-1212230336,-1310530972,1650539209,1779577556
7,2,2,6,10407,-1179367603,-748485756,140292942,-149974112,-1645726366,1694059601
8,2,2,6,10407,1340030137,-1314526399,-1680721474,-359619601,-731927715,-1703995542
9,2,2,6,10407,1323664266,-16067326,-2038197974,2035138918,-1205189234,1633314766
10,2,2,6,10407,-274381033,-1878103433,1178372219,-973557221,-221900420,-859492812
1,3,2,6,10407,-1619602782,1855600970,-1256005945,-705101045,-519361028,-14910943
2,3,2,6,10407,-209896729,787123429,372281887,-542339065,935453164,-1885075473
3,3,2,6,10407,-1074361245,-1071061264,-8409389,934353055,-1058310321,309921036
4,3,2,6,10407,-1293428477,-2104222010,-286335427,1730852353,-402603281,2139478283
5,3,2,6,10407,-704696057,-580474551,1153554681,948224906,2066561803,266207351
6,3,2,6,10407,-2053096103,-196573995,-1065792170,-786557094,454664009,-798465668
7,3,2,6,10407,-2119115269,392196081,-202271771,55328565,1564346824,2145617348
8,3,2,6,10407,-253525550,-1143610698,939433840,345743668,-440065016,2051028250
9,3,2,6,10407,-372807839,-975821450,295545703,-379199623,885602997,-480472310
10,3,2,6,10407,-1115464801,491423597,1220777868,-502105069,1818691692,-1540173444
1,4,2,6,10407,-812610199,-2066452307,-1520385384,1128899474,1485215990,1487135292
2,4,2,6,10407,-27671443,123739332,1916972830,-149125520,-1750730651,1029557055
3,4,2,6,10407,658009347,2122110941,-408168013,629331750,-1377580727,1293345945
4,4,2,6,10407,667060491,-671287363,-52790539,880034880,-735760961,-74435748
5,4,2,6,10407,-1054088061,-1730832367,-1219807698,-2097259767,1561005008,131981149
6,4,2,6,10407,268996265,-2129369172,984302510,303793857,-517709121,1525656536
7,4,2,6,10407,189720338,1963197035,485725601,2138085399,-824824090,-579301731
8,4,2,6,10407,1362884221,939515057,896617804,234633729,2125055436,-1703675638
9,4,2,6,10407,1044774368,1200730468,-1345721308,-523303674,273112622,-414352742
10,4,2,6,10407,-129070561,444262303,1563132592,-290659274,-1766171246,-1305188311
1,5,2,6,10407,872220396,2143317620,-2107336010,1710015484,-1434503882,-2061792135
2,5,2,6,10407,-744525325,-2103755587,-1222626158,-1301586477,1231427830,1793622792
3,5,2,6,10407,1626584355,-1744751165,147413635,-435449110,1114086840,1122866940
4,5,2,6,10407,-1955578066,1111633460,-1022432191,-402228172,-125348606,1484543361
5,5,2,6,10407,797605993,-651524076,-1123779716,-1120088415,-340670180,1589943397
6,5,2,6,10407,1993108511,138493835,-456834936,-938255916,235978292,1763583388
7,5,2,6,10407,-1160317122,1375763118,-1361778120,883191973,1339227408,-1632728755
8,5,2,6,10407,-1474190196,-1789687574,173288100,-1680475113,25092691,-504709718
9,5,2,6,10407,1800109137,-483713653,-1402258345,-1595378041,182351132,-347118814
10,5,2,6,10407,978844358,418590281,-1458317667,-561636120,-735219247,1607698315
1,6,2,6,10407,821227169,-2122901583,1551447672,946742562,-716366052,-969239988
2,6,2,6,10407,411376983,-333014453,-500729756,1053443675,1675368532,1286856031
3,6,2,6,10407,-553325503,533144778,68679261,124798745,-1652714729,-1231313320
4,6,2,6,10407,-1817487602,-1066669345,-264675955,1294648011,-606610075,-1727183841
5,6,2,6,10407,-1882712558,-925543437,-1139773358,-457942026,1681605574,2136033754
6,6,2,6,10407,-512775399,1669876316,-2082269936,-94479856,1604870400,1583077181
7,6,2,6,10407,1933444010,479587031,488991876,-674627292,-1196616907,1622748759
8,6,2,6,10407,1870137109,999942413,-283254728,1667419312,-1301094758,-1463839378
9,6,2,6,10407,-740287992,1177568488,1123808222,1794659253,1708731833,-708602276
10,6,2,6,10407,1252367403,-1500979380,-1980301609,1188636129,2124564241,-238466328
1,7,2,6,10407,594871691,-1379078791,1908016555,-19781502,-284621217,-1951218442
2,7,2,6,10407,1700498879,151985118,1344983252,-1821104045,90907070,-1964804015
3,7,2,6,10407,158527893,-1065021428,2115720136,-797049665,-840108889,1602090561
4,7,2,6,10407,-151284634,-899225104,1360264764,-446498482,-1955675897,608667143
5,7,2,6,10407,-1529767596,-1392843113,-1061916225,815290054,-314338626,211813990
6,7,2,6,10407,1567838257,829981079,1259580055,-2009050530,108618111,-714566464
7,7,2,6,10407,1928121554,2057352812,-680158595,-984972999,1954880461,1416077132
8,7,2,6,10407,-998047398,1612355853,-582387776,-277498014,-1208828310,-2045979019
9,7,2,6,10407,-1851442331,498614638,-685165893,1441680180,-1463978876,-219370859
10,7,2,6,10407,-1913734726,1037761185,-497415966,1584508143,-560997477,-1925056357
1,8,2,6,10407,-1535541366,1494336167,10892172,2000258739,-2105815319,-1478720237
2,8,2,6,10407,2139264867,1679912703,1911840211,1861361131,1560630885,1865081211
3,8,2,6,10407,-134594860,1341993045,104797186,602641317,830734656,1691771023
4,8,2,6,10407,-174021470,-1095045570,-1136060124,-1996838584,2008746019,1854733015
5,8,2,6,10407,1833059563,-1108439291,-1464610020,-1537586215,-1430188240,1134376589
6,8,2,6,10407,-589776977,1258932887,1945760213,-662149538,-629539185,-1191393796
7,8,2,6,10407,1029273808,-1705941781,1859344219,2060787791,-2052896054,-361085252
8,8,2,6,10407,-760629550,-888492421,-430764255,1644273673,337692543,1015921780
9,8,2,6,10407,737711281,-1976380882,2018088110,-1971188680,-1505668254,-1603825953
10,8,2,6,10407,-894313323,-1592356116,-1362515714,-391469222,192011153,-2000068351
1,9,2,6,10407,-1241551421,2087756017,-720171977,-1397447647,-1875963370,-883541582
2,9,2,6,10407,-966192930,1293372811,-825430744,601532488,-1965969037,-50117071
3,9,2,6,10407,-1107494327,-1126225705,-1854550983,478891391,-1738966487,1669658687
4,9,2,6,10407,1294124679,1277152887,-1037467980,724783646,-1379673752,325769352
5,9,2,6,10407,-1328422412,-1540858744,-878494300,-787590965,-2137773190,-2136612136
6,9,2,6,10407,1535698447,-1190882130,1656299368,583877151,1419930132,-1730215234
7,9,2,6,10407,5751648,-1606438654,-676746487,-794638413,386288191,-574079289
8,9,2,6,10407,-388134039,34250472,-853586114,-1190564114,-336228479,731918454
9,9,2,6,10407,258332452,754051880,-1261330702,-2046489132,2075354820,-469266810
10,9,2,6,10407,-483651952,-1462680324,731047993,-288943180,1143721808,432127216
1,10,2,6,10407,-1680054764,439121879,1793925126,650314449,-952224909,809602337
2,10,2,6,10407,345804979,705431234,1115760708,-550579742,-199744893,1837964530
3,10,2,6,10407,-2016267284,-494722191,1588730651,-1243316105,2017648003,-707269853
4,10,2,6,10407,2076837004,973094396,-320367734,965608553,-249454052,-77051456
5,10,2,6,10407,816594904,-1667930147,-1083703753,1642049078,-1557076816,-256262080
6,10,2,6,10407,-449701353,-453803806,960151445,-1333162313,598144421,-1743699276
7,10,2,6,10407,1345875971,1447698372,-331578160,739912498,-1158799553,1135272663
8,10,2,6,10407,1941685588,-243185447,-1693662763,1036697239,-953362964,1289489529
9,10,2,6,10407,958890424,152857779,307936675,1758924624,1022540201,-2015198498
10,10,2,6,10407,475298628,2033888368,-893529411,298182388,504852498,1702003720
1,1,3,6,10407,816692962,-1064055369,-1805287406,-498731777,-1999713858,1028393840
2,1,3,6,10407,1760213619,-366371393,-1042691448,1835611501,-341754110,549340144
3,1,3,6,10407,-1324008963,-2052439298,1879005628,31532638,-360441392,-90255882
4,1,3,6,10407,-328817267,-730764046,-1918999932,1741832634,2102114577,892358366
5,1,3,6,10407,1092962969,-2015711507,-1482098188,31247744,-755322669,-534662429
6,1,3,6,10407,-1227789568,1729450225,-2105805836,-1774785516,733670065,245319999
7,1,3,6,10407,1218569554,1889215388,-1441055783,94270441,-534849025,-807509708
8,1,3,6,10407,128493368,-2093007524,-795114854,538929345,122900849,630596199
9,1,3,6,10407,-67226613,1421429395,1749661811,1068470236,1431415552,-1693088943
10,1,3,6,10407,1726030592,1827308149,-2079439536,-473743522,329292542,823836205
1,2,3,6,10407,-243415192,-258838250,424959533,-884538294,-215351424,-1306247869
2,2,3,6,10407,-963262037,-1284717726,-2023899104,2123479716,445327213,-54577330
3,2,3,6,10407,-1068752910,2045269793,-1962804780,592887382,-753951242,183584085
4,2,3,6,10407,1086757830,-1108982779,1108751490,-540011832,-1822897318,-2009323218
5,2,3,6,10407,949478559,-1190029066,-1164712954,-1593052212,1646411701,621224191
6,2,3,6,10407,1651376238,330872094,725653637,-850340027,1767019576,1184329968
7,2,3,6,10407,-817065353,694137813,-1545527035,-1531537152,556260607,1942229075
8,2,3,6,10407,-507125058,-345520219,-327977902,-2114636890,-1748640120,1594827235
9,2,3,6,10407,148738344,2010313319,264212901,562786750,1119906061,209737627
10,2,3,6,10407,1706203008,796336193,1298507873,-2054674616,-2009280445,960021879
1,3,3,6,10407,-1040111553,1049433742,821423524,-1659956325,1246502877,-93123814
2,3,3,6,10407,-177532432,108362807,1904185020,621006682,-332441252,1720164939
3,3,3,6,10407,258781331,-424101422,1891075536,-387181458,1712614554,1349377504
4,3,3,6,10407,-1674294546,887044855,-643979323,2100485327,-1017496008,-1735621601
5,3,3,6,10407,-1025041376,-1289426848,567744311,910083514,1081310857,-1402422806
6,3,3,6,10407,1034326604,-1390989954,228866437,-1925302030,1153361598,-1520021048
7,3,3,6,10407,1072037347,-179562425,953874039,642519492,-537337489,1294424331
8,3,3,6,10407,777337929,1494639129,-1055760015,-1616035099,-50382271,-1650584316
9,3,3,6,10407,-1458586988,-2037555156,-609885329,-17275540,692049066,-2033447750
10,3,3,6,10407,1025698702,1239490423,1039995944,177886030,-1110976267,-1108410474
1,4,3,6,10407,5874342,1484034803,150435931,-1788056832,2389939,495511523
2,4,3,6,10407,-1701119698,-95232633,1820661406,-2100136636,1150389049,-1761324638
3,4,3,6,10407,803682030,-1908970565,547579352,1548723216,-28172631,-1792706832
4,4,3,6,10407,-1135487880,-2059075484,604733672,-1596221344,1762360860,1222689618
5,4,3,6,10407,-1009712439,-227730477,-666774831,-415764005,-905011976,-184626080
6,4,3,6,10407,-1120616206,872004630,-831720352,-355334742,1200974561,-1699376248
7,4,3,6,10407,222137737,-1874222663,-519142911,-1319048672,2070005321,-1534062876
8,4,3,6,10407,1280198035,-239851221,-383497704,2122128273,-1018101143,1768251720
9,4,3,6,10407,-144367585,1032445584,1037638166,-295803519,-818513597,55281253
10,4,3,6,10407,-2001644552,1752680590,2105824194,1672523818,334248110,1289179299
1,5,3,6,10407,-931223871,1517454849,264246997,1434009227,1823552642,1576702625
2,5,3,6,10407,-932668525,755603412,-1988818790,-796055682,1503067591,-1513435369
3,5,3,6,10407,-1373359802,1189455529,-1972068365,1673902720,-198801680,762534792
4,5,3,6,10407,1181933216,1481318327,-1132740447,320724026,1218748479,-1852003894
5,5,3,6,10407,-2143110812,251366942,-994906115,1401191448,1693876009,400928527
6,5,3,6,10407,-1483358182,-1521729794,-1409926139,-1197979214,-2109409416,-1501250717
7,5,3,6,10407,-1057201013,-1860097989,1891251583,1993602773,-102235005,-1231795259
8,5,3,6,10407,-368912915,266016044,365336594,-396708521,-2023123622,1972828053
9,5,3,6,10407,52565441,-368753548,-1352279188,1969545001,2036434347,-1639963646
10,5,3,6,10407,-777960156,-2061474730,-281288117,-1415749136,-1772519067,-407642330
1,6,3,6,10407,-531951741,817256491,-908063302,403025925,-945337266,13703995
2,6,3,6,10407,-786412756,-1486597010,-862881263,78897846,-687431517,-1996003666
3,6,3,6,10407,930210710,491027317,-1109591686,-314660097,1413813385,1845975466
4,6,3,6,10407,-231609456,-769323503,648280323,195218206,-649285957,1022897442
5,6,3,6,10407,275564876,-1641339178,-1253843187,1430225355,1262639529,-914813457
6,6,3,6,10407,349334004,1348933257,-1486884277,748824946,818352105,1907695505
7,6,3,6,10407,189602266,1624990331,-957144123,1786992584,-485632156,-1755133717
8,6,3,6,10407,629043757,1741434339,-1787044803,-408998345,-1363044104,-317571523
9,6,3,6,10407,-833105013,-311702821,1890685496,-139753018,-865478973,152653848
10,6,3,6,10407,-471381852,-128652251,1817678819,1804131021,-1146325647,509406391
1,7,3,6,10407,-1107072635,-303946869,-1616376042,116900770,-376752252,-677581400
2,7,3,6,10407,1535907476,-7561424,1373826689,1995700507,-1381833901,1378445696
3,7,3,6,10407,1646775281,968976968,-1319090785,-693722481,1761909936,-1863031869
4,7,3,6,10407,-823450097,1978649322,1003225247,-1444626470,-1770987609,-1381124652
5,7,3,6,10407,-1188803758,1934963283,523078294,-513990833,384871387,-1426006704
6,7,3,6,10407,-811170017,868892302,282111415,2094406221,1017498072,1826716707
7,7,3,6,10407,416435166,-340873091,938655547,-709218664,-2056225274,-2142439841
8,7,3,6,10407,-315931521,-517913661,1880834875,108163205,-1090178331,1440319212
9,7,3,6,10407,247481056,431375733,-865316804,-341953845,-1174965718,1807713268
10,7,3,6,10407,1355930553,828605352,-261461584,-1239520380,-1656249203,177837939
1,8,3,6,10407,-1004993681,1719936030,-869045315,-1844518487,-294323059,877432785
2,8,3,6,10407,1424118201,-573631533,778136771,1022785555,-1695363350,-1335882512
3,8,3,6,10407,-1793548897,421721919,1055351754,-328389379,-1028765198,1568494613
4,8,3,6,10407,-605220554,929879376,1296270768,249035439,-88957271,-1601980134
5,8,3,6,10407,327011547,1768135895,842053445,-440601874,229305677,-2107961487
6,8,3,6,10407,-1941691702,-845932767,881319066,-1009715791,727967479,429179895
7,8,3,6,10407,-1130674897,-1569662031,952838225,-558002648,-511329870,2103478186
8,8,3,6,10407,720765405,-53793395,-1887052099,1609166553,560563624,1160373812
9,8,3,6,10407,1264448640,-139456128,107763339,55365992,572083563,1137136240
10,8,3,6,10407,713652395,-1781199626,-117121910,1303344545,363164768,1149776948
1,9,3,6,10407,-1823406750,-1101723981,-1477900794,1226254245,628860760,-1213556454
2,9,3,6,10407,-2132924121,-861149878,-749295684,-57951316,1516076597,-1492860614
3,9,3,6,10407,1611450384,1897857515,753319638,-770805037,-1620533153,1966010876
4,9,3,6,10407,-396836947,-868670040,-2141735949,1050382561,-65890188,831364775
5,9,3,6,10407,977228221,662762726,1481617070,1997468620,-1285192939,1706366497
6,9,3,6,10407,-1591977319,1503323518,-165636667,1383877815,-1294060530,914193582
7,9,3,6,10407,-2139848012,-1630296830,628794617,2070048779,-681522726,159058808
8,9,3,6,10407,-1977947075,1497957866,65351834,-2016380631,2018071316,97609838
9,9,3,6,10407,965743336,1473738764,415856679,2128581778,965987716,-847488163
10,9,3,6,10407,1239751600,333259131,-58674038,-627458269,-200812515,-705346712
1,10,3,6,10407,-1984115353,664158527,-1110315887,1117669201,1336279684,-1541851215
2,10,3,6,10407,-217003199,-1459150158,1147859733,288520490,-1365383493,396374934
3,10,3,6,10407,-999114391,-698380580,409671980,-974406988,1714007226,-1790794265
4,10,3,6,10407,992616481,-1827651740,1623101745,1917960441,1658755987,1050039278
5,10,3,6,10407,-1968082400,-1995674029,1711315147,765259736,-1163878215,-1344999524
6,10,3,6,10407,485524056,-1120916142,-1303258713,1414449775,-738932433,930982385
7,10,3,6,10407,539397677,-1381734875,430570225,-767685562,509072018,960346950
8,10,3,6,10407,-1546892365,-8577964,-730125672,1058784755,471306834,665919065
9,10,3,6,10407,-1573758524,-1171693787,176774610,-974142218,-1440261073,-997460754
10,10,3,6,10407,-1510233046,1011682737,-1254555437,1143417409,-1574175120,-1345639121
1,1,4,6,10407,-1637078723,-577628338,-169753508,-1672048347,-926154105,852171887
2,1,4,6,10407,1898091699,-457734289,-280244677,-1578282313,598560133,513275315
3,1,4,6,10407,-754852439,1343608257,-665073407,-90393193,168437088,1180940026
4,1,4,6,10407,1672879847,-883069105,2047146471,147452623,-1552695020,810334116
5,1,4,6,10407,68824140,696331330,92109016,181644392,-785210363,-754458059
6,1,4,6,10407,-1599944041,-850701805,-1450522761,-549325120,2007313806,-688935058
7,1,4,6,10407,507451489,2140923993,83639638,269009824,-1688737648,-1126207076
8,1,4,6,10407,1242361068,2000506919,-2052737502,1318221078,-1255269590,-632937383
9,1,4,6,10407,-1383965165,1293603608,-1918483848,-2121227389,-1721051821,-246435531
10,1,4,6,10407,-1380380100,-54068031,-619716262,2055398322,779698656,-1460752939
1,2,4,6,10407,442930162,1916432324,-1432936037,-120916385,-599276232,-1248704103
2,2,4,6,10407,140244103,1770372351,-1366253939,-1411103979,-84301395,216587476
3,2,4,6,10407,282699533,2062411324,1542989529,1303005687,463908562,-1089732933
4,2,4,6,10407,1468622582,1980391728,-570766331,-1683108086,1090430909,838955793
5,2,4,6,10407,548965354,-397922619,-773610015,842400159,-1806034415,-223480308
6,2,4,6,10407,896001416,1035090468,-345674792,1183657685,445363127,-1153265316
7,2,4,6,10407,-82232712,-3773843,103680118,877140158,1283579118,1201557132
8,2,4,6,10407,1209765142,1136272055,1526441156,864127594,-2073123226,605166990
9,2,4,6,10407,604408807,1664647325,68487567,-1188877390,-521933813,-120699408
10,2,4,6,10407,-1930086364,-1954786769,956743424,-383044178,-1571205614,-514727307
1,3,4,6,10407,1147620871,-2044304762,128825892,-882018521,-1819664265,-861092224
2,3,4,6,10407,-364283016,1244385856,110138548,552604158,477877441,-190480301
3,3,4,6,10407,-1376098012,-148662091,-1613660840,1765356950,-1304757274,115646442
4,3,4,6,10407,326152470,633791135,1986935934,353441353,1612960757,1571539971
5,3,4,6,10407,1842056569,-502951739,-220934923,-644231706,2081983161,242958530
6,3,4,6,10407,1825298425,-326300564,1641205327,-1357767405,258255389,-390976307
7,3,4,6,10407,-1313315230,-1940009125,-566932123,-1134928443,261255126,1353058835
8,3,4,6,10407,-392261505,1648077190,-1689309394,-1168235222,552581258,947622822
9,3,4,6,10407,-1680697232,-469620481,590237852,-802593584,2013138001,383077983
10,3,4,6,10407,-1779597712,-1019285975,-657361967,-1129872470,2081189875,1602781926
1,4,4,6,10407,854585306,-1660070666,-712408714,1288061855,151284431,-517379238
2,4,4,6,10407,-1940812713,-284666644,1132649189,20352796,1765200531,209462115
3,4,4,6,10407,976402571,-768575902,1681344591,-777060566,-669428274,1319327105
4,4,4,6,10407,-1433663418,-714617282,-360446522,-125821439,1381137270,1062130706
5,4,4,6,10407,-1652670986,1106325554,-1978531133,-1263902697,1466720020,208981607
6,4,4,6,10407,-1550944305,1567097911,479213650,372767708,159516596,141415905
7,4,4,6,10407,-1221553412,1228265102,1831970762,-472977005,1639327687,1605656851
8,4,4,6,10407,435042249,1496317679,521688212,1036834143,1287598949,336968392
9,4,4,6,10407,-1443447137,-458054775,638115821,-1122652420,-2038742897,-237318362
10,4,4,6,10407,-343799634,-318655023,-851095307,1462501779,693836132,-1178073666
1,5,4,6,10407,-1401279079,-1654770705,1079909015,-54202724,-2005213521,-982574030
2,5,4,6,10407,641840362,-2099979818,1656244312,1236251689,-706240673,39057252
3,5,4,6,10407,-1203561397,-1166751657,1585260521,1935631514,-464020765,-1361107640
4,5,4,6,10407,1241339152,631346864,-782986368,-675491535,399280593,290167075
5,5,4,6,10407,862504682,-273507573,-1194397261,-127743369,1766503441,1847340666
6,5,4,6,10407,-1028765476,1845989741,-1166544856,1788319199,294482666,237318908
7,5,4,6,10407,1020653316,964102730,-1925317999,-600795525,-685547676,1630600920
8,5,4,6,10407,-1652159124,719533875,-438891032,-38394886,1156408001,1090830929
9,5,4,6,10407,-382257783,-67079536,-122101227,-1338155576,-1635827958,-1502866182
10,5,4,6,10407,560569420,1355166490,469226785,1098976786,543706477,-1495292231
1,6,4,6,10407,1813403778,-1332573441,-1058173915,1586080633,-1515261492,1020685242
2,6,4,6,10407,1498848491,-1567003713,759579963,-1605231860,1427160623,1060636828
3,6,4,6,10407,-1948921449,-1792183078,384659316,-1033971738,492770545,1802358456
4,6,4,6,10407,1667518185,-254047320,-827080606,593746654,-1057105717,442896139
5,6,4,6,10407,-1088861145,1854802745,-373257698,-1000999467,139173074,1103842382
6,6,4,6,10407,-1717514977,2111028274,2130241690,284348594,709734142,1659631026
7,6,4,6,10407,-1154663310,-106465937,818164038,1240114875,-174238883,2042042293
8,6,4,6,10407,498151648,-166629870,-581199570,2091050107,329722053,-448905557
9,6,4,6,10407,1052789359,705754556,-1822739666,-1096489372,-1860951656,-1737206583
10,6,4,6,10407,1137314460,701882432,667514326,1330334106,252643653,-1794901096
1,7,4,6,10407,-880327488,109994689,1536124651,460808472,-565284046,190995059
2,7,4,6,10407,-450054791,-219398184,-528549628,-2118673212,-1704128913,1545550188
3,7,4,6,10407,493791662,-2053130175,-918728688,-532145410,373358934,75505699
4,7,4,6,10407,63873596,294609146,1546661571,6281362,1907530788,-894851635
5,7,4,6,10407,1696409941,192169408,-1126734935,-47101316,694851487,-1989500504
6,7,4,6,10407,-1273462079,-7789882,-1024579111,-1004597187,138458357,799302139
7,7,4,6,10407,-611002082,693982982,-1843686895,-1634911353,-1870251143,1705494277
8,7,4,6,10407,-1687674338,167410333,-1125611922,-1237103319,-139886927,-711128193
9,7,4,6,10407,1920820510,-1448682263,-744670572,-296058241,912105363,-1162318523
10,7,4,6,10407,1039363025,-800413556,138139551,-524340656,696607498,-195764711
1,8,4,6,10407,-298726480,1411307378,952461662,1521322422,1455147990,-1871112569
2,8,4,6,10407,-421704916,876788002,404519018,1399410547,-34979607,1331753434
3,8,4,6,10407,441169547,-340114798,-1707856185,1507888023,1132162932,1275255558
4,8,4,6,10407,1976217142,240015353,-954792798,-89225000,575240129,-987634252
5,8,4,6,10407,2014224814,1007926248,-1216547184,347546926,-896841187,1736645364
6,8,4,6,10407,980613598,-382477365,-544231883,-1937738754,69675954,1949375083
7,8,4,6,10407,-151437373,1861934785,-2028381094,-1621814463,1965498011,538089500
8,8,4,6,10407,-1960570226,154088561,1633953717,-2008413862,2077593548,-949265049
9,8,4,6,10407,-880403060,321385430,1162786738,1541483153,-2004128496,-1809526707
10,8,4,6,10407,1668011348,2134618211,-1211316832,-560627465,1436658536,-1168999413
1,9,4,6,10407,1732498749,806022342,1696142840,1062395469,569385489,1478502758
2,9,4,6,10407,1883210746,1026637950,-1612802553,-1549747630,1152809243,177761893
3,9,4,6,10407,1252817962,-1222794305,-178577220,1202880010,-1363304565,1484512327
4,9,4,6,10407,501185399,1560164421,-1033444892,1328376093,580303470,774819980
5,9,4,6,10407,-788316939,1897303558,-1295380119,-1492220966,-1152370430,-1544780371
6,9,4,6,10407,166092836,-1241364025,-1543890835,581059549,-1976850665,-1078732970
7,9,4,6,10407,-1203190420,744081802,-222505824,494683226,-1565715746,-820472977
8,9,4,6,10407,-1542923612,705868960,616597559,-266737779,1554563614,884866886
9,9,4,6,10407,-446550641,-1960030514,2045397071,-1227172475,-2029811193,840769977
10,9,4,6,10407,-1484878032,-1822319339,765930027,-697041405,-1597260549,-1344811214
1,10,4,6,10407,75187723,-1519911751,-2086848488,1592484285,1182773287,1048508426
2,10,4,6,10407,-1343564624,1660515938,1760663432,394488639,760272161,1754131149
3,10,4,6,10407,-305201302,1062421018,1967807399,2112768350,91226876,922383763
4,10,4,6,10407,-11198772,-1663628439,-1604458527,871327508,-330537421,-303371996
5,10,4,6,10407,1215233516,-1850658329,-1166610066,-1781227267,-1882808507,105088778
6,10,4,6,10407,-1853942395,662538397,-662260105,130607569,-119262458,-424305316
7,10,4,6,10407,-58018814,-2109456097,-66542133,1029450088,-51189127,-1044663876
8,10,4,6,10407,-965785583,-1264584108,266869901,1309993515,-559192482,-1894320412
9,10,4,6,10407,689391285,-1761608523,530375939,-1584136164,1984316622,1230701365
10,10,4,6,10407,534784462,1542289860,1900952326,-1360166312,-545611499,-707140974
1,1,5,6,10407,-871261641,2076842245,1234811336,-1935582335,-1507590063,-2075145449
2,1,5,6,10407,-805546770,-1058708005,-40183338,1960496760,-1972335219,-890477194
3,1,5,6,10407,622795239,-2015115613,1214101181,1922635575,1367844603,728894208
4,1,5,6,10407,-42777743,758783108,-175245479,-1526442783,-197833830,621956824
5,1,5,6,10407,929347992,-1238324317,-943255003,-1740556937,3140038,-1631887890
6,1,5,6,10407,-86541894,-1672932168,-1583632302,1972087721,-1730674657,-1456397306
7,1,5,6,10407,807012622,1493902984,1344173322,636235918,-1674358131,-2118073658
8,1,5,6,10407,-535549285,1652554960,1556370878,705360637,-382616426,2078917153
9,1,5,6,10407,96944472,1633640107,505294675,1828320302,1936244878,56757901
10,1,5,6,10407,-609974010,-696692048,1280548160,-776148615,-299397327,1219090990
1,2,5,6,10407,-658260302,-2003606560,132664497,-1527065799,704150315,-1387088561
2,2,5,6,10407,-1136870881,-1626855340,-956089325,-874657812,-194475404,2139351992
3,2,5,6,10407,2018539862,1063483946,-2033309573,1615547568,1476048306,830499255
4,2,5,6,10407,-1526983265,510011691,1393800662,902971120,-1801201243,974702719
5,2,5,6,10407,470118815,2033082709,718437122,1798762557,1451658029,-867757432
6,2,5,6,10407,1964243297,-39714936,-1560422550,92131349,-1180523074,-1305757723
7,2,5,6,10407,227732416,-289711310,1866191246,1122790275,1559193486,-1715643093
8,2,5,6,10407,-233015497,-859361128,940733401,1780079295,-939906363,1469584957
9,2,5,6,10407,-1087213668,-1905272680,-1949581153,1684168970,1799742509,55144146
10,2,5,6,10407,-1117015635,-2044460582,-1402417793,1585609137,-704624629,-1034724052
1,3,5,6,10407,1460587387,1229679720,700497255,-1348573914,-1904837643,681287833
2,3,5,6,10407,1045285295,108403396,875792143,-1776561498,-1090938706,1647051205
3,3,5,6,10407,-472308026,1889688517,-1807742186,-2031896756,895265497,-2118587814
4,3,5,6,10407,1606812882,2126653360,2005538569,439361082,881376865,-1135881917
5,3,5,6,10407,-385598136,212926898,1115406863,1919613838,1163835281,-1470581775
6,3,5,6,10407,-133227204,482342395,-471558691,1783181754,653979009,-728274050
7,3,5,6,10407,1439758139,-2002023339,613337275,1338393851,1875073428,-1403424846
8,3,5,6,10407,-1616579808,-1090084480,2037311789,494060239,1896276794,-882651698
9,3,5,6,10407,211751950,-156813310,1134288256,-630923051,-61422113,-591156101
10,3,5,6,10407,-1065411616,-1792885031,-923386181,2090411890,1997564883,-103837792
1,4,5,6,10407,435080736,634733965,1559061248,1810298099,137513149,1303098075
2,4,5,6,10407,-448185913,524226851,1129461918,-1354782999,-350916717,1312135580
3,4,5,6,10407,193919641,-1329871633,-1922018847,1094534088,-1094581582,-1193518342
4,4,5,6,10407,982895755,-1421636113,1989638144,2082341354,-695053052,269965985
5,4,5,6,10407,-834926087,-429045205,-1176797360,579506275,290949562,-215345292
6,4,5,6,10407,1110002106,2125667855,-870182893,-1937983600,596605378,1965447677
7,4,5,6,10407,2048297809,822363717,-1625663053,-2093858001,-1748561690,-1475328146
8,4,5,6,10407,-1709386432,-736269088,1738802294,-248796479,679324042,-972091413
9,4,5,6,10407,1499181591,-300775634,434206692,-1141358704,-639593359,1479126744
10,4,5,6,10407,446517435,-926906068,-547463311,-2031453470,445063140,-983190583
1,5,5,6,10407,-1394705470,-1648472095,947390435,1755262841,-655632115,193781282
2,5,5,6,10407,1339084278,-1006312112,287209458,-1714474734,1182914736,1651923527
3,5,5,6,10407,-457970632,1385566171,570787390,-1583945166,928813677,-519145458
4,5,5,6,10407,-1776332765,1817796348,856033661,-464861550,-1404621232,639542914
5,5,5,6,10407,-1458093716,1651242642,-411289668,1232969189,-843893740,-594076723
6,5,5,6,10407,-1292528578,-2025691236,-2122520764,1686543752,1968469307,1049541386
7,5,5,6,10407,1043796411,1369763430,-2024224539,623649323,1711158604,845863920
8,5,5,6,10407,66560722,727838775,-1804339601,559557989,-320255209,-697069404
9,5,5,6,10407,-1781688238,1447696348,-293643419,777431477,-802328424,-2010476552
10,5,5,6,10407,-1864467108,1593942525,1287288977,-451488628,-314236271,-1617436452
1,6,5,6,10407,-1261849661,-160912926,-982567096,-1714908793,1697430893,2039036865
2,6,5,6,10407,1168727229,1702618906,1246350739,1636082059,1589068426,593765894
3,6,5,6,10407,-1918942452,-210731381,44884557,-1989295438,-886253764,-1877575643
4,6,5,6,10407,-650573065,-1646357247,1537471363,1394589549,-60403912,1092296577
5,6,5,6,10407,-1670811219,-1656969746,-336448961,-1641408887,1765653666,-1492561997
6,6,5,6,10407,484872532,-57479409,-1826695569,355935459,-147040465,618275066
7,6,5,6,10407,-1381889313,-962391660,1002773191,-821648238,609420120,-68325308
8,6,5,6,10407,1366151384,2132473602,-1773494204,-1855976787,1451382879,1183405954
9,6,5,6,10407,942867378,441261890,223017576,1472268812,-1565296593,1258981030
10,6,5,6,10407,-995553575,1420970555,-1248042452,-409557410,-325337042,-56186347
1,7,5,6,10407,1535254568,-933997289,42149017,1887745421,-358220815,470195617
2,7,5,6,10407,-65479370,64494262,2137612044,16016669,577507509,-740464276
3,7,5,6,10407,-557804234,2007534260,549889032,992691383,1219398710,-768225757
4,7,5,6,10407,-1896896960,-753518575,1128157928,-2125126356,-556261030,1699541860
5,7,5,6,10407,798710031,-1155671048,-1375675894,800091748,-2042906029,2023029617
6,7,5,6,10407,-779769168,1862994219,1398212166,585882236,1356285985,180501566
7,7,5,6,10407,1103201730,-993892639,304114942,-171911735,1669610726,1883446518
8,7,5,6,10407,-610722451,-27580333,1870137783,-548452033,643435570,379434342
9,7,5,6,10407,728244518,-382688203,-2956452,703769485,-36938602,-479727560
10,7,5,6,10407,668248216,1230801180,42632582,447021590,-1615761813,1465642705
1,8,5,6,10407,1662768577,-2775837,-580914123,926548270,993181474,1664501093
2,8,5,6,10407,1614640341,595051467,984466467,1875820634,1354534501,1603762610
3,8,5,6,10407,-371462633,677674950,467220329,-1645070113,1808190697,1772375728
4,8,5,6,10407,816294122,1390737111,-634202307,-416505860,739858210,1351169923
5,8,5,6,10407,44167868,-1723430889,897313244,-1559896962,1578971302,1575145681
6,8,5,6,10407,-1957244026,1861980075,-2010222444,1251370392,732559483,-1951791840
7,8,5,6,10407,-463702572,-158535445,-1256996659,939613905,-1734971241,-525278817
8,8,5,6,10407,2105492522,552996804,-1050671451,1314732426,-1273442238,-1597929984
9,8,5,6,10407,-1788536462,876967916,775798225,143175021,74346969,-1708916083
10,8,5,6,10407,1818643341,447587846,1179893957,-601432576,1957154631,1400017842
1,9,5,6,10407,-120900301,-85459112,-71291093,-1479128352,-1693010058,149187372
2,9,5,6,10407,-433556802,-680301202,1391992933,203939894,-315240672,1033688629
3,9,5,6,10407,-1803177375,-1627429732,-516878883,-914747670,-1442402967,-822229383
4,9,5,6,10407,-344147253,-1056531164,-157671572,323493540,423676696,-1282971926
5,9,5,6,10407,266605017,-1551837620,-541855441,-643494449,-1647254034,-686475457
6,9,5,6,10407,-480740882,-1685430052,-1487173474,-687011853,160775449,-1636520507
7,9,5,6,10407,912147074,-1762543939,168828144,2019230602,1729544989,1311199943
8,9,5,6,10407,-930386056,-972800634,-256976526,-1669898233,1220543862,-1089385157
9,9,5,6,10407,482833490,1670089825,115072712,1196940478,545831377,-1765535431
10,9,5,6,10407,-1568899715,-248913902,1048721657,-1355265520,-1674591268,832074021
1,10,5,6,10407,1977576795,-1494577959,169802022,1315558029,-1337451606,-1506610294
2,10,5,6,10407,1923944564,-1081696284,1475630107,-25290189,-312505503,979944435
3,10,5,6,10407,1426616580,-1969750546,-397092100,-1558631396,894390089,-1381265876
4,10,5,6,10407,-1904440826,372739399,-930570807,1752333800,-385507452,818277910
5,10,5,6,10407,-888489703,981923413,-455621041,-1807017438,-80290394,646048552
6,10,5,6,10407,64550239,192284258,-920079131,-1565522020,-1430796588,1781615601
7,10,5,6,10407,-904712740,456471002,1401457675,-243983536,1718161878,991219772
8,10,5,6,10407,-513262210,1712952104,975869093,718596445,1743213896,-1182366951
9,10,5,6,10407,114685748,-813325286,950961084,1382452257,1601826324,-1490448543
10,10,5,6,10407,831093621,-976853532,672483359,233273140,-1472848700,1008748286
1,1,0,7,10407,-1567953182,-1452891933,357201939,326491748,-1802186816,1194808424
2,1,0,7,10407,-1372860379,-1336488272,1963867735,-544887589,1796562574,-543185630
3,1,0,7,10407,-974231735,-1951089289,488312820,-407944405,527850948,1351806093
4,1,0,7,10407,1532889984,1946880382,1952331691,-956198873,261541742,449081604
5,1,0,7,10407,617634289,-1127917778,-944372257,1673021672,311272487,-1678559601
6,1,0,7,10407,858379172,-426704191,-1970558489,73150806,-261180947,-56639516
7,1,0,7,10407,2136723008,-923328867,820552683,503504117,-1250935754,-1920118024
8,1,0,7,10407,683852676,-308533166,-757652501,1793273052,2018597993,-97459411
9,1,0,7,10407,1785247110,-1713966064,1535251675,646963318,-2102550851,565518439
10,1,0,7,10407,1252096833,1777252687,-348672184,-1957834415,-1327514742,547182071
1,2,0,7,10407,-1079041284,-1324786173,-1566127642,-1917572480,588924860,-1258548344
2,2,0,7,10407,479683774,1584411548,292912919,-1835330937,-187836321,249586292
3,2,0,7,10407,-1526792730,407273816,579074192,-1506972467,871794592,903177616
4,2,0,7,10407,-1725770746,-878122638,625281155,-1058832202,641531215,798949404
5,2,0,7,10407,-1462983638,-1982680710,-1583163706,431940697,622925163,-76984394
6,2,0,7,10407,-164469037,-271328168,1917946492,323437994,-551497680,2092535631
7,2,0,7,10407,477608471,376499718,-713696432,687424931,-1628515129,878224408
8,2,0,7,10407,534365918,260292940,-2057917687,-208582001,-573063103,1860703987
9,2,0,7,10407,1030547869,62112074,-926593548,335296894,1394685843,-145943120
10,2,0,7,10407,-1741745349,1639592529,34066495,-165651372,-2112258488,551789072
1,3,0,7,10407,1692791505,-896393794,-370607697,1811111697,-1066811288,-1307434599
2,3,0,7,10407,-962691769,843350758,579691714,-404250761,1017416913,-558164072
3,3,0,7,10407,-2131780072,-301101923,-1755419118,1854218373,1526780931,499362515
4,3,0,7,10407,2141620647,-686323649,-1617610305,1233989482,-1268927261,619974308
5,3,0,7,10407,2062485412,-11777245,1494815611,-1550134520,-1354699122,183186532
6,3,0,7,10407,1766822468,-923342826,398532435,-1703835044,-1295173383,1304072772
7,3,0,7,10407,-541770967,-391573281,-415020216,1034038492,-1408927221,7914747
8,3,0,7,10407,2139488311,898064881,1232763557,-1751788148,1746606766,1578946160
9,3,0,7,10407,406960205,-1003401854,-235808291,-1760680019,-1005664493,746809433
10,3,0,7,10407,-1105825384,-1332910299,-2097616910,1495387830,745970456,583588399
1,4,0,7,10407,1108397424,-1799681479,2043417264,-1415361949,368100869,-1813041820
2,4,0,7,10407,1798971569,-729983244,157379426,1250373455,610749269,-2011626758
3,4,0,7,10407,-1099312134,1321160723,947676710,1477089287,2141012778,909647510
4,4,0,7,10407,2121588068,2062743823,-1346690738,-2067535176,-181275986,-706167862
5,4,0,7,10407,1555834084,1332109523,-1482554863,1614879425,916530160,1508396540
6,4,0,7,10407,-904638439,116045284,-1860323257,-2105842924,-1576955793,-288862484
7,4,0,7,10407,5812447,-2003039732,-302364038,20405747,-154566130,-360839610
8,4,0,7,10407,2049466498,1912976765,1879040487,2068725402,2034435889,1992491600
9,4,0,7,10407,1448321316,444354235,800076436,-2038403368,539886351,11450601
10,4,0,7,10407,-1932290560,-2140410348,736267082,448928645,-1847846764,-672070739
1,5,0,7,10407,-913381950,140792960,-1303106411,-1033796761,1088059184,923364647
2,5,0,7,10407,2143522924,1443330819,1675863128,-2000822278,-19098266,-335800770
3,5,0,7,10407,-1543201579,-200671899,94231486,1151390181,516719428,-156834289
4,5,0,7,10407,105370655,-530379057,-861310572,564964733,-1122486598,389451321
5,5,0,7,10407,466344716,336756584,1709467378,-1975300298,-112268725,-1741897894
6,5,0,7,10407,647007414,-219983166,1546289949,801991828,2105669257,-107536318
7,5,0,7,10407,945149447,317605208,-1817899195,715462563,-211693549,1124081954
8,5,0,7,10407,2028090010,1407407210,1731663905,1629083466,-1610572324,493783355
9,5,0,7,10407,529921304,-1246201736,-885458269,-1402556575,-1324412254,1525145221
10,5,0,7,10407,85470625,1802680544,-1755204521,-253568898,-1705572742,1123490393
1,6,0,7,10407,-232715885,-1507231049,-1750650449,-892496295,-1511285874,335526378
2,6,0,7,10407,1144796406,222169920,1123431030,-1007383520,-334971122,915835761
3,6,0,7,10407,-143783873,-1209121705,-1677513021,-1015449509,-274758888,-284962536
4,6,0,7,10407,1665731280,-1916559168,322610349,-1903586297,1516929789,-93406235
5,6,0,7,10407,565024689,-2114816720,1951467087,-1834568068,-10407513,-1502986442
6,6,0,7,10407,-1211276708,991337129,-1609140153,-1099968907,-1563448687,-1834100119
7,6,0,7,10407,-1048703347,-1320812746,-623841911,56402650,1681018666,369803575
8,6,0,7,10407,1302059013,1303166699,1665243293,273498510,727654439,1810305158
9,6,0,7,10407,-1650428379,331758791,-1422614237,740536128,305407194,-43301168
10,6,0,7,10407,1127244818,-1921926976,-535306650,26870283,1783696043,-590574601
1,7,0,7,10407,-1838914554,-1461070314,715168419,1891532149,-301855392,688049805
2,7,0,7,10407,-177984930,-490451545,-2010688972,351163557,2118591917,1153677013
3,7,0,7,10407,-1727518159,735926122,1777080675,-502691415,437286661,-2129048144
4,7,0,7,10407,2007772393,649827483,309218949,-1571796541,-1920395100,368871905
5,7,0,7,10407,-1021512585,-1975058555,1317827121,1896165289,-787522131,991971172
6,7,0,7,10407,1002314327,-972842097,1031666581,558924515,433314235,-1838976583
7,7,0,7,10407,-1373490208,1922681276,-1829016727,-1732524375,1984291291,905507258
8,7,0,7,10407,-740086794,652969397,2045943487,355878063,-1220374089,1730681236
9,7,0,7,10407,-1755894116,1328508996,297328056,-1387012507,52274080,-937076814
10,7,0,7,10407,-679374876,-1080894129,-535899983,2054689399,730481408,1691417515
1,8,0,7,10407,921990244,168910477,-1733928906,-545514424,-909929360,1073548584
2,8,0,7,10407,1634966842,-512771549,1910353231,-908250960,333722762,-1960342531
3,8,0,7,10407,-1503305094,848957434,2010529284,-829784179,-2005588400,1996276536
4,8,0,7,10407,-1938599532,1059075715,1198134815,1456709122,779276721,-146628744
5,8,0,7,10407,1650810458,-699217320,-892935906,1785006394,-236793328,732265875
6,8,0,7,10407,388441373,738063356,1333606434,-34750561,1651846608,-373267644
7,8,0,7,10407,1668468494,26816879,1973496040,735151183,-104452486,1500308001
8,8,0,7,10407,-1902480861,-1060317682,344975041,-1882444074,-483235438,269796344
9,8,0,7,10407,1756983343,-796462510,-1043133769,-1814084104,-1296738186,850708482
10,8,0,7,10407,2039489343,-1122316109,-699934575,904527972,1401401563,1503073251
1,9,0,7,10407,1748435355,576080661,-393348791,212070302,-301643456,1649070060
2,9,0,7,10407,826726991,-733405452,-459600569,-19928882,1593377713,-339056014
3,9,0,7,10407,76883667,154247485,-1362742292,2145789352,-140370648,-1175738166
4,9,0,7,10407,-291622929,1541110016,-1922855393,1616624797,-781312099,-739584
5,9,0,7,10407,-218589550,1958817305,-635246483,-34341110,-1113339038,190756559
6,9,0,7,10407,1777743550,852066305,-481313245,-448299134,-576927116,437783931
7,9,0,7,10407,1618085666,523996061,1243906208,-1205035642,2109739583,-1222141778
8,9,0,7,10407,636719313,1396350205,-1804387112,1128041340,-262024530,-1163836438
9,9,0,7,10407,570964653,1246342517,-1901559219,-906479564,1486715768,977257698
10,9,0,7,10407,1439741657,525264899,-430911850,983983588,-611584807,-400373365
1,10,0,7,10407,1779862208,723782433,258501971,1710914537,1020994101,-1754900152
2,10,0,7,10407,-122937846,-1933849857,-293311565,-1380972329,1656255594,832491328
3,10,0,7,10407,-172842447,620658747,-1909002970,1317350381,73225366,-1179752746
4,10,0,7,10407,-1320927378,-318013890,-364705977,1845076089,-1716984212,400922766
5,10,0,7,10407,2040431572,1656565531,228446698,-917653315,-1071812982,-1149691795
6,10,0,7,10407,-833170408,-87390399,-243651044,-208118933,313450039,-1427207812
7,10,0,7,10407,2057061063,-237189276,-1306522194,-110301566,1587375450,757328158
8,10,0,7,10407,-105273997,-1802037569,-624660852,829774341,-1229437059,1605254137
9,10,0,7,10407,-753178964,1692470650,-1378905225,-144329976,1846042464,-59726062
10,10,0,7,10407,-1375486908,506279308,433444134,1374733079,-807532367,-682908224
1,1,1,7,10407,-291761178,-513998861,733890547,-1821154056,1719912126,446375694
2,1,1,7,10407,1938456152,1716092540,-1515456463,232210910,221728205,-1268282525
3,1,1,7,10407,661025146,-402045133,-2136666687,1806926517,-1372828609,-1572418845
4,1,1,7,10407,-143248235,-693917829,-117255898,7683770,652823813,902910467
5,1,1,7,10407,1073342940,1455085770,2003750037,58113205,-1206090158,1353599831
6,1,1,7,10407,-506591136,541717194,1063356456,-988324485,-1026297314,-1739959130
7,1,1,7,10407,-112002224,487553046,969749700,-1187584720,-1641392649,1185290978
8,1,1,7,10407,-1223511486,611044852,-462424353,-1779824290,1386860756,1712375070
9,1,1,7,10407,1673270030,16938449,-2006051229,570346654,-1881139958,-165222576
10,1,1,7,10407,492828615,-1917038731,984584928,-253125200,-570359252,1557578505
1,2,1,7,10407,-1326784271,-1806458718,-145779840,-226500611,-136610658,921133661
2,2,1,7,10407,1757659262,1443455083,1565362162,-1265590898,-1957050685,1435924618
3,2,1,7,10407,669305540,-812712038,1432419083,2110241554,-1680055623,-1852399686
4,2,1,7,10407,-1245136688,281794762,-627608794,-1502836005,1873997298,-1208904443
5,2,1,7,10407,308122088,-330010843,6128638,1945853309,-849349107,-1713920773
6,2,1,7,10407,1945820088,1060342321,-1839751396,-587546399,-796712174,999965999
7,2,1,7,10407,-259452401,517972712,-342338101,2041324304,2070729454,2065298431
8,2,1,7,10407,543894771,-1115767367,-2058030808,1618858816,-752088380,2048446732
9,2,1,7,10407,1669231058,1763588966,-1219495929,1912273562,325321092,-657117161
10,2,1,7,10407,-591686606,425069744,97136774,-1929830672,-927828877,-1993148599
1,3,1,7,10407,-1652182014,-354643733,-450309691,-1431476023,950066539,-1195363607
2,3,1,7,10407,-729424100,722476998,-1874946336,-1329330835,-1368079782,-595966279
3,3,1,7,10407,546359088,-1099459360,345575608,2128011388,-1095127174,382734353
4,3,1,7,10407,719608996,427799046,547098442,274851659,385800018,-55390516
5,3,1,7,10407,-1371891094,-1010350034,1006691941,887752395,299831969,984438030
6,3,1,7,10407,1850205991,1425439086,797533807,2094514597,-1819020202,1232193770
7,3,1,7,10407,965532749,1464404298,-1756558087,-921664388,361625772,1902011885
8,3,1,7,10407,404186210,-1556609333,1875429980,1332497555,-354591461,722927444
9,3,1,7,10407,-1659029665,-761053785,50811280,-1662095574,2121941794,1912750985
10,3,1,7,10407,-747524290,2084071844,-420057632,-652886657,678307188,1195405996
1,4,1,7,10407,1754678412,95520036,-1566432607,-2141508064,-374386637,1932418656
2,4,1,7,10407,958171156,-350920944,2002349532,-78807498,219887105,1548114188
3,4,1,7,10407,-59050471,352949209,-987219370,-1183827834,-1732825468,1740206196
4,4,1,7,10407,853096457,-37374866,-93148729,2106712712,-735967311,-390954378
5,4,1,7,10407,525631926,-1581618727,156941673,-1335792827,824341612,893321460
6,4,1,7,10407,-1766200928,-369938268,-1430322144,-1722889986,-886920545,-1634645812
7,4,1,7,10407,-1731622770,1913781034,-1566751177,-1039402930,643234351,145172418
8,4,1,7,10407,987200289,825932184,790988472,1394839430,-1876740720,-333503673
9,4,1,7,10407,-365938598,843239370,-1714501287,210129092,1808076408,-1220545214
10,4,1,7,10407,-877788596,2055477794,-1076234119,-464284729,1462406444,2115346594
1,5,1,7,10407,1106985130,-1456742047,1325496564,596965503,-1660986436,2146885562
2,5,1,7,10407,-1199972154,1061249499,1147664253,433958644,257278614,-1282700405
3,5,1,7,10407,1229858872,49759577,-1515914480,1608630941,-1793573677,-1485171938
4,5,1,7,10407,-1899884309,1849114497,262624599,-679679150,1401118519,327272893
5,5,1,7,10407,-1009872405,813311935,1002061321,-490397,285630321,-154630574
6,5,1,7,10407,238462348,-1306418919,-404986326,1919280910,1416189097,-2000700303
7,5,1,7,10407,-1385643888,-2034926714,146984459,-1598221177,-1876246004,-927719391
8,5,1,7,10407,1498168302,-26670603,1343673105,-989831160,-1735785674,-1517986910
9,5,1,7,10407,-1296290316,654558790,-1481888601,1448704385,1661157027,-669647356
10,5,1,7,10407,680005136,-485848231,1832863884,403726889,1214676254,-1893544965
1,6,1,7,10407,-1895517745,680226333,-291333920,-1831468812,782920761,2072839579
2,6,1,7,10407,-1422662478,735389502,-896872564,985243492,493153306,-868498273
3,6,1,7,10407,-758473478,1191770475,124160775,-638317230,86605125,374884591
4,6,1,7,10407,-1699666630,168287643,-1237527422,-203339317,1738776365,1623324471
5,6,1,7,10407,-1155801724,800489477,281607133,-688197505,-1313933253,-1263008039
6,6,1,7,10407,1337484617,-129083756,2141689752,833086600,894205120,519420748
7,6,1,7,10407,222302045,1484641250,-760451212,1639427581,-1181401190,1398418854
8,6,1,7,10407,2040743665,-2030472943,-65344439,1650960530,-1119208063,456476645
9,6,1,7,10407,-2131148282,-1684574999,750615353,1729293543,-2113893026,313094926
10,6,1,7,10407,-1878302789,1352116648,-547566420,-472703036,1755656273,80400094
1,7,1,7,10407,1276852359,1221763495,1761003968,-916304373,141358966,1571171740
2,7,1,7,10407,-778717109,-2000460369,-468105630,1569207736,1566760246,818233518
3,7,1,7,10407,1586324316,-441564518,-1344996203,-337164229,470873482,940707691
4,7,1,7,10407,1429621965,-205041387,1742693178,-1462756720,-720965562,-344592903
5,7,1,7,10407,-380799634,-451328656,-2127103367,-1684415984,-1548485205,1263143247
6,7,1,7,10407,731445655,-771860017,-1127212619,1150571055,178376628,-1479361501
7,7,1,7,10407,655411601,-1282696223,-106349514,-74155603,-643743794,1384575259
8,7,1,7,10407,145317101,1247901863,-1076390981,-1028675843,900708294,-838536563
9,7,1,7,10407,1803974477,1806217618,916927677,557934159,-1114290749,-1004810828
10,7,1,7,10407,-2108371716,-787569262,-1234606151,1346868086,-2108340969,1904886970
1,8,1,7,10407,-1787246823,-1160743987,-707346902,-2115586923,-1167904367,-1753027313
2,8,1,7,10407,-1218779341,295633437,-1873230832,1175670623,1071500369,-849578653
3,8,1,7,10407,-881608056,1263365044,-1887483832,-445177308,-2085314796,-1092496441
4,8,1,7,10407,710837860,1929704477,-22285624,-1217362287,-139762999,1957646767
5,8,1,7,10407,-1874585024,926858667,83292615,-1760106026,-1810322155,254376843
6,8,1,7,10407,675826760,-1274264075,1714693304,157720671,-1791044992,2080823325
7,8,1,7,10407,-524052285,1341746103,789505632,-1470401462,-1392765528,-1671990853
8,8,1,7,10407,652862024,-1842989605,-1002967342,-1237198982,-352438803,-1497607886
9,8,1,7,10407,-405646839,-839011703,1007364769,233381413,1220299629,1798305242
10,8,1,7,10407,868279755,829574630,-918848845,-1583224535,1716069753,577824316
1,9,1,7,10407,498521201,-655184241,987997847,-1030120626,1534242479,11127565
2,9,1,7,10407,-1116684017,-590280077,416976834,-391392363,1085181828,-1349144397
3,9,1,7,10407,-529083145,-104892663,1109164917,-585962407,-83011498,1861371449
4,9,1,7,10407,-360637766,839422262,-152488163,877219008,-541361558,2083766079
5,9,1,7,10407,588139648,829817236,456131939,-1332342422,159269425,1036456411
6,9,1,7,10407,-874026496,1468201607,524617194,-889625252,1567506365,902631593
7,9,1,7,10407,959757849,-663796059,1472569859,-1720217716,-229004908,-1718861483
8,9,1,7,10407,471475091,-435972075,1308005619,1094593119,-1162091033,465610253
9,9,1,7,10407,361674510,-405924703,-276265950,-1162213541,1564187460,-1229422444
10,9,1,7,10407,-292836785,-1759463232,1330933094,-148846303,-35722693,-1243790291
1,10,1,7,10407,-2073695556,-508589328,-1094159178,1972877482,-1579993010,133713935
2,10,1,7,10407,1591053744,-56975685,1240778861,871357327,-221055434,-2019482560
3,10,1,7,10407,1856352532,1965437064,-1786590450,1415067997,1293862804,2015090485
4,10,1,7,10407,-1927264955,-921462479,-683257571,982347895,2082237667,649522895
5,10,1,7,10407,1123108338,797513729,1223382012,1709911774,-81928374,1300500301
6,10,1,7,10407,-846173901,-1348732555,-1737794687,-1863227353,-1316008089,930224781
7,10,1,7,10407,-1688058431,-802449655,-1992782262,1575226832,-1677176827,-1503501412
8,10,1,7,10407,-721795381,2085114910,-1051009148,-355712178,1943068119,-1523518660
9,10,1,7,10407,888025184,-1901212830,-2055535889,771429269,257729085,-1823317080
10,10,1,7,10407,-389363561,-1642792644,343394856,1282085668,-994898065,-474803582
1,1,2,7,10407,1404012521,558539249,-1513691418,895528295,-1886303764,-1625566328
2,1,2,7,10407,-563225463,2116537647,1162347559,924191262,1994964793,308679282
3,1,2,7,10407,-1307703839,645247009,1852576422,-819187937,-764868560,925637698
4,1,2,7,10407,576115985,-216071244,-1252655829,-1412378684,-2040468172,-637228957
5,1,2,7,10407,972420658,494928646,-807364185,1242899281,862538033,-839886118
6,1,2,7,10407,386908017,836375939,1297311785,-667878645,241216956,294895740
7,1,2,7,10407,288913021,-1155586267,-887523665,1860527338,-2059222066,1179648154
8,1,2,7,10407,-1988293324,-1732329780,1115854214,-423811011,816161269,346144360
9,1,2,7,10407,-1226310371,-1423174514,-2065474403,2120745524,-692220114,1302945059
10,1,2,7,10407,1025638073,357943282,1711901653,1853521638,-1520797090,-392698586
1,2,2,7,10407,1029987674,-1790001807,951165029,250669420,-607330483,-376116008
2,2,2,7,10407,2053511511,-1883539241,1318812407,70718153,1262479537,-1372442503
3,2,2,7,10407,-1900103843,-238001562,1233280967,-581417373,945929571,94403855
4,2,2,7,10407,-696805196,-1348519214,-634137099,-105708268,-44747217,-1744903661
5,2,2,7,10407,1353503421,179554598,-710339691,-1885118583,625058204,-713576782
6,2,2,7,10407,46839818,1862809537,1080206038,-1070387933,-62368117,669452159
7,2,2,7,10407,1660667816,-542458594,1012246391,-367281481,-852479798,617400018
8,2,2,7,10407,-1885579604,-396459302,1138189345,-156723101,1137908021,988691541
9,2,2,7,10407,-954767464,692225207,1178259784,-435032815,222015435,-1715805310
10,2,2,7,10407,-722931224,1449552942,-1500878088,-1755504413,154354308,-952305432
1,3,2,7,10407,830464897,1938354838,-1712487606,-944921254,1554187600,781211431
2,3,2,7,10407,1651057128,40738423,982947853,-204465420,-540121260,-185200
3,3,2,7,10407,-965705792,-1942892375,1818333823,960619390,-1103141191,1623413814
4,3,2,7,10407,-1599082369,-590768085,569002456,1965827462,2048158805,305267296
5,3,2,7,10407,-1411194049,-2108005477,1578372392,-778983084,-171723432,459360814
6,3,2,7,10407,-876882615,421267803,426257821,603577828,635961639,877374430
7,3,2,7,10407,1826224346,1226181310,-735674860,-1853383769,-1537199771,1848377183
8,3,2,7,10407,-1430519293,-447752315,-496670289,-1541358277,1975221058,-708678133
9,3,2,7,10407,-1625028906,-2057347912,370684426,-1054745929,-1619324476,996643239
10,3,2,7,10407,1804375824,638234743,-709036072,362927015,1765714508,843404694
1,4,2,7,10407,880165085,1137055102,766209334,1764540589,603458981,1843466973
2,4,2,7,10407,-1854727097,-1269377268,-82915329,-1886910716,-1844853378,1271508787
3,4,2,7,10407,-491307649,1309525572,-1183819075,-1837271965,-529364798,2108686257
4,4,2,7,10407,-1886985693,861093585,536775016,-531665060,587177297,-192163764
5,4,2,7,10407,266538665,-1201246850,1554672285,2004708736,1185284069,986189904
6,4,2,7,10407,-1510174114,1640109599,4198510,526984221,-851065422,1241466884
7,4,2,7,10407,-1108511063,1022909711,-1304046456,1313670580,-737885775,1728020699
8,4,2,7,10407,1080000910,1087693364,2063726689,-2069628569,1526251777,753257557
9,4,2,7,10407,2140797582,-1139636082,-711908876,1883776104,1287803151,-1239412661
10,4,2,7,10407,-1031600561,2069680798,1841904308,1972054360,986902930,-962998031
1,5,2,7,10407,1163300463,-1689294229,1542877043,451898595,-681094676,-1217405102
2,5,2,7,10407,509700449,133101713,2013650845,-2067003119,-1310088857,1578986118
3,5,2,7,10407,540829447,-2016950857,813571602,203737090,1142743908,1581317144
4,5,2,7,10407,-160537225,-1988878556,-982716260,1132604997,-651944328,1813897707
5,5,2,7,10407,-1687033542,473105174,821277593,-1655917305,598223657,765693072
6,5,2,7,10407,-1728175396,2028421085,1567077413,-618269848,-1175896266,-870450335
7,5,2,7,10407,-970765426,2021948010,-753808482,1086875066,-562115076,-1819309599
8,5,2,7,10407,-1393142584,81718260,-1677339396,1297364505,203655852,-1848340371
9,5,2,7,10407,366020056,-1292627328,-1174740675,-1908148011,1293135535,925994560
10,5,2,7,10407,2101387303,2141158683,-428790529,-512515078,-652787109,1714722259
1,6,2,7,10407,939670057,-1617754115,-1154643673,-914295095,1096337387,-1747608015
2,6,2,7,10407,-1562806530,633715840,-93885864,-1123590766,-784175001,-1750871044
3,6,2,7,10407,2095636932,-311016189,-1328652599,1628279104,-20680168,-1023583034
4,6,2,7,10407,-2104000103,30497180,-1882076377,1745323976,-1842816141,1726747310
5,6,2,7,10407,1578430440,-1323437903,-1818225460,-59644380,1274608434,-400849249
6,6,2,7,10407,-1622260420,1355067071,-830008393,-398828691,-1787676113,-64046002
7,6,2,7,10407,-210012591,1003245387,761382368,-1805500333,1961635524,280583922
8,6,2,7,10407,587410920,123322908,1244226788,-546733682,-697585913,969425760
9,6,2,7,10407,-1559356486,192842639,382433926,1153032748,-159912042,-136493157
10,6,2,7,10407,-1027902397,655479272,1618116178,-1929354030,-702346285,-1400114776
1,7,2,7,10407,-1114311518,-722611573,1213928566,782379,-1905044194,-231625665
2,7,2,7,10407,1379132107,-795118951,-2137464957,1926921361,-466180497,1510155205
3,7,2,7,10407,1003223292,2023735759,-1308848795,-920923656,-1404187183,-266470921
4,7,2,7,10407,-1791112420,1769298233,-1486119563,-690005323,-958443691,1826229371
5,7,2,7,10407,47888407,-2131746516,-1197071247,-911997930,1729229134,60922628
6,7,2,7,10407,-1131310288,-1912717031,2031999580,1269560919,1408839110,828073526
7,7,2,7,10407,2128129926,505079980,-1325171322,-813918909,-1538827504,498863427
8,7,2,7,10407,1163486440,-1096912784,633919077,1001725022,1213601858,-679934748
9,7,2,7,10407,-182056980,-1604871110,1957620080,792978290,1086945015,-1644523315
10,7,2,7,10407,1824585069,-136248812,1201744414,1514462865,-45521996,-1956831662
1,8,2,7,10407,817834459,993998624,1980070508,1030131409,1370719218,-1773293202
2,8,2,7,10407,763298476,-2011045811,14883487,606063157,-877387401,640850118
3,8,2,7,10407,-2041287035,1980933280,-1145714911,-477795386,502671917,-717398866
4,8,2,7,10407,862779723,-487867414,-259561693,1455785188,1325295007,1018279336
5,8,2,7,10407,-998286848,-2134945129,-1301782940,852618849,1085433938,1367560171
6,8,2,7,10407,-765817510,-273386739,395198648,-1998674633,-417762127,-1598645986
7,8,2,7,10407,-663490750,141932794,-917237533,1554086371,680960021,405788409
8,8,2,7,10407,-622978057,-952832260,-162350294,632079051,-1513287869,557539770
9,8,2,7,10407,2012108659,-1357849558,-161450213,1012463836,-290484111,-1459534014
10,8,2,7,10407,1391797990,-440242821,-1177514659,-823328824,-111564612,392671432
1,9,2,7,10407,872268299,941874411,-1250259172,-1861546290,-896094283,793022037
2,9,2,7,10407,-856751448,133622711,221957947,-2077910180,730389005,-69292286
3,9,2,7,10407,1793195234,1416210863,805321393,-748628917,-2110024162,1078464043
4,9,2,7,10407,358989736,-2036582496,356125192,-1378090325,-280795491,1589524405
5,9,2,7,10407,-1876101842,674173614,-176949005,-1150590021,-726158081,-196027776
6,9,2,7,10407,191199481,512186480,-612596866,-323315250,1655433734,210158942
7,9,2,7,10407,1954487076,-123344237,-436358388,-1152461838,-1472003995,176224738
8,9,2,7,10407,-1122470279,997191075,-1185250817,1025740051,198364688,1257826181
9,9,2,7,10407,440851187,1694850404,1328786897,-828073058,-1551262541,-895222033
10,9,2,7,10407,305877083,291217458,734164561,-2031431285,-1819093222,1665534777
1,10,2,7,10407,142529781,-1819285989,434885416,-2062668038,-1874489860,-1755085188
2,10,2,7,10407,-1973800231,1543946312,1009732263,1385296610,-1387844513,-1438502018
3,10,2,7,10407,-1963327888,2039408925,615679679,1434285405,312097808,-1425587560
4,10,2,7,10407,-1919900163,926409296,-454044582,-1845502245,-487441836,671825762
5,10,2,7,10407,-1982050000,2072016843,420878232,202605063,1219957902,-2083928530
6,10,2,7,10407,-1185198187,1174584026,-755435074,-92320489,-1992227339,1385413325
7,10,2,7,10407,746640816,599150796,1703190435,1822597103,-31130360,972553378
8,10,2,7,10407,-351222874,696603036,623795003,1741602725,1801776406,1058559289
9,10,2,7,10407,-1488131264,-276997585,-987456742,-1229881867,-2053400009,-926846078
10,10,2,7,10407,1752641100,1184527213,2114524979,794423903,231108194,-1944055134
1,1,3,7,10407,-358710253,1589298542,740543272,1900196211,54431105,-26289243
2,1,3,7,10407,-128743339,956416038,330650211,1082037184,1492566001,-1017565706
3,1,3,7,10407,789325907,-607342085,-1019128528,-686710261,212907893,-1784161568
4,1,3,7,10407,-206844178,-373779347,199866981,-1308013376,-248471843,-1076487066
5,1,3,7,10407,1042928747,-1357467292,-1352584753,-2060912723,55807470,-1563227203
6,1,3,7,10407,-1009616979,-629639190,-640945173,-125536556,1674846737,-954793751
7,1,3,7,10407,1776703117,-871730005,1398905377,-1787251170,-1605535529,1265312476
8,1,3,7,10407,1253120121,-914220536,-573176134,-711092766,1081643196,-2128384123
9,1,3,7,10407,2000220296,1389787911,-1348357540,-1584098568,-1086635812,131907374
10,1,3,7,10407,2132121137,1277459726,-1763828534,1664625032,-1270956903,-940681236
1,2,3,7,10407,-1647378017,-1273185340,272035708,-179236639,732797699,333766126
2,2,3,7,10407,51583934,-349075951,-1104995363,-828596794,-2013960488,-924239355
3,2,3,7,10407,1144811151,2082637915,1886102773,-186968879,-1670215192,-724467085
4,2,3,7,10407,-573873907,-253339501,-1541561832,-798987103,-558573161,-1578802687
5,2,3,7,10407,850617367,-1002564830,-1927704616,666776171,-1909759285,773236977
6,2,3,7,10407,812428916,-1862554216,1259261923,-1668344599,199671989,368243690
7,2,3,7,10407,918951646,1187934903,-96585567,-1275547871,2115446051,-730628096
8,2,3,7,10407,-278159681,-1490989447,-830821713,-76955052,1322498016,-1448918871
9,2,3,7,10407,15795395,-2036641290,238695010,-88834712,1265676915,-102948463
10,2,3,7,10407,-1956321348,-26753969,-897229089,843356144,2009910062,-1395365404
1,3,3,7,10407,-1013572684,675956851,-859157881,1215579012,1188028854,-133134146
2,3,3,7,10407,-841476959,-681264210,1644768059,-835856072,-128671097,-2125669385
3,3,3,7,10407,1684436375,743194510,-61548504,-360702933,-1492577932,1585681716
4,3,3,7,10407,-204576691,1356662255,1019696315,-647394287,-253264172,-1577496217
5,3,3,7,10407,-1931822700,-785579089,1679108501,-1604306429,-231337108,-670947129
6,3,3,7,10407,-661845956,-885735619,1992430045,1688005556,-973654697,1445063683
7,3,3,7,10407,-1896419649,1676973522,1024890408,-1405117288,-149052093,-1355659677
8,3,3,7,10407,-255936600,1977295395,914002093,-390294819,-1936493215,707543385
9,3,3,7,10407,2078693606,-19787371,1060551377,-650273828,-1155528169,-807562271
10,3,3,7,10407,-158950108,-685697609,-447002447,-342575218,1077785522,-1753938697
1,4,3,7,10407,425851260,-1297870046,-1470752619,-570080906,1979030234,-1470032397
2,4,3,7,10407,-25184990,-702295714,-1850148084,-505548768,1241603157,1985396495
3,4,3,7,10407,583431681,152653832,868349548,-332685517,1063883583,-1372528289
4,4,3,7,10407,735223906,-1080684440,-342421,-136007719,-1533500146,-320089322
5,4,3,7,10407,1964578183,1658560021,1329757185,-385045403,779412751,1636627487
6,4,3,7,10407,1815245569,-1341868968,-822036716,646897988,-597596771,-858007668
7,4,3,7,10407,1131678686,-1948246960,1223069186,-2071110446,-38648007,-915374176
8,4,3,7,10407,-894491070,1361058843,981156923,439654231,-756760131,1772116672
9,4,3,7,10407,-1835974627,-1493285228,797979698,-1595680767,-1803176824,1635412139
10,4,3,7,10407,25634084,266231572,-280697362,-23343015,1088386557,-1945915011
1,5,3,7,10407,-333101138,-879119162,235141952,481087118,712357224,-754016927
2,5,3,7,10407,-653203774,-1136755602,-1632769356,-1676772266,-1826816670,993349407
3,5,3,7,10407,-787701268,-1956941560,962391470,1193182542,1860724677,1805021307
4,5,3,7,10407,-118371781,-82377863,-52195811,160988750,634642539,1706368224
5,5,3,7,10407,-1026514790,-796759424,-1416343388,48286664,-281784664,351808531
6,5,3,7,10407,1845452457,1009619201,1042328350,1214924599,762251712,664473704
7,5,3,7,10407,-1822387132,-262430494,879957257,-786190803,2116382677,-1334033160
8,5,3,7,10407,1271272941,-1310405376,-1804511324,-1979085899,811415077,-1398834794
9,5,3,7,10407,-1895218038,-31244184,-1182567163,-647713880,585344681,207640041
10,5,3,7,10407,-1997535784,508938327,1326721583,-1648800784,1248452916,-27729201
1,6,3,7,10407,503612389,-753227873,-1599036339,1160776186,-1268671605,1914054374
2,6,3,7,10407,-302365017,1335228923,789651029,275800344,954008578,-1470866533
3,6,3,7,10407,633425889,1558140655,45742198,1982077466,-278194702,878878591
4,6,3,7,10407,2025647660,1890711700,-1694139495,1864512214,1660426237,-960220905
5,6,3,7,10407,1973718789,62661109,2023823232,1959247223,-1898684604,-1953603751
6,6,3,7,10407,-262449775,806174319,291778064,-467941459,40676099,-786915349
7,6,3,7,10407,1417410573,1233516485,589030642,689804958,-511385541,1200639301
8,6,3,7,10407,903176306,1600931008,1748730214,-631921054,-609286178,-1589160160
9,6,3,7,10407,-2045475518,216152646,-1965970078,-632236349,1553381179,-204456668
10,6,3,7,10407,1009526600,-635976451,-460390425,2037694960,867685991,-1373047419
1,7,3,7,10407,-485248766,-40421585,-1030332401,-1025006707,-1893284170,1501739981
2,7,3,7,10407,-999578458,-321989686,-475765620,1458694623,142872943,-2075234833
3,7,3,7,10407,338227954,-1386374352,-774620156,2026548969,2127918687,1552407605
4,7,3,7,10407,-1102430176,64039478,50446124,-1776270296,-30477757,-1770382489
5,7,3,7,10407,-2146831916,-1113575794,-824071955,-1519866125,650028498,1764461889
6,7,3,7,10407,53350082,447052245,-1337357119,-516212278,-2086285770,-14031240
7,7,3,7,10407,-433642670,1664502124,-1700754322,-921246348,-2111761699,1206302078
8,7,3,7,10407,2026302328,1923822018,1016203206,73790183,1149951372,-570203994
9,7,3,7,10407,-482669328,-695583747,503639766,-476036798,-209537974,-296687690
10,7,3,7,10407,836533667,42619462,905508751,-543296022,-1348843641,178691144
1,8,3,7,10407,631445036,-643360328,1804805768,-574727171,1214497909,-1215909932
2,8,3,7,10407,-719107751,970899146,299286211,884750576,11743762,-942605314
3,8,3,7,10407,1476017329,-1832087035,1317899341,-1988773045,1298694916,-589491063
4,8,3,7,10407,-475788735,597379660,-519648360,-1786450689,-2042771555,1146948645
5,8,3,7,10407,1394126671,-216543727,-1341939738,1939525889,1804273494,-2097207217
6,8,3,7,10407,141503193,1523001289,752524254,-211286769,1693313842,-1590625371
7,8,3,7,10407,955302960,-1159994324,948304588,-1845580546,-1902475105,1518667794
8,8,3,7,10407,617695742,-1788329889,1468818865,1864174850,-1868000828,-1426522610
9,8,3,7,10407,-1152682138,-1502794462,-1618905674,-222059753,1057488842,-587314355
10,8,3,7,10407,1137303348,-404369725,942752500,441777218,-111782602,-480295970
1,9,3,7,10407,-829607282,-179584056,-1009088261,-372361051,-1725287690,-1895193989
2,9,3,7,10407,613653148,1613314336,4243647,-1904982148,107138039,1205327172
3,9,3,7,10407,9710682,-1195412453,2146483464,-803734111,1865468487,451567424
4,9,3,7,10407,1783301230,1117753725,617078248,-1545592943,-1831416645,-1221132239
5,9,3,7,10407,1198693331,205052191,365113019,720032690,973547342,-635420893
6,9,3,7,10407,-1804823515,-907245046,-36970917,112077683,1566950313,501463432
7,9,3,7,10407,-2109007868,1148936470,-2061107091,-1093474608,-2049941762,-585682163
8,9,3,7,10407,1077553154,1886384730,1477155949,-671184417,-1230278828,-140625869
9,9,3,7,10407,1544287357,286716561,165165229,1572745539,1111345431,2104754255
10,9,3,7,10407,-1602662704,309150147,1959118693,965446976,-1313185105,1962621838
1,10,3,7,10407,-1760762424,11036211,1182944666,-767819405,1124212307,1178507320
2,10,3,7,10407,-1421157000,-1434589459,-2101753597,1093290796,-215325741,-1064068885
3,10,3,7,10407,-1316619699,1346422784,-1910643493,1481698571,584233455,-1055200116
4,10,3,7,10407,-1062327104,216491598,1653175525,573540203,1583221567,-780101984
5,10,3,7,10407,-35210940,1201708935,-228548190,1765871311,2021543088,-2111570432
6,10,3,7,10407,334732493,1998993086,-2013219519,-1178822452,1253131707,-1645197023
7,10,3,7,10407,371451947,1249506136,-1408573557,496462867,674488064,429545849
8,10,3,7,10407,-295351876,-1151764568,108377494,2145623868,1937863890,-35269100
9,10,3,7,10407,31317604,-1334961757,-1879430973,513413043,-9709953,-1266927892
10,10,3,7,10407,1841648382,-2125037205,-996264168,1964047690,-1082349933,119091155
1,1,4,7,10407,722337888,-328811605,1523130453,502317253,-336017281,-648252991
2,1,4,7,10407,-479634098,-1653646119,-1453018581,1900334511,-98214674,1609927647
3,1,4,7,10407,812135498,-254604350,-1579779581,79511976,1826599488,-436928956
4,1,4,7,10407,-711860164,2145723329,595979193,1443030834,-466315623,-1083433122
5,1,4,7,10407,1868765204,-906876543,-1768025791,2000148403,1046048864,2064439858
6,1,4,7,10407,-28239258,1405009057,625568112,1027371506,-840220131,1823802689
7,1,4,7,10407,1067975710,-600179457,958510294,159266688,1170401248,177565460
8,1,4,7,10407,-745579513,-2099514534,855467698,-350272882,-1443707820,-196422194
9,1,4,7,10407,-513431197,490440452,1676476250,-1660993448,-1881167959,-1261451782
10,1,4,7,10407,931840632,461820712,-991985866,1143347245,1380916401,-222816254
1,2,4,7,10407,648216895,1347237675,-517830148,60789485,-194481957,1340368478
2,2,4,7,10407,115020101,-153608156,1562086735,-1475774719,-2128832694,-1089748356
3,2,4,7,10407,-889848465,-784265692,-1134531874,-1346372357,-937885593,1718200233
4,2,4,7,10407,-1270449826,34664835,874185874,-629073543,1670528807,944504168
5,2,4,7,10407,1445908856,369105422,-1684346468,-687539894,-66888313,1606846689
6,2,4,7,10407,-1854259212,-1968693631,-1221431184,-77695905,-1584854639,-1784548710
7,2,4,7,10407,1611606488,917961147,645004692,-1760265,1656008974,1394241373
8,2,4,7,10407,-694519159,1552484457,998252436,370534706,-129733257,-1870911731
9,2,4,7,10407,-69723473,-936781744,1170298397,-432330928,-1661299681,-312834917
10,2,4,7,10407,-1384773241,-1647535865,-212871084,2003742323,2057242148,-994063446
1,3,4,7,10407,-991752887,-1523649964,-1614540533,-1681894868,2046365917,-949246550
2,3,4,7,10407,771353961,-1976028619,-1562358676,133064139,-49266126,69447337
3,3,4,7,10407,-314083968,-376716116,-604634285,436364531,1922628392,-428171144
4,3,4,7,10407,-2093174814,-229559386,-1339200947,1683611091,-2054366251,898021996
5,3,4,7,10407,821521351,-1702622988,1120104610,1873780686,1276835356,1584546093
6,3,4,7,10407,-919254669,-1554510723,-963426261,142006285,-182197494,-1767229628
7,3,4,7,10407,-912298516,2005652782,10278114,619303362,2107288387,1002189828
8,3,4,7,10407,-885871509,982008919,-332108811,931672068,1913056559,945756176
9,3,4,7,10407,-888054863,1142748929,97814217,-1430736119,-1834984433,-1956251210
10,3,4,7,10407,-791406701,-605387359,445601511,-914798287,2087355717,1590037498
1,4,4,7,10407,-186180496,-739243294,1622984070,262211564,-2032413737,-330260570
2,4,4,7,10407,562520697,-748892180,-628444653,-1947924076,-675303071,-294780075
3,4,4,7,10407,287399931,2033106899,1562321145,-670178343,-205805541,400233851
4,4,4,7,10407,-167317244,-616450363,-1112929237,-669961768,1963637340,-1136164346
5,4,4,7,10407,-1773986739,-1762615612,559156680,186009969,-916828037,1874520963
6,4,4,7,10407,-1281878342,1653311794,29536335,-1858431809,7671996,1146747738
7,4,4,7,10407,1721286964,621578473,355466331,-1128516443,-39785697,382478583
8,4,4,7,10407,-1263888403,501474700,-1743109816,142076256,-975494752,181547142
9,4,4,7,10407,-1252395864,1114724910,-1809883456,-1133186273,-152994091,753477318
10,4,4,7,10407,934791212,1155203051,1744429451,418967799,169201700,-457909857
1,5,4,7,10407,1827881947,1734547548,1346050427,1474658549,1638390608,1349461873
2,5,4,7,10407,2061389480,-898046488,-1167018198,1585084472,1379683871,-2035386908
3,5,4,7,10407,-722371259,-1929071925,-798228176,-342263743,400333676,-233739325
4,5,4,7,10407,-2103722784,457996978,1527086546,449951170,2061710183,1061853558
5,5,4,7,10407,758044984,117254504,-1541889273,-1394810727,-704526273,1158954607
6,5,4,7,10407,1992406008,-300591138,-1180121399,656350186,-938078020,1295193419
7,5,4,7,10407,1420569379,1331489174,288521236,1462620705,947097000,294764558
8,5,4,7,10407,-445646438,-1164867970,176285267,-16619666,1058495732,-2113574595
9,5,4,7,10407,-1253742968,-1004466122,1498947712,1992154098,534018101,-1023347659
10,5,4,7,10407,2093316493,-2128797529,-1185130716,-1921271385,-11612950,1057979316
1,6,4,7,10407,-73367816,-96415470,1479493347,-1411949316,-1387244328,-1706007461
2,6,4,7,10407,-1420846558,-645660608,-1558419258,-1509026469,457306895,-784580691
3,6,4,7,10407,-1302453776,225844387,-1131853681,793111760,-1057987701,-1991255899
4,6,4,7,10407,-842399673,-1302185914,294335807,195091543,2010635747,-343771847
5,6,4,7,10407,1428834932,1142466223,-1958700806,1742839742,455798617,1494220052
6,6,4,7,10407,-509717036,1179446325,-1134453093,-328825399,-755860654,-1823747061
7,6,4,7,10407,336822075,-1159515213,-689358185,1843280750,-1009485473,-1803621293
8,6,4,7,10407,726690834,443186047,107171757,175675677,-1058477876,-1097389
9,6,4,7,10407,767467729,-645271705,78073833,1381736235,-1754556280,-940472778
10,6,4,7,10407,-1778854061,1094620874,-793817704,1786537012,1967877269,1795286547
1,7,4,7,10407,-912065503,1590197894,931280450,-1600697056,-1783685073,234473031
2,7,4,7,10407,-1115674555,-1601289718,-25865436,1210331068,862694375,9295606
3,7,4,7,10407,-948931698,1730390492,1015359082,-647077866,1187988907,676399243
4,7,4,7,10407,1097938815,2044322025,1542757388,-1774138024,-1196285257,1426118968
5,7,4,7,10407,75252156,430157191,-1594974936,1015018246,1686054170,403925520
6,7,4,7,10407,-1532902317,1770970777,-1303448298,-145267327,890601486,609176034
7,7,4,7,10407,48933339,-1522862401,-1268970300,1875275826,470189041,-1371351309
8,7,4,7,10407,1382258322,86375205,-1832020032,-327482000,-293888097,926208463
9,7,4,7,10407,1312894236,-1684413448,658821598,-1979820243,1967222904,1824185250
10,7,4,7,10407,-215954101,780762374,446791808,247695826,1425449750,1123769462
1,8,4,7,10407,-424551432,-519086889,2117908437,1731397239,163805457,-1760189463
2,8,4,7,10407,-1436716894,-1886551445,1536296250,1140748609,-472229643,722347508
3,8,4,7,10407,497862903,-1187378429,-708841003,639330503,-1554238204,1328949775
4,8,4,7,10407,114117162,1316439753,1814879969,-1373098640,-1535174373,-137238900
5,8,4,7,10407,2041338386,-1480065873,1421346390,-1962581594,-753928524,-1284551707
6,8,4,7,10407,-1295828691,159179195,-313844039,-428960558,-28251940,-1997356305
7,8,4,7,10407,1893737601,-796483248,228362265,110465601,-239995525,-1956955222
8,8,4,7,10407,-790615731,-1974154583,-425005543,-960543109,1035668967,608082407
9,8,4,7,10407,-834795644,1991825898,-1870861754,1520019887,951555051,-2004544269
10,8,4,7,10407,-1351210666,575321745,1858681091,75897595,-138393391,-17179957
1,9,4,7,10407,1970030752,-790536550,1498494909,-368251585,144963261,756126310
2,9,4,7,10407,-255864198,-334380723,229072233,-1072284452,-946172475,-559272058
3,9,4,7,10407,613901344,-1472934849,1482697347,-914440443,-1859633621,-118863817
4,9,4,7,10407,129231191,2005910063,822641605,2031586986,-630957570,1809015074
5,9,4,7,10407,-355757154,-816118837,1083423739,-1997282526,156558266,1667448016
6,9,4,7,10407,1387764118,704958466,1243326371,-1124445120,-1167850594,1935730086
7,9,4,7,10407,225325163,1399750712,-385660247,-710686906,-833819523,-1534230201
8,9,4,7,10407,-798467185,-465149431,-687760796,-413828866,-809597857,1292925958
9,9,4,7,10407,-2114155908,-2006624474,-755787776,-643787592,-1961156134,2036088325
10,9,4,7,10407,911597342,1028745858,170333663,-346967711,-1045169116,-294342681
1,10,4,7,10407,972501165,-724241323,-1166750859,962873706,-2039446604,2141837463
2,10,4,7,10407,582048636,-1591774954,-813379257,-648622630,-448360193,-1886491516
3,10,4,7,10407,369001140,-1113053201,285652867,547814271,-78164679,1492536663
4,10,4,7,10407,1815959780,-737915227,-1592025103,1325852310,-913148787,431132126
5,10,4,7,10407,1570100609,1968999809,31334503,-293245268,-1628557470,-1026163931
6,10,4,7,10407,-1426248661,67454896,-1428365498,500316730,-1157735154,1324232744
7,10,4,7,10407,2079520389,-1011526672,-1541689104,-1090840471,1412132895,-1863453112
8,10,4,7,10407,1550650589,1431237735,1030935142,126098302,605358447,327174231
9,10,4,7,10407,-1137020784,1808421274,-898990785,1567008778,307837254,727541660
10,10,4,7,10407,-1357793346,-2005788355,1644982664,-1485201575,-1514481402,1059709563
1,1,5,7,10407,-1439419170,-235753349,-1264671226,-1045260981,-558609275,-1640528608
2,1,5,7,10407,-530955273,1586467301,-1941858020,1093043565,694963328,28725475
3,1,5,7,10407,35669634,-1180957924,616888807,-799895373,-309047417,-7263450
4,1,5,7,10407,1348198442,-488222808,-1968312518,-1030119810,-949222900,1257072193
5,1,5,7,10407,-2134037115,842539946,-200569981,-116707451,1137732607,-776866030
6,1,5,7,10407,-227404830,-417411807,988064348,-670059719,-1938416848,-558203840
7,1,5,7,10407,1153859833,1367164389,28109393,-1294272173,366071301,-1437228696
8,1,5,7,10407,1935007252,-1582373447,-1232793374,-2140737949,1792734891,1871341334
9,1,5,7,10407,-140476250,-1888275899,-880243958,-2114096774,-221501640,-1190184295
10,1,5,7,10407,951108255,-1464450293,-567079177,-2054088725,862267974,982920698
1,2,5,7,10407,274608697,-676422299,822848546,1457600879,974427153,1407832156
2,2,5,7,10407,-1958497304,-2047981796,291929135,-1654741640,638978939,675846243
3,2,5,7,10407,-1361284797,-1393036760,-563241599,952098576,-1823414201,1407577801
4,2,5,7,10407,-718009007,-264147654,-1601001842,645992656,2112122685,-1952949250
5,2,5,7,10407,-135262762,916251311,1444470584,89064709,-933353130,-114794542
6,2,5,7,10407,1892003062,-1962397845,1317140693,-1154684509,-1989796177,1338480574
7,2,5,7,10407,663459283,-1652779419,-1367070558,-388710144,2133158651,221983638
8,2,5,7,10407,246860472,-1530373912,-1931200964,446866188,-1926364999,2035757085
9,2,5,7,10407,846348277,-1671883776,-1857776226,-29096254,270302831,2052591602
10,2,5,7,10407,757502533,-325039235,-231369962,-614123590,590442067,-140313254
1,3,5,7,10407,-1240948054,1585176731,137444428,-1229970830,1383382681,-1128404668
2,3,5,7,10407,1851746896,1088181867,-1505578820,-14050292,1962391109,-1168323528
3,3,5,7,10407,1145154731,1869511240,1610542666,-56807986,-1686867667,1121542291
4,3,5,7,10407,-1556974278,1796452572,-115172112,619556888,1819413996,-544698887
5,3,5,7,10407,1150559196,-377317317,-1807603036,-150592618,362476977,-1696979417
6,3,5,7,10407,-1653790717,371233266,374265627,-848135108,-37604467,1249158105
7,3,5,7,10407,-919595347,1446906433,-671008906,-1462208704,-489909762,-1150888036
8,3,5,7,10407,-812458821,-1538736155,-894446058,-1973915950,-1981357595,1932073368
9,3,5,7,10407,-1034998110,-485259423,431120444,-732303570,-622154465,1138152228
10,3,5,7,10407,-385630740,1330807672,391273410,1937472667,-1186903742,-1834356467
1,4,5,7,10407,1253358035,-413653317,-241078891,63763260,844920205,228218005
2,4,5,7,10407,-1120945180,349806576,2107413800,1406308025,-182496031,320274343
3,4,5,7,10407,958405400,343374637,1784840539,487346564,-705598894,-270536557
4,4,5,7,10407,1743370842,736678020,-1888609773,227504370,757149207,1282803583
5,4,5,7,10407,-2059347795,-1911746159,-615687725,1245826659,567041616,1484361265
6,4,5,7,10407,-1697242069,-1292197750,-79623478,1237663393,1744379912,-1961014890
7,4,5,7,10407,1799926559,100941943,342209215,379841341,1858569231,404179410
8,4,5,7,10407,-2049584324,-695194124,-1989099383,-1349387763,1262422532,-682069032
9,4,5,7,10407,1576452874,-641520556,878857993,-1861651179,-1322534975,-330223356
10,4,5,7,10407,-1532046083,410340882,-1275327272,109103352,1479191745,-1536916224
1,5,5,7,10407,2023428846,534307416,-550088851,597236619,-672843421,1009154453
2,5,5,7,10407,-1144315409,771734821,-1280333656,1190251124,-513896096,920066982
3,5,5,7,10407,-1374146161,-1633089246,-2138145685,-530365831,629951325,447577984
4,5,5,7,10407,1909458084,-2041852296,-1879051513,-1455145230,92530204,-1440497326
5,5,5,7,10407,-330294640,407057619,586567677,-1854843153,-1458380560,1576657372
6,5,5,7,10407,1541111233,-434245744,-150962978,303182024,-1029152596,1120631993
7,5,5,7,10407,-1353966922,-206520188,732036593,-1365565872,347439396,821564590
8,5,5,7,10407,-1634492663,510222551,-1761343252,780948543,-289947653,-503290470
9,5,5,7,10407,-835109022,1849282066,-306861367,-1655223708,-256510247,202933309
10,5,5,7,10407,-1525947661,-609579880,-256204466,2007445521,1187634669,-525976127
1,6,5,7,10407,2040102654,-654640674,1070847095,461801487,567053290,-1036707866
2,6,5,7,10407,-726921180,1524213693,388095440,2108062331,661905744,1878482432
3,6,5,7,10407,-1209916985,1042440535,-1312692950,252433870,424519167,-509998217
4,6,5,7,10407,-1729829024,174451735,1179104718,1207253570,-1430081905,272935543
5,6,5,7,10407,-73270636,-805737210,-829979595,1566281519,92384080,-937736211
6,6,5,7,10407,382914119,94584961,1032373543,1960638982,-1237841069,781659204
7,6,5,7,10407,59399969,-1873053298,-1798211420,-637461428,-1749158010,806312422
8,6,5,7,10407,-860709486,-1808550994,-422479237,-468005960,1088602840,-1985464459
9,6,5,7,10407,-841512538,-1007850940,-1323175523,-1173072977,-1389166566,-286675321
10,6,5,7,10407,1702788370,671679406,14694391,1979971752,-1259127878,-749002460
1,7,5,7,10407,284971264,-562931443,1181763225,1071316448,2068302188,331811140
2,7,5,7,10407,-544129040,-942303526,-1170313851,-813227405,415847254,-1639118329
3,7,5,7,10407,-522299141,1414843142,-827472662,1562402451,119176819,-1824404817
4,7,5,7,10407,-1338404253,-443843744,-704932595,44133356,1055955219,-761246903
5,7,5,7,10407,-485729255,-816201521,1705729057,-208426816,1947997126,1075929245
6,7,5,7,10407,-513917205,-944516964,-1111728907,-61241634,-589635446,1694979552
7,7,5,7,10407,448215066,-1195699664,125750238,-2133002023,-731304999,588246559
8,7,5,7,10407,1660163254,-401118151,-54373492,2101326244,1626141743,-646737188
9,7,5,7,10407,1648191191,-1063960956,-1547027564,-108751936,1062859423,-637083252
10,7,5,7,10407,-2063807541,41274594,-138947379,-1359502496,-1710571059,-1861653905
1,8,5,7,10407,547057435,1467482030,138162415,-302547481,-1370872367,-782210488
2,8,5,7,10407,-2103777572,-432610014,-459143261,-1561878947,1904827197,-1700473964
3,8,5,7,10407,-392573925,635654188,1927627819,83048390,907216158,1597232720
4,8,5,7,10407,-1308509005,-1692926186,-975122135,1927821194,311656415,605472846
5,8,5,7,10407,1960261644,909573751,-1327779145,603051038,-1554933529,1206931939
6,8,5,7,10407,1961322502,-935028491,-1234212286,-1824721736,-1258281779,1076097201
7,8,5,7,10407,-1023176879,2085724998,-217145493,1572298404,398715856,1447236395
8,8,5,7,10407,194151387,1292449555,1128977638,-1367214719,1355003207,-175016725
9,8,5,7,10407,769217384,1467844067,-1225932837,258351810,411647983,-1720145270
10,8,5,7,10407,-1062850732,-1649167466,1476856524,28545145,-1819083344,1863416892
1,9,5,7,10407,-2096581920,-1369822751,735147200,-1764692542,1723810129,396006144
2,9,5,7,10407,1359441169,506147659,-1612084680,227717462,-1802133453,-984888125
3,9,5,7,10407,-1438150404,-1001198763,722464422,94529787,-98816455,1621673540
4,9,5,7,10407,314625283,1693325969,1404860214,1294987087,1659773907,-2011674073
5,9,5,7,10407,1703961092,-1346901407,741364562,621173775,-1612733231,-1988182997
6,9,5,7,10407,736325956,-665576642,-1456967715,780161841,-867753243,-2011168001
7,9,5,7,10407,1077637968,-1066485977,-1630453327,-1871962736,1716362672,698058905
8,9,5,7,10407,-55616046,1545482096,164709215,477231453,-628982632,1294620632
9,9,5,7,10407,-14393115,1953469105,1519922018,448542235,2075571723,78163032
10,9,5,7,10407,64312018,1094569249,904485291,-830748638,851481360,-1382253692
1,10,5,7,10407,-1024991614,491193527,692586381,1252599399,1976735021,1014446064
2,10,5,7,10407,-735060126,-1615192210,-868885801,482705564,1022044776,-146511665
3,10,5,7,10407,2001281638,1302673787,1624960256,973449862,-1470159861,-602137535
4,10,5,7,10407,411992574,-685207484,-1238573654,-1326654831,-457748505,-809606370
5,10,5,7,10407,1836772449,444083923,1110833906,-1775386184,-956914821,-1599445661
6,10,5,7,10407,-919373323,-916849625,-554118287,-1527322419,-2071883163,1701421922
7,10,5,7,10407,-188701351,-2066627173,745426284,-961432763,1118584714,-333027892
8,10,5,7,10407,1600696719,1092243213,-1086189081,156472213,324107467,-2001779720
9,10,5,7,10407,2027540225,408510568,805859677,1360718381,174661156,-806930786
10,10,5,7,10407,2057305266,2036959282,2025689368,196337701,1405103864,-855034137
1,1,0,8,10407,1913067318,628873243,-1419623498,-224756528,540147186,-121128955
2,1,0,8,10407,1782343443,1772866321,-675009287,701670012,-1534093904,-1003995755
3,1,0,8,10407,964900981,749303281,-23992156,-197278787,-633925982,-1556189208
4,1,0,8,10407,1752613773,-1411519566,140391024,-971141649,-291534669,-1259285031
5,1,0,8,10407,1027646297,1491284486,-285862421,-612023582,-1238602964,-611691172
6,1,0,8,10407,-1251980313,1693719144,141523972,-1033353758,-1732686185,1806621083
7,1,0,8,10407,-695940619,-1253581629,-316491709,1412111714,-142111370,1078449749
8,1,0,8,10407,539840396,-1326546682,1717373082,1247297349,-1840749693,2054293040
9,1,0,8,10407,1189446864,-1019138826,814431390,-827908099,1106208369,-1068123938
10,1,0,8,10407,-15121030,-695922574,849412788,1186629551,1605780226,-1152571421
1,2,0,8,10407,995466091,60895326,-452640016,629819786,1719006025,-1509933098
2,2,0,8,10407,-1583559355,1720612910,-759028699,1095637626,-332596357,-1398508922
3,2,0,8,10407,1574262655,762579195,157502756,362261751,-163941127,1573088934
4,2,0,8,10407,1173676482,593580300,409252400,-1264948078,-806829361,-2105996905
5,2,0,8,10407,2091381822,-1565294674,-1667353456,1570843685,-1626168539,-744149706
6,2,0,8,10407,1164578031,-238294850,384783756,-1468343016,-1808354923,122132372
7,2,0,8,10407,-1611733453,634396501,1917821624,-358807882,-763449247,-883827870
8,2,0,8,10407,-172004223,-773121944,2029082554,377746726,563278980,-804012829
9,2,0,8,10407,-1643534818,-326056295,-165936855,-1805991054,-2137502432,1008787088
10,2,0,8,10407,-730760254,1866046188,-547219672,1641989143,-1165921122,-1930538253
1,3,0,8,10407,-1056233653,-1486391311,-1181744053,-822421230,631719590,63560961
2,3,0,8,10407,-2091688176,1909385838,-1116495927,-747086568,-359695085,1405887071
3,3,0,8,10407,-2032364133,-1097236235,-2124448088,-696952069,-1630212788,-906273113
4,3,0,8,10407,-1067588581,-2007991676,-585416073,1984901237,-284344473,1427254675
5,3,0,8,10407,1902474288,-355931240,1588184508,2092977275,-194697687,1168292887
6,3,0,8,10407,287170907,762521606,1602081515,-1509341835,-1533358174,-1854780899
7,3,0,8,10407,-1592907673,606546961,1405418455,2108947936,-962487134,1076507949
8,3,0,8,10407,-1216705293,722811419,443649443,-1165444210,-1646609801,1431572796
9,3,0,8,10407,-2127926710,1263722300,1473294136,-483847484,1946637841,1415822214
10,3,0,8,10407,-2098662708,464750862,-207930755,-496680864,1631958757,1602114400
1,4,0,8,10407,1001076114,-1804697253,-990933829,-264948445,834379885,478851576
2,4,0,8,10407,-894606153,1182511545,-354116907,824223801,1328310776,1759819073
3,4,0,8,10407,-709087602,1800241162,214176252,831308360,996954268,356499726
4,4,0,8,10407,-2042288866,953639110,216988769,1291751554,-575258067,-1280408601
5,4,0,8,10407,-1704576365,-403831402,-575598321,-962122161,-769476272,-1944635140
6,4,0,8,10407,-1045625769,-1667816716,1078125181,-45828853,-89058252,-1784090995
7,4,0,8,10407,2064909143,1098365164,1976064847,-884068242,149431949,-224400395
8,4,0,8,10407,491713551,372104622,-618211973,826862110,-1582320977,-2090960598
9,4,0,8,10407,1496909696,-1035566733,955499898,373358768,2132718174,-1323149483
10,4,0,8,10407,-864870166,1831696891,-745279603,1699759030,-749930431,-950115473
1,5,0,8,10407,-542229381,-267778584,-392986244,-24623466,204128921,-1027541540
2,5,0,8,10407,2025286446,-1153185402,-1253771831,2147391204,-30252158,2025853281
3,5,0,8,10407,979779048,784814126,-677518533,1390725064,872799544,-1057106134
4,5,0,8,10407,-1763208553,1506773343,1386744499,292991510,-1184809397,763499186
5,5,0,8,10407,283450323,-1799876293,-1043198656,-1569689520,-579565369,1101026033
6,5,0,8,10407,-1015709244,30677516,-228368745,-724270319,1954093060,1072974174
7,5,0,8,10407,252210321,1541329941,963066669,450634320,-1305047417,1946406139
8,5,0,8,10407,-1017431941,-472156640,-263942300,1239258938,-195143907,814553332
9,5,0,8,10407,554951521,-525543447,976609392,-1665169120,-1439712241,-1498674401
10,5,0,8,10407,-1266175272,-1763710851,414784410,601974519,-541004198,-874530347
1,6,0,8,10407,1285156952,-1088317,-19517960,151919085,1013567481,2125245816
2,6,0,8,10407,1573727529,-43483439,285315098,-738618042,1980956026,1448933464
3,6,0,8,10407,1526603681,-2096428000,432882588,-451596354,-872633134,-1016505659
4,6,0,8,10407,1736227050,120708120,-1197125230,833587262,-670352029,-364918809
5,6,0,8,10407,-443320381,-379057368,1658604511,1756935485,2031541851,-180212577
6,6,0,8,10407,-1751633406,-796447588,-658068591,1759729186,-554491851,-1174916979
7,6,0,8,10407,713565958,-938984326,-1627546030,-713253920,88821361,1733703307
8,6,0,8,10407,-767178145,-351999993,1929233109,1409109171,1040269323,-2070889451
9,6,0,8,10407,-107063566,-1422029879,-413830669,-1551990530,-328614936,-1603327814
10,6,0,8,10407,995018044,-502458342,716008020,-1872408791,840799263,-1489659499
1,7,0,8,10407,1494145807,2027774833,262616967,-1679413478,132688898,1032507370
2,7,0,8,10407,1667384753,805572714,-1839743562,-744860152,-1444423429,-769785845
3,7,0,8,10407,-1374838392,352828391,300268064,-2080914613,-1696885891,-1497388344
4,7,0,8,10407,268714408,1979297556,-2057616749,680990150,-367842836,1613169949
5,7,0,8,10407,-287755230,407691274,1807700460,2141362212,-1517059739,-385227039
6,7,0,8,10407,-2023801024,-2103390865,-933546608,-1774480775,-1054345146,-1990721769
7,7,0,8,10407,207168646,-1075665867,-2047576067,-1359878528,-1267590383,332642376
8,7,0,8,10407,-1825544591,-1460533255,668595251,889004109,1164531126,-757463827
9,7,0,8,10407,779282056,-150792481,1155982222,-1162642558,-1420142527,427294179
10,7,0,8,10407,-1274627777,-1042202363,1656375939,-502613981,714428138,-732464737
1,8,0,8,10407,-1971044380,845765807,1109399069,-253456313,-1802247909,-275407509
2,8,0,8,10407,-1180087436,1607337847,244036998,765055232,960458924,1513039233
3,8,0,8,10407,-491713688,-1993140233,-1832995579,-248729767,-424765295,1776715169
4,8,0,8,10407,1035169707,-1006699986,-2141171457,-1767076682,-628948984,-86839506
5,8,0,8,10407,-1640222275,288282627,1823364880,-1936638583,1972847031,844873503
6,8,0,8,10407,1397849051,-1769581840,-44525782,-1117347083,-1121199105,982697028
7,8,0,8,10407,-160302679,335682112,-554491544,-502293473,-1958850298,-1208350211
8,8,0,8,10407,-1314113580,275120775,1703664681,1330319600,1561493987,766694754
9,8,0,8,10407,1244514068,-1094799423,-1606866502,-274654674,-124222175,-1294430025
10,8,0,8,10407,1083758857,1376601584,-602500674,-1950280904,1372650456,1990233176
1,9,0,8,10407,-42629326,323314146,1204150167,1366458581,-713994185,-73207139
2,9,0,8,10407,358731809,582680681,1646643015,1702966503,110741665,-26854424
3,9,0,8,10407,-251711355,-1668090839,-1272017262,1962914226,684223407,703562187
4,9,0,8,10407,524550018,393521600,-1209402766,1724956844,253751517,1195183569
5,9,0,8,10407,-693914643,-53418053,-1239671168,-1409084485,180507499,1472065586
6,9,0,8,10407,-1454512247,-1745141076,-749755079,923540828,-1676072224,-2021695072
7,9,0,8,10407,-248706281,-1630532605,-925430984,-710154813,436796296,-1454000182
8,9,0,8,10407,871630366,589486959,1851145223,1883442489,-247995958,-656599196
9,9,0,8,10407,-804742955,-400798824,-299257498,1151804588,447110212,801471273
10,9,0,8,10407,1040898285,2009538738,1980660693,-1056185809,-259498076,1294758393
1,10,0,8,10407,-1965875333,1584292598,696921597,-183218680,-1973652570,-1891020415
2,10,0,8,10407,285277117,1023682293,-1189606111,1716113210,-1101069562,15225346
3,10,0,8,10407,1318074233,-32259107,-1100533491,1814377819,-1508268330,465672510
4,10,0,8,10407,49510882,1631875869,-108870370,-1788714883,-1854224850,1169921430
5,10,0,8,10407,983352690,-1258864088,1590757420,1805875426,1311479213,-352224018
6,10,0,8,10407,-137069429,-501940499,-1990802475,-1367120015,-1474795419,1729893055
7,10,0,8,10407,-1576931033,2080823853,1214828246,-524299659,1060203196,-234919514
8,10,0,8,10407,-178764223,1744201853,1137513528,-305972326,1802278960,-55903511
9,10,0,8,10407,-149996957,-2104994146,1095104974,-1918963731,452622462,886544374
10,10,0,8,10407,2115654943,543319798,-987329017,211489012,2097178129,407768550
1,1,1,8,10407,-1780915472,-352621493,1360199588,2020323654,518993877,1824909920
2,1,1,8,10407,-522203745,883762898,1883608199,631623862,-113287516,-1968764655
3,1,1,8,10407,-408438557,2078697195,1375721215,-1227655633,89291404,-2064974581
4,1,1,8,10407,519410407,-1802312656,301860353,845510759,451175202,1170123322
5,1,1,8,10407,-1438219071,-2075322851,-1390047540,2107596602,-794936232,410561971
6,1,1,8,10407,570584136,-1131900415,-1596732961,-1498586985,-1490453240,778974797
7,1,1,8,10407,611229124,53671090,-359187297,2046357875,539580822,-1794526040
8,1,1,8,10407,-443318848,739975733,-1372336632,1204090513,-1469096397,907087897
9,1,1,8,10407,1058978228,-1002461773,-387040397,928626930,1384993346,504916870
10,1,1,8,10407,874264243,-944317638,66472028,493537081,-2062762327,807457072
1,2,1,8,10407,-1151206426,1681007032,1756105424,865042102,-224762421,519054869
2,2,1,8,10407,-358090640,-977133929,469082517,-1346637268,-115227341,451666819
3,2,1,8,10407,-1223871056,-704589959,1188579915,-1641949991,-2005509329,178378960
4,2,1,8,10407,-907962549,2007243895,9335432,-121589541,989487743,-1187874620
5,2,1,8,10407,935550128,216108002,207464461,574733830,-1780946879,570177724
6,2,1,8,10407,-1561595550,-1034308566,1121453899,457844167,1473513265,1375186874
7,2,1,8,10407,581893687,696430264,515373196,-1973846982,453854302,1146400637
8,2,1,8,10407,1920690803,871686743,-1991927064,296265275,-418065362,1068466143
9,2,1,8,10407,-307393952,-469277835,-1949655685,-738126037,-637956595,-1378463396
10,2,1,8,10407,1342492823,-75017877,-786248241,-1970088797,2131109700,1407147481
1,3,1,8,10407,-1453054556,-1644787312,-1689550130,-1526004381,1969719199,-625535180
2,3,1,8,10407,1646250945,-1793721504,995709333,-1912277461,-805342389,491894033
3,3,1,8,10407,-903395933,-835528286,1438593779,-660437771,-1687320445,-29888817
4,3,1,8,10407,1270170355,1098571996,-1244897528,-819341368,-1559675653,-976426457
5,3,1,8,10407,-176601418,-1677538248,-1490529942,-736971299,-171464664,983685241
6,3,1,8,10407,-1909122197,-659595283,1314866332,274153819,-1423519003,470717772
7,3,1,8,10407,-706599222,-1380417328,-952050598,595394379,2124414399,677342473
8,3,1,8,10407,-1389782026,-201645163,-1268740427,-1766889922,616224480,49673395
9,3,1,8,10407,-1621754896,1600723174,-592204003,-1446866342,1842029846,247990575
10,3,1,8,10407,1278931276,2027348122,989694553,-1216545461,1176099468,1155305062
1,4,1,8,10407,-1982635195,-1031334299,-1325750052,1525798197,-553944416,-1700703477
2,4,1,8,10407,-237581792,1404565150,-1276214645,1047797857,-192212060,1825267085
3,4,1,8,10407,584850002,1801736673,1939854859,1793992046,-1338670393,1725533864
4,4,1,8,10407,2034092546,597927775,-814193258,-1396683294,850434813,-404958890
5,4,1,8,10407,-1688782604,961853763,1664684728,1065597779,1401880304,-549247724
6,4,1,8,10407,959097712,-6472605,1713848665,-1550345993,2007355037,-1257132023
7,4,1,8,10407,636461168,2112575784,-899575625,-575201648,-529682588,1158050358
8,4,1,8,10407,1492591728,762180089,-1789721823,-570703638,451277113,-675429085
9,4,1,8,10407,-283841287,-1006709404,-995610454,1246358523,-960385171,1834287983
10,4,1,8,10407,590537078,-1039492962,502398636,1143439587,-643722301,1414550829
1,5,1,8,10407,1754508804,-296653984,463589618,-1205132648,267357351,69670583
2,5,1,8,10407,1181637956,-1222489006,-996814997,377315590,-1514457358,1612437813
3,5,1,8,10407,-384602265,-1689826386,2135362457,-13964092,1034634568,2073894002
4,5,1,8,10407,-305904780,302998216,-1165498569,-1512030036,592342834,438870294
5,5,1,8,10407,1693957457,1960328900,-1758700733,-1884342006,1273439077,1991488208
6,5,1,8,10407,-537297456,542103758,-1805632141,130379783,-60255424,-539784968
7,5,1,8,10407,-1614376551,-333082056,1398533143,328661854,-92982255,258438407
8,5,1,8,10407,-1241587272,458630882,-1248747921,-284065541,236798745,19165894
9,5,1,8,10407,138377932,-1167844530,-568456597,1676408991,-424200813,-1290206653
10,5,1,8,10407,49326034,1398403848,1944612829,67426257,47126140,1126825711
1,6,1,8,10407,470169394,2126342867,1271548841,-1494642268,-1513578871,1131320550
2,6,1,8,10407,-619414715,-1572021669,-1582645232,1850154407,-893462845,-1466465116
3,6,1,8,10407,-687014942,-249233123,1896211574,1772877349,1686133618,-1140401941
4,6,1,8,10407,-1927831030,1469980274,1847849146,-1549428851,1710354847,127276616
5,6,1,8,10407,23299588,-1096517329,1641503442,-474150783,-1911644717,875544198
6,6,1,8,10407,-137571122,1163489462,-1869985511,-1687035626,44552190,867240786
7,6,1,8,10407,-1200328317,1797055526,-1185289662,1907067097,-1517115469,1099970044
8,6,1,8,10407,2005297970,-745034046,1555638466,731380889,-354011005,1392156499
9,6,1,8,10407,251952917,-485884721,-484091437,413471278,-428358722,1993378321
10,6,1,8,10407,-1027132404,-1619120679,-29050513,120769749,575209697,-109180049
1,7,1,8,10407,305796460,1293521923,-1589265497,313860893,-1328379525,848768235
2,7,1,8,10407,373860503,892857545,1396233322,-632680146,-1339635619,829392181
3,7,1,8,10407,-711777301,-2067589199,1411032104,-1175986583,-1034797214,-932365137
4,7,1,8,10407,-1295183284,1594979910,2072533737,407104168,-1727284602,-287609871
5,7,1,8,10407,-1852177302,-35189245,-1122430335,-499170741,1070172653,590127194
6,7,1,8,10407,-384919414,-1012813881,-642659775,1227545199,-331220854,354907563
7,7,1,8,10407,-1516937033,1266737886,-1849812722,1533569186,-1595145164,1412334070
8,7,1,8,10407,-1125571429,-1938667839,1514333058,137886554,269975769,-1081975149
9,7,1,8,10407,1188037890,-619234787,-1883125551,-1302617480,-1644742600,-2147107042
10,7,1,8,10407,1483279406,1862721418,-1362570474,1306558894,248291083,305562935
1,8,1,8,10407,-1560094610,554083287,-1443874442,1591822163,1358951060,345159192
2,8,1,8,10407,-1295249893,-1532877978,962128329,-145802112,1241096811,1901972128
3,8,1,8,10407,-1798763796,1479399573,1680669851,-612002617,-1151539269,1379913017
4,8,1,8,10407,-1858534443,1952727492,-213428871,-1500681126,-49842829,1848053729
5,8,1,8,10407,-1833127879,1141423398,-1215445104,-1767333553,1172781114,2073102215
6,8,1,8,10407,-1548960280,-1066579369,-1886390168,557687091,-1938220277,-1118273081
7,8,1,8,10407,-1841705177,1967068591,859208605,1800223140,1112658519,1082747942
8,8,1,8,10407,1312540998,413997096,-1916772440,-32257515,1713052384,1941823346
9,8,1,8,10407,-1095781532,-1548073331,-1401373121,-275324333,1464207208,1021440696
10,8,1,8,10407,1129246926,603262982,1237779631,2009635362,-887320255,1513134156
1,9,1,8,10407,-424810843,-147657104,-1176430018,-1380178370,-607947639,-1762751714
2,9,1,8,10407,-543355933,-1137386343,-21317895,1033472448,-920344691,-2085497784
3,9,1,8,10407,-982727017,-547859457,-400513972,1717228406,-2097984691,-146725037
4,9,1,8,10407,952045329,1071002524,315081067,-1604022795,1373181451,2054526573
5,9,1,8,10407,-339324784,192489947,93925800,-2135955867,-126744072,-1568552177
6,9,1,8,10407,-1046163109,1997459160,-1927836519,-719040636,1999243668,136534428
7,9,1,8,10407,-1510576854,-1500734832,32242944,1745239946,1745395468,630308747
8,9,1,8,10407,861659157,-568704860,-20489897,-157043787,-1377296776,-288778717
9,9,1,8,10407,217802771,-1202701346,-1798972817,-1496964737,-1331171512,-1520509060
10,9,1,8,10407,-1153553143,492154631,-25506195,1746492260,237966631,-1869263479
1,10,1,8,10407,92726210,-873244161,1953368869,-1482727079,-1026315738,-826203283
2,10,1,8,10407,-419128264,1086562107,-1288051623,1620184563,-907180887,-852939827
3,10,1,8,10407,959251395,166664691,382928031,-519482579,1326766427,110546494
4,10,1,8,10407,1701847081,-1204846163,1553818872,-1606025612,-1254841689,-640684265
5,10,1,8,10407,1734621916,1005860991,-1091420758,-1667922405,-1587077778,-1279143771
6,10,1,8,10407,-1393510590,-1177499406,1851038452,733298636,1761891416,1717556942
7,10,1,8,10407,-1117886735,637346061,2060999694,-283665409,620343899,-871742391
8,10,1,8,10407,397248799,-1397134064,864552200,-430721156,1983147320,-596048870
9,10,1,8,10407,2112738941,-610227989,649496474,-694739846,-1561431872,-2116032483
10,10,1,8,10407,-1408727589,-72445081,-316691121,-660992242,96291411,-682182036
1,1,2,8,10407,-1998512117,-1785474022,403720632,-2126426953,-1640365897,-1535449637
2,1,2,8,10407,294858386,1790520152,498867295,1217157284,-1995120020,-1338740953
3,1,2,8,10407,-1812008607,-1611866284,-1560896742,1599342094,-1514327534,-441358305
4,1,2,8,10407,1022614799,-221009754,-623461171,-514239352,-240647267,-715936442
5,1,2,8,10407,244106530,-668315655,-1738414215,-245179342,-417980785,-2062114746
6,1,2,8,10407,-880025732,126228189,953619608,-838253775,-1901640506,-1070724929
7,1,2,8,10407,-1438634224,1185819517,-27222304,-836776435,873857829,2045075792
8,1,2,8,10407,-63328302,-2043125611,545238161,-1529117768,1081416795,-2044309454
9,1,2,8,10407,1413752757,1424868148,-322855696,1194159051,825689929,-805950494
10,1,2,8,10407,-1709951998,-1370024821,100787411,198316795,643077941,721715153
1,2,2,8,10407,1928807849,-733254088,1877128411,-531104122,771763782,-170066646
2,2,2,8,10407,119312336,-956308499,-315220232,561399317,-1636953546,1561867450
3,2,2,8,10407,-1142725457,-1670117462,119849141,1437936265,-863015160,2048172520
4,2,2,8,10407,-318063139,1325094246,295395153,641158134,796413451,907827184
5,2,2,8,10407,-274634923,2118392288,-1349945748,920239152,-1288362872,1443624776
6,2,2,8,10407,-862908799,-1921965098,-291146852,-76200025,1923245123,-1935401070
7,2,2,8,10407,-1944315908,1434984562,-1949966796,1861993321,1013878750,-1185627575
8,2,2,8,10407,-476773174,-1756851791,1538351610,-1476444176,370362917,1878531673
9,2,2,8,10407,-1633141872,1288620711,-2076028281,-526475574,-1528377098,-2098463945
10,2,2,8,10407,-8047617,1056041436,-1578098255,1087394795,836218254,-315903069
1,3,2,8,10407,521288933,-651668467,-1701027359,1675316180,-1843342725,1793102010
2,3,2,8,10407,-1563652189,-460467183,-44794923,384616849,1308527970,-1241255030
3,3,2,8,10407,-945144489,607263031,338494636,-389132112,960436195,1246062454
4,3,2,8,10407,277262392,254765952,-281816394,1795952260,-295345394,88683294
5,3,2,8,10407,1515638094,-2066429132,1056653594,147719380,1750423623,-1632188524
6,3,2,8,10407,-828621716,242209769,-1598026749,268611222,-386305304,-94229164
7,3,2,8,10407,-1222978514,-1685137164,1511673260,-1746437996,-2080177810,-482013808
8,3,2,8,10407,-522113448,-1487974447,-663410050,846628306,756011165,-1831759574
9,3,2,8,10407,1812925137,568114709,418771745,-1225797407,595254018,-217369127
10,3,2,8,10407,-1457110347,-1429996,783004071,1026461373,38232025,991868969
1,4,2,8,10407,-1144881511,1245352585,1825888169,-1994440559,1525600456,-444973426
2,4,2,8,10407,-153407265,-1366766857,-520402229,-2090431451,-158574304,395933522
3,4,2,8,10407,-818759319,628940741,149336870,526618947,1997427829,-334248560
4,4,2,8,10407,-426627728,-1195931511,-1273154976,1704055070,857858090,-1318769727
5,4,2,8,10407,-682989693,-1063777917,447044408,196232643,1547816321,-1303727793
6,4,2,8,10407,422145874,1435817590,139908945,724473392,-559792893,61538357
7,4,2,8,10407,549354308,-1941622934,801627426,263613309,-371378601,1710699533
8,4,2,8,10407,1137521057,-740531852,647892622,-1587952131,1495016342,1150530532
9,4,2,8,10407,54546441,181551204,-1527816283,1318896785,-1022952491,2124495808
10,4,2,8,10407,-49612654,-1000772931,668566102,-960117501,-1591749207,-954570530
1,5,2,8,10407,-1879122621,6069598,971539502,-697663450,1891212734,-1233881523
2,5,2,8,10407,1613135546,1495307228,-896211663,-641334837,-2109823401,804107101
3,5,2,8,10407,-1092573655,-1369675818,1000279992,-1572674629,-609722375,-1859029599
4,5,2,8,10407,-909778877,-1581435791,423093381,1718658333,-1095252888,-1913749790
5,5,2,8,10407,-1761440317,-526614345,-249787515,846867510,-770681793,-44105848
6,5,2,8,10407,-225807000,-1955146318,610966625,-1594824100,926936238,1524604496
7,5,2,8,10407,1983572558,-1229705663,1631900737,-684866659,-1487205027,1328260
8,5,2,8,10407,-1290905811,186749083,-1886094129,-28546884,-820995831,1590573439
9,5,2,8,10407,-402272097,-1539319921,-1375494048,563587307,-1575861954,-759703911
10,5,2,8,10407,-1692275068,1812907592,-893227341,-308614822,88558383,-825989477
1,6,2,8,10407,-837507144,1889121838,48088651,1319312614,-53902535,1131104824
2,6,2,8,10407,383954111,139358709,688382126,-2100156506,1599940574,-645627657
3,6,2,8,10407,-632662050,979196777,872106375,-1390752949,1970784145,1983230559
4,6,2,8,10407,-711987939,-303331697,415142718,536716255,-1052838860,1352916963
5,6,2,8,10407,2062847132,-1395725355,258964198,-1981281648,355862191,505571980
6,6,2,8,10407,694139269,-1176933427,237530690,1025239285,-831110269,1471384833
7,6,2,8,10407,569524110,570513647,1551087874,1968353669,-300151500,-1546166402
8,6,2,8,10407,-362327442,-233309771,-43203804,799957121,-1508228326,1934877997
9,6,2,8,10407,-1002812288,480247380,2016463074,-44309092,896713040,1960563463
10,6,2,8,10407,-2145985442,-1610160231,16992154,-1889472607,1378288982,1064641357
1,7,2,8,10407,-1381489495,2070807112,-2031781783,1947002879,-1512645777,-194834662
2,7,2,8,10407,1085347981,1162442732,-396012607,-1545752622,-278275542,1399134591
3,7,2,8,10407,282103509,-109961271,1533918640,-1951315586,602623321,98248500
4,7,2,8,10407,390364993,903664546,2086468551,1287876595,1282086058,1931771124
5,7,2,8,10407,-1451408794,-365168754,-54142464,-1447561924,885660144,-395058562
6,7,2,8,10407,-545336612,1495624784,-1489524886,1390891208,57015946,-651456973
7,7,2,8,10407,-1882269646,-1751997678,830688013,396055781,-714441900,-722073566
8,7,2,8,10407,-1402820342,-814958378,-594974322,285367067,-1724074728,1762380980
9,7,2,8,10407,2077004206,751288177,2076753797,-758914076,-956663980,-555853843
10,7,2,8,10407,-596179370,943986796,1850028107,1252740346,594406012,686547646
1,8,2,8,10407,2082138539,232694860,1503988339,-1145706821,-214767176,-886783648
2,8,2,8,10407,-843515103,-1896263174,-1910230911,1980035898,186259655,-178777013
3,8,2,8,10407,305905209,-46922446,137938508,-288688837,-297359233,-1642352573
4,8,2,8,10407,300574338,-1723147068,-1731313037,-1725304189,2017060113,-740567365
5,8,2,8,10407,-1361163771,-1858257102,292343114,408686940,-2085607299,-233549951
6,8,2,8,10407,-1783376751,-43673921,-168917456,1099749468,-470143680,-277467358
7,8,2,8,10407,127064342,-1879582618,-297119134,-502914602,-1851166258,-1426376312
8,8,2,8,10407,-1187220391,946154543,433030232,402787513,-884128403,-1507068956
9,8,2,8,10407,-405468125,629137813,1283049231,-638457609,-274999038,871179175
10,8,2,8,10407,362069186,-254854126,-419704386,1426926080,300351070,-1525644383
1,9,2,8,10407,-1922860840,535079077,1926140735,-598742753,-1748827148,-1776874853
2,9,2,8,10407,-1282990108,1865634631,-866093575,1025340395,-533484801,-1845795945
3,9,2,8,10407,-756306178,418799007,1941929920,1076331788,-385495423,-239226076
4,9,2,8,10407,337801227,-909210488,-2027126461,1930037948,-1063513194,1397115194
5,9,2,8,10407,-248159156,-1631133548,1398456858,-78833996,422411657,855760881
6,9,2,8,10407,1159193016,2136290112,-1013491745,1177613022,-1344652933,1541239464
7,9,2,8,10407,924444755,-877154485,2042753972,1676492787,-303083534,-1684874570
8,9,2,8,10407,1529817928,866913954,-618904044,-1934494535,1322262520,1151303900
9,9,2,8,10407,-674597396,155607356,-1091824892,-1791879940,1692305186,-1960910859
10,9,2,8,10407,1629669586,1802390186,1901567104,-1169317803,1978699475,2008256475
1,10,2,8,10407,955031380,206685627,-1677070751,-569256636,1575487857,1050026592
2,10,2,8,10407,1589418237,980423261,-463801689,1195833683,-826119306,1801336453
3,10,2,8,10407,830854561,-1331096094,-1201686413,277385278,679958131,379717229
4,10,2,8,10407,-1160054119,-1895100491,1700813295,246972565,1865436360,939188909
5,10,2,8,10407,1655233734,203568629,-1699354256,-1062134904,-75004258,514204861
6,10,2,8,10407,-1987019740,-1329515746,-162409820,1979008862,-123030338,437711348
7,10,2,8,10407,805613978,1687408411,314660493,-1771801271,-1251306353,30419620
8,10,2,8,10407,-329887879,-1195182482,1609857952,-311954409,1353896045,137406921
9,10,2,8,10407,628417849,1042219936,279654789,-1819670492,-774153232,-1724977000
10,10,2,8,10407,1158223473,1166981695,-1829433798,513732243,-1146549971,-1291578592
1,1,3,8,10407,-1412794165,-1274929616,238758898,1825742217,1251299542,-98332147
2,1,3,8,10407,1408190530,1654241466,-1901667150,58406284,-239756529,1055370047
3,1,3,8,10407,278048055,577981806,-484492628,1990971440,2009209035,-472654640
4,1,3,8,10407,1760719033,-1033906612,-1719902253,-9559712,-25324551,-485077974
5,1,3,8,10407,170249431,-586584225,-1031165803,-995024142,-1335023621,1246544105
6,1,3,8,10407,264632321,-762672008,1795295309,1311651199,119642724,1743813863
7,1,3,8,10407,1276662119,73393189,1786113866,-630724542,1876666795,-987922697
8,1,3,8,10407,-115735835,-190883540,1804135619,-638022865,-976845902,-1308102087
9,1,3,8,10407,356028802,-590344278,-1485105210,-926352124,-1037685915,-1299968974
10,1,3,8,10407,-2024611898,-1281421395,1176063770,1687190668,5449570,-1955760660
1,2,3,8,10407,547778322,2089817544,-119790630,1478357697,-1871641349,1791042507
2,2,3,8,10407,2027628819,-972810990,-47069095,-1815664525,-1423190909,-1391726703
3,2,3,8,10407,-960792475,-1649954924,467417294,-1439778389,1489542554,-1543747617
4,2,3,8,10407,-517429148,40746386,395583716,1370480812,521266283,-745180341
5,2,3,8,10407,587809435,-1721991887,1433634291,-1014404029,1551108255,-240842650
6,2,3,8,10407,-1457900059,1819312724,-1213931862,1788150381,727006957,-280836860
7,2,3,8,10407,-1937600468,-1590054276,714307960,-1197609486,1294611498,-1568247457
8,2,3,8,10407,988940122,2145249258,482133188,-177232110,813732004,517403789
9,2,3,8,10407,-465324436,-182060260,-1334309001,-1652324351,797897780,-1643469369
10,2,3,8,10407,1674576578,987896246,1092555817,-820799855,215830587,695734119
1,3,3,8,10407,-1128551303,1760993289,123345428,1007706436,-1344591758,1706707793
2,3,3,8,10407,1765730211,636407604,1841274945,-1545716859,-1648317197,1576214174
3,3,3,8,10407,190666681,1646986,1390952889,1986847029,1743903564,-174095348
4,3,3,8,10407,-1486359021,-2132943185,-680558684,-1530061793,560125034,-1316607672
5,3,3,8,10407,-1680816409,1453858198,-1623344862,-1201738235,-271450450,-82558075
6,3,3,8,10407,-1411097664,-1454351158,377677774,-1742330436,1934364400,1829924018
7,3,3,8,10407,358493553,-1575937095,1109472538,142025017,-753791236,-2008808860
8,3,3,8,10407,-1194221445,-2025005599,1417878993,-360815498,1707509070,-1863555301
9,3,3,8,10407,1352323270,1899611508,-427480721,-1566562008,1018213522,-1963738734
10,3,3,8,10407,-15036668,-1289683669,-1406156504,12777380,370378082,2110647241
1,4,3,8,10407,-1771492516,-1074089593,612427302,-2059652261,-1223945310,409960527
2,4,3,8,10407,-1856452695,-29082189,2054623882,-1049362308,1942224822,-1199129569
3,4,3,8,10407,516840187,-1632408307,-407309796,-163975986,-1843316099,-528198804
4,4,3,8,10407,173840522,-2021606200,1081088979,545056868,-1217510552,-688310306
5,4,3,8,10407,1572137753,-1165859110,1584682544,-1509806568,-1427608783,-213682428
6,4,3,8,10407,-1840608299,-1535910158,1672019274,-1390659139,-1204556822,-954462783
7,4,3,8,10407,-1620511232,284080209,-1638764461,-1674305264,-1321770254,1286007871
8,4,3,8,10407,-1727463261,-1919315736,-787224540,589183917,1858076525,2127197200
9,4,3,8,10407,-864772865,1830943531,-1615429049,-623393961,445354682,1909111265
10,4,3,8,10407,1570277525,-569160144,373473631,-433264448,1583591808,-317173006
1,5,3,8,10407,686689155,-2032393335,-608249100,170108884,-940269164,221897446
2,5,3,8,10407,1459759269,962707244,-1718026534,2135771055,-1328113059,453794997
3,5,3,8,10407,-1336736246,480718584,1749299136,-736296562,-744163035,2072225450
4,5,3,8,10407,-576000615,-75631077,-1262320230,-438645333,-912884741,-1858192733
5,5,3,8,10407,69449959,69806871,-1239535203,-614319047,235226996,-632801963
6,5,3,8,10407,-436802047,1366333702,1532854683,-1577425012,-1571196836,-767711425
7,5,3,8,10407,-1289517198,-946963036,2024821849,-1883889518,-1315067283,-1096229094
8,5,3,8,10407,-1494647468,-227608563,2042846813,-1866150863,945920752,-1927066952
9,5,3,8,10407,1714083450,-413136231,-268947919,3639527,85484112,1450885266
10,5,3,8,10407,-1856575549,-1792340994,-1566241646,693319463,1819254624,711197684
1,6,3,8,10407,-1169624421,-1518932110,1770798356,-520620876,-1790562390,1288646727
2,6,3,8,10407,-1888007960,1024193779,130077825,-1271986051,-633362404,525923950
3,6,3,8,10407,768715351,791599403,1111251634,888128757,-1418589935,36021706
4,6,3,8,10407,-2120147956,1760359536,1181800930,-1307800681,1407090571,1718496528
5,6,3,8,10407,-913587099,-1852868987,-1420448268,-363286046,-2033828527,906753428
6,6,3,8,10407,-1482929201,-435226563,1915607112,-1339018726,607614488,-992069285
7,6,3,8,10407,753265616,-231985340,-858236096,759637076,1655372239,1777829282
8,6,3,8,10407,-1196417879,61914351,2025152164,-2125073350,-218998358,880662310
9,6,3,8,10407,-1459790153,968063667,-1981480859,-1503735525,692099174,484463904
10,6,3,8,10407,673711131,1684794767,515690062,1246802604,-297836243,1898999217
1,7,3,8,10407,-1848053085,1539957805,-1151270307,320451443,470902038,-750117061
2,7,3,8,10407,-76609206,-127025164,-2076819234,1178176195,1733078429,-856222917
3,7,3,8,10407,-1234266486,1235541095,1474280708,2121650501,-1092267934,-1608152212
4,7,3,8,10407,-1093860544,1519311347,224969566,1259759839,1373595980,-1008943046
5,7,3,8,10407,1385017281,-1563988879,188781219,-1854659661,-612874795,-1803777053
6,7,3,8,10407,1448718511,2108497259,-216434780,-131772019,-1522303160,237355718
7,7,3,8,10407,-137368455,202189709,623792988,2132569010,1171224407,-494893277
8,7,3,8,10407,-1651808668,433567287,331941803,334634487,-1490336369,779798602
9,7,3,8,10407,977402661,-2140575321,439930959,797396783,500301157,-1438638871
10,7,3,8,10407,253823397,-1316872017,2059599789,1998733298,357374791,1388037197
1,8,3,8,10407,1170173610,-426922467,-541781128,-330628717,-1828178106,1299302582
2,8,3,8,10407,-80292969,-1573381364,418721679,1574965923,-241710584,1146538725
3,8,3,8,10407,833997491,-922748943,893092985,-1833630228,-557216666,655559987
4,8,3,8,10407,907848624,975251616,-762183246,-72871243,-2139675833,1200264328
5,8,3,8,10407,1068346458,-184761798,1298450063,-1518316703,976327914,-1119970779
6,8,3,8,10407,1476345754,-1701521418,-1524715070,743776346,1239519754,2055884239
7,8,3,8,10407,-2083956546,1573177095,-1238997857,-1318459418,433599548,-419183029
8,8,3,8,10407,-1790564426,-381666317,1701334311,-1267390850,679406830,-1319982250
9,8,3,8,10407,1647734487,1530234802,4048554,1427009154,1635915667,1603347692
10,8,3,8,10407,1693911606,-27935158,-566467919,858381524,922616991,1476446505
1,9,3,8,10407,11280438,-1767360010,-824938085,1093140238,217244431,-649628827
2,9,3,8,10407,83577434,1289952720,-426112731,-932159830,-2114263512,-1926237224
3,9,3,8,10407,-363967879,-1313033245,1984234101,1696454088,934164652,-1071322584
4,9,3,8,10407,85901688,-49136347,234939881,-1278305539,-1982134815,1133733764
5,9,3,8,10407,489930727,224575211,685598138,-1546037467,383777650,233123053
6,9,3,8,10407,-1531363408,-345911157,697053619,257459360,-581035011,1412975436
7,9,3,8,10407,818926583,-1968087087,1217371443,-607564536,-1269857629,-1274919615
8,9,3,8,10407,-378057626,-726671924,-566629166,-1248141446,2014812857,-2070457853
9,9,3,8,10407,-176478426,1720434716,-567531366,-386468230,1922345066,1603339372
10,9,3,8,10407,-2039112328,-1165218132,941933920,-1943730979,910222773,-1868630392
1,10,3,8,10407,-1887269332,-1179569948,2050637156,987413513,-434995501,-314371115
2,10,3,8,10407,-187710317,-1827136856,-305086741,-844646421,386748206,-796811954
3,10,3,8,10407,-1967887415,2095714188,1845884806,1485900171,603852491,520498411
4,10,3,8,10407,-116965521,113795525,-2089911110,-2118586151,-1350847726,-1374453983
5,10,3,8,10407,-1397176228,305969294,-2054652186,-1039905117,-332529846,363511811
6,10,3,8,10407,595944939,1745787443,1601113290,470291536,121020322,866559640
7,10,3,8,10407,-1475610432,-1730261291,-1757522330,2121796261,-76828831,-1882094845
8,10,3,8,10407,-576962501,-1398103192,-234850524,1889307674,2086226024,-1872099267
9,10,3,8,10407,-890992869,-1790479995,281898330,1079081063,1672824680,1813754102
10,10,3,8,10407,-270450463,1782207686,-242873305,-1104183443,1020767439,1096879378
1,1,4,8,10407,-1824736908,592004380,1504908830,-1723497479,-1904754036,-677593610
2,1,4,8,10407,-798833088,1541554587,1314342487,654358647,687493483,1055038952
3,1,4,8,10407,878858866,1240696510,-1224667711,-502033439,1152368197,1013178432
4,1,4,8,10407,1079682550,2083063475,1760287841,1177170310,913491499,-1115957848
5,1,4,8,10407,184408835,805754508,-2071771791,-1633765101,1722569420,1728506046
6,1,4,8,10407,-6575090,2082261709,-988044711,-1445626359,422895964,1484762991
7,1,4,8,10407,-190864946,1300122325,-1121035387,-156741887,-1016946878,1304478573
8,1,4,8,10407,-584922490,-1747277674,990196665,1530506849,2098118319,-488771850
9,1,4,8,10407,-242685554,-413951746,-564274297,1846758526,-924495573,902620745
10,1,4,8,10407,-1297644894,1403050858,437352852,-446818218,1723748295,-1363014307
1,2,4,8,10407,-1072413209,-1326758791,19606317,-1412679306,1451539283,-1857100897
2,2,4,8,10407,-40036805,-1948896363,-1737448817,-2088787094,-411836989,2072176752
3,2,4,8,10407,2016433463,-595630266,1114525296,1748885154,-926578689,95773124
4,2,4,8,10407,297756928,361192707,-2035294515,-157632470,-373480283,548237325
5,2,4,8,10407,-925407478,1489794783,1968018625,251091235,-1133171305,-1948381491
6,2,4,8,10407,1280448214,959821682,-788619746,-1618114323,725843762,-1507596919
7,2,4,8,10407,1452715194,-528638926,596894590,901346469,-213985329,-946978153
8,2,4,8,10407,-234962240,-2053146540,77668610,753544258,1193033925,-891542483
9,2,4,8,10407,-2130290520,-202863799,1430352048,-370646412,-572933002,-124724301
10,2,4,8,10407,1547150172,-603733811,2049351622,-398523286,1752345379,-1910434715
1,3,4,8,10407,685655728,-222934825,1265057943,1719997564,786218111,-1030920070
2,3,4,8,10407,-1150329496,-818332694,1682162642,1947755218,-716745104,-540752927
3,3,4,8,10407,-1040364847,-562471895,977938789,-690851542,-1399193760,137135966
4,3,4,8,10407,-1544315487,-1041962683,273944116,373292312,-1499063620,-438970331
5,3,4,8,10407,176062952,-51510395,69171713,288882450,1207237046,1424926801
6,3,4,8,10407,-215545696,1371127158,-42580417,1573906638,768419491,1852789011
7,3,4,8,10407,2077107016,-480678025,1187773347,-873665334,49903243,1081201050
8,3,4,8,10407,-606817404,482093005,-1230628433,-777842840,-535798649,698192251
9,3,4,8,10407,-731797540,45049905,-1189374515,723906422,1217231041,-347187029
10,3,4,8,10407,153469401,1364303539,900921931,-2050449474,-932955809,1445977501
1,4,4,8,10407,-773916750,-680555580,1701188242,-1519604099,1531950684,-1633680809
2,4,4,8,10407,-302243570,783116586,-1298594094,1029927838,-1414918643,-2034774037
3,4,4,8,10407,-1505086785,-1000750762,1281558577,481020447,1298237797,813090455
4,4,4,8,10407,-680070025,1659779919,-1210245254,399481279,-6457988,-1568288763
5,4,4,8,10407,514072276,762700177,-168128471,1399178639,471203836,-1140374248
6,4,4,8,10407,1298721622,-1635932527,1927151206,-1329451295,675383943,1012398634
7,4,4,8,10407,188190454,-1369024733,-1250428012,314595346,1715024675,1140360415
8,4,4,8,10407,2080975003,-1410273893,1142552890,-844976553,-974844289,468205671
9,4,4,8,10407,-732304489,-843684,595017017,-1035690864,1102282703,-1273226498
10,4,4,8,10407,-719847792,-811618494,-1218822199,-919690571,1800280919,-1027655265
1,5,4,8,10407,267804953,-2101447574,689682088,700421073,1532491477,-2085852287
2,5,4,8,10407,1732930813,316525261,1099702988,-1724116621,-1344538304,-308626740
3,5,4,8,10407,-2096582845,-1285555093,1628404999,1356672896,-283014994,307145919
4,5,4,8,10407,-1966022464,-1288456699,-1784227269,-1146216184,1974328619,1921141599
5,5,4,8,10407,-1059890350,1593206528,-313049617,-363174155,-282648602,977982382
6,5,4,8,10407,1206567768,-797466402,668499024,-119418851,-791311853,-1209221570
7,5,4,8,10407,-571462823,1090388604,668636900,-255894417,860864502,46756109
8,5,4,8,10407,1839044042,-539447338,898548268,756144,-1745157391,21850662
9,5,4,8,10407,-1265965099,-1523409226,-1929425850,-1402527093,-1096570654,1275870926
10,5,4,8,10407,-1545290333,-770865453,187282397,880883726,1788101508,-259261811
1,6,4,8,10407,729380221,-942233773,-83799036,147982726,-1844378658,-529460874
2,6,4,8,10407,-1337546361,-1390463758,972328479,1569116410,-1442589596,-1822514162
3,6,4,8,10407,1563395327,-182820317,-899463663,-793156925,1728505618,59790753
4,6,4,8,10407,-1871640771,-1791909722,1023605696,1254580160,517446363,2113832288
5,6,4,8,10407,-1212023310,177550042,-866769285,-673748480,-1046257133,-612897798
6,6,4,8,10407,-1153377117,1519705667,1688885287,-1786108255,1576811309,1958839094
7,6,4,8,10407,-944930144,1017755232,-1463545516,312618014,-157751427,-1348141319
8,6,4,8,10407,1246389051,241504380,1542511337,638171731,526501091,-1338962734
9,6,4,8,10407,-1169747999,-60899842,1418840197,-463678164,-1187083305,1796173805
10,6,4,8,10407,1126510400,271783887,203791517,-603017787,-1175827019,-497041010
1,7,4,8,10407,423207643,1712900369,-2075614231,-2020241337,783487476,45308056
2,7,4,8,10407,-970862764,-2007621171,175767025,625891603,-998408432,872412013
3,7,4,8,10407,-1691940948,-1510558228,67045574,222731621,403573807,-1685039778
4,7,4,8,10407,1618668251,1505880239,-1721550541,734087376,861263655,-1052193205
5,7,4,8,10407,-439046599,-131948120,850486742,1792731302,1438692612,1255358150
6,7,4,8,10407,1398761084,-1060043478,489101458,1472933001,888348989,116535907
7,7,4,8,10407,1487682666,-1149535644,-333096937,-2001866235,-237786424,1316786669
8,7,4,8,10407,-337271338,-1687371618,-1156128681,-697981123,-1241094445,1809267504
9,7,4,8,10407,-845440118,872204789,1535389390,-1647859001,-1042159253,-1155965416
10,7,4,8,10407,1419562776,221624237,1167207565,1609161027,-819609720,1288600232
1,8,4,8,10407,758097776,-453945924,2025235389,-1533931188,795816250,2015480506
2,8,4,8,10407,-1216525520,2046026971,1339377824,1659196206,615575419,-21597267
3,8,4,8,10407,-1694514977,-1006333764,667042786,-2134987160,-1725386870,603503801
4,8,4,8,10407,-460264958,1964064022,1903309096,-344310757,-1092395781,2050929021
5,8,4,8,10407,-838845519,-1014464211,12326925,399911008,-1760340101,41890093
6,8,4,8,10407,537024200,-1680284952,-400064785,-1588403311,-563887454,1514384542
7,8,4,8,10407,-1035779848,1927885235,-702893451,362818522,-818519353,-570541140
8,8,4,8,10407,-1654452916,868188293,-1403086819,589853899,174219371,240456941
9,8,4,8,10407,-1215455062,23459246,-798019389,1014215902,90551110,-1712205946
10,8,4,8,10407,-456458052,-686543197,1439385539,-815667631,463216735,-653753694
1,9,4,8,10407,1232157515,1792246113,-1591354811,-934379889,-1861985065,1847254894
2,9,4,8,10407,-1133088030,1902212231,-639197300,-428912879,77036490,1084856707
3,9,4,8,10407,-88737388,1547013102,1791277024,1706323860,-1721622352,624609485
4,9,4,8,10407,101664337,-1630047654,1869360117,236755578,81987598,905985243
5,9,4,8,10407,251823145,-284280333,531660708,-1166192513,1204127743,618223644
6,9,4,8,10407,-66102804,-978180796,-877854845,-380520203,1459020924,886632250
7,9,4,8,10407,-600967372,-1729512706,1339653345,-2096646444,-941192353,1851647767
8,9,4,8,10407,1888622830,123916056,1670409011,1791345319,487130485,340759685
9,9,4,8,10407,1205005687,496498282,1210652039,-794275006,1747521233,309816365
10,9,4,8,10407,1559124765,1192807254,-1473552746,1841239833,-1457331346,-424353850
1,10,4,8,10407,1372310,-811975305,-1192038241,567039798,-1401317914,-749743705
2,10,4,8,10407,221893619,-1135368371,1385583988,-1298548031,1596849594,-842019233
3,10,4,8,10407,699909344,-69051506,1101167841,1844445163,-284547131,1178851518
4,10,4,8,10407,-121922979,1363579969,-1627870558,-2001825194,-661258694,-1240137005
5,10,4,8,10407,-252921673,867044949,-474116433,1046908330,-1466818936,185842337
6,10,4,8,10407,-1077014729,-1020517603,-664723075,-1660889366,770447848,946934301
7,10,4,8,10407,-625661338,-1781536940,341917056,-694281837,711661127,595796344
8,10,4,8,10407,725995191,-1595998427,1120886364,-53322233,1550743001,633887476
9,10,4,8,10407,1932163843,-1696426594,-2128115912,1536400382,1914835840,-466725084
10,10,4,8,10407,-1010652399,1587572267,1314894224,-1395845034,1915267789,1245454168
1,1,5,8,10407,1233477583,-392461024,-2112119507,-1170342861,190686108,1632528686
2,1,5,8,10407,815280247,2077286520,1021397830,-1575010172,1041829271,-1683298259
3,1,5,8,10407,-1277479394,-625635633,394165268,-167601053,484139855,-1025158872
4,1,5,8,10407,664326397,-1695242403,888255457,-293124928,-300864280,-1400923770
5,1,5,8,10407,1371733694,2010228407,-655066077,365621448,1656216923,-1245911820
6,1,5,8,10407,-1289545413,147648546,-115026425,-610726166,932494471,847652764
7,1,5,8,10407,-1194459251,-1194664270,-1489863731,255571438,1795221360,1569338139
8,1,5,8,10407,-1790459697,2078959242,-1195675810,-1733187858,-1025087876,1304703347
9,1,5,8,10407,742775328,-15666421,-528111832,900256378,1153366130,1350265853
10,1,5,8,10407,821900967,803987782,1034636678,-1913844622,-1410328813,1820313828
1,2,5,8,10407,-821619284,453338728,-999859735,-1560042646,-566619037,-1461564039
2,2,5,8,10407,-1189999823,-1469890623,-1861495932,-858514420,1857584152,-798807622
3,2,5,8,10407,-975232708,1514474218,203613488,1106858674,-1168532679,-1875752244
4,2,5,8,10407,-1510091591,1257735183,-816198943,-459480867,-1283360148,-430616580
5,2,5,8,10407,1520339965,-1437060790,-534558749,-396699277,-847028701,-1051254142
6,2,5,8,10407,-923372992,-1579520779,-935426278,1273363381,1712752903,2074667079
7,2,5,8,10407,-227500680,-1914405267,358292236,-996687992,315708418,-1083946545
8,2,5,8,10407,-1083828448,1968325197,1660802760,-868421568,1808565227,2137384826
9,2,5,8,10407,684196144,-1599493356,148355783,-1232725433,227818307,346342881
10,2,5,8,10407,-148718027,122736486,-296571742,-503983458,701766591,352053730
1,3,5,8,10407,-329452108,973916037,1591227003,1120096785,-2126608503,1025801024
2,3,5,8,10407,2028247544,-1313223173,1865137365,1245746514,1099421707,-1668423270
3,3,5,8,10407,2130560147,2111310150,990257818,-855081314,1224596743,-1826658983
4,3,5,8,10407,-232504768,277405592,-68257773,-1547915736,-1277777435,349072926
5,3,5,8,10407,1893992957,1283829871,1078840700,1395230861,1853650001,1728892308
6,3,5,8,10407,905395397,545531653,907428972,561009403,847393475,1427979284
7,3,5,8,10407,-1335502638,248314299,925024294,-1338400764,-472575561,-814130140
8,3,5,8,10407,-1634174049,-1259373305,-1707339813,195372855,1231045309,-1479238401
9,3,5,8,10407,-1899571536,799605890,-1913927233,120132369,-756736085,563364258
10,3,5,8,10407,-287601290,5604301,-877515617,1637143887,421386142,-483731793
1,4,5,8,10407,1986853125,1058111496,-1739617488,-678314162,1339139498,-1206736091
2,4,5,8,10407,1285076238,-574310224,-725619513,283019241,-231786971,-1390436714
3,4,5,8,10407,-1058641569,1537190650,-1368014875,712554171,-559060426,-1807727235
4,4,5,8,10407,682568218,1950626425,-1193701569,-1572780681,1698792516,912716368
5,4,5,8,10407,-24567370,1957498737,-1291603128,1638141360,-1444647588,-1469325191
6,4,5,8,10407,-1465377821,-1684818269,-80517221,-95106643,-810597022,-308026031
7,4,5,8,10407,581183013,-1161957701,-56950887,1522304993,-1602427816,774792263
8,4,5,8,10407,1958209273,1378712416,1738513046,12712263,1008477146,-1698534119
9,4,5,8,10407,86630446,-466760404,642671669,-722976874,-702318722,-373213411
10,4,5,8,10407,-1948015205,-51285820,723252316,889212494,-187616857,1826513943
1,5,5,8,10407,954962378,867418832,555856677,1000915344,1322451589,-417370482
2,5,5,8,10407,-909725330,-1348543987,1925894186,1098926181,-972254689,380033222
3,5,5,8,10407,1783594008,1292893153,1862293493,-797328868,-954248965,-1093332968
4,5,5,8,10407,1525438464,-582522603,-1142409071,-1374414960,-640257792,-2723414
5,5,5,8,10407,-1673508887,-1150866032,33267772,-1644839792,-1512050090,1447956468
6,5,5,8,10407,-2037023998,-1099589945,1624489730,-452075184,-344916032,1882697623
7,5,5,8,10407,-596609369,1114562993,1459906847,-1458418814,1094269787,2110717144
8,5,5,8,10407,689855636,-2005569467,-75622280,-1999774936,-1010936906,-422516704
9,5,5,8,10407,1637235083,-2011717410,528750608,-480825398,2126817510,-986515818
10,5,5,8,10407,-679470519,1048364446,-897528464,-620086211,60803172,-386513795
1,6,5,8,10407,910515444,1402624966,-1564752764,-802062601,2139575522,784327176
2,6,5,8,10407,-1843892082,-32424334,-379331042,-2079905555,-1889048509,970094976
3,6,5,8,10407,836255788,-103643835,-1425379933,2074546482,-1644674269,-1628752428
4,6,5,8,10407,-42958579,1667410186,320009277,1161319055,1188290082,-206379205
5,6,5,8,10407,-283713723,-2052382895,668521223,-925374630,1531401675,1607031496
6,6,5,8,10407,439014282,1703910263,-938474468,1296428936,1296756401,-661770974
7,6,5,8,10407,1107606593,1552087293,-594481085,2033504958,-1137817780,1594573950
8,6,5,8,10407,218702153,-2063288701,947024042,177539415,-2064750368,1545800980
9,6,5,8,10407,-745143191,2092826828,-1132640939,-907089988,406105033,-510719758
10,6,5,8,10407,-2077650747,-139980017,1905686743,254690152,636159426,1687371739
1,7,5,8,10407,-1808212875,1528330038,-834838539,1864565157,601073885,889163511
2,7,5,8,10407,1595692130,-333137763,-1465205838,-1582694320,-1368013347,-2083787303
3,7,5,8,10407,-872421593,-583427750,-1132168125,2109174877,1774508043,1431610489
4,7,5,8,10407,-1791307028,-1683715089,378779796,724222208,-1528586874,-1928823280
5,7,5,8,10407,101085112,1178451511,445098361,-607605548,-1278925930,-1756969844
6,7,5,8,10407,964287335,-2083675911,-903200573,764055317,-1188209699,562335395
7,7,5,8,10407,379056981,2044471939,-1705065801,-1931945559,1150758225,-1513281183
8,7,5,8,10407,-1411597576,-1379646414,-731886227,-1103659969,-1853990808,702255080
9,7,5,8,10407,679281421,1782764912,492720857,-1442353344,-1295316062,-771421203
10,7,5,8,10407,1535383039,1874726033,712979846,-1909957340,1182174065,70118988
1,8,5,8,10407,-971602245,-332595839,615202719,949559254,1975683478,1591600636
2,8,5,8,10407,-487934863,1459462093,201986989,153568162,-2077761080,-1239170920
3,8,5,8,10407,-951294612,1849556160,-858349523,887496179,-462086873,1677739386
4,8,5,8,10407,1899298180,-1653316370,1904294290,1321465890,503112015,-1429724997
5,8,5,8,10407,721853841,993158395,-866212307,2124760125,-810269585,237010475
6,8,5,8,10407,-208137178,-87027374,-2103185860,-66669155,-1647513302,-1961648691
7,8,5,8,10407,-964610725,-1548061117,663945973,435713024,388690666,691949771
8,8,5,8,10407,-1806904476,1789448582,-823784558,516678381,-1294140751,1118615731
9,8,5,8,10407,98216465,-964170100,-1808502175,1589932136,894474196,-699942280
10,8,5,8,10407,1333349321,-1656664169,1757531148,1491544668,-1532591293,1040261152
1,9,5,8,10407,537332,-2049344200,222298725,2013215324,1837864551,-193122045
2,9,5,8,10407,-1833201737,1888098848,1820878131,874117296,-802697966,-736506176
3,9,5,8,10407,1175835255,2111424646,2082403011,-30355431,-78957921,-190122079
4,9,5,8,10407,-1847239240,1191901488,-647210087,-1411368295,1645905401,482691384
5,9,5,8,10407,-1708370375,-1998073957,900699453,-1239371224,-688596318,872251676
6,9,5,8,10407,1135165696,-46113003,1150773777,-794350139,758308232,-921525742
7,9,5,8,10407,621685040,1729743389,-176974633,516848652,1649958688,-1428394572
8,9,5,8,10407,-654133552,-1476437527,1220590085,1325789383,811121269,-478555818
9,9,5,8,10407,-1156715520,1862435188,-2034410250,1443732577,2009627027,-715607257
10,9,5,8,10407,-293818992,1532164242,-739454721,-1880850235,1558504286,-221430911
1,10,5,8,10407,341987925,-974858784,-1697010603,-41526265,1248356931,-690190612
2,10,5,8,10407,-1189237088,1758553921,429904795,-596482424,-1026185163,-341334331
3,10,5,8,10407,-440200234,-1923848093,488096341,550863824,896603916,-1629526110
4,10,5,8,10407,1577092968,2055953944,1707778301,2029765606,-838214939,1043989153
5,10,5,8,10407,513396916,848568009,-834068666,-1112436509,-283429173,863676058
6,10,5,8,10407,-289804988,816949391,-474773443,156331444,68029540,-2010271757
7,10,5,8,10407,-1289844895,564833009,1044787164,494258190,-1722314995,596007782
8,10,5,8,10407,-25727756,-616227219,-186918423,14271197,-2098458976,1438144016
9,10,5,8,10407,1164875044,-972594790,12628081,-334635860,-1009344410,-1842368256
10,10,5,8,10407,-1940712037,1602722715,-821439736,-320871119,-1805204546,-1943626218
1,1,0,9,10407,2004901242,1096627102,-620249671,276914768,760400243,-1303428409
2,1,0,9,10407,-1500519999,1567293002,-68162101,1684741096,-885361002,1899036540
3,1,0,9,10407,1332608413,-1205832502,-1074951955,-1737770534,1880978128,2042216112
4,1,0,9,10407,1076917959,1793256622,1594568183,1803726631,591887971,-1153145547
5,1,0,9,10407,1977876759,-1903829823,-190429460,-684673012,1687801457,-538121527
6,1,0,9,10407,299591282,-1847154689,2011150719,1573936490,-859197618,1690783985
7,1,0,9,10407,-397171499,538387750,2072702300,-2122335969,-2023182588,208617416
8,1,0,9,10407,-953252286,1281167205,-815207527,1098172295,-877624063,2101542322
9,1,0,9,10407,-95336918,1098534023,-1670407945,-1146243218,-1245039734,229997760
10,1,0,9,10407,-486293032,732248105,-1834873237,-479513972,-501964885,1564369323
1,2,0,9,10407,-896712999,1306476272,-88028529,136583660,-526009581,793343117
2,2,0,9,10407,-63634680,1741545577,-1011185500,454196662,-987447996,-1496202283
3,2,0,9,10407,-154201719,-1354836397,1924765137,-2124914703,1412203405,-1315490400
4,2,0,9,10407,-517737449,-1676476519,532224971,21183937,1916249855,1936919554
5,2,0,9,10407,-633911619,-177875292,-1566836759,879272094,-609073130,-1993354473
6,2,0,9,10407,1203111228,-1245646106,817261094,1966284334,-1569892665,344316829
7,2,0,9,10407,-1320259788,433025723,-474275016,-1071789620,461530355,248374216
8,2,0,9,10407,771276577,901789259,1155862650,116598956,1862767722,-448536090
9,2,0,9,10407,494181567,584272782,-927281869,-956789064,-1639152053,-1742366084
10,2,0,9,10407,-1104674261,-316886162,195865124,-136086589,1711868774,-1984724223
1,3,0,9,10407,345855923,1276615202,1348346584,1821471018,-975555126,-1981338053
2,3,0,9,10407,2106763010,599126445,1779844475,-725036902,-1768851985,48541293
3,3,0,9,10407,1008483581,1147049681,-850219448,1761515808,1184335161,-1939286250
4,3,0,9,10407,55192031,-344971257,-782275430,-1062776685,-460856969,70933854
5,3,0,9,10407,1584146635,-2072981172,-534985686,-1552757264,-490563183,385774846
6,3,0,9,10407,-481121519,-280603624,-341352849,1847182476,754639102,1689763855
7,3,0,9,10407,743356787,-618881458,1049646143,1150062522,-537481173,-1526687568
8,3,0,9,10407,-1667356974,-1356031986,680793187,800269552,576377940,1452511602
9,3,0,9,10407,1829633710,-483513240,-1057872407,-1408076100,242546301,1751716532
10,3,0,9,10407,1870700797,-895034841,1500187338,-1172015915,643449077,675116469
1,4,0,9,10407,716766437,442325312,975635196,-121081306,-1585314673,-317326600
2,4,0,9,10407,1326875205,933592175,-1742853440,-472718582,1454208192,-89125210
3,4,0,9,10407,-1689363182,-668603938,-1538024296,1055741677,-1081444542,536187045
4,4,0,9,10407,1769748677,1283685294,-1539006574,-189074356,-1240744085,-1702810605
5,4,0,9,10407,-831921330,-753249551,-461688966,977904697,399978136,48657472
6,4,0,9,10407,510582704,1681489515,-2114254743,55476714,783536683,-1217334393
7,4,0,9,10407,-458780460,2103436062,330734263,-958150409,1436841885,222653758
8,4,0,9,10407,841838161,74606875,1383164620,-1166484469,1832006166,-1081848522
9,4,0,9,10407,751533489,-1663904571,1427685325,-1699948381,-1102458523,387230362
10,4,0,9,10407,1270988880,-1605696813,-690334759,-1217563246,773247542,1004056746
1,5,0,9,10407,-2085934089,1472640062,430584716,1762251337,-1939265275,1647870599
2,5,0,9,10407,2020420629,-1458572645,-901527990,1092108351,-2012900743,1209337808
3,5,0,9,10407,-1597422509,-1256716173,1987407406,1579560415,1168152092,910131407
4,5,0,9,10407,929364653,1304583978,774420097,-1668340414,198287023,1822649708
5,5,0,9,10407,-552917567,235950726,-1463631716,1618779975,1172813612,-357730338
6,5,0,9,10407,1357308675,1839546159,-929659889,-1888711167,592256372,928298809
7,5,0,9,10407,-571333367,1093832303,2076287137,-1552850665,-720086344,1779973444
8,5,0,9,10407,182439047,-668908323,783683279,-183728146,-614083733,-438814659
9,5,0,9,10407,1567935724,939733214,-468196922,-1198429519,1439957772,816684502
10,5,0,9,10407,-1260147730,781322326,1380276600,-1413240880,-1643366496,-1962964050
1,6,0,9,10407,1701227239,-1204961252,1679988088,-24201765,1001582105,1357495140
2,6,0,9,10407,1065657415,1086975,-1017567417,-525457731,-324168858,-2095578234
3,6,0,9,10407,-1085302494,98271712,-216253567,-962941631,-1576736375,-1088269832
4,6,0,9,10407,-84121424,-1544834268,1769437349,-559472156,-571718886,1410178922
5,6,0,9,10407,-1776587424,-1405814538,524848818,1536177358,-1932534475,-530122024
6,6,0,9,10407,1532855928,308551129,-1399044429,1739390124,-305651979,1210627659
7,6,0,9,10407,720174872,636198672,-1879129046,1190218969,1068287668,-1253989645
8,6,0,9,10407,-162779892,-1489298983,-1734320314,317860083,1274264132,376111104
9,6,0,9,10407,-1694981397,-686747655,1188419301,736574802,-1713081536,190631160
10,6,0,9,10407,-1840158688,1904674656,-2107328719,1297153608,-1637111841,-618796868
1,7,0,9,10407,2066119419,103777450,-17976270,-1983238820,2028986009,-377183144
2,7,0,9,10407,-844859925,-1836594700,711798620,336043592,1440622264,1582129468
3,7,0,9,10407,1913131469,1690400015,-501589558,1276549822,-1237964463,-1652027006
4,7,0,9,10407,1508481149,1581991146,-1817181813,-1416622561,-967646561,1593682412
5,7,0,9,10407,-1950695975,-630989754,1388635524,333748910,-1649534258,-759584514
6,7,0,9,10407,-2131180607,-436172711,-734405889,-821722325,2095002980,1888534321
7,7,0,9,10407,855911399,683754739,-1171250849,-1686729951,578746426,-93342949
8,7,0,9,10407,1669834951,1244414267,-49835835,253402456,2078372540,-2068649707
9,7,0,9,10407,289148914,-600339307,1366072174,-1028719104,869461556,-2045336202
10,7,0,9,10407,57608898,295421704,1198378869,46070856,819862837,849337503
1,8,0,9,10407,1040212718,1821859823,1375235727,-84894373,-521524617,-6399327
2,8,0,9,10407,-818836495,519686758,289139209,1649489649,722110606,1993199360
3,8,0,9,10407,1175660035,252933778,-803245144,-1886201101,814009305,639219860
4,8,0,9,10407,-1886359692,1297515891,-723178126,2101196025,1189660013,-1481631679
5,8,0,9,10407,-799821578,757162199,-1908254931,296615084,-932299202,2080410141
6,8,0,9,10407,217730734,1675502853,-1060159411,141858954,1290286284,846775569
7,8,0,9,10407,120482534,-795551345,1680227112,-1509081192,161131742,-9862782
8,8,0,9,10407,-916298720,752628710,513223200,2068907104,129531983,1794000399
9,8,0,9,10407,-1574523328,-2052073364,1963413581,647751293,-936241229,-574108843
10,8,0,9,10407,-2060614381,1516884671,-580261698,538660096,-2093019506,879820435
1,9,0,9,10407,1440255941,-20856673,250258210,1891836030,-1061275042,1283938317
2,9,0,9,10407,-1099291919,18983620,-460307759,483628186,-1355710075,-51693174
3,9,0,9,10407,-921830484,-2002429462,1948245453,-1685249398,1419481342,1061504260
4,9,0,9,10407,2098548332,504129665,-433116234,2144252686,-253860380,826677671
5,9,0,9,10407,70667596,1250073715,989817295,-921268905,-1803255311,429767516
6,9,0,9,10407,302828524,596814644,893024936,-1376547100,1377217609,-1851984497
7,9,0,9,10407,1913544526,-1627154201,-1369031316,408902868,558675792,-1760763630
8,9,0,9,10407,1897374720,-1947614434,142844815,-2104924019,-1042558968,1394008195
9,9,0,9,10407,-881383408,1353958696,1375870711,-1202681566,784203556,-1339275552
10,9,0,9,10407,1037118874,-307296453,-1407019657,-1835776511,-1632974436,181174575
1,10,0,9,10407,221867359,1341272765,1864773439,1524281716,-2299374,-901827317
2,10,0,9,10407,1666518967,231144358,-24854530,1622201895,522529756,-1030456447
3,10,0,9,10407,1698227930,-165241410,-1999989955,-55189230,527441123,-2082336557
4,10,0,9,10407,17806581,-381107060,1353981511,1256410413,-2092144161,940693474
5,10,0,9,10407,-647124766,-905962525,257536223,-2038663343,-298205785,1853841993
6,10,0,9,10407,-1623295108,-33315112,-1979113563,-2001925182,-1601891712,-1282044108
7,10,0,9,10407,-1410133479,1207217853,431757208,-1486160309,2101112144,1362312269
8,10,0,9,10407,931302180,1825440843,-1301773998,-662183222,398699657,-1869709208
9,10,0,9,10407,953197470,-585432276,863877689,951060725,824693477,189927011
10,10,0,9,10407,-1717630566,-2034827352,-1563125024,1334363664,787734608,-171591127
1,1,1,9,10407,-677128361,1295274183,-1304450751,607755987,-1069518731,-166412156
2,1,1,9,10407,984606387,1239974218,-432699996,1648194107,1797286201,-1277905797
3,1,1,9,10407,1156181001,-1171269940,1258663999,-1927498332,831418118,-13499674
4,1,1,9,10407,61459509,1732824520,-720059157,-655082583,-852622453,2049646873
5,1,1,9,10407,193403917,538700298,600353285,1828913437,-163776260,-299444390
6,1,1,9,10407,477321307,-1968760941,-815120414,115543333,1478182689,1121640535
7,1,1,9,10407,-1113962582,2082657457,-1090364731,1538000661,-906772401,-1799538347
8,1,1,9,10407,33508725,-1802315468,-991684365,1002203967,20181193,-472887213
9,1,1,9,10407,-253140296,1852630738,-1342711843,1217883358,866054830,-1710415821
10,1,1,9,10407,627734443,1672488682,-1854026713,-1524527081,-2048163376,172166932
1,2,1,9,10407,503372826,635279492,1608971632,465991433,-563642744,1192575646
2,2,1,9,10407,383162484,1145672489,1586571249,-1033894391,548954134,-960424821
3,2,1,9,10407,134255357,-552798098,-2093884094,1743465468,91283914,1960852528
4,2,1,9,10407,66875371,1437137130,-877389776,1265364633,-1683860210,-1300391122
5,2,1,9,10407,223323585,1779056255,1262745253,-68753496,180092488,259815609
6,2,1,9,10407,-804142244,-980521008,649164340,-1855392472,-378524126,350435170
7,2,1,9,10407,260824900,1973449218,-2091112026,-1210643924,-522035474,406913942
8,2,1,9,10407,-1023710084,-592423494,361925710,-1432812070,-1765322025,-2118297172
9,2,1,9,10407,863064012,221950513,394573108,-87675474,-972283013,1139455908
10,2,1,9,10407,1022486968,1223911065,1397781336,-1603836601,-1557277308,-1826595115
1,3,1,9,10407,-1526107314,-1932759260,-1342597134,1132121374,-83878212,-34923643
2,3,1,9,10407,467422716,-395691537,-1605497931,-1272343575,-2049411152,-1126622550
3,3,1,9,10407,-1291271481,-1360965251,167579068,31233220,1928334747,-979497304
4,3,1,9,10407,-1128303450,1669551577,564449070,644529203,1267505231,-85955387
5,3,1,9,10407,763168089,-1810482857,1103711826,1559517397,907243513,1922231197
6,3,1,9,10407,1780383357,-1668532626,1717843443,-1210813182,374143201,-1822803334
7,3,1,9,10407,-1697268254,-363746252,-779690734,1089752647,-747757682,-1300252011
8,3,1,9,10407,-710086849,411172444,-1409797088,-169496292,-380646465,1616237397
9,3,1,9,10407,231060653,-13657934,-644521793,-1433037863,-955496536,-218259224
10,3,1,9,10407,942302062,-1394339510,1068956311,-937226533,392596896,1493936714
1,4,1,9,10407,1257910525,-189792110,273806727,-1241316782,-16665831,-1318563587
2,4,1,9,10407,254901153,2016732972,118814743,717704956,1964736141,-255393017
3,4,1,9,10407,917055964,347408949,919570204,-947878598,-1312047237,-1921211463
4,4,1,9,10407,-1236479324,-249242758,61960785,1443233147,-1395642580,-577693163
5,4,1,9,10407,1176469642,1769822493,638475596,596368277,-1504953987,-425506907
6,4,1,9,10407,-1028644136,-1130623952,2078503487,342952439,346995171,-1879763483
7,4,1,9,10407,820306675,-1969569442,1934469435,-849418578,-1809600856,-1988230446
8,4,1,9,10407,-946574986,1536782032,1202282771,1165926411,927411506,994022027
9,4,1,9,10407,-1540253954,1012463572,1264203871,-62473076,1069122540,-1905920278
10,4,1,9,10407,1625689317,156015427,-1449203319,470779997,-667598151,-1970415009
1,5,1,9,10407,1958916243,-1106424022,1911426900,1725921350,428526270,-1388963389
2,5,1,9,10407,49658553,1011317154,327487159,1927027234,-1566293145,-2132267155
3,5,1,9,10407,-1503683933,-1986122222,1700918032,-1375483353,999726747,337504735
4,5,1,9,10407,596653359,-1317564951,90957298,-1670464992,205538139,-813133416
5,5,1,9,10407,1523827547,1155874664,-2057767439,1475496612,-660766546,784625347
6,5,1,9,10407,1799719219,740678444,521621886,809527167,-1355706049,-1060462758
7,5,1,9,10407,-592166750,-1874298843,-1089634007,-900086116,-1883820264,776349946
8,5,1,9,10407,2101050843,1404847313,-1418855333,133258700,-1382278609,-229403576
9,5,1,9,10407,-465172631,-1579734357,1192565797,958318537,-302700111,246226170
10,5,1,9,10407,-1547887459,-1934787533,300704828,199967082,-780051482,-868955054
1,6,1,9,10407,-1294388358,-1929207302,-2040081710,1229380568,557349962,-27208761
2,6,1,9,10407,1460290877,1556944278,1588891207,1099166510,-527312929,1302732939
3,6,1,9,10407,-911418797,-134942665,1166239615,-1554959889,799610907,-1768315039
4,6,1,9,10407,-1668894371,2122151347,1493701059,690448517,377237091,-630885278
5,6,1,9,10407,-1109455700,-823417856,2116302729,1645592393,-769104302,-240615505
6,6,1,9,10407,304640095,-441213233,1690920594,928856559,1899643112,-714311279
7,6,1,9,10407,1287755390,1452512337,374342616,-1780794540,-954642078,1645277953
8,6,1,9,10407,1617390927,-1304467316,-195219413,830922526,-1786274250,629991479
9,6,1,9,10407,1629221528,38098186,-962584860,-981938452,-309923446,-1764956615
10,6,1,9,10407,-368854007,-1059431745,2110746624,-707009647,-1682297827,-751908439
1,7,1,9,10407,-1037612793,67955614,-366218457,-2102405041,231792385,1610941102
2,7,1,9,10407,1495724708,-1509966804,-570100439,2075820152,-385125778,739856271
3,7,1,9,10407,-1811537485,1263455425,1349049149,-1047234507,-1703840331,-1336702156
4,7,1,9,10407,-2039740749,1607323768,-1531916535,-641759939,-1093735306,1035467535
5,7,1,9,10407,-1978125087,-522468584,-38121902,-1430131590,1148482807,-117893198
6,7,1,9,10407,-1759007014,826016109,434852217,2116649696,-1024497449,-1734948516
7,7,1,9,10407,418841838,-2113880124,-48099108,-604977588,598229325,-1064850563
8,7,1,9,10407,-1369185119,-1393294655,-1627739402,-1591568675,-107828621,-299373583
9,7,1,9,10407,2082238927,282043491,1241024949,1498732462,-1532029370,-51629092
10,7,1,9,10407,23306561,963382538,1062018897,-723490304,593422735,1558098887
1,8,1,9,10407,-452344617,-1453041077,-921087416,-399602937,1868340389,-1652441103
2,8,1,9,10407,1127920877,-1506983594,-2103402182,-232117865,1841261578,-578018624
3,8,1,9,10407,646485365,-1012054503,-1648474140,-1364786348,245940625,717280066
4,8,1,9,10407,-1515985542,1655287154,469182059,-508223979,-127797931,584888119
5,8,1,9,10407,-256962889,-1554794365,-1335000314,1951540075,231543105,1670377725
6,8,1,9,10407,708107890,2094535453,846547039,-95283342,-1321816783,-1889602543
7,8,1,9,10407,-175526420,-827905807,-830405647,-1461255804,300170906,-842764567
8,8,1,9,10407,2086958753,-577601065,1601560381,1504706010,144376426,1859377917
9,8,1,9,10407,1766553658,-192447334,507458671,-1058437547,-1273200369,-574689088
10,8,1,9,10407,-1091527976,-1954713892,-2018287523,-1317416753,1284769792,-1016186108
1,9,1,9,10407,1885798204,441649351,733987546,1576954214,2015181714,-2123786418
2,9,1,9,10407,516917599,-2082109024,-1017468880,403901390,1839176021,667277622
3,9,1,9,10407,-572842877,303238572,-1057752869,838932568,-309157540,1227939709
4,9,1,9,10407,-1887443641,1445537248,1225941331,-307273225,-157539060,-1291463359
5,9,1,9,10407,1732416366,1998029387,-1713474568,1238998640,-827700545,-1491002589
6,9,1,9,10407,1678856346,572759193,-1792293643,-1926869518,-292542882,575243833
7,9,1,9,10407,1188708418,745128976,1614934894,-228648494,-1154414845,-601565893
8,9,1,9,10407,-250271464,290121598,-1824047487,2104469112,1342186624,1895728088
9,9,1,9,10407,-1494316581,2098246087,-1572647147,20750672,210102629,1353353079
10,9,1,9,10407,-1233126784,1804375358,338742546,1671560614,-2136159228,-545094164
1,10,1,9,10407,-569814981,595543104,1231345948,-1006106512,439914759,-2145929970
2,10,1,9,10407,-378219365,-287645575,-1154526240,885686185,-1704752915,1879578699
3,10,1,9,10407,1849602021,-1559204847,1558006598,-831398954,-103854340,403161928
4,10,1,9,10407,-1373371100,-1453279272,792264979,-974014439,1660448609,1476665273
5,10,1,9,10407,-1268251671,-499034059,-80995437,-1916174756,-1170920406,-890033804
6,10,1,9,10407,368491947,1769573246,244369240,-318553259,1460267651,-1199352120
7,10,1,9,10407,1108002644,-544900821,-1411217047,169154825,-1162019194,193426661
8,10,1,9,10407,-773492139,-1340253490,-987735426,1510568652,-585479118,552848962
9,10,1,9,10407,-1301985244,-1257786694,-1526155064,1011667343,-1596854784,-502518778
10,10,1,9,10407,-331011204,-1146385814,690484490,-2081771803,1908512636,-236549341
1,1,2,9,10407,-1716019976,933211189,1946455543,-368909790,1804543218,1391140182
2,1,2,9,10407,-1833833326,-1416522145,-1196886966,-1137312418,1184116773,103272607
3,1,2,9,10407,-170827903,1901696051,-1299149850,-468649650,-1992884747,1699987197
4,1,2,9,10407,-394316815,-73807465,24655732,732921664,1477787799,-1996303924
5,1,2,9,10407,-813641462,-94442097,1594765386,354663936,193913708,-827348530
6,1,2,9,10407,1785533453,1818291446,805945887,-708343168,-1149306268,2147203714
7,1,2,9,10407,-557632514,-454932617,185933924,223243384,-905461564,-1968922992
8,1,2,9,10407,-457646494,1273664627,213107137,551132414,-1147078616,227884113
9,1,2,9,10407,-928366119,1180355080,244762478,-182577044,1773689849,-1270148015
10,1,2,9,10407,-738642049,1299176578,1451836527,-1633930085,-249099134,2034307692
1,2,2,9,10407,-948516345,-882871913,8668050,-1448818149,-515030062,-1739617877
2,2,2,9,10407,995690166,-1624987138,1538294632,-2064210354,-1531362259,518591557
3,2,2,9,10407,-453377505,-811137254,413904945,1811412568,-577250785,-1104541568
4,2,2,9,10407,-552219070,1724455996,796280615,-46895949,1775692009,-972929468
5,2,2,9,10407,95320236,-1702929385,1141816900,270291380,1608456680,-1774093446
6,2,2,9,10407,-146916659,-1402129202,1841772073,-1327229348,1767145440,-646794362
7,2,2,9,10407,-2061074299,-935343421,878837917,1489680693,-1118227030,1418913413
8,2,2,9,10407,1810713406,-267009460,1391259759,489189454,-51178418,-732710008
9,2,2,9,10407,-980233256,-2057592272,1688672694,-871475213,1336257039,-1895295786
10,2,2,9,10407,-697194222,-1997774802,-1117250414,296702706,1352349615,-1280137548
1,3,2,9,10407,-2113800262,178580037,-395639727,-1354970841,-1440304984,565628047
2,3,2,9,10407,-2033831568,1159964755,-1247981427,1612140136,-1392509024,-412366991
3,3,2,9,10407,243217227,-259344119,1905952251,-1874148210,934663059,-358808918
4,3,2,9,10407,662922533,926453105,924325501,1480352185,-243357848,-2132364089
5,3,2,9,10407,-552242938,606978251,1875199615,901069444,-1539257774,-1895785741
6,3,2,9,10407,-793398268,1284620497,-1151020269,2073688182,1709163546,-894737212
7,3,2,9,10407,717302231,1374701612,-782843213,2146459444,-931660558,773956164
8,3,2,9,10407,-1157880028,1475560231,-1702530425,-2085589067,-216229326,1609937587
9,3,2,9,10407,1553192741,1315681778,-545310504,-624821453,-89057533,-1307292694
10,3,2,9,10407,-889015362,-1014205607,-1800626882,-337794237,2058113127,-1774316338
1,4,2,9,10407,1296068002,563578321,-859363179,1237922838,55942125,-1615280230
2,4,2,9,10407,-538823769,279658040,-1088755292,-564723431,2085954690,-791137654
3,4,2,9,10407,2042053070,628268888,1093397173,-1825884876,65263888,-1326853869
4,4,2,9,10407,385859092,-807572421,1280072347,1350841688,-1453672934,2057611959
5,4,2,9,10407,-108366314,-142949864,488548695,-1769915415,-1653365949,-736576613
6,4,2,9,10407,126838824,-1140306395,-700083016,-1329007749,2121808542,-1658990746
7,4,2,9,10407,104463280,1214851961,1620795396,1383095726,724301954,-1548185095
8,4,2,9,10407,616460452,2140336696,-935143314,-706488622,-837891513,-1779556513
9,4,2,9,10407,-2073088281,670718753,-1584796878,-1242176706,350602686,60837020
10,4,2,9,10407,-938909097,1555455557,322788059,1435798298,-955631093,-1568162204
1,5,2,9,10407,-1098717034,-1751775745,1147455133,-1979137868,164591457,2022805151
2,5,2,9,10407,-1907874701,563134271,1988229966,-849095845,-250481191,247780985
3,5,2,9,10407,-533576888,357394994,1950950827,2004942464,1500023745,-1764520651
4,5,2,9,10407,275648689,-273543830,774031819,744970977,-1720207029,602520575
5,5,2,9,10407,1404325203,2131045896,-1522910407,1472473650,1933722954,-1477407713
6,5,2,9,10407,-334543845,-558278469,-2051140510,-554413339,1520505524,1690366461
7,5,2,9,10407,37307810,527079753,-625316765,1416585187,-1200835063,1213654657
8,5,2,9,10407,665650745,-142257892,-844302738,2061232638,-745103742,864251753
9,5,2,9,10407,704138731,-1175801051,-1722293968,-219032539,924948347,-1500217264
10,5,2,9,10407,-741119143,-1743950082,-1830879656,-1459391734,1847443214,1418728356
1,6,2,9,10407,-2021047151,1579780462,-1464206520,-1674982775,-820509573,2108367313
2,6,2,9,10407,-1433070705,164451387,-203324526,1558671014,577696182,710819503
3,6,2,9,10407,-201162648,-1389698716,645550921,-736280250,-788051037,-854558354
4,6,2,9,10407,201600729,-285294121,-1231961854,-1718075765,-1392476991,1347183690
5,6,2,9,10407,1577368040,1075578489,901632290,451588034,1054932931,-831059050
6,6,2,9,10407,-2110602996,-1297126809,1616568059,-1941936206,-153127288,-815607948
7,6,2,9,10407,-1553155589,1367609619,757072901,974408068,-146105950,-517288550
8,6,2,9,10407,-1556829015,-862445408,-1464103315,-1450003505,-1521399720,54406930
9,6,2,9,10407,2123344431,-337770047,-1930948088,-1519190386,1711367371,-2071182444
10,6,2,9,10407,-1461752842,-1301234604,-1043536625,-1467353125,90783096,471644746
1,7,2,9,10407,47815352,-548703769,-711946852,-1155294590,-1287210045,-1593501794
2,7,2,9,10407,-813736640,1711122048,1415990913,970746941,224301471,-1907916203
3,7,2,9,10407,-232519793,-1306741405,-2131718437,1971194324,-1110436679,1252706079
4,7,2,9,10407,-1677371958,192344397,72904049,-969691033,-1897407185,-1120297435
5,7,2,9,10407,160558535,-311703476,-365610399,418495447,-314063105,-1949427055
6,7,2,9,10407,327873810,-1041000522,1260883680,-631193898,524088999,1118997848
7,7,2,9,10407,-641663389,1957308545,783698092,-416859494,-522682411,1690867267
8,7,2,9,10407,-1053794873,1793393571,146597106,1783511208,-427637866,1982319888
9,7,2,9,10407,-1132767457,-1869806281,-2079120523,-1812268028,-331987626,134111721
10,7,2,9,10407,1544657957,382013363,-739874709,-1940534411,236013783,-253122089
1,8,2,9,10407,-645136415,-778042674,-587044709,187842015,-480392531,1370245967
2,8,2,9,10407,-1558745582,-235928565,299417394,509162820,-654319946,228022105
3,8,2,9,10407,-1388249739,438069021,-198466604,1687071845,591314957,-1413131232
4,8,2,9,10407,-1135114629,-1879522257,1897789893,349584037,-1370463956,-506917056
5,8,2,9,10407,904130340,-1834440974,-2076616690,-814682028,-1154370832,1981157447
6,8,2,9,10407,1889885604,1839702293,-178806820,-895785071,-229053428,1583860994
7,8,2,9,10407,-131500988,639278665,-832728804,-348831753,-781683783,-1476859017
8,8,2,9,10407,-1239849506,-210354832,1502349398,1567399300,532296561,-793007939
9,8,2,9,10407,-1124593906,-643706648,1229715322,1247439315,1148700783,556040644
10,8,2,9,10407,1700807936,334327268,1966499300,-417495540,-2113155770,958973607
1,9,2,9,10407,1801234007,1062362364,1905629535,-117204697,111455421,391990926
2,9,2,9,10407,-531811335,-640368669,-1012874401,950949407,346843913,-411804874
3,9,2,9,10407,-356483802,-1268373560,1907770722,607787476,2132695720,-2137705823
4,9,2,9,10407,-640804227,-124293094,1249067048,412464980,-2123641525,724557563
5,9,2,9,10407,1369233352,-2043517994,42839272,-1628206887,855958901,747128890
6,9,2,9,10407,-382825182,-200238267,433583787,700067427,-94414341,-786152703
7,9,2,9,10407,-1249266485,1244939430,958389325,1414810469,1720670959,-328970149
8,9,2,9,10407,-905479310,1999313014,1730197864,-231945894,-1159958890,712638338
9,9,2,9,10407,1454298481,-17179864,685180867,-1368076999,1227522258,-687334713
10,9,2,9,10407,1107270558,-1971069381,-988650222,-481495333,2097751439,1083610926
1,10,2,9,10407,-1952161690,-1479928155,-533581303,-513711696,563524768,1320698819
2,10,2,9,10407,-1797167434,-1603655988,478471285,-1947674575,-1889546155,-1953861795
3,10,2,9,10407,-2061007206,-816393910,1057459851,-1693474044,-1344223606,59539876
4,10,2,9,10407,360400031,169010543,-1746647501,-1989333775,-220721598,-1905728786
5,10,2,9,10407,1112399695,171583786,164785017,-544048852,1639333947,-1862764524
6,10,2,9,10407,182056057,-904173959,785026421,1755136802,1629660283,-2042955747
7,10,2,9,10407,-1395150388,-473028573,-1899333137,-764390969,-1427909720,-50302215
8,10,2,9,10407,1550056047,173318272,1959054959,499729772,614447720,1716048948
9,10,2,9,10407,617684331,-528827775,529449108,-53044662,-140762773,1666048471
10,10,2,9,10407,-71646636,1203304325,1860583669,2048376979,-938384313,247616981
1,1,3,9,10407,-597834131,-1976364892,-584299046,1102098549,-894136379,1865880810
2,1,3,9,10407,1591623009,692056546,1098390139,823143779,1280705726,-1093653058
3,1,3,9,10407,664248134,1546267950,1432070177,-1240775998,-75218819,-1205620689
4,1,3,9,10407,-1741680353,-1783744565,1181662836,-2072832792,-242681982,-658932591
5,1,3,9,10407,822685862,964250962,-1891963096,1898940162,-1826141246,466365558
6,1,3,9,10407,-955079278,2033917886,-842991195,591035066,-928594429,1399168696
7,1,3,9,10407,-906474375,-120878130,-1257269715,-598735134,1529623346,-1207823239
8,1,3,9,10407,321613065,-1004275054,-35660686,-96888767,1718204820,1813775836
9,1,3,9,10407,60822862,-2094143995,1466921678,1749345257,1709838103,-2020155224
10,1,3,9,10407,233996252,1281521991,-1451515634,1001810095,-1371015624,-2121979719
1,2,3,9,10407,980879481,-1502378845,-484304842,1744516311,-837342419,-473394932
2,2,3,9,10407,-1215582368,134935804,-1214984910,609127588,-1375853710,1794947969
3,2,3,9,10407,1591941989,587133697,912371399,1084039642,-1105119941,1647632197
4,2,3,9,10407,1792931397,144939416,288530466,636340162,1445034325,-245270168
5,2,3,9,10407,1463728765,548384096,-90414303,237309684,1203790226,1315723629
6,2,3,9,10407,91503779,-586851528,1592085204,751150884,-303931010,327512818
7,2,3,9,10407,2085156432,2104870566,-772094309,307907160,705838142,-1223580847
8,2,3,9,10407,1758844548,294115723,-570197553,-1361959111,-439664456,-1554019511
9,2,3,9,10407,936399623,-555004459,-1375715525,-1951839895,1243030471,195625336
10,2,3,9,10407,1114156953,218181004,-1384677173,-904368712,256436545,-1528486670
1,3,3,9,10407,32135655,-797556986,1423478906,-655452821,1133543720,-1861702557
2,3,3,9,10407,1126366074,-782867175,-2001919759,833881545,-984225804,1301461548
3,3,3,9,10407,-1245705396,839702913,1399164467,-1415375950,-1241961785,575117959
4,3,3,9,10407,358639397,-577096289,1126815620,-1030776995,424042522,914575560
5,3,3,9,10407,-1301496777,-1180748890,-424036784,-539877598,2035948054,665408204
6,3,3,9,10407,-1963286337,750984983,1813776137,777382736,625141439,-564179959
7,3,3,9,10407,479786945,1176312241,-451548383,1972341771,-2130911109,2118360830
8,3,3,9,10407,190562311,855822305,1316782576,-1992615374,-1839911844,-196145278
9,3,3,9,10407,-1317076054,1352801073,-1337083246,-593345308,-966780050,2018085812
10,3,3,9,10407,1102597521,776082832,-1881602259,185179074,2071650632,-931562176
1,4,3,9,10407,1016285774,1705888868,1790668774,780579646,73753199,995937188
2,4,3,9,10407,1509269275,-354633248,-986444926,-951767539,467228457,-146724000
3,4,3,9,10407,-1457744176,-558456993,1029657750,1016840286,-1570548449,1648518618
4,4,3,9,10407,-1600547784,-798317402,-60125674,-321521205,1417702848,1012633950
5,4,3,9,10407,553748447,-2059777358,868099143,2127442288,-2140584354,1388390617
6,4,3,9,10407,-1063706224,298215683,-1621735722,556437892,1853382095,1148570686
7,4,3,9,10407,1944802817,309341706,-592306945,623724447,-664613677,1075471682
8,4,3,9,10407,-256579273,533672698,459438917,978870420,-2104574809,1430883145
9,4,3,9,10407,-1062828024,834584718,75507003,-1642206194,-1622064192,1850471076
10,4,3,9,10407,818125402,-815487232,-20678755,1005675603,-1375915072,-1868739291
1,5,3,9,10407,1324358229,1136075633,200170510,-1278699879,740687780,-832871532
2,5,3,9,10407,-812090331,-716682379,648798934,1873756636,-2131942604,-810181101
3,5,3,9,10407,484128353,269742101,1006008779,-51532571,-423730817,-562983168
4,5,3,9,10407,-391124397,1838278,-2016985454,-306348133,-647921782,100176072
5,5,3,9,10407,1009916307,-2094465037,546807656,-986240349,-342022297,-1652268116
6,5,3,9,10407,1371658896,1470596430,-1453180713,2105218399,1925366063,1797327780
7,5,3,9,10407,-1060574759,-523412142,-1899012633,1149272658,-967084140,-942313792
8,5,3,9,10407,-579712737,1380802843,637193085,1267805511,391678622,890485034
9,5,3,9,10407,689525705,-1886681335,1345124736,1639945794,-153914516,-2096480258
10,5,3,9,10407,1166159938,978392217,-765327204,2085921456,1667934254,559283936
1,6,3,9,10407,-887254076,1585638682,1012299189,-1157462277,486290499,-234414131
2,6,3,9,10407,1476465597,-816465727,-1478794169,-349370604,288009645,1058152902
3,6,3,9,10407,-530739747,1537236516,953704618,1256847836,-554813617,-847449720
4,6,3,9,10407,-974785421,577530735,184497690,1260366960,2123547952,1173700384
5,6,3,9,10407,-983741677,1359905960,573082334,-1867392613,-358049065,-1556362666
6,6,3,9,10407,2049808713,35071086,619902777,1714855985,-998953785,-1810003683
7,6,3,9,10407,-1336824290,-1621031780,-2022687473,195301780,2135794380,679619303
8,6,3,9,10407,1402980768,-1711673722,-1571325588,75457014,1166272119,-1491514808
9,6,3,9,10407,929365265,-91917701,-1298454112,-1852692612,-2011871142,1002485240
10,6,3,9,10407,-1714582166,326905407,-427574981,-27366472,-1594987180,1576400856
1,7,3,9,10407,1486724119,159148024,-583477307,1264767325,-274893478,575564314
2,7,3,9,10407,-1027804794,879022153,-1034582434,2091473596,-315421599,-941724628
3,7,3,9,10407,-658618536,-1596241119,1923712804,9505252,-1411333031,-786800145
4,7,3,9,10407,1056204788,-2142120461,1094265458,880144369,-1493829531,-1775228922
5,7,3,9,10407,1635352185,2013062824,2005445206,-1892263665,-255217384,1525631574
6,7,3,9,10407,-319565212,-1296443488,1101486558,-1732668243,-2051122183,-1574853315
7,7,3,9,10407,-657040975,-1334052457,1367329203,-1660537541,-593523262,2100689380
8,7,3,9,10407,-1624770398,445790372,-1566258974,316499697,-294112769,-896899039
9,7,3,9,10407,588443411,886087384,141199119,219206210,360224745,2111030387
10,7,3,9,10407,-483840975,193086930,-668547710,1707392401,555940760,-1160385331
1,8,3,9,10407,-1249123312,1600067458,-1677908681,708581874,-224808406,-335076538
2,8,3,9,10407,994150196,586717640,-867830324,-2144062074,-840888170,-678908845
3,8,3,9,10407,1379925675,-455300510,922448390,-1405518818,1951949139,1888258340
4,8,3,9,10407,801149128,706611836,-856806465,322687547,100203467,1348234931
5,8,3,9,10407,1663056741,-387502259,1916439910,284587627,584963416,568633253
6,8,3,9,10407,1907444343,1287822657,-867785310,-8954068,-1783987665,416324201
7,8,3,9,10407,1529923915,-345031128,-670170460,-1485230680,1938568578,1314648488
8,8,3,9,10407,135147146,-1180006906,191615112,1936390657,-626347582,-1747101713
9,8,3,9,10407,485749576,-1014196301,-555355857,-1037087543,-261299202,1747119889
10,8,3,9,10407,-351364152,2101897709,-1557145910,-439731074,-291787266,1314401471
1,9,3,9,10407,589232028,320683486,986713435,961027735,2013337566,2014783918
2,9,3,9,10407,-1395411663,-272495997,1671473247,-1947251821,1997024061,-570100356
3,9,3,9,10407,-1104337154,1847863373,-1798979744,1194832073,-449182235,2004407046
4,9,3,9,10407,-1392981791,-1616193575,38794509,-261907392,-787035389,592249816
5,9,3,9,10407,1815654769,1058890408,-1296077207,-107536208,488551679,1532858998
6,9,3,9,10407,-380023422,901471066,1567709682,1983594131,22056611,-1124296743
7,9,3,9,10407,-1141540371,-1146438183,-1292857322,-1002525116,1274919245,-1940357667
8,9,3,9,10407,1637850641,1302289852,1055308724,1314434267,1780242499,-646618591
9,9,3,9,10407,-17343141,482725532,-453294248,2057056856,456079796,620610306
10,9,3,9,10407,1754006830,1914899130,-772996309,22475776,-395870612,23186876
1,10,3,9,10407,-1673253855,2116831824,419355655,-145616025,-342446459,-1293319126
2,10,3,9,10407,1236620940,1995022185,-1259169311,-1403469757,1588928480,-439682598
3,10,3,9,10407,1733633679,-335658473,-1310211889,2080660155,1226674680,-1268709385
4,10,3,9,10407,-2142390505,-1325424126,2127175896,-1498946437,-2058915633,1827910477
5,10,3,9,10407,-967081745,-896525470,413734200,-1010556530,-1912867584,-1706188349
6,10,3,9,10407,-514723491,1662049273,1190622247,-556389891,-236581761,-1564508198
7,10,3,9,10407,-367772440,1184162430,1900726322,679571133,1933609553,-2064364964
8,10,3,9,10407,-1298748224,-697150756,-1127277751,2006149214,626108349,-719419944
9,10,3,9,10407,-673256517,-278749895,-1099483806,1002695319,1672852134,-2031355484
10,10,3,9,10407,232573281,-1358511910,1043579521,766821551,1514135682,150719492
1,1,4,9,10407,-55910567,-364538674,1541546689,938432580,-1413357814,839378355
2,1,4,9,10407,978916912,1692265044,-193461812,-10607596,1751113620,-899211602
3,1,4,9,10407,763056821,1073558087,-1083243334,-1042105249,-786801427,-1855852590
4,1,4,9,10407,1936903683,1275127560,-1686664539,1045526002,-2105253033,-1740943624
5,1,4,9,10407,919072247,-141881316,1932456616,1615113355,460101374,721614585
6,1,4,9,10407,-1243855178,710405938,216044169,-1765082734,1812309453,-135612202
7,1,4,9,10407,-1423035198,1087804802,548856098,1719823774,897026764,-380825247
8,1,4,9,10407,1900928211,12172759,450272214,672134548,1575676443,-340757714
9,1,4,9,10407,787685552,1189241352,-174333562,1995517964,383007784,1845884504
10,1,4,9,10407,2099106307,397357348,1794835812,-2060319852,2072010437,-1659258587
1,2,4,9,10407,-117281372,1577318590,-2022985131,-579625159,-2073280882,1037216818
2,2,4,9,10407,1734276447,-1808160845,1178846194,-1012994519,1218645159,-1713095197
3,2,4,9,10407,-304577440,-832769264,-1007139726,435320593,-610463608,1856124784
4,2,4,9,10407,-1796564609,1684945261,752405589,-649089669,-15898788,-1540317928
5,2,4,9,10407,-1906619147,1004828373,2142562797,-193088735,-1150135551,805448312
6,2,4,9,10407,-1528746408,-1629732410,-1446710243,-1736239830,413343034,-1240886406
7,2,4,9,10407,-738905329,1424735519,1220913598,1635474926,1407087230,-1506315963
8,2,4,9,10407,637065412,-484632295,-1675727752,1766240949,-1946649271,-1087854960
9,2,4,9,10407,-1259440794,-1181598456,-1589834355,1378566122,-2110837127,564726044
10,2,4,9,10407,1484939928,83106047,858226510,-2108224538,1128793492,-420532816
1,3,4,9,10407,403486789,-929043052,1117659555,-1790651694,2127183177,-234975885
2,3,4,9,10407,1863619886,979426590,1957725648,-640635143,-884324719,-1059420622
3,3,4,9,10407,839578827,902458084,-921648193,1885418056,2066533991,1864876546
4,3,4,9,10407,-529896671,-1345456325,-11598242,2090654343,-631970974,-1721933575
5,3,4,9,10407,-1422989273,-1591351629,-1008663920,-1390118464,-148376187,762934157
6,3,4,9,10407,1021028604,-2118868286,-246281083,-2077036709,1822346635,-700749355
7,3,4,9,10407,-1783960595,354843487,-628667424,1805567543,-184200837,-1887783782
8,3,4,9,10407,678987173,1616960442,200431406,1056080616,19451065,-354506341
9,3,4,9,10407,-348362273,-361453012,-243724225,-1962589317,1924377816,-408950274
10,3,4,9,10407,1717715719,1330919850,1579933822,-826305441,-542764474,190034015
1,4,4,9,10407,2097743442,1876388205,-358283972,-1382155192,-2111112018,-749160721
2,4,4,9,10407,1635992151,-1158350951,-1236726208,1367145240,-741087154,-1201180007
3,4,4,9,10407,-2072916300,1707702927,-1143670668,-39218107,-978667673,935279174
4,4,4,9,10407,1550464349,584706405,972914108,-1599697580,-1439466411,-1286652453
5,4,4,9,10407,943386117,-150673177,647986463,779635204,874646892,-1711982469
6,4,4,9,10407,1192035947,-2113362715,-1459871302,-1864505544,810834153,-1270902325
7,4,4,9,10407,342739956,1905876647,1170650326,-1095147069,1030537374,410250428
8,4,4,9,10407,-1603723623,2140098090,924394263,1453872240,-609894945,-173624734
9,4,4,9,10407,857103956,215359385,-1021455899,-2093153661,1159426327,-643849968
10,4,4,9,10407,933024992,155953288,1499401865,354837319,308366223,-791136140
1,5,4,9,10407,-791216328,613439275,-1761735641,-973946144,1954979772,-1435108170
2,5,4,9,10407,-2001733720,-1665857431,-1244705475,373974957,1490760881,-1652350194
3,5,4,9,10407,-69141810,1627875153,460354973,-1290795304,1563123230,1948033812
4,5,4,9,10407,1639209057,-1395019299,-1239699657,-1289376293,-906362700,-407988133
5,5,4,9,10407,1472944590,953207259,221215692,892182734,285210307,1925289327
6,5,4,9,10407,1723725494,-1166331449,-1737795280,-1121513350,1979746940,1965277389
7,5,4,9,10407,-621565385,-1329208608,-1639300524,702902135,1479435634,-543072446
8,5,4,9,10407,1843972744,-116328662,347461550,1010334327,-1911725276,1057133584
9,5,4,9,10407,1989710049,-1790114310,30613250,1585014040,373625281,1913353606
10,5,4,9,10407,810944034,246388746,380270667,60877291,1884774671,-1263616827
1,6,4,9,10407,1082193031,1555977294,1935988630,-422335240,1637454668,-19160374
2,6,4,9,10407,624658881,1491027337,1812692276,-2133067156,-1863293498,126785752
3,6,4,9,10407,-644821966,-65626868,1278769696,1507119683,199281438,-1667572825
4,6,4,9,10407,-30372547,461693707,98891925,216436819,-1216070723,-1466877187
5,6,4,9,10407,-1375490243,-98632129,1128362758,-806136153,479513451,2052240274
6,6,4,9,10407,-1865358870,-1573569130,1594550763,952588679,-1754707722,1327972830
7,6,4,9,10407,775070241,2035596953,-690966622,1146732874,1882801665,-1287252465
8,6,4,9,10407,-31541034,-246212586,-990625313,-325121268,2138781748,-1837022056
9,6,4,9,10407,1868684494,-462939413,2115069682,1266408499,640640609,1828107901
10,6,4,9,10407,-1337638544,-1447247697,-822182990,1508634253,-931673609,-746796816
1,7,4,9,10407,900289383,-1835287025,4479240,-916573342,2131056869,-1374243279
2,7,4,9,10407,751902828,-1184360542,1793606779,-440165567,-1791095880,-819976328
3,7,4,9,10407,-452189227,40189838,-732493244,572357906,992928851,1784435083
4,7,4,9,10407,337439992,-1721526753,942801627,816851316,1817271764,-953630338
5,7,4,9,10407,381543209,800428683,-910722996,-73699629,-1812037574,-200647388
6,7,4,9,10407,192061552,-262809855,-41542577,1484155353,961137767,-612482052
7,7,4,9,10407,936584485,-1226787985,-1469954182,1174988983,969263270,-613266039
8,7,4,9,10407,-1960700663,215202039,-1901143870,-354628727,-1496874780,-116401811
9,7,4,9,10407,2018228862,-942516307,1241983501,1604690647,203232600,-684965430
10,7,4,9,10407,-690406694,1359236525,1506077024,-1043794058,-540723704,732778871
1,8,4,9,10407,894801012,451152874,1830438227,-1256318606,729530906,-1618309066
2,8,4,9,10407,309821279,-1618192842,-1629358053,-1093104840,267115575,1438386138
3,8,4,9,10407,915262070,245853159,-761981819,1813734084,-1182489509,1660638778
4,8,4,9,10407,748002337,-1102560073,-2031479359,1413998474,1486101297,1575420620
5,8,4,9,10407,1149969196,1505232657,-415548930,930857689,-1649434814,-804989571
6,8,4,9,10407,-843535158,228188141,-207350846,1628903696,895980386,-127377954
7,8,4,9,10407,-150224077,1944591131,-471542046,1645950505,-1040930433,-309681998
8,8,4,9,10407,1157558170,1653144278,814224402,1305807985,577839820,-2116266908
9,8,4,9,10407,1750024801,1592783680,-468011826,-730596114,645236357,-771373925
10,8,4,9,10407,777059273,-2076455986,-871677970,1286382043,222625406,1159327840
1,9,4,9,10407,-796776736,933487725,843728209,1609195832,1471884754,-507921324
2,9,4,9,10407,-1141673161,-69417274,1536705532,1911596436,1021340107,-588500101
3,9,4,9,10407,127531997,-1143477661,1261517408,-1078782761,1301360312,1326040669
4,9,4,9,10407,1411302052,-1405863408,-1043603265,-484994604,-806009935,280523034
5,9,4,9,10407,1641721604,-1882061644,1254796235,-710237161,1951180192,734435437
6,9,4,9,10407,968260869,-47096362,864376075,-796138642,-378975289,790585352
7,9,4,9,10407,-1191919511,1253642115,-1103559053,-962981830,133853471,-142920158
8,9,4,9,10407,-557393088,1478889815,723598786,278740077,-442078723,1045406096
9,9,4,9,10407,1569608758,-35032609,-394075357,-697801680,-1398832996,-1316441922
10,9,4,9,10407,1966101439,-1784783821,1517625926,-1125712093,-1781267152,1487331313
1,10,4,9,10407,1620932204,-1133300301,-1356100754,362279142,967955443,-91711702
2,10,4,9,10407,1231185260,-1430190580,460610708,230437394,1785127307,119873971
3,10,4,9,10407,1106685401,895620532,-1107906898,-967453097,1001126822,-257864392
4,10,4,9,10407,209852995,1500817488,-566676649,1301593097,2007513448,1913839429
5,10,4,9,10407,1893162484,848260523,-728860190,1152588643,1075323098,871828217
6,10,4,9,10407,1653852231,-1305520084,1832093274,1830618329,91080852,-1463136689
7,10,4,9,10407,-464488357,46205064,1890931682,-900238477,-1413898867,-1935112474
8,10,4,9,10407,-817300974,1253795508,1720075300,-1257931289,497727899,-1293518061
9,10,4,9,10407,1602566805,1301068863,286667927,248306037,-1792061232,-1497383137
10,10,4,9,10407,-941084341,-498985324,-863880724,946377618,901872796,666955108
1,1,5,9,10407,-1922022283,-344639901,-1639999731,-1417397706,171168294,732917479
2,1,5,9,10407,-1208845467,1171448913,-1506100748,-810212177,1554340345,1299643124
3,1,5,9,10407,879147658,257580701,-1358661569,595537992,331987862,448808141
4,1,5,9,10407,-2035271090,-1489963612,1978453494,-1797357594,-2117524918,-1465915337
5,1,5,9,10407,289169082,-1626067411,1967306458,308135116,1553968008,-155576018
6,1,5,9,10407,1139034954,1456294735,-2139415782,-1372079553,1605230801,-1420587836
7,1,5,9,10407,906299215,1001849554,1298249184,1692055771,-486214237,-152044384
8,1,5,9,10407,-1689498920,-1654822648,2026356636,-1501705644,-1302091583,-41107080
9,1,5,9,10407,197173872,1120636663,1232378393,422594952,1033004404,-1922225621
10,1,5,9,10407,-1544518635,-1712996062,1393895309,-1840558024,-1913488283,1352834073
1,2,5,9,10407,1913107577,-858469768,1326179021,-1007617511,1814130936,-1274960079
2,2,5,9,10407,461296695,-1931997832,799085845,57640439,-872873398,1110316571
3,2,5,9,10407,1017951378,514739578,1241054481,-405443675,1695861276,1071993203
4,2,5,9,10407,-1529725984,-1082831967,1053680501,758846999,-118960100,143010603
5,2,5,9,10407,-804893232,551111039,-234956303,1010617085,-1417382389,-1660818233
6,2,5,9,10407,607645898,1608648088,-868200171,1278780007,31990118,-276307048
7,2,5,9,10407,1450525002,-1670211871,-244360526,-605997179,-631859805,732251862
8,2,5,9,10407,1293664842,197079649,-847415837,-874349665,485577700,23394571
9,2,5,9,10407,-1878980870,-945141152,2075249800,-78248690,-20051062,-1820106110
10,2,5,9,10407,1241578715,-350424979,587598635,1016896151,772424843,-2041136454
1,3,5,9,10407,-159544255,-1564320491,-21784907,1388950270,-732143390,1360169694
2,3,5,9,10407,-848520477,975213367,-1775169568,-670871522,808737314,-323111571
3,3,5,9,10407,243988411,-1124710959,-183784714,423601564,572920292,-832029041
4,3,5,9,10407,1013409369,747078496,-1138655817,66221094,-331979296,-396190834
5,3,5,9,10407,101034849,-1000476518,-2041015704,1265105732,161943180,-147207857
6,3,5,9,10407,566114221,1431866376,228180246,1554279000,-554329618,-1817745071
7,3,5,9,10407,611736170,270945813,311498594,-800307443,1576258465,-905523037
8,3,5,9,10407,-1977427541,2132892392,-1368189086,70915581,-1966049576,-793221564
9,3,5,9,10407,-1089203939,227648236,-714160634,-901317710,-1962629135,166079662
10,3,5,9,10407,-2002495087,1378721835,1801844813,1230908524,1589119120,785469827
1,4,5,9,10407,35054680,-1453466002,-2056391147,-1737329153,1378733065,2074143585
2,4,5,9,10407,595817417,-1507605231,388744492,-1634029074,1988519012,98829847
3,4,5,9,10407,-1089755752,-1460843865,230349325,-2021084573,1994920562,-914618562
4,4,5,9,10407,-513367715,-273445611,547163262,1397987102,-1440668502,-335958074
5,4,5,9,10407,-795778375,1974603604,-1819282824,-979260651,-1742007546,-361253254
6,4,5,9,10407,564509653,1364052469,1380932764,1503427156,-941190472,1554508048
7,4,5,9,10407,-208333216,64214537,-432754416,1621110704,1939260811,-744110328
8,4,5,9,10407,-721624526,-908627572,-1354679960,-195115,351263509,1426591319
9,4,5,9,10407,274063384,-807730293,546476105,-1864982098,-1352496783,-1674092226
10,4,5,9,10407,-1113442647,1703047592,-68969359,-1608607074,-1283737222,-1689346220
1,5,5,9,10407,-894964738,1014679615,-647443811,1709715376,-703123597,-1306786409
2,5,5,9,10407,2112750692,-1582445274,-160839780,-47452872,-987419936,466849030
3,5,5,9,10407,2118542108,-1378343527,-2126768558,-1698474382,-308954930,1465916948
4,5,5,9,10407,1722169710,1954630480,1452818170,2074597923,1869515575,562054777
5,5,5,9,10407,986246694,527823178,2039135745,1568153201,61313378,1123491281
6,5,5,9,10407,-679878622,531485003,-1737726474,693248751,2103373704,977928407
7,5,5,9,10407,147176429,353144981,1405517319,310636435,-1619578601,-331134709
8,5,5,9,10407,1096594095,-526619154,914986688,1280488809,49653835,1272825983
9,5,5,9,10407,265622097,-115277091,1892466335,1001020032,-1932490983,-250747714
10,5,5,9,10407,737372526,1744732842,1982514186,1333946763,-330320357,1781505408
1,6,5,9,10407,-1862699283,-1674298873,821801210,-857871664,586718002,1228970983
2,6,5,9,10407,1176500425,-158599605,1456299071,1327812104,341743127,811233564
3,6,5,9,10407,1996416957,-143137987,-1386590001,1337465127,-1792154369,-723562687
4,6,5,9,10407,1749704855,-111516275,1418113562,-883609478,-1206357549,-1163095798
5,6,5,9,10407,-1535267464,-466006985,-1155027577,-669960121,-1358169096,1844944459
6,6,5,9,10407,1989684179,-1279239500,1548724862,348200773,285818291,1313663188
7,6,5,9,10407,-1012534989,-907951054,841883171,768776674,1166565323,-187230929
8,6,5,9,10407,684281470,780801400,-1547391796,-1023034619,45493389,-503490846
9,6,5,9,10407,-850891338,203126438,-34840126,-529555867,656121731,-1096415951
10,6,5,9,10407,461390346,1042871154,-1298207076,1004132062,667005997,-846811278
1,7,5,9,10407,-1365137018,-522155411,1810259703,1964282624,1325072649,-24875974
2,7,5,9,10407,447790955,-1458760063,-898843067,1924105925,-1989585987,120253494
3,7,5,9,10407,-1806606257,1022145335,356022767,2061450616,-695147616,-341044524
4,7,5,9,10407,-1324443843,-2056138186,928620861,653103128,1516370876,-1223385181
5,7,5,9,10407,1464951438,818320218,-80125544,-1713869990,1987928399,-1642470356
6,7,5,9,10407,280655820,1528720501,-227042482,1966170839,1646868322,1538441401
7,7,5,9,10407,684065737,-1882195949,-1768606956,-209409324,-292109220,-764752574
8,7,5,9,10407,1679939008,1339879406,-927171386,-1891085344,-459473908,1680885251
9,7,5,9,10407,-1083692727,912855545,-1217771050,233708416,768350457,-954831439
10,7,5,9,10407,-314296847,1259006671,-681898522,-1412747201,1818602380,336353967
1,8,5,9,10407,-376079739,1857158425,-85311944,100794227,476015275,-1040340989
2,8,5,9,10407,-1400365576,-159982982,-1683583073,-1586901662,1688093066,-1586809935
3,8,5,9,10407,531025894,1043775123,1018404520,-1284453270,-1172058935,-785098766
4,8,5,9,10407,-716075128,764763938,1862736925,-230376666,-747040766,-741503401
5,8,5,9,10407,83330913,518044173,170969211,-1991550830,-136990642,882791141
6,8,5,9,10407,1201037917,985873855,509508280,1102651863,-705194859,1058046967
7,8,5,9,10407,1285427002,-1027296736,-594934118,-1670971949,617041295,307738646
8,8,5,9,10407,543503667,-753007313,793263734,-1655325040,-1361924489,-1014611008
9,8,5,9,10407,-1951088659,-2086553853,-346221713,-2035795337,1718816636,-1636850080
10,8,5,9,10407,-360637987,-1752822968,29895136,-367275005,1047599996,-1865363777
1,9,5,9,10407,-1758392237,-930932425,-361470187,-783003819,-1971086858,-2086942261
2,9,5,9,10407,1319137168,1627389747,2077877933,1088391455,-1228378916,-658475464
3,9,5,9,10407,560513624,1753890531,1921753246,146625804,685386884,-1155406878
4,9,5,9,10407,277154361,-456916314,-1713022418,-243855134,-921766364,-1038491822
5,9,5,9,10407,314767706,-1554228975,-40445750,1735690482,2044191727,1686305105
6,9,5,9,10407,-55573250,610617670,1750512748,1335644665,-1244269691,380419571
7,9,5,9,10407,2005797832,185707163,-1511491652,1403658023,-253534918,1734379411
8,9,5,9,10407,1703695425,-660333471,-328906848,1771092225,519992552,722326112
9,9,5,9,10407,-46425794,824772090,-489098727,621977713,996878474,1215516953
10,9,5,9,10407,-527965836,-1825292359,-972753903,2134230060,778422148,611577672
1,10,5,9,10407,359328246,-1311311149,-36330674,950121115,-1468367032,-176257184
2,10,5,9,10407,-1669610680,-1050696834,703270270,617412124,-841957926,-1536035061
3,10,5,9,10407,1382005439,-1082480881,1569529281,1117926804,1114737188,-948479936
4,10,5,9,10407,1240189756,-1095555014,418247066,-1231853713,-1031604438,1917604332
5,10,5,9,10407,-1336162915,-394417960,344959857,-1767189733,2141903487,-1380837813
6,10,5,9,10407,788905889,2117296017,2035882438,323366011,-1905292377,467156309
7,10,5,9,10407,-1642055834,1263557590,-1828089181,1710396943,985909282,-1421834128
8,10,5,9,10407,-1376696261,2124611963,-1686187548,-583897204,-2033838993,-162297210
9,10,5,9,10407,1623842676,51731059,-391384940,889371180,664146773,-162235865
10,10,5,9,10407,488502024,-1503690217,203372201,326608743,69645901,-1617520116
1,1,0,10,10407,1636544451,-506927965,-201256991,1695692235,-1378942892,-295021717
2,1,0,10,10407,1300180097,-490708614,1486901864,238445514,655438833,1683428033
3,1,0,10,10407,207577459,1576979942,274183148,-130383102,-100076055,-909561643
4,1,0,10,10407,-811629417,352155490,-2090725945,1644793636,-1399094232,1830760716
5,1,0,10,10407,2058016244,-1293795517,-707485976,-671666502,-1881632337,1291205101
6,1,0,10,10407,360455025,-1176285472,2076031820,-1637478678,1089161100,30971997
7,1,0,10,10407,-460150889,-1247711098,-1001264112,779098704,1565364353,1808670432
8,1,0,10,10407,220654006,508806757,1911138275,-1727419220,1512274699,-1350635460
9,1,0,10,10407,-1644085690,1941921974,-1650794003,1220901388,-2036680605,769165316
10,1,0,10,10407,335827901,-666345776,-513134250,-826449343,-505777177,891285727
1,2,0,10,10407,-1591920253,224085501,-762456733,1936249241,221169960,-907763702
2,2,0,10,10407,-1612538827,-224816962,911910866,1403561656,1330470762,1307546205
3,2,0,10,10407,-1481914905,115014071,467946945,-1685183108,1854298437,-573315059
4,2,0,10,10407,392955756,98506474,-1485025248,1958927279,-2042697400,1023423184
5,2,0,10,10407,-1629411880,-864750085,-1672116732,731235721,1570384803,823883381
6,2,0,10,10407,-677232860,1758400453,282635382,2133215659,-1135348534,230907312
7,2,0,10,10407,-1534574606,-1197350681,-1338186970,796857748,2026917661,-7075916
8,2,0,10,10407,-1840223420,-870820008,693189034,693303875,-1011180382,-808345334
9,2,0,10,10407,169450079,932472091,-2130037,879188733,-353938616,489379779
10,2,0,10,10407,-1597719295,-843030793,-1078499446,786577432,-380596505,247973101
1,3,0,10,10407,-1734429681,-440041904,834549560,106991087,2066078535,-1811846565
2,3,0,10,10407,-1819052067,-2003072075,-1395746377,-714229949,-430727938,-2025164977
3,3,0,10,10407,25138883,-2101702212,-867990655,-308757032,-623429751,1517085610
4,3,0,10,10407,211405775,717568380,1525715656,-560452607,1355400851,982638475
5,3,0,10,10407,895761403,-1589116835,1565500125,-1915282303,-1089560769,-1644478601
6,3,0,10,10407,-1957138264,2145340465,-923125181,-1737732658,152702903,340441231
7,3,0,10,10407,1747375739,1908552358,-632471189,-45257560,337186739,2107900722
8,3,0,10,10407,1078176437,-2045641758,386656630,1478733729,1623402399,-1746711330
9,3,0,10,10407,853705575,-382586483,-832130292,1799088128,100033914,1359290495
10,3,0,10,10407,1690634951,-794893082,-322465089,-899536490,-656144798,-2048114136
1,4,0,10,10407,1694632795,-804021412,1531469646,651133603,-63955228,514819139
2,4,0,10,10407,1352704567,-559330536,141945742,852129400,98958237,-1163176832
3,4,0,10,10407,1514242707,160321786,729340210,265436858,-1889007928,-1433336257
4,4,0,10,10407,807872770,-1653705353,1461789816,951862832,1926112856,-939297309
5,4,0,10,10407,1844306550,-718393978,-451277052,1771080007,-228209147,-1083317397
6,4,0,10,10407,1999783702,-1921845829,-1800927653,494804894,-1490032948,-634217853
7,4,0,10,10407,-1650483977,-1735270983,-548797290,775439371,-676314305,1035060351
8,4,0,10,10407,269649805,1835066932,-1298848370,2097846922,196939818,-811729896
9,4,0,10,10407,-306683040,-358977387,1993287931,1592320425,1894587821,-460394824
10,4,0,10,10407,-786567343,-1185996908,500868913,-1520481490,-821960236,1736159215
1,5,0,10,10407,-1305642428,-1988786247,-1002231126,14521819,1487417429,305865568
2,5,0,10,10407,544558131,737506195,128954602,-784731421,-1880644709,-152602842
3,5,0,10,10407,-600961874,-993860724,549408339,1332065956,1399876511,894249788
4,5,0,10,10407,785910050,1444280105,-399224095,-861104952,-1125166522,-47737543
5,5,0,10,10407,1697169511,-1119546972,-332841875,2144857398,1944388071,-968421166
6,5,0,10,10407,-1774643714,1987200850,-120255909,-1628439119,-1039612991,-1566325410
7,5,0,10,10407,-1811766638,1503745962,374560372,-2041901758,-1394207339,700401122
8,5,0,10,10407,-2014180761,2061412863,-915785713,257218549,-779767140,2067043073
9,5,0,10,10407,-638658305,2017960863,-1365487642,1424370408,-325403177,1614059236
10,5,0,10,10407,1087428954,1218054257,621381988,82285851,1759487993,167528358
1,6,0,10,10407,2067604591,-1242875249,59511944,-636167956,-1787789381,-1428007173
2,6,0,10,10407,-832579819,-381995633,-2005123117,-559842294,-582400432,235834323
3,6,0,10,10407,1808105445,-835238511,-641803922,-119427004,-869865827,1779875449
4,6,0,10,10407,234837246,-164912464,-134453142,-1257667781,199662963,1107766434
5,6,0,10,10407,-1746517853,-28226995,-508475355,995080357,-709648838,1982956927
6,6,0,10,10407,-215918270,1415245403,582990216,-1503487540,635950156,-1195792174
7,6,0,10,10407,1514928000,-940714217,-231851725,1474369524,454059349,1776131558
8,6,0,10,10407,1216215541,-886357464,323043237,-1040119316,-1145935488,1726069488
9,6,0,10,10407,-817672722,-1040027107,-778443588,219027155,977084442,1853257006
10,6,0,10,10407,251191479,-592142460,-1448393377,-2040913070,1807368709,2140386800
1,7,0,10,10407,736311683,-410116315,-1888743075,1520100769,-639829118,444341418
2,7,0,10,10407,1375703080,-924378550,345794410,1669976695,-2095370444,-973347035
3,7,0,10,10407,683414094,-900211009,-854191851,-430259952,-718537285,-591956635
4,7,0,10,10407,-324789605,-59838830,838220211,655896497,-1755385881,-1158168441
5,7,0,10,10407,816213045,1026086528,1265288873,-1624327466,-1160075535,1704726859
6,7,0,10,10407,-371344465,-1419849818,-30448002,-621042981,1460944218,1537389112
7,7,0,10,10407,-782278108,-1316148033,-1836769251,-1838716615,868106179,535676654
8,7,0,10,10407,-2042812112,-1442164262,-1398565369,-410934999,-261358950,-867394545
9,7,0,10,10407,-91011408,-2011424634,49828296,-474546184,851189253,1936392622
10,7,0,10,10407,2028836444,908234380,2024779698,1860003623,-1693383808,1188173411
1,8,0,10,10407,-1331821341,317943823,1755891643,-970819022,-1808077973,1325443453
2,8,0,10,10407,1036373557,234954259,881944291,562394855,-1711306733,1062173533
3,8,0,10,10407,740291284,1250011351,511616323,2039581162,-1482880828,-1516127654
4,8,0,10,10407,-1934623391,2016356884,-1787868580,433463538,-99048031,-158717921
5,8,0,10,10407,-1934621739,-1369244768,-1934899926,1439639579,-943078708,603327459
6,8,0,10,10407,2117295857,-1162242467,-1302178490,480851570,288253348,588087035
7,8,0,10,10407,815729140,670940562,-359698182,-1613404832,1095699831,-1116294570
8,8,0,10,10407,-834579263,311160091,195877719,1520133053,-1538704975,-1727809497
9,8,0,10,10407,1109279919,-970891205,119387913,-519489925,-2012824450,-624493843
10,8,0,10,10407,-860188509,-1897771309,-171972672,744982559,-1340628243,281658350
1,9,0,10,10407,-1212334740,-651441082,261852983,-410616734,-1522893176,874319933
2,9,0,10,10407,-446178243,-274458578,175294117,1963228211,1122783635,1737067323
3,9,0,10,10407,438667982,1996817097,1633394186,191881596,1742745708,1308180594
4,9,0,10,10407,-264430072,-654862815,-2061957586,-1013059825,1449294362,-801402075
5,9,0,10,10407,-1942619096,-439548056,-20836531,701562135,-792172199,1770457324
6,9,0,10,10407,439908791,-434165276,1194374877,2127458770,-524978111,922655633
7,9,0,10,10407,-416149554,-129095093,-661908048,2005975765,598546281,15236345
8,9,0,10,10407,-1823306923,-1849397921,-1108462304,-1816102717,937030949,-1933839692
9,9,0,10,10407,1914843219,-1205945017,-2015897895,-1472476197,1285595700,1905226126
10,9,0,10,10407,-692357585,728668188,-1433496297,-1055707733,-46228366,1336382612
1,10,0,10,10407,1137743766,-457420256,729602202,-355392657,516360149,8842636
2,10,0,10,10407,1435550028,411588225,14227576,-1541161303,-287457313,-1496462118
3,10,0,10,10407,-1177652385,-1224777891,-448117389,-1344146118,-267662653,-1955973294
4,10,0,10,10407,-108090532,-1377500928,2049013812,1946449163,45056298,-1058018422
5,10,0,10,10407,-1825992117,1375543682,-1703116514,-407283733,-1200097539,2092054377
6,10,0,10,10407,1306682894,1017943394,35550047,1744889162,21758223,-213319311
7,10,0,10,10407,-281548093,-1130664266,930624627,-1347087019,-298552561,-118562562
8,10,0,10,10407,1260312294,1702919464,-1029449032,-1561031840,-1521580747,-650847737
9,10,0,10,10407,-495559010,-1275924400,-1441504383,716540121,-1860205014,1827243740
10,10,0,10,10407,885398462,-683019134,1079141701,1520024328,2059584113,-11040686
1,1,1,10,10407,447487207,-1815089777,826256330,1633868046,48564407,-305974453
2,1,1,10,10407,-222051693,53543738,1243912423,795435826,1210485674,2129864859
3,1,1,10,10407,-2067615058,659666652,-1893686109,-1631877429,1192322144,1533484324
4,1,1,10,10407,-1337244168,-1136250353,1766627267,-1170057772,-1009143,-451954653
5,1,1,10,10407,-513118588,-844687777,-1295179795,1607566090,103376488,1027528851
6,1,1,10,10407,-579695753,-1581017491,342780779,1728102158,-1158874718,-174281173
7,1,1,10,10407,-1461348696,1387780768,576276465,1366539400,-141041888,-1641465212
8,1,1,10,10407,637568041,-56911769,736292235,-1062055783,-1058149050,-1193216444
9,1,1,10,10407,-1099355443,692794733,1904092518,-1529779594,-1288658309,-1853953101
10,1,1,10,10407,705267134,-1651630681,1791277861,1153998478,-1974136650,-1742258719
1,2,1,10,10407,-738220496,2080030708,1300988797,-1367313906,-1538576641,-741281529
2,2,1,10,10407,-1649710974,-978055706,665053219,-608790302,1140887471,466061060
3,2,1,10,10407,1068433564,2021236475,-714318467,-747199145,350644160,-526431677
4,2,1,10,10407,-1919320369,2045410684,11272743,1720241299,-905406273,385169500
5,2,1,10,10407,995841768,567026978,1166647948,1777947272,1641592003,1962114423
6,2,1,10,10407,-1954061136,-385190731,34859962,826961525,-45739295,-1751245682
7,2,1,10,10407,169420736,1914959011,570699212,-1154514375,1241718712,-1722847755
8,2,1,10,10407,1133250769,-812570390,-2066620733,-1419357913,804737944,-260214588
9,2,1,10,10407,974565571,-30029888,-559639986,-1429646793,-546686901,23783194
10,2,1,10,10407,-540228578,1648885339,892721284,1434908549,1121221040,1789189119
1,3,1,10,10407,-1179809784,2092616610,2042154978,1860019943,2086387853,1993619223
2,3,1,10,10407,483240747,556265927,1590441221,-1224515916,2085443385,-975143421
3,3,1,10,10407,-1182991399,-1719284434,1252223574,749780441,-1249843371,1509255834
4,3,1,10,10407,-450952300,1566186645,2103500196,769020,-713531306,755155941
5,3,1,10,10407,249724757,1335328985,-1058777567,1867270007,-1967488719,204119216
6,3,1,10,10407,-1550218643,-1756075193,1133846793,-1646565452,2010505367,1118521412
7,3,1,10,10407,-1742349578,-320408401,113181603,340231316,-209890344,-301312978
8,3,1,10,10407,469944665,1291441744,727064824,-814633963,-623387234,1335439976
9,3,1,10,10407,306109788,-594757050,-1922739552,-943475491,1278839974,-279552004
10,3,1,10,10407,2073926191,278659040,1635151895,-1644264081,1906643818,1333711892
1,4,1,10,10407,-1146213812,195159493,1347503267,-798947104,-715172867,-373385009
2,4,1,10,10407,1141238369,-2126391164,1988479452,18620417,-1919328251,-1256012533
3,4,1,10,10407,-804154173,1896888998,-472567309,-1884434185,-1900556169,1291018989
4,4,1,10,10407,-1911648752,-695323489,-1298737609,-1544201134,-1269356435,889896267
5,4,1,10,10407,1173982782,328509300,-407136418,410333942,1129051700,373863366
6,4,1,10,10407,-323695365,433323570,1913779217,951433311,-1397778107,-1484549335
7,4,1,10,10407,-60982290,-1729935145,-772705441,-524586804,577131499,-1234151870
8,4,1,10,10407,653181195,926092106,136478214,-982904067,-1365183544,-141060689
9,4,1,10,10407,-1087969762,346285358,1116184091,-845494220,-558330657,-1584110947
10,4,1,10,10407,1181156424,1662693687,-1572199537,1251780487,-1187147079,881551621
1,5,1,10,10407,1163611352,1875319680,-1888954396,-1163027306,1074497921,-1041770054
2,5,1,10,10407,819676641,-1867695237,-868728723,34997383,537366492,1714290503
3,5,1,10,10407,-1034408553,363989980,-1108696426,-236300265,-328352335,805174553
4,5,1,10,10407,-1001317216,146858456,-2026642577,-1110654457,-997664426,745794645
5,5,1,10,10407,1626121647,169425496,-171210992,252843770,43683133,-1761148532
6,5,1,10,10407,1608048387,-1681831206,-164077166,1687042161,530126226,1233554878
7,5,1,10,10407,647975618,-616542390,2127984737,-346287444,2141425750,952365623
8,5,1,10,10407,1005063248,-1995743787,-1716120439,-1353491601,1715599515,-1510476763
9,5,1,10,10407,1023374404,1750036921,-898059375,-1151974066,-255355556,1372739805
10,5,1,10,10407,-636755866,1564694947,819142441,-1646314854,1580156047,-883786831
1,6,1,10,10407,833403129,2110594712,351638871,47545188,1937477005,-1319362453
2,6,1,10,10407,-676647119,-1649638515,1734668812,-1211381367,-964992929,-583278178
3,6,1,10,10407,-500698131,-367638647,-1433078571,1404354015,1770774306,983206368
4,6,1,10,10407,-1799008126,-104798214,-296405219,-900791127,-560645416,-304785496
5,6,1,10,10407,1389419813,835876839,1537569113,-1889588106,-1810126596,1218000315
6,6,1,10,10407,-447333632,-683062495,-1018218714,-1063039049,1914906608,-49391508
7,6,1,10,10407,-873301015,-510530378,-1193274657,-496490537,-738609951,-2031408440
8,6,1,10,10407,1884448774,1831444121,-1257405699,-1815406477,103872396,-1404412196
9,6,1,10,10407,2120475341,1372678266,-383012551,653063975,-139073478,41484911
10,6,1,10,10407,1807490517,-405678048,-658626300,-1124601933,1741408214,-73079080
1,7,1,10,10407,-1577578811,620646504,1203601045,1624038399,-796990615,218595665
2,7,1,10,10407,748713698,1318161736,999370478,-399035494,-778921795,1015102581
3,7,1,10,10407,916200239,-1892679136,1587085455,2024261286,-853709030,913357225
4,7,1,10,10407,102710232,1835400986,-1728894220,-1051131861,-1690098012,348749456
5,7,1,10,10407,1623282595,88851343,-47356378,213813265,1431485950,-1271051341
6,7,1,10,10407,-967740353,-595870089,1385267378,-1555262068,-781694716,-672690773
7,7,1,10,10407,2101046543,119878073,-1703408155,-1932164562,932009841,-288289006
8,7,1,10,10407,820441250,-80811258,-1876087377,1375917070,-1348484206,-1522751787
9,7,1,10,10407,135451143,2086401452,176117407,-2061343907,241706084,874097500
10,7,1,10,10407,-785875712,-1215404435,31587914,498822041,1969045339,1300759679
1,8,1,10,10407,-705129505,332221607,-1514693970,-1890606906,1193386658,-1912276618
2,8,1,10,10407,-582653314,1863416938,2127702509,163898558,-2119769125,1758284691
3,8,1,10,10407,1559797544,1308122005,-2098777105,-2046472888,2137186962,-636175315
4,8,1,10,10407,-1141136240,7474931,1599636318,269892501,-1403471555,1708869197
5,8,1,10,10407,1458051055,-2087956538,1083728224,-430488005,1455416331,1283247898
6,8,1,10,10407,-1222162307,1551649092,1375403136,706230558,-484909178,-1544097274
7,8,1,10,10407,-501126075,-1344516462,1927026634,267941136,2005576252,-198040828
8,8,1,10,10407,-1023937854,1577148593,-1637024985,-1627090507,1878494397,-1586585137
9,8,1,10,10407,1848109438,-162498956,788753431,1240962812,-950822220,1628750424
10,8,1,10,10407,662816410,-1668755999,-978913381,2044221189,1177334139,1489691383
1,9,1,10,10407,-455913397,2075214441,-1216613390,-1750699376,-1883172527,642888774
2,9,1,10,10407,936576000,1464881261,1103331119,-1507820687,-1060385641,-566290836
3,9,1,10,10407,-544382995,27023007,698589130,-876933241,1940035279,-1267625971
4,9,1,10,10407,30536900,-835651499,-130278732,-780183099,-1404310321,185117925
5,9,1,10,10407,863934871,43201396,1493079003,1281783088,-1595058049,-544580169
6,9,1,10,10407,123688603,-360412985,-2019951258,1935283506,1699605836,-1194063858
7,9,1,10,10407,-820105481,1793059699,-2091106831,-1488193801,-1769635498,-526994175
8,9,1,10,10407,1272360588,2064343992,2051954322,560181950,1438306239,-598895870
9,9,1,10,10407,-972179540,-113621067,-1693840596,-49582857,567191284,-584101357
10,9,1,10,10407,-1064415140,-883320079,-1946413209,421240643,-1990425887,-1288376711
1,10,1,10,10407,-618592076,-866989608,-576598303,-486357231,1982271824,631853783
2,10,1,10,10407,-2121297770,-2133360793,-430106396,763001285,1194812546,141721264
3,10,1,10,10407,1417013512,2068390429,1070781181,-783603702,939290415,2061215127
4,10,1,10,10407,741537005,-1966019574,1873247241,-1098706925,-62245509,1695725652
5,10,1,10,10407,-729729351,1454488184,-659203447,-36820476,-1768006550,965489065
6,10,1,10,10407,299451581,-1953496846,-549330473,-345759017,1704206119,1659221698
7,10,1,10,10407,-1818218412,2096830088,1288595222,1533124030,789785976,606828188
8,10,1,10,10407,-1021680072,1406822738,-1239170371,-345438460,74829407,-786938047
9,10,1,10,10407,-1485953713,-1568511882,-174211545,2047135887,-852502047,193927974
10,10,1,10,10407,-1589266148,-1433401107,731357423,-164729343,-2012687119,-81099221
1,1,2,10,10407,-571092632,-2122180081,-693432728,-834187552,533044717,-1755348471
2,1,2,10,10407,-250681783,97872022,35394409,-1713642799,-554816426,1459993563
3,1,2,10,10407,1684839880,-419958441,-1526625735,-2045358824,-674165938,951450718
4,1,2,10,10407,-1274064617,991093896,-984520618,57196560,33528349,595790999
5,1,2,10,10407,-1199366068,-1349487629,2142160037,-1232351044,-955731580,-2015812179
6,1,2,10,10407,1928462546,1943372703,-1725594270,-1503628176,783494398,-398145920
7,1,2,10,10407,1444346053,-1141948172,1764813105,486394344,844135503,-1975203726
8,1,2,10,10407,1817875649,1828435674,204044189,-640517585,1142756455,-1819846436
9,1,2,10,10407,771717833,730858893,-353651581,626533517,1435052251,-1840598167
10,1,2,10,10407,1645780419,326795069,-1107154377,-1007812129,-442545051,984921403
1,2,2,10,10407,-1442361286,549148389,324425945,-1106346769,-1406765428,635726399
2,2,2,10,10407,966662896,736579389,989015711,-645798932,1217794152,-340549217
3,2,2,10,10407,1853454723,-1682605573,-2100238783,-46756086,-73095199,688771880
4,2,2,10,10407,484411376,-1774793661,-89896427,1054784945,343355403,-1182538976
5,2,2,10,10407,-329285642,1706526821,2074001025,-1552872358,-1318778737,701440224
6,2,2,10,10407,-745914536,1055458840,-567784002,-1060520654,-1326701512,-158519273
7,2,2,10,10407,2061436882,1379116754,-1526878780,1266763570,-241463301,-1476972630
8,2,2,10,10407,1968838644,448492956,1318281873,-826236813,-1249928518,-857053574
9,2,2,10,10407,2138652033,472821719,761000334,1527188221,2098998901,1514439430
10,2,2,10,10407,1266904467,-1075563597,160685669,1036727385,-191705651,587749369
1,3,2,10,10407,-1009162376,-88389015,277741937,721436302,1663361188,853499867
2,3,2,10,10407,-1267530931,16070884,-1617870118,1701913022,-1316866603,-1554388628
3,3,2,10,10407,-920711203,1471916770,322456446,1075508280,-904748176,1077443811
4,3,2,10,10407,938321478,918893292,-1202744081,368730116,-339529118,1852635645
5,3,2,10,10407,-1642435765,490226595,433369723,-1281689583,-1520266434,-2091371894
6,3,2,10,10407,-1851121061,1953488326,1911166547,-1705018114,1671742013,780162977
7,3,2,10,10407,-492099234,221719967,-992141433,1704517659,-591853718,510158503
8,3,2,10,10407,361581438,1541919831,-833749660,335958605,1856750496,-1956876343
9,3,2,10,10407,-417634893,69592408,-1650142952,-1732074890,669290129,-4340915
10,3,2,10,10407,-113850435,1117152021,909705631,-443601443,1231480487,176772030
1,4,2,10,10407,1129531593,-1388977307,2099213080,884822231,-641453758,1528163987
2,4,2,10,10407,427938436,-201565857,10286025,-1709532631,688627589,-1530746305
3,4,2,10,10407,2061459439,694980673,-192352883,-481969642,-1683240207,-1007235406
4,4,2,10,10407,2105674804,-1209164814,1706155996,283752478,-1932377748,-635117581
5,4,2,10,10407,-820277620,221236851,-2023486269,271855190,-1746851717,14089161
6,4,2,10,10407,552752086,642591642,-1293718547,593063020,1886192558,592893655
7,4,2,10,10407,697996349,1627966528,1027195151,1503754916,-1195672647,-903022659
8,4,2,10,10407,-1126489542,-925893006,-180494551,-741591274,-1221968535,1119043753
9,4,2,10,10407,-1020520461,-812159165,301349256,997883443,-735007199,-1243356322
10,4,2,10,10407,-902630944,1886371052,-1226581015,2127855023,-296956115,-1065744014
1,5,2,10,10407,843998986,-884631156,711741186,97421028,-457675360,-798514200
2,5,2,10,10407,135899182,-839202019,1498756888,1933085652,1049816757,801386697
3,5,2,10,10407,-213394203,1031338984,769044503,-435451641,-1281706522,294715876
4,5,2,10,10407,-275981956,-1814161790,-99549274,1634508105,2010053577,1198188226
5,5,2,10,10407,610256942,1128099316,-1990489161,-2030853621,2086042626,579054292
6,5,2,10,10407,-1728515403,344828916,-240539185,1834867609,834383097,2051932221
7,5,2,10,10407,614430617,1369478848,-1559110104,-539850506,-139717267,1196812767
8,5,2,10,10407,1071698589,975239414,-871507212,-2080371601,-1455148556,1121908128
9,5,2,10,10407,-1623924633,-224694225,-921885547,36371816,383146419,-161940541
10,5,2,10,10407,1259258178,-1099766910,-1541640547,175085128,-1266641762,-1564073102
1,6,2,10,10407,1382943624,1434130918,594907232,1243182546,-978888965,205743702
2,6,2,10,10407,909600609,1502138757,817867617,179595487,-488554540,1745960492
3,6,2,10,10407,-1379549090,-935380886,-2124563015,-1081787614,-1226819918,-713803224
4,6,2,10,10407,1108162001,1825236748,1429744686,-2001653147,-816584808,-6612911
5,6,2,10,10407,294066844,1166127195,53595715,-2093534011,-800520514,2056991177
6,6,2,10,10407,-186763133,-1603433377,-344050715,-879839681,1016353979,1056427797
7,6,2,10,10407,-891601568,2071603249,1487884665,-1864442569,1912757292,-1491518493
8,6,2,10,10407,-415337742,305252370,-1635320034,-1811573611,-1511205231,493575558
9,6,2,10,10407,-826919967,1754044315,-1842515329,-1633958296,1435392460,-1424470291
10,6,2,10,10407,1756129736,1852362627,130732565,766986152,-1416039451,1998641807
1,7,2,10,10407,351692208,-1922078289,495654104,1079332729,-1530809498,-235478568
2,7,2,10,10407,1855010994,-1478567125,-1340359960,194687940,-843944996,-1603600483
3,7,2,10,10407,-286640208,-2048134909,-816103535,-983363859,232229295,-1913310165
4,7,2,10,10407,-1922375099,-1203349486,-881814375,353187926,-1593606995,-1296602255
5,7,2,10,10407,-1941133751,-1890168370,-695108020,-270018366,292701005,-528666960
6,7,2,10,10407,-927855029,1783453415,-541320425,2127136375,1264909956,-1464347369
7,7,2,10,10407,-114174746,-13428291,-20642627,138959566,-1816639635,-1110963818
8,7,2,10,10407,2144522794,-1565856188,-1085461152,101122422,-1976470446,1642498383
9,7,2,10,10407,-1205625997,-1187992949,-201303464,-1550004251,25267034,1195944745
10,7,2,10,10407,-1630969099,-1902842783,-165763318,-998105579,-74803186,686466462
1,8,2,10,10407,-540389414,1946739118,1413544282,-1086350987,-532609556,1494092306
2,8,2,10,10407,-1624842511,99751021,-1922488045,864664736,-1933643917,602552580
3,8,2,10,10407,1049397519,1585927564,1162408150,2082036227,1243614435,-330924357
4,8,2,10,10407,-770899023,1563247663,-14545239,-319547787,1649259431,-852502403
5,8,2,10,10407,-153981207,883596780,-1605578416,1590483838,-281914357,-480326969
6,8,2,10,10407,-1709870584,1061851179,-1774665143,-1256698315,1802367580,1534211566
7,8,2,10,10407,881674701,-431519892,-1350560924,-330004224,-1882426506,-1836723300
8,8,2,10,10407,84587880,-1401151016,1378152733,860945597,-13840365,-1077264690
9,8,2,10,10407,-1197918170,-190769060,-1666099951,342046408,334662352,-306987778
10,8,2,10,10407,882599616,1858497645,1689722819,-1566209738,962786083,-1304887926
1,9,2,10,10407,1482563493,-1444958574,266481636,8533744,602148740,-1261298951
2,9,2,10,10407,-58464376,-1917465934,133488296,-2047994122,1918424225,-401548531
3,9,2,10,10407,-1059872874,-1984946336,1331083798,1634037260,-551251706,-690798082
4,9,2,10,10407,1421602975,-1909225955,2010681663,-1068228043,1849499627,152489975
5,9,2,10,10407,-1409255775,-527209593,-1544273038,-1556464997,894673355,1720220535
6,9,2,10,10407,616843603,2009080516,696860327,-1901167970,520522567,-1886713835
7,9,2,10,10407,-1277203204,1193475778,-364364567,1960356713,-1741887611,1583794638
8,9,2,10,10407,1803276092,-1414884389,265734462,-518470728,-285608037,1522073041
9,9,2,10,10407,-1634611741,1301806847,-401358164,861059619,500229235,-464542402
10,9,2,10,10407,925310508,294313013,-395353198,-2136306028,-2081418163,1182365178
1,10,2,10,10407,1781591265,-249559969,-1082450738,362146262,1078904605,-202088931
2,10,2,10,10407,519500114,-1408740525,587647401,1489029217,-454066850,-2104517803
3,10,2,10,10407,-1101271124,1491496658,-102450473,1373229405,-1134133898,-498199476
4,10,2,10,10407,509416650,1257917045,-1614938456,717450188,1285286443,-137464211
5,10,2,10,10407,-908058171,-475073901,1751145750,918872422,-536140339,-1682632573
6,10,2,10,10407,-1410313386,6301146,467491824,-1090318719,801922498,2207570
7,10,2,10,10407,839438195,1301791517,-749434244,-1591731133,1029146885,598628771
8,10,2,10,10407,165181606,1107588482,1269836676,-1856068559,-529892890,696931576
9,10,2,10,10407,-2145727833,1571997577,-1601156962,2136847540,-303034248,-1008576025
10,10,2,10,10407,1722276935,-577909415,1451544961,-555686462,-45677728,881422599
1,1,3,10,10407,-943972959,-1394636176,3187220,74753852,1380312648,-388648497
2,1,3,10,10407,2045433698,1439368945,-110435072,870796487,680704691,175062973
3,1,3,10,10407,2052797458,-1563283211,2132103710,852666801,1704008047,1055363086
4,1,3,10,10407,1062082519,1478551281,-969183685,1034783574,962423869,-2126543899
5,1,3,10,10407,754085781,1090048629,2070568018,299851607,492342333,-1118681916
6,1,3,10,10407,-1423190452,-1596105043,1952612740,1547049843,1139454480,1032912614
7,1,3,10,10407,1035032606,-1359419246,1018755631,-1061678386,-81696021,-909306921
8,1,3,10,10407,334489873,-51661311,-835114748,597349452,-897415546,749189219
9,1,3,10,10407,1332173476,-1796879063,2015700921,333991920,-1423415033,-1449907445
10,1,3,10,10407,-343308759,-842944588,1517504282,217880499,2136582009,1446272109
1,2,3,10,10407,-1454770884,-669145713,-1327727042,-1824574001,-1619211453,475057928
2,2,3,10,10407,692373755,332368540,2014706454,-342587005,-1051784019,1599607233
3,2,3,10,10407,-1261500015,1680469800,2131196594,-383902015,-1682101598,-138890902
4,2,3,10,10407,1694256667,-25501446,-1824311676,261273073,1015609019,-1983389079
5,2,3,10,10407,-382215827,1535706016,1696347275,205670101,1727886287,674487101
6,2,3,10,10407,-1177434499,483551413,-260317918,-1755961420,870888981,1105510534
7,2,3,10,10407,-26057342,961057594,-735096289,-187022358,-1931842089,-1318934737
8,2,3,10,10407,545734526,-1842800705,1915027569,-56813082,-1266398217,-713431109
9,2,3,10,10407,554390424,435941243,-556818275,-1078533958,-1248354662,834869853
10,2,3,10,10407,1519671971,538068663,194501154,288960372,-2060412650,-1167808441
1,3,3,10,10407,-1134689923,-674530675,628706037,-1225925012,-1499478617,92152036
2,3,3,10,10407,-1493905103,-1320550365,-638872971,1891126203,150201502,-603210260
3,3,3,10,10407,-76377983,1957916788,-1391533975,1120962276,-960636783,342570416
4,3,3,10,10407,-997583432,-1413798002,-1503818575,1187686201,190720449,1425660509
5,3,3,10,10407,-102969761,-904795945,-1068443283,1371149447,1737643270,-137285272
6,3,3,10,10407,-1820350264,-708882928,-1351306655,-587345542,-246596688,405771128
7,3,3,10,10407,1723390501,9744598,287971356,1161385956,1488931785,-17581708
8,3,3,10,10407,1643671940,-541643324,-2053669382,1755535467,-243469446,96936328
9,3,3,10,10407,-1804616168,-1727773525,138055802,1341911391,-909597978,-108844510
10,3,3,10,10407,-362854474,-890617412,-121840952,-802752310,133757221,532229836
1,4,3,10,10407,-1439111700,1854272764,485296117,431789485,901840628,-2039560779
2,4,3,10,10407,-1507988054,-1797427075,-1819839639,-1591229467,2044355158,708631610
3,4,3,10,10407,-2084073594,1745996607,1570028668,760236748,1540852472,-942045792
4,4,3,10,10407,891604816,-1513628549,-354732520,-444583576,1588497293,-873361856
5,4,3,10,10407,-1304357884,-882204467,1993208186,1175604151,38162241,114472493
6,4,3,10,10407,-1548211513,-1984024869,1777880610,-1054730396,-190858322,-955900978
7,4,3,10,10407,-940495749,1815986246,1450834352,-1198804291,1333881800,2125050505
8,4,3,10,10407,-1338196453,1208317418,933549044,1028902480,620457349,1472498670
9,4,3,10,10407,-814579088,978001681,1646816338,812169556,1148440735,81577504
10,4,3,10,10407,-2020985113,-897209449,2015326059,1420263223,1735240816,1198986155
1,5,3,10,10407,-1230404190,-1365417109,-2032607249,1617932333,2108109692,1384215216
2,5,3,10,10407,324302419,302467843,-995349287,-2010889681,-86417913,-443433063
3,5,3,10,10407,-1531570702,-1977423762,344062698,2142031814,-383049570,2080052667
4,5,3,10,10407,1318790878,1536632549,925138110,743041344,1865997132,-1706858498
5,5,3,10,10407,-1723508602,1116960798,1933550633,1747747438,170472328,1030039161
6,5,3,10,10407,-358413335,1208563942,-157211415,-305420561,1253442255,-1133693508
7,5,3,10,10407,1354946718,-1892473260,-1984899613,-937964578,-1120641275,1237852453
8,5,3,10,10407,-1855392053,670088254,1072708742,-686119298,-1333587158,-337088654
9,5,3,10,10407,505391380,-1489770273,-283667369,1998413574,-504977089,-661915456
10,5,3,10,10407,-1807042309,935258727,463969188,-42760436,-169271550,1642232523
1,6,3,10,10407,-75517556,233332565,1604219485,-60900871,-163575651,185183777
2,6,3,10,10407,248189189,-525459514,-269039639,1139084375,-1447606561,-1022679272
3,6,3,10,10407,-1769955788,660589971,893767613,-1973158307,-1437184886,206987333
4,6,3,10,10407,1721263287,-1361747759,-645302315,1046141629,-114310409,1249292233
5,6,3,10,10407,-1518217964,-1227143370,-335768432,141253781,1542930986,-135053641
6,6,3,10,10407,434392038,1374512098,-600256340,-1033933630,722588122,256832413
7,6,3,10,10407,2025770493,825255398,-257925103,1652902924,-458188988,-1900573282
8,6,3,10,10407,-304814660,-1119653272,-502612604,1593778932,1306047499,-1447920021
9,6,3,10,10407,-780820448,-983028594,695556384,1903687550,2055676857,1025057189
10,6,3,10,10407,1159339136,-990705969,-1292166641,996715119,-702095195,269347195
1,7,3,10,10407,593961951,-1950243869,-1091080121,-1055315710,-189710424,-126139540
2,7,3,10,10407,910284545,61605412,876360755,1602572521,-713710068,238339031
3,7,3,10,10407,-453898960,1933022446,1335243018,1048303489,-282724954,188412008
4,7,3,10,10407,1446665000,111466019,-104107123,-181213896,-1939513665,39117749
5,7,3,10,10407,252178076,396842347,961691259,572940373,1621634383,435276509
6,7,3,10,10407,-1066269780,1496138104,509537228,-1799140885,-2019447304,2083288465
7,7,3,10,10407,-811237625,-1374282755,-613791371,-1534659854,-1377337985,-1888312571
8,7,3,10,10407,-759648733,806983001,-2141800114,991308405,-274226027,255331803
9,7,3,10,10407,-320388550,1699565180,-559560681,-1151693349,30266740,1059258026
10,7,3,10,10407,197949449,1060802872,-1228303487,-1467947793,275687286,1247156890
1,8,3,10,10407,1387770653,-1124742174,-1292140671,-301210110,199761599,541758867
2,8,3,10,10407,1578935030,1485512623,173168371,-94332346,312009753,-672847085
3,8,3,10,10407,421374439,1621211811,338283732,799936080,1200913476,-2031582728
4,8,3,10,10407,1099273699,188219028,-868759241,1849443014,-955703568,-752051870
5,8,3,10,10407,757946978,-1571113707,-1793866922,656459814,266187801,-239806248
6,8,3,10,10407,24808176,2100455746,1132837357,1672719118,483135360,-341342484
7,8,3,10,10407,20233636,-206098252,-1906658408,-814994127,-1974201047,914277562
8,8,3,10,10407,-343234352,-1752026180,376667719,-122871053,-1220152791,-1932738760
9,8,3,10,10407,-1472004214,1839827560,506457163,1501930047,1664833807,2028929794
10,8,3,10,10407,787811740,-166497145,-1011799896,1179117135,798398783,-514537570
1,9,3,10,10407,401464562,696641274,-125940563,-1931564716,2110120033,495289961
2,9,3,10,10407,-486690189,-1968291472,-706723848,-1729082692,-979252186,-1318519378
3,9,3,10,10407,-1207719435,-1534450864,1096871247,-721622073,1427765148,-153690754
4,9,3,10,10407,-1669745719,-1249277705,1131154064,-1548721651,981052075,-2107266259
5,9,3,10,10407,602267678,-1452314798,-514008755,-157202633,750376562,-428929921
6,9,3,10,10407,-1036580243,-1563848997,1959426414,1613596537,1168299566,1408724989
7,9,3,10,10407,2032969013,-123402440,-1608773304,1187752582,-277784663,1354074415
8,9,3,10,10407,-594447582,52158463,-1942442902,798097253,-1162403394,741815787
9,9,3,10,10407,2080052313,-992082954,-1219268756,-1052418258,-1090292667,-286983906
10,9,3,10,10407,-692609977,1402063720,2131617139,2086938420,-403831394,1379598547
1,10,3,10,10407,-714972229,1270672041,-1844948300,1572582311,-1860904751,2026315267
2,10,3,10,10407,1962774705,1098211556,1190189482,369312238,-206539353,1270111531
3,10,3,10,10407,-878722907,-606945057,-498672257,-2061740598,-134142244,-440119994
4,10,3,10,10407,1263813317,-1023779295,611357573,311909487,1331834200,-1491423466
5,10,3,10,10407,844424733,-590332543,1766363304,-1673361020,974946018,828108387
6,10,3,10,10407,148106698,-206184439,-482295457,-1210142484,627193595,-2124524700
7,10,3,10,10407,108162602,203094205,-1927622560,-1485601110,-1974805316,1387265353
8,10,3,10,10407,1588250146,-949156979,-442051989,578341657,461769599,-1569318136
9,10,3,10,10407,-1912571318,955334986,-399946199,-206263295,267976907,-1839826360
10,10,3,10,10407,-1746267106,-499813384,-1011782444,-1098639547,-530624642,847070781
1,1,4,10,10407,1655988304,1707639956,580796760,571632882,-823618740,-941726907
2,1,4,10,10407,-1024420521,-537902563,1314816096,-1841897770,477996234,-185309832
3,1,4,10,10407,-1673502176,1864915649,-1272335596,62726776,-1323825262,931698176
4,1,4,10,10407,-1464085991,-841663913,1388281603,-1382187978,-563354015,-162249263
5,1,4,10,10407,915756436,1067872411,-2009141896,1305599018,590612382,1666631953
6,1,4,10,10407,70639944,-1693217269,328200167,-2100505322,-443861571,-1051618137
7,1,4,10,10407,1678550982,-1948801519,15044192,-102941160,-866037180,2126188479
8,1,4,10,10407,-1200713440,867828195,1769599992,1696046132,2052194157,-1168643046
9,1,4,10,10407,-2100392102,241210929,-1242723818,-667508760,1892807325,-1471140276
10,1,4,10,10407,287080390,2063304962,1548894531,-779438313,1347084187,-2035178786
1,2,4,10,10407,888873536,441961777,-820788021,1314095289,1008775934,500171540
2,2,4,10,10407,830837167,325608764,275895620,1724510395,-37464383,-218316528
3,2,4,10,10407,-2010351975,154978756,1870511868,1664074764,294411915,2029877471
4,2,4,10,10407,-1290815515,1404545027,-1238763045,1417231492,-193686776,-561867138
5,2,4,10,10407,-1747360988,1456983255,-2082033226,1927441438,-672524246,29773429
6,2,4,10,10407,-1389319996,-1541035690,-1133813407,1328945846,205270742,1557842044
7,2,4,10,10407,131230168,2034282146,1527277474,-1765809551,-1412974648,1940521240
8,2,4,10,10407,-1103476055,2045371439,-1610930024,1483696043,-641509282,1738483678
9,2,4,10,10407,-726488707,-123325038,805692084,1657808448,-544094898,1564102789
10,2,4,10,10407,-1052425963,1713963816,816099819,546367262,764985164,1405333343
1,3,4,10,10407,-1713096638,-910335229,-995737453,-395424555,-1328083669,-2088255744
2,3,4,10,10407,-852370902,473197061,-1908751046,-2058118534,-1477245350,-758784872
3,3,4,10,10407,-1065859190,468488345,-1480703785,-1108749435,-1791590260,1480426243
4,3,4,10,10407,1317816467,-1613600572,-1657524686,895973248,181857405,1999750058
5,3,4,10,10407,1955254128,-39174061,-383268783,-596068316,-1438842030,-23189912
6,3,4,10,10407,-1998231336,-453390262,1891581072,-4314506,1632082881,1317639115
7,3,4,10,10407,1599928451,-1153026469,-1159477283,-362206458,-600703579,951371443
8,3,4,10,10407,-1291271213,-2138045530,840692276,-676673293,-1978715394,-1996983370
9,3,4,10,10407,-1721398644,-902816288,1525322007,-224135669,-1814140703,-1652762257
10,3,4,10,10407,-308699846,795208880,-1983942063,896149973,-621200542,276548579
1,4,4,10,10407,-782644466,183444667,-121200780,942335607,-560964133,-127634303
2,4,4,10,10407,-2014292027,-148256769,993947970,-419991512,-1908958435,-754053370
3,4,4,10,10407,-222779495,1884969753,-1630045377,-628721980,35206770,1902170865
4,4,4,10,10407,1335007151,-1319718340,-184147400,-19044262,837372487,2032728928
5,4,4,10,10407,908031843,-222810857,-605496688,1788218817,1516647342,-480375842
6,4,4,10,10407,-65888971,1625082504,-360738348,-822033319,-1192281728,371773624
7,4,4,10,10407,1405196439,1645171292,-1017854212,1070018256,1847968970,1112983626
8,4,4,10,10407,-1337661477,1608994913,1558058115,-946633848,1878251735,-653626058
9,4,4,10,10407,-1927604496,608110230,1870702163,-1418307926,-2138373608,27714060
10,4,4,10,10407,1481447050,-319804109,-451531600,2081997787,-1821051171,180705722
1,5,4,10,10407,2138745452,272830149,-681682043,459325427,-1722568097,-791327101
2,5,4,10,10407,445477221,856382482,-879646849,1821665640,-636415385,50936557
3,5,4,10,10407,-50961289,1085107610,2024987321,1482712232,-680926934,740380962
4,5,4,10,10407,546673542,269323183,-1466761021,1858424529,-1638842215,194592624
5,5,4,10,10407,-1368139600,1965900635,905333850,-1872811578,2012650455,16546084
6,5,4,10,10407,-675642089,1553923988,1362543341,1172560435,-1717679545,-1324641896
7,5,4,10,10407,834292943,-1999564363,-1164928397,484633441,879426870,-1163004194
8,5,4,10,10407,1417182206,-1286873009,1483000348,-253222358,1495851615,1565494300
9,5,4,10,10407,573570597,-219510887,1964955599,1604139627,1067025304,-102300884
10,5,4,10,10407,986942800,1724566789,-1302350625,-1094865560,-541487321,-834086358
1,6,4,10,10407,1533913505,1996147372,712121238,-869864860,-27090540,-1686817741
2,6,4,10,10407,-985014687,1228709811,1143927618,-1301018762,1095078872,-2105851910
3,6,4,10,10407,-251239712,1410751982,-2137307204,-194266863,1468870791,1560220638
4,6,4,10,10407,-1923330804,-1355335348,356251396,2018045295,-1236864444,-1447568523
5,6,4,10,10407,-1160283066,-1394766707,-272113199,-1101841736,1965964621,1490971209
6,6,4,10,10407,-1213263948,-116747909,-401967655,1763198851,-1412598647,-1592645408
7,6,4,10,10407,-127273832,331525761,1215092453,-1809164750,-1374529166,-1825722238
8,6,4,10,10407,1773693755,-924662442,1739435597,604902942,-212637639,-1727387801
9,6,4,10,10407,-1856717229,591352009,-129313073,-1507705205,-143813499,-1613835864
10,6,4,10,10407,-1340914296,1356094225,1422597197,-1041736505,116873485,560106734
1,7,4,10,10407,966580583,-152427378,-900944522,186885356,-24053666,-1587666674
2,7,4,10,10407,-491256915,1016945139,-324777230,1488004767,1788776376,878577685
3,7,4,10,10407,434474978,-523831229,-2071605021,-1011114618,-1154049694,446627485
4,7,4,10,10407,26668871,2055732505,74166958,-1409173725,-128463707,-202817112
5,7,4,10,10407,-1721628865,1414498940,810090875,-1947803066,1370714391,-2127118267
6,7,4,10,10407,945013654,-608386041,1545866234,-1614275083,-1069406828,1361788199
7,7,4,10,10407,1212471974,-13799316,2075162977,-256824154,720508891,1691871410
8,7,4,10,10407,-1284734792,-1205679800,-1052965189,1160461288,1621520024,-676334342
9,7,4,10,10407,434145121,1340410154,786742417,1231670310,-1218771240,-1473401028
10,7,4,10,10407,2006840539,-1719830546,-183653877,681623091,1587821697,-193182028
1,8,4,10,10407,1452291134,605926539,1866343198,-1171138216,-32413878,-1099826873
2,8,4,10,10407,31911780,878717120,-1707643051,-1875410517,-2003751144,-958556789
3,8,4,10,10407,609409158,273902512,-2105277335,761338337,-2064331502,-890847530
4,8,4,10,10407,-908651133,358959315,399948400,-1565992231,-621356778,1520030605
5,8,4,10,10407,-1106823731,-1274608324,1019364202,-786901157,1401141114,1406569729
6,8,4,10,10407,770649256,-1869539350,1113051313,574017329,-1582852321,1438919496
7,8,4,10,10407,1959629749,-879764902,942263959,-210479132,-35340329,-1189759639
8,8,4,10,10407,756501096,-1870368502,1153608707,-1152473852,-1831604297,1852936745
9,8,4,10,10407,-836612561,2039158777,1727301286,702123843,-1697450536,-1107703573
10,8,4,10,10407,1569862827,85592855,-1754092102,-425891217,-247952900,706509374
1,9,4,10,10407,-425102391,-838152790,1292125829,-706647454,1443698102,402547939
2,9,4,10,10407,-958438734,1246948944,-1260754659,1760569896,183323222,144061231
3,9,4,10,10407,366504818,819943014,-53729877,1992749282,-342279518,-32466271
4,9,4,10,10407,1383814043,635108613,-1801594635,529766624,-196847613,-1050683130
5,9,4,10,10407,-3158863,-1896559462,1703396725,-288270377,-1759563732,-1922341255
6,9,4,10,10407,1055645160,560450030,782748365,-163247032,1510662344,186700859
7,9,4,10,10407,-919030000,-2073843434,-1764530697,359495420,-565631973,-557376947
8,9,4,10,10407,1155436146,-347345236,-527260401,107810809,1563535646,-127331822
9,9,4,10,10407,-1775749112,-1494758089,333921017,-1212851439,-326967200,1874105438
10,9,4,10,10407,-826533557,-1711320485,1835596063,-50994725,-2021609538,-1488040447
1,10,4,10,10407,-1069823275,-1957217589,-143482454,-147258739,-108651664,2133542731
2,10,4,10,10407,-1820252945,1464625409,1515471004,-727381294,1879569653,-956831972
3,10,4,10,10407,-198312891,-1276674580,917376193,-1239051959,-1458656965,1157409497
4,10,4,10,10407,681881608,1915154688,-458037557,-288113927,-129525918,1256001803
5,10,4,10,10407,-1680960012,-269835802,1402295230,-662099364,1433977591,1303987512
6,10,4,10,10407,630324856,1106267211,-486143638,-515106270,-2012467373,-463513448
7,10,4,10,10407,-596575347,-1893733419,-22211495,-629447674,692408510,728248060
8,10,4,10,10407,-1674931209,-1408621575,2086177209,-1042616201,-220802571,-1468633161
9,10,4,10,10407,262436737,620587596,-609890153,-433063664,-45947120,485192248
10,10,4,10,10407,551419724,1561777808,15952798,-615456099,-668452011,-1982807042
1,1,5,10,10407,-757950632,1888660129,1559336102,837500970,-1321218971,-1476041730
2,1,5,10,10407,-1963134973,2128658523,-764041191,1647630804,2013054345,-1083648389
3,1,5,10,10407,-1940893189,-314875546,-1889741111,-419239796,-1081376244,1194057695
4,1,5,10,10407,-1346862099,-578233460,314334891,-2045492785,-315627539,1072232553
5,1,5,10,10407,424198424,-428148793,-1062255919,-709594261,1986105309,294776786
6,1,5,10,10407,192537478,-962874735,-782535812,-1039027955,-1110642663,568069158
7,1,5,10,10407,405420820,-238958110,1071196682,1567881515,-1733574922,1811642883
8,1,5,10,10407,-1437786973,-1475367497,-1474657925,561632066,-144806029,383595605
9,1,5,10,10407,-364951934,1361736079,933358119,1008659201,-1924460135,-1281354830
10,1,5,10,10407,-986636924,-613193565,280238421,1090705638,2071580597,-1070189061
1,2,5,10,10407,449656287,-188134373,1791187096,-736352803,-1873654179,-824018197
2,2,5,10,10407,-1698094235,-122530401,-1203261813,1612110307,-1400896369,-146648901
3,2,5,10,10407,-1170068328,695629613,-318249802,1370787392,-1059905793,-795780440
4,2,5,10,10407,-552891388,-1749933409,-1838712568,-1027965289,936686402,1785154778
5,2,5,10,10407,-381955055,667024806,-5841330,72581978,1649723113,-2132021706
6,2,5,10,10407,-837368435,-1378505604,1462898299,1981125016,-783829085,-56351459
7,2,5,10,10407,1970884905,457039631,-553382776,-1136374712,1699472553,638996685
8,2,5,10,10407,-1727785611,-225593049,1420517044,-1120412860,-992619357,775217404
9,2,5,10,10407,922411703,-1156341088,172628159,-2145190917,314719023,1482114840
10,2,5,10,10407,883842269,691691082,1057709955,228804908,1611606852,1441071843
1,3,5,10,10407,132392787,2117575933,468400725,-1029190956,-1176660016,-1206043384
2,3,5,10,10407,-1652073385,-30109082,-641834559,1195723302,88382030,-985042072
3,3,5,10,10407,32199830,-1558898520,339476483,1612915852,-945954122,-130367925
4,3,5,10,10407,1570309868,1686524909,1318502289,-818613837,1480475674,1614468650
5,3,5,10,10407,-1155237218,-1926622647,111728990,977329160,-1163222613,1002898395
6,3,5,10,10407,366601704,-607595710,-125719323,1654634122,1373568852,-2017418190
7,3,5,10,10407,1351568003,-225709707,1836368702,1428942420,1287147931,1736925717
8,3,5,10,10407,-207196739,-1827834205,1563740429,647942066,-1328621209,-44228692
9,3,5,10,10407,1018499116,1895120044,1872605215,706743596,-1555020083,-434071229
10,3,5,10,10407,758264769,-70003420,1412565065,-735454050,-952665157,1884200919
1,4,5,10,10407,-1827161272,1470867953,456089547,1900379683,802246669,-1983167579
2,4,5,10,10407,1662886745,-1613528537,-2125363319,-1563484908,1832152705,-1176430979
3,4,5,10,10407,-2085931721,2099893912,-1342732430,1980224880,-22993883,729652131
4,4,5,10,10407,-832469308,-1648397162,7523331,1630094350,891680981,-624128674
5,4,5,10,10407,-162981811,709830449,-1059311950,-2046118862,981877332,715358338
6,4,5,10,10407,-474864458,2039889851,-1435067318,1386252072,1175124855,1121159164
7,4,5,10,10407,-662555007,-876985890,1003796683,1368394825,-727215665,173945758
8,4,5,10,10407,1454868781,-1384755027,-1808171530,1680555792,145507061,35011298
9,4,5,10,10407,449654099,-1068530715,-1389325874,1726959069,-317922395,290852634
10,4,5,10,10407,-2093468991,-140783187,457274867,107438244,26760751,1492466337
1,5,5,10,10407,-2057235464,489426731,360433032,-1810921029,31433010,1339710225
2,5,5,10,10407,419908734,-1056466218,-2055132989,472705058,-1696036292,1981512382
3,5,5,10,10407,1448459017,198794986,188919637,514876103,-1628977749,-1410351222
4,5,5,10,10407,-1212714207,-821757425,2006168460,-1896648241,-216990695,-2052708430
5,5,5,10,10407,-1076827978,1408281551,-379606882,-1490410494,1380210510,1583837755
6,5,5,10,10407,1184350320,1043852943,663662166,-808057723,-643859914,977722975
7,5,5,10,10407,654351520,1588074757,1213021927,751672303,-1315410836,180485478
8,5,5,10,10407,227368821,913135781,-1474525941,1107877339,174287079,-5268383
9,5,5,10,10407,2117820562,-666581307,500577691,-142016608,340968391,1361810200
10,5,5,10,10407,-1078518399,-2023531697,2008823381,1750721505,-2043716988,1513900045
1,6,5,10,10407,1579396944,1021346941,1506784580,1622668185,1100750814,-285120674
2,6,5,10,10407,368944174,690232351,65201321,1597176429,1857954919,1915598384
3,6,5,10,10407,601002734,-1660954344,2035534345,-1390906633,599092158,-308050669
4,6,5,10,10407,1417435687,-659599629,1726959531,1351257744,-1759808575,7450532
5,6,5,10,10407,1162272961,368736624,-1821947903,-908639334,81333220,-1574839508
6,6,5,10,10407,-325204057,-450527547,1780687640,397709433,-2048795773,624007427
7,6,5,10,10407,-1604151381,1429117849,-104935720,587287081,1884677550,-246087541
8,6,5,10,10407,1449778779,65955874,1187479568,1431465918,-1789154509,-506734216
9,6,5,10,10407,1477796,1277493193,1915415733,-950910339,1518390326,-1645907695
10,6,5,10,10407,1163504524,1334500884,462692416,1379952123,-1219330820,-1519520396
1,7,5,10,10407,-440915255,1071619398,1408084294,-508997674,-1519634922,1634679122
2,7,5,10,10407,-1584758329,-1292726673,-445673932,-382446343,877421975,-202004385
3,7,5,10,10407,1223787842,-1514683266,453610745,969914721,1835815573,-1504764426
4,7,5,10,10407,1686780809,1311679252,-1580801418,231058562,874714870,-945438335
5,7,5,10,10407,415752824,-1589181600,-1665736618,-728309419,-1910699421,-747420105
6,7,5,10,10407,987398599,-1356657111,1513663820,1887884244,834854325,-2142184500
7,7,5,10,10407,-1833406464,1493979782,1181811072,1585519924,-1094467681,-228520332
8,7,5,10,10407,1338925874,2110009313,-713564334,1096515766,1068940402,-199552472
9,7,5,10,10407,888656896,2086307715,766646124,568263357,-1254951378,-854733789
10,7,5,10,10407,-362957411,1403546309,2077254177,-801758087,-22273566,791844983
1,8,5,10,10407,-315597810,-2063678622,-1592496121,-278293734,-330961813,353303048
2,8,5,10,10407,-1380615483,434836472,1240085321,416699261,-1895885546,-563684212
3,8,5,10,10407,-170423919,-1962959044,367660515,-1451184629,-2060880470,877622216
4,8,5,10,10407,-443527378,-285131489,-37248504,-245194830,-819940376,586694252
5,8,5,10,10407,1371930245,1756704981,-1825141477,-101965041,-1284574863,1088554358
6,8,5,10,10407,591545323,2084225910,-114765762,1118277701,-60574361,1623928924
7,8,5,10,10407,1030781336,-687809379,749889863,-124358080,328958375,-1042629919
8,8,5,10,10407,1600213817,-269131733,338553930,-2107206307,417732354,-526711063
9,8,5,10,10407,-1802576466,2013110259,1472034514,-39610839,-1529219096,-10026492
10,8,5,10,10407,1212301624,712440918,959545206,-2008167240,32542549,-1520040206
1,9,5,10,10407,-1921599070,1844318689,276950461,-549430114,317358173,-1000952635
2,9,5,10,10407,-1098437807,-1755705233,927461991,1453936686,-1530527548,1541899871
3,9,5,10,10407,2101872817,-496960878,-598978617,-2038476620,63946653,954027520
4,9,5,10,10407,532532721,-280771479,-299335827,-1147111336,-24360931,-309454170
5,9,5,10,10407,1784529762,-149605602,1122031340,348984130,2077420260,-841940571
6,9,5,10,10407,462925295,-1502382245,1442699632,1787101626,1178838731,-1464739202
7,9,5,10,10407,-792974354,-189340316,-1789686387,464311356,284748706,-525472171
8,9,5,10,10407,-1941613509,1319863058,81185807,-1742675367,1348336936,-1320833975
9,9,5,10,10407,1954189562,1567949944,-773896945,1993436390,-560614717,-41881628
10,9,5,10,10407,-1864507340,-1814553042,-388729475,-1733883517,-939186475,-2108614807
1,10,5,10,10407,1853488524,-1960545881,-962925426,1878439829,1728372790,-78987924
2,10,5,10,10407,371871486,-391235484,1187154219,-1214503902,1919578063,910076140
3,10,5,10,10407,-1464644990,919449971,746237655,1258463098,-1432480376,-2093792325
4,10,5,10,10407,1851564858,1299578689,150499205,-2126451689,-1518987869,-1775838527
5,10,5,10,10407,1198067479,1462200069,1825898796,-1856114242,1371708374,135017083
6,10,5,10,10407,1890915582,1835926226,1762438211,677736158,763058705,-1912417327
7,10,5,10,10407,-160492070,-1156860496,1562804549,-51158799,-854869418,597193678
8,10,5,10,10407,85471139,755699938,959141806,1692064662,-285715743,2099664610
9,10,5,10,10407,182086676,-739067684,-1525797444,-1057753176,2054070228,1512830696
10,10,5,10,10407,-1421826615,-1383372313,-1088273421,-1681471120,-556628942,1111950458
